date,open,high,low,close,volume
2005-01-03,1149.0,1159.800048828125,1125.199951171875,1143.3499755859375,389143.0
2005-01-04,1157.0,1157.0,1125.550048828125,1130.699951171875,295295.0
2005-01-05,1120.0,1134.0,1070.0,1089.0999755859375,307656.0
2005-01-06,1099.9000244140625,1125.0,1035.050048828125,1072.75,152978.0
2005-01-07,1096.6500244140625,1108.9000244140625,1050.0999755859375,1096.699951171875,98142.0
2005-01-10,1076.0,1124.0,1076.0,1095.300048828125,106558.0
2005-01-11,1076.0,1129.9000244140625,1076.0,1101.800048828125,163555.0
2005-01-12,1100.0,1104.9000244140625,1076.0,1080.6500244140625,110249.0
2005-01-13,1092.0,1120.0,1085.0,1106.5999755859375,105171.0
2005-01-14,1050.0999755859375,1149.9000244140625,1049.0,1072.300048828125,217283.0
2005-01-17,1052.050048828125,1084.9000244140625,1008.0,1059.699951171875,182020.0
2005-01-18,1085.0,1100.0,1050.25,1090.449951171875,149366.0
2005-01-19,1050.300048828125,1084.0,1015.0499877929688,1021.9500122070312,216663.0
2005-01-20,1022.25,1041.1500244140625,1002.0,1032.0999755859375,176261.0
2005-01-24,1032.0999755859375,1032.0999755859375,1032.0999755859375,1032.0999755859375,0.0
2005-01-25,1011.0,1019.7999877929688,985.0,1007.25,220206.0
2005-01-27,1010.0,1014.4500122070312,1001.0,1004.4500122070312,155836.0
2005-01-28,1009.0,1060.0,1005.0499877929688,1041.449951171875,222922.0
2005-01-31,1055.0,1068.9000244140625,1035.0,1039.199951171875,77314.0
2005-02-01,1045.0,1071.0,1026.3499755859375,1046.9000244140625,130580.0
2005-02-02,1026.0,1059.800048828125,1026.0,1036.0,167349.0
2005-02-03,1040.0,1066.800048828125,1037.1500244140625,1060.3499755859375,161374.0
2005-02-04,1070.0,1084.0,1055.5,1077.0999755859375,102751.0
2005-02-07,1089.9000244140625,1089.9000244140625,1065.0,1065.8499755859375,47697.0
2005-02-08,1089.800048828125,1089.800048828125,1050.3499755859375,1069.75,73184.0
2005-02-09,1063.1500244140625,1084.0,1063.1500244140625,1073.0,62372.0
2005-02-10,1099.0,1099.0,1060.1500244140625,1070.800048828125,51697.0
2005-02-11,1079.9000244140625,1090.0,1064.0,1086.699951171875,134524.0
2005-02-14,1087.5,1099.0,1070.050048828125,1078.9000244140625,67635.0
2005-02-15,1106.0,1106.0,1065.0,1068.300048828125,76526.0
2005-02-16,1071.0,1071.0,1035.25,1045.9000244140625,114923.0
2005-02-17,1045.0,1049.949951171875,1027.0,1038.0,60397.0
2005-02-18,1040.0,1052.0,1035.0,1037.0,62620.0
2005-02-21,1040.0,1044.8499755859375,1027.0,1027.75,71581.0
2005-02-22,1032.0,1054.800048828125,1027.3499755859375,1051.199951171875,109748.0
2005-02-23,1054.800048828125,1057.0,1031.1500244140625,1040.0999755859375,84480.0
2005-02-24,1046.3499755859375,1046.3499755859375,1002.25,1013.0499877929688,209815.0
2005-02-25,1043.5,1043.5,1012.1500244140625,1019.5999755859375,181247.0
2005-02-28,1015.0499877929688,1039.3499755859375,1010.0,1033.4000244140625,170304.0
2005-03-01,1042.0,1050.0,1023.0,1044.1500244140625,71569.0
2005-03-02,1027.0999755859375,1050.0,1024.0,1044.449951171875,90181.0
2005-03-03,1045.199951171875,1092.3499755859375,1041.5,1089.449951171875,143476.0
2005-03-04,1092.3499755859375,1109.0,1072.0999755859375,1102.199951171875,183858.0
2005-03-07,1106.0999755859375,1132.0,1090.0,1109.8499755859375,89126.0
2005-03-08,1105.0,1115.0,1082.9000244140625,1088.9000244140625,75352.0
2005-03-09,1091.1500244140625,1100.0,1081.25,1095.8499755859375,73383.0
2005-03-10,1095.8499755859375,1095.8499755859375,1095.8499755859375,1095.8499755859375,0.0
2005-03-11,1110.0,1128.0,1098.0,1122.25,225607.0
2005-03-14,1123.5,1123.5,1091.199951171875,1109.4000244140625,90430.0
2005-03-15,1098.0,1110.0,1084.0,1089.0,65941.0
2005-03-16,1085.0,1096.949951171875,1075.0999755859375,1092.8499755859375,39218.0
2005-03-17,1092.8499755859375,1092.8499755859375,1092.8499755859375,1092.8499755859375,0.0
2005-03-18,1076.0999755859375,1087.0,1056.25,1077.5999755859375,67117.0
2005-03-21,1084.800048828125,1084.800048828125,1056.0,1060.5999755859375,59344.0
2005-03-22,1062.0,1064.699951171875,1051.5,1059.9000244140625,59638.0
2005-03-23,1060.0,1060.0,1033.1500244140625,1038.1500244140625,104452.0
2005-03-24,1027.050048828125,1041.800048828125,1011.5,1020.5,48278.0
2005-03-28,1010.0,1042.0,1010.0,1021.5,112766.0
2005-03-29,1089.9000244140625,1089.9000244140625,1010.2000122070312,1018.5999755859375,36447.0
2005-03-30,1020.0,1039.9000244140625,1010.0,1030.949951171875,89167.0
2005-03-31,1035.0,1098.0,1030.0,1082.0999755859375,245543.0
2005-04-01,1083.0,1095.0,1053.5999755859375,1089.3499755859375,142713.0
2005-04-04,1095.0,1096.0,1060.0,1064.5999755859375,54481.0
2005-04-05,1064.0,1094.5,1057.0999755859375,1085.5,113703.0
2005-04-06,1094.4000244140625,1094.4000244140625,1064.050048828125,1068.1500244140625,65694.0
2005-04-07,1078.949951171875,1078.949951171875,1033.0,1037.6500244140625,155669.0
2005-04-08,1041.050048828125,1069.0,1041.050048828125,1055.699951171875,32134.0
2005-04-11,1055.699951171875,1055.699951171875,1055.699951171875,1055.699951171875,0.0
2005-04-12,1064.5999755859375,1084.0,1061.550048828125,1079.8499755859375,54474.0
2005-04-13,1074.0,1090.0,1069.0,1085.5,76806.0
2005-04-15,1048.0999755859375,1083.0,1048.0999755859375,1072.300048828125,91049.0
2005-04-18,1070.0,1073.949951171875,1060.0,1070.4000244140625,153943.0
2005-04-19,1070.0,1072.0,1050.050048828125,1060.800048828125,55846.0
2005-04-20,1060.0,1082.0,1050.199951171875,1080.0,73213.0
2005-04-21,1068.0,1084.5,1068.0,1081.449951171875,27951.0
2005-04-22,1061.0,1084.0,1061.0,1080.1500244140625,80871.0
2005-04-25,1094.949951171875,1094.949951171875,1064.050048828125,1072.3499755859375,19084.0
2005-04-26,1072.0,1085.0,1067.25,1081.699951171875,44871.0
2005-04-27,1076.0,1095.0,1070.3499755859375,1090.699951171875,86431.0
2005-04-28,1084.0,1104.050048828125,1080.0999755859375,1096.4000244140625,214810.0
2005-04-29,1092.0999755859375,1092.0999755859375,1075.0,1082.699951171875,139848.0
2005-05-02,1080.0,1108.0,1079.0,1104.4000244140625,96948.0
2005-05-03,1110.0,1124.0,1086.050048828125,1091.449951171875,165299.0
2005-05-04,1109.800048828125,1109.800048828125,1081.25,1089.6500244140625,107329.0
2005-05-05,1097.0,1117.5,1095.0,1110.1500244140625,86482.0
2005-05-06,1065.0999755859375,1121.0,1020.0,1114.8499755859375,86485.0
2005-05-09,1125.0,1132.0,1102.550048828125,1122.800048828125,77209.0
2005-05-10,1116.0,1127.75,1116.0,1121.0999755859375,73930.0
2005-05-11,1125.0,1134.5,1101.0,1125.0999755859375,248458.0
2005-05-12,1142.0,1149.0,1121.5,1140.199951171875,123830.0
2005-05-13,1145.0,1145.0,1131.5999755859375,1140.300048828125,36559.0
2005-05-16,1137.0,1195.0,1137.0,1190.25,107324.0
2005-05-17,1172.0,1189.0,1165.0,1176.449951171875,195001.0
2005-05-18,1176.449951171875,1176.449951171875,1176.449951171875,1176.449951171875,0.0
2005-05-19,1185.25,1239.699951171875,1185.25,1223.699951171875,198696.0
2005-05-20,1230.0,1237.0,1210.3499755859375,1216.1500244140625,105817.0
2005-05-23,1214.0,1229.9000244140625,1200.0,1215.199951171875,39903.0
2005-05-24,1190.0,1225.0,1190.0,1207.699951171875,304603.0
2005-05-25,1206.0,1227.75,1206.0,1213.550048828125,187972.0
2005-05-26,1206.0,1250.0,1190.0999755859375,1232.3499755859375,541319.0
2005-05-27,1232.3499755859375,1232.3499755859375,1232.3499755859375,1232.3499755859375,0.0
2005-05-30,1211.0,1236.0,1208.0,1229.300048828125,151727.0
2005-05-31,1230.0,1238.0,1210.25,1230.550048828125,90288.0
2005-06-01,1230.0,1264.800048828125,1230.0,1254.699951171875,211820.0
2005-06-02,1260.0,1269.699951171875,1256.0,1262.5,198810.0
2005-06-03,1262.5,1262.5,1262.5,1262.5,0.0
2005-06-06,1280.0,1290.0,1260.0,1282.449951171875,80363.0
2005-06-07,1275.550048828125,1295.0,1270.199951171875,1289.1500244140625,62158.0
2005-06-08,1285.0999755859375,1289.949951171875,1246.1500244140625,1261.449951171875,124764.0
2005-06-09,1268.0,1286.0,1261.0,1270.199951171875,106221.0
2005-06-10,1280.0,1280.0,1234.5,1239.6500244140625,86331.0
2005-06-14,1217.0,1243.0,1217.0,1236.0,131018.0
2005-06-15,1210.0999755859375,1243.0,1191.0999755859375,1227.9000244140625,43646.0
2005-06-16,1225.0,1267.699951171875,1220.0,1251.5,124418.0
2005-06-17,1241.1500244140625,1261.0,1230.0999755859375,1254.050048828125,38068.0
2005-06-20,1260.0,1265.0,1250.0999755859375,1255.050048828125,95331.0
2005-06-21,1252.25,1253.9000244140625,1238.0,1248.0999755859375,66271.0
2005-06-22,1246.0999755859375,1280.0,1246.0,1270.4000244140625,216951.0
2005-06-23,1265.0,1350.0,1262.050048828125,1312.8499755859375,339544.0
2005-06-24,1295.0,1325.0,1295.0,1319.199951171875,196564.0
2005-06-27,1302.0,1336.9000244140625,1302.0,1324.4000244140625,150948.0
2005-06-28,1330.0,1338.0,1318.0,1330.75,271598.0
2005-06-29,1318.0,1365.0,1281.0999755859375,1352.949951171875,229182.0
2005-06-30,1350.0,1394.9000244140625,1350.0,1383.5999755859375,536649.0
2005-07-01,1383.5999755859375,1383.5999755859375,1383.5999755859375,1383.5999755859375,0.0
2005-07-04,1356.0,1400.0,1356.0,1379.949951171875,144875.0
2005-07-05,1370.050048828125,1389.9000244140625,1370.0,1374.25,90478.0
2005-07-06,1375.0,1386.0,1352.0,1362.3499755859375,37839.0
2005-07-07,1352.0,1374.0,1340.0,1345.800048828125,52668.0
2005-07-08,1365.0,1370.0,1320.0,1341.5999755859375,113492.0
2005-07-11,1360.0,1401.0,1350.0,1398.050048828125,206992.0
2005-07-12,1398.050048828125,1398.050048828125,1398.050048828125,1398.050048828125,0.0
2005-07-13,1392.5999755859375,1396.0,1365.0,1380.5999755859375,131714.0
2005-07-14,1390.0,1394.449951171875,1360.0,1370.5999755859375,170027.0
2005-07-15,1371.050048828125,1393.0,1371.050048828125,1389.5999755859375,134480.0
2005-07-18,1393.0,1429.0,1385.0,1424.800048828125,111277.0
2005-07-19,1425.0,1430.0,1240.0,1404.1500244140625,96793.0
2005-07-20,1377.0,1414.949951171875,1359.0,1398.9000244140625,98210.0
2005-07-21,1380.0,1400.0,1375.550048828125,1380.0,92604.0
2005-07-22,1381.050048828125,1385.0,1362.25,1375.5999755859375,131196.0
2005-07-25,1362.25,1420.0,1352.0,1395.6500244140625,94416.0
2005-07-26,1400.0,1429.699951171875,1380.0,1417.1500244140625,120821.0
2005-07-27,1407.0,1430.0,1365.300048828125,1416.1500244140625,95875.0
2005-07-28,1416.1500244140625,1416.1500244140625,1416.1500244140625,1416.1500244140625,0.0
2005-07-29,1414.0,1457.0,1410.0,1449.0999755859375,289706.0
2005-08-01,1509.9000244140625,1509.9000244140625,1438.0,1446.25,371211.0
2005-08-02,1448.0,1474.699951171875,1430.199951171875,1467.0999755859375,240997.0
2005-08-03,1456.0,1548.0,1456.0,1514.699951171875,315005.0
2005-08-04,1516.699951171875,1541.0,1495.0999755859375,1527.1500244140625,265872.0
2005-08-05,1520.0,1520.0,1456.0,1478.550048828125,210985.0
2005-08-08,1478.0,1490.0,1425.550048828125,1434.9000244140625,85722.0
2005-08-09,1438.0,1448.0,1425.0,1435.0,103022.0
2005-08-10,1425.0,1436.0,1405.0,1412.300048828125,146204.0
2005-08-11,1434.199951171875,1460.0,1411.0999755859375,1427.3499755859375,175169.0
2005-08-12,1435.0,1435.0,1371.0999755859375,1393.300048828125,125712.0
2005-08-16,1419.0,1424.0,1400.199951171875,1408.5,90178.0
2005-08-17,1410.0,1457.0,1401.0,1453.0,106579.0
2005-08-18,1455.0,1479.949951171875,1416.5999755859375,1421.75,84746.0
2005-08-19,1425.0,1444.0,1417.0,1421.8499755859375,25366.0
2005-08-22,1443.0,1444.0,1395.0999755859375,1406.9000244140625,22525.0
2005-08-23,1406.9000244140625,1406.9000244140625,1406.9000244140625,1406.9000244140625,0.0
2005-08-24,1364.949951171875,1370.0,1340.0,1345.8499755859375,140783.0
2005-08-25,1347.0,1414.0,1325.0,1406.3499755859375,130286.0
2005-08-26,1392.300048828125,1422.0,1368.0999755859375,1412.550048828125,95263.0
2005-08-29,1422.0,1438.0,1360.0,1375.800048828125,76874.0
2005-08-30,1400.0,1410.0,1370.0,1379.3499755859375,50809.0
2005-08-31,1371.0,1426.1500244140625,1371.0,1412.4000244140625,54600.0
2005-09-01,1426.1500244140625,1465.0,1425.0,1457.550048828125,155373.0
2005-09-02,1461.0,1509.9000244140625,1461.0,1503.0,1416375.0
2005-09-05,1509.800048828125,1514.0,1478.800048828125,1489.949951171875,55437.0
2005-09-06,1492.6500244140625,1495.0,1465.5,1468.949951171875,53834.0
2005-09-08,1470.5999755859375,1549.0,1470.5999755859375,1537.0999755859375,213762.0
2005-09-09,1540.0,1569.800048828125,1528.25,1551.4000244140625,129239.0
2005-09-12,1560.0,1594.9000244140625,1532.0,1588.550048828125,114564.0
2005-09-13,1588.550048828125,1654.0,1545.0,1634.800048828125,195270.0
2005-09-14,1637.8499755859375,1676.0,1631.0,1649.4000244140625,126682.0
2005-09-15,1641.1500244140625,1666.0,1631.0999755859375,1635.25,72244.0
2005-09-16,1654.0,1662.0,1621.0,1645.550048828125,83368.0
2005-09-19,1662.0,1699.75,1650.0,1678.4000244140625,92481.0
2005-09-20,1692.0,1692.0,1650.0,1660.5999755859375,52193.0
2005-09-21,1660.5999755859375,1660.5999755859375,1660.5999755859375,1660.5999755859375,0.0
2005-09-22,1650.0,1677.0,1601.0,1624.6500244140625,88033.0
2005-09-23,1640.0,1646.0,1602.1500244140625,1612.9000244140625,82351.0
2005-09-26,1646.0,1664.0,1616.050048828125,1628.8499755859375,120684.0
2005-09-27,1635.0,1669.0,1626.1500244140625,1656.800048828125,189028.0
2005-09-28,1677.0,1678.0,1636.6500244140625,1649.0999755859375,135288.0
2005-09-29,1670.0,1676.0,1651.0999755859375,1662.800048828125,262311.0
2005-09-30,1662.800048828125,1715.0,1650.0,1694.300048828125,390650.0
2005-10-03,1715.0,1779.800048828125,1705.0999755859375,1768.0999755859375,271070.0
2005-10-04,1768.0999755859375,1834.800048828125,1760.0,1805.5999755859375,195090.0
2005-10-05,1810.0,1818.949951171875,1770.300048828125,1779.9000244140625,124900.0
2005-10-06,1751.0,1779.9000244140625,1717.0,1725.5999755859375,276370.0
2005-10-07,1760.0,1762.699951171875,1711.050048828125,1733.0,186909.0
2005-10-10,1748.0,1755.0,1725.0,1735.949951171875,69085.0
2005-10-11,1736.0,1765.0,1712.0,1754.4000244140625,81452.0
2005-10-13,1730.050048828125,1760.4000244140625,1726.1500244140625,1744.800048828125,197033.0
2005-10-14,1730.0,1742.0,1680.0,1694.0,205985.0
2005-10-17,1710.0,1808.9000244140625,1710.0,1787.199951171875,422168.0
2005-10-18,1798.0,1826.0,1751.25,1771.8499755859375,232643.0
2005-10-19,1771.0,1771.0,1725.0,1735.9000244140625,164195.0
2005-10-20,1739.0,1780.300048828125,1693.0,1721.199951171875,254056.0
2005-10-21,1749.0,1758.800048828125,1715.0,1737.0999755859375,289740.0
2005-10-24,1758.800048828125,1817.0,1748.0,1797.5,228041.0
2005-10-25,1797.5,1805.949951171875,1763.25,1793.1500244140625,153087.0
2005-10-26,1789.0,1792.0,1755.25,1765.550048828125,83875.0
2005-10-27,1769.0,1772.0,1695.0,1714.25,262801.0
2005-10-28,1725.0,1725.0,1650.0,1660.449951171875,186681.0
2005-10-31,1674.5,1725.0,1660.0,1707.199951171875,55378.0
2005-11-02,1726.1500244140625,1769.0,1720.0,1753.050048828125,190468.0
2005-11-04,1753.050048828125,1753.050048828125,1753.050048828125,1753.050048828125,0.0
2005-11-07,1725.0,1777.0,1725.0,1767.050048828125,119349.0
2005-11-08,1775.0,1830.0,1761.0,1819.4000244140625,215950.0
2005-11-09,1776.0999755859375,1874.0,1776.0999755859375,1841.8499755859375,170559.0
2005-11-10,1845.0,1856.0,1785.199951171875,1801.550048828125,147936.0
2005-11-11,1815.0,1880.699951171875,1805.0,1869.800048828125,213103.0
2005-11-14,1877.0,1899.0,1861.25,1882.300048828125,178812.0
2005-11-16,1880.0,1902.0999755859375,1860.0,1897.550048828125,98492.0
2005-11-17,1900.0,1944.0,1894.0,1934.6500244140625,221992.0
2005-11-18,1930.699951171875,2024.0,1927.050048828125,2001.0,604312.0
2005-11-21,2010.0,2070.89990234375,1983.0,2049.800048828125,319671.0
2005-11-22,2006.0999755859375,2082.0,2006.0999755859375,2054.10009765625,340953.0
2005-11-23,2020.0,2070.0,2020.0,2064.60009765625,158673.0
2005-11-24,2080.0,2118.89990234375,2055.10009765625,2066.0,183584.0
2005-11-25,2066.0,2090.0,2051.0,2064.949951171875,140054.0
2005-11-28,2060.39990234375,2137.64990234375,2060.39990234375,2117.14990234375,232381.0
2005-11-29,2060.39990234375,2150.0,2060.39990234375,2071.14990234375,213169.0
2005-11-30,2060.39990234375,2094.89990234375,2005.0,2009.949951171875,297110.0
2005-12-01,2013.0,2034.800048828125,1991.199951171875,2018.800048828125,277587.0
2005-12-02,2029.0,2040.0,1970.050048828125,1983.300048828125,217541.0
2005-12-05,2034.9000244140625,2034.9000244140625,1982.0,2000.0999755859375,195861.0
2005-12-06,2000.0999755859375,2020.0,1962.0999755859375,1986.699951171875,107618.0
2005-12-07,2000.0,2000.0,1980.0999755859375,1990.5999755859375,80264.0
2005-12-08,2000.0,2025.0,1985.550048828125,2015.25,158902.0
2005-12-09,2025.0,2089.89990234375,2020.0,2081.800048828125,216604.0
2005-12-12,2085.0,2148.0,2085.0,2116.300048828125,186311.0
2005-12-13,2121.0,2134.0,2075.0,2113.699951171875,166034.0
2005-12-14,2125.0,2157.0,2105.60009765625,2117.449951171875,147548.0
2005-12-15,2146.0,2165.0,2075.0,2081.35009765625,79689.0
2005-12-16,2084.0,2139.0,2075.0,2118.050048828125,123971.0
2005-12-19,2139.0,2139.0,2096.0,2105.449951171875,100522.0
2005-12-20,2115.0,2120.0,2080.0,2082.89990234375,59447.0
2005-12-21,2099.0,2118.0,2070.0,2088.35009765625,83605.0
2005-12-22,2100.0,2110.0,2065.0,2099.0,54967.0
2005-12-23,2109.0,2137.050048828125,2075.0,2080.5,76232.0
2005-12-26,2075.0,2075.0,2013.0,2020.449951171875,69061.0
2005-12-27,2020.0,2048.0,2013.0,2042.6500244140625,87071.0
2005-12-28,2033.0,2058.5,1987.0,1998.25,117930.0
2005-12-29,2000.0,2014.4000244140625,1985.0,1999.8499755859375,378761.0
2005-12-30,2014.4000244140625,2030.0,1991.199951171875,2001.0999755859375,85133.0
2006-01-02,2016.0,2020.0,1985.0,2004.75,92973.0
2006-01-03,1986.0,2028.25,1986.0,2016.25,136846.0
2006-01-04,2010.0,2059.5,2010.0,2050.89990234375,104756.0
2006-01-05,2059.5,2100.0,2056.0,2069.39990234375,214496.0
2006-01-06,2067.0,2090.0,2021.550048828125,2046.6500244140625,182332.0
2006-01-09,2049.0,2068.5,2043.0,2053.050048828125,215491.0
2006-01-10,2021.550048828125,2070.0,2010.0,2023.800048828125,104030.0
2006-01-12,2020.0,2029.949951171875,1980.25,1998.4000244140625,134951.0
2006-01-13,2000.0,2045.0,1996.0,2013.199951171875,288970.0
2006-01-16,2025.0,2039.9000244140625,2015.0,2021.1500244140625,133545.0
2006-01-17,2021.1500244140625,2021.1500244140625,2021.1500244140625,2021.1500244140625,0.0
2006-01-18,2001.0,2029.9000244140625,1974.0,2017.8499755859375,123712.0
2006-01-19,2029.9000244140625,2042.0,2018.0,2037.0999755859375,97434.0
2006-01-20,2037.0999755859375,2037.0999755859375,2037.0999755859375,2037.0999755859375,0.0
2006-01-23,2041.4000244140625,2064.0,2041.4000244140625,2050.800048828125,75060.0
2006-01-24,2058.0,2085.550048828125,2040.0,2079.35009765625,127878.0
2006-01-25,2085.550048828125,2165.0,2078.5,2146.300048828125,321477.0
2006-01-27,2160.0,2221.0,2146.300048828125,2207.050048828125,244918.0
2006-01-30,2220.0,2235.0,2167.0,2174.89990234375,117770.0
2006-01-31,2175.0,2209.89990234375,2150.050048828125,2154.64990234375,155703.0
2006-02-01,2160.0,2207.0,2146.0,2161.10009765625,93808.0
2006-02-02,2166.199951171875,2185.89990234375,2125.0,2143.449951171875,208701.0
2006-02-03,2167.0,2167.0,2077.25,2140.949951171875,103451.0
2006-02-06,2150.0,2212.0,2130.0,2191.60009765625,162327.0
2006-02-07,2205.0,2210.0,2163.0,2181.949951171875,76404.0
2006-02-08,2210.0,2237.949951171875,2150.10009765625,2208.550048828125,161213.0
2006-02-10,2207.10009765625,2234.550048828125,2175.0,2215.25,200391.0
2006-02-13,2233.10009765625,2238.0,2210.199951171875,2221.35009765625,159723.0
2006-02-14,2225.0,2356.0,2223.0,2301.449951171875,702699.0
2006-02-15,2320.0,2432.5,2315.0,2416.10009765625,496986.0
2006-02-16,2415.0,2450.0,2351.550048828125,2376.800048828125,350950.0
2006-02-17,2399.0,2449.699951171875,2390.0,2400.39990234375,325422.0
2006-02-20,2440.0,2440.0,2351.550048828125,2413.5,134886.0
2006-02-21,2413.5,2413.5,2413.5,2413.5,0.0
2006-02-22,2525.199951171875,2599.89990234375,2510.39990234375,2544.75,443147.0
2006-02-23,2560.0,2688.0,2541.050048828125,2622.14990234375,666105.0
2006-02-24,2624.0,2645.0,2572.050048828125,2583.64990234375,385828.0
2006-02-27,2583.300048828125,2630.10009765625,2526.35009765625,2562.550048828125,383739.0
2006-02-28,2572.0,2624.0,2540.050048828125,2601.25,280263.0
2006-03-01,2599.0,2749.0,2585.10009765625,2719.699951171875,589482.0
2006-03-02,2700.0,2756.0,2700.0,2723.0,277772.0
2006-03-03,2743.0,2809.89990234375,2700.0,2708.0,425033.0
2006-03-06,2740.0,2788.0,2720.0,2727.64990234375,205812.0
2006-03-07,2740.0,2781.0,2720.199951171875,2727.85009765625,164798.0
2006-03-08,2727.0,2756.0,2651.550048828125,2680.60009765625,284919.0
2006-03-09,2714.699951171875,2714.699951171875,2640.0,2666.300048828125,235642.0
2006-03-10,2690.0,2780.0,2677.10009765625,2757.35009765625,288203.0
2006-03-13,2767.39990234375,2834.89990234375,2750.0,2813.75,298269.0
2006-03-14,2826.199951171875,2859.0,2792.0,2801.5,252096.0
2006-03-16,2808.39990234375,2825.0,2784.0,2810.60009765625,195891.0
2006-03-17,2810.0,2824.0,2770.0,2779.699951171875,117280.0
2006-03-20,2798.0,2813.0,2751.199951171875,2757.300048828125,228779.0
2006-03-21,2760.0,2783.0,2675.10009765625,2700.35009765625,435541.0
2006-03-22,2710.0,2735.0,2652.25,2681.75,388985.0
2006-03-23,2699.0,2747.699951171875,2692.0,2735.14990234375,291330.0
2006-03-24,2736.0,2763.0,2712.550048828125,2739.85009765625,179360.0
2006-03-27,2735.0,2757.949951171875,2701.0,2731.550048828125,155373.0
2006-03-28,2738.0,2768.0,2725.0,2731.199951171875,188850.0
2006-03-29,2731.199951171875,2731.199951171875,2731.199951171875,2731.199951171875,0.0
2006-03-30,2730.0,2748.0,2680.0,2698.800048828125,176068.0
2006-03-31,2680.0,2774.800048828125,2680.0,2746.25,365333.0
2006-04-03,2774.800048828125,2840.0,2774.800048828125,2819.550048828125,180791.0
2006-04-04,2840.0,2841.0,2780.0,2800.0,102845.0
2006-04-05,2825.0,2877.699951171875,2812.0,2855.5,168654.0
2006-04-07,2857.0,2890.0,2775.0,2814.25,265458.0
2006-04-10,2830.0,2838.89990234375,2799.949951171875,2817.25,118412.0
2006-04-12,2817.25,2817.25,2817.25,2817.25,0.0
2006-04-13,2790.0,2799.89990234375,2621.0,2717.25,375611.0
2006-04-17,2750.199951171875,2780.0,2710.0,2766.39990234375,101106.0
2006-04-18,2725.0,3020.0,2725.0,3001.75,732853.0
2006-04-19,3000.0,3039.699951171875,2921.5,2946.10009765625,393012.0
2006-04-20,2950.0,3050.0,2903.300048828125,2980.550048828125,284134.0
2006-04-21,3000.0,3015.0,2935.0,2973.5,146318.0
2006-04-24,2980.0,2989.0,2910.0,2936.300048828125,90366.0
2006-04-25,2920.0,2936.0,2820.0,2832.449951171875,173755.0
2006-04-26,2875.0,2960.0,2860.10009765625,2953.10009765625,225836.0
2006-04-27,2940.0,3024.699951171875,2925.0,2928.050048828125,294173.0
2006-04-28,2928.050048828125,2928.050048828125,2928.050048828125,2928.050048828125,0.0
2006-05-02,3040.0,3129.0,3030.0,3119.39990234375,375751.0
2006-05-03,3125.0,3150.0,3001.14990234375,3132.10009765625,173099.0
2006-05-04,3150.0,3170.0,3066.10009765625,3085.14990234375,111637.0
2006-05-05,3120.0,3129.949951171875,3078.0,3111.85009765625,74901.0
2006-05-08,3129.949951171875,3162.0,3111.0,3130.35009765625,71242.0
2006-05-09,3158.75,3215.0,3087.0,3166.449951171875,196886.0
2006-05-10,3202.0,3250.0,3180.0,3190.800048828125,246775.0
2006-05-11,3177.0,3228.0,3135.050048828125,3145.89990234375,83599.0
2006-05-12,3135.050048828125,3200.050048828125,3106.0,3159.449951171875,94208.0
2006-05-15,3169.0,3178.0,3002.0,3039.35009765625,213805.0
2006-05-16,3045.0,3188.0,2910.0,3141.64990234375,167156.0
2006-05-17,3150.0,3325.0,3145.0,3269.25,359162.0
2006-05-18,3201.10009765625,3201.10009765625,2965.0,3004.949951171875,287263.0
2006-05-19,3077.0,3215.0,2640.0,2949.25,489386.0
2006-05-22,3009.0,3090.0,2780.0,2870.89990234375,360999.0
2006-05-23,2810.10009765625,2990.0,2605.0,2976.60009765625,328995.0
2006-05-24,2980.0,2985.0,2801.10009765625,2851.300048828125,446824.0
2006-05-25,2801.10009765625,2840.0,2702.0,2782.300048828125,457962.0
2006-05-26,2840.0,2990.0,2810.10009765625,2919.75,271966.0
2006-05-29,2944.89990234375,2978.699951171875,2850.0,2867.35009765625,155942.0
2006-05-30,2867.35009765625,2895.89990234375,2801.0,2836.85009765625,116514.0
2006-05-31,2836.85009765625,2836.85009765625,2836.85009765625,2836.85009765625,0.0
2006-06-01,2794.0,2819.0,2554.699951171875,2617.39990234375,335836.0
2006-06-02,2620.0,2764.5,2565.0,2720.800048828125,222540.0
2006-06-05,2738.0,2738.0,2631.0,2677.300048828125,256809.0
2006-06-06,2660.0,2660.0,2530.5,2602.89990234375,134164.0
2006-06-07,2600.0,2666.0,2501.300048828125,2554.800048828125,188489.0
2006-06-08,2480.0,2520.0,2325.0,2376.0,184167.0
2006-06-09,2339.89990234375,2500.0,2305.0,2484.800048828125,133145.0
2006-06-12,2480.0,2505.449951171875,2300.0,2368.35009765625,108497.0
2006-06-13,2300.0,2300.0,2074.10009765625,2246.550048828125,492278.0
2006-06-14,2300.0,2460.0,2076.0,2284.699951171875,228836.0
2006-06-15,2284.699951171875,2284.699951171875,2284.699951171875,2284.699951171875,0.0
2006-06-16,2284.699951171875,2284.699951171875,2284.699951171875,2284.699951171875,0.0
2006-06-19,2650.0,2730.0,2580.5,2725.0,234159.0
2006-06-20,2700.0,2700.0,2575.25,2618.85009765625,198006.0
2006-06-21,2645.0,2648.0,2550.10009765625,2620.14990234375,120171.0
2006-06-22,2648.0,2817.0,2610.0,2637.64990234375,114893.0
2006-06-23,2612.0,2719.800048828125,2560.0,2692.25,139705.0
2006-06-26,2705.0,2705.0,2576.0,2600.39990234375,167518.0
2006-06-27,2600.0,2635.0,2505.050048828125,2585.949951171875,193369.0
2006-06-28,2507.0,2700.0,2507.0,2691.60009765625,160898.0
2006-06-29,2700.0,2723.5,2595.0,2629.14990234375,272421.0
2006-06-30,2710.0,2765.0,2680.0,2748.75,203029.0
2006-07-03,2765.0,2834.75,2710.300048828125,2742.75,150715.0
2006-07-04,2799.0,2799.0,2736.0,2763.64990234375,122034.0
2006-07-05,2745.0,2815.0,2736.0,2805.800048828125,159706.0
2006-07-06,2775.0,2790.0,2740.14990234375,2766.300048828125,89722.0
2006-07-07,2785.0,2799.0,2715.0,2743.10009765625,155985.0
2006-07-10,2715.0,2799.699951171875,2676.0,2785.199951171875,146191.0
2006-07-11,2797.25,2805.0,2738.25,2769.64990234375,164050.0
2006-07-12,2740.0,2775.0,2675.050048828125,2746.050048828125,204180.0
2006-07-13,2751.0,2783.89990234375,2691.050048828125,2713.64990234375,214336.0
2006-07-14,2680.0,2680.0,2600.0,2642.800048828125,356062.0
2006-07-17,2630.0,2650.0,2512.5,2521.89990234375,221327.0
2006-07-18,2521.89990234375,2561.0,2476.0,2484.0,207618.0
2006-07-19,2518.300048828125,2550.0,2380.5,2389.85009765625,175830.0
2006-07-20,2434.89990234375,2524.89990234375,2434.89990234375,2502.449951171875,178980.0
2006-07-21,2489.0,2489.0,2420.199951171875,2456.25,94226.0
2006-07-24,2456.0,2489.14990234375,2353.0,2475.199951171875,231995.0
2006-07-25,2490.050048828125,2538.89990234375,2480.0,2495.14990234375,89239.0
2006-07-26,2496.0,2501.75,2467.0,2498.449951171875,142846.0
2006-07-27,2510.0,2590.0,2490.10009765625,2546.10009765625,276658.0
2006-07-28,2543.0,2559.89990234375,2450.0,2471.550048828125,210138.0
2006-07-31,2501.5,2515.0,2450.0,2462.199951171875,91735.0
2006-08-01,2463.0,2510.0,2450.0,2474.550048828125,199941.0
2006-08-02,2450.25,2554.0,2450.25,2540.85009765625,166370.0
2006-08-03,2540.85009765625,2540.85009765625,2540.85009765625,2540.85009765625,0.0
2006-08-04,2580.0,2634.0,2580.0,2615.25,193428.0
2006-08-07,2601.0,2618.39990234375,2575.0,2581.949951171875,140949.0
2006-08-08,2598.85009765625,2680.0,2594.0,2653.35009765625,100014.0
2006-08-09,2663.0,2698.39990234375,2625.0,2683.300048828125,137361.0
2006-08-10,2680.0,2700.0,2585.0,2628.39990234375,157631.0
2006-08-11,2644.0,2680.0,2630.0,2651.39990234375,95322.0
2006-08-14,2669.0,2790.0,2656.050048828125,2784.75,261649.0
2006-08-16,2770.0,2833.75,2735.0,2741.85009765625,148048.0
2006-08-17,2791.0,2799.89990234375,2704.0,2721.800048828125,223959.0
2006-08-18,2744.0,2774.050048828125,2691.0,2706.75,107167.0
2006-08-21,2709.10009765625,2779.39990234375,2670.0,2771.0,134461.0
2006-08-22,2781.0,2799.0,2740.10009765625,2759.800048828125,108434.0
2006-08-23,2750.0,2754.89990234375,2675.0,2686.39990234375,126843.0
2006-08-24,2679.0,2719.0,2651.10009765625,2696.800048828125,142022.0
2006-08-25,2720.89990234375,2770.0,2693.0,2745.199951171875,238918.0
2006-08-28,2745.0,2775.89990234375,2715.0,2723.0,89068.0
2006-08-29,2748.89990234375,2773.0,2695.0,2720.39990234375,152771.0
2006-08-30,2746.89990234375,2747.0,2675.0,2689.60009765625,173933.0
2006-08-31,2700.0,2715.0,2667.14990234375,2695.89990234375,237318.0
2006-09-01,2690.60009765625,2798.75,2685.0,2789.449951171875,247130.0
2006-09-04,2798.75,2838.0,2798.75,2833.85009765625,180189.0
2006-09-05,2840.0,2858.0,2809.0,2825.10009765625,95554.0
2006-09-06,2830.0,2849.89990234375,2780.0,2834.0,84191.0
2006-09-07,2811.0,2825.0,2762.0,2774.39990234375,168605.0
2006-09-08,2770.0,2810.0,2762.0,2781.800048828125,133520.0
2006-09-11,2790.0,2800.0,2690.5,2698.050048828125,120299.0
2006-09-12,2700.0,2719.449951171875,2671.0,2710.14990234375,125795.0
2006-09-13,2720.0,2789.0,2720.0,2773.800048828125,203177.0
2006-09-14,2795.0,2837.699951171875,2782.14990234375,2825.949951171875,228381.0
2006-09-15,2840.0,2840.0,2768.10009765625,2793.5,235753.0
2006-09-18,2785.10009765625,2819.949951171875,2760.0,2793.35009765625,165203.0
2006-09-19,2805.0,2809.89990234375,2737.199951171875,2758.89990234375,136324.0
2006-09-20,2736.0,2805.0,2735.10009765625,2799.050048828125,128488.0
2006-09-21,2805.0,2905.0,2805.0,2894.85009765625,357667.0
2006-09-22,2875.0,2944.89990234375,2850.10009765625,2916.800048828125,299190.0
2006-09-25,2916.800048828125,2921.0,2853.050048828125,2860.89990234375,150763.0
2006-09-26,2878.0,2920.0,2867.0,2912.25,171277.0
2006-09-27,2905.0,2945.0,2905.0,2938.0,174493.0
2006-09-28,2950.0,2961.699951171875,2876.35009765625,2922.199951171875,156934.0
2006-09-29,2930.0,3018.0,2920.14990234375,2996.39990234375,245633.0
2006-10-03,3048.60009765625,3058.0,3016.300048828125,3028.14990234375,336399.0
2006-10-04,3041.0,3119.0,3022.199951171875,3087.5,344035.0
2006-10-05,3099.0,3135.0,3090.0,3105.699951171875,199955.0
2006-10-06,3105.0,3119.89990234375,3081.10009765625,3099.85009765625,112534.0
2006-10-09,3095.0,3110.949951171875,3073.0,3090.449951171875,62026.0
2006-10-10,3110.949951171875,3110.949951171875,3061.0,3068.39990234375,68094.0
2006-10-11,3089.0,3094.39990234375,3030.199951171875,3069.949951171875,170492.0
2006-10-12,3066.5,3164.300048828125,3041.10009765625,3150.949951171875,155266.0
2006-10-13,3163.0,3187.0,3110.0,3122.449951171875,187664.0
2006-10-16,3130.0,3150.0,3078.0,3104.89990234375,146161.0
2006-10-17,3130.0,3138.0,3085.0,3118.60009765625,138983.0
2006-10-18,3124.0,3145.0,2876.0,2899.550048828125,1326050.0
2006-10-19,2948.800048828125,2948.800048828125,2776.199951171875,2789.800048828125,982497.0
2006-10-20,2819.0,2849.699951171875,2730.199951171875,2744.0,443216.0
2006-10-23,2765.0,2834.449951171875,2740.0,2818.949951171875,463065.0
2006-10-26,2820.0,2830.0,2742.0,2751.75,653808.0
2006-10-27,2777.0,2786.0,2756.300048828125,2774.75,207412.0
2006-10-30,2770.0,2821.0,2755.050048828125,2799.449951171875,176635.0
2006-10-31,2800.0,2809.89990234375,2740.0,2748.0,393698.0
2006-11-01,2778.0,2778.0,2731.0,2741.75,547499.0
2006-11-02,2734.89990234375,2798.0,2728.0,2780.050048828125,346516.0
2006-11-03,2799.699951171875,2852.0,2772.550048828125,2838.75,370667.0
2006-11-06,2848.0,2848.0,2780.10009765625,2801.39990234375,196038.0
2006-11-07,2820.0,2847.699951171875,2712.0,2722.14990234375,378642.0
2006-11-08,2750.0,2750.0,2615.0,2631.85009765625,599786.0
2006-11-09,2640.10009765625,2663.5,2595.10009765625,2604.10009765625,346852.0
2006-11-10,2620.0,2620.0,2585.0,2596.699951171875,307701.0
2006-11-13,2610.0,2648.0,2590.0,2597.25,190729.0
2006-11-14,2615.0,2619.800048828125,2556.0,2598.64990234375,258437.0
2006-11-15,2602.0,2634.0,2590.10009765625,2607.64990234375,265670.0
2006-11-16,2618.89990234375,2620.0,2578.050048828125,2588.75,138624.0
2006-11-17,2600.0,2600.0,2542.300048828125,2559.39990234375,179608.0
2006-11-20,2550.0,2574.949951171875,2530.10009765625,2564.10009765625,233476.0
2006-11-21,2575.0,2608.0,2574.0,2582.550048828125,239426.0
2006-11-22,2580.0,2618.35009765625,2580.0,2599.050048828125,254525.0
2006-11-23,2606.0,2661.0,2599.0,2640.199951171875,235383.0
2006-11-24,2645.0,2685.0,2621.0,2630.14990234375,370242.0
2006-11-27,2649.89990234375,2667.0,2627.64990234375,2656.10009765625,128221.0
2006-11-28,2649.800048828125,2658.0,2610.0,2640.5,78493.0
2006-11-29,2650.0,2702.0,2645.14990234375,2675.75,241972.0
2006-11-30,2682.39990234375,2996.800048828125,2625.0,2646.449951171875,346533.0
2006-12-01,2664.0,2754.0,2660.199951171875,2743.5,408718.0
2006-12-04,2750.0,2775.0,2730.0,2750.64990234375,122578.0
2006-12-05,2756.0,2768.0,2705.0,2719.35009765625,128421.0
2006-12-06,2712.0,2748.449951171875,2687.14990234375,2710.949951171875,213549.0
2006-12-07,2711.0,2719.89990234375,2680.10009765625,2705.25,92254.0
2006-12-08,2705.25,2716.89990234375,2630.300048828125,2643.5,130026.0
2006-12-11,2650.0,2650.0,2502.25,2600.14990234375,285689.0
2006-12-12,2560.0,2590.0,2480.0,2527.75,316954.0
2006-12-13,2565.0,2610.0,2475.0,2554.64990234375,229429.0
2006-12-14,2580.199951171875,2600.949951171875,2545.0,2570.949951171875,162345.0
2006-12-15,2587.0,2589.550048828125,2561.0,2571.75,205694.0
2006-12-18,2589.550048828125,2590.89990234375,2525.0,2554.60009765625,190080.0
2006-12-19,2555.0,2628.39990234375,2525.0,2547.5,235083.0
2006-12-20,2588.0,2588.0,2500.0,2504.64990234375,196068.0
2006-12-21,2500.0,2570.0,2500.0,2552.699951171875,148500.0
2006-12-22,2568.39990234375,2598.949951171875,2550.0,2593.449951171875,108880.0
2006-12-26,2582.75,2656.89990234375,2582.75,2643.050048828125,126285.0
2006-12-27,2656.89990234375,2679.0,2645.550048828125,2658.35009765625,116441.0
2006-12-28,2665.0,2674.89990234375,2611.10009765625,2625.89990234375,293008.0
2006-12-29,2642.0,2648.64990234375,2601.5,2619.14990234375,80283.0
2007-01-02,2648.64990234375,2772.14990234375,2632.0,2742.050048828125,230247.0
2007-01-03,2789.89990234375,2850.0,2750.0,2844.0,481560.0
2007-01-04,2845.0,2850.0,2795.550048828125,2806.449951171875,239276.0
2007-01-05,2780.0,2844.699951171875,2755.550048828125,2781.550048828125,176950.0
2007-01-08,2775.0,2775.0,2703.14990234375,2712.550048828125,183808.0
2007-01-09,2729.0,2775.0,2701.050048828125,2712.75,139448.0
2007-01-10,2713.0,2748.0,2652.14990234375,2703.449951171875,154605.0
2007-01-11,2739.300048828125,2789.89990234375,2695.0,2760.699951171875,111041.0
2007-01-12,2770.25,2799.39990234375,2758.550048828125,2768.0,173677.0
2007-01-15,2797.0,2834.0,2760.050048828125,2770.949951171875,303473.0
2007-01-16,2779.0,2850.5,2715.300048828125,2774.10009765625,726306.0
2007-01-17,2790.0,2815.0,2765.0,2771.800048828125,209900.0
2007-01-18,2779.0,2850.0,2755.0,2782.64990234375,130276.0
2007-01-19,2775.0,2797.0,2726.0,2732.39990234375,88698.0
2007-01-22,2748.0,2789.0,2723.199951171875,2757.800048828125,91288.0
2007-01-23,2770.0,2784.699951171875,2746.0,2758.5,88991.0
2007-01-24,2760.0,2780.0,2729.89990234375,2741.25,102988.0
2007-01-25,2741.25,2760.0,2721.0,2745.699951171875,135242.0
2007-01-29,2760.0,2781.949951171875,2747.10009765625,2767.800048828125,181588.0
2007-01-31,2761.0,2791.0,2727.0,2772.14990234375,221824.0
2007-02-01,2780.0,2780.0,2732.10009765625,2765.050048828125,114468.0
2007-02-02,2780.0,2792.64990234375,2765.050048828125,2778.60009765625,117139.0
2007-02-05,2770.10009765625,2835.0,2750.0,2826.800048828125,181084.0
2007-02-06,2825.0,2856.0,2800.5,2823.60009765625,270917.0
2007-02-07,2831.0,3093.0,2795.39990234375,3078.449951171875,1192017.0
2007-02-08,3080.0,3108.699951171875,2995.0,3009.75,230412.0
2007-02-09,3015.0,3172.0,3000.0,3060.800048828125,741714.0
2007-02-12,3045.0,3049.699951171875,2925.25,2948.449951171875,279261.0
2007-02-13,2955.0,3106.89990234375,2905.0,3042.75,633781.0
2007-02-14,3000.0,3048.0,2960.25,3013.550048828125,296453.0
2007-02-15,3100.0,3375.199951171875,2995.0,3012.0,284553.0
2007-02-19,3048.89990234375,3076.0,3015.0,3025.39990234375,126436.0
2007-02-20,3025.39990234375,3043.0,2988.0,2996.85009765625,120724.0
2007-02-21,3030.0,3030.0,2970.0,2976.35009765625,149176.0
2007-02-22,2976.35009765625,2999.0,2851.25,2907.300048828125,333615.0
2007-02-23,2930.0,2935.10009765625,2805.5,2842.5,310415.0
2007-02-26,2851.0,2903.0,2795.0,2813.10009765625,158441.0
2007-02-27,2821.0,2821.0,2700.0,2727.699951171875,325899.0
2007-02-28,2705.0,2705.0,2535.10009765625,2618.550048828125,323887.0
2007-03-01,2618.0,2644.5,2496.0,2521.949951171875,499041.0
2007-03-02,2505.0,2627.0,2505.0,2544.050048828125,485495.0
2007-03-05,2503.0,2503.0,2416.85009765625,2453.75,272874.0
2007-03-06,2469.699951171875,2530.0,2423.0,2461.10009765625,579382.0
2007-03-07,2535.0,2540.0,2405.0,2451.39990234375,519118.0
2007-03-08,2499.0,2525.0,2450.0,2510.85009765625,290974.0
2007-03-09,2525.0,2555.0,2455.0,2488.699951171875,238697.0
2007-03-12,2518.0,2559.699951171875,2472.0,2512.85009765625,420888.0
2007-03-13,2515.0,2560.0,2491.14990234375,2521.0,235768.0
2007-03-14,2478.0,2560.0,2455.0,2529.550048828125,435426.0
2007-03-15,2541.0,2580.0,2480.0,2492.75,181699.0
2007-03-16,2539.0,2539.0,2470.0,2489.75,147694.0
2007-03-19,2440.0,2535.0,2421.0,2515.449951171875,188231.0
2007-03-20,2525.0,2527.0,2480.0,2501.199951171875,164842.0
2007-03-21,2510.0,2525.0,2480.0,2498.85009765625,119672.0
2007-03-22,2575.0,2579.0,2515.0,2567.449951171875,308706.0
2007-03-23,2580.0,2590.0,2506.050048828125,2529.14990234375,195333.0
2007-03-26,2532.14990234375,2560.0,2490.199951171875,2507.14990234375,139785.0
2007-03-28,2510.0,2510.0,2450.0,2466.64990234375,343453.0
2007-03-29,2455.0,2464.0,2405.550048828125,2421.39990234375,255250.0
2007-03-30,2439.949951171875,2449.0,2405.0,2427.60009765625,383626.0
2007-04-02,2362.60009765625,2370.0,2258.0,2307.0,501895.0
2007-04-03,2280.10009765625,2337.0,2260.0,2293.199951171875,388748.0
2007-04-04,2300.0,2330.0,2285.10009765625,2311.75,173232.0
2007-04-05,2300.0,2324.0,2288.0,2304.699951171875,166550.0
2007-04-09,2317.85009765625,2350.0,2282.0,2297.39990234375,177503.0
2007-04-10,2251.0,2310.0,2250.0,2270.35009765625,210472.0
2007-04-11,2271.0,2315.0,2271.0,2278.35009765625,232942.0
2007-04-12,2272.0,2385.0,2251.0,2348.10009765625,318684.0
2007-04-13,2349.0,2450.0,2303.10009765625,2433.89990234375,297526.0
2007-04-16,2440.0,2499.0,2440.0,2487.550048828125,252576.0
2007-04-17,2488.0,2557.0,2455.0,2546.64990234375,265891.0
2007-04-18,2520.0,2574.0,2471.0,2496.949951171875,176658.0
2007-04-19,2490.0,2490.0,2413.550048828125,2446.300048828125,155018.0
2007-04-20,2461.050048828125,2480.5,2424.199951171875,2439.550048828125,149247.0
2007-04-23,2439.550048828125,2474.0,2385.199951171875,2402.89990234375,125376.0
2007-04-24,2404.0,2475.0,2375.0,2442.699951171875,143631.0
2007-04-25,2442.0,2475.0,2412.0,2436.699951171875,130905.0
2007-04-26,2484.0,2520.89990234375,2420.0,2497.0,252024.0
2007-04-27,2480.0,2549.0,2442.5,2456.300048828125,248676.0
2007-04-30,2426.0,2476.0,2422.550048828125,2447.449951171875,75032.0
2007-05-03,2480.0,2614.0,2465.0,2550.39990234375,404186.0
2007-05-04,2560.0,2599.5,2551.10009765625,2567.39990234375,248007.0
2007-05-07,2575.0,2650.0,2551.0,2566.85009765625,105579.0
2007-05-08,2568.0,2593.699951171875,2520.300048828125,2534.199951171875,90581.0
2007-05-09,2549.89990234375,2580.0,2481.14990234375,2564.199951171875,288784.0
2007-05-10,2579.0,2664.0,2570.0,2609.449951171875,361308.0
2007-05-11,2636.0,2735.0,2545.0,2720.60009765625,775023.0
2007-05-14,2747.699951171875,2767.199951171875,2650.0,2667.050048828125,371361.0
2007-05-15,2667.050048828125,2694.0,2610.0,2635.699951171875,294940.0
2007-05-16,2640.0,2691.0,2608.25,2680.60009765625,489040.0
2007-05-17,2700.0,2749.0,2395.0,2503.89990234375,1869951.0
2007-05-18,2349.0,2349.0,2135.0,2286.5,3053965.0
2007-05-21,2300.0,2320.0,2240.0,2248.300048828125,707827.0
2007-05-22,2244.0,2250.0,2170.0,2195.85009765625,1110695.0
2007-05-23,2199.550048828125,2259.949951171875,2175.199951171875,2184.35009765625,695037.0
2007-05-24,2175.0,2215.0,2155.0,2169.64990234375,399663.0
2007-05-25,2175.0,2185.0,2131.25,2170.75,433572.0
2007-05-28,2185.10009765625,2225.0,2185.0,2205.14990234375,274124.0
2007-05-29,2218.699951171875,2220.0,2185.10009765625,2192.60009765625,321051.0
2007-05-30,2180.0,2240.0,2180.0,2202.300048828125,456480.0
2007-05-31,2220.0,2259.89990234375,2205.050048828125,2224.60009765625,613243.0
2007-06-01,2224.60009765625,2224.60009765625,2224.60009765625,2224.60009765625,0.0
2007-06-04,2354.14990234375,2354.14990234375,2211.0,2218.449951171875,170525.0
2007-06-05,2215.0,2252.0,2205.0,2247.5,152613.0
2007-06-06,2314.89990234375,2314.89990234375,2211.0,2218.75,174478.0
2007-06-07,2214.0,2230.0,2150.0,2152.800048828125,333971.0
2007-06-08,2150.0,2188.0,2106.0,2116.800048828125,284733.0
2007-06-11,2125.10009765625,2153.0,2106.0,2115.25,165088.0
2007-06-12,2116.5,2125.0,2095.0,2106.699951171875,177728.0
2007-06-13,2105.0,2126.050048828125,2088.0,2098.35009765625,163803.0
2007-06-14,2105.0,2125.0,2090.0,2107.0,113294.0
2007-06-15,2120.0,2136.0,2102.0,2109.449951171875,111616.0
2007-06-18,2131.89990234375,2147.5,2075.0,2081.39990234375,114740.0
2007-06-19,2083.0,2130.0,2058.0,2121.5,208042.0
2007-06-20,2140.0,2191.0,2107.0,2162.800048828125,394507.0
2007-06-21,2165.0,2190.0,2152.60009765625,2180.64990234375,232528.0
2007-06-22,2189.949951171875,2196.0,2126.0,2177.550048828125,100076.0
2007-06-25,2178.0,2195.0,2128.050048828125,2144.10009765625,231106.0
2007-06-26,2149.10009765625,2150.0,2121.0,2132.050048828125,101230.0
2007-06-27,2138.949951171875,2147.0,2105.0,2130.949951171875,126449.0
2007-06-28,2125.0,2125.0,2085.0,2093.85009765625,519417.0
2007-06-29,2100.0,2160.0,2100.0,2141.5,312152.0
2007-07-02,2100.0,2145.0,2096.0,2128.300048828125,165504.0
2007-07-03,2132.0,2148.75,2088.0,2100.60009765625,130152.0
2007-07-04,2113.0,2129.89990234375,2091.25,2119.10009765625,144018.0
2007-07-05,2120.0,2128.0,2085.0,2091.300048828125,179545.0
2007-07-06,2086.0,2129.449951171875,2086.0,2109.60009765625,144926.0
2007-07-09,2139.89990234375,2139.89990234375,2101.10009765625,2105.449951171875,75868.0
2007-07-10,2124.699951171875,2171.0,2105.0,2126.300048828125,449690.0
2007-07-11,2126.300048828125,2159.699951171875,2106.0,2129.25,224372.0
2007-07-12,2120.0,2215.0,2106.300048828125,2194.89990234375,594764.0
2007-07-13,2201.0,2239.800048828125,2170.0,2184.550048828125,364278.0
2007-07-16,2209.0,2271.0,2201.10009765625,2255.949951171875,445936.0
2007-07-17,2265.0,2275.0,2206.0,2223.050048828125,183468.0
2007-07-18,2223.050048828125,2295.0,2215.300048828125,2281.0,366184.0
2007-07-19,2294.0,2398.89990234375,2294.0,2383.64990234375,610358.0
2007-07-20,2380.0,2397.89990234375,2306.300048828125,2325.449951171875,225114.0
2007-07-23,2330.0,2440.0,2286.0,2424.75,521206.0
2007-07-24,2434.35009765625,2460.0,2386.0,2445.550048828125,357942.0
2007-07-25,2420.0,2435.0,2331.10009765625,2353.89990234375,222436.0
2007-07-26,2360.0,2435.0,2350.0,2416.5,434647.0
2007-07-27,2399.89990234375,2450.0,2300.14990234375,2315.35009765625,234757.0
2007-07-30,2314.699951171875,2345.0,2250.0,2294.14990234375,204702.0
2007-07-31,2275.0,2369.89990234375,2177.89990234375,2354.800048828125,192106.0
2007-08-01,2350.0,2350.0,2271.39990234375,2286.5,250458.0
2007-08-02,2339.89990234375,2339.89990234375,2265.60009765625,2291.449951171875,133783.0
2007-08-03,2295.0,2340.0,2295.0,2327.800048828125,119708.0
2007-08-06,2260.0,2320.0,2250.0,2299.39990234375,118149.0
2007-08-07,2315.14990234375,2339.699951171875,2250.199951171875,2277.10009765625,221817.0
2007-08-08,2288.39990234375,2330.0,2284.800048828125,2310.550048828125,97514.0
2007-08-09,2339.0,2344.800048828125,2271.5,2284.14990234375,117820.0
2007-08-10,2249.0,2690.0,2210.0,2332.300048828125,169808.0
2007-08-13,2334.949951171875,2400.0,2295.14990234375,2375.0,227895.0
2007-08-14,2383.10009765625,2409.89990234375,2360.10009765625,2393.0,216869.0
2007-08-16,2301.39990234375,2347.5,2267.449951171875,2310.0,239431.0
2007-08-17,2302.0,2400.0,2210.0,2250.0,239478.0
2007-08-20,2340.0,2375.0,2250.0,2265.0,141159.0
2007-08-21,2270.199951171875,2287.5,2175.0,2177.60009765625,95942.0
2007-08-22,2202.199951171875,2249.75,2150.0,2220.0,121385.0
2007-08-23,2249.0,2322.0,2190.0,2200.0,161249.0
2007-08-24,2224.0,2244.0,2202.14990234375,2220.0,75433.0
2007-08-27,2250.0,2300.0,2225.0,2294.0,97013.0
2007-08-28,2276.0,2317.199951171875,2262.550048828125,2295.0,54162.0
2007-08-29,2260.0,2334.0,2231.39990234375,2312.0,124869.0
2007-08-30,2345.0,2387.0,2335.550048828125,2360.0,249604.0
2007-08-31,2380.0,2440.0,2317.10009765625,2347.10009765625,151755.0
2007-09-03,2354.0,2354.0,2309.89990234375,2320.0,106360.0
2007-09-04,2328.60009765625,2340.0,2271.300048828125,2279.5,103345.0
2007-09-05,2295.0,2325.0,2288.0,2300.0,113670.0
2007-09-06,2280.0,2350.0,2280.0,2340.0,105192.0
2007-09-07,2342.050048828125,2345.0,2320.0,2330.0,48485.0
2007-09-10,2303.0,2350.0,2291.0,2325.0,119344.0
2007-09-11,2311.39990234375,2350.0,2301.25,2332.949951171875,63397.0
2007-09-12,2346.75,2418.0,2335.0,2392.0,251695.0
2007-09-13,2400.0,2444.25,2385.0,2418.0,100889.0
2007-09-14,2442.39990234375,2460.0,2360.0,2360.10009765625,90960.0
2007-09-17,2375.0,2426.89990234375,2370.0,2398.0,101710.0
2007-09-18,2371.39990234375,2414.75,2345.0,2400.0,70610.0
2007-09-19,2449.800048828125,2521.0,2415.14990234375,2510.0,341454.0
2007-09-20,2590.0,2590.0,2486.199951171875,2499.0,209424.0
2007-09-21,2505.0,2537.14990234375,2485.199951171875,2490.0,219160.0
2007-09-24,2510.0,2594.699951171875,2462.0,2570.699951171875,232696.0
2007-09-25,2575.0,2600.0,2486.0,2530.0,137919.0
2007-09-26,2540.0,2549.699951171875,2461.0,2518.89990234375,100864.0
2007-09-27,2540.0,2550.0,2480.0,2509.0,310947.0
2007-09-28,2511.0,2545.0,2485.0,2530.0,129804.0
2007-10-01,2474.0,2549.0,2474.0,2500.0,65318.0
2007-10-03,2519.0,2549.0,2498.0,2547.0,223708.0
2007-10-04,2540.0,2599.0,2517.10009765625,2575.0,195552.0
2007-10-05,2599.0,2640.0,2545.0,2633.5,227808.0
2007-10-08,2625.0,2672.5,2571.25,2576.0,286347.0
2007-10-09,2575.0,2684.699951171875,2575.0,2640.0,510328.0
2007-10-10,2651.0,2674.64990234375,2590.0,2600.0,262596.0
2007-10-11,2643.949951171875,2674.800048828125,2555.0,2619.0,168695.0
2007-10-12,2625.0,2625.0,2529.949951171875,2540.0,183081.0
2007-10-15,2570.0,2614.89990234375,2511.0,2570.0,381309.0
2007-10-16,2543.0,2594.0,2514.0,2540.10009765625,201972.0
2007-10-17,2460.0,2499.699951171875,2127.0,2485.300048828125,137893.0
2007-10-18,2545.0,2545.0,2444.0,2465.0,418482.0
2007-10-19,2421.10009765625,2549.699951171875,2402.0,2520.0,285046.0
2007-10-22,2500.0,2510.0,2430.0,2462.0,198830.0
2007-10-23,2499.0,2527.0,2451.0,2525.0,224773.0
2007-10-24,2559.0,2574.800048828125,2475.0,2493.0,207369.0
2007-10-25,2529.89990234375,2529.89990234375,2455.0,2499.949951171875,358535.0
2007-10-26,2535.949951171875,2535.949951171875,2451.25,2510.0,192974.0
2007-10-29,2480.0,2569.89990234375,2480.0,2509.949951171875,114608.0
2007-10-30,2565.0,2565.0,2462.0,2484.0,93462.0
2007-10-31,2500.0,2549.0,2465.0,2476.5,98976.0
2007-11-01,2480.0,2538.0,2402.0,2430.0,115061.0
2007-11-02,2400.0,2449.0,2380.0,2430.0,118093.0
2007-11-05,2400.0,2425.0,2361.050048828125,2409.0,89169.0
2007-11-06,2418.0,2490.0,2401.0,2467.0,137910.0
2007-11-07,2488.0,2488.10009765625,2435.0,2435.0,56626.0
2007-11-08,2446.89990234375,2450.0,2400.050048828125,2450.0,50670.0
2007-11-12,2389.300048828125,2395.0,2310.199951171875,2312.35009765625,163346.0
2007-11-13,2349.0,2369.0,2329.0,2336.0,96494.0
2007-11-14,2390.0,2390.0,2334.800048828125,2340.0,100057.0
2007-11-15,2360.0,2360.0,2320.0,2325.199951171875,144243.0
2007-11-16,2322.0,2360.0,2320.0,2350.0,74648.0
2007-11-19,2380.0,2459.0,2362.0,2425.0,258103.0
2007-11-20,2427.800048828125,2452.0,2400.0,2426.0,143379.0
2007-11-21,2410.0,2445.0,2350.0,2410.0,576588.0
2007-11-22,2410.0,2510.0,2410.0,2498.64990234375,167648.0
2007-11-23,2496.0,2574.949951171875,2485.0,2550.0,144187.0
2007-11-26,2585.0,2604.0,2555.14990234375,2580.0,171918.0
2007-11-27,2585.300048828125,2670.0,2550.0,2670.0,180682.0
2007-11-28,2680.0,2735.0,2665.10009765625,2730.0,238037.0
2007-11-29,2725.0,2750.0,2702.5,2743.0,232348.0
2007-11-30,2737.35009765625,2744.0,2656.25,2706.5,267497.0
2007-12-03,2695.0,2791.0,2660.0,2775.0,353234.0
2007-12-04,2701.0,2784.5,2701.0,2779.699951171875,200807.0
2007-12-05,2751.0,2825.0,2740.0,2800.0,260802.0
2007-12-06,2780.0,2840.0,2705.050048828125,2727.0,174297.0
2007-12-07,2840.0,2840.0,2681.199951171875,2719.800048828125,68406.0
2007-12-10,2760.0,2760.0,2680.0,2718.0,72412.0
2007-12-11,2720.0,2801.25,2712.0,2780.0,189707.0
2007-12-12,2762.050048828125,2800.800048828125,2750.0,2779.89990234375,210026.0
2007-12-13,2799.0,2834.0,2761.0,2830.0,140953.0
2007-12-14,2731.0,2855.0,2731.0,2835.0,131640.0
2007-12-17,2849.0,2858.0,2770.10009765625,2791.550048828125,114710.0
2007-12-18,2900.0,2900.0,2727.0,2808.0,260636.0
2007-12-19,2847.0,2847.0,2745.0,2756.050048828125,150003.0
2007-12-20,2752.0,2800.199951171875,2731.0,2799.949951171875,103073.0
2007-12-24,2850.0,2900.0,2690.0,2716.5,161249.0
2007-12-26,2784.89990234375,2784.89990234375,2659.0,2665.0,174079.0
2007-12-27,2680.300048828125,2735.0,2589.0,2690.0,512058.0
2007-12-28,2709.0,2709.0,2580.0,2615.0,249789.0
2007-12-31,2625.0,2649.5,2610.0,2617.0,91926.0
2008-01-01,2630.0,2630.0,2601.10009765625,2608.0,31061.0
2008-01-02,2606.0,2629.0,2560.199951171875,2610.0,115802.0
2008-01-03,2580.0,2600.0,2566.699951171875,2583.0,143187.0
2008-01-04,2598.0,2604.699951171875,2570.0,2591.0,113050.0
2008-01-07,2552.0,2599.0,2525.0,2535.0,140144.0
2008-01-08,2579.89990234375,2598.89990234375,2525.0,2537.0,143145.0
2008-01-09,2525.0,2579.800048828125,2500.0,2540.0,216267.0
2008-01-10,2550.0,2619.0,2500.0,2505.0,92506.0
2008-01-11,2599.800048828125,2599.800048828125,2483.0,2510.050048828125,255593.0
2008-01-14,2500.0,2545.0,2441.199951171875,2445.199951171875,47783.0
2008-01-15,2482.0,2510.0,2430.0,2459.0,77154.0
2008-01-16,2405.64990234375,2479.0,2405.64990234375,2450.0,69150.0
2008-01-17,2450.5,2475.0,2423.10009765625,2440.050048828125,101985.0
2008-01-18,2460.0,2599.0,2411.10009765625,2440.0,127709.0
2008-01-21,2400.0,2483.0,1950.0,2260.199951171875,254530.0
2008-01-22,2265.0,2300.0,1850.0,2099.949951171875,269323.0
2008-01-23,2250.0,2342.949951171875,2100.0,2255.0,294733.0
2008-01-24,2240.0,2366.550048828125,2065.0,2170.0,107549.0
2008-01-25,2180.0,2349.0,2170.0,2320.0,103617.0
2008-01-28,2156.0,2490.0,2105.0,2430.0,160349.0
2008-01-29,2450.0,2450.0,2310.0,2371.050048828125,95746.0
2008-01-30,2380.0,2380.0,2220.0,2300.0,131241.0
2008-01-31,2285.0,2395.0,2232.0,2385.0,233288.0
2008-02-01,2360.0,2460.0,2325.0,2450.0,142351.0
2008-02-04,2479.949951171875,2509.89990234375,2431.0,2481.050048828125,120024.0
2008-02-05,2499.0,2499.0,2390.050048828125,2400.050048828125,38034.0
2008-02-06,2385.0,2400.0,2300.0,2337.0,94872.0
2008-02-07,2310.0,2340.0,2255.10009765625,2280.0,78250.0
2008-02-08,2290.0,2290.0,2201.0,2210.0,105687.0
2008-02-11,2162.699951171875,2300.0,2052.25,2061.0,75239.0
2008-02-12,2110.0,2219.699951171875,2050.199951171875,2068.0,79293.0
2008-02-13,2090.0,2150.0,1995.0,2005.0,168305.0
2008-02-14,2030.9000244140625,2100.0,2030.9000244140625,2086.0,150837.0
2008-02-15,2052.0,2197.89990234375,2050.0,2187.0,112645.0
2008-02-18,2200.0,2235.0,2176.0,2212.949951171875,64765.0
2008-02-19,2235.0,2367.0,2187.0,2345.0,280994.0
2008-02-20,2350.10009765625,2385.0,2301.0,2345.0,115464.0
2008-02-21,2374.949951171875,2435.0,2339.5,2402.25,128260.0
2008-02-22,2450.0,2450.0,2276.0,2280.0,258030.0
2008-02-25,2319.0,2338.0,2175.0,2203.64990234375,238793.0
2008-02-26,2200.0,2236.949951171875,2191.25,2195.60009765625,126212.0
2008-02-27,2219.0,2250.0,2152.14990234375,2157.0,400463.0
2008-02-28,2174.89990234375,2265.0,2151.0,2245.0,276616.0
2008-02-29,2221.050048828125,2320.0,2208.0,2276.0,249347.0
2008-03-03,2240.0,2330.0,2215.0,2260.0,171344.0
2008-03-04,2272.0,2290.0,2101.0,2208.89990234375,169818.0
2008-03-05,2161.0,2204.0,2121.0,2126.0,111134.0
2008-03-07,2120.0,2120.0,1871.0,1905.0,596977.0
2008-03-10,1860.0,2005.0,1711.0,1990.0,608592.0
2008-03-11,2000.0,2138.0,1925.0,2075.0,621505.0
2008-03-12,2121.0,2150.0,2055.0,2090.0,407609.0
2008-03-13,2080.0,2198.89990234375,1970.0999755859375,2140.0,1074640.0
2008-03-14,755.5,1060.0,721.0999755859375,775.0,2732266.0
2008-03-17,721.0,825.0,650.0499877929688,655.0,909119.0
2008-03-18,708.7999877929688,708.7999877929688,618.0,633.4500122070312,435570.0
2008-03-19,639.5,668.0,633.4500122070312,644.2999877929688,289749.0
2008-03-24,650.0,664.0,585.0,593.4000244140625,183338.0
2008-03-25,650.0,653.7999877929688,598.0,640.4000244140625,303364.0
2008-03-26,644.8499755859375,665.0,603.0,650.2999877929688,173643.0
2008-03-27,637.5,673.0,605.0,617.8499755859375,214984.0
2008-03-28,614.7000122070312,708.7999877929688,610.0,687.5,838391.0
2008-03-31,685.0,758.0,661.3499755859375,691.5,418465.0
2008-04-01,695.0,695.0,633.0999755859375,656.8499755859375,1116463.0
2008-04-02,679.5,690.0,644.0499877929688,650.0999755859375,265082.0
2008-04-03,653.0,698.0,640.0,687.2999877929688,245670.0
2008-04-04,658.7000122070312,695.0,658.7000122070312,674.5999755859375,114575.0
2008-04-07,666.5999755859375,680.0,662.0,676.7000122070312,29044.0
2008-04-08,670.0,680.0,658.0,674.2000122070312,65169.0
2008-04-09,665.0,673.9500122070312,638.0499877929688,650.9500122070312,216422.0
2008-04-10,652.0,669.4000244140625,635.0,659.9500122070312,96898.0
2008-04-11,678.75,678.9000244140625,651.0,660.4500122070312,21148.0
2008-04-15,651.0,700.0,642.7000122070312,698.0,96205.0
2008-04-16,700.0,710.0,693.0,698.0999755859375,92021.0
2008-04-17,710.0,717.0,700.0,708.75,94386.0
2008-04-21,710.0,716.0,654.9000244140625,687.5,151653.0
2008-04-22,680.0,697.7000122070312,677.25,682.5499877929688,54075.0
2008-04-23,680.0,780.0,680.0,694.1500244140625,67781.0
2008-04-24,700.0,715.0,673.0,683.9000244140625,114083.0
2008-04-25,690.0,704.0,690.0,696.4500122070312,37715.0
2008-04-28,700.0,703.0,688.0,691.5999755859375,12849.0
2008-04-29,692.0999755859375,703.0,685.9000244140625,699.0,26659.0
2008-04-30,700.0,724.0,680.5999755859375,712.25,66774.0
2008-05-02,714.0999755859375,746.0,714.0999755859375,735.7000122070312,53672.0
2008-05-05,745.0,752.0,737.0999755859375,741.4500122070312,40558.0
2008-05-06,744.9000244140625,785.0,733.0,768.4000244140625,56848.0
2008-05-07,766.0,776.0,726.2000122070312,744.6500244140625,131068.0
2008-05-08,730.0,739.0,715.75,720.9000244140625,41147.0
2008-05-09,686.0,729.9000244140625,686.0,702.1500244140625,83555.0
2008-05-12,681.0499877929688,698.5999755859375,668.9500122070312,682.5999755859375,28050.0
2008-05-13,690.0,697.9500122070312,672.0,676.2000122070312,60120.0
2008-05-14,677.0,691.8499755859375,659.0,667.7000122070312,119572.0
2008-05-15,683.5,683.5,665.0999755859375,668.9000244140625,112910.0
2008-05-16,669.0999755859375,675.0,662.0,669.5499877929688,307033.0
2008-05-20,675.0,678.0,661.5,665.8499755859375,68951.0
2008-05-21,666.0,669.9000244140625,645.0,651.9000244140625,252704.0
2008-05-22,641.4000244140625,699.0,635.0,671.6500244140625,443936.0
2008-05-23,675.0,684.0,665.0,673.75,100919.0
2008-05-26,667.0,668.0,579.0,594.5,237408.0
2008-05-27,595.0,597.0,555.5999755859375,569.0999755859375,776913.0
2008-05-28,570.0,610.7999877929688,570.0,599.5499877929688,813295.0
2008-05-29,609.0,645.0,605.0,613.4000244140625,792663.0
2008-05-30,620.0,664.9000244140625,612.0,633.6500244140625,1118918.0
2008-06-02,641.0,665.0,641.0,650.5999755859375,84242.0
2008-06-03,640.0,650.5999755859375,612.0,633.1500244140625,224371.0
2008-06-04,620.0499877929688,639.0,608.0999755859375,612.5499877929688,393420.0
2008-06-05,612.5499877929688,615.0,556.0499877929688,577.8499755859375,174613.0
2008-06-06,580.0499877929688,600.0,552.0,575.2000122070312,53853.0
2008-06-09,556.0,564.9500122070312,516.5999755859375,553.4000244140625,62098.0
2008-06-10,553.5,553.5,512.5,535.2000122070312,75318.0
2008-06-11,530.0,558.9500122070312,524.0499877929688,527.4500122070312,110574.0
2008-06-12,503.6000061035156,524.0,493.6000061035156,501.79998779296875,217257.0
2008-06-13,510.0,524.0,501.0,507.79998779296875,79809.0
2008-06-16,512.0,514.0,493.95001220703125,500.54998779296875,113333.0
2008-06-17,500.0,509.3999938964844,500.0,505.75,86303.0
2008-06-18,506.0,510.0,487.1499938964844,499.1000061035156,484818.0
2008-06-19,498.0,498.0,490.0,491.70001220703125,83734.0
2008-06-20,495.0,499.95001220703125,479.0,485.04998779296875,172142.0
2008-06-23,480.0,496.1499938964844,444.0,457.6499938964844,240424.0
2008-06-24,451.0,451.0,415.04998779296875,421.04998779296875,193107.0
2008-06-25,407.0,446.0,401.0,431.0,210810.0
2008-06-26,437.0,443.0,417.04998779296875,430.79998779296875,270163.0
2008-06-27,410.25,443.25,390.0,430.1000061035156,189596.0
2008-06-30,421.1000061035156,443.8999938964844,415.0,433.8500061035156,95590.0
2008-07-01,429.95001220703125,439.8500061035156,419.0,428.6000061035156,149596.0
2008-07-02,422.0,489.79998779296875,420.5,430.79998779296875,2031995.0
2008-07-03,417.8500061035156,445.0,395.0,434.3500061035156,1046878.0
2008-07-04,420.04998779296875,453.3999938964844,414.0,443.3500061035156,590432.0
2008-07-07,435.0,459.0,435.0,451.3500061035156,358091.0
2008-07-08,429.6000061035156,456.0,429.6000061035156,447.25,57701.0
2008-07-09,451.0,470.1499938964844,451.0,459.54998779296875,152161.0
2008-07-10,460.0,465.0,414.04998779296875,460.1499938964844,172628.0
2008-07-11,442.20001220703125,484.0,442.20001220703125,465.3500061035156,53296.0
2008-07-14,489.0,489.0,430.0,439.8999938964844,78742.0
2008-07-15,431.0,437.8999938964844,408.04998779296875,415.0,58041.0
2008-07-16,415.0,419.95001220703125,391.3500061035156,394.79998779296875,23719.0
2008-07-17,400.0,405.0,384.0,400.25,141130.0
2008-07-18,391.04998779296875,409.95001220703125,387.04998779296875,393.75,51819.0
2008-07-21,391.0,407.5,380.0,400.0,719570.0
2008-07-22,401.0,418.0,401.0,404.1499938964844,38511.0
2008-07-23,412.1000061035156,420.0,392.6499938964844,395.04998779296875,140117.0
2008-07-24,398.25,399.8999938964844,372.0,377.8999938964844,319670.0
2008-07-25,372.1000061035156,374.45001220703125,362.0,368.1000061035156,152177.0
2008-07-28,366.0,380.0,359.54998779296875,362.04998779296875,132023.0
2008-07-29,354.0,370.0,331.0,339.04998779296875,299639.0
2008-07-30,322.1000061035156,395.0,322.1000061035156,357.5,3082640.0
2008-07-31,360.0,366.0,343.04998779296875,349.5,234247.0
2008-08-01,350.0,350.0,338.70001220703125,344.5,89870.0
2008-08-04,344.0,346.0,339.0,344.20001220703125,84769.0
2008-08-05,344.0,380.0,341.0,374.75,199597.0
2008-08-06,380.0,428.0,380.0,421.70001220703125,577473.0
2008-08-07,420.0,430.0,401.8500061035156,408.8999938964844,361450.0
2008-08-08,401.0,414.79998779296875,397.8999938964844,403.5,302328.0
2008-08-11,409.8999938964844,438.0,406.0,430.25,329032.0
2008-08-12,432.0,465.0,425.1000061035156,451.04998779296875,998037.0
2008-08-13,450.0,459.0,437.25,451.75,223554.0
2008-08-14,452.0,469.0,446.0,460.79998779296875,191850.0
2008-08-18,460.0,460.0,444.0,448.6000061035156,176776.0
2008-08-19,445.1000061035156,464.95001220703125,435.0,455.6499938964844,259424.0
2008-08-20,454.0,465.0,451.04998779296875,458.1000061035156,59720.0
2008-08-21,456.0,464.0,450.0,453.95001220703125,53200.0
2008-08-22,450.1000061035156,456.0,445.0,447.6499938964844,29479.0
2008-08-25,450.0,455.5,442.3500061035156,449.3500061035156,52034.0
2008-08-26,447.1499938964844,470.0,441.1000061035156,467.29998779296875,119296.0
2008-08-27,466.6499938964844,478.0,458.04998779296875,468.1000061035156,205037.0
2008-08-28,465.1499938964844,499.8999938964844,465.1499938964844,482.8999938964844,435289.0
2008-08-29,497.70001220703125,540.0,482.1499938964844,488.95001220703125,63299.0
2008-09-01,495.0,495.0,482.0,491.29998779296875,42960.0
2008-09-02,491.0,497.5,491.0,494.3999938964844,70279.0
2008-09-04,504.8999938964844,504.8999938964844,479.95001220703125,484.95001220703125,151705.0
2008-09-05,477.25,516.0,472.1499938964844,502.04998779296875,128193.0
2008-09-08,510.0,513.9500122070312,480.0,486.6000061035156,90079.0
2008-09-09,498.79998779296875,510.0,466.04998779296875,468.3500061035156,362392.0
2008-09-10,467.0,477.0,452.0,455.75,203722.0
2008-09-11,451.1000061035156,452.0,442.25,449.79998779296875,227451.0
2008-09-12,459.0,459.0,438.25,445.8500061035156,68803.0
2008-09-15,428.6000061035156,439.0,415.04998779296875,415.1499938964844,80036.0
2008-09-16,407.20001220703125,432.45001220703125,393.29998779296875,420.75,269864.0
2008-09-17,421.5,428.0,411.0,422.04998779296875,22416.0
2008-09-18,412.0,465.0,380.0,450.70001220703125,137199.0
2008-09-19,475.0,478.0,428.6000061035156,438.5,59924.0
2008-09-22,440.0,444.0,424.0,426.6000061035156,18541.0
2008-09-23,422.0,439.0,415.1000061035156,432.6499938964844,343553.0
2008-09-24,426.1000061035156,478.0,426.0,457.5,47002.0
2008-09-25,452.8999938964844,480.0,452.8999938964844,472.25,651684.0
2008-09-26,479.0,479.0,462.25,471.1000061035156,26115.0
2008-09-29,474.29998779296875,510.0,443.0,451.79998779296875,27495.0
2008-09-30,446.0,457.0,401.1499938964844,451.70001220703125,17547.0
2008-10-01,443.1499938964844,466.5,438.8500061035156,450.04998779296875,30715.0
2008-10-03,440.1499938964844,451.0,435.1499938964844,444.79998779296875,196705.0
2008-10-06,426.25,438.0,409.0,421.6000061035156,353656.0
2008-10-07,408.0,440.0,402.95001220703125,420.70001220703125,379160.0
2008-10-08,411.79998779296875,411.79998779296875,340.0,350.54998779296875,154687.0
2008-10-10,310.1000061035156,388.79998779296875,305.0,370.0,175792.0
2008-10-13,369.0,382.0,361.5,367.5,18177.0
2008-10-14,399.0,399.0,373.0,385.1000061035156,39587.0
2008-10-15,390.0,410.0,365.1499938964844,385.25,22217.0
2008-10-16,380.0,390.0,335.1000061035156,382.6000061035156,12493.0
2008-10-17,373.0,402.0,355.0,356.70001220703125,478506.0
2008-10-20,344.0,377.0,344.0,374.3999938964844,10460.0
2008-10-21,383.5,398.1499938964844,368.1499938964844,390.79998779296875,10828.0
2008-10-22,380.0,410.0,375.29998779296875,401.70001220703125,45009.0
2008-10-23,390.0,394.29998779296875,381.5,386.20001220703125,15981.0
2008-10-24,390.0,390.0,322.0,344.54998779296875,64983.0
2008-10-27,328.0,376.25,285.0,310.0,24720.0
2008-10-29,364.0,365.0,302.29998779296875,326.95001220703125,40982.0
2008-10-31,327.1499938964844,350.0,294.0,335.75,65159.0
2008-11-03,330.1499938964844,359.79998779296875,330.1499938964844,342.79998779296875,26487.0
2008-11-04,331.0,379.95001220703125,331.0,372.6499938964844,29488.0
2008-11-05,380.0,389.95001220703125,362.0,372.04998779296875,27969.0
2008-11-06,356.25,397.8999938964844,356.25,381.5,32813.0
2008-11-07,364.0,385.0,361.1499938964844,378.8999938964844,10123.0
2008-11-10,380.0,392.8999938964844,374.29998779296875,382.1000061035156,5984.0
2008-11-11,375.0,412.0,375.0,401.8500061035156,62077.0
2008-11-12,397.0,400.0,371.0,374.1499938964844,15577.0
2008-11-14,375.0,375.0,354.8999938964844,368.5,22183.0
2008-11-17,371.0,384.95001220703125,368.0,374.1499938964844,21148.0
2008-11-18,363.1499938964844,373.8500061035156,341.29998779296875,351.0,6607.0
2008-11-19,350.8999938964844,356.0,324.0,326.6499938964844,12505.0
2008-11-20,324.0,324.0,301.25,308.04998779296875,10846.0
2008-11-21,305.0,317.0,302.25,310.29998779296875,14061.0
2008-11-24,298.5,322.5,298.5,307.5,6413.0
2008-11-25,312.0,324.0,276.20001220703125,281.04998779296875,38938.0
2008-11-26,285.0,290.0,260.04998779296875,262.70001220703125,32239.0
2008-11-27,262.70001220703125,262.70001220703125,262.70001220703125,262.70001220703125,0.0
2008-11-28,295.0,295.0,240.0,248.25,101777.0
2008-12-01,248.60000610351562,254.39999389648438,238.0500030517578,241.35000610351562,33426.0
2008-12-02,235.0,239.6999969482422,225.0,228.60000610351562,52609.0
2008-12-03,231.0,233.0,226.14999389648438,230.35000610351562,13235.0
2008-12-04,238.85000610351562,249.9499969482422,231.14999389648438,245.0,27176.0
2008-12-05,243.0,248.0,240.14999389648438,245.10000610351562,22414.0
2008-12-08,250.0,257.8999938964844,239.0,240.0500030517578,68212.0
2008-12-10,240.0,246.0,235.14999389648438,243.5,159300.0
2008-12-11,240.14999389648438,245.6999969482422,235.0,238.5,132431.0
2008-12-12,235.0,242.0,235.0,241.10000610351562,47390.0
2008-12-15,239.0,253.14999389648438,235.14999389648438,249.9499969482422,102513.0
2008-12-16,250.0,260.0,245.0,248.60000610351562,72244.0
2008-12-17,257.8500061035156,257.8500061035156,241.10000610351562,243.14999389648438,30513.0
2008-12-18,236.25,260.0,236.25,240.35000610351562,68922.0
2008-12-19,241.0,244.0,236.25,241.5,89000.0
2008-12-22,245.9499969482422,248.0,236.0,238.5500030517578,412105.0
2008-12-23,240.0,242.89999389648438,237.10000610351562,238.14999389648438,49937.0
2008-12-24,237.0500030517578,239.6999969482422,221.10000610351562,224.85000610351562,56218.0
2008-12-26,224.0,235.0,217.25,222.0500030517578,34034.0
2008-12-29,224.0,226.89999389648438,217.0500030517578,225.0,26739.0
2008-12-30,227.25,238.0,221.14999389648438,230.35000610351562,137322.0
2008-12-31,231.6999969482422,245.5,231.0,242.4499969482422,44219.0
2009-01-02,246.89999389648438,257.5,246.89999389648438,252.89999389648438,51013.0
2009-01-05,254.3000030517578,263.0,254.3000030517578,261.04998779296875,27433.0
2009-01-06,261.1000061035156,266.0,257.04998779296875,263.75,27113.0
2009-01-07,261.29998779296875,271.79998779296875,240.0,248.85000610351562,46566.0
2009-01-09,248.85000610351562,248.85000610351562,230.5,241.3000030517578,30610.0
2009-01-12,239.0,244.0,230.0,235.1999969482422,11150.0
2009-01-13,235.9499969482422,247.0,231.5,234.6999969482422,24334.0
2009-01-14,235.10000610351562,239.89999389648438,229.9499969482422,231.25,31476.0
2009-01-15,223.0,236.5,223.0,227.5500030517578,18070.0
2009-01-16,231.0,238.0,225.0500030517578,232.64999389648438,14810.0
2009-01-19,229.0,234.5,224.0,225.4499969482422,1943956.0
2009-01-20,224.6999969482422,239.0,217.25,230.0,42421.0
2009-01-21,226.5,229.89999389648438,221.10000610351562,224.9499969482422,225279.0
2009-01-22,223.14999389648438,235.0,222.25,224.25,17959.0
2009-01-23,218.25,230.0,211.0,213.39999389648438,14815.0
2009-01-27,212.0500030517578,220.0,212.0500030517578,215.0,7339.0
2009-01-28,215.0,233.0,215.0,230.3000030517578,21103.0
2009-01-29,225.25,229.85000610351562,215.0,219.85000610351562,28043.0
2009-01-30,215.3000030517578,231.0,215.3000030517578,229.3000030517578,13394.0
2009-02-02,224.0,229.8000030517578,216.5,218.3000030517578,14047.0
2009-02-03,221.0,234.0,209.0,222.10000610351562,94871.0
2009-02-04,223.0,230.85000610351562,223.0,226.25,12456.0
2009-02-05,228.0,231.0,225.10000610351562,226.1999969482422,12605.0
2009-02-06,222.0,236.0,222.0,230.89999389648438,9852.0
2009-02-09,226.14999389648438,232.89999389648438,226.14999389648438,229.0,12060.0
2009-02-10,225.25,233.0,225.14999389648438,229.60000610351562,8472.0
2009-02-11,227.0,231.0,227.0,228.10000610351562,65377.0
2009-02-12,229.0,233.89999389648438,226.0,232.9499969482422,9429.0
2009-02-13,236.0,243.0,228.3000030517578,240.8000030517578,13603.0
2009-02-16,246.8000030517578,246.8000030517578,235.14999389648438,241.6999969482422,22362.0
2009-02-17,235.0,246.89999389648438,235.0,244.4499969482422,60049.0
2009-02-18,244.0,255.85000610351562,244.0,253.5,29973.0
2009-02-19,248.0,257.29998779296875,248.0,250.5500030517578,31880.0
2009-02-20,245.14999389648438,252.5500030517578,245.14999389648438,247.6999969482422,6632.0
2009-02-24,241.14999389648438,249.85000610351562,240.10000610351562,242.35000610351562,11862.0
2009-02-25,245.0,252.9499969482422,227.14999389648438,233.10000610351562,25875.0
2009-02-26,238.8000030517578,243.9499969482422,232.14999389648438,240.10000610351562,50493.0
2009-02-27,236.35000610351562,240.5,236.25,239.8000030517578,11010.0
2009-03-02,243.8000030517578,243.8000030517578,224.25,226.75,16549.0
2009-03-03,226.14999389648438,231.0,212.0,215.0500030517578,16450.0
2009-03-04,216.25,223.8000030517578,213.0,214.10000610351562,17783.0
2009-03-05,216.0,220.89999389648438,210.25,213.6999969482422,20165.0
2009-03-06,212.10000610351562,217.0,212.10000610351562,215.64999389648438,11890.0
2009-03-09,215.64999389648438,218.8000030517578,211.25,213.60000610351562,8903.0
2009-03-12,222.85000610351562,222.85000610351562,215.14999389648438,220.14999389648438,4037.0
2009-03-13,229.85000610351562,229.85000610351562,219.0,222.64999389648438,17353.0
2009-03-16,222.64999389648438,235.0,220.0,233.60000610351562,21875.0
2009-03-17,237.8000030517578,244.75,231.14999389648438,239.3000030517578,37532.0
2009-03-18,239.3000030517578,246.0,237.0,241.75,11807.0
2009-03-19,245.9499969482422,247.64999389648438,244.0,244.75,8704.0
2009-03-20,249.0,256.0,245.0500030517578,250.8000030517578,20202.0
2009-03-23,250.60000610351562,299.8999938964844,250.60000610351562,285.8500061035156,135413.0
2009-03-24,288.0,309.0,286.0,288.8999938964844,104257.0
2009-03-25,289.0,307.0,287.0,303.95001220703125,70425.0
2009-03-26,304.0,340.5,304.0,318.25,58008.0
2009-03-27,326.0,329.8500061035156,310.5,315.95001220703125,34403.0
2009-03-30,310.0,314.8500061035156,287.04998779296875,289.1000061035156,9324.0
2009-03-31,298.0,305.0,278.29998779296875,297.8999938964844,121947.0
2009-04-01,300.0,300.0,292.1499938964844,297.04998779296875,58559.0
2009-04-02,300.0,310.0,296.1000061035156,298.1000061035156,52334.0
2009-04-06,302.0,355.0,296.75,300.75,44714.0
2009-04-08,306.0,314.0,290.1499938964844,310.29998779296875,42156.0
2009-04-09,310.0,320.8999938964844,302.70001220703125,315.8999938964844,66031.0
2009-04-13,317.0,320.0,310.0,318.79998779296875,17534.0
2009-04-15,317.0,322.0,315.0,318.70001220703125,92982.0
2009-04-16,319.0,330.0,297.0,311.0,28356.0
2009-04-17,307.0,320.0,307.0,315.04998779296875,30039.0
2009-04-20,315.1499938964844,347.79998779296875,312.1499938964844,329.6499938964844,26478.0
2009-04-21,320.5,353.79998779296875,320.5,350.6000061035156,63269.0
2009-04-22,340.0,432.6499938964844,340.0,412.0,457461.0
2009-04-23,424.79998779296875,426.0,367.95001220703125,374.54998779296875,150960.0
2009-04-24,376.0,386.8999938964844,360.0,365.8500061035156,63621.0
2009-04-27,361.1000061035156,389.8500061035156,361.1000061035156,366.5,39081.0
2009-04-28,368.0,370.0,342.25,345.8999938964844,18687.0
2009-04-29,355.8999938964844,357.6499938964844,335.95001220703125,339.5,31664.0
2009-04-30,339.8999938964844,339.8999938964844,339.8999938964844,339.8999938964844,0.0
2009-05-04,350.0,387.5,343.25,355.20001220703125,86651.0
2009-05-05,353.0,374.95001220703125,351.5,368.3999938964844,39221.0
2009-05-06,360.1000061035156,378.0,360.1000061035156,367.6000061035156,20150.0
2009-05-07,374.5,377.0,361.0,365.6000061035156,20805.0
2009-05-08,365.6000061035156,377.0,362.0,369.29998779296875,20554.0
2009-05-11,370.0,372.70001220703125,355.0,363.8999938964844,8237.0
2009-05-12,353.0,362.0,353.0,356.25,19316.0
2009-05-13,356.0,364.0,348.0,353.0,20918.0
2009-05-14,353.0,374.79998779296875,348.0,363.6499938964844,28880.0
2009-05-15,365.0,379.0,363.0,366.70001220703125,31998.0
2009-05-18,398.0,398.0,398.0,398.0,35.0
2009-05-19,400.0,425.0,365.1000061035156,383.29998779296875,61871.0
2009-05-20,387.0,405.0,376.0,394.79998779296875,40733.0
2009-05-21,395.0,407.0,388.0,397.0,104936.0
2009-05-22,393.0,408.0,384.04998779296875,399.8500061035156,58662.0
2009-05-25,396.0,404.8999938964844,381.20001220703125,388.1000061035156,50944.0
2009-05-26,390.0,393.8999938964844,367.0,373.95001220703125,48528.0
2009-05-27,362.25,384.0,362.25,372.8999938964844,37165.0
2009-05-28,380.0,385.0,365.0,368.8999938964844,69652.0
2009-05-29,372.0,403.8999938964844,362.0,364.45001220703125,169319.0
2009-06-01,376.0,408.0,376.0,404.29998779296875,248827.0
2009-06-02,408.5,457.0,408.5,453.25,324397.0
2009-06-03,465.0,502.0,432.1000061035156,440.25,512063.0
2009-06-04,440.0,490.0,440.0,447.3500061035156,445374.0
2009-06-05,450.0,469.0,436.25,445.5,279099.0
2009-06-08,438.0,458.3999938964844,425.0,431.95001220703125,108709.0
2009-06-09,413.0,459.0,412.0,452.20001220703125,122948.0
2009-06-10,454.8999938964844,467.95001220703125,450.0,460.79998779296875,198120.0
2009-06-11,461.0,480.0,455.6000061035156,470.6499938964844,206476.0
2009-06-12,475.0,479.95001220703125,438.29998779296875,461.45001220703125,117743.0
2009-06-15,460.0,460.0,437.04998779296875,442.45001220703125,25770.0
2009-06-16,430.25,444.0,422.29998779296875,439.1000061035156,25973.0
2009-06-17,443.8500061035156,443.8500061035156,408.8500061035156,411.95001220703125,44517.0
2009-06-18,419.0,420.0,360.0,388.95001220703125,936822.0
2009-06-19,401.0,407.8500061035156,383.0,390.1499938964844,79543.0
2009-06-22,392.1000061035156,403.95001220703125,368.0,371.95001220703125,68195.0
2009-06-23,354.0,370.0,351.20001220703125,359.75,170798.0
2009-06-24,359.0,388.0,345.29998779296875,355.5,161422.0
2009-06-25,359.8999938964844,370.0,358.0,362.20001220703125,122401.0
2009-06-26,365.0,365.0,360.04998779296875,362.8999938964844,78558.0
2009-06-29,363.0,368.6499938964844,359.04998779296875,364.1499938964844,208063.0
2009-06-30,369.0,374.0,361.0,366.29998779296875,342465.0
2009-07-01,361.3999938964844,409.29998779296875,351.8500061035156,351.8500061035156,239746.0
2009-07-02,402.0,418.95001220703125,381.0,415.20001220703125,368962.0
2009-07-03,420.95001220703125,436.0,410.0,414.3500061035156,209430.0
2009-07-06,420.5,427.0,393.0,400.5,96260.0
2009-07-07,400.5,400.5,375.1499938964844,380.04998779296875,281008.0
2009-07-08,380.0,383.95001220703125,366.70001220703125,375.1499938964844,45971.0
2009-07-09,375.0,375.0,364.1000061035156,367.8999938964844,116616.0
2009-07-10,370.0,386.0,363.04998779296875,369.1000061035156,112754.0
2009-07-13,364.0,373.0,351.0,363.1000061035156,90435.0
2009-07-14,371.0,381.0,370.0,374.3500061035156,47209.0
2009-07-15,380.0,390.0,376.0,384.1000061035156,73555.0
2009-07-16,395.0,406.0,390.04998779296875,401.1499938964844,96031.0
2009-07-17,431.1000061035156,474.95001220703125,411.45001220703125,428.20001220703125,167113.0
2009-07-20,439.3999938964844,452.8500061035156,434.04998779296875,439.70001220703125,157132.0
2009-07-21,436.04998779296875,448.0,428.0,435.20001220703125,185519.0
2009-07-22,438.79998779296875,445.0,420.0,427.04998779296875,129542.0
2009-07-23,426.0,439.25,421.1000061035156,426.29998779296875,63991.0
2009-07-24,428.0,438.3999938964844,428.0,430.8999938964844,101439.0
2009-07-27,435.0,447.95001220703125,433.04998779296875,435.8999938964844,88452.0
2009-07-28,439.8999938964844,442.0,434.0,436.29998779296875,42806.0
2009-07-29,433.04998779296875,442.0,425.20001220703125,434.8500061035156,57521.0
2009-07-30,426.25,446.8999938964844,426.25,444.04998779296875,51296.0
2009-07-31,445.0,476.79998779296875,442.5,468.70001220703125,128102.0
2009-08-03,470.0,526.7999877929688,466.0,499.25,248995.0
2009-08-04,502.0,507.0,465.0,500.70001220703125,55168.0
2009-08-05,500.0,504.79998779296875,480.0,489.8500061035156,74017.0
2009-08-06,476.1499938964844,490.0,462.25,471.29998779296875,33897.0
2009-08-07,456.6000061035156,470.0,445.0,449.8500061035156,43944.0
2009-08-10,456.0,463.8500061035156,432.25,453.5,72554.0
2009-08-11,457.0,458.79998779296875,438.1000061035156,441.1000061035156,31905.0
2009-08-12,437.1499938964844,458.79998779296875,435.8500061035156,449.04998779296875,40754.0
2009-08-13,459.0,465.0,453.04998779296875,458.25,85779.0
2009-08-14,462.0,462.0,439.29998779296875,441.3999938964844,43805.0
2009-08-17,441.0,478.6000061035156,432.0,456.79998779296875,224039.0
2009-08-18,464.0,464.5,449.04998779296875,450.29998779296875,64483.0
2009-08-19,457.8500061035156,457.8500061035156,446.0,447.6000061035156,29341.0
2009-08-20,449.5,454.0,442.5,446.3500061035156,36621.0
2009-08-21,448.0,470.0,445.04998779296875,467.79998779296875,172120.0
2009-08-24,470.1499938964844,478.95001220703125,455.1499938964844,466.54998779296875,51642.0
2009-08-25,466.54998779296875,479.0,457.20001220703125,471.6000061035156,35102.0
2009-08-26,474.0,479.70001220703125,470.25,476.70001220703125,16681.0
2009-08-27,479.8999938964844,479.8999938964844,463.95001220703125,467.3999938964844,32548.0
2009-08-28,463.25,476.5,463.25,470.95001220703125,15079.0
2009-08-31,470.95001220703125,475.0,465.0,469.3500061035156,16792.0
2009-09-01,474.0,475.0,463.0,464.8999938964844,22728.0
2009-09-02,466.0,466.0,453.0,462.95001220703125,6371.0
2009-09-03,477.0,477.5,455.20001220703125,469.3999938964844,17833.0
2009-09-04,470.25,475.1000061035156,466.5,472.20001220703125,10922.0
2009-09-07,474.0,491.5,470.04998779296875,487.45001220703125,44674.0
2009-09-08,495.0,495.0,483.04998779296875,485.25,21521.0
2009-09-09,486.0,488.95001220703125,478.0,481.3999938964844,10016.0
2009-09-10,480.0,491.45001220703125,480.0,488.75,22681.0
2009-09-11,485.25,491.45001220703125,474.1000061035156,478.5,29982.0
2009-09-14,474.0,479.70001220703125,467.04998779296875,468.70001220703125,24366.0
2009-09-15,471.29998779296875,488.79998779296875,471.29998779296875,478.8999938964844,29966.0
2009-09-16,485.0,489.0,470.1000061035156,473.25,44956.0
2009-09-17,478.95001220703125,484.8500061035156,471.0,473.3500061035156,33886.0
2009-09-18,482.8999938964844,485.0,472.0,476.95001220703125,400455.0
2009-09-22,480.0,513.8499755859375,475.0,487.3999938964844,403992.0
2009-09-23,495.0,508.95001220703125,481.0,485.1499938964844,603690.0
2009-09-24,483.0,509.95001220703125,480.0,502.45001220703125,167587.0
2009-09-25,500.0,510.0,492.0,498.3999938964844,167823.0
2009-09-29,510.0,518.0,501.0,504.6000061035156,52595.0
2009-09-30,510.0,515.0,505.0,511.70001220703125,60075.0
2009-10-01,510.0,568.8499755859375,507.70001220703125,539.6500244140625,229969.0
2009-10-05,531.3499755859375,560.0,523.2000122070312,528.5,83838.0
2009-10-06,532.0,542.0,514.0,518.7999877929688,64574.0
2009-10-07,518.0,537.5999755859375,515.0,519.0,86188.0
2009-10-08,517.0,529.2000122070312,511.0,515.0499877929688,48295.0
2009-10-09,518.0999755859375,538.0,511.04998779296875,517.3499755859375,133572.0
2009-10-12,528.0,535.0,507.70001220703125,517.75,102626.0
2009-10-13,514.5,514.5,514.5,514.5,0.0
2009-10-14,522.0,533.7999877929688,513.0499877929688,520.4000244140625,320598.0
2009-10-15,527.4000244140625,542.0,515.5,520.25,206257.0
2009-10-16,535.0,553.9500122070312,528.1500244140625,532.8499755859375,468235.0
2009-10-20,547.5,551.7999877929688,535.0,538.2999877929688,64060.0
2009-10-21,535.0,543.0,530.2999877929688,531.5,37791.0
2009-10-22,530.0,535.0,518.0,522.0499877929688,37003.0
2009-10-23,528.0,529.9000244140625,518.5,520.4000244140625,25907.0
2009-10-26,525.9000244140625,525.9000244140625,511.20001220703125,513.4000244140625,39556.0
2009-10-27,510.0,516.75,486.3500061035156,490.95001220703125,51315.0
2009-10-28,487.0,508.0,482.45001220703125,501.0,32344.0
2009-10-29,497.0,500.0,486.0,492.1499938964844,46362.0
2009-10-30,520.0,590.0,482.3999938964844,486.8999938964844,53321.0
2009-11-03,486.8999938964844,495.0,463.0,465.3999938964844,43800.0
2009-11-04,470.0,487.3999938964844,468.04998779296875,481.1000061035156,37302.0
2009-11-05,481.1000061035156,497.0,478.0,490.1000061035156,78009.0
2009-11-06,498.8500061035156,504.95001220703125,492.0,494.29998779296875,21658.0
2009-11-09,489.0,504.0,489.0,500.1000061035156,15986.0
2009-11-10,501.25,518.0,497.0,508.45001220703125,80384.0
2009-11-11,507.0,515.0,500.0,506.54998779296875,26057.0
2009-11-12,506.54998779296875,509.8500061035156,496.1000061035156,500.6499938964844,14949.0
2009-11-13,504.3999938964844,505.8500061035156,497.0,498.6499938964844,12272.0
2009-11-16,500.0,504.79998779296875,494.8999938964844,495.8500061035156,34259.0
2009-11-17,507.0,507.0,496.0,503.70001220703125,28598.0
2009-11-18,505.0,505.0,497.0,498.5,20033.0
2009-11-19,498.25,503.0,495.5,497.29998779296875,14817.0
2009-11-20,492.0,509.95001220703125,490.1000061035156,504.04998779296875,28172.0
2009-11-23,504.0,512.0,499.0,504.0,27130.0
2009-11-24,506.8500061035156,528.0,503.6499938964844,524.8499755859375,236265.0
2009-11-25,526.0,541.0,525.0,525.5499877929688,35057.0
2009-11-26,525.0,532.9500122070312,521.4000244140625,525.2000122070312,21138.0
2009-11-27,511.0,530.0,505.25,528.3499755859375,70407.0
2009-11-30,530.0,531.7999877929688,523.0499877929688,528.2999877929688,101475.0
2009-12-01,528.0,540.0,524.5,537.3499755859375,52922.0
2009-12-02,535.0,539.8499755859375,532.0499877929688,534.0,39969.0
2009-12-03,536.2000122070312,540.0,530.4000244140625,535.8499755859375,18151.0
2009-12-04,527.4000244140625,558.75,526.5499877929688,549.25,177091.0
2009-12-07,547.0499877929688,566.3499755859375,547.0,556.8499755859375,80956.0
2009-12-08,556.8499755859375,562.0,553.6500244140625,560.1500244140625,28320.0
2009-12-09,559.0,559.0,550.1500244140625,553.0,17933.0
2009-12-10,550.0,568.0,550.0,555.5,32216.0
2009-12-11,555.2999877929688,565.7000122070312,550.0,555.25,35423.0
2009-12-14,555.0,558.0,550.2999877929688,556.25,25237.0
2009-12-15,563.9000244140625,591.5,557.0,575.7999877929688,253092.0
2009-12-16,579.4000244140625,590.0,570.1500244140625,583.2000122070312,96714.0
2009-12-17,583.3499755859375,625.0,583.3499755859375,609.5499877929688,133023.0
2009-12-18,608.0,661.1500244140625,603.7000122070312,648.5,248250.0
2009-12-21,648.5,670.0,611.25,621.2999877929688,160368.0
2009-12-22,630.0,640.2999877929688,622.5499877929688,630.5499877929688,56488.0
2009-12-23,637.4000244140625,643.0,620.1500244140625,625.6500244140625,38272.0
2009-12-24,634.0,634.7999877929688,606.2000122070312,610.0,66791.0
2009-12-29,624.9000244140625,641.0,615.0,620.0,83662.0
2009-12-30,625.0,631.4500122070312,617.0,619.9500122070312,224020.0
2009-12-31,624.9500122070312,644.0,615.0,615.2999877929688,160630.0
2010-01-04,627.0,668.0,620.0,645.4000244140625,288696.0
2010-01-05,662.9500122070312,662.9500122070312,645.0,650.3499755859375,93339.0
2010-01-06,653.0,656.9000244140625,636.5,641.25,73531.0
2010-01-07,645.0,647.0,625.0999755859375,628.1500244140625,68365.0
2010-01-08,632.5,638.7000122070312,622.0,625.2000122070312,49900.0
2010-01-11,630.0499877929688,636.0,619.0,629.2000122070312,135995.0
2010-01-12,634.9000244140625,642.9500122070312,615.0,620.1500244140625,152063.0
2010-01-13,619.0,634.9500122070312,610.0,616.0499877929688,170488.0
2010-01-14,638.0,649.7999877929688,621.9000244140625,623.7999877929688,237425.0
2010-01-15,628.0,633.8499755859375,615.0,618.6500244140625,121042.0
2010-01-18,623.0,623.0,612.0,615.8499755859375,45717.0
2010-01-19,618.0,635.0,616.0,617.7000122070312,211406.0
2010-01-20,625.0,633.0,617.75,621.0,128722.0
2010-01-21,621.0,625.0,612.0,613.75,51973.0
2010-01-22,625.0,625.0,590.0,592.75,180270.0
2010-01-25,593.9500122070312,609.0,588.8499755859375,598.5499877929688,80426.0
2010-01-27,598.0,610.4500122070312,580.0999755859375,583.0999755859375,69933.0
2010-01-28,585.0,596.9000244140625,570.2999877929688,574.4500122070312,39706.0
2010-01-29,566.0999755859375,568.8499755859375,556.25,564.75,40118.0
2010-02-01,567.8499755859375,591.0,560.0,586.25,94387.0
2010-02-02,594.7000122070312,594.7000122070312,574.0,579.7999877929688,89072.0
2010-02-03,590.0,590.0,568.0499877929688,573.0,52902.0
2010-02-04,575.0,593.0,563.1500244140625,566.2000122070312,85044.0
2010-02-05,550.0,565.0,541.0,553.7000122070312,32759.0
2010-02-08,557.5,586.2000122070312,555.5,579.4500122070312,397754.0
2010-02-09,583.0,588.4000244140625,563.0999755859375,564.9500122070312,85139.0
2010-02-10,572.8499755859375,573.0,561.4000244140625,563.75,19810.0
2010-02-11,568.0,569.0,561.4000244140625,563.5499877929688,88814.0
2010-02-15,560.0,569.8499755859375,535.7999877929688,557.4000244140625,12665.0
2010-02-16,559.0499877929688,573.9000244140625,551.5999755859375,562.4500122070312,45447.0
2010-02-17,572.2000122070312,587.5,565.5,570.5499877929688,269225.0
2010-02-18,561.5999755859375,583.0,561.5999755859375,572.2000122070312,42546.0
2010-02-19,561.0,574.5999755859375,555.0,562.25,31530.0
2010-02-22,567.0,595.0,555.0,571.3499755859375,448737.0
2010-02-23,575.0,593.9000244140625,573.0,589.8499755859375,177437.0
2010-02-24,585.0,603.9500122070312,585.0,600.2000122070312,257466.0
2010-02-25,605.0,606.4000244140625,587.2000122070312,593.3499755859375,60316.0
2010-02-26,590.0,612.7999877929688,586.0,594.9500122070312,87137.0
2010-03-02,599.7999877929688,621.0499877929688,596.25,610.0,116061.0
2010-03-03,612.0,617.0,598.0499877929688,603.0499877929688,71753.0
2010-03-04,608.7000122070312,613.25,587.0999755859375,593.5,76056.0
2010-03-05,598.9500122070312,604.0,585.2999877929688,587.2000122070312,36004.0
2010-03-08,598.0,603.0,587.2999877929688,589.9500122070312,24863.0
2010-03-09,594.7999877929688,601.0,585.3499755859375,590.5499877929688,34096.0
2010-03-10,589.7999877929688,606.7999877929688,588.25,593.4500122070312,69787.0
2010-03-11,592.0,599.0,585.5999755859375,590.0499877929688,42018.0
2010-03-12,597.0,603.0,587.0,589.5,205119.0
2010-03-15,594.0,595.0,582.0,582.9500122070312,44042.0
2010-03-16,587.5,588.0,575.0,577.5999755859375,67733.0
2010-03-17,583.0,589.9500122070312,573.0,573.9500122070312,357683.0
2010-03-18,579.2000122070312,579.2000122070312,571.2000122070312,572.5499877929688,23261.0
2010-03-19,578.7000122070312,581.2999877929688,571.5499877929688,574.8499755859375,100941.0
2010-03-22,590.0,597.7999877929688,566.1500244140625,573.0999755859375,47466.0
2010-03-23,582.0,582.0,568.3499755859375,568.9500122070312,37643.0
2010-03-25,569.0,573.7000122070312,561.25,564.5999755859375,56634.0
2010-03-26,569.9500122070312,582.0,566.2000122070312,573.9000244140625,93076.0
2010-03-29,576.9000244140625,604.7999877929688,574.9500122070312,598.2000122070312,204170.0
2010-03-30,600.0,629.0,596.5999755859375,614.2999877929688,443964.0
2010-03-31,622.0,629.8499755859375,597.25,604.1500244140625,162572.0
2010-04-01,592.2999877929688,611.4500122070312,592.2999877929688,606.2000122070312,51953.0
2010-04-05,613.1500244140625,622.0,608.0,620.25,65879.0
2010-04-06,630.0,630.0,611.1500244140625,615.5499877929688,68258.0
2010-04-07,624.0,624.0,611.0,612.5,65507.0
2010-04-08,597.1500244140625,619.6500244140625,597.1500244140625,615.0499877929688,102162.0
2010-04-09,584.2999877929688,628.4000244140625,584.2999877929688,611.7999877929688,118769.0
2010-04-12,612.0,631.5,611.0,628.0,127094.0
2010-04-13,635.0,635.0,626.0499877929688,630.25,86918.0
2010-04-15,628.0,636.6500244140625,626.0,631.0999755859375,86694.0
2010-04-16,629.0,630.0,611.0,618.9000244140625,89343.0
2010-04-19,614.0,640.0,605.0,627.7999877929688,73447.0
2010-04-20,634.0,640.0,623.0,625.6500244140625,42636.0
2010-04-21,631.9000244140625,642.0,617.0,637.7000122070312,85515.0
2010-04-22,642.7999877929688,656.0,633.0,647.0,282771.0
2010-04-23,647.2000122070312,664.0,645.0,657.4000244140625,140476.0
2010-04-26,667.7999877929688,684.7000122070312,665.0,674.0499877929688,158585.0
2010-04-27,662.2999877929688,678.0,656.0,658.8499755859375,63386.0
2010-04-28,650.0999755859375,650.0999755859375,621.25,623.6500244140625,115401.0
2010-04-29,634.0,640.0,617.0,620.9500122070312,63194.0
2010-04-30,630.0,634.7999877929688,625.4000244140625,627.3499755859375,41083.0
2010-05-03,605.7999877929688,640.0,605.7999877929688,627.7000122070312,25969.0
2010-05-04,610.0999755859375,660.0,610.0999755859375,642.1500244140625,232900.0
2010-05-05,625.0,691.7999877929688,618.0,666.0,581102.0
2010-05-06,671.0,678.9500122070312,649.0,654.0,136686.0
2010-05-07,643.0,659.0,633.7000122070312,641.0999755859375,66113.0
2010-05-10,649.9000244140625,675.0,645.5,662.4000244140625,188639.0
2010-05-11,669.8499755859375,672.0,640.0,643.0499877929688,160750.0
2010-05-12,649.5999755859375,659.9000244140625,647.0499877929688,653.9500122070312,104528.0
2010-05-13,670.0,718.0,664.0,706.7999877929688,1401385.0
2010-05-14,701.0999755859375,725.0,680.0,687.5,607941.0
2010-05-17,680.0,708.7000122070312,670.0,702.1500244140625,277089.0
2010-05-18,703.0,711.0,695.25,706.5,461525.0
2010-05-19,706.0,726.7999877929688,690.0,719.1500244140625,307776.0
2010-05-20,723.0,728.0,702.0999755859375,709.2999877929688,178018.0
2010-05-21,685.0,708.0,685.0,695.5499877929688,79253.0
2010-05-24,695.0,709.7999877929688,679.0,684.3499755859375,76930.0
2010-05-25,689.9500122070312,689.9500122070312,656.5499877929688,660.0,48660.0
2010-05-26,667.0,690.7999877929688,665.0,683.5,74727.0
2010-05-27,674.4000244140625,690.5,674.4000244140625,682.5999755859375,29473.0
2010-05-28,685.5,695.0,673.2999877929688,675.2000122070312,45144.0
2010-05-31,680.2000122070312,684.4000244140625,670.0999755859375,674.75,40256.0
2010-06-01,676.0,682.0,653.25,657.0,75326.0
2010-06-02,666.0,678.0,655.0,664.75,46823.0
2010-06-03,669.0,678.0,668.0,675.6500244140625,111037.0
2010-06-04,673.0,677.0,665.0,666.9500122070312,21846.0
2010-06-07,658.9500122070312,684.0,650.0,676.2999877929688,45236.0
2010-06-08,679.0,699.8499755859375,675.0,694.2000122070312,136983.0
2010-06-09,698.7000122070312,748.2999877929688,698.0,731.0,671181.0
2010-06-10,730.0,744.0,706.0,712.3499755859375,235048.0
2010-06-11,722.4000244140625,722.4000244140625,703.2000122070312,705.0499877929688,55091.0
2010-06-14,708.5,720.9500122070312,708.5,713.2999877929688,47531.0
2010-06-15,715.9000244140625,718.5,711.2000122070312,713.9000244140625,19561.0
2010-06-16,717.0,734.9000244140625,706.1500244140625,724.4000244140625,551580.0
2010-06-17,723.7999877929688,725.0,712.0999755859375,714.2999877929688,114532.0
2010-06-18,708.75,708.75,680.0,691.8499755859375,126352.0
2010-06-21,705.0,715.0,697.1500244140625,698.8499755859375,45261.0
2010-06-22,702.0,710.0,693.8499755859375,703.2999877929688,23732.0
2010-06-23,703.0,708.7999877929688,698.0,700.0,40418.0
2010-06-24,680.0,707.0,680.0,700.3499755859375,43721.0
2010-06-25,698.2999877929688,705.0,698.25,700.2000122070312,55468.0
2010-06-28,709.0,709.0,698.8499755859375,703.5,69583.0
2010-06-29,701.3499755859375,723.7999877929688,700.0,708.25,220057.0
2010-06-30,702.0,710.0,700.0,701.2999877929688,182414.0
2010-07-01,703.0,719.0,700.0,707.5,113408.0
2010-07-02,712.7999877929688,715.0499877929688,707.2000122070312,709.1500244140625,44538.0
2010-07-05,710.0499877929688,723.0,709.75,715.7000122070312,60473.0
2010-07-06,719.7999877929688,748.0,710.0,744.1500244140625,290934.0
2010-07-07,744.7999877929688,751.7999877929688,736.0,738.6500244140625,179105.0
2010-07-08,724.4000244140625,724.4000244140625,700.0499877929688,701.4000244140625,111968.0
2010-07-09,701.0,712.0,696.0999755859375,699.8499755859375,69495.0
2010-07-12,702.1500244140625,702.1500244140625,666.2000122070312,679.4000244140625,69349.0
2010-07-13,676.0,681.0999755859375,675.0999755859375,676.5499877929688,75211.0
2010-07-14,675.5,700.0,667.3499755859375,680.0499877929688,188009.0
2010-07-15,682.0,696.5999755859375,670.0,684.9000244140625,94960.0
2010-07-16,684.0,695.9000244140625,680.0999755859375,687.6500244140625,41982.0
2010-07-19,685.0999755859375,694.9000244140625,681.0,686.6500244140625,21614.0
2010-07-20,684.0,693.4500122070312,684.0,685.75,34372.0
2010-07-21,686.0,714.75,686.0,711.3499755859375,272966.0
2010-07-22,718.4000244140625,724.4000244140625,675.5,697.0,795783.0
2010-07-23,698.0,699.0,674.0,675.2999877929688,128918.0
2010-07-26,684.0,687.0999755859375,673.5,683.9000244140625,40010.0
2010-07-27,681.9000244140625,701.5499877929688,681.0499877929688,697.3499755859375,80565.0
2010-07-28,700.0,724.2999877929688,691.3499755859375,717.4500122070312,362137.0
2010-07-29,719.0,723.9000244140625,705.25,715.1500244140625,94188.0
2010-07-30,716.0999755859375,729.7999877929688,711.3499755859375,724.5,184370.0
2010-08-02,724.5,731.8499755859375,718.0,727.8499755859375,87406.0
2010-08-03,729.25,732.0,722.0999755859375,726.0,32378.0
2010-08-04,729.7000122070312,729.7000122070312,711.0,716.5999755859375,27967.0
2010-08-05,717.0,730.0,715.0,723.7000122070312,172546.0
2010-08-06,728.7000122070312,729.9000244140625,720.0,722.0499877929688,35566.0
2010-08-09,722.0499877929688,732.7999877929688,717.0499877929688,729.0,57018.0
2010-08-10,729.0,734.9500122070312,715.0,717.7000122070312,21380.0
2010-08-11,721.7000122070312,749.7000122070312,712.0,736.0999755859375,131017.0
2010-08-12,730.0,764.9000244140625,720.25,740.7999877929688,544342.0
2010-08-13,748.0,760.0,744.7000122070312,748.3499755859375,92693.0
2010-08-16,754.7000122070312,759.6500244140625,740.0,743.0999755859375,54506.0
2010-08-17,749.7000122070312,749.7000122070312,720.5,726.4500122070312,57712.0
2010-08-18,730.1500244140625,747.8499755859375,730.1500244140625,739.8499755859375,26087.0
2010-08-19,749.9000244140625,762.75,740.0999755859375,755.0999755859375,156514.0
2010-08-20,759.0499877929688,769.0,755.0,762.2000122070312,85314.0
2010-08-23,765.0,770.0,762.0,766.75,54159.0
2010-08-24,765.0,766.3499755859375,750.2000122070312,752.8499755859375,22309.0
2010-08-25,751.25,759.0,749.0,752.25,43214.0
2010-08-26,752.0,775.0,746.0,769.5999755859375,127265.0
2010-08-27,765.0,765.0,737.0,740.7000122070312,60995.0
2010-08-30,754.4000244140625,754.4000244140625,731.0,732.8499755859375,18755.0
2010-08-31,730.0,750.0,725.0,746.1500244140625,31996.0
2010-09-01,752.0,756.9500122070312,741.25,745.7999877929688,26558.0
2010-09-02,753.9000244140625,764.0,750.0499877929688,759.9000244140625,63022.0
2010-09-03,770.0,799.0,756.2000122070312,777.2999877929688,188855.0
2010-09-06,779.0,869.7000122070312,779.0,823.6500244140625,572849.0
2010-09-07,828.9000244140625,834.75,807.2999877929688,819.3499755859375,113651.0
2010-09-08,821.0,862.7999877929688,820.0,854.1500244140625,291580.0
2010-09-09,858.0,875.0499877929688,851.2000122070312,863.75,195617.0
2010-09-13,872.9000244140625,899.75,849.75,882.2000122070312,337443.0
2010-09-14,887.9000244140625,887.9000244140625,866.0,874.2999877929688,58684.0
2010-09-15,875.0,875.0,857.0499877929688,867.2999877929688,65029.0
2010-09-16,873.0,873.0,852.0,856.25,55468.0
2010-09-17,860.0,898.0,860.0,871.5499877929688,370870.0
2010-09-20,868.0499877929688,880.0,865.0,870.8499755859375,104171.0
2010-09-21,870.0,877.0,857.0499877929688,870.8499755859375,43928.0
2010-09-22,879.0,888.0,860.0,863.5499877929688,73564.0
2010-09-23,869.0,871.9000244140625,850.0999755859375,861.75,40949.0
2010-09-24,855.0,871.0,851.0,859.2000122070312,45498.0
2010-09-27,861.0999755859375,878.4000244140625,852.25,862.75,44113.0
2010-09-28,865.0,865.0,838.0999755859375,844.1500244140625,78096.0
2010-09-29,847.0,853.9500122070312,806.0999755859375,819.2000122070312,184236.0
2010-09-30,828.7000122070312,843.5,821.0999755859375,830.5,67806.0
2010-10-01,839.0,849.0,830.1500244140625,835.25,38172.0
2010-10-04,835.0,852.7999877929688,817.2000122070312,826.5999755859375,58978.0
2010-10-05,818.0,884.75,818.0,850.2999877929688,128336.0
2010-10-06,859.9000244140625,898.0,859.7999877929688,873.9000244140625,260474.0
2010-10-07,880.0499877929688,888.0,855.0,859.9500122070312,55351.0
2010-10-08,850.0,870.0,846.0,851.75,54272.0
2010-10-11,863.0,874.7999877929688,857.5,865.25,90247.0
2010-10-12,866.0,870.0,851.5,855.8499755859375,33685.0
2010-10-13,856.0,870.0,856.0,868.6500244140625,44059.0
2010-10-14,870.0,888.0,855.0,856.7999877929688,75798.0
2010-10-15,862.0,867.0,852.0,858.6500244140625,75692.0
2010-10-18,859.0,862.0,849.0,854.4500122070312,60567.0
2010-10-19,864.0,870.0,841.5,849.7000122070312,48937.0
2010-10-20,864.9500122070312,912.2000122070312,857.0,873.5999755859375,318443.0
2010-10-21,875.0,880.0,865.0499877929688,874.6500244140625,67892.0
2010-10-22,879.0,894.0,868.7000122070312,871.25,73231.0
2010-10-25,874.0,878.0,861.7999877929688,869.2999877929688,54927.0
2010-10-26,873.7999877929688,873.7999877929688,858.0,861.4500122070312,33508.0
2010-10-27,840.0,867.9000244140625,840.0,864.75,105672.0
2010-10-28,867.0,899.0,867.0,882.5999755859375,288962.0
2010-10-29,888.0,895.7999877929688,855.0,874.5499877929688,68321.0
2010-11-01,884.0,972.0,865.0,931.0999755859375,754296.0
2010-11-02,937.5999755859375,944.0,912.4000244140625,919.5999755859375,275407.0
2010-11-03,915.0,949.0,915.0,932.4000244140625,268976.0
2010-11-04,940.0,942.0,926.1500244140625,934.3499755859375,96556.0
2010-11-08,945.0,948.0,930.0999755859375,932.4000244140625,55048.0
2010-11-09,937.2000122070312,950.0,930.0499877929688,938.0,57485.0
2010-11-10,936.0,941.5,925.0499877929688,929.7999877929688,35487.0
2010-11-11,932.0499877929688,943.0499877929688,903.0499877929688,907.3499755859375,98545.0
2010-11-12,893.75,934.75,893.75,898.5499877929688,86164.0
2010-11-15,914.0,914.0,876.0,881.3499755859375,93432.0
2010-11-16,876.0,891.9000244140625,866.75,869.2999877929688,73112.0
2010-11-18,875.0,885.0,854.2999877929688,870.1500244140625,62233.0
2010-11-19,867.9500122070312,877.8499755859375,855.0499877929688,861.9000244140625,35238.0
2010-11-22,865.9500122070312,874.9000244140625,861.0,870.9000244140625,71319.0
2010-11-23,878.0,916.5,850.0,889.0999755859375,229056.0
2010-11-24,896.0,904.9500122070312,874.5,875.6500244140625,67791.0
2010-11-25,875.1500244140625,884.8499755859375,850.0999755859375,859.2999877929688,162492.0
2010-11-26,860.4000244140625,876.0,827.0,855.1500244140625,139447.0
2010-11-29,856.0,872.4500122070312,835.0499877929688,857.2000122070312,74069.0
2010-11-30,857.0,861.6500244140625,842.5,858.1500244140625,92006.0
2010-12-01,856.3499755859375,899.9000244140625,850.0,893.9000244140625,99491.0
2010-12-02,912.0,912.0,885.0,887.4000244140625,22681.0
2010-12-03,890.0,896.9000244140625,875.0499877929688,878.7999877929688,27757.0
2010-12-06,880.0,900.0,876.0,886.0999755859375,32380.0
2010-12-07,878.2000122070312,900.0,876.2999877929688,879.9500122070312,22292.0
2010-12-08,871.2000122070312,891.0,850.0,865.5999755859375,28293.0
2010-12-09,880.0,880.0,830.0,837.0,43080.0
2010-12-10,820.5,850.0,786.75,846.2000122070312,45252.0
2010-12-13,856.0,862.0,826.0,845.75,27920.0
2010-12-14,853.5499877929688,858.0,843.2000122070312,854.75,38018.0
2010-12-15,859.7999877929688,859.7999877929688,834.0,838.5,26962.0
2010-12-16,832.0,843.0,820.1500244140625,823.3499755859375,36909.0
2010-12-20,820.0499877929688,840.0,820.0,829.7000122070312,29739.0
2010-12-21,830.0999755859375,850.0,807.2000122070312,847.2999877929688,48123.0
2010-12-22,851.0,857.0,840.1500244140625,850.25,45321.0
2010-12-23,851.1500244140625,859.4000244140625,840.0,853.25,16787.0
2010-12-24,856.9500122070312,881.0,843.0,866.6500244140625,72911.0
2010-12-27,874.4500122070312,878.0,855.1500244140625,860.5999755859375,32742.0
2010-12-28,852.0,870.0,852.0,859.2000122070312,19811.0
2010-12-29,861.0,888.0,861.0,867.0999755859375,57833.0
2010-12-30,868.25,878.7999877929688,861.0,863.8499755859375,26835.0
2010-12-31,865.0499877929688,880.0,855.0,874.2000122070312,40994.0
2011-01-03,877.9500122070312,892.0,868.0,870.2999877929688,52723.0
2011-01-04,877.7999877929688,878.0,856.1500244140625,864.25,168249.0
2011-01-05,860.0,872.9500122070312,826.0,827.7000122070312,94497.0
2011-01-06,835.0499877929688,835.0499877929688,810.5499877929688,812.25,257547.0
2011-01-07,814.0,815.9500122070312,776.0,788.5499877929688,56541.0
2011-01-10,783.9000244140625,799.9500122070312,762.0,787.5999755859375,168339.0
2011-01-11,790.5999755859375,796.9500122070312,758.0,762.7999877929688,156881.0
2011-01-12,765.0,778.9500122070312,754.0,774.6500244140625,48188.0
2011-01-13,766.7000122070312,777.9000244140625,765.0999755859375,770.0,35133.0
2011-01-14,774.0,778.9500122070312,751.0,761.5499877929688,37714.0
2011-01-17,737.2000122070312,764.0,737.2000122070312,744.7999877929688,26429.0
2011-01-18,760.0,760.0,740.9500122070312,747.4500122070312,32211.0
2011-01-19,759.9500122070312,765.9000244140625,731.2999877929688,735.1500244140625,82794.0
2011-01-20,748.0,761.0,737.0499877929688,739.7000122070312,132436.0
2011-01-21,740.5499877929688,754.75,738.0,751.9000244140625,67997.0
2011-01-24,752.0,757.4500122070312,745.0,751.3499755859375,23703.0
2011-01-25,752.0,755.0999755859375,745.0999755859375,748.2000122070312,27152.0
2011-01-27,742.2999877929688,752.0,720.0,725.25,48768.0
2011-01-28,725.9500122070312,743.0,714.0,738.0,80250.0
2011-01-31,729.9500122070312,734.9000244140625,713.0999755859375,727.4500122070312,32644.0
2011-02-01,728.0,738.0,702.5499877929688,717.5499877929688,47181.0
2011-02-02,719.4500122070312,739.0,717.25,721.4000244140625,29545.0
2011-02-03,720.0499877929688,731.0,710.4000244140625,712.4000244140625,35689.0
2011-02-04,712.4500122070312,724.25,711.0,714.7999877929688,25313.0
2011-02-07,716.0,723.0,701.0,711.25,18175.0
2011-02-08,716.1500244140625,730.0,702.0,713.0,56255.0
2011-02-09,707.0,714.9500122070312,685.0999755859375,689.5999755859375,32215.0
2011-02-10,682.0,725.0,680.0,703.2999877929688,110497.0
2011-02-11,691.0499877929688,744.7999877929688,691.0499877929688,736.8499755859375,60563.0
2011-02-14,740.0,758.7999877929688,740.0,751.4500122070312,21899.0
2011-02-15,750.0,772.0,737.0999755859375,761.75,36948.0
2011-02-16,761.75,766.0,747.0999755859375,755.5999755859375,11643.0
2011-02-17,760.0,785.0,751.0,763.5,296695.0
2011-02-18,766.0,771.9500122070312,745.0499877929688,748.5,14725.0
2011-02-21,747.1500244140625,760.0,733.0,752.5,16616.0
2011-02-22,753.0999755859375,765.0,744.0499877929688,749.9500122070312,9817.0
2011-02-23,744.9500122070312,773.0,744.0,750.6500244140625,25616.0
2011-02-24,746.0999755859375,751.9500122070312,727.0,728.9000244140625,92006.0
2011-02-25,732.0,754.0,729.7000122070312,746.4500122070312,29237.0
2011-02-28,749.0,776.9000244140625,732.9000244140625,758.9500122070312,28607.0
2011-03-01,763.9500122070312,796.5,760.1500244140625,787.5999755859375,46199.0
2011-03-03,792.1500244140625,841.5,780.2999877929688,785.9500122070312,601103.0
2011-03-04,795.0,812.0,785.0,792.0999755859375,172549.0
2011-03-07,760.0999755859375,798.4500122070312,760.0999755859375,770.6500244140625,56923.0
2011-03-08,750.0,767.9500122070312,745.5,748.7000122070312,140607.0
2011-03-09,748.5,768.7999877929688,745.0,754.4500122070312,80500.0
2011-03-10,750.0,764.7999877929688,749.9500122070312,754.4500122070312,52018.0
2011-03-11,748.0,760.0,743.0,753.5,35598.0
2011-03-14,753.5,759.7000122070312,743.0,756.2999877929688,31179.0
2011-03-15,745.0,750.7000122070312,735.0499877929688,739.5,37175.0
2011-03-16,740.2000122070312,752.5,740.0,741.5499877929688,24956.0
2011-03-17,738.9500122070312,746.9000244140625,730.0,730.4000244140625,62461.0
2011-03-18,747.0,747.0,727.0,739.6500244140625,37630.0
2011-03-21,741.7999877929688,741.7999877929688,725.0499877929688,728.3499755859375,14872.0
2011-03-22,735.9500122070312,744.0,729.0499877929688,731.6500244140625,17008.0
2011-03-23,729.0,744.0,729.0,740.5999755859375,24033.0
2011-03-24,740.5,748.9000244140625,729.0,733.9000244140625,25163.0
2011-03-25,750.0,751.0,736.0999755859375,747.5499877929688,18658.0
2011-03-28,750.0,765.0,743.0,762.2000122070312,72869.0
2011-03-29,766.0,770.5499877929688,750.0,759.2999877929688,63635.0
2011-03-30,765.0,772.9000244140625,756.5999755859375,770.25,87684.0
2011-03-31,779.9500122070312,812.0,765.0499877929688,795.75,174003.0
2011-04-01,796.0499877929688,817.75,790.0,809.4000244140625,52662.0
2011-04-04,817.3499755859375,827.5,810.5,820.5499877929688,64576.0
2011-04-05,828.0,828.0,795.0,800.9500122070312,23849.0
2011-04-06,799.9500122070312,813.75,795.0,809.7999877929688,19016.0
2011-04-07,813.0,820.0,803.25,816.4000244140625,9636.0
2011-04-08,811.0499877929688,816.9500122070312,765.0499877929688,778.0999755859375,149991.0
2011-04-11,780.0,787.0,755.0,759.7999877929688,36114.0
2011-04-13,762.5499877929688,773.0,760.0,767.9000244140625,66861.0
2011-04-15,768.0,774.9500122070312,756.25,758.0999755859375,28467.0
2011-04-18,760.0499877929688,768.0,750.5999755859375,759.0999755859375,39092.0
2011-04-19,752.0,779.5,752.0,776.25,56691.0
2011-04-20,780.0499877929688,785.0,762.0,764.75,165034.0
2011-04-21,766.0,775.0,764.0999755859375,769.9000244140625,20058.0
2011-04-25,772.0499877929688,775.0,767.9500122070312,770.5999755859375,26707.0
2011-04-26,772.0,784.9000244140625,766.0499877929688,780.9000244140625,102130.0
2011-04-27,780.0,801.0,780.0,797.4500122070312,277823.0
2011-04-28,802.9500122070312,807.0,792.0,802.9500122070312,310861.0
2011-04-29,806.0499877929688,809.0,782.0,784.8499755859375,155620.0
2011-05-02,793.7000122070312,796.0,783.0,793.5999755859375,93058.0
2011-05-03,801.5,805.0,773.0,787.0999755859375,134800.0
2011-05-04,785.4000244140625,798.0,765.0999755859375,787.8499755859375,31682.0
2011-05-05,786.0,799.9000244140625,768.0499877929688,770.5999755859375,20319.0
2011-05-06,771.5999755859375,776.0,750.0,769.4000244140625,26341.0
2011-05-09,769.8499755859375,781.6500244140625,767.2000122070312,770.4500122070312,27390.0
2011-05-10,776.2999877929688,778.7000122070312,770.0,773.75,16498.0
2011-05-11,772.0,784.2999877929688,770.0,770.9000244140625,25209.0
2011-05-12,769.0,779.0,765.0,769.8499755859375,49101.0
2011-05-13,768.0,784.0,765.0,779.0,44515.0
2011-05-16,774.9500122070312,774.9500122070312,766.0,768.5499877929688,78959.0
2011-05-17,768.0,772.0,750.0,757.0499877929688,25628.0
2011-05-18,772.9500122070312,772.9500122070312,737.2999877929688,753.25,95107.0
2011-05-19,761.2000122070312,772.9000244140625,750.75,752.0,150683.0
2011-05-20,757.4000244140625,765.5,757.2000122070312,762.9500122070312,23305.0
2011-05-23,763.0,763.0,750.1500244140625,753.6500244140625,25250.0
2011-05-24,749.9500122070312,771.8499755859375,749.9500122070312,768.2999877929688,43656.0
2011-05-25,768.2999877929688,768.2999877929688,749.4000244140625,750.7999877929688,41089.0
2011-05-26,755.0,770.4500122070312,750.0,761.3499755859375,27536.0
2011-05-27,761.9500122070312,763.7999877929688,755.0,758.0499877929688,13628.0
2011-05-30,762.5499877929688,769.0499877929688,750.0,762.4500122070312,50888.0
2011-05-31,759.8499755859375,768.0,759.8499755859375,766.0999755859375,25909.0
2011-06-01,767.0499877929688,773.5,765.0,767.3499755859375,52124.0
2011-06-02,765.0,767.0,760.2000122070312,766.7000122070312,17961.0
2011-06-03,765.0499877929688,771.9500122070312,761.0,762.1500244140625,12755.0
2011-06-06,762.1500244140625,768.0,762.0,766.5999755859375,9654.0
2011-06-07,775.0,775.0,760.9500122070312,765.0499877929688,16474.0
2011-06-08,766.0,767.2000122070312,763.0,766.7999877929688,18550.0
2011-06-09,768.9500122070312,768.9500122070312,762.2999877929688,763.7000122070312,20799.0
2011-06-10,758.0499877929688,766.9000244140625,750.25,763.25,12496.0
2011-06-13,764.0,765.0,756.2000122070312,762.4500122070312,13061.0
2011-06-14,764.9500122070312,768.9000244140625,762.0499877929688,766.5999755859375,36066.0
2011-06-15,763.0499877929688,767.0,763.0499877929688,766.25,60908.0
2011-06-16,765.0,767.0,761.0,764.0999755859375,40976.0
2011-06-17,760.5,763.7999877929688,751.0,756.9500122070312,31748.0
2011-06-20,758.0,758.0,744.0,747.4000244140625,45202.0
2011-06-21,751.0,751.5999755859375,740.25,741.4500122070312,34743.0
2011-06-22,730.0999755859375,747.9500122070312,730.0999755859375,741.75,33749.0
2011-06-23,742.0499877929688,742.5,732.2000122070312,738.9000244140625,31359.0
2011-06-24,732.5,759.5,732.5,754.9500122070312,65498.0
2011-06-27,740.0,765.0,740.0,759.2999877929688,54194.0
2011-06-28,742.0,781.0,742.0,774.9000244140625,158370.0
2011-06-29,749.9500122070312,756.0,728.0,731.8499755859375,135139.0
2011-06-30,725.0499877929688,741.7999877929688,721.0,725.3499755859375,85974.0
2011-07-01,726.0,740.0,726.0,737.9000244140625,36954.0
2011-07-04,735.0,744.9000244140625,735.0,741.0999755859375,135012.0
2011-07-05,739.9500122070312,749.5,737.5499877929688,746.5999755859375,105255.0
2011-07-06,746.0,750.9000244140625,742.1500244140625,748.6500244140625,33150.0
2011-07-07,742.0,764.0499877929688,742.0,761.4500122070312,92358.0
2011-07-08,742.0,761.4500122070312,742.0,757.3499755859375,54049.0
2011-07-11,742.25,758.2999877929688,742.25,756.4500122070312,24289.0
2011-07-12,758.0,764.7999877929688,752.25,760.7000122070312,40414.0
2011-07-13,742.25,770.0,742.25,765.3499755859375,74758.0
2011-07-14,768.0,785.25,767.5999755859375,772.9000244140625,221128.0
2011-07-15,768.0,768.0,744.0,752.3499755859375,162816.0
2011-07-18,748.0,759.7000122070312,732.0999755859375,737.0999755859375,56481.0
2011-07-19,740.0,743.25,728.0,738.5499877929688,198560.0
2011-07-20,730.0,744.9500122070312,730.0,741.7000122070312,144761.0
2011-07-21,746.7000122070312,764.75,737.2000122070312,741.5999755859375,95828.0
2011-07-22,742.2000122070312,760.0,735.0,745.0499877929688,74812.0
2011-07-25,745.0,755.0,738.0,747.7000122070312,33087.0
2011-07-26,742.0499877929688,754.75,737.0999755859375,752.0499877929688,75472.0
2011-07-27,757.0,774.0,752.0499877929688,768.75,111126.0
2011-07-28,769.9000244140625,777.5999755859375,761.5499877929688,771.9000244140625,69736.0
2011-07-29,772.0,780.5,765.5499877929688,772.0499877929688,69320.0
2011-08-01,772.0499877929688,778.7000122070312,771.0,776.9500122070312,128389.0
2011-08-02,779.9500122070312,785.0499877929688,762.2000122070312,766.0999755859375,37775.0
2011-08-03,760.0,768.0,751.0,763.5499877929688,29980.0
2011-08-04,760.0,768.2999877929688,760.0,760.4000244140625,11870.0
2011-08-05,750.0,756.9500122070312,740.2000122070312,753.7000122070312,1481725.0
2011-08-08,746.0,763.9500122070312,705.0499877929688,753.5999755859375,67785.0
2011-08-09,743.0,759.7000122070312,730.0,752.9500122070312,51943.0
2011-08-10,757.5499877929688,764.0499877929688,755.0,759.9000244140625,52884.0
2011-08-11,754.9000244140625,765.0,747.5499877929688,750.0499877929688,44123.0
2011-08-12,753.4000244140625,758.4500122070312,746.0,747.3499755859375,21671.0
2011-08-16,757.0,757.0,744.9000244140625,748.7000122070312,24267.0
2011-08-17,743.2000122070312,749.9500122070312,719.9500122070312,724.9000244140625,829665.0
2011-08-18,724.9000244140625,732.0,709.0499877929688,728.4000244140625,39036.0
2011-08-19,718.0,726.0,711.1500244140625,722.5,42724.0
2011-08-22,720.0,748.0,716.4000244140625,739.5499877929688,51736.0
2011-08-23,739.0,750.0,730.0,745.0499877929688,35818.0
2011-08-24,749.9000244140625,753.9000244140625,732.0999755859375,737.3499755859375,63084.0
2011-08-25,735.4000244140625,750.0,733.0,743.7000122070312,40523.0
2011-08-26,749.9000244140625,761.0,735.0499877929688,749.5,172538.0
2011-08-29,736.9000244140625,754.3499755859375,736.9000244140625,750.3499755859375,60947.0
2011-08-30,757.0,768.0,748.0999755859375,749.9500122070312,151884.0
2011-09-02,759.0,760.0,742.4500122070312,748.25,37444.0
2011-09-05,740.0,763.9500122070312,740.0,756.8499755859375,77437.0
2011-09-06,752.0499877929688,760.9500122070312,752.0,754.9000244140625,59892.0
2011-09-07,759.8499755859375,759.8499755859375,746.0,750.9000244140625,45916.0
2011-09-08,759.0,759.0,741.0,745.4000244140625,47549.0
2011-09-09,749.0,751.5,740.5999755859375,746.1500244140625,36357.0
2011-09-12,741.5,746.7000122070312,735.0,739.2000122070312,19777.0
2011-09-13,744.0,750.0,735.0,737.1500244140625,24644.0
2011-09-14,739.2999877929688,745.0,735.0499877929688,740.4500122070312,15762.0
2011-09-15,747.0,748.6500244140625,738.6500244140625,745.9000244140625,22528.0
2011-09-16,764.7999877929688,780.0999755859375,725.7999877929688,742.0999755859375,553532.0
2011-09-19,730.9500122070312,741.9500122070312,730.0999755859375,739.3499755859375,82036.0
2011-09-20,747.9500122070312,747.9500122070312,734.0499877929688,740.1500244140625,50856.0
2011-09-21,747.9500122070312,747.9500122070312,732.0499877929688,740.5,70367.0
2011-09-22,740.0499877929688,740.0499877929688,735.0,737.1500244140625,101137.0
2011-09-23,738.0499877929688,738.0499877929688,730.0499877929688,734.0999755859375,56433.0
2011-09-26,735.2999877929688,735.2999877929688,726.5,729.0,31390.0
2011-09-27,731.0,748.7000122070312,731.0,738.2999877929688,24402.0
2011-09-28,738.2999877929688,740.0499877929688,722.25,724.5499877929688,62310.0
2011-09-29,735.0,735.0,707.0,711.4500122070312,82335.0
2011-09-30,679.4500122070312,724.7999877929688,679.4500122070312,719.4000244140625,550664.0
2011-10-03,710.0,725.0,710.0,722.3499755859375,106216.0
2011-10-04,715.25,729.8499755859375,700.1500244140625,710.75,140143.0
2011-10-05,701.2000122070312,719.4000244140625,701.2000122070312,709.9000244140625,129874.0
2011-10-07,729.0,732.0,715.0,727.7000122070312,19862.0
2011-10-10,727.7000122070312,733.7999877929688,714.0999755859375,716.3499755859375,78130.0
2011-10-11,722.25,728.9000244140625,722.0,723.4500122070312,26552.0
2011-10-12,727.9000244140625,731.0,720.25,722.5999755859375,18558.0
2011-10-13,729.0,740.9500122070312,726.0,732.5499877929688,25546.0
2011-10-14,727.0499877929688,735.0,725.5,730.6500244140625,9085.0
2011-10-17,734.0,744.0,729.9500122070312,731.6500244140625,23009.0
2011-10-18,725.1500244140625,734.7999877929688,725.0499877929688,731.3499755859375,20171.0
2011-10-19,735.9500122070312,741.0,729.0999755859375,739.2000122070312,30114.0
2011-10-20,743.0,750.0,728.0,731.7000122070312,48340.0
2011-10-21,723.0,739.7000122070312,716.5999755859375,721.1500244140625,90655.0
2011-10-24,727.0,737.7999877929688,725.0,730.7000122070312,53785.0
2011-10-25,728.75,735.0,723.4000244140625,727.5499877929688,95549.0
2011-10-28,739.9500122070312,752.5,737.0,743.5499877929688,93108.0
2011-10-31,748.7999877929688,748.7999877929688,735.5,739.5,114739.0
2011-11-01,735.0,750.0,735.0,744.4500122070312,30749.0
2011-11-02,739.4500122070312,750.0,735.5499877929688,747.2999877929688,19730.0
2011-11-03,747.0,748.9500122070312,738.3499755859375,742.5,16243.0
2011-11-04,742.0499877929688,752.0,742.0499877929688,749.5,18891.0
2011-11-08,751.0,755.0,746.0,752.6500244140625,18781.0
2011-11-09,750.1500244140625,760.0,748.0999755859375,752.9500122070312,35920.0
2011-11-11,745.0,751.0,741.0999755859375,749.5,11528.0
2011-11-14,746.0499877929688,759.9000244140625,742.0999755859375,747.5499877929688,18330.0
2011-11-15,740.1500244140625,744.9000244140625,735.0,736.9500122070312,11843.0
2011-11-16,736.0,741.9000244140625,730.2999877929688,738.2000122070312,24810.0
2011-11-17,736.0,743.9000244140625,734.0,735.8499755859375,38463.0
2011-11-18,734.0,736.0,724.1500244140625,731.9000244140625,43350.0
2011-11-21,730.0,737.9500122070312,725.2000122070312,730.0499877929688,24556.0
2011-11-22,734.9500122070312,739.9500122070312,723.0,733.5999755859375,10958.0
2011-11-23,726.6500244140625,732.6500244140625,720.4000244140625,724.25,62417.0
2011-11-24,721.2000122070312,749.2000122070312,715.0,736.7000122070312,70894.0
2011-11-25,737.25,762.0,733.0999755859375,734.75,66293.0
2011-11-28,737.5,741.4000244140625,723.0,728.4500122070312,43988.0
2011-11-29,728.0,741.0,723.25,725.2999877929688,14672.0
2011-11-30,725.0,728.9500122070312,687.0999755859375,700.4500122070312,307080.0
2011-12-01,706.0,729.7000122070312,704.0,710.7999877929688,27714.0
2011-12-02,713.0,716.9500122070312,705.0,709.0999755859375,12371.0
2011-12-05,710.0499877929688,719.7000122070312,710.0,714.9500122070312,9996.0
2011-12-07,713.0,717.75,710.2999877929688,712.8499755859375,35484.0
2011-12-08,712.8499755859375,715.0,708.0,709.6500244140625,32046.0
2011-12-09,707.4000244140625,707.4000244140625,695.0499877929688,701.4500122070312,11498.0
2011-12-12,718.9000244140625,718.9000244140625,698.0499877929688,703.9000244140625,36702.0
2011-12-13,695.0999755859375,704.0,681.1500244140625,690.0,45049.0
2011-12-14,703.7000122070312,703.7000122070312,681.0999755859375,684.7999877929688,25058.0
2011-12-15,685.9000244140625,705.4000244140625,675.0999755859375,699.9000244140625,28449.0
2011-12-16,692.0,712.0,692.0,706.9000244140625,47284.0
2011-12-19,704.0,713.0,698.4500122070312,700.7999877929688,63437.0
2011-12-20,702.5499877929688,706.9000244140625,695.0,699.0,36845.0
2011-12-21,698.0,707.0,692.0999755859375,699.0,32186.0
2011-12-22,699.0,699.0,685.2000122070312,692.7999877929688,11325.0
2011-12-23,704.0,704.7999877929688,682.1500244140625,689.5,18269.0
2011-12-26,686.5,710.0499877929688,686.0,701.9000244140625,17998.0
2011-12-27,705.0,705.0,679.9500122070312,681.9000244140625,15938.0
2011-12-28,680.0,686.7999877929688,655.0,660.5999755859375,28214.0
2011-12-29,670.0,684.9500122070312,651.0,675.25,34740.0
2011-12-30,677.5,690.0,675.0499877929688,681.6500244140625,28504.0
2012-01-02,681.0999755859375,691.0,655.0,669.4500122070312,19619.0
2012-01-03,670.0999755859375,693.9500122070312,666.25,689.2000122070312,20734.0
2012-01-04,676.2000122070312,689.0,642.6500244140625,649.0999755859375,68970.0
2012-01-05,648.25,656.6500244140625,633.75,652.8499755859375,52112.0
2012-01-06,654.0,654.0,641.0,644.1500244140625,19404.0
2012-01-09,640.5499877929688,649.0,636.0999755859375,645.0,30550.0
2012-01-10,652.0,659.5,646.0,656.75,32066.0
2012-01-11,660.0,660.0,651.0,654.0999755859375,31188.0
2012-01-12,654.0,659.0,642.5,652.7999877929688,37932.0
2012-01-13,652.0,659.0,648.2000122070312,651.2000122070312,71815.0
2012-01-16,652.0,653.0,637.5999755859375,640.4000244140625,82852.0
2012-01-17,642.0999755859375,672.0,642.0999755859375,668.0999755859375,64030.0
2012-01-18,671.0,672.0,646.0999755859375,654.0,61553.0
2012-01-19,666.0,666.0,650.25,655.5499877929688,37304.0
2012-01-20,650.0,669.0,628.0499877929688,649.75,246440.0
2012-01-23,650.0,662.8499755859375,645.0,655.0499877929688,173691.0
2012-01-24,666.8499755859375,669.5,655.0499877929688,668.9500122070312,212605.0
2012-01-25,669.0,672.0,663.0,668.2000122070312,76698.0
2012-01-27,665.0,684.0,641.0,670.4000244140625,155880.0
2012-01-30,675.2000122070312,675.2000122070312,641.2000122070312,649.0,34918.0
2012-01-31,647.0999755859375,675.0,645.0,670.7000122070312,157834.0
2012-02-01,673.0,673.0,662.0,665.5499877929688,46895.0
2012-02-02,670.0,676.0,666.25,674.9500122070312,169471.0
2012-02-03,674.0,703.0,673.0,685.5499877929688,164063.0
2012-02-06,686.7999877929688,704.5999755859375,665.25,690.2000122070312,187885.0
2012-02-07,700.0,718.0,691.0,699.2000122070312,196839.0
2012-02-08,705.0,746.9000244140625,705.0,738.6500244140625,111847.0
2012-02-09,738.0,761.0,735.0,753.0,85873.0
2012-02-10,748.0,754.5,739.0,746.5999755859375,66520.0
2012-02-13,742.5,819.7000122070312,742.5,784.3499755859375,144095.0
2012-02-14,790.0,800.0,766.2999877929688,769.4500122070312,41255.0
2012-02-15,782.6500244140625,787.0,769.75,779.4000244140625,47944.0
2012-02-16,770.0,815.0,770.0,807.5499877929688,129094.0
2012-02-17,817.0,817.0,791.0999755859375,801.6500244140625,75992.0
2012-02-21,795.0,816.0,795.0,813.1500244140625,75559.0
2012-02-22,807.5499877929688,818.9500122070312,795.7000122070312,802.7000122070312,60214.0
2012-02-23,798.0,813.4000244140625,783.0,801.0999755859375,103582.0
2012-02-24,809.8499755859375,815.0,798.0999755859375,803.1500244140625,37112.0
2012-02-27,800.2999877929688,807.5999755859375,784.0499877929688,792.5499877929688,98342.0
2012-02-28,792.5,803.9500122070312,792.5,799.0,67542.0
2012-02-29,801.0,829.7000122070312,799.0,807.5,89035.0
2012-03-01,833.9000244140625,833.9000244140625,806.2000122070312,806.2000122070312,62009.0
2012-03-02,808.0,809.8499755859375,803.0499877929688,804.5499877929688,29446.0
2012-03-05,780.0499877929688,809.0,780.0499877929688,804.6500244140625,43132.0
2012-03-06,800.0,815.8499755859375,800.0,804.9500122070312,147540.0
2012-03-07,806.0,821.0,804.0499877929688,812.9500122070312,120917.0
2012-03-09,822.0,845.0,804.4500122070312,805.25,113143.0
2012-03-12,810.0,816.7000122070312,805.0,805.3499755859375,17751.0
2012-03-13,809.7999877929688,818.5,803.0499877929688,807.5499877929688,43597.0
2012-03-14,814.75,814.75,804.9500122070312,806.5499877929688,35448.0
2012-03-15,807.0,815.0,803.5,811.7000122070312,125954.0
2012-03-16,805.0,810.0,803.0,805.6500244140625,35062.0
2012-03-19,805.0,805.0999755859375,795.0,802.9000244140625,14150.0
2012-03-20,800.0,815.0,799.5999755859375,810.5499877929688,93063.0
2012-03-21,810.0,810.0,802.0,805.3499755859375,37030.0
2012-03-22,805.0499877929688,809.9500122070312,804.0,805.0999755859375,20899.0
2012-03-23,805.0,816.9500122070312,805.0,814.4000244140625,15711.0
2012-03-26,814.5,814.5,805.0,805.2999877929688,15097.0
2012-03-27,806.0,815.0,805.0499877929688,813.6500244140625,28108.0
2012-03-28,807.0499877929688,821.0,807.0499877929688,814.9500122070312,26285.0
2012-03-29,814.75,814.75,804.5,805.0499877929688,106238.0
2012-03-30,809.7000122070312,817.0,805.0499877929688,815.1500244140625,43333.0
2012-04-02,806.2999877929688,845.0,806.25,829.2000122070312,69040.0
2012-04-03,845.0,845.0,806.0,810.7000122070312,39854.0
2012-04-04,811.0,825.0499877929688,807.0,815.4000244140625,442093.0
2012-04-09,815.0999755859375,823.0,810.0,815.7000122070312,25118.0
2012-04-10,820.0,824.0,811.0,812.5499877929688,10496.0
2012-04-11,813.0,814.9500122070312,810.0,811.0499877929688,6915.0
2012-04-12,803.0,814.75,803.0,811.0999755859375,19368.0
2012-04-13,818.8499755859375,818.8499755859375,810.0499877929688,812.6500244140625,8652.0
2012-04-16,810.0499877929688,818.0,810.0,814.6500244140625,4432.0
2012-04-17,812.25,822.7999877929688,812.25,818.2000122070312,13766.0
2012-04-18,827.9000244140625,831.2000122070312,815.0,826.5,26382.0
2012-04-19,820.0,842.0,818.0,838.1500244140625,25243.0
2012-04-20,842.9000244140625,854.8499755859375,830.3499755859375,847.4000244140625,30489.0
2012-04-23,838.0,863.0,836.0499877929688,840.5999755859375,15236.0
2012-04-24,842.0,849.5,834.0,838.7000122070312,10160.0
2012-04-25,832.0,843.7999877929688,825.0499877929688,834.4000244140625,13049.0
2012-04-26,847.9000244140625,863.0,815.0,849.9500122070312,134166.0
2012-04-27,857.0999755859375,857.0999755859375,835.5,842.7000122070312,17445.0
2012-04-30,835.0,850.0,825.0,843.25,13593.0
2012-05-02,848.0,850.0,827.9500122070312,832.7000122070312,47554.0
2012-05-03,833.0,834.5999755859375,808.0499877929688,814.2000122070312,34810.0
2012-05-04,812.0,812.0,798.0,803.1500244140625,76749.0
2012-05-07,800.0,809.0,791.9500122070312,803.9500122070312,7534.0
2012-05-08,807.25,815.7999877929688,801.0,801.7999877929688,5688.0
2012-05-09,809.9000244140625,814.4000244140625,798.0,800.7999877929688,17290.0
2012-05-10,809.7999877929688,816.0,795.0,805.0999755859375,27036.0
2012-05-11,802.2000122070312,814.8499755859375,802.2000122070312,804.7999877929688,23046.0
2012-05-14,812.7999877929688,816.0499877929688,797.0,812.9000244140625,16250.0
2012-05-15,808.8499755859375,818.0,805.2000122070312,815.6500244140625,11903.0
2012-05-16,812.0,815.0,802.0,807.8499755859375,8222.0
2012-05-17,814.9500122070312,847.9000244140625,800.0,805.3499755859375,59177.0
2012-05-18,785.0,808.1500244140625,760.2000122070312,776.2000122070312,84176.0
2012-05-21,775.5,780.0,765.0,768.4000244140625,81413.0
2012-05-22,771.0,778.0,769.0,770.8499755859375,19309.0
2012-05-23,752.0,765.9500122070312,736.3499755859375,755.7999877929688,15805.0
2012-05-24,755.0,769.7999877929688,755.0,764.4500122070312,19539.0
2012-05-25,772.0,772.2999877929688,758.0999755859375,760.7000122070312,17696.0
2012-05-28,760.0499877929688,794.0,760.0499877929688,788.2000122070312,32942.0
2012-05-29,784.0,788.7999877929688,768.0499877929688,771.5499877929688,7770.0
2012-05-30,770.0,780.0,765.0999755859375,774.7000122070312,6973.0
2012-05-31,770.0,794.4000244140625,770.0,787.4500122070312,25685.0
2012-06-01,797.8499755859375,797.8499755859375,762.0,764.1500244140625,73100.0
2012-06-04,768.9000244140625,769.0,757.0,764.9000244140625,8173.0
2012-06-05,761.0999755859375,775.0,760.0,765.7000122070312,4912.0
2012-06-06,765.0,774.0,765.0,770.3499755859375,4473.0
2012-06-07,769.0,783.0499877929688,769.0,774.9000244140625,26333.0
2012-06-08,770.0499877929688,773.7000122070312,762.0,765.1500244140625,39391.0
2012-06-11,768.0,776.0,766.0499877929688,773.6500244140625,33133.0
2012-06-12,770.0,771.9000244140625,765.0499877929688,765.7999877929688,16617.0
2012-06-13,761.2999877929688,773.2999877929688,761.2999877929688,768.25,21054.0
2012-06-14,772.0,773.7999877929688,766.0,767.9000244140625,4656.0
2012-06-15,775.9500122070312,775.9500122070312,766.7999877929688,771.9000244140625,16709.0
2012-06-18,774.0,777.5999755859375,769.0,772.2000122070312,35105.0
2012-06-19,773.0,773.0499877929688,759.0,767.7000122070312,5981.0
2012-06-20,771.0,771.7999877929688,763.0499877929688,767.0,7796.0
2012-06-21,766.0499877929688,772.7999877929688,765.4500122070312,768.5999755859375,3312.0
2012-06-22,765.0,768.4500122070312,750.0999755859375,765.2000122070312,4248.0
2012-06-25,768.0,775.0,766.0499877929688,768.4500122070312,3540.0
2012-06-26,769.0,772.5999755859375,766.5,769.7999877929688,10366.0
2012-06-27,768.0499877929688,773.7999877929688,768.0499877929688,772.8499755859375,8307.0
2012-06-28,772.8499755859375,782.7999877929688,766.0,775.5999755859375,35830.0
2012-06-29,784.0999755859375,784.2000122070312,775.0,780.8499755859375,5804.0
2012-07-02,776.0499877929688,790.0,776.0499877929688,786.9500122070312,9234.0
2012-07-03,786.0,814.5,782.1500244140625,808.0999755859375,20844.0
2012-07-04,815.0,829.5,810.0,825.75,25490.0
2012-07-05,800.9500122070312,809.9000244140625,792.25,795.0,25985.0
2012-07-06,800.0,805.7000122070312,793.0,797.2000122070312,12707.0
2012-07-09,783.0,795.0,774.75,778.7999877929688,20591.0
2012-07-10,765.25,781.7000122070312,765.25,779.9000244140625,16197.0
2012-07-11,779.9500122070312,781.5,770.1500244140625,779.75,23773.0
2012-07-12,770.0499877929688,783.0,763.0,779.6500244140625,25039.0
2012-07-13,779.9500122070312,785.0,775.0,779.9000244140625,6983.0
2012-07-16,785.0,787.0,771.0499877929688,774.0,7511.0
2012-07-17,788.5,788.5,759.5,764.2000122070312,17851.0
2012-07-18,770.0,774.3499755859375,764.0,770.0999755859375,28570.0
2012-07-19,785.0,785.0,761.0499877929688,766.8499755859375,66151.0
2012-07-20,765.1500244140625,769.7000122070312,758.4500122070312,766.6500244140625,18439.0
2012-07-23,757.25,775.0,748.9500122070312,769.2999877929688,66121.0
2012-07-24,769.0,776.7999877929688,748.0499877929688,750.4000244140625,573409.0
2012-07-25,760.0,760.0,749.0,755.8499755859375,15070.0
2012-07-26,755.0,759.0,738.0,743.7999877929688,38074.0
2012-07-27,746.0999755859375,759.9000244140625,731.0499877929688,736.9500122070312,12932.0
2012-07-30,738.0,746.4000244140625,733.2000122070312,743.0499877929688,8831.0
2012-07-31,748.0,778.9000244140625,735.0,766.0999755859375,18573.0
2012-08-01,761.0,785.7000122070312,761.0,778.0499877929688,20633.0
2012-08-02,775.0,780.0,770.2000122070312,775.6500244140625,9174.0
2012-08-03,770.0,774.9500122070312,756.0499877929688,761.5,7578.0
2012-08-06,779.0,779.0,745.5,750.3499755859375,12119.0
2012-08-07,749.0,768.4000244140625,749.0,760.3499755859375,17238.0
2012-08-08,761.0,771.4500122070312,759.0,760.2999877929688,18310.0
2012-08-09,764.5,808.7000122070312,760.1500244140625,786.2000122070312,77113.0
2012-08-10,792.0,792.0,767.5,787.4500122070312,12146.0
2012-08-13,787.0,803.0,787.0,798.4500122070312,41248.0
2012-08-14,797.0,800.0,781.0,795.6500244140625,16802.0
2012-08-16,797.0,797.0,775.25,779.7999877929688,6774.0
2012-08-17,782.0499877929688,792.9500122070312,773.5499877929688,786.6500244140625,7170.0
2012-08-21,781.25,800.0,781.25,799.0999755859375,25431.0
2012-08-22,804.9500122070312,810.0,789.0,804.1500244140625,32983.0
2012-08-23,812.0,815.0,801.25,808.5999755859375,42067.0
2012-08-24,801.2000122070312,807.0,789.0,800.9000244140625,10371.0
2012-08-27,794.2000122070312,803.7999877929688,785.9500122070312,796.5499877929688,9304.0
2012-08-28,800.0499877929688,800.0499877929688,781.0999755859375,786.2999877929688,8226.0
2012-08-29,782.5,787.9000244140625,768.25,772.4500122070312,5894.0
2012-08-30,765.0,777.0,742.0,768.9000244140625,24226.0
2012-08-31,770.0,779.9000244140625,752.6500244140625,765.75,17999.0
2012-09-03,761.2000122070312,788.9000244140625,761.2000122070312,772.0999755859375,6554.0
2012-09-04,770.0,774.9500122070312,748.5499877929688,752.7999877929688,21484.0
2012-09-05,754.0,764.9000244140625,744.5,748.9000244140625,18689.0
2012-09-06,735.0499877929688,761.9000244140625,735.0499877929688,750.7000122070312,3571.0
2012-09-07,764.0,764.0,751.0,762.9000244140625,7802.0
2012-09-10,758.0,761.75,745.0,750.0999755859375,48242.0
2012-09-11,750.2999877929688,766.0,750.2999877929688,764.7000122070312,18146.0
2012-09-12,766.5499877929688,770.0,760.0,764.3499755859375,15451.0
2012-09-13,768.0,768.0,752.0,755.2000122070312,101510.0
2012-09-14,763.7000122070312,765.0,760.0,763.5,10337.0
2012-09-17,766.0,769.9500122070312,757.2999877929688,760.0499877929688,45192.0
2012-09-18,760.0499877929688,765.0,757.9500122070312,760.6500244140625,33307.0
2012-09-20,760.0999755859375,762.0,756.0,758.25,58715.0
2012-09-21,758.0,809.9500122070312,757.0,787.5,140985.0
2012-09-24,787.5,807.1500244140625,776.0,779.75,37856.0
2012-09-25,788.7000122070312,789.6500244140625,763.4500122070312,770.0,81175.0
2012-09-26,773.75,784.7999877929688,767.0,773.4000244140625,16922.0
2012-09-27,777.9000244140625,800.0,770.0,795.8499755859375,76519.0
2012-09-28,800.0,811.0,786.7000122070312,794.5499877929688,35893.0
2012-10-01,809.7999877929688,873.0499877929688,796.0,802.9000244140625,52521.0
2012-10-03,803.0,824.0,803.0,819.5,268105.0
2012-10-04,821.0,845.5,821.0,838.5999755859375,36487.0
2012-10-05,845.0,847.5999755859375,817.5999755859375,832.9500122070312,30240.0
2012-10-08,831.9500122070312,848.9000244140625,830.0999755859375,837.5,10507.0
2012-10-09,839.5499877929688,858.4000244140625,825.3499755859375,856.4000244140625,22911.0
2012-10-10,850.0,856.0,842.3499755859375,850.9000244140625,73842.0
2012-10-11,850.25,853.0499877929688,836.0,848.2000122070312,124417.0
2012-10-12,850.9500122070312,875.0,842.0,869.9500122070312,170957.0
2012-10-15,869.9000244140625,880.0,845.5,849.5999755859375,22233.0
2012-10-16,850.0,850.0,840.0,844.2999877929688,36977.0
2012-10-17,845.0499877929688,850.0,843.0,846.3499755859375,29202.0
2012-10-18,850.0,852.0,840.0499877929688,849.7000122070312,74062.0
2012-10-19,852.0,863.9500122070312,846.6500244140625,856.4000244140625,64985.0
2012-10-22,850.0,870.0,836.8499755859375,843.9500122070312,26679.0
2012-10-23,843.5499877929688,857.0999755859375,834.0999755859375,843.7999877929688,124128.0
2012-10-25,843.4500122070312,863.9000244140625,835.25,861.2000122070312,172469.0
2012-10-29,857.0499877929688,868.75,845.0,847.25,30759.0
2012-10-30,847.4500122070312,856.0,840.0,841.0999755859375,10568.0
2012-10-31,840.0,874.7999877929688,839.0499877929688,868.8499755859375,51977.0
2012-11-01,861.0499877929688,879.0,859.2999877929688,860.2999877929688,20168.0
2012-11-02,869.4000244140625,869.4000244140625,858.0,861.2000122070312,29447.0
2012-11-05,851.0,876.7000122070312,850.25,869.2999877929688,87785.0
2012-11-06,871.0,881.8499755859375,866.0,878.0999755859375,39872.0
2012-11-07,880.0,888.0,870.0999755859375,872.7000122070312,14159.0
2012-11-08,869.9500122070312,880.0,860.0499877929688,875.5,26698.0
2012-11-09,881.8499755859375,881.8499755859375,862.3499755859375,868.0499877929688,6852.0
2012-11-12,868.2000122070312,877.9500122070312,867.0499877929688,870.0,55219.0
2012-11-15,865.0,868.9500122070312,850.3499755859375,859.1500244140625,55169.0
2012-11-16,846.3499755859375,868.0,846.3499755859375,851.0499877929688,63725.0
2012-11-19,841.0,865.0,841.0,854.6500244140625,52080.0
2012-11-20,844.0,857.9000244140625,839.0,849.9500122070312,115076.0
2012-11-21,845.0,846.0,838.0499877929688,840.0,256472.0
2012-11-22,840.5,852.7999877929688,835.0,837.4000244140625,240595.0
2012-11-23,849.5,852.0,828.0,833.4000244140625,15941.0
2012-11-26,828.2999877929688,860.0,818.0999755859375,829.2999877929688,50704.0
2012-11-27,826.0499877929688,858.75,826.0499877929688,833.9000244140625,40611.0
2012-11-29,842.5499877929688,864.0,835.0,856.2000122070312,14090.0
2012-11-30,844.0499877929688,865.0,844.0,859.2999877929688,28077.0
2012-12-03,873.2000122070312,878.5999755859375,860.0,861.8499755859375,37507.0
2012-12-04,847.0499877929688,878.4500122070312,847.0499877929688,867.75,76287.0
2012-12-05,867.7000122070312,929.0,860.0,893.4500122070312,100331.0
2012-12-06,902.3499755859375,912.5,882.25,908.0499877929688,32609.0
2012-12-07,917.4000244140625,917.4000244140625,900.2000122070312,906.75,31421.0
2012-12-10,903.5,921.0,903.5,913.0,76537.0
2012-12-11,909.9500122070312,926.0,908.0,911.3499755859375,180415.0
2012-12-12,902.25,921.9500122070312,902.25,910.75,29616.0
2012-12-13,910.5499877929688,934.0,910.5499877929688,926.7999877929688,110113.0
2012-12-14,927.0,945.0,910.0499877929688,930.6500244140625,158455.0
2012-12-17,932.0,953.0,930.0,949.25,53928.0
2012-12-18,949.25,984.0,949.25,976.1500244140625,87451.0
2012-12-19,988.9500122070312,1024.6500244140625,984.0,1008.0999755859375,112925.0
2012-12-20,1008.0499877929688,1008.0499877929688,974.4500122070312,984.0999755859375,31733.0
2012-12-21,985.0,1018.0,973.4000244140625,994.7000122070312,84030.0
2012-12-24,994.6500244140625,994.7000122070312,964.0,971.5499877929688,11095.0
2012-12-26,972.0,994.0,967.0,971.0499877929688,45502.0
2012-12-27,975.3499755859375,983.6500244140625,957.0999755859375,962.4000244140625,28667.0
2012-12-28,984.9000244140625,1008.9000244140625,956.0,1000.5499877929688,106946.0
2012-12-31,1003.0999755859375,1015.0,972.6500244140625,979.0,27616.0
2013-01-01,984.0999755859375,1002.0,983.9500122070312,989.4500122070312,26989.0
2013-01-02,993.2999877929688,1009.0,993.2999877929688,1001.5,65550.0
2013-01-03,1004.0,1047.25,998.9500122070312,1036.3499755859375,105626.0
2013-01-04,1047.3499755859375,1058.300048828125,1016.4000244140625,1032.800048828125,47845.0
2013-01-07,1034.5999755859375,1040.0,1020.0,1025.4000244140625,18880.0
2013-01-08,1034.300048828125,1035.0,1000.0499877929688,1015.5999755859375,28069.0
2013-01-09,1022.9500122070312,1032.949951171875,1008.1500244140625,1015.4500122070312,11776.0
2013-01-10,1018.2999877929688,1020.2999877929688,975.2999877929688,982.5,50933.0
2013-01-11,983.0499877929688,1002.0,980.5,997.25,27622.0
2013-01-14,995.0,1016.0,982.0499877929688,1010.8499755859375,32149.0
2013-01-15,1009.5499877929688,1009.5499877929688,986.0999755859375,991.3499755859375,230294.0
2013-01-16,998.4500122070312,1015.9500122070312,995.0499877929688,1002.0999755859375,99988.0
2013-01-17,1008.1500244140625,1028.0,990.0,998.5999755859375,20192.0
2013-01-18,1004.0,1008.2999877929688,982.0,984.5999755859375,17398.0
2013-01-21,978.25,1005.0,975.0999755859375,979.0499877929688,27263.0
2013-01-22,980.0,989.0499877929688,974.0499877929688,979.0499877929688,214827.0
2013-01-23,979.1500244140625,985.9500122070312,963.0,968.0999755859375,34020.0
2013-01-24,972.0499877929688,975.0,954.0499877929688,966.75,18799.0
2013-01-25,963.9500122070312,990.0,963.9500122070312,988.5499877929688,16753.0
2013-01-28,979.0,999.9500122070312,962.5999755859375,970.9000244140625,11836.0
2013-01-29,974.0,978.5,955.0,966.75,18488.0
2013-01-30,967.3499755859375,974.0,965.2000122070312,968.25,19837.0
2013-01-31,964.9000244140625,979.9500122070312,956.7999877929688,969.3499755859375,32442.0
2013-02-01,976.0499877929688,976.0499877929688,970.0,972.1500244140625,17286.0
2013-02-04,967.8499755859375,985.9500122070312,967.8499755859375,979.9000244140625,19052.0
2013-02-05,969.0,977.4500122070312,964.9500122070312,969.8499755859375,15728.0
2013-02-06,964.4000244140625,988.0,964.3499755859375,970.4500122070312,13447.0
2013-02-07,961.9000244140625,984.9000244140625,961.0,976.5,6385.0
2013-02-08,974.9500122070312,979.9000244140625,966.5,973.0999755859375,26543.0
2013-02-11,976.9000244140625,990.0,971.0,976.5,12166.0
2013-02-12,975.0499877929688,984.9500122070312,972.4000244140625,979.0999755859375,11358.0
2013-02-13,987.8499755859375,988.9000244140625,974.3499755859375,982.9000244140625,164863.0
2013-02-14,983.0,983.9000244140625,958.2999877929688,969.6500244140625,91576.0
2013-02-15,965.7999877929688,974.9500122070312,952.3499755859375,958.8499755859375,150311.0
2013-02-18,975.0,975.0,948.2000122070312,955.5,6518.0
2013-02-19,950.0,972.4000244140625,950.0,961.0,3115.0
2013-02-20,965.5999755859375,983.25,961.0,979.8499755859375,213647.0
2013-02-21,977.9000244140625,985.0,962.9500122070312,966.5999755859375,57063.0
2013-02-22,978.5999755859375,982.0,962.25,970.5999755859375,137816.0
2013-02-25,975.0,998.7999877929688,955.0,965.4500122070312,6798.0
2013-02-26,959.6500244140625,970.0,950.0999755859375,962.4000244140625,63543.0
2013-02-27,962.0,969.7000122070312,940.9000244140625,949.7999877929688,110093.0
2013-02-28,954.1500244140625,960.0,949.9000244140625,955.0,16631.0
2013-03-01,952.2000122070312,957.9500122070312,952.2000122070312,955.4000244140625,10610.0
2013-03-04,955.0499877929688,961.25,948.7000122070312,949.5499877929688,14736.0
2013-03-05,954.4500122070312,957.2000122070312,935.0999755859375,941.4000244140625,22685.0
2013-03-06,920.5,945.0,920.5,941.9500122070312,364032.0
2013-03-07,936.0,953.9500122070312,936.0,945.3499755859375,266908.0
2013-03-08,937.1500244140625,949.9000244140625,925.0999755859375,937.7000122070312,7568.0
2013-03-11,937.0,943.9500122070312,932.5,937.2999877929688,66578.0
2013-03-12,920.0,949.9000244140625,902.0,915.1500244140625,21404.0
2013-03-13,915.0499877929688,920.0,904.0499877929688,914.75,8929.0
2013-03-14,915.0,922.6500244140625,891.0499877929688,899.9500122070312,37037.0
2013-03-15,891.7999877929688,948.0,886.0999755859375,907.9500122070312,188959.0
2013-03-18,908.0,917.9000244140625,855.5499877929688,913.0999755859375,6046.0
2013-03-19,913.0499877929688,920.0,889.9500122070312,900.2000122070312,28938.0
2013-03-20,882.1500244140625,912.1500244140625,882.1500244140625,899.3499755859375,34187.0
2013-03-21,903.4000244140625,906.8499755859375,895.2999877929688,899.9000244140625,7072.0
2013-03-22,897.9500122070312,906.0,892.0499877929688,900.2000122070312,244871.0
2013-03-25,900.1500244140625,907.9500122070312,895.25,901.4000244140625,33803.0
2013-03-26,902.0499877929688,905.0,893.0,899.8499755859375,9631.0
2013-03-28,907.9500122070312,924.9500122070312,898.0499877929688,912.2000122070312,54242.0
2013-04-01,911.9500122070312,927.0,896.5999755859375,914.1500244140625,9348.0
2013-04-02,927.9000244140625,927.9000244140625,901.2000122070312,910.5499877929688,15316.0
2013-04-03,901.0,924.9500122070312,901.0,909.5999755859375,66208.0
2013-04-04,910.0,917.9500122070312,904.2999877929688,909.2000122070312,15171.0
2013-04-05,923.9500122070312,923.9500122070312,901.4500122070312,911.9000244140625,8201.0
2013-04-08,919.9500122070312,920.0,911.3499755859375,918.5999755859375,6690.0
2013-04-09,919.9000244140625,922.0,905.2999877929688,911.5499877929688,8549.0
2013-04-10,905.2999877929688,915.0,905.0,911.8499755859375,92684.0
2013-04-11,885.5,926.4500122070312,885.5,911.8499755859375,6327.0
2013-04-12,924.9500122070312,924.9500122070312,896.1500244140625,911.5499877929688,22346.0
2013-04-15,893.3499755859375,912.0,865.0,878.5499877929688,12501.0
2013-04-16,865.0,902.0,865.0,886.0,12370.0
2013-04-17,890.0,900.75,884.0499877929688,889.2999877929688,31477.0
2013-04-18,898.9500122070312,914.0,890.0,903.0499877929688,9673.0
2013-04-22,900.0,905.0499877929688,885.0,887.1500244140625,16349.0
2013-04-23,894.5499877929688,894.5499877929688,881.2000122070312,888.9500122070312,6705.0
2013-04-25,881.0,910.0,881.0,901.0499877929688,20952.0
2013-04-26,915.0,915.0,890.0,900.0499877929688,7661.0
2013-04-29,891.25,914.5999755859375,887.4000244140625,891.5,2711.0
2013-04-30,895.0,904.7000122070312,886.0499877929688,889.5,87019.0
2013-05-02,894.9500122070312,931.5999755859375,894.9500122070312,910.5499877929688,12803.0
2013-05-03,909.5,918.9500122070312,883.2000122070312,903.6500244140625,30758.0
2013-05-06,892.75,902.0499877929688,892.75,899.0499877929688,13163.0
2013-05-07,885.1500244140625,912.8499755859375,885.1500244140625,895.0,2800.0
2013-05-08,901.0,906.0,885.0,893.25,7448.0
2013-05-09,909.7999877929688,910.0,893.5,899.5499877929688,8730.0
2013-05-10,895.0,908.5999755859375,890.0999755859375,902.8499755859375,8279.0
2013-05-13,895.0,927.9500122070312,894.9000244140625,920.4000244140625,11997.0
2013-05-14,920.0,929.0,913.0,920.7999877929688,10881.0
2013-05-15,912.0,926.9500122070312,912.0,920.2999877929688,7028.0
2013-05-16,920.0,929.9500122070312,910.9500122070312,915.4000244140625,85637.0
2013-05-17,903.0499877929688,928.0,903.0499877929688,913.6500244140625,174769.0
2013-05-20,908.0,919.9500122070312,895.4000244140625,909.5,103514.0
2013-05-21,910.0999755859375,919.6500244140625,885.0,892.0999755859375,504799.0
2013-05-22,894.8499755859375,894.8499755859375,880.8499755859375,884.5,5781.0
2013-05-23,885.2000122070312,907.0,883.1500244140625,891.9500122070312,15572.0
2013-05-24,886.6500244140625,905.2000122070312,886.6500244140625,903.9000244140625,4826.0
2013-05-27,890.75,924.0,890.75,918.75,25481.0
2013-05-28,921.0,932.0,905.2000122070312,928.5499877929688,7518.0
2013-05-29,924.25,938.4500122070312,923.0499877929688,927.5,9909.0
2013-05-30,911.5,932.9500122070312,911.5,925.5999755859375,6589.0
2013-05-31,925.0,935.0,925.0,925.5999755859375,17358.0
2013-06-03,916.0,929.5499877929688,916.0,925.2999877929688,12785.0
2013-06-04,916.0,934.8499755859375,916.0,925.2999877929688,10342.0
2013-06-05,924.3499755859375,933.9000244140625,924.3499755859375,926.5499877929688,17860.0
2013-06-06,927.3499755859375,935.9500122070312,920.25,925.5499877929688,75863.0
2013-06-07,930.1500244140625,936.5,907.0,913.8499755859375,102087.0
2013-06-10,914.4500122070312,920.0,885.0,887.75,14261.0
2013-06-11,880.0,899.6500244140625,875.0,894.2999877929688,9994.0
2013-06-12,872.0,895.9500122070312,812.0,828.0,18674.0
2013-06-13,827.9500122070312,832.0,800.0,809.4500122070312,16936.0
2013-06-14,805.0,818.0,779.0,797.4500122070312,52967.0
2013-06-17,788.0999755859375,796.9500122070312,783.0499877929688,789.9500122070312,20190.0
2013-06-18,789.9500122070312,809.9000244140625,789.0499877929688,800.0999755859375,16159.0
2013-06-19,796.2000122070312,807.0499877929688,785.5499877929688,790.3499755859375,31200.0
2013-06-20,780.0,808.5999755859375,780.0,804.7999877929688,21132.0
2013-06-21,790.0,798.0499877929688,748.0,749.5499877929688,73093.0
2013-06-24,752.0,763.8499755859375,750.0,760.0499877929688,47620.0
2013-06-25,760.0,783.9000244140625,760.0,778.75,7864.0
2013-06-26,783.0,788.0,774.0,785.6500244140625,4059.0
2013-06-27,785.5,801.5499877929688,768.0,776.6500244140625,21072.0
2013-06-28,779.0499877929688,808.0,765.1500244140625,804.4500122070312,239846.0
2013-07-01,820.0,820.0,803.0,805.4500122070312,14280.0
2013-07-02,800.0499877929688,812.0,792.1500244140625,795.0499877929688,22001.0
2013-07-03,791.75,823.0,772.5499877929688,781.25,34248.0
2013-07-04,768.0,774.0,755.0,770.4500122070312,11345.0
2013-07-05,770.0,781.9000244140625,770.0,775.8499755859375,7662.0
2013-07-08,779.9500122070312,781.0,748.0,778.25,30679.0
2013-07-09,780.0,780.0499877929688,763.0,775.7000122070312,14180.0
2013-07-10,777.0499877929688,796.0,769.9000244140625,771.3499755859375,23521.0
2013-07-11,776.0,779.9500122070312,772.0,775.0,13656.0
2013-07-12,777.5,778.4500122070312,774.9000244140625,775.2000122070312,16928.0
2013-07-15,775.0,787.0,773.5,780.2999877929688,13014.0
2013-07-16,762.1500244140625,786.0,761.25,779.8499755859375,7701.0
2013-07-17,784.75,795.0,772.0,775.4000244140625,30311.0
2013-07-18,773.5,787.0,772.2000122070312,780.7999877929688,27519.0
2013-07-19,780.0999755859375,798.9500122070312,775.0,778.9500122070312,7046.0
2013-07-22,800.0,805.0,787.9500122070312,800.1500244140625,19156.0
2013-07-23,800.0,804.9500122070312,796.0,800.6500244140625,7208.0
2013-07-24,801.0,808.0,790.4000244140625,793.7999877929688,5569.0
2013-07-25,800.0499877929688,800.0999755859375,792.0,797.1500244140625,3075.0
2013-07-26,808.9500122070312,824.9000244140625,795.2999877929688,818.5,15293.0
2013-07-29,818.0,839.9500122070312,800.2999877929688,826.5499877929688,13372.0
2013-07-30,827.0,844.0,825.9500122070312,835.7000122070312,14579.0
2013-07-31,836.6500244140625,837.0,810.0,818.0999755859375,11368.0
2013-08-01,834.0,834.0,787.0,801.9000244140625,8929.0
2013-08-02,781.4000244140625,879.0,781.4000244140625,853.5,24227.0
2013-08-05,833.0,898.7999877929688,822.25,881.0999755859375,26940.0
2013-08-06,853.0,880.0,832.5,843.2999877929688,9178.0
2013-08-07,835.2999877929688,855.25,815.8499755859375,833.5,12958.0
2013-08-08,821.1500244140625,828.0,815.0,818.5999755859375,7886.0
2013-08-12,829.8499755859375,855.0,798.7000122070312,812.0499877929688,17834.0
2013-08-13,808.9500122070312,819.9500122070312,791.5,816.9000244140625,11764.0
2013-08-14,818.0,867.4500122070312,803.2000122070312,853.3499755859375,147564.0
2013-08-16,854.0,862.0,829.0,837.3499755859375,27000.0
2013-08-19,837.0,849.9500122070312,823.4500122070312,829.9500122070312,33234.0
2013-08-20,830.8499755859375,839.0,815.1500244140625,828.1500244140625,20856.0
2013-08-21,830.0499877929688,833.4000244140625,820.0999755859375,828.9000244140625,6406.0
2013-08-22,825.0,839.9000244140625,820.0999755859375,826.5499877929688,11732.0
2013-08-23,825.0499877929688,830.5999755859375,813.0,822.7999877929688,4714.0
2013-08-26,827.0,833.0,815.0,818.5999755859375,9232.0
2013-08-27,814.0999755859375,820.25,793.0,799.7000122070312,24106.0
2013-08-28,800.0,800.0,783.5,787.0999755859375,23368.0
2013-08-29,788.0,819.0,781.0,810.25,25887.0
2013-08-30,790.0,825.0,782.0,804.7999877929688,23800.0
2013-09-02,806.0999755859375,816.0,794.9000244140625,802.8499755859375,5707.0
2013-09-03,803.0499877929688,814.0,781.0,785.25,3390.0
2013-09-04,797.9500122070312,805.7999877929688,781.0999755859375,800.0499877929688,25401.0
2013-09-05,808.0,820.0,792.0,795.0,32067.0
2013-09-06,800.0,835.0,784.9500122070312,825.2999877929688,29714.0
2013-09-10,821.0,830.0,814.0499877929688,826.2999877929688,30871.0
2013-09-11,828.0,828.0,803.7000122070312,803.7000122070312,48255.0
2013-09-12,802.1500244140625,820.0,791.2999877929688,794.3499755859375,14980.0
2013-09-13,799.0,807.0,794.0499877929688,798.0499877929688,15143.0
2013-09-16,808.0,808.0,797.0999755859375,798.7000122070312,7142.0
2013-09-17,809.0,809.0,786.5,793.2999877929688,15216.0
2013-09-18,793.0,794.4500122070312,775.0,777.3499755859375,42209.0
2013-09-19,789.0999755859375,795.0499877929688,774.0,786.7000122070312,55550.0
2013-09-20,790.0,805.0,780.0,790.8499755859375,207436.0
2013-09-23,802.9500122070312,802.9500122070312,780.0999755859375,782.0,32831.0
2013-09-24,781.9500122070312,784.5,774.0999755859375,775.7000122070312,14135.0
2013-09-25,783.5,783.5,770.2000122070312,775.5499877929688,49930.0
2013-09-26,779.75,779.75,770.0,772.5999755859375,150285.0
2013-09-27,771.0,787.9000244140625,771.0,779.1500244140625,94047.0
2013-09-30,789.7999877929688,789.8499755859375,772.0999755859375,776.0,8288.0
2013-10-01,776.0,784.0,773.0499877929688,780.6500244140625,21843.0
2013-10-03,773.7999877929688,794.0,773.0,791.5499877929688,27754.0
2013-10-04,782.0,809.0,782.0,805.0,27293.0
2013-10-07,797.0,807.0,797.0,805.2000122070312,39089.0
2013-10-08,807.7999877929688,807.9000244140625,804.9500122070312,805.0999755859375,20924.0
2013-10-09,804.0,807.0,803.9500122070312,805.3499755859375,17354.0
2013-10-10,809.9500122070312,810.0,804.9500122070312,806.4500122070312,19531.0
2013-10-11,807.0,812.9500122070312,807.0,810.0,28840.0
2013-10-14,808.0,816.2000122070312,808.0,812.4000244140625,8746.0
2013-10-15,806.0499877929688,813.0,806.0,810.0,13702.0
2013-10-17,804.0,825.6500244140625,804.0,823.3499755859375,33062.0
2013-10-18,830.0,834.0,825.2000122070312,830.4500122070312,32418.0
2013-10-21,823.3499755859375,839.0,823.3499755859375,838.25,25066.0
2013-10-22,825.0499877929688,839.0,825.0499877929688,835.2000122070312,16422.0
2013-10-23,836.0,836.0,805.0,820.0999755859375,21098.0
2013-10-24,820.0,831.0,813.0999755859375,822.1500244140625,15269.0
2013-10-25,825.0,825.0,818.0,819.9500122070312,11956.0
2013-10-28,824.7000122070312,824.7000122070312,818.0,821.8499755859375,18828.0
2013-10-29,820.0,822.75,817.6500244140625,819.9000244140625,17381.0
2013-10-30,821.9000244140625,825.9500122070312,819.5499877929688,821.3499755859375,16099.0
2013-10-31,818.0,830.0,818.0,825.4000244140625,16051.0
2013-11-01,825.0,851.9500122070312,821.0499877929688,844.3499755859375,29360.0
2013-11-05,841.0,852.0,841.0,846.5999755859375,20477.0
2013-11-06,841.0499877929688,855.0,841.0499877929688,849.9000244140625,39148.0
2013-11-07,848.9500122070312,871.0,845.0,865.6500244140625,25872.0
2013-11-08,847.9500122070312,870.0,847.9500122070312,865.1500244140625,42425.0
2013-11-11,860.1500244140625,866.8499755859375,845.0,861.3499755859375,17165.0
2013-11-12,864.75,879.0,858.0,872.0999755859375,18754.0
2013-11-13,869.6500244140625,878.5,862.0999755859375,875.5499877929688,11993.0
2013-11-14,871.3499755859375,877.9500122070312,871.3499755859375,875.0,32500.0
2013-11-18,874.9500122070312,884.75,866.0499877929688,881.0,9704.0
2013-11-19,879.0499877929688,883.9500122070312,872.0,875.2000122070312,57087.0
2013-11-20,868.0499877929688,887.9000244140625,868.0499877929688,881.7999877929688,8626.0
2013-11-21,865.0499877929688,885.0,865.0,876.0499877929688,16595.0
2013-11-22,873.3499755859375,890.0,872.0499877929688,880.1500244140625,7542.0
2013-11-25,885.0,904.7999877929688,871.5499877929688,877.2999877929688,12492.0
2013-11-26,892.9500122070312,892.9500122070312,857.0,859.9000244140625,5068.0
2013-11-27,860.0,872.0,842.7000122070312,850.9000244140625,20981.0
2013-11-28,879.9000244140625,879.9000244140625,851.0499877929688,858.5999755859375,2864.0
2013-11-29,857.0499877929688,866.7000122070312,855.3499755859375,860.0499877929688,5507.0
2013-12-02,869.4000244140625,869.4000244140625,856.7999877929688,860.75,7932.0
2013-12-03,853.0,879.0,853.0,873.0999755859375,22178.0
2013-12-04,874.75,878.5999755859375,866.0999755859375,871.0,19960.0
2013-12-05,875.0,880.0499877929688,872.0999755859375,875.0999755859375,8956.0
2013-12-06,890.0,890.0,872.0,875.8499755859375,4265.0
2013-12-09,880.0,890.0,875.2999877929688,881.5999755859375,10125.0
2013-12-10,883.0,883.0,874.0,876.2000122070312,6168.0
2013-12-11,875.0499877929688,875.0499877929688,865.7000122070312,869.9500122070312,8165.0
2013-12-12,880.0,880.0,860.3499755859375,866.0,8408.0
2013-12-13,866.0,879.0,860.0,864.5,5187.0
2013-12-16,879.0,889.9000244140625,850.1500244140625,875.9000244140625,4992.0
2013-12-17,871.9000244140625,884.0999755859375,863.7000122070312,874.75,5996.0
2013-12-18,874.4500122070312,894.8499755859375,868.0,884.25,5019.0
2013-12-19,886.7999877929688,888.5,875.0499877929688,880.9500122070312,3142.0
2013-12-20,883.9500122070312,919.9500122070312,871.8499755859375,907.9000244140625,15926.0
2013-12-23,900.0,906.0,888.8499755859375,891.2999877929688,3675.0
2013-12-24,904.75,910.0,893.5499877929688,897.7999877929688,10462.0
2013-12-26,887.0,902.0,885.0999755859375,897.3499755859375,3064.0
2013-12-27,891.4000244140625,899.0,882.0,894.9000244140625,12607.0
2013-12-30,886.0,899.0,881.0999755859375,888.25,4847.0
2013-12-31,886.0,891.0,877.0,888.0999755859375,5520.0
2014-01-01,877.25,910.0,877.25,896.5499877929688,7778.0
2014-01-02,890.0,909.75,878.0,881.0,3880.0
2014-01-03,876.5,888.0,865.0,876.0,4948.0
2014-01-06,877.0499877929688,910.0,869.7000122070312,900.75,11914.0
2014-01-07,900.0,914.0,881.5999755859375,889.5499877929688,5773.0
2014-01-08,899.8499755859375,910.0,890.0,902.25,35218.0
2014-01-09,903.0,925.0,899.0,920.6500244140625,16939.0
2014-01-10,910.0499877929688,921.5499877929688,899.0,904.5999755859375,26136.0
2014-01-13,899.0999755859375,931.7000122070312,899.0999755859375,921.4000244140625,187133.0
2014-01-14,910.0499877929688,923.9000244140625,901.0,904.2000122070312,6770.0
2014-01-15,910.0,950.0,902.0,925.7999877929688,540317.0
2014-01-16,919.0,927.0,910.0999755859375,915.7000122070312,22770.0
2014-01-17,908.75,944.75,890.0499877929688,924.5499877929688,24895.0
2014-01-20,915.0,931.0,913.4000244140625,921.75,22917.0
2014-01-21,915.0499877929688,941.5999755859375,915.0499877929688,927.25,26693.0
2014-01-22,925.5999755859375,940.0,920.0499877929688,929.9500122070312,23412.0
2014-01-23,929.6500244140625,942.9500122070312,928.9500122070312,936.9500122070312,7245.0
2014-01-24,928.0499877929688,949.0,927.25,936.2999877929688,23157.0
2014-01-27,925.0,934.9500122070312,925.0,930.5999755859375,17211.0
2014-01-28,936.2999877929688,941.0,928.5,930.4500122070312,64068.0
2014-01-29,932.8499755859375,939.9500122070312,929.1500244140625,930.3499755859375,16330.0
2014-01-30,931.0,936.0,913.7000122070312,930.9500122070312,10064.0
2014-01-31,937.9000244140625,937.9000244140625,921.0999755859375,926.4500122070312,3637.0
2014-02-03,929.9500122070312,944.4000244140625,920.5999755859375,931.6500244140625,15940.0
2014-02-04,929.9500122070312,937.9500122070312,915.9500122070312,930.0,5624.0
2014-02-05,912.0499877929688,939.9500122070312,912.0499877929688,936.2000122070312,8622.0
2014-02-06,936.0,954.9500122070312,935.0499877929688,950.0,112988.0
2014-02-07,945.0,963.0,943.25,959.0499877929688,9808.0
2014-02-10,959.0,964.9000244140625,950.0,953.0499877929688,6477.0
2014-02-11,955.0,955.0,950.0,950.1500244140625,32891.0
2014-02-12,954.9500122070312,959.9000244140625,953.9500122070312,955.3499755859375,49184.0
2014-02-13,950.0,966.0,950.0,957.8499755859375,81387.0
2014-02-14,958.9500122070312,958.9500122070312,953.0499877929688,955.4000244140625,36354.0
2014-02-17,954.0,960.9000244140625,954.0,955.0499877929688,15780.0
2014-02-18,959.9500122070312,960.0,947.2000122070312,954.0,50415.0
2014-02-19,944.5,960.0,944.5,955.3499755859375,23796.0
2014-02-20,956.4500122070312,959.0,947.0,950.9500122070312,21714.0
2014-02-21,956.0,957.0,945.6500244140625,951.3499755859375,6016.0
2014-02-24,922.0,954.9500122070312,922.0,947.9500122070312,5382.0
2014-02-25,949.0,950.0,942.0499877929688,945.7000122070312,11462.0
2014-02-26,901.3499755859375,950.0,901.3499755859375,944.0,15032.0
2014-02-28,931.0,949.9500122070312,931.0,944.5,9334.0
2014-03-03,949.0,969.5999755859375,935.0,959.4500122070312,9312.0
2014-03-04,950.0499877929688,968.9500122070312,950.0499877929688,964.7999877929688,10055.0
2014-03-05,960.75,979.0,950.0999755859375,957.5499877929688,19315.0
2014-03-06,965.0,969.0,955.0499877929688,962.75,4381.0
2014-03-07,968.0,969.9000244140625,956.2000122070312,966.0,11104.0
2014-03-10,960.0499877929688,980.0,960.0499877929688,966.5499877929688,24809.0
2014-03-11,958.0499877929688,973.0,958.0499877929688,965.9000244140625,7228.0
2014-03-12,974.0,975.0499877929688,960.0499877929688,967.75,6049.0
2014-03-13,966.0999755859375,971.6500244140625,958.9500122070312,960.1500244140625,15215.0
2014-03-14,970.0,970.0,956.0999755859375,960.2999877929688,7859.0
2014-03-18,957.2000122070312,975.0,957.2000122070312,970.25,14532.0
2014-03-19,969.9000244140625,978.0,965.9500122070312,971.5499877929688,11082.0
2014-03-20,976.0,976.0,968.0,969.4500122070312,6699.0
2014-03-21,977.0,998.5999755859375,967.9500122070312,989.9500122070312,37558.0
2014-03-24,966.0,980.1500244140625,966.0,974.25,33571.0
2014-03-25,970.0999755859375,979.8499755859375,968.0,970.8499755859375,15343.0
2014-03-26,979.7999877929688,988.9500122070312,970.0,982.7000122070312,16451.0
2014-03-27,989.9500122070312,999.9500122070312,980.0,996.9500122070312,16648.0
2014-03-28,999.9500122070312,1045.0,999.9500122070312,1031.699951171875,24088.0
2014-03-31,1008.0,1035.0,1008.0,1024.800048828125,6991.0
2014-04-01,1034.949951171875,1034.949951171875,999.7999877929688,1004.0499877929688,12482.0
2014-04-02,1009.0,1025.0,1003.5,1020.7000122070312,22280.0
2014-04-03,1014.25,1045.0,1004.0999755859375,1031.4000244140625,21489.0
2014-04-04,1031.4000244140625,1040.0,1024.199951171875,1039.050048828125,5187.0
2014-04-07,1039.0,1040.0,1011.3499755859375,1021.6500244140625,4401.0
2014-04-09,1021.0499877929688,1040.0,1020.3499755859375,1035.550048828125,37151.0
2014-04-10,1034.949951171875,1045.0,1025.050048828125,1042.550048828125,21362.0
2014-04-11,1040.949951171875,1054.800048828125,1029.949951171875,1042.199951171875,93291.0
2014-04-15,1021.0,1055.0,1016.2000122070312,1029.5,23588.0
2014-04-16,1022.0499877929688,1034.0,1020.1500244140625,1029.300048828125,11185.0
2014-04-17,1010.0,1049.949951171875,1010.0,1042.449951171875,137503.0
2014-04-21,1042.449951171875,1050.0,1023.0,1044.300048828125,8331.0
2014-04-22,1049.9000244140625,1055.0,1045.5,1051.550048828125,14381.0
2014-04-23,1051.0,1060.0,1036.300048828125,1051.050048828125,12356.0
2014-04-24,1051.050048828125,1051.050048828125,1051.050048828125,1051.050048828125,0.0
2014-04-25,1051.300048828125,1085.0,1050.199951171875,1076.3499755859375,53714.0
2014-04-28,1075.0,1090.0,1075.0,1088.9000244140625,148954.0
2014-04-29,1071.0,1094.949951171875,1071.0,1085.5999755859375,38535.0
2014-04-30,1086.699951171875,1094.0,1010.0,1049.5999755859375,31978.0
2014-05-02,1092.0,1092.0,1061.0,1084.300048828125,39644.0
2014-05-05,1069.050048828125,1095.0,1069.050048828125,1091.800048828125,11398.0
2014-05-06,1091.800048828125,1118.0,1091.800048828125,1102.699951171875,29867.0
2014-05-07,1091.050048828125,1110.0,1091.050048828125,1100.050048828125,23780.0
2014-05-08,1103.949951171875,1120.0,1043.800048828125,1066.75,35129.0
2014-05-09,1052.0,1072.3499755859375,1045.0,1058.050048828125,11400.0
2014-05-12,1010.0,1066.800048828125,988.5499877929688,1030.75,57210.0
2014-05-13,1051.0,1066.0,1037.0,1040.800048828125,27318.0
2014-05-14,1041.800048828125,1050.050048828125,1031.0,1035.0,18523.0
2014-05-15,1040.0,1054.6500244140625,1028.0,1034.300048828125,23608.0
2014-05-16,1040.050048828125,1080.0,1035.1500244140625,1062.8499755859375,101334.0
2014-05-19,1070.25,1120.0,1061.0999755859375,1105.699951171875,17940.0
2014-05-20,1118.0,1147.0999755859375,1117.9000244140625,1124.0,15184.0
2014-05-21,1150.0,1180.0,1128.0999755859375,1173.949951171875,63177.0
2014-05-22,1189.949951171875,1194.949951171875,1172.0999755859375,1180.4000244140625,11931.0
2014-05-23,1193.949951171875,1239.9000244140625,1180.0,1218.0999755859375,45224.0
2014-05-26,1230.0,1270.0,1171.0999755859375,1226.949951171875,29077.0
2014-05-27,1213.0,1215.050048828125,1142.0,1168.5999755859375,16359.0
2014-05-28,1168.5999755859375,1175.0,1140.550048828125,1147.949951171875,6651.0
2014-05-29,1137.0,1230.0,1137.0,1204.75,6339.0
2014-05-30,1200.0,1211.0,1140.0999755859375,1154.0,14721.0
2014-06-02,1170.0,1191.0,1145.0,1151.1500244140625,16803.0
2014-06-03,1142.0,1198.0,1139.5999755859375,1161.300048828125,13917.0
2014-06-04,1187.449951171875,1188.0,1155.199951171875,1166.9000244140625,14047.0
2014-06-05,1158.0,1197.8499755859375,1158.0,1179.800048828125,7348.0
2014-06-06,1185.0,1219.0,1185.0,1214.3499755859375,7510.0
2014-06-09,1244.0,1244.0,1193.3499755859375,1202.3499755859375,13094.0
2014-06-10,1218.8499755859375,1223.949951171875,1202.3499755859375,1214.550048828125,12449.0
2014-06-11,1220.25,1249.0,1220.25,1241.0999755859375,10791.0
2014-06-12,1244.0,1244.0,1210.0,1223.3499755859375,6949.0
2014-06-13,1245.0,1245.0,1215.0,1217.75,13489.0
2014-06-16,1239.8499755859375,1239.8499755859375,1175.050048828125,1195.5999755859375,5258.0
2014-06-17,1190.1500244140625,1217.6500244140625,1178.5,1206.050048828125,3895.0
2014-06-18,1194.050048828125,1225.050048828125,1194.050048828125,1221.050048828125,4519.0
2014-06-19,1224.3499755859375,1235.0,1215.0,1221.0,8376.0
2014-06-20,1228.6500244140625,1229.0,1190.0,1213.699951171875,28705.0
2014-06-23,1196.0,1225.0,1196.0,1219.800048828125,10143.0
2014-06-24,1207.5999755859375,1227.949951171875,1193.0,1214.050048828125,8196.0
2014-06-25,1210.050048828125,1233.0,1210.050048828125,1231.6500244140625,7898.0
2014-06-26,1232.949951171875,1249.699951171875,1225.949951171875,1240.4000244140625,8804.0
2014-06-27,1228.0,1270.0,1228.0,1255.300048828125,6193.0
2014-06-30,1262.0,1283.4000244140625,1246.050048828125,1271.25,8321.0
2014-07-01,1283.0,1390.0,1275.0,1382.75,49585.0
2014-07-02,1383.0,1396.0,1345.0,1384.75,24251.0
2014-07-03,1389.0,1389.0,1325.0,1328.5,14703.0
2014-07-04,1330.25,1354.699951171875,1292.300048828125,1304.25,14047.0
2014-07-07,1295.0,1324.5,1295.0,1315.8499755859375,30311.0
2014-07-08,1303.0,1343.800048828125,1303.0,1321.550048828125,10872.0
2014-07-09,1315.050048828125,1332.0,1310.0,1323.1500244140625,13765.0
2014-07-10,1328.949951171875,1330.0,1283.0,1301.1500244140625,31130.0
2014-07-11,1288.0999755859375,1300.0,1260.300048828125,1261.800048828125,2658.0
2014-07-14,1202.5,1282.0,1202.5,1237.449951171875,4520.0
2014-07-15,1220.0,1260.0,1220.0,1251.800048828125,2218.0
2014-07-16,1250.0,1267.0,1241.0999755859375,1249.0,4476.0
2014-07-17,1237.449951171875,1270.5,1237.449951171875,1250.5,35203.0
2014-07-18,1252.0,1294.9000244140625,1245.0,1279.449951171875,30042.0
2014-07-21,1282.0,1330.0,1282.0,1306.199951171875,23544.0
2014-07-22,1311.0,1324.449951171875,1298.0,1310.5999755859375,48853.0
2014-07-23,1316.0,1325.0,1310.0,1314.949951171875,21482.0
2014-07-24,1329.5,1340.0,1302.050048828125,1318.5999755859375,12324.0
2014-07-25,1324.449951171875,1329.949951171875,1304.0,1309.6500244140625,3741.0
2014-07-28,1311.0999755859375,1330.0,1309.0,1322.699951171875,7049.0
2014-07-30,1324.949951171875,1338.8499755859375,1307.0,1327.9000244140625,45189.0
2014-07-31,1330.0,1330.0,1295.0,1295.300048828125,3780.0
2014-08-01,1286.0,1331.0,1286.0,1319.25,9593.0
2014-08-04,1305.0,1334.0,1296.0,1318.75,5988.0
2014-08-05,1305.5999755859375,1328.0,1300.0999755859375,1314.449951171875,4698.0
2014-08-06,1301.5,1324.0,1301.5,1313.5999755859375,2632.0
2014-08-07,1303.0,1313.949951171875,1295.0,1298.699951171875,6207.0
2014-08-08,1287.0,1295.0,1261.050048828125,1274.800048828125,3134.0
2014-08-11,1315.0,1315.0,1272.5999755859375,1288.949951171875,2653.0
2014-08-12,1297.6500244140625,1322.5,1290.050048828125,1316.5,5709.0
2014-08-13,1320.0,1320.0,1299.75,1311.050048828125,4419.0
2014-08-14,1302.6500244140625,1308.9000244140625,1297.5,1300.050048828125,3313.0
2014-08-18,1301.0,1358.5,1300.1500244140625,1346.449951171875,11356.0
2014-08-19,1360.0,1380.0,1329.0,1372.6500244140625,41907.0
2014-08-20,1350.050048828125,1384.699951171875,1350.050048828125,1381.6500244140625,140764.0
2014-08-21,1381.6500244140625,1394.699951171875,1346.5,1359.800048828125,27455.0
2014-08-22,1360.0,1374.9000244140625,1350.0,1366.9000244140625,11067.0
2014-08-25,1379.0,1389.699951171875,1374.0,1384.8499755859375,25795.0
2014-08-26,1380.0,1407.3499755859375,1351.300048828125,1381.0999755859375,50123.0
2014-08-27,1360.0,1378.0,1350.0,1352.6500244140625,7802.0
2014-08-28,1354.0,1360.949951171875,1330.0,1335.199951171875,3561.0
2014-09-01,1335.199951171875,1349.9000244140625,1325.0,1335.0999755859375,5658.0
2014-09-02,1337.0,1380.0,1329.0,1346.9000244140625,11544.0
2014-09-03,1351.0999755859375,1360.0,1339.0,1345.949951171875,24345.0
2014-09-04,1340.0,1354.0,1336.0,1340.449951171875,20691.0
2014-09-05,1364.949951171875,1369.0,1342.050048828125,1350.050048828125,19318.0
2014-09-08,1360.0,1392.0,1348.0,1386.550048828125,34150.0
2014-09-09,1360.050048828125,1381.050048828125,1360.050048828125,1370.800048828125,38244.0
2014-09-10,1367.0999755859375,1370.1500244140625,1353.0,1359.300048828125,60302.0
2014-09-11,1364.699951171875,1364.699951171875,1344.1500244140625,1349.300048828125,52682.0
2014-09-12,1344.0,1364.949951171875,1342.0,1350.449951171875,10905.0
2014-09-15,1351.0,1368.0,1351.0,1354.300048828125,4488.0
2014-09-16,1351.050048828125,1374.0,1303.699951171875,1317.449951171875,18699.0
2014-09-17,1330.0,1361.0,1320.0,1346.0999755859375,9626.0
2014-09-18,1340.0,1369.699951171875,1329.949951171875,1350.050048828125,9045.0
2014-09-19,1373.949951171875,1410.449951171875,1357.300048828125,1380.9000244140625,21202.0
2014-09-22,1370.0,1389.6500244140625,1355.0,1372.3499755859375,7272.0
2014-09-23,1375.050048828125,1388.9000244140625,1370.0,1374.050048828125,42458.0
2014-09-24,1378.0,1378.0,1360.050048828125,1369.0999755859375,9283.0
2014-09-25,1373.800048828125,1435.0,1373.800048828125,1405.9000244140625,40856.0
2014-09-26,1407.0,1411.0,1379.949951171875,1393.050048828125,19988.0
2014-09-29,1380.0999755859375,1392.0,1375.0999755859375,1379.300048828125,40857.0
2014-09-30,1375.050048828125,1430.0,1375.050048828125,1392.550048828125,8731.0
2014-10-01,1388.0,1412.949951171875,1377.0,1380.0999755859375,42427.0
2014-10-07,1380.0,1413.300048828125,1353.050048828125,1379.0999755859375,29750.0
2014-10-08,1374.0999755859375,1380.0,1368.0,1370.6500244140625,2804.0
2014-10-09,1366.0,1450.0,1366.0,1435.75,27186.0
2014-10-10,1441.0,1441.0,1385.0,1413.800048828125,30721.0
2014-10-13,1409.050048828125,1419.0,1380.0,1383.0999755859375,18827.0
2014-10-14,1388.0,1425.0,1380.5,1384.949951171875,5260.0
2014-10-15,1384.949951171875,1384.949951171875,1384.949951171875,1384.949951171875,0.0
2014-10-16,1401.0,1437.3499755859375,1322.0,1356.8499755859375,24959.0
2014-10-17,1359.0,1376.949951171875,1340.25,1365.449951171875,4896.0
2014-10-20,1370.0,1404.75,1370.0,1384.699951171875,20534.0
2014-10-21,1381.0999755859375,1419.0,1370.050048828125,1404.5,16433.0
2014-10-22,1408.949951171875,1435.5,1406.3499755859375,1409.8499755859375,11963.0
2014-10-27,1415.0,1428.949951171875,1390.0,1399.5999755859375,4110.0
2014-10-28,1395.0,1403.9000244140625,1376.0999755859375,1380.0,20758.0
2014-10-29,1377.0,1405.0,1377.0,1387.800048828125,28187.0
2014-10-30,1383.0,1391.6500244140625,1375.0,1380.0,27820.0
2014-10-31,1375.0,1414.5,1375.0,1386.550048828125,9099.0
2014-11-03,1382.5,1409.300048828125,1380.0999755859375,1383.9000244140625,15626.0
2014-11-05,1381.3499755859375,1399.800048828125,1380.9000244140625,1390.300048828125,58670.0
2014-11-07,1395.0,1410.199951171875,1390.0,1396.0,57124.0
2014-11-10,1402.0,1402.0,1371.300048828125,1380.8499755859375,13360.0
2014-11-11,1385.0,1391.949951171875,1377.0999755859375,1381.949951171875,5948.0
2014-11-12,1386.949951171875,1408.0,1379.5,1402.3499755859375,230574.0
2014-11-13,1401.0,1403.0,1390.0,1400.0,19815.0
2014-11-14,1400.0,1407.0,1397.1500244140625,1404.449951171875,61228.0
2014-11-17,1398.050048828125,1439.699951171875,1398.050048828125,1422.8499755859375,92136.0
2014-11-18,1428.0,1432.0,1412.0999755859375,1413.4000244140625,12221.0
2014-11-19,1401.449951171875,1447.800048828125,1401.449951171875,1429.1500244140625,31385.0
2014-11-20,1438.0,1638.0,1418.0,1539.449951171875,144203.0
2014-11-21,1530.0,1540.0,1441.199951171875,1460.949951171875,37816.0
2014-11-24,1470.0,1494.949951171875,1445.0,1463.9000244140625,17242.0
2014-11-25,1464.8499755859375,1470.0,1422.050048828125,1431.449951171875,7255.0
2014-11-26,1441.0,1470.0,1401.050048828125,1406.199951171875,13520.0
2014-11-27,1415.0,1420.0,1391.300048828125,1409.449951171875,67397.0
2014-11-28,1415.0,1440.0,1411.0999755859375,1429.800048828125,12460.0
2014-12-01,1420.0,1449.0,1415.3499755859375,1423.3499755859375,12121.0
2014-12-02,1419.0,1444.300048828125,1419.0,1422.25,18788.0
2014-12-03,1426.949951171875,1459.9000244140625,1420.0,1424.050048828125,16544.0
2014-12-04,1429.0,1457.949951171875,1420.0,1437.949951171875,28545.0
2014-12-05,1430.3499755859375,1460.0,1420.25,1429.8499755859375,36827.0
2014-12-08,1432.0,1432.0,1411.0999755859375,1424.75,96085.0
2014-12-09,1424.800048828125,1437.0,1418.0999755859375,1420.0999755859375,17823.0
2014-12-10,1428.0999755859375,1443.0,1409.800048828125,1413.300048828125,10684.0
2014-12-11,1422.0,1438.199951171875,1410.0,1434.050048828125,466376.0
2014-12-12,1436.0,1465.0,1423.0,1440.949951171875,26886.0
2014-12-15,1441.0,1441.0,1395.550048828125,1406.6500244140625,7149.0
2014-12-16,1414.300048828125,1430.0,1361.050048828125,1399.4000244140625,15142.0
2014-12-17,1394.9000244140625,1399.949951171875,1206.5,1349.800048828125,13524.0
2014-12-18,1350.0,1379.8499755859375,1342.300048828125,1360.25,6144.0
2014-12-19,1384.0,1391.5999755859375,1303.300048828125,1320.800048828125,21681.0
2014-12-22,1325.0,1415.0,1325.0,1401.1500244140625,15839.0
2014-12-23,1395.0,1424.75,1351.199951171875,1373.3499755859375,83766.0
2014-12-24,1379.9000244140625,1399.9000244140625,1367.050048828125,1384.5999755859375,6874.0
2014-12-26,1390.0,1414.0,1373.0,1384.699951171875,7803.0
2014-12-29,1384.0,1414.0,1384.0,1398.9000244140625,3449.0
2014-12-30,1397.949951171875,1414.0,1392.0,1400.25,8880.0
2014-12-31,1400.0,1422.699951171875,1400.0,1403.8499755859375,9425.0
2015-01-01,1400.050048828125,1422.0,1400.0,1407.0999755859375,4619.0
2015-01-02,1407.0,1450.0,1407.0,1436.3499755859375,16347.0
2015-01-05,1435.0,1471.0,1427.050048828125,1457.3499755859375,10385.0
2015-01-06,1448.0,1450.0,1425.0,1430.9000244140625,10257.0
2015-01-07,1431.050048828125,1450.0,1416.0,1428.6500244140625,15356.0
2015-01-08,1438.0,1519.8499755859375,1437.949951171875,1466.449951171875,21704.0
2015-01-09,1462.0,1479.550048828125,1420.5,1428.75,10465.0
2015-01-12,1420.050048828125,1468.0,1420.050048828125,1452.5,14398.0
2015-01-13,1457.0,1476.75,1448.050048828125,1463.949951171875,7864.0
2015-01-14,1459.0,1535.0,1453.050048828125,1496.0999755859375,42562.0
2015-01-15,1501.0,1528.0,1454.0,1468.449951171875,27882.0
2015-01-16,1464.0,1465.0,1391.300048828125,1434.9000244140625,23795.0
2015-01-19,1435.0,1458.0,1410.949951171875,1420.5999755859375,64199.0
2015-01-20,1425.0,1439.949951171875,1405.0999755859375,1413.800048828125,14297.0
2015-01-21,1419.0,1436.949951171875,1400.0,1404.5,12918.0
2015-01-22,1392.0,1434.9000244140625,1371.199951171875,1407.550048828125,37696.0
2015-01-23,1412.0,1433.5999755859375,1396.0999755859375,1402.8499755859375,11183.0
2015-01-27,1407.949951171875,1412.0,1382.0,1396.75,74299.0
2015-01-28,1392.0,1427.0,1392.0,1424.0999755859375,103355.0
2015-01-29,1426.0999755859375,1426.199951171875,1410.0,1421.75,99786.0
2015-01-30,1423.25,1429.0,1402.0,1405.550048828125,56627.0
2015-02-02,1404.5,1435.699951171875,1401.1500244140625,1409.5999755859375,25241.0
2015-02-03,1413.949951171875,1420.0,1406.1500244140625,1414.0999755859375,42407.0
2015-02-04,1410.300048828125,1421.0,1405.0,1411.9000244140625,9885.0
2015-02-05,1416.6500244140625,1442.0,1410.1500244140625,1420.800048828125,72363.0
2015-02-06,1419.949951171875,1425.0,1403.25,1414.949951171875,24298.0
2015-02-09,1420.0,1420.0,1386.050048828125,1387.4000244140625,36714.0
2015-02-10,1394.1500244140625,1412.0,1390.0,1400.0,15486.0
2015-02-11,1401.050048828125,1408.949951171875,1395.0,1400.9000244140625,8683.0
2015-02-12,1406.0,1414.8499755859375,1385.0,1399.8499755859375,27395.0
2015-02-13,1397.75,1405.0,1380.0,1389.699951171875,17161.0
2015-02-16,1385.25,1396.050048828125,1368.1500244140625,1376.800048828125,69371.0
2015-02-18,1375.0,1424.0,1308.050048828125,1379.699951171875,102065.0
2015-02-19,1379.050048828125,1396.300048828125,1377.300048828125,1380.4000244140625,33605.0
2015-02-20,1380.449951171875,1405.0,1370.0,1395.300048828125,15320.0
2015-02-23,1455.0,1468.0,1370.0,1410.800048828125,73397.0
2015-02-24,1406.0,1416.0,1379.0,1390.050048828125,14868.0
2015-02-25,1394.6500244140625,1400.9000244140625,1365.0,1371.3499755859375,28035.0
2015-02-26,1367.5,1378.0,1360.0,1363.5,5780.0
2015-02-27,1368.0,1404.949951171875,1368.0,1390.699951171875,152314.0
2015-03-02,1399.0,1410.0,1390.050048828125,1395.1500244140625,58036.0
2015-03-03,1390.0,1415.0,1390.0,1406.5,15529.0
2015-03-04,1402.050048828125,1410.9000244140625,1392.449951171875,1397.0999755859375,10883.0
2015-03-05,1395.5,1399.0,1390.050048828125,1395.5,6322.0
2015-03-09,1391.0,1396.949951171875,1326.0,1328.800048828125,79417.0
2015-03-10,1335.0,1376.0,1335.0,1373.300048828125,12288.0
2015-03-11,1374.5999755859375,1390.0,1374.5999755859375,1377.6500244140625,9889.0
2015-03-12,1382.0,1395.0,1358.050048828125,1377.949951171875,16247.0
2015-03-13,1373.050048828125,1388.0,1355.0,1363.699951171875,6684.0
2015-03-16,1365.050048828125,1367.9000244140625,1330.0,1334.699951171875,28183.0
2015-03-17,1339.0,1374.6500244140625,1339.0,1358.800048828125,14349.0
2015-03-18,1348.0,1358.300048828125,1342.0,1353.949951171875,130173.0
2015-03-19,1359.949951171875,1378.0,1352.449951171875,1366.699951171875,18984.0
2015-03-20,1355.4000244140625,1362.6500244140625,1260.0,1298.949951171875,69591.0
2015-03-23,1321.0999755859375,1321.0999755859375,1286.0,1303.699951171875,21093.0
2015-03-24,1302.050048828125,1309.0,1268.300048828125,1301.9000244140625,4769.0
2015-03-25,1296.1500244140625,1304.75,1285.0,1298.6500244140625,100963.0
2015-03-26,1298.6500244140625,1310.0,1296.0,1300.5999755859375,9936.0
2015-03-27,1306.1500244140625,1315.0,1295.6500244140625,1300.050048828125,25403.0
2015-03-30,1300.0,1310.199951171875,1285.0,1291.0,13368.0
2015-03-31,1302.050048828125,1303.8499755859375,1290.0,1296.25,21577.0
2015-04-01,1302.300048828125,1329.8499755859375,1285.050048828125,1299.9000244140625,24626.0
2015-04-06,1299.9000244140625,1303.3499755859375,1287.6500244140625,1290.550048828125,8751.0
2015-04-07,1304.949951171875,1326.0,1281.0,1316.050048828125,15434.0
2015-04-08,1316.050048828125,1326.0,1299.949951171875,1314.3499755859375,9934.0
2015-04-09,1310.800048828125,1320.0,1295.9000244140625,1300.4000244140625,8992.0
2015-04-10,1304.6500244140625,1315.0,1297.800048828125,1299.75,9240.0
2015-04-13,1324.8499755859375,1348.0,1285.0,1288.5999755859375,8867.0
2015-04-15,1290.050048828125,1305.0,1272.0,1294.699951171875,13236.0
2015-04-16,1292.050048828125,1299.0,1290.0,1293.5999755859375,3400.0
2015-04-17,1293.1500244140625,1298.449951171875,1280.0,1287.550048828125,9479.0
2015-04-20,1287.050048828125,1294.0,1281.050048828125,1292.9000244140625,35437.0
2015-04-21,1287.0,1298.0,1267.050048828125,1270.0,12521.0
2015-04-22,1271.1500244140625,1273.800048828125,1263.050048828125,1267.199951171875,21414.0
2015-04-23,1265.1500244140625,1274.949951171875,1265.1500244140625,1270.25,9079.0
2015-04-24,1265.5,1274.8499755859375,1251.25,1267.0,16555.0
2015-04-27,1261.050048828125,1266.0999755859375,1244.199951171875,1256.699951171875,10924.0
2015-04-28,1253.4000244140625,1310.0,1253.0,1303.300048828125,14070.0
2015-04-29,1297.0,1298.5999755859375,1263.75,1283.550048828125,22320.0
2015-04-30,1277.0,1298.0,1271.050048828125,1293.0999755859375,3581.0
2015-05-04,1290.0,1306.1500244140625,1290.0,1299.699951171875,11319.0
2015-05-05,1296.0,1305.949951171875,1278.300048828125,1290.050048828125,23719.0
2015-05-06,1296.0,1296.0,1259.050048828125,1278.0999755859375,6258.0
2015-05-07,1272.75,1289.9000244140625,1272.0,1281.699951171875,15845.0
2015-05-08,1287.9000244140625,1300.050048828125,1277.9000244140625,1295.949951171875,39487.0
2015-05-11,1296.0999755859375,1303.3499755859375,1278.449951171875,1294.8499755859375,58450.0
2015-05-12,1272.0,1315.300048828125,1272.0,1296.050048828125,21418.0
2015-05-13,1303.1500244140625,1305.0,1290.0,1298.75,134719.0
2015-05-14,1299.050048828125,1305.0,1295.5999755859375,1299.0,50945.0
2015-05-15,1300.6500244140625,1306.0,1297.0,1301.199951171875,72933.0
2015-05-18,1305.4000244140625,1311.199951171875,1297.050048828125,1304.949951171875,41722.0
2015-05-19,1309.1500244140625,1311.0,1295.0,1301.6500244140625,37807.0
2015-05-20,1299.0,1308.0,1296.0,1302.5999755859375,47121.0
2015-05-21,1286.0,1319.75,1286.0,1303.6500244140625,21935.0
2015-05-22,1286.0999755859375,1338.0,1286.0999755859375,1325.5,14696.0
2015-05-25,1301.0999755859375,1329.0,1301.0999755859375,1314.5999755859375,3496.0
2015-05-26,1300.050048828125,1326.3499755859375,1300.050048828125,1307.3499755859375,3571.0
2015-05-27,1290.0,1344.0,1290.0,1331.949951171875,6637.0
2015-05-28,1337.5999755859375,1339.75,1313.0,1324.050048828125,2540.0
2015-05-29,1325.75,1346.0,1320.300048828125,1331.550048828125,4717.0
2015-06-01,1305.0,1330.0,1296.300048828125,1322.5999755859375,4642.0
2015-06-02,1322.5,1335.0,1318.949951171875,1327.25,5407.0
2015-06-03,1311.25,1330.0,1304.050048828125,1320.550048828125,9297.0
2015-06-04,1320.1500244140625,1360.0,1312.0,1335.050048828125,16377.0
2015-06-05,1317.0999755859375,1349.949951171875,1305.0,1309.0999755859375,32066.0
2015-06-08,1320.1500244140625,1338.5999755859375,1320.1500244140625,1326.800048828125,5309.0
2015-06-09,1326.75,1349.0,1310.0,1337.0,5421.0
2015-06-10,1321.6500244140625,1371.8499755859375,1321.0,1347.300048828125,4350.0
2015-06-11,1349.0999755859375,1354.050048828125,1306.0,1327.800048828125,3721.0
2015-06-12,1320.050048828125,1345.0,1315.949951171875,1338.1500244140625,3103.0
2015-06-15,1349.949951171875,1349.949951171875,1323.0,1327.949951171875,2306.0
2015-06-16,1334.550048828125,1337.8499755859375,1311.5999755859375,1320.1500244140625,2188.0
2015-06-17,1313.0,1340.800048828125,1313.0,1332.4000244140625,3405.0
2015-06-18,1337.0,1344.0,1331.050048828125,1334.8499755859375,2447.0
2015-06-19,1331.0999755859375,1339.949951171875,1316.1500244140625,1323.949951171875,39982.0
2015-06-22,1330.1500244140625,1365.0,1325.0,1354.0999755859375,8438.0
2015-06-23,1351.5,1407.199951171875,1351.050048828125,1401.3499755859375,118942.0
2015-06-24,1410.0,1494.0999755859375,1404.199951171875,1448.800048828125,49240.0
2015-06-25,1443.6500244140625,1469.699951171875,1425.0,1459.449951171875,20779.0
2015-06-26,1428.0,1449.949951171875,1413.0,1434.199951171875,8368.0
2015-06-29,1430.0,1450.0,1387.0,1423.050048828125,211165.0
2015-06-30,1438.0,1474.0,1417.4000244140625,1459.550048828125,15348.0
2015-07-01,1450.0,1466.0,1439.8499755859375,1455.25,20881.0
2015-07-02,1450.0,1485.0,1450.0,1478.3499755859375,9193.0
2015-07-03,1475.0,1510.0,1455.6500244140625,1473.25,13611.0
2015-07-06,1475.0,1523.0999755859375,1475.0,1508.300048828125,10730.0
2015-07-07,1500.0,1537.9000244140625,1498.0,1504.9000244140625,10874.0
2015-07-08,1506.0,1525.0,1476.8499755859375,1504.0999755859375,28302.0
2015-07-09,1486.0,1490.0,1462.4000244140625,1469.5,5260.0
2015-07-10,1469.5,1495.300048828125,1444.050048828125,1451.0999755859375,11641.0
2015-07-13,1456.1500244140625,1456.199951171875,1424.0999755859375,1428.3499755859375,15578.0
2015-07-14,1437.0,1439.949951171875,1416.550048828125,1420.75,15102.0
2015-07-15,1412.0,1414.0,1390.0,1399.800048828125,44219.0
2015-07-16,1399.949951171875,1428.0,1398.75,1406.6500244140625,12594.0
2015-07-17,1415.25,1419.6500244140625,1400.0999755859375,1410.199951171875,3685.0
2015-07-20,1410.0,1413.300048828125,1390.0,1395.5,7540.0
2015-07-21,1398.0,1422.0,1386.25,1392.800048828125,12950.0
2015-07-22,1398.75,1410.550048828125,1372.25,1379.449951171875,14287.0
2015-07-23,1394.75,1432.0,1394.75,1424.5999755859375,25405.0
2015-07-24,1431.949951171875,1431.949951171875,1399.949951171875,1404.3499755859375,35938.0
2015-07-27,1405.0,1439.0,1402.3499755859375,1433.449951171875,15424.0
2015-07-28,1438.0,1446.550048828125,1415.9000244140625,1420.699951171875,26788.0
2015-07-29,1440.0,1455.0,1428.449951171875,1444.75,11811.0
2015-07-30,1449.0,1499.1500244140625,1449.0,1483.0,30456.0
2015-07-31,1483.0,1500.0,1461.0,1475.449951171875,11820.0
2015-08-03,1462.0,1499.300048828125,1462.0,1477.550048828125,7250.0
2015-08-04,1480.0,1521.0,1479.0999755859375,1503.1500244140625,63611.0
2015-08-05,1512.050048828125,1529.300048828125,1507.300048828125,1523.449951171875,33178.0
2015-08-06,1529.949951171875,1565.0,1526.4000244140625,1558.199951171875,45274.0
2015-08-07,1558.199951171875,1630.0,1558.0,1581.9000244140625,34924.0
2015-08-10,1593.0,1609.300048828125,1566.5,1599.5999755859375,35416.0
2015-08-11,1606.949951171875,1606.949951171875,1551.0999755859375,1581.699951171875,17147.0
2015-08-12,1584.050048828125,1584.050048828125,1565.050048828125,1575.5,4442.0
2015-08-13,1580.0,1613.0,1580.0,1600.25,41043.0
2015-08-14,1610.050048828125,1665.0,1610.0,1645.3499755859375,149984.0
2015-08-17,1645.0,1667.0,1638.0,1645.949951171875,49609.0
2015-08-18,1645.050048828125,1665.0,1645.050048828125,1657.0999755859375,3234.0
2015-08-19,1661.0,1672.0,1654.0999755859375,1664.6500244140625,6277.0
2015-08-20,1668.0,1694.050048828125,1651.300048828125,1660.25,18736.0
2015-08-21,1640.0,1674.9000244140625,1640.0,1656.0999755859375,26556.0
2015-08-24,1669.0,1669.0,1615.0,1618.300048828125,70387.0
2015-08-25,1580.0,1630.0,1580.0,1611.8499755859375,61012.0
2015-08-26,1605.050048828125,1621.25,1531.050048828125,1575.0999755859375,98682.0
2015-08-27,1545.0,1604.0,1545.0,1585.1500244140625,25066.0
2015-08-28,1582.5,1639.9000244140625,1582.5,1626.4000244140625,107108.0
2015-08-31,1626.4000244140625,1626.4000244140625,1551.25,1584.449951171875,22609.0
2015-09-01,1616.050048828125,1618.25,1561.25,1613.6500244140625,149195.0
2015-09-02,1635.0,1635.0,1542.25,1556.9000244140625,17657.0
2015-09-03,1584.0,1616.0,1569.0,1611.699951171875,65942.0
2015-09-04,1610.0,1610.0,1576.699951171875,1588.75,11233.0
2015-09-07,1588.0,1590.3499755859375,1545.0,1553.5,2860.0
2015-09-08,1588.9000244140625,1588.9000244140625,1489.0,1497.550048828125,6800.0
2015-09-09,1490.0999755859375,1514.949951171875,1490.0999755859375,1500.699951171875,11851.0
2015-09-10,1480.050048828125,1606.0,1480.050048828125,1600.5,40594.0
2015-09-11,1575.0,1660.3499755859375,1567.4000244140625,1639.5999755859375,21785.0
2015-09-14,1649.0,1649.0,1609.0,1616.5999755859375,12425.0
2015-09-15,1596.0,1616.25,1580.0,1600.0,10031.0
2015-09-16,1592.949951171875,1615.0,1580.0,1601.0999755859375,180500.0
2015-09-18,1582.0,1645.0,1575.0999755859375,1617.699951171875,150725.0
2015-09-21,1622.0,1622.0,1536.0,1553.050048828125,29872.0
2015-09-22,1560.0,1584.0,1560.0,1573.3499755859375,6887.0
2015-09-23,1551.0,1599.0,1551.0,1589.449951171875,4847.0
2015-09-24,1587.800048828125,1595.0,1565.0999755859375,1578.25,7564.0
2015-09-28,1590.0,1592.0,1561.050048828125,1566.0999755859375,8896.0
2015-09-29,1560.0,1568.0,1545.0,1557.0999755859375,7922.0
2015-09-30,1566.25,1580.0,1558.0999755859375,1570.8499755859375,4155.0
2015-10-01,1572.800048828125,1600.0,1569.5999755859375,1591.4000244140625,9916.0
2015-10-05,1619.0,1628.0999755859375,1580.0,1593.3499755859375,63929.0
2015-10-06,1572.0,1608.0,1572.0,1586.25,2061.0
2015-10-07,1592.949951171875,1619.0,1580.0,1583.75,39542.0
2015-10-08,1583.0,1605.0,1572.0,1584.800048828125,26204.0
2015-10-09,1585.0,1599.0,1579.199951171875,1591.050048828125,35257.0
2015-10-12,1584.0,1608.0,1571.0,1572.300048828125,2722.0
2015-10-13,1575.0999755859375,1597.4000244140625,1570.5,1581.5,45430.0
2015-10-14,1587.199951171875,1587.199951171875,1570.0999755859375,1578.300048828125,184377.0
2015-10-15,1579.0999755859375,1580.5,1560.199951171875,1574.75,29439.0
2015-10-16,1579.550048828125,1580.0,1562.800048828125,1566.300048828125,5040.0
2015-10-19,1559.0999755859375,1595.0,1559.0999755859375,1590.199951171875,34320.0
2015-10-20,1599.550048828125,1617.0,1580.050048828125,1597.4000244140625,37302.0
2015-10-21,1600.0,1639.0,1598.0,1629.050048828125,55170.0
2015-10-23,1630.949951171875,1630.949951171875,1590.0999755859375,1621.6500244140625,31263.0
2015-10-26,1624.8499755859375,1639.0,1610.050048828125,1625.199951171875,120000.0
2015-10-27,1630.0,1680.0,1630.0,1667.800048828125,17084.0
2015-10-28,1679.0,1718.949951171875,1650.0,1651.300048828125,14207.0
2015-10-29,1657.550048828125,1665.0,1649.0,1650.25,3614.0
2015-10-30,1650.25,1665.0,1650.0,1658.8499755859375,15131.0
2015-11-02,1662.5999755859375,1725.0,1650.0,1677.8499755859375,11437.0
2015-11-03,1677.0,1709.0,1653.0,1661.949951171875,10955.0
2015-11-04,1661.0,1682.0,1653.25,1670.0999755859375,9079.0
2015-11-05,1680.800048828125,1695.0,1653.0,1680.449951171875,55747.0
2015-11-06,1680.0,1687.9000244140625,1650.050048828125,1665.300048828125,19519.0
2015-11-09,1664.949951171875,1670.25,1649.949951171875,1653.9000244140625,3994.0
2015-11-10,1661.0,1662.0999755859375,1650.25,1651.3499755859375,4158.0
2015-11-13,1655.1500244140625,1659.949951171875,1650.1500244140625,1653.949951171875,5042.0
2015-11-16,1667.5,1667.5,1650.8499755859375,1657.1500244140625,2377.0
2015-11-17,1670.0,1683.949951171875,1652.5999755859375,1669.449951171875,2423.0
2015-11-18,1660.0999755859375,1685.0,1654.550048828125,1667.5,10611.0
2015-11-19,1652.050048828125,1676.0,1652.050048828125,1661.800048828125,14562.0
2015-11-20,1665.5999755859375,1671.5,1659.0999755859375,1664.699951171875,9235.0
2015-11-23,1665.0,1680.0,1656.0,1670.800048828125,15991.0
2015-11-24,1670.0,1694.0,1670.0,1684.699951171875,75360.0
2015-11-26,1685.0,1709.0,1685.0,1693.800048828125,10829.0
2015-11-27,1690.0,1740.0,1689.949951171875,1709.5999755859375,12202.0
2015-11-30,1724.0,1724.0,1681.25,1712.0,14948.0
2015-12-01,1713.199951171875,1725.0,1700.0,1718.8499755859375,158612.0
2015-12-02,1704.25,1740.0,1704.25,1733.6500244140625,94319.0
2015-12-03,1747.800048828125,1747.800048828125,1725.0,1725.199951171875,3324.0
2015-12-04,1720.0,1738.0,1720.0,1729.0999755859375,2902.0
2015-12-07,1722.0,1735.5,1720.0,1720.0999755859375,69545.0
2015-12-08,1699.0,1737.949951171875,1693.199951171875,1718.5,19808.0
2015-12-09,1718.199951171875,1730.050048828125,1711.0999755859375,1729.800048828125,24185.0
2015-12-10,1730.0,1735.050048828125,1680.0999755859375,1693.5999755859375,15932.0
2015-12-11,1693.5999755859375,1716.0,1662.25,1675.1500244140625,6135.0
2015-12-14,1675.0,1680.0,1602.0,1610.4000244140625,9630.0
2015-12-15,1601.0,1659.0,1601.0,1648.050048828125,3282.0
2015-12-16,1621.199951171875,1668.0,1621.199951171875,1652.699951171875,3669.0
2015-12-17,1641.0,1697.949951171875,1620.0,1669.800048828125,4010.0
2015-12-18,1693.0999755859375,1747.0,1644.0,1720.800048828125,17247.0
2015-12-21,1690.050048828125,1730.0,1690.0,1718.449951171875,17177.0
2015-12-22,1691.050048828125,1732.0,1661.9000244140625,1679.449951171875,44874.0
2015-12-23,1675.0999755859375,1695.0,1631.0999755859375,1638.550048828125,14643.0
2015-12-24,1674.800048828125,1674.8499755859375,1606.0999755859375,1617.8499755859375,19646.0
2015-12-28,1619.0,1679.0,1619.0,1662.75,4359.0
2015-12-29,1641.0,1670.25,1641.0,1651.5,4733.0
2015-12-30,1655.050048828125,1666.8499755859375,1648.0999755859375,1650.0999755859375,9322.0
2015-12-31,1660.0,1670.25,1651.0,1659.199951171875,2360.0
2016-01-01,1632.050048828125,1695.0,1632.050048828125,1677.0999755859375,15983.0
2016-01-04,1677.0999755859375,1684.949951171875,1651.0,1660.1500244140625,6517.0
2016-01-05,1665.0,1670.0,1650.0,1652.5999755859375,11430.0
2016-01-06,1650.050048828125,1663.449951171875,1650.0,1655.0,19496.0
2016-01-07,1695.0,1695.0,1645.0,1657.949951171875,18527.0
2016-01-08,1635.0999755859375,1675.0,1632.0,1668.699951171875,20242.0
2016-01-11,1650.0,1657.5,1620.0999755859375,1644.4000244140625,29844.0
2016-01-12,1656.0,1664.949951171875,1615.0,1620.9000244140625,8885.0
2016-01-13,1639.949951171875,1651.0,1610.0,1625.3499755859375,21639.0
2016-01-14,1616.0,1661.6500244140625,1614.0,1630.949951171875,7600.0
2016-01-15,1653.0,1653.0,1601.0999755859375,1617.300048828125,4550.0
2016-01-18,1598.050048828125,1600.0,1529.1500244140625,1552.4000244140625,15677.0
2016-01-19,1546.199951171875,1547.5999755859375,1502.050048828125,1505.25,7075.0
2016-01-20,1506.0,1513.5,1470.0,1478.050048828125,3438.0
2016-01-21,1486.5,1496.0,1406.6500244140625,1414.800048828125,4767.0
2016-01-22,1445.0,1480.0,1430.0,1474.9000244140625,12027.0
2016-01-25,1478.9000244140625,1520.5999755859375,1452.0999755859375,1469.300048828125,8298.0
2016-01-27,1467.0,1477.0,1445.5,1456.4000244140625,3904.0
2016-01-28,1469.8499755859375,1487.800048828125,1458.050048828125,1470.6500244140625,10604.0
2016-01-29,1441.199951171875,1498.0,1425.0,1480.449951171875,3591.0
2016-02-01,1495.300048828125,1526.0,1466.0,1473.300048828125,4129.0
2016-02-02,1473.300048828125,1494.0,1412.3499755859375,1426.0999755859375,21453.0
2016-02-03,1447.9000244140625,1499.0,1382.0,1435.8499755859375,18158.0
2016-02-04,1443.0999755859375,1479.9000244140625,1421.1500244140625,1459.699951171875,75835.0
2016-02-05,1479.0,1498.0,1435.0,1471.050048828125,7067.0
2016-02-08,1471.0,1484.9000244140625,1425.0,1432.4000244140625,38207.0
2016-02-09,1432.0,1432.0,1401.050048828125,1421.4000244140625,2359.0
2016-02-10,1420.0,1428.75,1375.0,1380.449951171875,6729.0
2016-02-11,1380.449951171875,1404.0,1341.0,1349.9000244140625,6036.0
2016-02-12,1386.0,1386.0,1310.0,1359.3499755859375,4931.0
2016-02-15,1361.050048828125,1419.0,1361.050048828125,1404.199951171875,9488.0
2016-02-16,1363.0999755859375,1401.0,1363.0999755859375,1380.550048828125,7539.0
2016-02-17,1380.0,1416.300048828125,1375.050048828125,1383.3499755859375,15554.0
2016-02-18,1383.0,1423.0,1380.0,1404.0,4014.0
2016-02-19,1399.449951171875,1410.0,1380.0,1383.699951171875,3119.0
2016-02-22,1396.0,1405.050048828125,1386.6500244140625,1394.75,1051.0
2016-02-23,1390.0,1393.5,1380.0,1387.9000244140625,17735.0
2016-02-24,1388.0,1400.0,1380.0,1392.949951171875,54419.0
2016-02-25,1392.0,1424.0,1383.3499755859375,1412.4000244140625,4783.0
2016-02-26,1412.0,1429.5,1412.0,1419.800048828125,3272.0
2016-02-29,1420.0,1420.0,1331.0,1349.1500244140625,12735.0
2016-03-01,1379.949951171875,1411.449951171875,1350.550048828125,1406.550048828125,7782.0
2016-03-02,1410.5999755859375,1436.25,1406.050048828125,1416.75,2334.0
2016-03-03,1430.0,1430.0,1390.0,1412.699951171875,33923.0
2016-03-04,1415.0,1444.0,1397.8499755859375,1431.4000244140625,117757.0
2016-03-08,1458.0,1458.0,1416.0,1423.300048828125,13605.0
2016-03-09,1400.3499755859375,1439.949951171875,1397.949951171875,1429.9000244140625,147616.0
2016-03-10,1445.0,1449.6500244140625,1425.75,1439.4000244140625,4711.0
2016-03-11,1449.0,1473.4000244140625,1410.0,1454.5,3997.0
2016-03-14,1436.8499755859375,1455.0,1420.0,1443.5999755859375,7802.0
2016-03-15,1430.0,1454.0,1417.0,1420.25,27094.0
2016-03-16,1408.75,1409.199951171875,1395.0,1401.1500244140625,2994.0
2016-03-17,1421.0,1470.0,1401.0999755859375,1459.9000244140625,9705.0
2016-03-18,1458.9000244140625,1458.9000244140625,1417.0,1427.0,12900.0
2016-03-21,1437.0,1454.9000244140625,1427.0,1439.25,3453.0
2016-03-22,1434.949951171875,1435.0,1425.0,1426.1500244140625,3492.0
2016-03-23,1431.75,1449.9000244140625,1425.0,1434.199951171875,5645.0
2016-03-28,1449.949951171875,1449.949951171875,1420.0,1425.0,10484.0
2016-03-29,1438.699951171875,1441.5999755859375,1420.0999755859375,1430.0,166081.0
2016-03-30,1433.0,1465.9000244140625,1425.0,1437.300048828125,7350.0
2016-03-31,1456.0,1533.300048828125,1430.3499755859375,1468.5,38416.0
2016-04-01,1468.550048828125,1538.699951171875,1420.0,1482.3499755859375,20909.0
2016-04-04,1482.0,1493.699951171875,1450.0,1474.6500244140625,5136.0
2016-04-05,1454.0,1479.0,1429.5,1435.5,4383.0
2016-04-06,1432.0999755859375,1461.0,1432.0999755859375,1441.9000244140625,1633.0
2016-04-07,1464.949951171875,1464.949951171875,1426.0,1429.949951171875,20889.0
2016-04-08,1440.050048828125,1454.0,1432.0,1451.800048828125,1935.0
2016-04-11,1451.25,1472.699951171875,1440.300048828125,1450.449951171875,4247.0
2016-04-12,1450.0,1469.0,1448.0,1464.050048828125,1405.0
2016-04-13,1464.0,1510.0,1462.0,1504.550048828125,8635.0
2016-04-18,1473.0999755859375,1510.0,1473.0999755859375,1509.300048828125,9141.0
2016-04-20,1508.949951171875,1522.9000244140625,1500.0,1507.4000244140625,15022.0
2016-04-21,1509.0,1510.0,1478.699951171875,1499.449951171875,4943.0
2016-04-22,1519.949951171875,1519.949951171875,1476.0,1482.6500244140625,4850.0
2016-04-25,1476.0,1494.8499755859375,1475.0999755859375,1477.449951171875,1301.0
2016-04-26,1477.0,1491.0,1461.0,1467.3499755859375,105366.0
2016-04-27,1467.0,1484.75,1451.0,1455.800048828125,9016.0
2016-04-28,1455.0,1469.0,1423.0,1434.0999755859375,5909.0
2016-04-29,1464.0,1464.0,1430.0,1438.949951171875,3236.0
2016-05-02,1438.0,1459.9000244140625,1395.050048828125,1442.0999755859375,20298.0
2016-05-03,1442.0,1452.949951171875,1425.0,1435.0,5398.0
2016-05-04,1435.050048828125,1435.050048828125,1415.0,1419.3499755859375,18817.0
2016-05-05,1420.0,1429.9000244140625,1406.0,1409.6500244140625,41892.0
2016-05-06,1424.6500244140625,1443.0,1409.0,1434.5999755859375,4085.0
2016-05-09,1453.050048828125,1453.050048828125,1425.5,1430.300048828125,199989.0
2016-05-10,1435.0,1530.949951171875,1435.0,1488.0999755859375,47877.0
2016-05-11,1468.0,1488.949951171875,1465.0,1478.5999755859375,2845.0
2016-05-12,1490.0,1515.0,1467.0,1511.4000244140625,10722.0
2016-05-13,1509.9000244140625,1535.0,1491.050048828125,1520.199951171875,310988.0
2016-05-16,1512.0,1574.9000244140625,1501.0,1538.25,26468.0
2016-05-17,1540.0,1540.0,1494.050048828125,1515.0,16252.0
2016-05-18,1515.0,1539.9000244140625,1501.0,1534.050048828125,5378.0
2016-05-19,1524.050048828125,1527.949951171875,1499.0999755859375,1509.949951171875,23769.0
2016-05-20,1520.0,1520.0,1481.0,1481.800048828125,4794.0
2016-05-23,1494.0,1502.8499755859375,1480.0,1493.699951171875,4778.0
2016-05-24,1504.949951171875,1518.4000244140625,1468.5,1507.6500244140625,3520.0
2016-05-25,1499.949951171875,1548.0,1472.0,1501.75,13519.0
2016-05-26,1578.0,1595.5999755859375,1520.0,1530.5999755859375,28012.0
2016-05-27,1540.5,1543.449951171875,1515.0,1532.949951171875,6475.0
2016-05-30,1539.6500244140625,1548.0,1507.0999755859375,1517.300048828125,16602.0
2016-05-31,1518.550048828125,1538.949951171875,1512.800048828125,1527.699951171875,2734.0
2016-06-01,1538.6500244140625,1541.5999755859375,1515.050048828125,1518.050048828125,2511.0
2016-06-02,1520.0,1538.800048828125,1505.699951171875,1522.0,98480.0
2016-06-03,1528.0,1532.5,1493.0,1507.050048828125,14985.0
2016-06-06,1507.1500244140625,1554.949951171875,1500.0,1545.0,6173.0
2016-06-07,1545.0,1545.0,1522.0,1540.449951171875,55392.0
2016-06-08,1539.0,1550.0,1525.0999755859375,1541.3499755859375,3564.0
2016-06-09,1547.699951171875,1555.0,1542.0,1548.300048828125,2576.0
2016-06-10,1548.0,1559.8499755859375,1540.050048828125,1550.25,16981.0
2016-06-13,1520.050048828125,1546.0,1500.0,1542.3499755859375,2037.0
2016-06-14,1542.5,1548.0,1519.949951171875,1529.800048828125,3276.0
2016-06-15,1533.050048828125,1556.5,1527.0,1534.449951171875,18171.0
2016-06-16,1555.0,1555.0,1517.3499755859375,1534.6500244140625,20338.0
2016-06-17,1544.949951171875,1566.949951171875,1530.0,1554.699951171875,14681.0
2016-06-20,1548.0,1584.0,1531.0999755859375,1578.4000244140625,487646.0
2016-06-21,1577.949951171875,1599.9000244140625,1560.0999755859375,1590.949951171875,8260.0
2016-06-22,1575.0,1600.0,1570.1500244140625,1596.1500244140625,6083.0
2016-06-23,1596.0,1629.0,1550.449951171875,1565.1500244140625,5395.0
2016-06-24,1549.699951171875,1554.949951171875,1517.0,1542.8499755859375,12814.0
2016-06-27,1542.050048828125,1580.75,1542.0,1564.5,5994.0
2016-06-28,1574.949951171875,1616.0,1574.949951171875,1585.3499755859375,15459.0
2016-06-29,1586.050048828125,1650.0,1586.0,1637.5999755859375,27196.0
2016-06-30,1661.0,1695.25,1650.0,1665.1500244140625,30849.0
2016-07-01,1673.949951171875,1720.0,1673.949951171875,1681.050048828125,20327.0
2016-07-04,1683.199951171875,1715.949951171875,1665.0,1673.550048828125,7374.0
2016-07-05,1675.1500244140625,1688.449951171875,1610.3499755859375,1620.4000244140625,12124.0
2016-07-07,1620.050048828125,1635.0,1601.25,1607.3499755859375,6145.0
2016-07-08,1623.0,1623.0,1576.5999755859375,1600.949951171875,34063.0
2016-07-11,1603.0,1699.9000244140625,1603.0,1659.0999755859375,39429.0
2016-07-12,1689.949951171875,1689.949951171875,1625.0,1631.050048828125,18119.0
2016-07-13,1642.0,1655.050048828125,1612.25,1625.0,8120.0
2016-07-14,1625.0,1632.0,1611.25,1618.949951171875,26880.0
2016-07-15,1618.550048828125,1622.0,1601.0999755859375,1613.25,22229.0
2016-07-18,1613.5,1674.0,1613.5,1631.25,42919.0
2016-07-19,1641.0,1650.0,1622.25,1626.0999755859375,11363.0
2016-07-20,1627.0999755859375,1669.9000244140625,1623.5,1661.699951171875,24415.0
2016-07-21,1662.050048828125,1714.5,1662.050048828125,1705.550048828125,79708.0
2016-07-22,1707.0999755859375,1798.0,1707.0999755859375,1788.8499755859375,71595.0
2016-07-25,1818.9000244140625,1830.0,1747.0,1808.5999755859375,34729.0
2016-07-26,1808.0,1855.0,1777.0,1829.75,129115.0
2016-07-27,1840.0,1897.0999755859375,1814.4000244140625,1844.550048828125,68759.0
2016-07-28,1821.699951171875,1821.699951171875,1742.5,1799.949951171875,73740.0
2016-07-29,1819.0,1833.0,1796.800048828125,1807.699951171875,43843.0
2016-08-01,1811.25,1855.0,1811.25,1838.699951171875,28650.0
2016-08-02,1849.800048828125,1865.0999755859375,1770.75,1788.199951171875,64464.0
2016-08-03,1790.0999755859375,1809.9000244140625,1773.949951171875,1781.5999755859375,16869.0
2016-08-04,1808.699951171875,1815.0,1782.0,1801.4000244140625,16566.0
2016-08-05,1805.0999755859375,1817.75,1798.0,1800.800048828125,31359.0
2016-08-08,1810.050048828125,1825.0,1799.0,1818.300048828125,22205.0
2016-08-09,1806.6500244140625,1824.0,1778.300048828125,1808.25,11301.0
2016-08-10,1797.1500244140625,1820.0,1776.3499755859375,1798.199951171875,9609.0
2016-08-11,1800.050048828125,1824.9000244140625,1800.0,1814.5999755859375,46244.0
2016-08-12,1814.0,1827.949951171875,1800.0,1816.449951171875,20033.0
2016-08-16,1816.0,1816.0,1800.0,1808.9000244140625,30209.0
2016-08-17,1809.9000244140625,1818.0,1785.0,1797.4000244140625,46212.0
2016-08-18,1804.1500244140625,1833.8499755859375,1787.0,1791.75,32983.0
2016-08-19,1800.9000244140625,1824.75,1790.3499755859375,1810.199951171875,13936.0
2016-08-22,1809.9000244140625,1816.0,1782.0999755859375,1790.5999755859375,10867.0
2016-08-23,1792.1500244140625,1802.949951171875,1770.0999755859375,1785.449951171875,9658.0
2016-08-24,1790.949951171875,1795.0,1766.1500244140625,1780.8499755859375,7416.0
2016-08-25,1840.0,1894.8499755859375,1795.0,1798.25,56126.0
2016-08-26,1812.25,1824.050048828125,1796.0,1806.9000244140625,14116.0
2016-08-29,1810.0,1810.0,1782.050048828125,1791.25,12475.0
2016-08-30,1790.0,1806.3499755859375,1789.050048828125,1799.8499755859375,48347.0
2016-08-31,1808.75,1822.5,1799.0999755859375,1808.25,18335.0
2016-09-01,1806.699951171875,1839.9000244140625,1797.0,1820.949951171875,53091.0
2016-09-02,1829.0,1925.0,1821.0,1869.75,73929.0
2016-09-06,1894.699951171875,1924.0,1851.0,1868.5999755859375,27099.0
2016-09-07,1869.9000244140625,1875.0,1840.199951171875,1866.800048828125,9576.0
2016-09-08,1867.0,1908.0,1845.5,1895.550048828125,37323.0
2016-09-09,1894.949951171875,1911.0,1863.1500244140625,1868.0999755859375,19105.0
2016-09-12,1828.0,1864.300048828125,1805.0,1831.800048828125,17907.0
2016-09-14,1832.300048828125,1849.0,1830.0,1843.050048828125,17847.0
2016-09-15,1843.050048828125,1896.0,1833.050048828125,1864.0,10604.0
2016-09-16,1863.949951171875,1880.0,1760.3499755859375,1796.6500244140625,125326.0
2016-09-19,1836.0,1852.949951171875,1803.25,1843.5999755859375,23067.0
2016-09-20,1830.050048828125,1850.3499755859375,1830.050048828125,1839.949951171875,19886.0
2016-09-21,1840.0,1893.0,1840.0,1849.949951171875,35042.0
2016-09-22,1870.0,1870.050048828125,1820.050048828125,1840.0999755859375,29137.0
2016-09-23,1868.9000244140625,1897.050048828125,1843.4000244140625,1872.0,67676.0
2016-09-26,1898.949951171875,1898.949951171875,1861.5999755859375,1880.25,22521.0
2016-09-27,1882.050048828125,1953.5,1882.050048828125,1905.050048828125,85088.0
2016-09-28,1908.0,1964.0,1908.0,1950.0,78702.0
2016-09-29,1955.0,1965.0,1836.5999755859375,1905.0,47696.0
2016-09-30,1905.0,1925.0,1865.0,1909.5999755859375,11327.0
2016-10-03,1871.0,1952.0,1871.0,1938.199951171875,43295.0
2016-10-04,1956.0,2000.0,1935.0,1991.699951171875,30128.0
2016-10-05,2009.0,2241.949951171875,1999.0,2130.39990234375,134855.0
2016-10-06,2147.0,2197.0,2070.199951171875,2094.75,43960.0
2016-10-07,2118.0,2120.0,2048.0,2053.800048828125,41627.0
2016-10-10,2074.89990234375,2074.89990234375,1990.0,2005.800048828125,144268.0
2016-10-13,2018.0,2023.0,1980.0,2018.449951171875,27137.0
2016-10-14,2021.5999755859375,2109.0,2005.0999755859375,2086.85009765625,68810.0
2016-10-17,2087.050048828125,2169.85009765625,2085.10009765625,2100.0,63972.0
2016-10-18,2124.0,2187.0,2082.60009765625,2106.60009765625,37941.0
2016-10-19,2120.0,2138.699951171875,2095.0,2106.60009765625,18786.0
2016-10-20,2119.89990234375,2143.0,2104.300048828125,2131.699951171875,51248.0
2016-10-21,2131.0,2199.0,2115.050048828125,2172.60009765625,44807.0
2016-10-24,2156.14990234375,2189.949951171875,2126.0,2155.0,27046.0
2016-10-25,2145.0,2197.949951171875,2139.949951171875,2169.14990234375,68630.0
2016-10-26,2184.64990234375,2238.949951171875,2143.050048828125,2159.14990234375,63416.0
2016-10-27,2160.0,2175.0,2118.89990234375,2140.0,30422.0
2016-10-28,2151.199951171875,2188.0,2151.199951171875,2177.39990234375,29644.0
2016-11-01,2245.0,2245.0,2173.60009765625,2190.699951171875,33513.0
2016-11-02,2170.0,2225.0,2145.0,2202.39990234375,18051.0
2016-11-03,2204.89990234375,2210.0,2180.0,2195.0,32120.0
2016-11-04,2195.0,2205.0,2173.0,2190.10009765625,31242.0
2016-11-07,2194.0,2208.0,2110.0,2122.39990234375,467309.0
2016-11-08,2132.64990234375,2225.0,2105.10009765625,2187.050048828125,547941.0
2016-11-09,1980.0,2155.39990234375,1902.550048828125,2067.449951171875,38176.0
2016-11-10,2141.89990234375,2163.949951171875,2080.199951171875,2149.75,20339.0
2016-11-11,2180.0,2180.0,2105.10009765625,2119.89990234375,14106.0
2016-11-15,2119.89990234375,2119.89990234375,1961.5999755859375,2011.550048828125,17258.0
2016-11-16,2011.0,2048.0,1965.050048828125,1975.5999755859375,10618.0
2016-11-17,1968.0,1975.0,1912.0,1919.4000244140625,13718.0
2016-11-18,1936.0,1951.050048828125,1898.9000244140625,1902.199951171875,9344.0
2016-11-21,1916.75,1918.949951171875,1841.5999755859375,1852.4000244140625,7805.0
2016-11-22,1859.050048828125,1950.0,1840.0999755859375,1924.1500244140625,12901.0
2016-11-23,1954.0,2045.0,1905.5,1999.800048828125,12905.0
2016-11-24,2001.0,2140.0,1992.0,2122.14990234375,333797.0
2016-11-25,2115.0,2115.0,2033.0,2041.0999755859375,17667.0
2016-11-28,2055.0,2088.0,2050.25,2073.35009765625,6252.0
2016-11-29,2079.949951171875,2132.0,2079.0,2103.300048828125,8641.0
2016-11-30,2112.199951171875,2159.699951171875,2101.10009765625,2135.449951171875,7811.0
2016-12-01,2154.85009765625,2155.050048828125,2034.550048828125,2053.35009765625,279483.0
2016-12-02,2049.89990234375,2053.800048828125,1975.050048828125,2018.75,5926.0
2016-12-05,2025.0,2025.050048828125,1970.0,1976.4000244140625,16388.0
2016-12-06,1998.949951171875,2043.0,1980.0,2027.0999755859375,10466.0
2016-12-07,2017.949951171875,2058.949951171875,2001.25,2009.699951171875,12043.0
2016-12-08,2044.8499755859375,2050.0,1999.050048828125,2039.550048828125,8064.0
2016-12-09,2064.949951171875,2064.949951171875,2006.050048828125,2014.25,15080.0
2016-12-12,2034.4000244140625,2054.89990234375,2020.050048828125,2037.4000244140625,6788.0
2016-12-13,2021.050048828125,2040.050048828125,1992.1500244140625,1996.8499755859375,9216.0
2016-12-14,2007.949951171875,2015.0,1988.0,1994.199951171875,3518.0
2016-12-15,1999.8499755859375,2005.800048828125,1940.550048828125,1946.9000244140625,12106.0
2016-12-16,1969.0,1969.0,1925.0,1931.199951171875,14047.0
2016-12-19,1935.050048828125,1942.949951171875,1884.550048828125,1898.3499755859375,8290.0
2016-12-20,1900.050048828125,1902.949951171875,1840.0,1843.4000244140625,8911.0
2016-12-21,1851.050048828125,1859.699951171875,1829.0,1840.3499755859375,4627.0
2016-12-22,1850.0,1850.0,1792.0,1796.800048828125,47935.0
2016-12-23,1805.0,1839.8499755859375,1780.8499755859375,1806.8499755859375,11357.0
2016-12-26,1801.550048828125,1815.1500244140625,1756.0,1767.199951171875,12418.0
2016-12-27,1775.6500244140625,1817.0999755859375,1742.6500244140625,1757.8499755859375,20737.0
2016-12-28,1762.1500244140625,1790.0,1748.0,1767.8499755859375,144618.0
2016-12-29,1785.0,1819.9000244140625,1770.0,1810.699951171875,14301.0
2016-12-30,1810.699951171875,1879.300048828125,1806.3499755859375,1819.3499755859375,16198.0
2017-01-02,1870.0,1870.0,1801.25,1825.6500244140625,10818.0
2017-01-03,1825.0,1887.5,1819.800048828125,1840.75,12224.0
2017-01-04,1859.0,1887.0,1821.0,1838.449951171875,14011.0
2017-01-05,1853.5999755859375,1870.0,1840.8499755859375,1862.5,9508.0
2017-01-06,1855.199951171875,1899.0,1855.199951171875,1891.800048828125,40899.0
2017-01-09,1900.3499755859375,1924.8499755859375,1896.0,1903.8499755859375,5968.0
2017-01-10,1909.0,1920.0,1892.0,1910.5,3101.0
2017-01-11,1938.949951171875,1938.949951171875,1906.0,1918.949951171875,5494.0
2017-01-12,1924.949951171875,1925.0,1870.4000244140625,1886.949951171875,8619.0
2017-01-13,1896.0999755859375,1909.300048828125,1887.0,1899.3499755859375,6733.0
2017-01-16,1907.949951171875,1908.0,1878.050048828125,1897.5999755859375,8138.0
2017-01-17,1894.050048828125,1919.0,1888.0,1911.8499755859375,5457.0
2017-01-18,1916.050048828125,1943.1500244140625,1886.050048828125,1889.9000244140625,15302.0
2017-01-19,1889.949951171875,1912.5999755859375,1864.0,1880.5,11210.0
2017-01-20,1886.0,1892.9000244140625,1870.0,1882.449951171875,7807.0
2017-01-23,1871.1500244140625,1892.8499755859375,1870.449951171875,1874.800048828125,3710.0
2017-01-24,1877.1500244140625,1905.0,1874.800048828125,1891.75,7503.0
2017-01-25,1891.75,1934.0,1891.0,1927.5999755859375,12422.0
2017-01-27,1934.699951171875,1943.949951171875,1914.5999755859375,1929.6500244140625,18937.0
2017-01-30,1947.0,1947.0,1911.050048828125,1933.8499755859375,33808.0
2017-01-31,1940.0,2010.0,1938.5999755859375,1999.449951171875,137779.0
2017-02-01,2022.050048828125,2056.14990234375,1990.0,2043.699951171875,30858.0
2017-02-02,2075.949951171875,2075.949951171875,2008.699951171875,2057.75,15007.0
2017-02-03,2060.0,2099.0,2012.1500244140625,2026.550048828125,19796.0
2017-02-06,2010.449951171875,2096.0,2010.449951171875,2086.75,23762.0
2017-02-07,2099.699951171875,2099.699951171875,2023.050048828125,2033.0999755859375,20040.0
2017-02-08,2045.800048828125,2090.0,2037.0,2049.550048828125,31196.0
2017-02-09,2053.0,2079.0,2040.0999755859375,2058.550048828125,8964.0
2017-02-10,2062.699951171875,2069.300048828125,2030.0,2040.3499755859375,6713.0
2017-02-13,2058.949951171875,2073.300048828125,2018.0,2031.6500244140625,6050.0
2017-02-14,2037.0,2048.800048828125,2014.0,2027.0999755859375,9115.0
2017-02-15,2020.0,2069.5,2020.0,2037.550048828125,9154.0
2017-02-16,2053.699951171875,2077.39990234375,2030.0,2056.10009765625,128601.0
2017-02-17,2068.949951171875,2073.550048828125,2011.4000244140625,2032.1500244140625,8950.0
2017-02-20,2033.0,2040.0,2019.75,2031.949951171875,24490.0
2017-02-21,2046.9000244140625,2046.9000244140625,2020.0999755859375,2030.199951171875,5005.0
2017-02-22,2030.050048828125,2035.0,2025.0,2030.949951171875,19509.0
2017-02-23,2025.050048828125,2080.0,2025.050048828125,2062.449951171875,20061.0
2017-02-27,2050.050048828125,2060.949951171875,2030.949951171875,2052.699951171875,11976.0
2017-02-28,2055.0,2084.0,2040.050048828125,2064.699951171875,14859.0
2017-03-01,2084.949951171875,2138.89990234375,2060.10009765625,2105.449951171875,35867.0
2017-03-02,2109.89990234375,2121.0,2091.35009765625,2106.050048828125,19680.0
2017-03-03,2106.0,2122.64990234375,2073.050048828125,2096.800048828125,6210.0
2017-03-06,2128.85009765625,2128.85009765625,2071.0,2102.0,33595.0
2017-03-07,2102.050048828125,2131.0,2100.0,2128.85009765625,59906.0
2017-03-08,2114.949951171875,2139.0,2100.0,2107.35009765625,35596.0
2017-03-09,2102.10009765625,2114.89990234375,2101.0,2106.449951171875,6525.0
2017-03-10,2092.0,2119.199951171875,2058.10009765625,2070.0,31273.0
2017-03-14,2118.0,2118.0,2067.0,2076.75,41395.0
2017-03-15,2098.0,2098.0,2065.10009765625,2075.800048828125,32022.0
2017-03-16,2097.949951171875,2116.0,2062.050048828125,2109.75,31996.0
2017-03-17,2119.0,2128.89990234375,2090.0,2110.89990234375,33274.0
2017-03-20,2110.89990234375,2136.949951171875,2093.10009765625,2105.14990234375,6000.0
2017-03-21,2122.0,2122.0,2082.0,2099.10009765625,12073.0
2017-03-22,2095.0,2100.0,2048.699951171875,2056.89990234375,17878.0
2017-03-23,2060.050048828125,2070.0,2043.0,2055.050048828125,24332.0
2017-03-24,2038.1500244140625,2070.0,2038.1500244140625,2055.85009765625,13675.0
2017-03-27,2056.85009765625,2075.449951171875,2045.0,2064.0,13444.0
2017-03-28,2074.800048828125,2128.0,2062.0,2107.699951171875,26225.0
2017-03-29,2092.0,2109.89990234375,2082.550048828125,2105.75,11677.0
2017-03-30,2150.0,2150.0,2089.89990234375,2101.35009765625,102065.0
2017-03-31,2101.35009765625,2195.0,2084.0,2163.949951171875,39868.0
2017-04-03,2170.10009765625,2194.0,2148.0,2168.25,26157.0
2017-04-05,2161.14990234375,2204.85009765625,2128.699951171875,2144.300048828125,24203.0
2017-04-06,2145.0,2147.35009765625,2116.60009765625,2133.550048828125,23732.0
2017-04-07,2130.050048828125,2158.75,2117.35009765625,2128.199951171875,19079.0
2017-04-10,2128.199951171875,2164.949951171875,2122.050048828125,2139.14990234375,18442.0
2017-04-11,2140.25,2150.0,2128.0,2132.85009765625,10925.0
2017-04-12,2149.050048828125,2149.050048828125,2110.050048828125,2119.35009765625,21738.0
2017-04-13,2125.10009765625,2145.0,2116.0,2140.300048828125,19468.0
2017-04-17,2139.300048828125,2153.39990234375,2117.0,2123.550048828125,7471.0
2017-04-18,2130.550048828125,2170.050048828125,2103.550048828125,2118.75,19709.0
2017-04-19,2127.0,2149.25,2091.10009765625,2101.300048828125,31899.0
2017-04-20,2110.050048828125,2123.10009765625,2091.75,2102.39990234375,7948.0
2017-04-21,2114.89990234375,2149.0,2110.0,2113.949951171875,65961.0
2017-04-24,2113.10009765625,2151.0,2112.0,2129.949951171875,21767.0
2017-04-25,2135.300048828125,2184.10009765625,2120.0,2170.5,25148.0
2017-04-26,2175.89990234375,2175.89990234375,2130.10009765625,2145.25,19357.0
2017-04-27,2155.949951171875,2155.949951171875,2100.300048828125,2122.25,15528.0
2017-04-28,2121.89990234375,2131.0,2109.60009765625,2114.449951171875,15112.0
2017-05-02,2121.199951171875,2127.89990234375,2050.0,2066.39990234375,34370.0
2017-05-03,2072.050048828125,2093.0,2048.949951171875,2066.449951171875,12415.0
2017-05-04,2063.050048828125,2120.050048828125,2049.050048828125,2109.39990234375,34160.0
2017-05-05,2102.050048828125,2115.0,2045.0,2056.0,22244.0
2017-05-08,2065.10009765625,2095.0,2059.5,2070.35009765625,21815.0
2017-05-09,2076.050048828125,2148.60009765625,2074.10009765625,2106.39990234375,201548.0
2017-05-10,2124.0,2135.0,2115.0,2125.699951171875,6950.0
2017-05-11,2123.0,2179.949951171875,2123.0,2150.85009765625,15622.0
2017-05-12,2164.0,2188.89990234375,2160.0,2180.0,42876.0
2017-05-15,2176.0,2209.949951171875,2176.0,2196.85009765625,27628.0
2017-05-16,2210.0,2247.0,2199.949951171875,2237.800048828125,52055.0
2017-05-17,2215.0,2259.0,2195.0,2215.85009765625,15048.0
2017-05-18,2221.0,2239.699951171875,2175.550048828125,2200.39990234375,20242.0
2017-05-19,2200.0,2219.60009765625,2144.25,2159.800048828125,11374.0
2017-05-22,2140.0,2177.60009765625,2071.0,2095.64990234375,16160.0
2017-05-23,2128.0,2128.0,2042.4000244140625,2049.10009765625,18740.0
2017-05-24,2109.0,2109.0,2025.0,2034.25,6984.0
2017-05-25,2029.0,2076.0,2025.0,2068.39990234375,7096.0
2017-05-26,2036.0,2095.0,2036.0,2066.550048828125,5276.0
2017-05-29,2099.85009765625,2099.85009765625,2039.0,2058.800048828125,10696.0
2017-05-30,2059.14990234375,2075.449951171875,2046.949951171875,2066.10009765625,9972.0
2017-05-31,2066.14990234375,2087.39990234375,2055.10009765625,2060.35009765625,12893.0
2017-06-01,2067.300048828125,2081.89990234375,2058.0,2075.75,5677.0
2017-06-02,2077.35009765625,2125.0,2073.75,2097.0,8786.0
2017-06-05,2096.25,2109.0,2082.10009765625,2095.39990234375,5921.0
2017-06-06,2118.75,2164.89990234375,2079.050048828125,2095.5,5333.0
2017-06-07,2085.300048828125,2148.0,2085.300048828125,2139.75,44675.0
2017-06-08,2140.0,2140.800048828125,2080.0,2112.89990234375,8872.0
2017-06-09,2144.85009765625,2145.0,2110.550048828125,2118.35009765625,4505.0
2017-06-12,2145.0,2145.0,2100.0,2128.300048828125,5100.0
2017-06-13,2108.0,2143.449951171875,2090.550048828125,2126.050048828125,10549.0
2017-06-14,2121.949951171875,2140.199951171875,2112.300048828125,2124.14990234375,3770.0
2017-06-15,2090.0,2134.0,2090.0,2102.550048828125,7542.0
2017-06-16,2102.050048828125,2158.449951171875,2065.199951171875,2112.35009765625,29305.0
2017-06-19,2114.949951171875,2134.949951171875,2109.949951171875,2112.75,6223.0
2017-06-20,2113.25,2135.949951171875,2104.0,2126.050048828125,15828.0
2017-06-21,2124.0,2125.949951171875,2104.949951171875,2115.14990234375,4043.0
2017-06-22,2117.60009765625,2150.0,2115.10009765625,2126.0,10052.0
2017-06-23,2107.800048828125,2138.89990234375,2098.300048828125,2121.800048828125,6189.0
2017-06-27,2132.0,2132.0,2100.10009765625,2104.89990234375,55713.0
2017-06-28,2111.050048828125,2111.050048828125,2094.800048828125,2100.550048828125,7517.0
2017-06-29,2107.949951171875,2124.60009765625,2102.0,2105.699951171875,6646.0
2017-06-30,2105.10009765625,2140.050048828125,2094.800048828125,2112.85009765625,11045.0
2017-07-03,2073.0,2145.449951171875,2073.0,2104.39990234375,14358.0
2017-07-04,2110.050048828125,2139.699951171875,2104.0,2126.550048828125,23123.0
2017-07-05,2113.0,2157.5,2113.0,2151.10009765625,9018.0
2017-07-06,2132.35009765625,2175.0,2121.25,2131.89990234375,14929.0
2017-07-07,2131.89990234375,2140.0,2128.0,2135.300048828125,3620.0
2017-07-10,1750.0,2158.0,1750.0,2127.10009765625,814.0
2017-07-11,2130.199951171875,2145.0,2111.5,2136.10009765625,10542.0
2017-07-12,2122.050048828125,2174.0,2122.050048828125,2163.699951171875,10146.0
2017-07-13,2163.10009765625,2206.0,2159.89990234375,2195.699951171875,10983.0
2017-07-14,2211.949951171875,2250.0,2192.050048828125,2241.14990234375,19188.0
2017-07-17,2226.10009765625,2236.050048828125,2205.550048828125,2223.300048828125,4694.0
2017-07-18,2219.949951171875,2239.89990234375,2219.10009765625,2223.25,5492.0
2017-07-19,2227.5,2240.0,2214.050048828125,2226.14990234375,3944.0
2017-07-20,2228.0,2267.64990234375,2222.199951171875,2250.60009765625,10245.0
2017-07-21,2266.949951171875,2425.0,2247.75,2367.449951171875,66361.0
2017-07-24,2351.199951171875,2434.800048828125,2312.050048828125,2328.800048828125,18412.0
2017-07-25,2350.0,2350.0,2282.050048828125,2292.35009765625,6609.0
2017-07-26,2280.050048828125,2335.0,2280.050048828125,2313.300048828125,9119.0
2017-07-27,2308.050048828125,2375.0,2295.050048828125,2352.85009765625,29754.0
2017-07-28,2369.800048828125,2399.75,2344.89990234375,2385.5,10602.0
2017-07-31,2365.14990234375,2434.800048828125,2364.14990234375,2420.89990234375,15093.0
2017-08-01,2388.0,2434.800048828125,2388.0,2423.199951171875,9363.0
2017-08-02,2436.949951171875,2436.949951171875,2392.050048828125,2413.35009765625,11281.0
2017-08-03,2400.0,2420.0,2400.0,2403.10009765625,68358.0
2017-08-04,2408.949951171875,2427.75,2402.300048828125,2416.64990234375,19909.0
2017-08-07,2422.949951171875,2575.0,2422.949951171875,2562.300048828125,66226.0
2017-08-08,2565.0,2660.0,2525.0,2540.199951171875,49360.0
2017-08-09,2528.0,2588.89990234375,2525.0,2554.10009765625,13820.0
2017-08-10,2531.0,2563.0,2483.0,2499.949951171875,21313.0
2017-08-11,2496.0,2551.800048828125,2465.0,2515.64990234375,18097.0
2017-08-14,2547.800048828125,2597.949951171875,2512.25,2555.699951171875,11808.0
2017-08-16,2590.0,2659.800048828125,2556.64990234375,2584.25,99761.0
2017-08-17,2595.050048828125,2669.699951171875,2570.0,2583.85009765625,76854.0
2017-08-18,2593.699951171875,2660.0,2570.0,2636.35009765625,19137.0
2017-08-21,2638.0,2649.949951171875,2603.0,2622.0,12748.0
2017-08-22,2645.0,2645.0,2576.0,2609.89990234375,8098.0
2017-08-23,2612.050048828125,2659.0,2612.050048828125,2634.85009765625,9423.0
2017-08-24,2647.89990234375,2798.0,2620.85009765625,2750.800048828125,112086.0
2017-08-28,2784.0,2870.0,2760.050048828125,2834.0,48942.0
2017-08-29,2834.050048828125,2998.0,2834.050048828125,2970.800048828125,72575.0
2017-08-30,2970.14990234375,3000.300048828125,2934.0,2962.050048828125,59314.0
2017-08-31,2962.14990234375,2975.0,2890.0,2904.800048828125,17250.0
2017-09-01,2876.14990234375,2963.64990234375,2876.14990234375,2912.89990234375,16375.0
2017-09-04,2900.0,2937.75,2820.14990234375,2844.449951171875,14515.0
2017-09-05,2845.0,2855.0,2800.050048828125,2815.64990234375,27830.0
2017-09-06,2809.89990234375,2809.89990234375,2759.35009765625,2768.699951171875,25370.0
2017-09-07,2790.0,2916.949951171875,2750.0,2816.25,95811.0
2017-09-08,2848.85009765625,2861.949951171875,2770.0,2782.949951171875,27755.0
2017-09-11,2803.699951171875,2825.0,2774.300048828125,2797.800048828125,56230.0
2017-09-12,2825.0,2850.5,2756.14990234375,2799.449951171875,65430.0
2017-09-13,2800.0,2835.0,2761.14990234375,2778.0,20269.0
2017-09-14,2778.0,2804.89990234375,2743.5,2751.64990234375,24163.0
2017-09-15,2763.0,2785.89990234375,2701.10009765625,2749.39990234375,174329.0
2017-09-18,2732.0,2840.0,2710.0,2822.699951171875,100459.0
2017-09-19,2827.5,2878.0,2821.199951171875,2853.14990234375,37518.0
2017-09-20,2885.0,2900.050048828125,2795.0,2805.75,16307.0
2017-09-21,2825.800048828125,2830.0,2758.0,2798.699951171875,14438.0
2017-09-22,2798.64990234375,2798.64990234375,2675.5,2693.800048828125,24326.0
2017-09-25,2675.0,2748.0,2586.0,2707.85009765625,34204.0
2017-09-26,2700.0,2765.949951171875,2665.0,2697.0,39437.0
2017-09-27,2716.0,2820.699951171875,2700.0,2761.14990234375,52499.0
2017-09-28,2754.949951171875,2879.949951171875,2718.0,2866.800048828125,51824.0
2017-09-29,2865.0,2935.0,2772.050048828125,2796.449951171875,59263.0
2017-10-03,2801.050048828125,2910.0,2801.050048828125,2884.35009765625,48522.0
2017-10-04,2920.0,2968.0,2887.550048828125,2925.949951171875,27790.0
2017-10-05,2935.10009765625,2976.050048828125,2912.25,2967.050048828125,30882.0
2017-10-06,2965.050048828125,2967.050048828125,2925.949951171875,2937.75,26830.0
2017-10-09,2949.89990234375,2949.89990234375,2878.199951171875,2904.35009765625,16629.0
2017-10-10,2904.35009765625,2915.050048828125,2886.25,2903.39990234375,9083.0
2017-10-11,2904.0,2935.0,2874.10009765625,2902.60009765625,27860.0
2017-10-12,2910.0,2918.0,2875.300048828125,2903.449951171875,12078.0
2017-10-13,2917.949951171875,2925.0,2887.449951171875,2910.0,7428.0
2017-10-16,2938.949951171875,2938.949951171875,2886.10009765625,2896.0,6578.0
2017-10-17,2925.0,2925.0,2856.300048828125,2865.35009765625,13342.0
2017-10-18,2914.0,2935.0,2877.0,2883.25,25127.0
2017-10-19,2885.0,2923.89990234375,2885.0,2913.89990234375,5041.0
2017-10-23,2923.949951171875,2942.39990234375,2886.0,2898.300048828125,10954.0
2017-10-24,2917.949951171875,2934.89990234375,2881.14990234375,2903.949951171875,10015.0
2017-10-25,2935.0,2940.0,2811.10009765625,2876.64990234375,22656.0
2017-10-26,2875.949951171875,3025.0,2751.050048828125,2966.39990234375,45807.0
2017-10-27,2990.0,3024.0,2940.050048828125,2977.39990234375,24526.0
2017-10-30,2977.39990234375,2998.949951171875,2917.050048828125,2946.949951171875,15200.0
2017-10-31,2934.0,2985.0,2900.550048828125,2968.949951171875,19411.0
2017-11-01,2994.949951171875,2994.949951171875,2911.5,2946.64990234375,15259.0
2017-11-02,2944.64990234375,2974.89990234375,2916.0,2949.800048828125,39358.0
2017-11-03,2958.0,2958.0,2914.0,2928.5,34275.0
2017-11-06,2928.050048828125,2929.949951171875,2865.10009765625,2914.949951171875,7232.0
2017-11-07,2922.199951171875,2925.0,2846.0,2853.449951171875,8378.0
2017-11-08,2860.25,2900.0,2808.0,2865.85009765625,25136.0
2017-11-09,2875.0,2930.0,2840.0,2908.550048828125,12818.0
2017-11-10,2928.0,2935.0,2865.0,2925.0,12297.0
2017-11-13,2924.949951171875,2930.0,2879.89990234375,2898.89990234375,3727.0
2017-11-14,2897.75,2898.89990234375,2855.0,2861.800048828125,10815.0
2017-11-15,2840.050048828125,2861.949951171875,2795.60009765625,2814.39990234375,8458.0
2017-11-16,2815.0,2864.0,2801.0,2852.35009765625,9065.0
2017-11-17,2850.0,2883.5,2824.0,2834.449951171875,14469.0
2017-11-20,2865.0,2878.0,2822.0,2841.0,13958.0
2017-11-21,2859.949951171875,2865.949951171875,2840.0,2857.39990234375,2471.0
2017-11-22,2855.5,2904.949951171875,2847.550048828125,2865.300048828125,9066.0
2017-11-23,2874.5,2921.0,2839.0,2893.800048828125,11107.0
2017-11-24,2919.800048828125,2930.0,2870.0,2888.449951171875,13190.0
2017-11-27,2890.449951171875,2920.0,2885.050048828125,2892.449951171875,10698.0
2017-11-28,2888.0,2900.0,2846.300048828125,2882.10009765625,15010.0
2017-11-29,2899.0,2899.0,2774.64990234375,2815.89990234375,11125.0
2017-11-30,2805.0,2909.0,2801.199951171875,2853.64990234375,17917.0
2017-12-01,2830.050048828125,2904.0,2828.0,2890.300048828125,9954.0
2017-12-04,2890.300048828125,2910.0,2855.10009765625,2901.5,5915.0
2017-12-05,2871.0,2910.0,2851.300048828125,2896.60009765625,10380.0
2017-12-06,2870.050048828125,2908.0,2870.0,2900.14990234375,6983.0
2017-12-07,2899.64990234375,2924.949951171875,2862.10009765625,2900.699951171875,16814.0
2017-12-08,2892.39990234375,2961.0,2892.39990234375,2948.800048828125,13018.0
2017-12-11,2995.0,2995.0,2900.0,2911.449951171875,34548.0
2017-12-12,2900.050048828125,2929.949951171875,2852.0,2854.199951171875,9927.0
2017-12-13,2856.050048828125,2914.5,2856.050048828125,2890.5,5243.0
2017-12-14,2930.0,2930.0,2804.89990234375,2832.85009765625,15267.0
2017-12-15,2834.050048828125,2899.0,2834.050048828125,2887.75,9255.0
2017-12-18,2892.949951171875,2944.0,2850.0,2930.449951171875,5261.0
2017-12-19,2941.85009765625,3003.0,2939.64990234375,2960.449951171875,48755.0
2017-12-20,2975.0,2977.35009765625,2940.0,2949.35009765625,70806.0
2017-12-21,2964.64990234375,2968.5,2935.0,2950.449951171875,92896.0
2017-12-22,2915.0,2975.0,2910.0,2927.300048828125,6824.0
2017-12-26,2938.300048828125,2950.0,2920.0,2945.25,4790.0
2017-12-27,2945.25,3020.0,2919.0,2931.199951171875,38298.0
2017-12-28,2945.0,2950.10009765625,2850.0,2877.300048828125,14606.0
2017-12-29,2890.0,2919.0,2860.050048828125,2867.35009765625,4010.0
2018-01-01,2868.0,2899.0,2860.550048828125,2864.449951171875,7651.0
2018-01-02,2873.0,2876.64990234375,2832.0,2839.800048828125,6563.0
2018-01-03,2867.5,2872.0,2830.0,2843.550048828125,4207.0
2018-01-04,2855.0,2876.5,2820.050048828125,2828.5,6551.0
2018-01-05,2835.050048828125,2849.39990234375,2820.050048828125,2829.800048828125,10840.0
2018-01-08,2829.800048828125,2880.0,2829.800048828125,2864.89990234375,9820.0
2018-01-09,2865.25,2865.25,2835.0,2841.25,57349.0
2018-01-10,2850.0,2905.0,2839.0,2880.35009765625,10099.0
2018-01-11,2867.5,2894.89990234375,2825.0,2837.199951171875,14997.0
2018-01-12,2839.0,2850.0,2798.39990234375,2812.85009765625,67441.0
2018-01-15,2812.85009765625,2825.0,2790.0,2808.89990234375,23185.0
2018-01-16,2830.64990234375,2840.0,2750.0,2776.699951171875,7785.0
2018-01-17,2751.050048828125,2795.0,2751.050048828125,2770.550048828125,6300.0
2018-01-18,2767.449951171875,2819.89990234375,2700.0,2724.699951171875,13482.0
2018-01-19,2725.0,2816.800048828125,2701.199951171875,2800.5,27815.0
2018-01-22,2811.0,2815.0,2738.949951171875,2800.85009765625,6872.0
2018-01-23,2775.0,2833.10009765625,2775.0,2827.64990234375,11594.0
2018-01-24,2824.949951171875,2829.949951171875,2804.0,2819.14990234375,16271.0
2018-01-25,2811.199951171875,2831.14990234375,2794.699951171875,2819.75,25223.0
2018-01-29,2838.949951171875,2838.949951171875,2799.949951171875,2817.199951171875,13389.0
2018-01-30,2820.949951171875,2820.949951171875,2799.800048828125,2800.64990234375,10580.0
2018-01-31,2782.64990234375,2815.0,2767.199951171875,2808.449951171875,33221.0
2018-02-01,2808.89990234375,2830.14990234375,2767.0,2801.949951171875,14050.0
2018-02-02,2826.0,2826.0,2765.0,2781.449951171875,16452.0
2018-02-05,2779.949951171875,2779.949951171875,2661.10009765625,2742.699951171875,15267.0
2018-02-06,2527.0,2720.0,2527.0,2694.300048828125,26334.0
2018-02-07,2700.0,2720.0,2675.0,2691.800048828125,16087.0
2018-02-08,2700.0,2734.14990234375,2682.199951171875,2709.75,13977.0
2018-02-09,2651.10009765625,2704.949951171875,2631.0,2693.800048828125,6149.0
2018-02-12,2682.050048828125,2715.0,2682.050048828125,2689.89990234375,11220.0
2018-02-14,2708.89990234375,2785.0,2700.10009765625,2743.39990234375,33172.0
2018-02-15,2757.0,2759.949951171875,2727.64990234375,2749.25,43980.0
2018-02-16,2732.050048828125,2750.0,2728.0,2738.10009765625,9992.0
2018-02-19,2750.0,2750.0,2714.85009765625,2722.75,18968.0
2018-02-20,2735.0,2755.0,2700.0,2723.14990234375,10366.0
2018-02-21,2702.5,2735.0,2702.5,2718.64990234375,19881.0
2018-02-22,2718.800048828125,2723.85009765625,2700.0,2712.949951171875,9829.0
2018-02-23,2714.199951171875,2739.949951171875,2710.0,2737.10009765625,2975.0
2018-02-26,2758.949951171875,2767.449951171875,2722.949951171875,2736.300048828125,8308.0
2018-02-27,2726.0,2763.0,2726.0,2737.39990234375,6449.0
2018-02-28,2734.0,2734.0,2710.050048828125,2723.550048828125,2512.0
2018-03-01,2736.0,2750.0,2710.0,2720.64990234375,10466.0
2018-03-05,2711.0,2742.449951171875,2711.0,2720.60009765625,18141.0
2018-03-06,2720.60009765625,2955.0,2720.60009765625,2761.35009765625,54499.0
2018-03-07,2780.0,2780.0,2725.0,2733.60009765625,8348.0
2018-03-08,2708.60009765625,2757.449951171875,2708.60009765625,2727.75,10762.0
2018-03-09,2739.949951171875,2749.949951171875,2719.949951171875,2728.800048828125,3598.0
2018-03-12,2763.85009765625,2763.85009765625,2723.39990234375,2745.35009765625,63508.0
2018-03-13,2735.050048828125,2743.800048828125,2704.0,2706.300048828125,8989.0
2018-03-14,2701.0,2716.0,2680.0,2684.050048828125,16204.0
2018-03-15,2710.0,2753.85009765625,2689.0,2729.75,37650.0
2018-03-16,2755.0,2755.0,2565.0,2602.5,58527.0
2018-03-19,2633.0,2633.0,2522.25,2531.89990234375,9005.0
2018-03-20,2525.0,2555.0,2522.25,2543.75,5301.0
2018-03-21,2539.050048828125,2563.0,2522.25,2533.699951171875,9441.0
2018-03-22,2534.89990234375,2548.949951171875,2517.64990234375,2527.449951171875,3243.0
2018-03-23,2501.0,2538.0,2501.0,2530.199951171875,13683.0
2018-03-26,2511.050048828125,2712.75,2511.050048828125,2665.050048828125,29315.0
2018-03-27,2669.699951171875,2673.89990234375,2613.14990234375,2620.75,9121.0
2018-03-28,2614.0,2690.0,2520.0,2664.5,17847.0
2018-04-02,2657.5,2672.14990234375,2580.050048828125,2622.85009765625,12403.0
2018-04-03,2600.050048828125,2635.0,2592.050048828125,2621.75,2516.0
2018-04-04,2634.0,2649.0,2605.0,2617.699951171875,5817.0
2018-04-05,2634.0,2636.0,2612.10009765625,2624.5,30267.0
2018-04-06,2645.0,2647.0,2626.0,2641.10009765625,63025.0
2018-04-09,2667.0,2667.0,2613.5,2640.14990234375,3757.0
2018-04-10,2632.050048828125,2649.0,2598.949951171875,2631.89990234375,6541.0
2018-04-11,2638.949951171875,2650.050048828125,2602.35009765625,2629.75,24319.0
2018-04-12,2629.0,2650.0,2629.0,2636.300048828125,1831.0
2018-04-13,2658.800048828125,2658.800048828125,2630.0,2636.300048828125,2070.0
2018-04-16,2640.800048828125,2654.0,2626.199951171875,2641.449951171875,2912.0
2018-04-17,2640.0,2655.0,2640.0,2649.300048828125,2665.0
2018-04-18,2659.949951171875,2659.949951171875,2640.0,2647.550048828125,8254.0
2018-04-19,2649.0,2650.39990234375,2611.25,2620.25,4887.0
2018-04-20,2625.0,2635.050048828125,2611.199951171875,2620.949951171875,4364.0
2018-04-23,2605.050048828125,2621.64990234375,2600.0,2602.39990234375,6957.0
2018-04-24,2602.39990234375,2640.85009765625,2602.39990234375,2625.64990234375,23508.0
2018-04-25,2626.550048828125,2646.0,2620.550048828125,2629.449951171875,13103.0
2018-04-26,2653.699951171875,2653.699951171875,2612.300048828125,2625.699951171875,26690.0
2018-04-27,2611.10009765625,2658.0,2611.10009765625,2645.949951171875,59293.0
2018-04-30,2645.0,2735.0,2645.0,2705.64990234375,10759.0
2018-05-02,2705.64990234375,2719.699951171875,2676.0,2700.0,11714.0
2018-05-03,2674.300048828125,2709.800048828125,2652.85009765625,2679.75,26679.0
2018-05-04,2653.050048828125,2696.14990234375,2648.050048828125,2665.35009765625,6282.0
2018-05-07,2658.050048828125,2684.699951171875,2651.199951171875,2678.39990234375,4474.0
2018-05-08,2689.5,2689.5,2651.0,2661.64990234375,27393.0
2018-05-09,2650.0,2657.0,2641.0,2650.14990234375,11316.0
2018-05-10,2641.050048828125,2654.89990234375,2641.050048828125,2649.949951171875,7487.0
2018-05-11,2650.14990234375,2656.10009765625,2641.0,2651.800048828125,1889.0
2018-05-14,2680.0,2680.0,2610.25,2614.39990234375,6753.0
2018-05-15,2638.800048828125,2638.800048828125,2599.949951171875,2633.800048828125,15276.0
2018-05-16,2620.85009765625,2648.60009765625,2572.050048828125,2635.10009765625,3006.0
2018-05-17,2612.85009765625,2756.0,2605.5,2730.35009765625,14209.0
2018-05-18,2730.35009765625,2849.949951171875,2725.0,2762.300048828125,59428.0
2018-05-21,2762.050048828125,2763.699951171875,2690.0,2721.550048828125,7388.0
2018-05-22,2710.0,2920.0,2710.0,2875.0,763720.0
2018-05-23,2852.550048828125,2920.199951171875,2783.60009765625,2861.800048828125,295868.0
2018-05-24,2831.14990234375,2858.60009765625,2758.75,2773.800048828125,9693.0
2018-05-25,2780.0,2848.0,2771.199951171875,2795.300048828125,10367.0
2018-05-28,2791.050048828125,2840.0,2780.0,2790.199951171875,7047.0
2018-05-29,2811.800048828125,2811.800048828125,2755.0,2766.050048828125,3554.0
2018-05-30,2750.10009765625,2824.800048828125,2730.050048828125,2763.75,10298.0
2018-05-31,2797.0,2815.0,2760.39990234375,2769.949951171875,9574.0
2018-06-01,2776.5,2809.550048828125,2743.550048828125,2782.550048828125,6880.0
2018-06-04,2780.0,2805.0,2770.050048828125,2786.199951171875,24765.0
2018-06-05,2786.0,2786.0,2732.0,2741.75,3688.0
2018-06-06,2759.949951171875,2790.050048828125,2728.800048828125,2762.800048828125,8238.0
2018-06-07,2787.300048828125,2810.0,2751.199951171875,2772.050048828125,7173.0
2018-06-08,2796.0,2915.949951171875,2760.949951171875,2872.14990234375,37221.0
2018-06-11,2875.550048828125,2928.0,2865.10009765625,2878.35009765625,15263.0
2018-06-12,2887.050048828125,2985.800048828125,2887.050048828125,2949.39990234375,41600.0
2018-06-13,2945.0,3005.0,2911.0,2933.10009765625,17899.0
2018-06-14,2942.949951171875,2973.550048828125,2910.949951171875,2935.10009765625,8802.0
2018-06-15,2963.949951171875,3020.0,2931.89990234375,3000.85009765625,100459.0
2018-06-18,3019.64990234375,3156.25,3018.949951171875,3109.550048828125,72721.0
2018-06-19,3110.0,3150.0,3070.0,3106.699951171875,95717.0
2018-06-20,3109.89990234375,3145.0,3100.0,3126.5,29896.0
2018-06-21,3127.0,3242.0,3127.0,3213.39990234375,81188.0
2018-06-22,3213.0,3231.89990234375,3145.0,3168.60009765625,37577.0
2018-06-25,3166.85009765625,3248.0,3101.14990234375,3130.300048828125,31627.0
2018-06-26,3124.949951171875,3165.0,3065.25,3079.14990234375,13290.0
2018-06-27,3093.949951171875,3093.949951171875,2933.0,2973.10009765625,24516.0
2018-06-28,2974.949951171875,2974.949951171875,2860.0,2883.300048828125,15116.0
2018-06-29,2900.0,2965.39990234375,2875.0,2882.39990234375,18584.0
2018-07-02,2899.89990234375,2934.300048828125,2869.050048828125,2884.35009765625,13147.0
2018-07-03,2899.949951171875,2934.050048828125,2851.0,2895.89990234375,16455.0
2018-07-04,2914.14990234375,2980.0,2885.550048828125,2959.5,16920.0
2018-07-05,2936.0,2944.89990234375,2916.0,2926.800048828125,10390.0
2018-07-06,2939.949951171875,2955.550048828125,2925.0,2946.14990234375,10368.0
2018-07-09,2951.050048828125,3040.0,2951.050048828125,3011.949951171875,12925.0
2018-07-10,3063.89990234375,3063.89990234375,2990.5,3029.199951171875,12722.0
2018-07-11,3000.0,3046.25,2998.10009765625,2999.5,9747.0
2018-07-12,3000.050048828125,3017.0,2979.550048828125,2995.60009765625,11901.0
2018-07-13,2995.60009765625,3029.64990234375,2982.10009765625,2998.75,12099.0
2018-07-16,3000.0,3023.64990234375,2930.10009765625,2942.199951171875,10207.0
2018-07-17,2936.0,3043.0,2926.449951171875,2975.449951171875,26399.0
2018-07-18,2994.949951171875,3000.0,2963.0,2985.14990234375,14750.0
2018-07-19,2990.0,2992.449951171875,2916.199951171875,2950.75,7385.0
2018-07-20,2968.89990234375,3126.85009765625,2915.10009765625,3020.0,95199.0
2018-07-23,3035.0,3120.0,3010.0,3047.39990234375,59064.0
2018-07-24,3040.0,3047.0,2969.14990234375,2983.800048828125,13738.0
2018-07-25,2983.949951171875,3040.0,2950.0,2960.199951171875,16303.0
2018-07-26,2968.0,2980.0,2948.949951171875,2970.300048828125,65122.0
2018-07-27,2978.64990234375,3038.949951171875,2960.0,2991.39990234375,33875.0
2018-07-30,2990.949951171875,2990.949951171875,2936.14990234375,2945.85009765625,10130.0
2018-07-31,2950.0,2955.0,2900.0,2904.39990234375,10584.0
2018-08-01,2910.0,2982.75,2910.0,2934.75,10362.0
2018-08-02,2965.0,2977.949951171875,2909.75,2946.050048828125,3599.0
2018-08-03,2920.14990234375,2994.949951171875,2920.14990234375,2980.199951171875,8579.0
2018-08-06,3000.0,3000.0,2962.0,2980.0,19633.0
2018-08-07,2998.5,2998.5,2945.050048828125,2979.35009765625,15429.0
2018-08-08,2999.5,3019.699951171875,2972.0,2981.050048828125,12292.0
2018-08-09,2987.300048828125,3024.949951171875,2954.0,2972.300048828125,10329.0
2018-08-10,3048.0,3048.0,2975.64990234375,2996.60009765625,13902.0
2018-08-13,3004.0,3018.0,2955.25,2986.699951171875,10183.0
2018-08-14,2999.89990234375,3020.0,2987.0,2994.949951171875,3425.0
2018-08-16,3004.0,3019.35009765625,2976.0,2982.25,16695.0
2018-08-17,3000.0,3013.64990234375,2976.14990234375,2980.60009765625,7437.0
2018-08-20,2983.050048828125,3047.0,2983.050048828125,3007.050048828125,9395.0
2018-08-21,3005.0,3038.699951171875,2987.10009765625,3024.0,10182.0
2018-08-23,3023.949951171875,3046.0,3002.0,3019.14990234375,41216.0
2018-08-24,3019.0,3019.0,2960.0,2963.64990234375,21770.0
2018-08-27,2976.0,3008.0,2970.0,2998.85009765625,39253.0
2018-08-28,2990.0,3010.0,2979.050048828125,3002.60009765625,15457.0
2018-08-29,2995.0,3141.0,2990.0,3107.25,45389.0
2018-08-30,3120.0,3171.0,3066.0,3128.0,17488.0
2018-08-31,3125.0,3211.0,3105.0,3117.25,29559.0
2018-09-03,3135.0,3155.0,3027.0,3039.0,14190.0
2018-09-04,3049.0,3050.0,2994.10009765625,3038.050048828125,15424.0
2018-09-05,3049.0,3075.0,2970.0,3007.949951171875,14652.0
2018-09-06,3031.0,3082.0,3031.0,3060.949951171875,13048.0
2018-09-07,3100.0,3169.949951171875,3076.050048828125,3112.64990234375,18765.0
2018-09-10,3120.050048828125,3134.949951171875,3030.0,3046.199951171875,15635.0
2018-09-11,3042.0,3079.0,3018.0,3060.75,40458.0
2018-09-12,3055.0,3072.0,3050.0,3066.64990234375,22039.0
2018-09-14,3101.0,3142.5,3090.64990234375,3116.35009765625,13530.0
2018-09-17,3123.800048828125,3163.949951171875,3090.050048828125,3104.39990234375,19538.0
2018-09-18,3105.0,3121.75,3041.0,3062.550048828125,5507.0
2018-09-19,3062.550048828125,3089.0,3051.0,3063.949951171875,13888.0
2018-09-21,3065.199951171875,3115.0,2451.199951171875,3101.35009765625,120042.0
2018-09-24,3051.0,3101.35009765625,3050.0,3082.449951171875,47597.0
2018-09-25,3020.199951171875,3106.0,3020.199951171875,3080.800048828125,54530.0
2018-09-26,3068.25,3109.85009765625,3020.0,3095.85009765625,35026.0
2018-09-27,3068.0,3116.60009765625,3061.14990234375,3090.949951171875,36835.0
2018-09-28,3100.0,3130.0,3058.0,3093.550048828125,89896.0
2018-10-01,3084.0,3084.0,2949.300048828125,2964.10009765625,10454.0
2018-10-03,2996.0,3036.25,2937.0,3005.64990234375,11542.0
2018-10-04,3012.0,3012.0,2908.75,2930.050048828125,20985.0
2018-10-05,2920.0,2959.949951171875,2599.64990234375,2703.050048828125,17445.0
2018-10-08,2738.0,2738.0,2465.050048828125,2520.050048828125,112609.0
2018-10-09,2491.14990234375,2596.0,2482.449951171875,2512.050048828125,33174.0
2018-10-10,2512.5,2649.699951171875,2512.5,2614.800048828125,12090.0
2018-10-11,2512.75,2675.89990234375,2512.75,2600.050048828125,7515.0
2018-10-12,2619.0,2694.64990234375,2615.050048828125,2635.35009765625,5835.0
2018-10-15,2637.10009765625,2662.64990234375,2600.0,2611.699951171875,15386.0
2018-10-16,2611.699951171875,2651.0,2605.14990234375,2625.699951171875,17831.0
2018-10-17,2640.0,2644.949951171875,2560.0,2576.89990234375,5050.0
2018-10-19,2579.0,2628.300048828125,2545.25,2602.89990234375,17232.0
2018-10-22,2606.050048828125,2669.89990234375,2582.10009765625,2628.39990234375,64141.0
2018-10-23,2624.949951171875,2699.0,2539.5,2626.25,7735.0
2018-10-24,2603.0,2690.0,2603.0,2635.550048828125,6307.0
2018-10-25,2620.0,2661.0,2550.550048828125,2651.39990234375,47285.0
2018-10-26,2674.75,2674.75,2637.0,2642.60009765625,15488.0
2018-10-29,2642.550048828125,2712.949951171875,2640.10009765625,2698.39990234375,7316.0
2018-10-30,2675.14990234375,2749.0,2660.0,2734.39990234375,6168.0
2018-10-31,2749.800048828125,2818.0,2714.0,2809.5,47145.0
2018-11-01,2814.85009765625,2845.60009765625,2752.14990234375,2813.10009765625,96107.0
2018-11-02,2825.0,2854.949951171875,2810.0,2815.050048828125,3935.0
2018-11-05,2807.89990234375,2844.0,2780.050048828125,2833.449951171875,4835.0
2018-11-06,2817.800048828125,2817.800048828125,2792.0,2799.050048828125,2250.0
2018-11-07,2799.0,2838.699951171875,2790.0,2820.35009765625,537.0
2018-11-09,2800.050048828125,2835.0,2791.0,2805.14990234375,1883.0
2018-11-12,2792.0,2833.0,2792.0,2799.14990234375,1848.0
2018-11-13,2799.0,2897.89990234375,2775.60009765625,2854.14990234375,33399.0
2018-11-14,2896.89990234375,2964.0,2850.0,2925.25,18138.0
2018-11-15,2920.0,2988.0,2920.0,2954.5,8054.0
2018-11-16,2960.050048828125,3316.050048828125,2954.5,3131.60009765625,379004.0
2018-11-19,3122.0,3188.0,3059.0,3080.25,13716.0
2018-11-20,3051.0,3076.949951171875,3000.0,3025.64990234375,10365.0
2018-11-21,3024.800048828125,3062.0,2978.0,3006.949951171875,12621.0
2018-11-22,3026.89990234375,3056.0,3000.0,3026.10009765625,8040.0
2018-11-26,3015.14990234375,3044.949951171875,2955.14990234375,3002.89990234375,9604.0
2018-11-27,3003.0,3020.949951171875,2981.0,2995.35009765625,3793.0
2018-11-28,3012.949951171875,3019.0,2976.300048828125,2990.14990234375,4002.0
2018-11-29,3003.10009765625,3030.0,2992.39990234375,3022.10009765625,6577.0
2018-11-30,3022.0,3029.800048828125,2980.0,3000.800048828125,15452.0
2018-12-03,3034.0,3034.0,2976.0,2992.800048828125,8007.0
2018-12-04,2999.89990234375,2999.89990234375,2965.10009765625,2980.60009765625,3535.0
2018-12-05,2973.800048828125,3038.0,2936.10009765625,2969.449951171875,7823.0
2018-12-06,2940.050048828125,3010.0,2902.0,2970.050048828125,6554.0
2018-12-07,2975.050048828125,2999.64990234375,2926.050048828125,2985.0,2721.0
2018-12-10,2969.949951171875,2969.949951171875,2922.25,2939.800048828125,4575.0
2018-12-11,2939.75,2962.0,2910.10009765625,2930.39990234375,4380.0
2018-12-12,2934.550048828125,2982.5,2901.0,2976.449951171875,7284.0
2018-12-13,2965.60009765625,3001.0,2965.60009765625,2998.800048828125,34210.0
2018-12-14,2997.050048828125,3015.0,2950.0,2958.39990234375,6481.0
2018-12-17,2996.949951171875,2996.949951171875,2952.39990234375,2959.75,14350.0
2018-12-18,2949.949951171875,2949.949951171875,2911.0,2919.89990234375,10883.0
2018-12-19,2931.14990234375,2979.0,2917.75,2932.0,23798.0
2018-12-20,2921.300048828125,2977.199951171875,2921.0,2969.199951171875,4159.0
2018-12-21,2950.050048828125,2990.0,2915.0,2940.300048828125,40029.0
2018-12-24,2956.39990234375,2965.0,2920.0,2937.85009765625,48668.0
2018-12-26,2920.050048828125,2923.85009765625,2738.699951171875,2859.449951171875,116124.0
2018-12-27,2872.0,2988.800048828125,2871.050048828125,2950.050048828125,59145.0
2018-12-28,2944.800048828125,2999.89990234375,2925.0,2934.949951171875,10438.0
2018-12-31,2946.5,3000.0,2940.0,2950.0,29552.0
2019-01-01,2967.949951171875,2970.0,2925.0,2949.949951171875,56276.0
2019-01-02,2930.14990234375,2968.0,2925.0,2950.10009765625,15693.0
2019-01-03,2968.300048828125,2985.0,2939.949951171875,2977.25,25184.0
2019-01-04,2960.050048828125,3000.0,2948.0,2951.64990234375,16159.0
2019-01-07,2926.050048828125,2987.85009765625,2926.050048828125,2953.800048828125,4452.0
2019-01-08,2953.0,2978.949951171875,2950.0,2955.449951171875,6335.0
2019-01-09,2962.699951171875,2975.0,2949.5,2951.14990234375,5980.0
2019-01-10,2999.0,3030.0,2952.35009765625,2969.949951171875,14544.0
2019-01-11,2970.0,3030.0,2950.0,3007.35009765625,8073.0
2019-01-14,3026.050048828125,3112.0,2999.0,3008.64990234375,25939.0
2019-01-15,3014.050048828125,3044.800048828125,2989.949951171875,2998.35009765625,7811.0
2019-01-16,3000.39990234375,3018.0,2950.0,2958.449951171875,5828.0
2019-01-17,2962.050048828125,2995.0,2920.0,2950.050048828125,61769.0
2019-01-18,2976.949951171875,2988.0,2952.10009765625,2960.39990234375,5107.0
2019-01-21,2955.64990234375,2999.85009765625,2951.0,2961.39990234375,11792.0
2019-01-22,2971.85009765625,2989.0,2929.75,2956.949951171875,28214.0
2019-01-23,2961.199951171875,2981.0,2950.0,2966.64990234375,17908.0
2019-01-24,2971.949951171875,2977.0,2931.64990234375,2939.800048828125,39805.0
2019-01-25,2968.949951171875,2968.949951171875,2860.0,2861.800048828125,11730.0
2019-01-28,2860.0,2909.949951171875,2821.0,2853.5,28941.0
2019-01-29,2855.0,2855.0,2825.0,2844.89990234375,52299.0
2019-01-30,2847.800048828125,2894.60009765625,2841.300048828125,2852.64990234375,10198.0
2019-01-31,2836.050048828125,2879.699951171875,2815.0,2847.050048828125,28439.0
2019-02-01,2850.0,2925.949951171875,2850.0,2865.89990234375,16406.0
2019-02-04,2856.5,3050.0,2856.5,2993.5,583619.0
2019-02-05,2988.0,3085.25,2904.050048828125,2928.60009765625,13382.0
2019-02-06,2924.10009765625,3005.0,2924.10009765625,2994.25,86499.0
2019-02-07,2986.699951171875,3179.949951171875,2986.64990234375,3116.85009765625,550055.0
2019-02-08,3120.0,3178.85009765625,3099.64990234375,3131.5,16906.0
2019-02-11,3158.449951171875,3158.449951171875,3095.800048828125,3117.25,74757.0
2019-02-12,3117.25,3117.25,3067.0,3100.35009765625,33654.0
2019-02-14,3120.0,3176.949951171875,3107.199951171875,3149.949951171875,15773.0
2019-02-15,3150.0,3180.0,3127.699951171875,3159.699951171875,72564.0
2019-02-18,3168.85009765625,3195.0,3000.0,3006.85009765625,21499.0
2019-02-19,3001.0,3123.449951171875,2999.89990234375,3105.949951171875,10738.0
2019-02-20,3100.050048828125,3192.89990234375,3039.5,3159.199951171875,94549.0
2019-02-21,3159.0,3221.89990234375,3107.0,3152.89990234375,20575.0
2019-02-22,3152.89990234375,3190.0,3125.0,3150.89990234375,9013.0
2019-02-25,3133.0,3195.050048828125,3101.0,3135.949951171875,25970.0
2019-02-26,3022.25,3180.0,3022.25,3130.39990234375,58731.0
2019-02-27,3163.0,3179.0,3123.0,3158.25,16231.0
2019-02-28,3163.0,3195.0,3150.0,3165.050048828125,80990.0
2019-03-01,3165.10009765625,3205.0,3152.0,3170.300048828125,12820.0
2019-03-05,3170.300048828125,3198.89990234375,3152.0,3161.39990234375,23572.0
2019-03-06,3188.050048828125,3248.0,3164.199951171875,3220.10009765625,19548.0
2019-03-07,3220.0,3298.0,3220.0,3274.35009765625,63115.0
2019-03-08,3298.0,3298.0,3220.800048828125,3276.89990234375,16530.0
2019-03-11,3313.949951171875,3335.10009765625,3283.10009765625,3296.699951171875,13466.0
2019-03-12,3334.89990234375,3385.85009765625,3305.800048828125,3343.35009765625,19409.0
2019-03-13,3360.0,3390.0,3302.75,3317.75,28254.0
2019-03-14,3360.0,3370.0,3317.10009765625,3335.85009765625,10881.0
2019-03-15,3358.85009765625,3376.050048828125,3300.0,3337.199951171875,49372.0
2019-03-18,3340.050048828125,3355.39990234375,3310.14990234375,3321.5,10156.0
2019-03-19,3326.050048828125,3366.64990234375,3276.050048828125,3357.449951171875,42551.0
2019-03-20,3325.35009765625,3370.0,3325.35009765625,3364.0,22184.0
2019-03-22,3363.60009765625,3388.5,3342.949951171875,3366.949951171875,66853.0
2019-03-25,3373.0,3373.0,3255.5,3260.5,19966.0
2019-03-26,3279.89990234375,3281.25,3210.0,3250.25,21102.0
2019-03-27,3294.949951171875,3324.199951171875,3250.0,3273.75,45199.0
2019-03-28,3237.0,3800.0,3237.0,3593.64990234375,240494.0
2019-04-01,3445.0,3454.14990234375,3341.10009765625,3352.14990234375,59859.0
2019-04-02,3375.0,3450.0,3353.949951171875,3423.550048828125,342322.0
2019-04-03,3425.050048828125,3461.199951171875,3383.10009765625,3406.14990234375,130489.0
2019-04-04,3433.0,3433.0,3270.550048828125,3326.14990234375,47065.0
2019-04-05,3351.0,3441.89990234375,3331.550048828125,3351.449951171875,15422.0
2019-04-08,3355.14990234375,3381.89990234375,3285.300048828125,3317.39990234375,15427.0
2019-04-09,3316.949951171875,3356.0,3270.89990234375,3284.449951171875,37279.0
2019-04-10,3314.64990234375,3347.949951171875,3275.0,3304.75,14305.0
2019-04-11,3304.10009765625,3346.60009765625,3279.550048828125,3306.14990234375,17982.0
2019-04-12,3340.0,3344.550048828125,3296.85009765625,3300.199951171875,21177.0
2019-04-15,3318.0,3333.949951171875,3285.0,3311.10009765625,13158.0
2019-04-16,3318.89990234375,3329.60009765625,3293.60009765625,3304.10009765625,16358.0
2019-04-18,3307.0,3324.949951171875,3280.0,3289.39990234375,30759.0
2019-04-22,3290.0,3313.050048828125,3258.89990234375,3286.35009765625,13356.0
2019-04-23,3285.89990234375,3319.0,3276.25,3291.75,26272.0
2019-04-24,3300.0,3335.0,3293.050048828125,3300.449951171875,31159.0
2019-04-25,3326.89990234375,3328.0,3251.25,3272.10009765625,27350.0
2019-04-26,3261.0,3298.0,3252.35009765625,3268.60009765625,14453.0
2019-04-30,3261.0,3271.14990234375,2980.0,3086.0,114146.0
2019-05-02,3085.949951171875,3221.5,3080.10009765625,3204.550048828125,29569.0
2019-05-03,3200.35009765625,3240.199951171875,3175.050048828125,3191.39990234375,11171.0
2019-05-06,3190.0,3208.0,3169.5,3181.0,10989.0
2019-05-07,3185.199951171875,3193.699951171875,3168.0,3178.050048828125,9918.0
2019-05-08,3151.0,3178.550048828125,3080.10009765625,3102.25,18724.0
2019-05-09,3102.25,3106.550048828125,3051.0,3073.10009765625,12622.0
2019-05-10,3098.949951171875,3100.0,3036.050048828125,3060.949951171875,9168.0
2019-05-13,3060.89990234375,3145.25,3030.050048828125,3106.39990234375,15934.0
2019-05-14,3083.64990234375,3156.0,3059.85009765625,3131.050048828125,11668.0
2019-05-15,3119.0,3185.0,3076.199951171875,3165.39990234375,17830.0
2019-05-16,3187.0,3200.0,3152.89990234375,3167.449951171875,15226.0
2019-05-17,3180.0,3310.0,3174.0,3281.699951171875,58762.0
2019-05-20,3333.0,3388.0,3263.14990234375,3325.75,50034.0
2019-05-21,3302.0,3360.0,3251.0,3304.35009765625,15920.0
2019-05-22,3327.85009765625,3329.0,3260.0,3289.699951171875,26297.0
2019-05-23,3300.050048828125,3345.949951171875,3300.050048828125,3325.0,68189.0
2019-05-24,3325.050048828125,3423.0,3325.050048828125,3399.5,24461.0
2019-05-27,3424.699951171875,3500.0,3420.0,3473.85009765625,43027.0
2019-05-28,3500.0,3534.75,3455.0,3513.75,30618.0
2019-05-29,3513.75,3521.949951171875,3469.0,3507.10009765625,23639.0
2019-05-30,3520.0,3529.0,3450.0,3510.14990234375,35029.0
2019-05-31,3540.0,3548.0,3454.64990234375,3496.39990234375,22538.0
2019-06-03,3524.0,3524.0,3470.0,3505.300048828125,47101.0
2019-06-04,3480.14990234375,3598.75,3480.14990234375,3503.35009765625,67310.0
2019-06-06,3503.35009765625,3566.89990234375,3503.35009765625,3531.85009765625,30475.0
2019-06-07,3538.949951171875,3665.0,3512.449951171875,3609.35009765625,66933.0
2019-06-10,3611.0,3677.949951171875,3575.0,3658.050048828125,41366.0
2019-06-11,3646.10009765625,3790.0,3610.39990234375,3761.800048828125,42162.0
2019-06-12,3779.800048828125,3793.949951171875,3712.10009765625,3742.800048828125,24203.0
2019-06-13,3742.800048828125,3763.0,3651.0,3665.949951171875,16157.0
2019-06-14,3655.0,3690.0,3600.0,3614.550048828125,13994.0
2019-06-17,3619.949951171875,3645.449951171875,3526.0,3536.25,15831.0
2019-06-18,3545.14990234375,3653.949951171875,3545.0,3565.10009765625,33954.0
2019-06-19,3590.0,3626.0,3542.39990234375,3579.199951171875,41689.0
2019-06-20,3570.0,3630.0,3547.0,3606.85009765625,31667.0
2019-06-21,3601.35009765625,3688.0,3587.25,3633.39990234375,69388.0
2019-06-24,3634.0,3659.0,3572.0,3603.949951171875,18104.0
2019-06-25,3599.949951171875,3649.0,3570.0,3636.949951171875,18228.0
2019-06-26,3641.800048828125,3690.0,3605.0,3632.0,21442.0
2019-06-27,3623.300048828125,3684.800048828125,3591.0,3616.39990234375,45054.0
2019-06-28,3615.0,3631.89990234375,3585.39990234375,3598.25,25184.0
2019-07-01,3665.0,3665.0,3605.0,3642.550048828125,12823.0
2019-07-02,3659.0,3747.0,3628.800048828125,3729.199951171875,25615.0
2019-07-03,3725.0,3735.0,3680.39990234375,3723.800048828125,92949.0
2019-07-04,3723.800048828125,3749.89990234375,3695.0,3711.60009765625,27677.0
2019-07-05,3711.60009765625,3733.199951171875,3580.050048828125,3601.800048828125,34693.0
2019-07-08,3601.0,3646.949951171875,3460.0,3505.550048828125,52061.0
2019-07-09,3528.0,3643.949951171875,3484.050048828125,3618.85009765625,43802.0
2019-07-10,3617.699951171875,3630.0,3558.10009765625,3580.89990234375,19690.0
2019-07-11,3585.0,3627.64990234375,3520.0,3546.949951171875,17634.0
2019-07-12,3545.10009765625,3574.89990234375,3490.0,3505.14990234375,21905.0
2019-07-15,3512.0,3539.0,3500.699951171875,3522.85009765625,19109.0
2019-07-16,3527.0,3565.0,3508.5,3557.050048828125,9724.0
2019-07-17,3566.0,3584.5,3528.89990234375,3556.85009765625,14435.0
2019-07-18,3560.050048828125,3564.64990234375,3520.10009765625,3523.39990234375,13972.0
2019-07-19,3530.14990234375,3583.550048828125,3445.85009765625,3500.050048828125,31091.0
2019-07-22,3475.0,3511.949951171875,3395.89990234375,3431.0,30928.0
2019-07-23,3444.0,3444.449951171875,3355.699951171875,3367.35009765625,18619.0
2019-07-24,3360.14990234375,3417.699951171875,3262.25,3294.449951171875,18182.0
2019-07-25,3339.0,3400.0,3298.60009765625,3372.60009765625,34631.0
2019-07-26,3389.0,3411.0,3312.0,3384.75,48703.0
2019-07-29,3438.550048828125,3469.949951171875,3374.64990234375,3414.199951171875,36376.0
2019-07-30,3417.800048828125,3594.89990234375,3414.35009765625,3562.89990234375,77206.0
2019-07-31,3526.0,3559.949951171875,3384.0,3400.5,24113.0
2019-08-01,3400.5,3426.949951171875,3340.0,3354.25,24386.0
2019-08-02,3339.89990234375,3590.0,3265.0,3511.64990234375,40230.0
2019-08-05,3490.0,3515.0,3419.10009765625,3465.449951171875,50877.0
2019-08-06,3435.0,3496.300048828125,3408.89990234375,3447.39990234375,19560.0
2019-08-07,3475.0,3540.0,3425.0,3488.75,18257.0
2019-08-08,3458.35009765625,3486.949951171875,3413.199951171875,3443.5,15876.0
2019-08-09,3469.949951171875,3495.0,3417.300048828125,3453.699951171875,14375.0
2019-08-13,3453.699951171875,3453.699951171875,3350.0,3365.050048828125,15054.0
2019-08-14,3382.949951171875,3399.0,3331.0,3338.35009765625,14726.0
2019-08-16,3348.39990234375,3435.0,3220.0,3414.550048828125,18356.0
2019-08-19,3414.550048828125,3439.0,3353.550048828125,3381.699951171875,21396.0
2019-08-20,3336.050048828125,3424.800048828125,3335.0,3351.0,11382.0
2019-08-21,3387.0,3387.0,3315.800048828125,3351.5,14737.0
2019-08-22,3370.0,3389.699951171875,3330.0,3350.199951171875,18968.0
2019-08-23,3344.699951171875,3398.85009765625,3280.0,3335.300048828125,18912.0
2019-08-26,3348.0,3442.949951171875,3335.0,3344.050048828125,11342.0
2019-08-27,3356.0,3386.0,3295.5,3324.35009765625,19144.0
2019-08-28,3349.85009765625,3349.85009765625,3290.14990234375,3303.64990234375,5657.0
2019-08-29,3284.10009765625,3320.0,3284.10009765625,3310.300048828125,10291.0
2019-08-30,3324.0,3324.0,3235.0,3252.050048828125,23172.0
2019-09-03,3231.0,3285.0,3211.0,3262.699951171875,8816.0
2019-09-04,3265.0,3312.300048828125,3221.0,3304.5,6835.0
2019-09-05,3283.949951171875,3326.35009765625,3283.949951171875,3316.199951171875,18915.0
2019-09-06,3324.949951171875,3330.0,3269.550048828125,3305.10009765625,16285.0
2019-09-09,3334.949951171875,3367.949951171875,3287.0,3306.300048828125,7407.0
2019-09-11,3307.5,3340.699951171875,3301.050048828125,3316.39990234375,10121.0
2019-09-12,3314.5,3376.0,3312.14990234375,3362.550048828125,7622.0
2019-09-13,3350.0,3397.949951171875,3305.0,3376.800048828125,27781.0
2019-09-16,3389.0,3389.0,3301.60009765625,3320.89990234375,11086.0
2019-09-17,3329.0,3329.0,3220.0,3232.0,12614.0
2019-09-18,3252.0,3280.0,3140.0,3152.199951171875,22676.0
2019-09-19,3175.199951171875,3192.050048828125,3120.300048828125,3153.300048828125,22900.0
2019-09-20,3174.949951171875,3350.0,3111.0,3233.949951171875,99963.0
2019-09-23,3309.0,3681.0,3305.0,3537.550048828125,184248.0
2019-09-24,3650.0,3710.0,3420.0,3688.050048828125,60960.0
2019-09-25,3680.0,3680.0,3476.0,3501.75,26257.0
2019-09-26,3501.10009765625,3553.0,3453.0,3481.949951171875,20827.0
2019-09-27,3508.89990234375,3573.0,3481.0,3553.5,34839.0
2019-09-30,3549.949951171875,3597.0,3512.0,3593.25,15975.0
2019-10-01,3594.0,3630.0,3535.0,3588.64990234375,16393.0
2019-10-03,3590.0,3664.35009765625,3489.550048828125,3525.25,33716.0
2019-10-04,3533.75,3630.699951171875,3512.0,3585.75,327183.0
2019-10-07,3600.0,3628.050048828125,3536.14990234375,3587.60009765625,13217.0
2019-10-09,3590.050048828125,3625.0,3575.0,3616.0,11569.0
2019-10-10,3623.0,3623.0,3580.0,3587.85009765625,7662.0
2019-10-11,3590.0,3611.89990234375,3505.0,3524.0,13485.0
2019-10-14,3510.0,3629.5,3506.199951171875,3566.10009765625,19272.0
2019-10-15,3570.0,3620.39990234375,3570.0,3600.0,12923.0
2019-10-16,3599.949951171875,3650.0,3555.0,3627.35009765625,16337.0
2019-10-17,3632.0,3750.0,3610.050048828125,3686.14990234375,36706.0
2019-10-18,3688.949951171875,3745.0,3670.050048828125,3742.5,29744.0
2019-10-22,3742.39990234375,3800.0,3656.0,3673.10009765625,23709.0
2019-10-23,3675.199951171875,3731.25,3650.0,3662.550048828125,16167.0
2019-10-24,3662.0,3734.0,3650.0,3666.10009765625,15525.0
2019-10-25,3705.0,3716.0,3631.0,3651.199951171875,11937.0
2019-10-27,3602.0,3705.85009765625,3602.0,3692.300048828125,3618.0
2019-10-29,3684.14990234375,3725.0,3662.0,3695.35009765625,23522.0
2019-10-30,3706.949951171875,3715.0,3675.64990234375,3682.85009765625,10490.0
2019-10-31,3709.0,3711.85009765625,3650.0,3669.699951171875,19164.0
2019-11-01,3668.949951171875,3738.10009765625,3668.949951171875,3698.199951171875,55997.0
2019-11-04,3708.0,3806.0,3677.0,3708.949951171875,43348.0
2019-11-05,3700.0,3745.0,3695.10009765625,3728.050048828125,17767.0
2019-11-06,3738.25,3760.0,3700.0,3728.699951171875,12845.0
2019-11-07,3745.0,3850.0,3726.050048828125,3799.949951171875,39080.0
2019-11-08,3830.0,3903.949951171875,3763.199951171875,3777.10009765625,34834.0
2019-11-11,3792.0,3792.0,3705.10009765625,3710.85009765625,55191.0
2019-11-13,3711.0,3787.550048828125,3707.449951171875,3718.050048828125,20620.0
2019-11-14,3735.0,3750.0,3695.0,3716.25,23300.0
2019-11-15,3724.800048828125,3738.800048828125,3706.5,3720.050048828125,9304.0
2019-11-18,3720.050048828125,3733.0,3680.85009765625,3701.89990234375,106305.0
2019-11-19,3707.10009765625,3794.25,3705.0,3730.39990234375,17577.0
2019-11-20,3757.0,3757.0,3692.0,3702.050048828125,11041.0
2019-11-21,3713.949951171875,3718.0,3680.0,3687.800048828125,6206.0
2019-11-22,3676.0,3735.0,3676.0,3691.300048828125,9917.0
2019-11-25,3712.949951171875,3729.0,3666.64990234375,3700.5,17504.0
2019-11-26,3705.0,3713.5,3628.699951171875,3669.050048828125,37516.0
2019-11-27,3666.0,3681.75,3629.35009765625,3651.89990234375,36989.0
2019-11-28,3653.14990234375,3675.949951171875,3610.25,3634.64990234375,37306.0
2019-11-29,3620.050048828125,3625.14990234375,3552.0,3564.35009765625,12025.0
2019-12-02,3565.0,3565.0,3510.0,3517.449951171875,23036.0
2019-12-03,3516.050048828125,3547.60009765625,3475.0,3484.10009765625,11348.0
2019-12-04,3460.050048828125,3489.5,3452.60009765625,3461.550048828125,9131.0
2019-12-05,3459.0,3484.0,3428.75,3448.85009765625,67255.0
2019-12-06,3457.800048828125,3457.800048828125,3405.10009765625,3411.800048828125,21071.0
2019-12-09,3406.050048828125,3416.0,3371.0,3380.5,13740.0
2019-12-10,3381.0,3410.0,3272.800048828125,3296.25,27276.0
2019-12-11,3316.39990234375,3415.0,3305.800048828125,3381.25,43319.0
2019-12-12,3386.5,3432.949951171875,3304.949951171875,3359.75,59401.0
2019-12-13,3351.0,3382.14990234375,3305.550048828125,3315.35009765625,18923.0
2019-12-16,3320.050048828125,3344.14990234375,3259.0,3279.35009765625,94036.0
2019-12-17,3280.0,3315.5,3279.0,3286.10009765625,94650.0
2019-12-18,3287.050048828125,3298.85009765625,3277.5,3282.550048828125,54838.0
2019-12-19,3283.14990234375,3323.300048828125,3283.14990234375,3305.75,22511.0
2019-12-20,3316.0,3328.550048828125,3250.0,3287.60009765625,75225.0
2019-12-23,3277.0,3380.0,3255.050048828125,3353.60009765625,15657.0
2019-12-24,3363.10009765625,3445.0,3345.449951171875,3441.35009765625,28086.0
2019-12-26,3450.0,3500.0,3410.25,3427.199951171875,19617.0
2019-12-27,3420.0,3520.0,3416.800048828125,3439.10009765625,32651.0
2019-12-30,3454.60009765625,3589.85009765625,3401.0,3430.0,23840.0
2019-12-31,3449.60009765625,3449.60009765625,3395.0,3406.60009765625,117325.0
2020-01-01,3409.5,3447.10009765625,3358.0,3376.699951171875,12825.0
2020-01-02,3385.0,3484.39990234375,3381.550048828125,3474.199951171875,25577.0
2020-01-03,3491.0,3491.0,3445.0,3467.550048828125,17829.0
2020-01-06,3460.0,3463.75,3433.050048828125,3450.050048828125,17488.0
2020-01-07,3450.050048828125,3480.85009765625,3380.050048828125,3396.64990234375,31735.0
2020-01-08,3300.0,3445.0,3300.0,3419.85009765625,39466.0
2020-01-09,3448.949951171875,3449.0,3396.0,3418.39990234375,74890.0
2020-01-10,3427.949951171875,3435.0,3375.0,3386.449951171875,20996.0
2020-01-13,3400.0,3419.949951171875,3360.0,3395.949951171875,86638.0
2020-01-14,3401.75,3421.800048828125,3390.0,3409.85009765625,16111.0
2020-01-15,3409.0,3426.0,3373.0,3410.14990234375,46709.0
2020-01-16,3420.0,3420.949951171875,3381.5,3395.949951171875,7275.0
2020-01-17,3416.60009765625,3419.949951171875,3375.949951171875,3386.39990234375,45682.0
2020-01-20,3402.5,3405.0,3363.050048828125,3375.75,21918.0
2020-01-21,3383.0,3383.0,3362.0,3370.25,44703.0
2020-01-22,3375.0,3389.949951171875,3337.300048828125,3353.199951171875,25284.0
2020-01-23,3353.199951171875,3372.89990234375,3333.050048828125,3346.39990234375,41158.0
2020-01-24,3346.25,3359.89990234375,3328.0,3338.949951171875,13340.0
2020-01-27,3330.0,3372.75,3290.0,3302.60009765625,20718.0
2020-01-28,3308.0,3358.199951171875,3260.0,3264.550048828125,21040.0
2020-01-29,3279.0,3428.0,3260.0,3417.300048828125,119568.0
2020-01-30,3435.0,3482.800048828125,3356.5,3393.85009765625,48165.0
2020-01-31,3393.85009765625,3500.0,3350.0,3454.300048828125,80743.0
2020-02-03,3525.64990234375,3625.39990234375,3501.0,3600.800048828125,106272.0
2020-02-04,3619.0,3770.0,3600.0,3728.35009765625,581865.0
2020-02-05,3764.949951171875,3950.0,3730.199951171875,3865.5,252064.0
2020-02-06,3872.0,3909.89990234375,3761.050048828125,3783.949951171875,50109.0
2020-02-07,3786.0,3845.0,3771.0,3783.0,19035.0
2020-02-10,3786.050048828125,3793.0,3750.0,3760.0,37538.0
2020-02-11,3750.050048828125,3869.949951171875,3750.050048828125,3829.85009765625,49094.0
2020-02-12,3829.85009765625,3867.0,3775.0,3806.449951171875,30355.0
2020-02-13,3815.0,3926.0,3751.0,3904.89990234375,155572.0
2020-02-14,3906.050048828125,3939.75,3726.0,3756.550048828125,114918.0
2020-02-17,3766.0,3770.0,3680.0,3718.25,32564.0
2020-02-18,3718.25,3729.0,3680.300048828125,3699.5,17582.0
2020-02-19,3717.949951171875,3805.5,3665.550048828125,3764.0,65449.0
2020-02-20,3760.0,3770.0,3660.0,3680.300048828125,42410.0
2020-02-24,3691.60009765625,3740.0,3660.199951171875,3695.10009765625,22169.0
2020-02-25,3713.449951171875,3750.0,3625.0,3642.25,34366.0
2020-02-26,3648.0,3648.0,3465.0,3483.0,53905.0
2020-02-27,3485.0,3523.64990234375,3415.300048828125,3456.25,27827.0
2020-02-28,3408.89990234375,3430.0,3350.800048828125,3386.64990234375,21849.0
2020-03-02,3460.0,3460.0,3375.10009765625,3393.89990234375,14706.0
2020-03-03,3410.800048828125,3437.89990234375,3350.0,3368.300048828125,17842.0
2020-03-04,3384.89990234375,3406.0,3317.050048828125,3323.699951171875,21675.0
2020-03-05,3333.699951171875,3397.949951171875,3298.449951171875,3343.10009765625,51392.0
2020-03-06,3225.050048828125,3339.949951171875,3121.699951171875,3156.75,52501.0
2020-03-09,3148.0,3148.0,2849.10009765625,2882.800048828125,90244.0
2020-03-11,2925.800048828125,3082.75,2900.10009765625,3039.64990234375,121794.0
2020-03-12,2856.0,3009.25,2840.0,2910.60009765625,226971.0
2020-03-13,2700.10009765625,3075.0,2474.89990234375,2954.449951171875,53783.0
2020-03-16,2890.0,2923.89990234375,2625.0,2740.949951171875,77837.0
2020-03-17,2752.0,2778.75,2649.699951171875,2657.10009765625,362881.0
2020-03-18,2690.0,2779.949951171875,2496.64990234375,2539.050048828125,171989.0
2020-03-19,2340.199951171875,2469.64990234375,2140.0,2300.60009765625,407407.0
2020-03-20,2301.60009765625,2419.25,2210.800048828125,2281.39990234375,93449.0
2020-03-23,2100.0,2198.89990234375,1825.1500244140625,1825.1500244140625,119719.0
2020-03-24,1902.5,1935.449951171875,1460.1500244140625,1525.949951171875,436901.0
2020-03-25,1525.0,1678.5,1514.5,1594.5,152056.0
2020-03-26,1630.0,1753.949951171875,1605.0,1753.949951171875,63137.0
2020-03-27,1905.0,1929.300048828125,1800.0,1900.0,79150.0
2020-03-30,1810.0,1899.0,1770.0,1841.199951171875,52133.0
2020-03-31,1873.0,1905.0,1779.8499755859375,1798.550048828125,43449.0
2020-04-01,1819.0,1819.0,1725.5,1754.550048828125,30051.0
2020-04-03,1780.0,1930.0,1700.0,1924.5999755859375,47262.0
2020-04-07,1980.0,2020.699951171875,1932.1500244140625,1978.9000244140625,26401.0
2020-04-08,2027.949951171875,2073.85009765625,1925.0,2024.75,25453.0
2020-04-09,2054.75,2110.89990234375,2031.0,2085.39990234375,29635.0
2020-04-13,2090.0,2150.0,2046.0,2115.89990234375,35584.0
2020-04-15,2154.949951171875,2154.949951171875,1910.0,2088.5,34275.0
2020-04-16,2065.0,2090.0,2035.0,2070.10009765625,17477.0
2020-04-17,2149.949951171875,2149.949951171875,2070.0,2110.10009765625,50515.0
2020-04-20,2147.0,2147.0,2080.64990234375,2114.699951171875,15436.0
2020-04-21,2081.0,2106.0,1925.0,1975.550048828125,42784.0
2020-04-22,1986.0,1986.0,1910.5,1952.449951171875,21968.0
2020-04-23,1980.0,2005.0,1925.050048828125,1932.199951171875,29297.0
2020-04-24,1910.0,1924.300048828125,1875.050048828125,1881.699951171875,22447.0
2020-04-27,1929.9000244140625,1934.949951171875,1875.0,1897.449951171875,20249.0
2020-04-28,1915.0,1944.0,1845.0,1938.25,48507.0
2020-04-29,1943.949951171875,2084.949951171875,1939.949951171875,2002.8499755859375,76668.0
2020-04-30,2037.0,2077.0,2026.300048828125,2037.800048828125,44807.0
2020-05-04,2000.0,2000.0,1879.1500244140625,1892.5999755859375,52291.0
2020-05-05,1979.9000244140625,1979.9000244140625,1888.4000244140625,1890.75,23984.0
2020-05-06,1904.0,1930.0,1877.449951171875,1898.0999755859375,19646.0
2020-05-07,1895.0,1919.199951171875,1889.449951171875,1897.800048828125,8007.0
2020-05-08,1908.0,1938.949951171875,1873.0,1876.949951171875,20724.0
2020-05-11,1894.949951171875,1938.25,1883.75,1904.550048828125,20122.0
2020-05-12,1890.0,1925.5,1875.0,1920.4000244140625,20852.0
2020-05-13,1985.0999755859375,2020.0,1920.0,1930.550048828125,44225.0
2020-05-14,1928.0,1968.949951171875,1880.0,1902.5999755859375,29744.0
2020-05-15,1912.0,1932.0,1886.75,1925.25,13893.0
2020-05-18,1934.9000244140625,1934.949951171875,1850.3499755859375,1857.3499755859375,79811.0
2020-05-19,1875.0,1907.449951171875,1860.0,1888.5999755859375,123108.0
2020-05-20,1872.0,1918.699951171875,1865.0,1903.699951171875,19525.0
2020-05-21,1955.0,2025.0,1881.0,1909.300048828125,77297.0
2020-05-22,1925.0,2008.25,1880.0,1993.550048828125,194719.0
2020-05-26,2000.0,2010.0,1967.0,1992.0999755859375,15860.0
2020-05-27,1992.0,2030.4000244140625,1950.0,2003.699951171875,15851.0
2020-05-28,2000.050048828125,2019.949951171875,1976.0,1993.75,29663.0
2020-05-29,1982.949951171875,2008.9000244140625,1966.0999755859375,2000.5999755859375,41290.0
2020-06-01,2010.5999755859375,2145.0,2010.5999755859375,2066.0,46027.0
2020-06-02,2084.0,2205.0,2012.0,2188.199951171875,77370.0
2020-06-03,2250.0,2370.0,2209.949951171875,2277.64990234375,90820.0
2020-06-04,2308.64990234375,2350.0,2200.0,2241.60009765625,36981.0
2020-06-05,2280.0,2493.800048828125,2232.550048828125,2440.050048828125,103625.0
2020-06-08,2539.0,2583.10009765625,2486.0,2500.14990234375,116655.0
2020-06-09,2525.0,2548.949951171875,2501.0,2503.39990234375,105811.0
2020-06-10,2497.0,2531.199951171875,2440.800048828125,2468.949951171875,62721.0
2020-06-11,2483.0,2484.449951171875,2402.0,2416.64990234375,33512.0
2020-06-12,2251.0,2379.5,2215.0,2349.39990234375,81026.0
2020-06-15,2385.0,2385.0,2280.0,2318.550048828125,39449.0
2020-06-16,2379.0,2380.0,2283.800048828125,2317.39990234375,93404.0
2020-06-17,2324.0,2373.85009765625,2285.0,2349.050048828125,56419.0
2020-06-18,2369.0,2420.0,2349.800048828125,2403.10009765625,51687.0
2020-06-19,2467.35009765625,2569.949951171875,2412.64990234375,2527.25,102066.0
2020-06-22,2578.64990234375,2775.0,2569.449951171875,2739.10009765625,73903.0
2020-06-23,2800.0,2984.89990234375,2760.10009765625,2918.949951171875,158949.0
2020-06-24,3000.0,3005.0,2815.0,2838.75,88119.0
2020-06-25,2820.0,2890.0,2650.0,2682.699951171875,115607.0
2020-06-26,2691.300048828125,2825.0,2683.5,2705.050048828125,69325.0
2020-06-29,2723.0,2770.0,2605.0,2622.64990234375,64120.0
2020-06-30,2640.0,2654.800048828125,2525.25,2543.0,59150.0
2020-07-01,2587.0,2599.550048828125,2534.0,2570.14990234375,56481.0
2020-07-02,2610.0,2639.0,2570.800048828125,2586.35009765625,50667.0
2020-07-03,2592.949951171875,2617.949951171875,2536.0,2546.5,64130.0
2020-07-06,2565.0,2669.949951171875,2565.0,2654.449951171875,98296.0
2020-07-07,2684.0,2888.0,2668.0,2852.89990234375,182357.0
2020-07-08,2884.5,2897.949951171875,2762.300048828125,2799.85009765625,103002.0
2020-07-09,2819.0,2839.0,2745.14990234375,2772.14990234375,82881.0
2020-07-10,2768.0,2825.0,2707.35009765625,2732.75,88996.0
2020-07-13,2765.0,2765.0,2681.199951171875,2723.25,128517.0
2020-07-14,2716.0,2716.0,2610.0,2637.25,58959.0
2020-07-15,2674.949951171875,2684.949951171875,2600.0,2606.25,82215.0
2020-07-16,2630.0,2630.0,2552.10009765625,2590.300048828125,120716.0
2020-07-17,2602.5,2648.0,2598.949951171875,2638.800048828125,24481.0
2020-07-20,2660.0,2745.0,2642.89990234375,2716.050048828125,63512.0
2020-07-21,2758.0,2787.0,2652.0,2700.39990234375,57334.0
2020-07-22,2705.0,2771.39990234375,2622.0,2660.14990234375,78711.0
2020-07-23,2665.0,2690.0,2651.199951171875,2672.050048828125,31608.0
2020-07-24,2665.0,2684.949951171875,2651.0,2674.89990234375,24151.0
2020-07-27,2689.699951171875,2695.35009765625,2666.10009765625,2682.050048828125,29928.0
2020-07-28,2688.699951171875,2744.89990234375,2680.35009765625,2721.25,61778.0
2020-07-29,2729.0,2750.0,2665.949951171875,2697.85009765625,145859.0
2020-07-30,2719.0,2719.0,2627.300048828125,2649.64990234375,48288.0
2020-07-31,2658.0,2676.0,2602.550048828125,2656.10009765625,73788.0
2020-08-03,2650.0,2650.0,2584.0,2601.449951171875,24981.0
2020-08-04,2600.0,2649.699951171875,2545.10009765625,2593.800048828125,60024.0
2020-08-05,2595.0,2664.0,2594.949951171875,2634.64990234375,32782.0
2020-08-06,2690.0,2699.0,2650.10009765625,2660.39990234375,29485.0
2020-08-07,2672.89990234375,2717.14990234375,2660.39990234375,2701.050048828125,26300.0
2020-08-10,2733.0,2762.949951171875,2700.0,2708.0,33606.0
2020-08-11,2718.0,2752.0,2714.85009765625,2725.64990234375,17508.0
2020-08-12,2739.0,2739.0,2675.14990234375,2683.10009765625,17703.0
2020-08-13,2699.35009765625,2733.60009765625,2670.550048828125,2686.85009765625,16766.0
2020-08-14,2686.89990234375,2707.39990234375,2552.300048828125,2598.85009765625,55479.0
2020-08-17,2618.949951171875,2667.25,2600.0,2612.75,30566.0
2020-08-18,2639.0,2645.0,2624.0,2629.050048828125,11573.0
2020-08-19,2640.0,2653.949951171875,2626.10009765625,2632.75,11869.0
2020-08-20,2619.0,2629.949951171875,2601.550048828125,2614.800048828125,9683.0
2020-08-21,2639.699951171875,2693.0,2625.050048828125,2648.699951171875,172465.0
2020-08-24,2680.0,2702.199951171875,2650.0,2667.39990234375,64087.0
2020-08-25,2671.75,2686.85009765625,2625.050048828125,2668.10009765625,82904.0
2020-08-26,2685.0,2799.85009765625,2672.0,2758.25,199877.0
2020-08-27,2800.0,2867.949951171875,2760.0,2851.64990234375,125650.0
2020-08-28,2880.0,2880.0,2765.0,2782.14990234375,53007.0
2020-08-31,2790.0,2815.14990234375,2660.10009765625,2678.800048828125,45523.0
2020-09-01,2661.199951171875,2727.699951171875,2633.0,2648.949951171875,37017.0
2020-09-02,2648.949951171875,2669.800048828125,2640.0,2651.39990234375,17923.0
2020-09-03,2651.5,2675.89990234375,2645.0,2648.64990234375,14692.0
2020-09-04,2638.0,2647.800048828125,2585.0,2590.5,29477.0
2020-09-07,2590.0,2630.0,2472.0,2485.050048828125,67357.0
2020-09-08,2495.0,2525.0,2436.949951171875,2456.0,69747.0
2020-09-09,2441.0,2448.75,2385.10009765625,2435.050048828125,55969.0
2020-09-10,2442.5,2505.0,2442.5,2472.050048828125,21649.0
2020-09-11,2480.0,2493.60009765625,2453.300048828125,2461.14990234375,10273.0
2020-09-14,2467.0,2498.300048828125,2456.949951171875,2470.60009765625,17060.0
2020-09-15,2470.64990234375,2517.050048828125,2460.60009765625,2499.35009765625,20256.0
2020-09-16,2509.949951171875,2532.0,2500.0,2518.199951171875,15916.0
2020-09-17,2530.0,2530.0,2476.35009765625,2486.699951171875,10281.0
2020-09-18,2496.949951171875,2620.050048828125,2480.449951171875,2587.5,78724.0
2020-09-21,2608.0,2615.0,2490.0,2516.39990234375,20393.0
2020-09-22,2480.050048828125,2509.60009765625,2392.5,2404.25,55015.0
2020-09-23,2498.39990234375,2538.0,2401.0,2494.75,25531.0
2020-09-24,2425.050048828125,2460.0,2405.050048828125,2427.10009765625,19180.0
2020-09-25,2459.949951171875,2499.0,2390.449951171875,2441.0,32098.0
2020-09-28,2467.0,2520.0,2465.050048828125,2492.60009765625,16278.0
2020-09-29,2500.0,2509.0,2410.300048828125,2434.449951171875,29069.0
2020-09-30,2434.449951171875,2446.449951171875,2401.0,2413.949951171875,15996.0
2020-10-01,2438.0,2489.0,2423.64990234375,2449.5,38863.0
2020-10-05,2471.0,2478.949951171875,2422.449951171875,2427.75,18383.0
2020-10-06,2439.0,2474.0,2439.0,2461.699951171875,21171.0
2020-10-07,2472.0,2472.0,2420.199951171875,2427.0,10798.0
2020-10-08,2431.050048828125,2452.0,2394.0,2400.550048828125,27881.0
2020-10-09,2402.050048828125,2430.0,2369.0,2398.699951171875,38741.0
2020-10-12,2424.39990234375,2424.39990234375,2375.0,2398.699951171875,55773.0
2020-10-13,2398.699951171875,2419.64990234375,2390.050048828125,2400.300048828125,126903.0
2020-10-14,2402.0,2420.0,2386.5,2405.0,106144.0
2020-10-15,2416.949951171875,2420.0,2341.39990234375,2376.60009765625,85192.0
2020-10-16,2376.60009765625,2397.699951171875,2345.0,2354.050048828125,70672.0
2020-10-19,2388.89990234375,2388.89990234375,2355.0,2363.64990234375,10034.0
2020-10-20,2364.0,2376.39990234375,2341.0,2350.0,54248.0
2020-10-21,2361.64990234375,2379.89990234375,2331.64990234375,2348.949951171875,85551.0
2020-10-22,2348.0,2350.0,2290.0,2301.800048828125,57494.0
2020-10-23,2303.050048828125,2332.0,2248.0,2261.64990234375,105479.0
2020-10-26,2270.0,2305.449951171875,2252.14990234375,2296.89990234375,33730.0
2020-10-27,2313.0,2313.0,2212.64990234375,2265.199951171875,155124.0
2020-10-28,2275.0,2307.449951171875,2244.25,2279.5,28429.0
2020-10-29,2256.800048828125,2280.89990234375,2228.35009765625,2269.10009765625,21346.0
2020-10-30,2282.0,2326.5,2282.0,2306.699951171875,36813.0
2020-11-02,2326.0,2331.60009765625,2300.0,2315.0,22179.0
2020-11-03,2332.0,2345.39990234375,2299.14990234375,2300.699951171875,19282.0
2020-11-04,2320.0,2322.25,2300.0,2303.449951171875,13198.0
2020-11-05,2327.39990234375,2377.0,2306.10009765625,2369.050048828125,35250.0
2020-11-06,2390.0,2449.0,2371.300048828125,2426.89990234375,63881.0
2020-11-09,2445.0,2463.949951171875,2411.449951171875,2445.89990234375,27786.0
2020-11-10,2447.449951171875,2538.0,2447.449951171875,2523.25,64546.0
2020-11-11,2549.0,2731.0,2540.0,2649.89990234375,219229.0
2020-11-12,2670.0,2728.699951171875,2661.0,2678.10009765625,114187.0
2020-11-13,2680.0,2715.0,2631.300048828125,2691.25,83069.0
2020-11-14,2719.0,2732.39990234375,2699.0,2707.10009765625,20783.0
2020-11-17,2715.0,2776.0,2653.0,2712.949951171875,126745.0
2020-11-18,2712.949951171875,2765.0,2690.199951171875,2750.949951171875,109959.0
2020-11-19,2770.0,2999.0,2751.0,2878.85009765625,371158.0
2020-11-20,2892.0,3026.10009765625,2853.0,3008.800048828125,210940.0
2020-11-23,3100.0,3279.0,3027.39990234375,3246.89990234375,467403.0
2020-11-24,3295.0,3348.85009765625,3075.0,3092.89990234375,398332.0
2020-11-25,3124.85009765625,3148.800048828125,2883.0,2929.14990234375,277210.0
2020-11-26,2950.0,3075.0,2940.0,3005.60009765625,187516.0
2020-11-27,3016.0,3089.0,3006.0,3063.75,120914.0
2020-12-01,3115.5,3115.5,3060.0,3094.300048828125,79083.0
2020-12-02,3094.300048828125,3144.199951171875,3070.0,3104.550048828125,105288.0
2020-12-03,3115.0,3150.0,3105.25,3142.64990234375,55733.0
2020-12-04,3164.25,3175.0,3121.0,3138.050048828125,43515.0
2020-12-07,3154.0,3199.0,3104.89990234375,3112.14990234375,69105.0
2020-12-08,3124.550048828125,3133.89990234375,3022.0,3074.89990234375,465231.0
2020-12-09,3101.75,3101.75,3056.85009765625,3069.949951171875,35053.0
2020-12-10,3060.0,3068.949951171875,3033.75,3048.75,28149.0
2020-12-11,3029.14990234375,3120.0,3025.25,3062.25,40231.0
2020-12-14,3090.0,3114.0,3050.0,3059.35009765625,46828.0
2020-12-15,3025.25,3141.449951171875,3025.25,3118.85009765625,92851.0
2020-12-16,3145.0,3170.89990234375,3105.0,3148.949951171875,58222.0
2020-12-17,3147.949951171875,3163.0,3105.0,3123.39990234375,37227.0
2020-12-18,3103.0,3129.0,3053.800048828125,3081.89990234375,37569.0
2020-12-21,3011.10009765625,3106.35009765625,3011.10009765625,3070.550048828125,117274.0
2020-12-22,3071.0,3189.0,2850.199951171875,3015.89990234375,85287.0
2020-12-23,3030.0,3087.5,3010.0,3068.39990234375,34336.0
2020-12-24,3080.050048828125,3110.949951171875,3052.050048828125,3073.050048828125,25067.0
2020-12-28,3110.0,3125.64990234375,3080.0,3092.14990234375,39148.0
2020-12-29,3147.0,3147.0,3008.89990234375,3066.300048828125,37495.0
2020-12-30,3086.449951171875,3125.0,3047.800048828125,3105.0,24651.0
2020-12-31,3119.0,3125.0,3066.89990234375,3076.550048828125,33283.0
2021-01-01,3091.699951171875,3136.85009765625,3071.199951171875,3119.14990234375,38786.0
2021-01-04,3139.949951171875,3152.5,3120.35009765625,3142.60009765625,37409.0
2021-01-05,3142.25,3142.25,3050.0,3110.85009765625,30128.0
2021-01-06,3067.0,3137.0,3067.0,3108.75,31359.0
2021-01-07,3129.949951171875,3140.0,3114.89990234375,3128.050048828125,17953.0
2021-01-08,3150.0,3150.0,3124.0,3131.300048828125,44992.0
2021-01-11,3135.0,3150.0,3124.0,3140.35009765625,28259.0
2021-01-12,3150.0,3240.0,3141.14990234375,3187.64990234375,121286.0
2021-01-13,3200.0,3239.949951171875,3181.050048828125,3201.64990234375,86799.0
2021-01-14,3220.0,3257.449951171875,3181.0,3210.14990234375,47498.0
2021-01-15,3223.0,3229.949951171875,3185.25,3201.050048828125,33029.0
2021-01-18,3207.89990234375,3207.89990234375,3120.050048828125,3181.39990234375,38525.0
2021-01-19,3176.199951171875,3250.0,3149.10009765625,3235.75,75122.0
2021-01-20,3247.949951171875,3273.75,3203.449951171875,3247.199951171875,53395.0
2021-01-21,3262.949951171875,3280.0,3200.0,3246.199951171875,182612.0
2021-01-22,3280.0,3299.60009765625,3220.050048828125,3283.449951171875,219062.0
2021-01-25,3330.0,3330.0,3264.050048828125,3300.300048828125,92348.0
2021-01-27,3290.0,3298.25,3208.0,3230.35009765625,104247.0
2021-01-28,3200.0,3238.89990234375,3186.699951171875,3230.300048828125,63416.0
2021-01-29,3245.0,3271.35009765625,3226.0,3246.60009765625,38051.0
2021-02-01,3247.0,3359.800048828125,3190.050048828125,3300.89990234375,65297.0
2021-02-02,3319.0,3449.0,3317.85009765625,3357.39990234375,56087.0
2021-02-03,3361.0,3400.949951171875,3325.0,3388.550048828125,45568.0
2021-02-04,3387.0,3430.0,3368.050048828125,3419.5,137076.0
2021-02-05,3420.0,3529.89990234375,3414.800048828125,3457.699951171875,54438.0
2021-02-08,3495.0,3568.25,3480.050048828125,3518.60009765625,51521.0
2021-02-09,3551.0,3561.0,3501.35009765625,3531.35009765625,37267.0
2021-02-10,3525.0,3559.0,3500.64990234375,3522.35009765625,28033.0
2021-02-11,3520.949951171875,3570.0,3490.0,3553.64990234375,18298.0
2021-02-12,3550.5,3590.0,3527.10009765625,3544.60009765625,38824.0
2021-02-15,3544.0,3598.5,3541.550048828125,3561.25,27831.0
2021-02-16,3561.0,3640.89990234375,3550.300048828125,3618.949951171875,29612.0
2021-02-17,3618.0,3621.5,3583.050048828125,3600.0,26436.0
2021-02-18,3600.050048828125,3608.949951171875,3552.199951171875,3584.10009765625,52328.0
2021-02-19,3584.10009765625,3645.89990234375,3510.050048828125,3611.0,32639.0
2021-02-22,3612.0,3625.550048828125,3572.449951171875,3601.050048828125,32256.0
2021-02-23,3601.0,3673.10009765625,3572.449951171875,3651.5,38894.0
2021-02-24,3651.0,3672.0,3567.10009765625,3631.89990234375,7281.0
2021-02-25,3641.0,3757.14990234375,3641.0,3718.199951171875,51595.0
2021-02-26,3600.0,3725.0,3536.60009765625,3630.199951171875,65117.0
2021-03-01,3693.300048828125,3693.300048828125,3561.0,3594.10009765625,76867.0
2021-03-02,3598.0,3695.5,3595.0,3684.14990234375,23336.0
2021-03-03,3704.0,3724.85009765625,3650.0,3664.449951171875,104592.0
2021-03-04,3620.0,3676.60009765625,3611.25,3639.550048828125,24759.0
2021-03-05,3640.0,3664.0,3557.60009765625,3591.35009765625,38966.0
2021-03-08,3591.35009765625,3614.89990234375,3560.10009765625,3588.60009765625,19338.0
2021-03-09,3589.0,3625.0,3588.60009765625,3615.85009765625,18152.0
2021-03-10,3647.800048828125,3647.800048828125,3580.050048828125,3596.449951171875,59027.0
2021-03-12,3647.25,3647.25,3590.0,3618.5,39406.0
2021-03-15,3620.0,3620.0,3473.800048828125,3490.25,35658.0
2021-03-16,3500.050048828125,3588.0,3480.699951171875,3502.85009765625,26082.0
2021-03-17,3520.39990234375,3529.0,3441.949951171875,3475.800048828125,19722.0
2021-03-18,3475.75,3639.0,3431.300048828125,3537.75,51932.0
2021-03-19,3538.0,3607.0,3360.0,3429.0,87375.0
2021-03-22,3427.800048828125,3455.0,3366.14990234375,3428.300048828125,20010.0
2021-03-23,3439.949951171875,3484.0,3402.300048828125,3449.75,20261.0
2021-03-24,3449.75,3450.35009765625,3404.14990234375,3427.60009765625,13357.0
2021-03-25,3410.0,3425.300048828125,3201.0,3254.300048828125,48418.0
2021-03-26,3255.0,3300.0,3208.64990234375,3285.550048828125,38892.0
2021-03-30,3300.0,3367.25,3141.0,3197.199951171875,145669.0
2021-03-31,3197.199951171875,3308.89990234375,3197.199951171875,3293.050048828125,57510.0
2021-04-01,3310.0,3380.0,3277.35009765625,3338.699951171875,24520.0
2021-04-05,3379.0,3379.0,3275.0,3291.0,61876.0
2021-04-06,3242.0,3350.0,3242.0,3322.5,48446.0
2021-04-07,3326.0,3385.0,3322.5,3355.449951171875,28261.0
2021-04-08,3355.0,3398.89990234375,3355.0,3388.0,52635.0
2021-04-09,3390.0,3417.300048828125,3351.949951171875,3409.449951171875,39804.0
2021-04-12,3325.0,3366.85009765625,3225.14990234375,3279.949951171875,38914.0
2021-04-13,3264.050048828125,3415.949951171875,3250.10009765625,3331.0,25103.0
2021-04-15,3315.050048828125,3360.0,3270.0,3341.10009765625,13012.0
2021-04-16,3281.5,3400.0,3281.5,3378.25,35668.0
2021-04-19,3290.0,3350.0,3230.0,3334.60009765625,20006.0
2021-04-20,3282.39990234375,3398.699951171875,3282.39990234375,3377.699951171875,21140.0
2021-04-22,3362.0,3395.550048828125,3310.0,3388.449951171875,14684.0
2021-04-23,3330.10009765625,3440.14990234375,3330.10009765625,3410.60009765625,19975.0
2021-04-26,3420.0,3430.0,3394.050048828125,3422.949951171875,16429.0
2021-04-27,3439.800048828125,3439.949951171875,3375.0,3392.64990234375,17091.0
2021-04-28,3410.5,3500.0,3410.5,3457.89990234375,30801.0
2021-04-29,3513.0,3663.0,3460.60009765625,3510.800048828125,145361.0
2021-04-30,3600.0,3649.0,3410.0,3421.199951171875,80888.0
2021-05-03,3430.0,3468.0,3341.35009765625,3429.14990234375,32657.0
2021-05-04,3438.0,3485.0,3406.25,3457.85009765625,20952.0
2021-05-05,3457.050048828125,3499.0,3410.199951171875,3432.300048828125,16385.0
2021-05-06,3432.300048828125,3458.64990234375,3417.35009765625,3442.14990234375,14830.0
2021-05-07,3451.949951171875,3558.050048828125,3450.0,3524.699951171875,35605.0
2021-05-10,3535.0,3552.300048828125,3482.35009765625,3524.449951171875,22421.0
2021-05-11,3515.0,3557.0,3476.60009765625,3513.60009765625,35979.0
2021-05-12,3529.949951171875,3550.0,3475.0,3548.60009765625,90657.0
2021-05-14,3550.0,3550.0,3435.0,3504.199951171875,44997.0
2021-05-17,3510.0,3570.0,3491.0,3556.85009765625,20657.0
2021-05-18,3585.0,3620.0,3563.35009765625,3599.949951171875,52314.0
2021-05-19,3598.949951171875,3677.0,3572.050048828125,3647.64990234375,63361.0
2021-05-20,3655.0,3665.0,3600.0,3622.85009765625,13371.0
2021-05-21,3625.0,3660.75,3564.0,3588.25,19259.0
2021-05-24,3588.0,3637.25,3545.0,3556.449951171875,46638.0
2021-05-25,3556.449951171875,3586.14990234375,3540.0,3560.10009765625,130069.0
2021-05-26,3578.800048828125,3598.0,3548.949951171875,3568.64990234375,34837.0
2021-05-27,3588.0,3623.60009765625,3571.199951171875,3591.10009765625,12229.0
2021-05-28,3591.0,3618.35009765625,3502.0,3513.14990234375,39430.0
2021-05-31,3548.0,3560.0,3525.0,3550.449951171875,133830.0
2021-06-01,3574.0,3584.800048828125,3457.0,3505.89990234375,77518.0
2021-06-02,3511.050048828125,3536.550048828125,3490.0,3503.75,40415.0
2021-06-03,3528.0,3535.89990234375,3501.0,3528.64990234375,19084.0
2021-06-04,3530.050048828125,3544.699951171875,3517.449951171875,3527.35009765625,69042.0
2021-06-07,3540.0,3544.949951171875,3479.550048828125,3486.0,80677.0
2021-06-08,3500.0,3521.800048828125,3481.0,3491.300048828125,23714.0
2021-06-09,3510.0,3510.0,3455.0,3482.449951171875,28033.0
2021-06-10,3494.050048828125,3541.0,3494.050048828125,3520.5,33024.0
2021-06-11,3531.0,3568.85009765625,3502.60009765625,3525.800048828125,66008.0
2021-06-14,3525.0,3525.300048828125,3477.949951171875,3498.5,28252.0
2021-06-15,3498.5,3548.0,3490.050048828125,3534.199951171875,94902.0
2021-06-16,3545.0,3575.0,3521.199951171875,3544.449951171875,24015.0
2021-06-17,3544.449951171875,3555.449951171875,3501.0,3523.449951171875,19861.0
2021-06-18,3534.949951171875,3540.5,3466.699951171875,3520.60009765625,72089.0
2021-06-21,3451.0,3515.0,3451.0,3507.64990234375,13843.0
2021-06-22,3510.050048828125,3594.0,3510.050048828125,3545.050048828125,70824.0
2021-06-23,3546.75,3694.949951171875,3546.75,3600.39990234375,116052.0
2021-06-24,3661.0,3661.0,3600.0,3616.14990234375,27149.0
2021-06-25,3623.60009765625,3690.0,3611.199951171875,3656.39990234375,21621.0
2021-06-28,3680.0,3685.10009765625,3632.5,3669.800048828125,12730.0
2021-06-29,3664.0,3665.85009765625,3553.800048828125,3581.550048828125,44642.0
2021-06-30,3597.949951171875,3628.0,3591.0,3614.25,12985.0
2021-07-01,3586.0,3648.89990234375,3586.0,3617.75,13824.0
2021-07-02,3610.0,3729.0,3610.0,3677.0,70307.0
2021-07-05,3700.0,3779.449951171875,3676.0,3750.75,41327.0
2021-07-06,3777.0,3886.89990234375,3725.64990234375,3862.14990234375,73242.0
2021-07-07,3827.050048828125,3847.949951171875,3755.10009765625,3785.60009765625,26557.0
2021-07-08,3760.0,3785.89990234375,3760.0,3774.10009765625,13057.0
2021-07-09,3796.0,3796.0,3754.0,3765.050048828125,27232.0
2021-07-12,3777.0,3870.0,3766.300048828125,3830.35009765625,40082.0
2021-07-13,3850.0,3938.0,3840.0,3895.5,53330.0
2021-07-14,3904.949951171875,3925.0,3847.0,3898.550048828125,71148.0
2021-07-15,3918.949951171875,3918.949951171875,3870.0,3889.60009765625,12851.0
2021-07-16,3889.60009765625,4018.449951171875,3870.60009765625,3981.300048828125,106907.0
2021-07-19,3975.0,4060.0,3899.949951171875,3915.60009765625,42148.0
2021-07-20,3939.10009765625,3939.10009765625,3785.75,3816.25,27070.0
2021-07-22,3822.0,3949.14990234375,3817.050048828125,3866.39990234375,32070.0
2021-07-23,3945.0,3995.85009765625,3755.050048828125,3837.550048828125,89977.0
2021-07-26,3875.800048828125,3889.0,3826.25,3881.89990234375,18202.0
2021-07-27,3882.0,3917.949951171875,3865.39990234375,3903.300048828125,23628.0
2021-07-28,3906.949951171875,3926.800048828125,3840.39990234375,3894.0,48520.0
2021-07-29,3900.10009765625,4012.0,3875.75,3996.35009765625,27374.0
2021-07-30,4000.0,4033.89990234375,3964.25,4023.050048828125,21622.0
2021-08-02,4025.0,4080.0,3966.550048828125,3992.10009765625,34942.0
2021-08-03,3993.0,4018.85009765625,3980.0,3998.050048828125,31031.0
2021-08-04,4009.949951171875,4017.699951171875,3930.0,3954.800048828125,33234.0
2021-08-05,3955.0,3994.0,3890.050048828125,3953.14990234375,13009.0
2021-08-06,3995.89990234375,4015.89990234375,3954.10009765625,4000.699951171875,54754.0
2021-08-09,4010.0,4015.0,3940.0,4001.550048828125,54151.0
2021-08-10,4020.0,4020.0,3980.0,4000.10009765625,93155.0
2021-08-11,4000.050048828125,4019.949951171875,3918.050048828125,4000.39990234375,45823.0
2021-08-12,3999.0,4080.0,3959.14990234375,4036.60009765625,29005.0
2021-08-13,4044.949951171875,4230.0,4012.5,4197.5,91001.0
2021-08-16,4225.0,4235.0,4084.0,4104.0,70865.0
2021-08-17,4108.0498046875,4174.9501953125,4073.800048828125,4152.0498046875,37269.0
2021-08-18,4165.0,4189.9501953125,4111.64990234375,4173.75,48805.0
2021-08-20,4125.10009765625,4165.0,4086.699951171875,4150.10009765625,48299.0
2021-08-23,4144.0,4167.39990234375,4081.0,4121.5,71845.0
2021-08-24,4120.0,4184.9501953125,4051.0,4119.10009765625,89292.0
2021-08-25,4130.0,4264.2998046875,4130.0,4167.0498046875,149684.0
2021-08-26,4196.85009765625,4196.85009765625,4077.5,4142.2001953125,36317.0
2021-08-27,4169.7998046875,4200.0,4130.0,4194.9501953125,21280.0
2021-08-30,4233.0,4299.0,4210.0498046875,4239.2998046875,39517.0
2021-08-31,4240.0,4397.0,4216.60009765625,4356.75,47450.0
2021-09-01,4355.0,4395.60009765625,4285.0,4337.25,20847.0
2021-09-02,4360.10009765625,4388.35009765625,4251.0498046875,4285.10009765625,18049.0
2021-09-03,4295.0,4395.7998046875,4270.0498046875,4353.4501953125,24930.0
2021-09-06,4394.9501953125,4394.9501953125,4241.14990234375,4249.25,43258.0
2021-09-07,4248.0,4298.0,4231.25,4275.0498046875,30716.0
2021-09-08,4275.0,4365.0,4239.0,4322.35009765625,30546.0
2021-09-09,4285.0,4339.35009765625,4269.25,4284.35009765625,10653.0
2021-09-13,4296.0,4309.85009765625,4251.35009765625,4281.39990234375,10999.0
2021-09-14,4329.9501953125,4329.9501953125,4258.85009765625,4282.2001953125,10442.0
2021-09-15,4348.0,4348.0,4272.75,4303.60009765625,42277.0
2021-09-16,4308.0,4345.2998046875,4298.9501953125,4319.25,21353.0
2021-09-17,4347.9501953125,4923.89990234375,4285.0,4398.85009765625,845305.0
2021-09-20,4450.0,4800.0,4405.0,4482.89990234375,413440.0
2021-09-21,4546.85009765625,4739.9501953125,4411.85009765625,4681.85009765625,343062.0
2021-09-22,4730.5,4799.0,4648.0,4719.2001953125,144092.0
2021-09-23,4760.0,4981.25,4706.5,4952.0,233872.0
2021-09-24,4995.0,5012.4501953125,4850.0,4890.64990234375,71950.0
2021-09-27,4979.0,5100.0,4918.75,4993.10009765625,181379.0
2021-09-28,4950.0,4954.0498046875,4780.0,4798.89990234375,105439.0
2021-09-29,4802.0,4816.39990234375,4650.0,4712.5498046875,79366.0
2021-09-30,4754.0,4841.89990234375,4725.0,4808.60009765625,62195.0
2021-10-01,4784.2001953125,4899.9501953125,4710.0,4737.39990234375,74284.0
2021-10-04,4787.89990234375,4949.0,4762.7001953125,4915.39990234375,85737.0
2021-10-05,4950.0,4950.0,4801.0,4836.60009765625,44484.0
2021-10-06,4873.4501953125,4888.0,4750.0,4767.9501953125,72861.0
2021-10-07,4812.0,4838.0,4720.0,4741.0,22876.0
2021-10-08,4792.9501953125,4792.9501953125,4700.0,4716.60009765625,21606.0
2021-10-11,4709.10009765625,4780.0,4672.10009765625,4700.75,29110.0
2021-10-12,4700.0,4789.14990234375,4683.0,4747.7001953125,36062.0
2021-10-13,4790.0,4794.0,4710.0,4732.10009765625,22211.0
2021-10-14,4755.4501953125,4808.0,4716.7001953125,4745.64990234375,27294.0
2021-10-18,4784.9501953125,4796.60009765625,4716.5,4773.2998046875,29219.0
2021-10-19,4807.9501953125,4915.5,4747.5498046875,4805.60009765625,60765.0
2021-10-20,4810.0,4888.0,4686.64990234375,4783.7998046875,21788.0
2021-10-21,4785.0,4824.2001953125,4702.5498046875,4733.14990234375,20080.0
2021-10-22,4735.0,4799.75,4691.39990234375,4747.39990234375,48576.0
2021-10-25,4748.10009765625,4784.7998046875,4654.60009765625,4735.4501953125,39884.0
2021-10-26,4735.5498046875,4778.0,4703.10009765625,4725.5,10372.0
2021-10-27,4749.9501953125,4950.0,4725.60009765625,4783.35009765625,33423.0
2021-10-28,4770.0,4785.0,4730.0,4771.85009765625,16493.0
2021-10-29,4850.0,5090.0,4731.0,4829.7001953125,165706.0
2021-11-01,4855.0,4882.4501953125,4734.0,4763.75,53708.0
2021-11-02,4784.0,4877.0,4762.35009765625,4866.9501953125,22436.0
2021-11-03,4889.0,4980.0,4817.7998046875,4925.7998046875,37958.0
2021-11-04,4945.0,4970.0,4931.85009765625,4957.75,6691.0
2021-11-08,4950.10009765625,5067.75,4914.0498046875,5021.39990234375,48440.0
2021-11-09,5000.10009765625,5090.0,4980.0,5018.7001953125,28775.0
2021-11-10,4968.5,5090.0,4968.5,5073.0,28976.0
2021-11-11,5026.0,5160.0,4872.35009765625,4911.60009765625,48312.0
2021-11-12,4975.0,4992.0498046875,4890.10009765625,4984.2998046875,27712.0
2021-11-15,5033.64990234375,5055.0,4839.64990234375,4894.2998046875,31587.0
2021-11-16,4900.0,4971.0,4869.89990234375,4897.5,14196.0
2021-11-17,4897.5,4983.9501953125,4897.5,4929.7001953125,13178.0
2021-11-18,4929.7001953125,4967.4501953125,4805.0,4890.14990234375,11522.0
2021-11-22,4900.0,4931.0,4850.0,4872.10009765625,69813.0
2021-11-23,4872.10009765625,5023.64990234375,4789.60009765625,4974.35009765625,24505.0
2021-11-24,5011.7001953125,5011.7001953125,4900.0,4910.9501953125,18142.0
2021-11-25,4825.39990234375,4974.0,4825.39990234375,4935.5498046875,13121.0
2021-11-26,4970.0,5099.0,4890.2998046875,5036.7001953125,111567.0
2021-11-29,5036.7001953125,5084.7001953125,4890.0,4940.35009765625,152223.0
2021-11-30,4966.39990234375,5080.0,4966.39990234375,5037.7998046875,26991.0
2021-12-01,5061.0,5214.89990234375,4980.0,5186.4501953125,74613.0
2021-12-02,5220.0,5394.89990234375,5188.0,5347.0,178403.0
2021-12-03,5347.0,5470.0,5347.0,5423.7001953125,89750.0
2021-12-06,5481.0,5526.60009765625,5163.75,5253.25,120745.0
2021-12-07,5294.0,5410.0,5222.9501953125,5393.2001953125,60742.0
2021-12-08,5407.0498046875,5549.0,5407.0498046875,5503.4501953125,74031.0
2021-12-09,5549.0,5564.75,5433.75,5467.85009765625,32267.0
2021-12-10,5400.0,5660.0,5400.0,5578.14990234375,47629.0
2021-12-13,5660.39990234375,5660.39990234375,5476.0,5515.60009765625,40832.0
2021-12-14,5509.0,5557.7001953125,5441.64990234375,5487.89990234375,23287.0
2021-12-15,5516.0,5558.0,5445.0,5478.14990234375,47380.0
2021-12-16,5539.0,5540.89990234375,5108.0498046875,5137.5,129861.0
2021-12-17,5164.0,5198.75,5006.14990234375,5036.39990234375,119799.0
2021-12-20,4964.85009765625,5031.89990234375,4890.0,4991.85009765625,117829.0
2021-12-21,5031.0,5080.0,4971.39990234375,5060.10009765625,214270.0
2021-12-22,5064.0,5220.0,5064.0,5184.2998046875,25735.0
2021-12-23,5222.0,5280.89990234375,5055.0498046875,5084.39990234375,63676.0
2021-12-24,5124.89990234375,5140.0,5006.14990234375,5021.64990234375,58359.0
2021-12-27,5033.7998046875,5128.4501953125,4961.7001953125,5083.2001953125,38067.0
2021-12-28,5132.0,5140.0,5068.85009765625,5091.14990234375,30905.0
2021-12-29,5091.14990234375,5125.60009765625,5020.0,5032.5498046875,22220.0
2021-12-30,5053.9501953125,5183.89990234375,5040.39990234375,5158.9501953125,29684.0
2021-12-31,5149.0,5590.0,5139.7998046875,5432.0498046875,49641.0
2022-01-03,5432.0,5439.60009765625,5242.64990234375,5349.85009765625,39246.0
2022-01-04,5374.0,5420.0,5198.4501953125,5293.25,34151.0
2022-01-05,5289.89990234375,5405.0,5280.0498046875,5363.75,35681.0
2022-01-06,5355.0,5355.0,5220.0,5245.60009765625,29361.0
2022-01-07,5250.0,5295.0,5139.85009765625,5173.7001953125,41061.0
2022-01-10,5224.39990234375,5249.0,5175.0,5208.2001953125,26925.0
2022-01-11,5200.0498046875,5256.35009765625,5180.60009765625,5221.7998046875,23559.0
2022-01-12,5258.0,5340.0,5250.0,5320.0498046875,20239.0
2022-01-13,5360.0,5370.0,5296.25,5353.0,11714.0
2022-01-14,5355.0,5449.0,5310.0498046875,5431.14990234375,19882.0
2022-01-17,5479.4501953125,5518.0,5435.0,5496.0498046875,24577.0
2022-01-18,5518.0,5587.0,5441.2998046875,5468.14990234375,34526.0
2022-01-19,5499.5,5550.0,5388.0,5437.0498046875,20601.0
2022-01-20,5465.7001953125,5518.89990234375,5450.0,5492.14990234375,17758.0
2022-01-21,5250.0,5450.0,5250.0,5350.14990234375,56300.0
2022-01-24,5381.25,5418.39990234375,5000.0,5078.2001953125,44253.0
2022-01-25,5100.0,5235.0,5100.0,5147.5498046875,65173.0
2022-01-27,5148.4501953125,5203.25,5100.0,5112.10009765625,272837.0
2022-01-28,5121.0,5170.7998046875,5079.75,5119.25,33312.0
2022-01-31,5170.0,5170.5,5130.0,5160.35009765625,16286.0
2022-02-01,5200.0,5275.5498046875,5165.10009765625,5224.4501953125,25069.0
2022-02-02,5250.0,5269.89990234375,5235.60009765625,5259.75,9074.0
2022-02-03,5279.9501953125,5290.0,5175.14990234375,5234.10009765625,15893.0
2022-02-04,5289.9501953125,5289.9501953125,5128.5,5164.39990234375,10385.0
2022-02-07,5244.9501953125,5268.39990234375,5088.7998046875,5102.25,21856.0
2022-02-08,5129.10009765625,5198.5498046875,5084.0498046875,5173.14990234375,15655.0
2022-02-09,5189.9501953125,5247.5498046875,5135.0498046875,5213.4501953125,10440.0
2022-02-10,5220.0,5258.4501953125,5158.0,5215.35009765625,18628.0
2022-02-11,5167.89990234375,5242.0,5136.64990234375,5193.2998046875,15389.0
2022-02-14,5051.0,5197.4501953125,5051.0,5147.75,21650.0
2022-02-15,5190.0,5193.89990234375,5100.0,5178.35009765625,13425.0
2022-02-16,5178.35009765625,5345.0,5178.35009765625,5315.2001953125,72640.0
2022-02-17,5354.9501953125,5366.0,5285.2001953125,5361.2001953125,16225.0
2022-02-18,5306.10009765625,5380.0,5190.0,5363.2998046875,18341.0
2022-02-21,5265.0,5377.0,5211.2001953125,5352.89990234375,21214.0
2022-02-22,5200.0,5265.7001953125,5151.2001953125,5198.7001953125,20940.0
2022-02-23,5249.0,5279.9501953125,5182.0,5227.64990234375,25473.0
2022-02-24,5150.0,5150.0,5045.5498046875,5104.35009765625,26601.0
2022-02-25,5122.0,5239.9501953125,5120.0498046875,5203.5,16728.0
2022-02-28,5158.0,5224.89990234375,5140.0,5202.39990234375,14750.0
2022-03-02,5155.10009765625,5239.64990234375,5081.64990234375,5101.7001953125,80782.0
2022-03-03,5160.0,5160.0,5050.2001953125,5086.25,57717.0
2022-03-04,5100.0,5147.89990234375,4905.0,4931.64990234375,19523.0
2022-03-07,4870.0,5009.4501953125,4752.0498046875,4846.7998046875,43534.0
2022-03-08,4801.0,4989.0,4780.0,4932.0,110628.0
2022-03-09,4958.0,5100.0,4892.5498046875,4991.75,103423.0
2022-03-10,5250.0,5250.0,4981.85009765625,5003.2001953125,27643.0
2022-03-11,4922.0,5050.7998046875,4879.10009765625,4916.5498046875,88030.0
2022-03-14,4920.0,5015.85009765625,4920.0,4999.2998046875,64027.0
2022-03-15,4993.9501953125,5006.0,4875.0,4958.14990234375,19392.0
2022-03-16,5050.0,5090.9501953125,5000.5,5068.64990234375,19443.0
2022-03-17,5062.0,5100.0,4987.10009765625,5008.7001953125,56609.0
2022-03-21,5034.0,5041.5498046875,4993.9501953125,5008.39990234375,15955.0
2022-03-22,5033.7001953125,5036.64990234375,4986.0498046875,5012.60009765625,37330.0
2022-03-23,5037.0,5100.0,4980.85009765625,5046.2001953125,19796.0
2022-03-24,5041.0,5084.14990234375,5013.25,5057.64990234375,321942.0
2022-03-25,5086.0,5136.7998046875,4976.14990234375,4999.14990234375,118798.0
2022-03-28,5038.0,5059.64990234375,4980.0,5023.89990234375,15346.0
2022-03-29,5035.0,5120.0,5010.0,5047.60009765625,39505.0
2022-03-30,5100.0,5162.14990234375,4887.89990234375,4979.0498046875,82933.0
2022-03-31,5035.0,5244.9501953125,4982.10009765625,5011.0498046875,218364.0
2022-04-01,5030.0,5480.0,5030.0,5398.85009765625,329467.0
2022-04-04,5425.0,6178.5498046875,5350.0,5828.4501953125,331277.0
2022-04-05,6010.4501953125,6598.0,5951.0,6143.39990234375,793218.0
2022-04-06,6199.7001953125,6299.0,6020.0498046875,6219.5498046875,346252.0
2022-04-07,6200.0,6342.7998046875,6142.0,6242.9501953125,165158.0
2022-04-08,6180.0,6310.0,6165.0,6215.0498046875,71401.0
2022-04-11,6200.0,6275.0,6101.0,6150.39990234375,58525.0
2022-04-12,6155.0,6155.0498046875,5621.2998046875,5698.7998046875,284685.0
2022-04-13,5780.5,5894.0,5466.0,5517.0498046875,175474.0
2022-04-18,5490.39990234375,5497.89990234375,5175.0,5204.39990234375,148805.0
2022-04-19,5279.0,5377.0,5108.5,5191.2998046875,208772.0
2022-04-20,5225.0,5295.14990234375,5123.14990234375,5257.10009765625,108941.0
2022-04-21,5265.0,5414.35009765625,5216.85009765625,5343.7998046875,103502.0
2022-04-22,5324.0,5380.0,5229.5,5294.2998046875,38889.0
2022-04-25,5240.0,5434.10009765625,5166.7998046875,5337.14990234375,111511.0
2022-04-26,5384.9501953125,5499.0,5357.4501953125,5471.7001953125,46172.0
2022-04-27,5381.0,5439.9501953125,5312.0498046875,5368.14990234375,32665.0
2022-04-28,5435.0,5570.0,5385.7001953125,5518.60009765625,71126.0
2022-04-29,5542.0,5614.85009765625,5118.0,5169.4501953125,107854.0
2022-05-02,5170.0,5370.0,5165.0,5325.39990234375,135333.0
2022-05-04,5350.0,5450.0,5196.4501953125,5263.89990234375,58554.0
2022-05-05,5290.75,5360.0,5043.4501953125,5084.64990234375,162684.0
2022-05-06,5029.0,5053.0498046875,4901.0,5020.25,47197.0
2022-05-09,4995.0,5099.89990234375,4955.14990234375,5006.64990234375,40070.0
2022-05-10,5019.0,5093.85009765625,4995.0,5003.35009765625,21680.0
2022-05-11,5003.35009765625,5259.0,4760.0,5110.39990234375,74429.0
2022-05-12,5003.0,5050.89990234375,4797.0498046875,4858.2998046875,78105.0
2022-05-13,4928.0,4980.4501953125,4869.89990234375,4940.0,32276.0
2022-05-16,4950.0,5033.14990234375,4880.0,4907.39990234375,23795.0
2022-05-17,4950.0,4998.0,4901.0,4950.89990234375,22783.0
2022-05-18,4950.89990234375,5050.0,4865.2998046875,4902.10009765625,54962.0
2022-05-19,4850.0,4872.0498046875,4782.0,4810.25,31247.0
2022-05-20,4894.0,4948.0,4848.0,4922.7998046875,26994.0
2022-05-23,4929.85009765625,4980.0,4850.0,4922.89990234375,24898.0
2022-05-24,4925.25,4998.7001953125,4875.0,4931.4501953125,19749.0
2022-05-25,4935.10009765625,4974.85009765625,4875.0,4895.64990234375,15410.0
2022-05-26,4930.7998046875,4950.0,4865.0,4904.2001953125,31101.0
2022-05-27,4945.39990234375,5060.0,4919.0498046875,5010.64990234375,22598.0
2022-05-30,5055.0,5076.89990234375,4990.0,5037.35009765625,16026.0
2022-05-31,5088.0,5200.0,5063.89990234375,5113.60009765625,51982.0
2022-06-01,5151.0,5175.0,5018.0,5051.14990234375,13959.0
2022-06-02,5050.0,5054.64990234375,5000.10009765625,5026.10009765625,6514.0
2022-06-03,5091.10009765625,5100.0,4971.14990234375,4993.4501953125,8014.0
2022-06-06,4995.10009765625,5099.0,4960.0,5019.64990234375,19018.0
2022-06-07,5000.0,5010.0,4932.10009765625,4979.85009765625,84372.0
2022-06-08,4979.89990234375,4995.25,4903.0,4938.5498046875,25144.0
2022-06-09,4938.5498046875,4965.0,4905.7001953125,4947.0,6669.0
2022-06-10,4988.0,5034.0,4941.75,5001.9501953125,34808.0
2022-06-13,4978.9501953125,4978.9501953125,4800.0,4927.89990234375,13298.0
2022-06-14,4951.0,5009.7998046875,4891.25,4912.39990234375,210550.0
2022-06-15,4939.9501953125,5069.14990234375,4912.5,4966.0,25626.0
2022-06-16,4940.0,5011.14990234375,4751.10009765625,4775.64990234375,32071.0
2022-06-17,4775.64990234375,4784.4501953125,4445.0,4471.7001953125,90589.0
2022-06-20,4471.7001953125,4545.0,4294.0498046875,4495.7998046875,42222.0
2022-06-21,4496.0,4718.89990234375,4495.89990234375,4596.0498046875,49258.0
2022-06-22,4596.0,4622.35009765625,4465.60009765625,4487.0,30000.0
2022-06-23,4515.0,4574.0,4442.0,4488.2001953125,30775.0
2022-06-24,4525.0,4671.0,4525.0,4658.7001953125,32210.0
2022-06-27,4691.0,4787.9501953125,4690.5,4758.0498046875,17701.0
2022-06-28,4760.0,4767.25,4609.0498046875,4644.7001953125,12779.0
2022-06-29,4637.0,4949.0,4455.0,4533.5,60047.0
2022-06-30,4620.0,4862.0,4502.2001953125,4585.2001953125,243411.0
2022-07-01,4534.89990234375,4655.0,4511.0,4569.2998046875,59937.0
2022-07-04,4595.9501953125,4660.0,4555.5498046875,4581.35009765625,23205.0
2022-07-05,4599.7998046875,4750.0,4585.0498046875,4705.4501953125,38128.0
2022-07-06,4725.0,4800.0,4701.5,4783.85009765625,23909.0
2022-07-07,4838.0,4860.0,4788.0,4853.4501953125,15189.0
2022-07-08,4862.0,4885.5498046875,4809.0,4835.5,9693.0
2022-07-11,4835.5,4931.0,4812.9501953125,4904.60009765625,20528.0
2022-07-12,4898.0,4998.0,4781.2998046875,4942.5498046875,25105.0
2022-07-13,4928.0,4965.5498046875,4780.0,4800.35009765625,18786.0
2022-07-14,4830.25,4830.25,4722.5498046875,4746.2998046875,53742.0
2022-07-15,4755.39990234375,4804.85009765625,4726.0,4753.4501953125,9648.0
2022-07-18,4770.0,4789.75,4721.35009765625,4765.35009765625,29427.0
2022-07-19,4789.0,4814.0,4741.0,4769.9501953125,34259.0
2022-07-20,4802.0498046875,4856.39990234375,4776.10009765625,4805.7001953125,114277.0
2022-07-21,4831.0,4865.0,4775.0,4806.60009765625,96239.0
2022-07-22,4844.0,4873.89990234375,4802.0,4825.75,13216.0
2022-07-25,4841.9501953125,4888.0,4825.0,4857.0498046875,16772.0
2022-07-26,4870.0,5055.0,4853.0,4881.9501953125,155554.0
2022-07-27,4878.0,4922.0,4825.14990234375,4892.14990234375,15073.0
2022-07-28,4910.0,5245.0,4910.0,5187.5,244613.0
2022-07-29,5299.75,5469.7001953125,5132.2001953125,5204.89990234375,181921.0
2022-08-01,5205.0,5271.0,5100.0,5256.14990234375,68298.0
2022-08-02,5298.0,5336.4501953125,5185.0,5304.2998046875,60851.0
2022-08-03,5305.0,5318.0,5242.4501953125,5280.85009765625,26182.0
2022-08-04,5285.0,5370.0,5285.0,5344.89990234375,47523.0
2022-08-05,5341.0,5390.89990234375,5131.0498046875,5257.7001953125,91652.0
2022-08-08,5295.0,5403.7001953125,5295.0,5318.39990234375,40684.0
2022-08-10,5370.64990234375,5370.64990234375,5290.5498046875,5363.0498046875,29517.0
2022-08-11,5363.0,5400.0,5308.5498046875,5330.7998046875,23126.0
2022-08-12,5349.0,5349.0,5301.39990234375,5314.85009765625,12330.0
2022-08-16,5349.0,5360.9501953125,5313.0498046875,5336.25,13589.0
2022-08-17,5340.0,5449.0,5326.25,5431.64990234375,53154.0
2022-08-18,5457.7998046875,5700.0,5454.85009765625,5531.0,305032.0
2022-08-19,5531.0,5594.4501953125,5383.35009765625,5500.75,76121.0
2022-08-22,5450.25,5468.39990234375,5355.0,5399.89990234375,39260.0
2022-08-23,5365.0,5440.0,5276.9501953125,5378.4501953125,50845.0
2022-08-24,5360.0,5445.0,5360.0,5404.89990234375,28656.0
2022-08-25,5450.0,5474.85009765625,5390.0,5406.7998046875,29322.0
2022-08-26,5469.9501953125,5473.0,5401.0,5413.25,15064.0
2022-08-29,5370.0,5437.85009765625,5301.0,5392.7998046875,32418.0
2022-08-30,5460.0,5538.60009765625,5411.64990234375,5465.2998046875,27211.0
2022-09-01,5450.0,5799.0,5415.0,5733.4501953125,109981.0
2022-09-02,5788.0,5840.0,5615.64990234375,5649.9501953125,58881.0
2022-09-05,5621.0,5736.75,5581.0,5672.75,47972.0
2022-09-06,5715.0,5840.0,5672.75,5819.9501953125,75888.0
2022-09-07,5760.0,5840.14990234375,5753.9501953125,5777.10009765625,37033.0
2022-09-08,5830.0,6690.0,5767.0,6373.25,351890.0
2022-09-09,6550.0,6829.0,6526.14990234375,6660.64990234375,556651.0
2022-09-12,6660.64990234375,6793.35009765625,6555.0,6631.75,184014.0
2022-09-13,6632.0,6700.2998046875,6561.0,6620.7001953125,140551.0
2022-09-14,6620.0,7300.0,6583.5498046875,7144.35009765625,527635.0
2022-09-15,7240.0,7378.4501953125,6821.0498046875,7110.60009765625,428038.0
2022-09-16,7090.0,7090.0,6675.0,6763.7998046875,267398.0
2022-09-19,6831.0,6960.0,6768.25,6881.0498046875,135196.0
2022-09-20,6960.0,7039.89990234375,6834.85009765625,6964.7001953125,107295.0
2022-09-21,6980.0,6980.0,6870.0,6941.10009765625,73566.0
2022-09-22,6840.0,6990.0,6819.25,6901.89990234375,113935.0
2022-09-23,6937.0,6970.0,6810.0498046875,6848.5,78763.0
2022-09-26,6799.9501953125,6839.0,6655.0,6760.85009765625,82758.0
2022-09-27,6699.39990234375,6749.5,6510.0,6641.0,106340.0
2022-09-28,6641.0,6737.25,6550.0,6637.0,89861.0
2022-09-29,6676.7998046875,6736.14990234375,6140.0,6302.4501953125,149105.0
2022-09-30,6341.60009765625,6596.0,6181.14990234375,6390.75,149659.0
2022-10-03,6433.5,6623.9501953125,6410.85009765625,6507.25,111747.0
2022-10-04,6585.0,6611.0,6482.10009765625,6537.0498046875,67349.0
2022-10-06,6569.75,6652.85009765625,6465.60009765625,6607.0,109654.0
2022-10-07,6640.0,6820.0,6582.0498046875,6787.4501953125,223486.0
2022-10-10,6701.0,6768.0,6675.0,6717.35009765625,77722.0
2022-10-11,6717.35009765625,6743.0498046875,6622.4501953125,6669.85009765625,75812.0
2022-10-12,6659.60009765625,6759.5498046875,6610.89990234375,6662.64990234375,89427.0
2022-10-13,6684.0,6690.0,6607.0,6651.85009765625,87441.0
2022-10-14,6690.0,6752.60009765625,6560.0,6595.89990234375,80964.0
2022-10-17,6595.89990234375,6685.0,6571.5498046875,6611.64990234375,83643.0
2022-10-18,6625.0,6750.0,6625.0,6720.60009765625,87337.0
2022-10-19,6734.0,6850.0,6700.0,6734.0,112558.0
2022-10-20,6734.0,6734.0,6448.0498046875,6467.4501953125,126057.0
2022-10-21,6500.0,6548.9501953125,6301.0,6433.2001953125,114485.0
2022-10-24,6433.2001953125,6499.25,6433.14990234375,6470.75,3020.0
2022-10-25,6502.0,6575.0,6420.14990234375,6497.4501953125,128602.0
2022-10-27,6578.0,6605.0,6500.0,6580.0498046875,107344.0
2022-10-28,6600.0,6665.0,6506.7001953125,6596.35009765625,111374.0
2022-10-31,6664.2001953125,6700.0,6598.85009765625,6660.60009765625,77196.0
2022-11-01,6665.0,6765.0,6648.0498046875,6713.5,69437.0
2022-11-02,6713.5,6736.0,6650.0,6708.5498046875,55937.0
2022-11-03,6708.10009765625,6802.5,6685.85009765625,6740.5,193275.0
2022-11-04,6740.0,6777.89990234375,6670.0,6722.10009765625,51396.0
2022-11-07,6755.75,6799.0,6714.2998046875,6764.0,91178.0
2022-11-09,6840.0,6890.89990234375,6783.0,6874.2001953125,196458.0
2022-11-10,6896.10009765625,6931.0,6608.10009765625,6799.9501953125,134949.0
2022-11-11,6900.0,7078.25,6666.25,6699.5498046875,167671.0
2022-11-14,6732.4501953125,6767.25,6568.0498046875,6661.5,91262.0
2022-11-15,6687.5,6750.0,6606.5498046875,6647.2001953125,96193.0
2022-11-16,6690.0,6809.75,6560.0,6666.85009765625,164884.0
2022-11-17,6689.0,6743.9501953125,6605.0,6651.64990234375,88323.0
2022-11-18,6684.0,6694.0,6560.7001953125,6578.64990234375,89165.0
2022-11-21,6594.39990234375,6640.0,6492.2998046875,6542.9501953125,90589.0
2022-11-22,6526.0,6600.0,6512.2998046875,6586.14990234375,75194.0
2022-11-23,6615.0,6674.9501953125,6440.2001953125,6474.5,84510.0
2022-11-24,6520.2001953125,6549.0,6388.2998046875,6521.25,115427.0
2022-11-25,6547.0,6580.0,6351.60009765625,6371.7998046875,109908.0
2022-11-28,6381.25,6517.5498046875,6319.5498046875,6395.2998046875,327886.0
2022-11-29,6420.7998046875,6440.7998046875,5990.64990234375,6024.10009765625,255091.0
2022-11-30,6065.0,6624.0,6006.0,6294.9501953125,4050056.0
2022-12-01,6271.0,6349.0,6185.25,6314.9501953125,252224.0
2022-12-02,6324.75,6395.0,6288.0498046875,6374.4501953125,93573.0
2022-12-05,6381.0,6381.0,6202.0,6257.14990234375,114361.0
2022-12-06,6250.0,6251.60009765625,6141.0,6185.14990234375,99310.0
2022-12-07,6220.0,6260.39990234375,6184.0498046875,6215.60009765625,63133.0
2022-12-08,6210.0,6268.39990234375,6142.0,6175.39990234375,72988.0
2022-12-09,6227.14990234375,6290.5498046875,6112.0,6209.7998046875,74044.0
2022-12-12,6201.0,6245.0,6180.0,6210.5,59836.0
2022-12-13,6201.0498046875,6310.0,6201.0498046875,6253.64990234375,34601.0
2022-12-14,6265.9501953125,6287.0498046875,6175.0,6247.5,31561.0
2022-12-15,6220.0498046875,6269.10009765625,6120.2001953125,6161.7998046875,42805.0
2022-12-16,6160.0,6166.0,6050.0,6098.5,41137.0
2022-12-19,6098.5,6166.0,6090.4501953125,6116.0,55702.0
2022-12-20,6118.0,6198.0,6090.10009765625,6173.60009765625,92025.0
2022-12-21,6173.0,6225.0,6090.0,6127.4501953125,18031.0
2022-12-22,6147.0,6199.9501953125,6070.2001953125,6144.2001953125,32874.0
2022-12-23,6099.0,6129.85009765625,5706.35009765625,5798.9501953125,44001.0
2022-12-26,5799.75,5878.10009765625,5700.0,5786.39990234375,32888.0
2022-12-27,5844.25,5900.0,5784.10009765625,5865.64990234375,74705.0
2022-12-28,5850.0,5875.0,5833.0,5854.25,79283.0
2022-12-29,5850.0,5874.9501953125,5796.85009765625,5851.5,41964.0
2022-12-30,5900.0,5921.0,5655.60009765625,5741.60009765625,112738.0
2023-01-02,5745.0498046875,5777.85009765625,5570.0,5607.14990234375,141578.0
2023-01-03,5614.9501953125,5709.4501953125,5612.0,5660.5,52179.0
2023-01-04,5660.0,5748.0,5619.9501953125,5718.14990234375,36403.0
2023-01-05,5727.39990234375,5728.25,5592.0498046875,5687.60009765625,39152.0
2023-01-06,5695.0,5704.60009765625,5651.10009765625,5680.25,20655.0
2023-01-09,5708.7001953125,5860.0,5695.85009765625,5838.7998046875,36557.0
2023-01-10,5835.0498046875,5878.9501953125,5793.0498046875,5859.5,21937.0
2023-01-11,5855.0,5860.0,5730.10009765625,5775.4501953125,47499.0
2023-01-12,5809.2998046875,5899.0,5789.35009765625,5866.7001953125,50702.0
2023-01-13,5893.2998046875,5998.0,5830.7001953125,5947.60009765625,19097.0
2023-01-16,5926.9501953125,5948.9501953125,5710.0,5816.9501953125,30910.0
2023-01-17,5824.39990234375,5865.10009765625,5656.0,5693.64990234375,45506.0
2023-01-18,5723.5498046875,5735.60009765625,5601.10009765625,5641.7001953125,34560.0
2023-01-19,5618.9501953125,5695.0,5614.9501953125,5651.14990234375,35073.0
2023-01-20,5679.0,5679.0,5560.14990234375,5581.14990234375,34072.0
2023-01-23,5600.0,5818.0498046875,5570.0,5787.2998046875,25617.0
2023-01-24,5787.2998046875,5912.35009765625,5750.39990234375,5890.89990234375,28854.0
2023-01-25,5855.0,5896.0,5710.0,5742.64990234375,9566.0
2023-01-27,5725.0,5945.0,5725.0,5905.0,30246.0
2023-01-30,5900.0,6047.64990234375,5893.5498046875,5998.5,47849.0
2023-01-31,5951.2001953125,5984.64990234375,5830.2001953125,5883.9501953125,39727.0
2023-02-01,5972.2001953125,6100.0,5885.0,6082.2001953125,103912.0
2023-02-02,6100.0,6123.2001953125,5924.0,6033.0,52374.0
2023-02-03,6063.2001953125,6063.2001953125,5960.0,6024.2001953125,18149.0
2023-02-06,6020.0,6059.39990234375,5912.25,5921.0498046875,24477.0
2023-02-07,5950.7001953125,6100.0,5895.10009765625,6078.4501953125,59468.0
2023-02-08,6108.85009765625,6110.0,6066.39990234375,6090.10009765625,16688.0
2023-02-09,6070.64990234375,6170.0,6025.0,6061.2998046875,11981.0
2023-02-10,6085.9501953125,6120.0,6025.0,6113.35009765625,21183.0
2023-02-13,6121.0,6150.0,5955.0,6031.0,15021.0
2023-02-14,5990.10009765625,6050.0,5962.0,6029.5,12346.0
2023-02-15,6018.25,6046.35009765625,5988.0,6010.75,17161.0
2023-02-16,6010.75,6025.10009765625,5986.60009765625,5997.0,7038.0
2023-02-17,5997.0,6050.0,5963.0498046875,6013.5,21922.0
2023-02-20,6026.0,6098.89990234375,5952.89990234375,6051.14990234375,21694.0
2023-02-21,6144.0,6144.0,6013.0498046875,6079.35009765625,27263.0
2023-02-22,6051.14990234375,6066.2998046875,5999.25,6035.5,9943.0
2023-02-23,6025.0498046875,6095.0,5989.7001953125,6020.25,11772.0
2023-02-24,6079.9501953125,6120.0,6012.5498046875,6103.2998046875,21928.0
2023-02-27,6100.0,6115.5,6010.0,6086.89990234375,17275.0
2023-02-28,6048.0,6535.0,5994.14990234375,6254.14990234375,178171.0
2023-03-01,6380.0,6397.9501953125,6240.5498046875,6303.7001953125,31397.0
2023-03-02,6299.89990234375,6330.0,6217.0,6233.10009765625,10564.0
2023-03-03,6249.9501953125,6296.0,6114.89990234375,6152.64990234375,13976.0
2023-03-06,6169.7001953125,6395.0,6155.0,6312.0,49983.0
2023-03-08,6300.0,6379.0498046875,6254.7001953125,6355.75,19369.0
2023-03-09,6304.5,6383.5498046875,6200.89990234375,6254.25,13013.0
2023-03-10,6205.60009765625,6205.60009765625,6044.7001953125,6066.2001953125,28529.0
2023-03-13,6083.89990234375,6174.89990234375,5925.0498046875,6008.64990234375,28975.0
2023-03-14,6038.7001953125,6259.9501953125,5923.7001953125,6128.64990234375,111690.0
2023-03-15,6130.0,6196.75,6010.14990234375,6041.10009765625,17665.0
2023-03-16,6044.9501953125,6145.35009765625,6001.0498046875,6113.35009765625,24489.0
2023-03-17,6132.0,6166.5498046875,5911.2001953125,5985.75,40044.0
2023-03-20,5950.0,6179.9501953125,5885.0,5933.75,46701.0
2023-03-21,6022.75,6072.0,5840.0,6028.75,42622.0
2023-03-22,6028.0,6094.7001953125,6003.14990234375,6036.75,13575.0
2023-03-23,6010.0,6148.0,6010.0,6032.4501953125,44559.0
2023-03-24,6025.0,6059.2001953125,5977.89990234375,6034.25,13838.0
2023-03-27,6059.89990234375,6084.85009765625,6021.0,6042.35009765625,16474.0
2023-03-28,6017.5,6118.0,6000.2001953125,6061.85009765625,27052.0
2023-03-29,6040.10009765625,6141.39990234375,5820.0,5866.75,89796.0
2023-03-31,5896.10009765625,5980.0,5840.14990234375,5920.10009765625,31478.0
2023-04-03,5934.89990234375,5951.25,5770.0,5819.5,41060.0
2023-04-05,5872.39990234375,5919.9501953125,5802.60009765625,5888.25,24463.0
2023-04-06,5912.14990234375,5953.0,5872.0,5934.5,13631.0
2023-04-10,5925.0,5970.2001953125,5883.0498046875,5912.0498046875,13211.0
2023-04-11,5913.0,6068.0,5913.0,6030.10009765625,41425.0
2023-04-12,6030.14990234375,6059.0,5994.14990234375,6039.35009765625,51074.0
2023-04-13,6039.39990234375,6080.0,5920.2001953125,5949.4501953125,28349.0
2023-04-17,5953.0,6120.0,5953.0,6097.2998046875,28375.0
2023-04-18,6110.0,6651.0,6097.2998046875,6349.64990234375,428643.0
2023-04-19,6349.64990234375,6390.0,6265.0498046875,6315.5498046875,37648.0
2023-04-20,6349.9501953125,6450.0,6310.0,6401.25,52034.0
2023-04-21,6414.9501953125,6466.9501953125,6330.0,6363.2001953125,16891.0
2023-04-24,6365.0498046875,6500.0,6363.2001953125,6486.89990234375,32240.0
2023-04-25,6497.0,6514.0,6414.9501953125,6495.35009765625,23027.0
2023-04-26,6528.0,6575.0,6490.0498046875,6537.60009765625,26571.0
2023-04-27,6514.89990234375,6681.0,6511.5498046875,6650.25,32817.0
2023-04-28,6668.0,6945.0,6598.7998046875,6847.9501953125,57756.0
2023-05-02,6880.0,7040.0,6813.7998046875,6891.0498046875,58293.0
2023-05-03,6891.0498046875,6999.0,6830.39990234375,6945.2001953125,48549.0
2023-05-04,6935.0,6937.5,6820.0,6853.64990234375,23007.0
2023-05-05,6885.0,6998.14990234375,6785.64990234375,6814.39990234375,21428.0
2023-05-08,6815.0,6898.5,6804.0498046875,6841.4501953125,24006.0
2023-05-09,6841.5,6926.25,6841.4501953125,6915.39990234375,17850.0
2023-05-10,6850.0,6931.10009765625,6850.0,6901.4501953125,16745.0
2023-05-11,6901.10009765625,6945.9501953125,6862.0,6920.9501953125,21872.0
2023-05-12,6900.0,6922.25,6841.0498046875,6890.25,23330.0
2023-05-15,6820.0,6887.9501953125,6655.10009765625,6700.64990234375,29542.0
2023-05-16,6700.9501953125,6734.0,6610.5498046875,6632.7001953125,25344.0
2023-05-17,6632.7001953125,6663.9501953125,6411.0,6451.85009765625,34563.0
2023-05-18,6500.0,6509.9501953125,6286.2998046875,6328.75,20865.0
2023-05-19,6369.0,6369.0,6279.0498046875,6298.5,20910.0
2023-05-22,6320.0,6475.0,6296.5498046875,6448.60009765625,19346.0
2023-05-23,6474.0,6680.0,6470.0,6641.39990234375,39458.0
2023-05-24,6645.7001953125,6966.0,6611.5498046875,6934.4501953125,111285.0
2023-05-25,6900.0,6942.0,6816.10009765625,6922.2998046875,36611.0
2023-05-26,6920.0,7129.89990234375,6900.0,7095.2998046875,67649.0
2023-05-29,7094.9501953125,7225.0,6999.0,7214.0498046875,62748.0
2023-05-30,7250.0,7291.2998046875,7015.0,7078.0,74519.0
2023-05-31,7070.0,7488.9501953125,6931.0,7264.89990234375,181345.0
2023-06-01,7264.89990234375,7296.25,6925.0,6993.10009765625,73859.0
2023-06-02,7035.0,7085.0,6932.35009765625,6989.89990234375,48818.0
2023-06-05,6990.0,7054.14990234375,6900.0,6919.85009765625,26562.0
2023-06-06,6962.75,7050.0,6924.35009765625,6972.0,23430.0
2023-06-07,7010.0,7020.0,6943.64990234375,6992.2001953125,20319.0
2023-06-08,7019.9501953125,7019.9501953125,6809.85009765625,6838.2001953125,17536.0
2023-06-09,6874.89990234375,6875.0,6734.0498046875,6752.9501953125,20969.0
2023-06-12,6799.0,6834.0,6750.0,6771.5498046875,14062.0
2023-06-13,6807.0,6969.89990234375,6771.5498046875,6934.85009765625,22553.0
2023-06-14,6996.0,7030.0,6957.39990234375,6991.7001953125,20170.0
2023-06-15,6991.7001953125,7023.9501953125,6901.75,6987.85009765625,12764.0
2023-06-16,7022.89990234375,7022.89990234375,6850.0,6890.60009765625,34756.0
2023-06-19,6926.89990234375,7013.0498046875,6910.0,6990.14990234375,21007.0
2023-06-20,7000.0,7022.5,6906.64990234375,7001.35009765625,14894.0
2023-06-21,7002.10009765625,7028.0,6969.4501953125,7004.60009765625,24527.0
2023-06-22,7029.0,7029.0,6852.0,6884.7001953125,7235.0
2023-06-23,6890.0,6909.0,6785.9501953125,6832.2998046875,7487.0
2023-06-26,6850.0,6990.0,6821.60009765625,6961.0,14789.0
2023-06-27,6995.0,7002.0,6925.0498046875,6960.14990234375,6752.0
2023-06-28,7000.0,7084.0,6942.35009765625,6988.85009765625,45092.0
2023-06-30,6983.0,7035.5,6935.0,7004.5498046875,16134.0
2023-07-03,7069.89990234375,7080.0,6901.0,6984.4501953125,13660.0
2023-07-04,7010.0,7245.0,6996.5498046875,7139.35009765625,92127.0
2023-07-05,7177.0498046875,7212.9501953125,7011.10009765625,7171.75,31695.0
2023-07-06,7120.0,7198.85009765625,7036.0,7153.7998046875,40825.0
2023-07-07,7140.0,7186.10009765625,7100.10009765625,7150.60009765625,25182.0
2023-07-10,7135.0498046875,7197.60009765625,7046.10009765625,7176.7001953125,29197.0
2023-07-11,7197.64990234375,7222.0,7080.0,7177.2001953125,34555.0
2023-07-12,7190.0,7475.0,7160.4501953125,7401.25,61507.0
2023-07-13,7401.2998046875,7434.5,7345.0498046875,7408.39990234375,16884.0
2023-07-14,7447.39990234375,7590.0,7320.0,7534.75,56494.0
2023-07-17,7552.7001953125,7574.39990234375,7431.2001953125,7455.2998046875,17496.0
2023-07-18,7485.2998046875,7488.25,7335.0,7358.7998046875,16061.0
2023-07-19,7389.0,7480.0,7360.0498046875,7456.64990234375,31590.0
2023-07-20,7500.0,7500.0,7388.89990234375,7469.0,15638.0
2023-07-21,7430.0,7485.0,7401.10009765625,7416.39990234375,8933.0
2023-07-24,7428.2001953125,7453.85009765625,7352.10009765625,7428.10009765625,14960.0
2023-07-25,7417.0,7545.39990234375,7409.25,7504.10009765625,17851.0
2023-07-26,7550.0,7640.0,7400.0,7426.4501953125,20428.0
2023-07-27,7486.39990234375,7599.0,7450.39990234375,7550.5,22799.0
2023-07-28,7599.0,7599.0,7492.0498046875,7536.7001953125,13331.0
2023-07-31,7513.5498046875,7570.35009765625,7425.5,7543.5,23607.0
2023-08-01,7543.5,7543.5,7360.0498046875,7431.7998046875,48841.0
2023-08-02,7356.0498046875,7499.0,7251.2001953125,7454.75,46840.0
2023-08-03,7454.75,7512.0,7380.0,7444.35009765625,42321.0
2023-08-04,7398.0,7499.0,7370.0,7394.5498046875,11767.0
2023-08-07,7424.0,7490.0,7344.10009765625,7462.2998046875,16998.0
2023-08-08,7462.2998046875,7489.85009765625,7400.0,7460.25,16999.0
2023-08-09,7459.89990234375,7550.0,7401.75,7453.2001953125,31575.0
2023-08-10,7466.0,7499.75,7425.10009765625,7450.0498046875,20804.0
2023-08-11,7450.0498046875,7459.2001953125,7221.25,7259.64990234375,14144.0
2023-08-14,7250.64990234375,7330.0,7156.75,7300.10009765625,25277.0
2023-08-16,7300.10009765625,7430.0,7250.0,7383.7998046875,25828.0
2023-08-17,7422.7001953125,7422.75,7100.0,7147.0,44949.0
2023-08-18,7150.4501953125,7215.9501953125,6900.0,6943.2001953125,44951.0
2023-08-21,6943.2001953125,7038.89990234375,6936.14990234375,7001.7998046875,16144.0
2023-08-22,7038.7001953125,7093.0,6986.0498046875,7072.2001953125,14491.0
2023-08-23,7078.0,7096.0,7017.0498046875,7072.0,11456.0
2023-08-24,7099.85009765625,7188.0,7072.5,7152.2001953125,17327.0
2023-08-25,7152.2001953125,7238.39990234375,7095.7998046875,7223.10009765625,24383.0
2023-08-28,7240.0,7364.75,7233.10009765625,7323.5498046875,15894.0
2023-08-29,7323.5498046875,7400.0,7296.0498046875,7369.9501953125,12812.0
2023-08-30,7399.0,7425.0,7351.2998046875,7418.0,7628.0
2023-08-31,7410.4501953125,7494.0,7410.0,7437.7001953125,56012.0
2023-09-01,7446.4501953125,7468.0,7306.7998046875,7340.7998046875,16812.0
2023-09-04,7340.0498046875,7377.0,7202.85009765625,7226.64990234375,47769.0
2023-09-05,7280.0,7280.0,7140.89990234375,7176.7998046875,85742.0
2023-09-06,7200.0,7215.0,7162.10009765625,7191.0,11332.0
2023-09-07,7200.0,7240.2998046875,7134.5,7193.64990234375,145744.0
2023-09-08,7228.9501953125,7232.5,7128.0,7141.7998046875,13932.0
2023-09-11,7141.7998046875,7199.85009765625,7132.9501953125,7185.2001953125,31984.0
2023-09-12,7212.0,7212.0,7042.2001953125,7133.0,154364.0
2023-09-13,7101.0498046875,7139.0,7019.0,7093.2001953125,90976.0
2023-09-14,7097.7001953125,7146.75,7097.7001953125,7125.0498046875,13303.0
2023-09-15,7131.9501953125,7163.9501953125,6982.0498046875,7103.10009765625,71560.0
2023-09-18,7194.9501953125,7254.39990234375,7152.39990234375,7229.89990234375,42353.0
2023-09-20,7253.9501953125,7273.9501953125,7186.35009765625,7230.7001953125,75653.0
2023-09-21,7241.7001953125,7385.5,7237.2998046875,7346.60009765625,45166.0
2023-09-22,7348.0,7419.0,7310.0498046875,7332.0498046875,21167.0
2023-09-25,7341.39990234375,7398.9501953125,7253.0,7280.25,142385.0
2023-09-26,7320.0,7450.0,7305.2998046875,7351.5,87105.0
2023-09-27,7400.0,7405.2001953125,7192.0,7303.89990234375,39279.0
2023-09-28,7276.0,7339.9501953125,7020.0,7058.64990234375,52319.0
2023-09-29,7060.9501953125,7140.89990234375,7001.0498046875,7108.5,33287.0
2023-10-03,7100.0,7100.0,6945.0,7014.25,33983.0
2023-10-04,7014.25,7014.2998046875,6801.0,6819.2998046875,31137.0
2023-10-05,6834.4501953125,6865.9501953125,6651.0,6672.0498046875,42162.0
2023-10-06,6750.0,6874.39990234375,6701.14990234375,6843.7001953125,41262.0
2023-10-09,6840.0,6879.7001953125,6800.0,6825.39990234375,15307.0
2023-10-10,6850.9501953125,6892.0,6785.9501953125,6821.39990234375,17024.0
2023-10-11,6822.0,7097.9501953125,6822.0,6884.5,70547.0
2023-10-12,6916.35009765625,6978.7998046875,6761.0,6783.4501953125,29503.0
2023-10-13,6788.14990234375,6849.9501953125,6770.0,6838.85009765625,15812.0
2023-10-16,6838.85009765625,6863.39990234375,6791.35009765625,6850.25,25560.0
2023-10-17,6876.89990234375,6880.0,6790.14990234375,6840.5498046875,25456.0
2023-10-18,6870.0,6875.0,6822.7001953125,6865.0498046875,30829.0
2023-10-19,6822.0,6889.0,6756.0,6861.14990234375,16188.0
2023-10-20,6861.14990234375,7120.0,6828.0,7055.39990234375,101039.0
2023-10-23,7080.0,7165.0,7008.75,7099.0498046875,53413.0
2023-10-25,7099.10009765625,7128.89990234375,6800.35009765625,6856.0,28693.0
2023-10-26,6770.0,6833.9501953125,6650.0,6667.64990234375,21099.0
2023-10-27,6766.9501953125,6839.0,6670.14990234375,6729.0,13991.0
2023-10-30,6790.0,6820.0,6627.89990234375,6794.2998046875,19034.0
2023-10-31,6811.5498046875,6949.89990234375,6805.5498046875,6926.4501953125,19889.0
2023-11-01,6884.5,6924.60009765625,6711.0,6741.0,28739.0
2023-11-02,6776.5,6885.0,6776.5,6849.2998046875,56156.0
2023-11-03,6860.0498046875,6984.89990234375,6851.14990234375,6922.2998046875,17745.0
2023-11-06,7026.35009765625,7034.0,6913.2998046875,7000.35009765625,31959.0
2023-11-07,7000.0,7097.60009765625,7000.0,7065.14990234375,28285.0
2023-11-08,7084.0,7135.25,7076.0,7130.5498046875,14575.0
2023-11-09,7120.0,7170.0,7050.0,7073.7998046875,17729.0
2023-11-10,7015.0498046875,7150.0,7015.0498046875,7138.60009765625,14493.0
2023-11-13,7134.0,7150.0,7052.0498046875,7126.2001953125,23008.0
2023-11-15,7163.7001953125,7190.0,7110.14990234375,7183.25,21269.0
2023-11-16,7091.5498046875,7195.0,7036.0,7138.39990234375,21153.0
2023-11-17,7125.0,7375.0,7108.64990234375,7347.7998046875,62674.0
2023-11-20,7347.7998046875,7357.7001953125,7243.60009765625,7272.0,12074.0
2023-11-21,7320.0,7355.0,7234.0498046875,7346.0,11430.0
2023-11-22,7359.0,7470.0,7330.39990234375,7377.2998046875,27197.0
2023-11-23,7420.89990234375,7440.0,7329.9501953125,7423.60009765625,15089.0
2023-11-24,7423.60009765625,7488.7998046875,7399.0,7438.85009765625,14344.0
2023-11-28,7420.10009765625,7480.0,7300.0,7320.7001953125,19597.0
2023-11-29,7325.0,7444.85009765625,7244.5498046875,7309.35009765625,17133.0
2023-11-30,7371.25,7400.0,7210.0,7356.10009765625,57191.0
2023-12-01,7406.9501953125,7439.9501953125,7260.5498046875,7332.89990234375,30157.0
2023-12-04,7396.64990234375,7974.25,7357.0498046875,7849.9501953125,157847.0
2023-12-05,7897.0,7897.0,7629.64990234375,7709.25,65891.0
2023-12-06,7780.0,7950.0,7720.0,7879.0,43794.0
2023-12-07,7870.0,8373.849609375,7800.0,8080.39990234375,151760.0
2023-12-08,8080.39990234375,8080.39990234375,7920.0,7984.25,27621.0
2023-12-11,7984.25,8039.0,7770.0,7818.10009765625,64180.0
2023-12-12,7900.5,7900.5,7755.60009765625,7838.0,26619.0
2023-12-13,7849.85009765625,8366.650390625,7823.25,8233.099609375,53366.0
2023-12-14,8233.099609375,8350.0,8160.10009765625,8325.599609375,41327.0
2023-12-15,8325.5498046875,8370.0,7883.75,7969.7998046875,75533.0
2023-12-18,8039.85009765625,8039.85009765625,7870.14990234375,7894.60009765625,39141.0
2023-12-19,7940.0,7940.0,7800.0,7827.35009765625,54892.0
2023-12-20,7860.0,7914.25,7812.0,7869.64990234375,27757.0
2023-12-21,7777.0,7805.0,7660.0,7742.9501953125,29668.0
2023-12-22,7745.0,7873.2001953125,7745.0,7837.60009765625,17659.0
2023-12-26,7877.0,7955.0,7835.0,7891.39990234375,19122.0
2023-12-27,7898.9501953125,7980.0,7830.10009765625,7921.35009765625,11177.0
2023-12-28,7968.9501953125,8188.4501953125,7676.7998046875,7713.25,87310.0
2023-12-29,7749.89990234375,7819.85009765625,7620.0,7674.60009765625,52509.0
2024-01-01,7710.0,7799.0,7700.0,7763.64990234375,17080.0
2024-01-02,7810.0,7848.9501953125,7756.0498046875,7817.75,30786.0
2024-01-03,7829.9501953125,8220.5498046875,7711.2001953125,8103.39990234375,86219.0
2024-01-04,8080.0,8246.0,7968.0498046875,8209.9501953125,46150.0
2024-01-05,8252.0,8275.0,8020.0,8066.10009765625,26527.0
2024-01-08,8070.0,8128.2998046875,8018.0,8045.7998046875,11458.0
2024-01-09,8279.9501953125,8312.9501953125,7965.0,8008.35009765625,38473.0
2024-01-10,8088.0,8136.60009765625,7990.0,8031.9501953125,21386.0
2024-01-11,8032.7001953125,8108.9501953125,8005.25,8041.14990234375,19415.0
2024-01-12,8078.0,8117.9501953125,8025.0,8051.5498046875,9367.0
2024-01-15,8090.0,8250.0,8081.7998046875,8222.7998046875,33759.0
2024-01-16,8200.0,8209.0,8140.75,8177.35009765625,14829.0
2024-01-17,8149.9501953125,8150.0,8058.14990234375,8098.75,21311.0
2024-01-18,8139.7998046875,8139.7998046875,7890.0,7999.35009765625,33821.0
2024-01-19,8003.5,8500.0,8003.5,8472.7998046875,135675.0
2024-01-23,8400.0,8400.0,8007.5498046875,8122.2001953125,38548.0
2024-01-24,8199.849609375,8230.900390625,8001.0,8190.9501953125,21964.0
2024-01-25,8224.099609375,8224.900390625,8130.0,8194.7001953125,14926.0
2024-01-29,8192.0498046875,8380.0,8177.5498046875,8246.5498046875,32525.0
2024-01-30,8255.0,8327.900390625,8202.150390625,8251.650390625,34625.0
2024-01-31,8251.650390625,8393.5498046875,8211.0,8366.2998046875,35250.0
2024-02-01,8457.0,8457.0,8251.2998046875,8341.900390625,21348.0
2024-02-02,8341.900390625,8485.0,8271.0498046875,8461.4501953125,16462.0
2024-02-05,8468.7998046875,8520.0,8307.900390625,8330.349609375,18949.0
2024-02-06,8342.7998046875,8479.5,8283.5498046875,8452.4501953125,19163.0
2024-02-07,8524.0,8719.0,8452.0,8611.849609375,48763.0
2024-02-08,8700.0,8724.900390625,8575.0,8674.0498046875,38780.0
2024-02-09,8684.25,8784.099609375,8510.0,8634.0498046875,27292.0
2024-02-12,8634.0,8700.900390625,8519.650390625,8619.599609375,11036.0
2024-02-13,8619.599609375,8790.0,8571.5498046875,8761.7998046875,16594.0
2024-02-14,8700.150390625,8878.9501953125,8651.0,8764.400390625,16425.0
2024-02-15,8764.400390625,8825.0,8680.849609375,8769.099609375,17982.0
2024-02-16,8825.900390625,8925.0,8620.2001953125,8784.75,38842.0
2024-02-19,8880.0,8974.900390625,8757.400390625,8876.25,14418.0
2024-02-20,8859.0,8898.349609375,8742.7001953125,8817.5,18070.0
2024-02-21,8895.0,8898.900390625,8750.0,8807.7998046875,11657.0
2024-02-22,8845.5,8845.5,8615.2001953125,8683.900390625,38170.0
2024-02-23,8750.0,8800.0,8559.0498046875,8755.7998046875,12322.0
2024-02-26,8765.0,8869.0,8730.0,8802.2001953125,17937.0
2024-02-27,8802.25,9140.0,8631.150390625,8703.0,70693.0
2024-02-28,8708.150390625,8820.7998046875,8671.150390625,8705.2998046875,16018.0
2024-02-29,8651.0,9348.9501953125,8601.0,9149.599609375,80740.0
2024-03-01,9154.2998046875,9288.0,8911.5,8944.349609375,35724.0
2024-03-04,9175.0,9175.0,8838.900390625,8855.599609375,45298.0
2024-03-05,8830.0,8860.4501953125,8685.0,8726.150390625,41517.0
2024-03-06,8756.9501953125,8756.9501953125,8649.9501953125,8716.099609375,41202.0
2024-03-07,8787.9501953125,8787.9501953125,8610.0,8665.150390625,38774.0
2024-03-11,8666.25,8747.7001953125,8558.7998046875,8616.150390625,67923.0
2024-03-12,8616.9501953125,8662.4501953125,8525.0,8594.150390625,23669.0
2024-03-13,8510.0,8581.25,8277.900390625,8369.0,36711.0
2024-03-14,8225.0,8300.0,8080.60009765625,8231.0,68591.0
2024-03-15,8148.7001953125,8299.900390625,8142.0498046875,8243.75,46749.0
2024-03-18,8243.75,8243.75,8150.10009765625,8210.2998046875,19087.0
2024-03-19,8264.599609375,8318.0,8190.10009765625,8204.599609375,23350.0
2024-03-20,8191.0498046875,8194.75,8088.0,8130.14990234375,14503.0
2024-03-21,8121.0,8219.7001953125,8120.0,8202.650390625,16304.0
2024-03-22,8215.0,8447.650390625,8202.650390625,8395.0498046875,49514.0
2024-03-26,8212.0,8435.0,8212.0,8413.2001953125,29115.0
2024-03-27,8428.150390625,8509.7998046875,7965.25,8096.2998046875,108749.0
2024-03-28,8065.10009765625,8344.0498046875,8065.10009765625,8272.75,74053.0
2024-04-01,8272.7001953125,8464.099609375,8260.0,8407.5498046875,23249.0
2024-04-02,8399.9501953125,8447.0,8370.0498046875,8420.5,14963.0
2024-04-03,8479.349609375,8479.349609375,8304.099609375,8358.150390625,21126.0
2024-04-04,8358.150390625,8449.0,8115.0,8124.60009765625,61071.0
2024-04-05,8178.25,8209.0,8125.0,8195.5498046875,20381.0
2024-04-08,8239.9501953125,8256.0,8190.0,8238.099609375,23206.0
2024-04-09,8225.0,8270.0,8153.5,8172.0,16546.0
2024-04-10,8248.2001953125,8248.2001953125,8104.2001953125,8148.89990234375,16089.0
2024-04-12,8187.9501953125,8271.2001953125,8106.10009765625,8175.5498046875,43228.0
2024-04-15,8165.0,8165.0,7893.0,7953.39990234375,40510.0
2024-04-16,7945.0,7945.0,7848.0,7902.89990234375,42416.0
2024-04-18,7920.0,7954.5,7860.0,7920.2001953125,28100.0
2024-04-19,7924.9501953125,7925.0,7739.5,7835.7001953125,31951.0
2024-04-22,7845.0,8034.2001953125,7845.0,7955.14990234375,36625.0
2024-04-23,8046.5,8325.0,7967.5,8101.35009765625,109168.0
2024-04-24,8120.0,8281.5498046875,8102.25,8230.0,34767.0
2024-04-25,8250.0,8324.5,8151.9501953125,8200.5498046875,30933.0
2024-04-26,8200.599609375,8248.5,8080.0,8146.64990234375,32513.0
2024-04-29,8309.599609375,8343.0,8142.14990234375,8187.35009765625,60799.0
2024-04-30,8250.0,8295.0,8050.0,8116.14990234375,72113.0
2024-05-02,8188.7001953125,8250.0,8014.2998046875,8110.5,37195.0
2024-05-03,8130.0,8324.9501953125,8130.0,8238.4501953125,46486.0
2024-05-06,8320.0,8320.0,8143.75,8186.2001953125,54469.0
2024-05-07,8186.2001953125,8310.0,8186.2001953125,8279.5498046875,33098.0
2024-05-08,8186.2001953125,8393.599609375,8186.2001953125,8350.0,32647.0
2024-05-09,8372.599609375,8435.0,8320.25,8383.5498046875,38823.0
2024-05-10,8401.900390625,8469.5,8270.0,8431.5498046875,16630.0
2024-05-13,8431.5498046875,8433.099609375,8338.650390625,8405.75,11773.0
2024-05-14,8405.7998046875,8495.0,8376.650390625,8436.150390625,17962.0
2024-05-15,8444.2001953125,8493.9501953125,8386.0,8429.900390625,12212.0
2024-05-16,8468.0,8468.0,8300.0,8336.2998046875,21728.0
2024-05-17,8336.2998046875,8384.9501953125,8201.0,8220.650390625,29430.0
2024-05-21,8278.900390625,8299.9501953125,8027.0,8146.89990234375,60118.0
2024-05-22,8175.0,8175.0,8075.10009765625,8123.9501953125,15810.0
2024-05-23,8130.0,8181.0,8095.0,8165.2001953125,12988.0
2024-05-24,8198.349609375,8198.349609375,8015.0,8031.9501953125,59111.0
2024-05-27,8001.0,8033.25,7965.60009765625,7988.2998046875,26182.0
2024-05-28,7999.9501953125,8000.0498046875,7825.10009765625,7852.60009765625,53389.0
2024-05-29,7860.0,7860.0,7755.0,7793.89990234375,53870.0
2024-05-30,7765.0,8060.4501953125,7765.0,7986.25,60364.0
2024-05-31,8014.0,8019.9501953125,7813.0,7953.39990234375,114833.0
2024-06-03,8129.0,8129.0,7990.0498046875,8014.2998046875,28468.0
2024-06-04,8014.2998046875,8080.0,7659.9501953125,7933.4501953125,40557.0
2024-06-05,7933.4501953125,8098.0,7900.0,8048.89990234375,26432.0
2024-06-06,8129.0,8145.0,8052.0498046875,8130.2998046875,17926.0
2024-06-07,8181.9501953125,8415.0,8163.39990234375,8377.599609375,45046.0
2024-06-10,8450.0,8490.0,8280.0,8423.400390625,20223.0
2024-06-11,8430.0,8622.7998046875,8349.5,8382.400390625,35518.0
2024-06-12,8448.900390625,8448.900390625,8320.0,8350.75,12780.0
2024-06-13,8440.0,8465.0,8226.5,8253.4501953125,27651.0
2024-06-14,8264.599609375,8340.0,8260.2998046875,8302.849609375,37519.0
2024-06-18,8340.0,8376.0,8273.349609375,8283.599609375,18624.0
2024-06-19,8348.7998046875,8373.599609375,8185.7998046875,8199.7001953125,24661.0
2024-06-20,8200.099609375,8277.7998046875,8164.89990234375,8245.7001953125,19663.0
2024-06-21,8250.0,8310.0,8200.0,8226.650390625,59500.0
2024-06-24,8309.9501953125,8992.849609375,8274.5,8724.7998046875,464475.0
2024-06-25,8730.0,8853.0,8523.099609375,8611.5498046875,74272.0
2024-06-26,8611.0,8645.0,8444.0,8503.599609375,112962.0
2024-06-27,8503.099609375,8730.0,8432.5498046875,8449.900390625,72022.0
2024-06-28,8449.0,8698.0,8449.0,8536.25,74446.0
2024-07-01,8498.099609375,8837.4501953125,8498.0498046875,8756.400390625,111072.0
2024-07-02,8730.5,8965.0,8717.5,8896.4501953125,71695.0
2024-07-03,8855.5498046875,9349.0,8820.5498046875,9296.75,131187.0
2024-07-04,9300.0,9980.0,9280.0498046875,9902.900390625,499552.0
2024-07-05,9880.0,9899.9501953125,9550.0,9667.599609375,136490.0
2024-07-08,9765.0,9935.0,9634.25,9905.150390625,91945.0
2024-07-09,9860.0,9879.0,9722.0,9848.0,74520.0
2024-07-10,9839.9501953125,9839.9501953125,9690.0,9767.7998046875,46700.0
2024-07-11,9755.4501953125,9791.2998046875,9662.0,9773.900390625,26061.0
2024-07-12,9792.0,9974.0,9693.0,9903.349609375,38090.0
2024-07-15,9920.0,9920.0,9752.0,9908.75,23059.0
2024-07-16,9908.75,9910.0,9735.0,9796.900390625,42229.0
2024-07-18,9750.0498046875,9850.0,9461.2001953125,9780.7001953125,38458.0
2024-07-19,9680.0,9924.5,9600.0498046875,9714.349609375,37654.0
2024-07-22,9749.599609375,10075.0,9724.4501953125,9979.0,77031.0
2024-07-23,9950.0,9990.2001953125,9488.2001953125,9738.150390625,31007.0
2024-07-24,9795.0,9870.0498046875,9478.599609375,9501.5,32368.0
2024-07-25,9501.5,9568.650390625,9329.0,9409.849609375,23383.0
2024-07-26,9409.849609375,9564.400390625,9377.650390625,9480.650390625,17040.0
2024-07-29,9481.0,9725.5,9481.0,9642.5,29885.0
2024-07-30,9720.0,9720.0,9605.099609375,9675.150390625,11511.0
2024-07-31,9675.150390625,9724.0498046875,9496.349609375,9619.5,46366.0
2024-08-01,9619.5,9850.0,9360.0,9412.4501953125,51150.0
2024-08-02,9412.4501953125,9558.25,9348.0,9434.599609375,33863.0
2024-08-05,9378.0,9385.0,9078.849609375,9121.400390625,26071.0
2024-08-06,9141.400390625,9367.650390625,9117.2001953125,9189.9501953125,27023.0
2024-08-07,9354.400390625,9444.25,9150.0,9347.7998046875,19537.0
2024-08-08,9347.7998046875,9520.0,9317.599609375,9401.349609375,20264.0
2024-08-09,9365.0,9528.0,9365.0,9454.099609375,9605.0
2024-08-12,9453.0,9478.2001953125,9321.400390625,9374.0498046875,13984.0
2024-08-13,9257.5498046875,9448.0,9121.0,9148.900390625,38083.0
2024-08-14,9179.0498046875,9460.0,9151.0,9390.599609375,56696.0
2024-08-16,9400.0,9600.0,9392.0,9585.5,20441.0
2024-08-19,9580.0,9665.9501953125,9530.099609375,9607.650390625,11623.0
2024-08-20,9608.0,9797.650390625,9595.900390625,9776.5,21525.0
2024-08-21,9749.0498046875,9800.0,9674.849609375,9746.5,18400.0
2024-08-22,9740.0,9900.0,9739.9501953125,9880.900390625,29193.0
2024-08-23,9890.0,9921.349609375,9825.0498046875,9874.150390625,29951.0
2024-08-26,9855.0,9925.0,9760.099609375,9911.900390625,69355.0
2024-08-27,9911.900390625,9997.0,9801.7998046875,9934.599609375,35085.0
2024-08-28,9985.0,10409.0,9865.099609375,9972.4501953125,189405.0
2024-08-29,9950.0,10214.0,9938.25,10059.599609375,62522.0
2024-08-30,10210.5,10288.0,9951.0,10057.7001953125,112815.0
2024-09-02,10199.9501953125,10748.650390625,10100.0498046875,10631.25,301690.0
2024-09-03,10600.0,10979.099609375,10568.5,10903.900390625,201716.0
2024-09-04,10625.0,11185.0,10602.0498046875,11067.7001953125,139699.0
2024-09-05,10957.0,11128.599609375,10851.099609375,10895.7001953125,47122.0
2024-09-06,10850.0,10897.400390625,10590.2001953125,10693.400390625,71606.0
2024-09-09,10650.0,10761.349609375,10260.099609375,10357.099609375,72041.0
2024-09-10,10484.599609375,10525.0,10265.150390625,10343.849609375,109379.0
2024-09-11,10418.900390625,10516.2998046875,10271.9501953125,10314.650390625,116090.0
2024-09-12,10449.9501953125,10481.349609375,10262.9501953125,10393.7998046875,81548.0
2024-09-13,10433.9501953125,10485.0,10330.2998046875,10371.2998046875,84443.0
2024-09-16,10514.25,10514.25,10374.099609375,10400.0,51928.0
2024-09-17,10479.9501953125,10479.9501953125,10300.2001953125,10369.900390625,32624.0
2024-09-18,10430.0,10894.400390625,10389.900390625,10793.0,203890.0
2024-09-19,10850.0,10857.4501953125,10647.650390625,10766.900390625,37124.0
2024-09-20,10812.349609375,11350.0,10716.0498046875,11163.400390625,116438.0
2024-09-23,11164.2001953125,11277.0,10950.0,11085.349609375,40331.0
2024-09-24,11200.0,11280.0,10790.0,10842.0498046875,67183.0
2024-09-25,10770.0498046875,10770.0498046875,10600.0,10686.349609375,38803.0
2024-09-26,10778.7998046875,10866.400390625,10590.0,10815.2998046875,55743.0
2024-09-27,10815.2998046875,10897.0,10356.0,10543.4501953125,95510.0
2024-09-30,10540.0,10556.0,10287.7001953125,10494.7001953125,62295.0
2024-10-01,10514.349609375,10638.0498046875,10378.5,10605.7001953125,28112.0
2024-10-03,10540.0,10750.0,10393.25,10519.099609375,46736.0
2024-10-04,10411.0,10570.849609375,10195.0498046875,10368.349609375,29133.0
2024-10-07,10499.0,10499.0,10174.4501953125,10335.0,28090.0
2024-10-08,10160.0,10385.7998046875,10160.0,10332.75,23825.0
2024-10-09,10424.0,10591.2001953125,10315.0,10473.400390625,16202.0
2024-10-10,10473.400390625,10801.900390625,10434.2998046875,10747.0498046875,29630.0
2024-10-11,10830.0,10897.0,10729.0,10851.099609375,19967.0
2024-10-14,10880.0,10880.0,10609.9501953125,10670.25,31733.0
2024-10-15,10720.0,10818.4501953125,10487.4501953125,10707.349609375,32315.0
2024-10-16,10707.349609375,10732.150390625,10399.5,10505.150390625,33502.0
2024-10-17,10480.0,10550.0,10219.150390625,10402.75,36005.0
2024-10-18,10306.0,10328.099609375,10004.849609375,10240.400390625,31707.0
2024-10-21,10241.349609375,10574.9501953125,10165.9501953125,10304.2998046875,57230.0
2024-10-22,10367.4501953125,10489.0498046875,10101.0498046875,10296.75,39686.0
2024-10-23,10339.849609375,10382.349609375,10138.5498046875,10216.849609375,22608.0
2024-10-24,10218.7998046875,10346.5,10072.7998046875,10117.2998046875,19752.0
2024-10-25,10100.0,10299.900390625,10010.0,10156.4501953125,23577.0
2024-10-28,10310.0,10371.150390625,10140.150390625,10223.849609375,18055.0
2024-10-29,10342.75,10387.0498046875,10200.0,10355.25,24098.0
2024-10-30,10325.0498046875,10398.0,10135.0,10223.2998046875,29790.0
2024-10-31,10226.0,10337.4501953125,10064.0498046875,10249.5,41264.0
2024-11-01,10300.0,10350.0,10251.0,10332.5498046875,2117.0
2024-11-04,10332.5498046875,10699.0,10110.0498046875,10658.25,110638.0
2024-11-05,10649.9501953125,10715.0,10380.099609375,10600.349609375,39999.0
2024-11-06,10600.0,10736.400390625,10540.7998046875,10590.2001953125,23227.0
2024-11-07,10725.0,10725.0,10400.0,10498.849609375,39553.0
2024-11-08,10498.849609375,10618.0,10390.0498046875,10488.2998046875,29146.0
2024-11-11,10550.0,10897.7998046875,10390.099609375,10851.4501953125,57715.0
2024-11-12,10850.0,10888.7001953125,10624.0,10794.150390625,39197.0
2024-11-13,10655.0,10750.5,10469.0498046875,10528.650390625,21623.0
2024-11-14,10530.0,11154.5,10249.0,10850.099609375,106278.0
2024-11-18,10860.0,11005.099609375,10605.349609375,10684.75,39537.0
2024-11-19,10760.0,10799.900390625,10520.0498046875,10555.2998046875,18870.0
2024-11-21,10626.599609375,10657.349609375,10352.75,10420.9501953125,33961.0
2024-11-22,10524.0,10615.0,10400.400390625,10458.2998046875,21513.0
2024-11-25,10498.9501953125,10659.9501953125,10300.0,10591.5498046875,99760.0
2024-11-26,10675.0,10680.0,10415.4501953125,10476.25,35282.0
2024-11-27,10476.25,10530.0,10154.0,10221.849609375,39102.0
2024-11-28,10320.0,10395.849609375,10178.2998046875,10326.4501953125,27443.0
2024-11-29,10378.900390625,10551.0,10120.0498046875,10468.25,56323.0
2024-12-02,10301.0,10451.650390625,10200.0,10403.2998046875,44838.0
2024-12-03,10400.0,10706.0,10250.0498046875,10683.0,61089.0
2024-12-04,10683.0,10713.9501953125,10480.0,10607.150390625,38886.0
2024-12-05,10650.0,10790.0,10481.0,10742.9501953125,30835.0
2024-12-06,10700.0,10766.0,10601.0,10675.849609375,22898.0
2024-12-09,10700.0,11244.4501953125,10675.849609375,11122.0,127070.0
2024-12-10,11079.0498046875,11268.349609375,10925.0,11197.75,74434.0
2024-12-11,11350.0,11545.900390625,11031.0498046875,11167.75,84627.0
2024-12-12,11198.75,11450.0498046875,11119.9501953125,11273.4501953125,54988.0
2024-12-13,11276.7001953125,11289.099609375,11070.0,11131.75,35484.0
2024-12-16,11197.9501953125,11297.650390625,10800.0,11023.5,31261.0
2024-12-17,11025.0,11340.0,10966.7998046875,11270.0,71749.0
2024-12-18,11281.0498046875,11355.0,11050.0,11184.0498046875,52623.0
2024-12-19,11025.0,11524.0,10849.849609375,11331.5,117845.0
2024-12-20,11331.5,11331.5498046875,10651.400390625,10746.75,65090.0
2024-12-23,10746.75,11220.0,10746.75,11115.150390625,87126.0
2024-12-24,11115.0,11210.0,10920.0498046875,11048.599609375,29202.0
2024-12-26,11048.599609375,11259.0,10916.099609375,11202.0498046875,42464.0
2024-12-27,11094.0,11398.0,11094.0,11300.900390625,57315.0
2024-12-30,11300.0,13238.0,11211.9501953125,12630.7998046875,685958.0
2024-12-31,12488.0,12488.0,11650.0498046875,11886.75,187495.0
2025-01-01,11900.0,12045.599609375,11711.0,11843.099609375,60912.0
2025-01-02,11863.25,12033.2998046875,11835.599609375,11918.9501953125,39204.0
2025-01-03,11937.0,11996.7001953125,11525.0,11607.9501953125,57648.0
2025-01-06,11705.0,11705.0,10951.9501953125,11025.9501953125,60656.0
2025-01-07,11136.2001953125,11323.0,11045.0,11101.2998046875,46066.0
2025-01-08,11200.9501953125,11764.9501953125,11138.7998046875,11270.7998046875,220364.0
2025-01-09,11250.0,11424.900390625,11117.650390625,11168.900390625,32000.0
2025-01-10,11200.2001953125,11294.4501953125,10680.0,10827.849609375,42116.0
2025-01-13,10827.849609375,10846.650390625,10245.099609375,10314.7998046875,45192.0
2025-01-14,10499.0,10717.25,10315.0498046875,10620.599609375,26276.0
2025-01-15,10600.0,10970.0,10600.0,10849.150390625,36677.0
2025-01-16,11099.0,11099.9501953125,10761.0498046875,10937.349609375,23836.0
2025-01-17,10937.0,10999.9501953125,10780.0,10802.099609375,15135.0
2025-01-20,10843.9501953125,11057.9501953125,10800.0,10861.7998046875,21529.0
2025-01-21,10910.0,11022.5498046875,10665.5498046875,10797.0,20940.0
2025-01-22,10900.150390625,11423.4501953125,10890.7998046875,11286.400390625,376194.0
2025-01-23,11200.0498046875,11365.0,11082.7001953125,11198.2998046875,42202.0
2025-01-24,11160.0498046875,11310.0,11101.400390625,11290.099609375,28427.0
2025-01-27,11286.0,11307.9501953125,11102.150390625,11193.2001953125,33246.0
2025-01-28,11150.0,11328.2001953125,10986.099609375,11029.2998046875,80284.0
2025-01-29,11029.2998046875,11498.0,11029.2998046875,11426.849609375,49369.0
2025-01-30,11601.2001953125,11867.5,11106.099609375,11206.0498046875,101370.0
2025-01-31,11250.0,11849.9501953125,11193.099609375,11559.7001953125,81560.0
2025-02-01,11561.9501953125,11845.25,11514.0498046875,11754.0,25068.0
2025-02-03,11700.0,12419.4501953125,11681.099609375,12205.0,100514.0
2025-02-04,12205.0,12368.849609375,11560.0,11735.849609375,54181.0
2025-02-05,11771.7998046875,11855.0,11325.2001953125,11381.900390625,101219.0
2025-02-06,11481.900390625,11711.849609375,11360.0,11424.400390625,74724.0
2025-02-07,11440.0,11478.5498046875,11200.0,11271.150390625,167122.0
2025-02-10,11262.599609375,11700.0,11238.5498046875,11523.2001953125,84954.0
2025-02-11,11500.0,11628.400390625,11340.849609375,11513.599609375,87425.0
2025-02-12,11480.0498046875,11994.599609375,11250.0,11877.099609375,88894.0
2025-02-13,11639.5498046875,12376.349609375,11635.099609375,12142.650390625,102223.0
2025-02-14,12100.2001953125,12250.0,11851.0498046875,12075.2001953125,120567.0
2025-02-17,12032.599609375,12094.0,11602.0498046875,12013.650390625,94605.0
2025-02-18,12012.0,12245.0,11849.900390625,11994.150390625,33973.0
2025-02-19,11991.0,12475.0,11636.0,11732.099609375,78087.0
2025-02-20,11740.0,12586.599609375,11730.0,12454.2998046875,118067.0
2025-02-21,12440.0,12569.0,12125.0,12207.849609375,45778.0
2025-02-24,12407.849609375,12603.900390625,11871.2998046875,12001.849609375,151381.0
2025-02-25,12053.0,12097.25,11561.099609375,11642.0498046875,69293.0
2025-02-27,11759.0,12449.0,11759.0,12068.650390625,250322.0
2025-02-28,11854.150390625,12000.0,11202.0,11574.349609375,182651.0
2025-03-03,11594.75,11836.099609375,11303.650390625,11346.75,60270.0
2025-03-04,11343.75,11444.9501953125,11082.650390625,11209.150390625,69989.0
2025-03-05,11225.0,11595.0,11225.0,11560.0,40281.0
2025-03-06,11676.099609375,12095.0,11299.0,11361.9501953125,139333.0
2025-03-07,11450.150390625,11907.9501953125,11435.0498046875,11774.9501953125,138683.0
2025-03-10,11838.099609375,12015.0,11536.0498046875,11637.2001953125,83095.0
2025-03-11,11587.2001953125,11705.0,11315.5498046875,11384.5498046875,78819.0
2025-03-12,11454.0,11582.0498046875,11283.7998046875,11458.2998046875,63518.0
2025-03-13,11543.9501953125,11589.9501953125,11285.25,11320.2001953125,40038.0
2025-03-17,11442.849609375,11722.400390625,11311.2998046875,11566.599609375,85256.0
2025-03-18,11566.599609375,11566.599609375,11566.599609375,11566.599609375,0.0
2025-03-19,11699.9501953125,11900.0,11527.5,11870.0498046875,67825.0
2025-03-20,11870.0498046875,12049.849609375,11802.9501953125,11998.7001953125,51283.0
2025-03-21,12005.0,12390.0,11950.0,12273.5498046875,161147.0
2025-03-24,12400.0,12550.0,12338.0,12435.5,41834.0
2025-03-25,12570.0,12795.0,12451.0,12521.5,46286.0
2025-03-26,12521.099609375,12800.0,12460.099609375,12599.0498046875,63984.0
2025-03-27,12599.0498046875,12681.0,12203.349609375,12462.5498046875,116843.0
2025-03-28,12562.5498046875,12899.9501953125,12434.7001953125,12473.0498046875,51564.0
2025-04-01,12499.0,12532.0,11806.099609375,11911.4501953125,57842.0
2025-04-02,11989.0,12055.5,11405.0,11515.099609375,209700.0
2025-04-03,11499.9501953125,11699.650390625,11400.0498046875,11499.849609375,61864.0
2025-04-04,11506.349609375,11639.900390625,11201.150390625,11506.900390625,63954.0
2025-04-07,10400.0,10955.349609375,10400.0,10779.599609375,82134.0
2025-04-08,11249.9501953125,11249.9501953125,10625.599609375,10811.75,184342.0
2025-04-09,10776.5,11234.0,10538.75,11092.2998046875,148878.0
2025-04-11,11300.0,11384.0,11087.2998046875,11282.150390625,44334.0
2025-04-15,11339.0,11890.0,11339.0,11826.0,74599.0
2025-04-16,11825.0,11825.0,11522.0,11585.0,62520.0
2025-04-17,11668.0,12017.0,11503.0,11955.0,76485.0
2025-04-21,12030.0,12248.0,11984.0,12207.0,35641.0
2025-04-22,12250.0,12436.0,12207.0,12324.0,32407.0
2025-04-23,12345.0,12535.0,12154.0,12422.0,53425.0
2025-04-24,12560.0,12681.0,12180.0,12379.0,56181.0
2025-04-25,12478.0,12585.0,11868.0,12198.0,57428.0
2025-04-28,12109.0,12411.0,12109.0,12354.0,28811.0
2025-04-29,12484.0,12530.0,12228.0,12316.0,31643.0
2025-04-30,12360.0,12535.0,11841.0,11973.0,68305.0
2025-05-02,11997.0,12199.0,11772.0,11952.0,47621.0
2025-05-05,12014.0,12171.0,11774.0,11901.0,56022.0
2025-05-06,11914.0,12055.0,11726.0,11858.0,31438.0
2025-05-07,11711.0,12000.0,11700.0,11907.0,37189.0
2025-05-08,11908.0,11968.0,11411.0,11549.0,55182.0
2025-05-09,11200.0,11445.0,11151.0,11238.0,33839.0
2025-05-12,11699.0,12190.0,11507.0,12094.0,52048.0
2025-05-13,12001.0,12120.0,11880.0,11921.0,31479.0
2025-05-14,11970.0,12089.0,11808.0,12020.0,30116.0
2025-05-15,12066.0,12744.0,12066.0,12630.0,143084.0
2025-05-16,12630.0,13480.0,12630.0,13111.0,173590.0
2025-05-19,13150.0,14400.0,13045.0,13973.0,268741.0
2025-05-20,14000.0,14000.0,12800.0,12932.0,196316.0
2025-05-21,13090.0,13314.0,12710.0,13142.0,113427.0
2025-05-22,13142.0,13394.0,13037.0,13198.0,87848.0
2025-05-23,13200.0,13845.0,13189.0,13748.0,114272.0
2025-05-26,13851.0,14146.0,13841.0,13978.0,83908.0
2025-05-27,13979.0,14040.0,13656.0,13803.0,52486.0
2025-05-28,13926.0,13973.0,13556.0,13617.0,39327.0
2025-05-29,13787.0,13890.0,13266.0,13327.0,56660.0
2025-05-30,13480.0,14018.0,13263.0,13414.0,299062.0
2025-06-02,13477.0,13549.0,13184.0,13418.0,68285.0
2025-06-03,13545.0,13596.0,13101.0,13158.0,47907.0
2025-06-04,13224.0,13456.0,13121.0,13414.0,54760.0
2025-06-05,13460.0,13538.0,13271.0,13482.0,39215.0
2025-06-06,13600.0,14740.0,13490.0,14251.0,503230.0
2025-06-09,14322.0,14387.0,14090.0,14251.0,86582.0
2025-06-10,14327.0,14458.0,14228.0,14382.0,66433.0
2025-06-11,14499.0,14632.0,14271.0,14361.0,51861.0
2025-06-12,14490.0,14524.0,14036.0,14090.0,167890.0
2025-06-13,14036.0,14149.0,13878.0,14084.0,37393.0
2025-06-16,14059.0,14200.0,13650.0,13978.0,67774.0
2025-06-17,14081.0,14108.0,13722.0,13789.0,36462.0
2025-06-18,13840.0,13858.0,13580.0,13684.0,45817.0
2025-06-19,13757.0,13788.0,13406.0,13465.0,35924.0
2025-06-20,13531.0,13724.0,13500.0,13614.0,74560.0
2025-06-23,13551.0,13585.0,13364.0,13459.0,32073.0
2025-06-24,13547.0,13812.0,13439.0,13774.0,70253.0
2025-06-25,13839.0,13918.0,13592.0,13721.0,41533.0
2025-06-26,13844.0,13940.0,13681.0,13870.0,42047.0
2025-06-27,13934.0,14400.0,13747.0,14134.0,96693.0
2025-06-30,14000.0,14450.0,13951.0,14379.0,98360.0
2025-07-01,14473.0,14630.0,14221.0,14341.0,87116.0
2025-07-02,14448.0,14538.0,14265.0,14417.0,35886.0
2025-07-03,14444.0,14524.0,14116.0,14184.0,32741.0
2025-07-04,14293.0,14405.0,14174.0,14227.0,28212.0
2025-07-07,14291.0,14349.0,14105.0,14288.0,21147.0
2025-07-08,14332.0,14346.0,13850.0,13882.0,35627.0
2025-07-09,13951.0,13972.0,13701.0,13862.0,33064.0
2025-07-10,13862.0,13916.0,13740.0,13875.0,22679.0
2025-07-11,13950.0,14100.0,13710.0,13752.0,21532.0
2025-07-14,13805.0,14299.0,13659.0,14148.0,57795.0
2025-07-15,14220.0,14350.0,14008.0,14164.0,39811.0
2025-07-16,14164.0,14220.0,14050.0,14095.0,30787.0
2025-07-17,14161.0,14161.0,14022.0,14100.0,14426.0
2025-07-18,14100.0,14146.0,13800.0,13848.0,24707.0
2025-07-21,13940.0,14100.0,13763.0,14035.0,61972.0
2025-07-22,14100.0,14107.0,13949.0,14070.0,22959.0
2025-07-23,14172.0,14172.0,13939.0,13973.0,21611.0
2025-07-24,14033.0,14204.0,13901.0,14165.0,108160.0
2025-07-25,14150.0,14150.0,13675.0,13852.0,83665.0
2025-07-28,13900.0,14149.0,13511.0,13802.0,50923.0
2025-07-29,13804.0,14117.0,13562.0,14062.0,47610.0
2025-07-30,14099.0,14119.0,13903.0,14059.0,17412.0
2025-07-31,13844.0,14061.0,13844.0,13963.0,27343.0
2025-08-01,13975.0,14034.0,13781.0,13848.0,21385.0
2025-08-04,13715.0,14250.0,13641.0,13899.0,48902.0
2025-08-05,13964.0,13987.0,13800.0,13861.0,22438.0
2025-08-06,13900.0,13974.0,13531.0,13607.0,49939.0
2025-08-07,14000.0,14445.0,13645.0,13780.0,293772.0
2025-08-08,13909.0,14374.0,13667.0,13718.0,94466.0
2025-08-11,13828.0,14099.0,13515.0,14047.0,45715.0
2025-08-12,13902.0,14109.0,13755.0,13805.0,25155.0
2025-08-13,13933.0,14021.0,13813.0,13917.0,22910.0
2025-08-14,13970.0,14200.0,13900.0,14136.0,26389.0
2025-08-18,14136.0,14763.0,14135.0,14523.0,94360.0
2025-08-19,14636.0,14636.0,13700.0,13785.0,131464.0
2025-08-20,13853.0,13874.0,13405.0,13642.0,111820.0
2025-08-21,13780.0,13780.0,13568.0,13700.0,36999.0
2025-08-22,13700.0,13850.0,13421.0,13545.0,33115.0
2025-08-25,13630.0,13630.0,13200.0,13265.0,61206.0
2025-08-26,13299.0,13350.0,12840.0,12997.0,92529.0
2025-08-28,13050.0,13200.0,12900.0,12966.0,38487.0
2025-08-29,13030.0,13040.0,12751.0,12770.0,38945.0
2025-09-01,12770.0,12847.0,12481.0,12544.0,89792.0
2025-09-02,12600.0,12744.0,12544.0,12620.0,44479.0
2025-09-03,12720.0,13067.0,12650.0,13023.0,53649.0
2025-09-04,13200.0,13200.0,12850.0,12981.0,39931.0
2025-09-05,13079.0,13079.0,12835.0,12926.0,50777.0
2025-09-08,12934.0,13000.0,12717.0,12771.0,61431.0
2025-09-09,12850.0,13100.0,12776.0,13064.0,55948.0
2025-09-10,13120.0,13297.0,12950.0,13054.0,47841.0
2025-09-11,13140.0,13260.0,13004.0,13099.0,25540.0
2025-09-12,13188.0,13243.0,13107.0,13211.0,66532.0
2025-09-15,13279.0,13280.0,13111.0,13198.0,51240.0
2025-09-16,13275.0,13600.0,13158.0,13525.0,53962.0
2025-09-17,13590.0,13880.0,13551.0,13663.0,63527.0
2025-09-18,13664.0,13703.0,13445.0,13467.0,25665.0
2025-09-19,13469.0,13520.0,13152.0,13206.0,95999.0
2025-09-22,13209.0,13419.0,13142.0,13279.0,29040.0
2025-09-23,13328.0,13345.0,13175.0,13265.0,28684.0
2025-09-24,13215.0,13290.0,13152.0,13203.0,14576.0
2025-09-25,13225.0,13263.0,12850.0,12899.0,31085.0
2025-09-26,12897.0,12985.0,12544.0,12698.0,32351.0
2025-09-29,12798.0,12903.0,12320.0,12462.0,125091.0
2025-09-30,12570.0,12690.0,11890.0,12247.0,103078.0
2025-10-01,12100.0,12301.0,11940.0,11996.0,81652.0
2025-10-03,12039.0,12039.0,11780.0,11819.0,119815.0
2025-10-06,11828.0,11986.0,11782.0,11802.0,57423.0
2025-10-07,11880.0,12148.0,11810.0,12089.0,102380.0
2025-10-08,12250.0,12273.0,12015.0,12093.0,38642.0
2025-10-09,12151.0,12166.0,11884.0,11909.0,33143.0
2025-10-10,11980.0,12148.0,11888.0,12074.0,31215.0
2025-10-13,11911.0,12400.0,11911.0,12354.0,44409.0
2025-10-14,12302.0,12362.0,12095.0,12211.0,39400.0
2025-10-15,12225.0,12300.0,12125.0,12217.0,25443.0
2025-10-16,12217.0,12563.0,12217.0,12501.0,46094.0
2025-10-17,12520.0,12681.0,12325.0,12655.0,46744.0
2025-10-20,12593.0,12676.0,12510.0,12605.0,24435.0
2025-10-21,12799.0,12799.0,12623.0,12732.0,7414.0
2025-10-23,12735.0,13186.0,12683.0,13144.0,102501.0
2025-10-24,13144.0,13167.0,12953.0,13144.0,76553.0
2025-10-27,13140.0,13157.0,12901.0,12953.0,42072.0
2025-10-28,12953.0,13074.0,12727.0,12787.0,78709.0
2025-10-29,12786.0,12793.0,12513.0,12619.0,22032.0
2025-10-30,12700.0,12700.0,12350.0,12446.0,23844.0
2025-10-31,12534.0,12534.0,12273.0,12303.0,29810.0
2025-11-03,12303.0,12303.0,12014.0,12127.0,42681.0
2025-11-04,12106.0,12463.0,12006.0,12091.0,35113.0
2025-11-06,12139.0,13250.0,12015.0,13139.0,706323.0
2025-11-07,13000.0,13000.0,12510.0,12580.0,87011.0
2025-11-10,12594.0,13157.0,12570.0,12614.0,85196.0
2025-11-11,12614.0,12634.0,12050.0,12156.0,73726.0
2025-11-12,12499.0,12500.0,11934.0,11998.0,82679.0
2025-11-13,12000.0,12133.0,11964.0,11981.0,40621.0
2025-11-14,12041.0,12642.0,12019.0,12570.0,174364.0
2025-11-17,12574.0,12964.0,12090.0,12124.0,110495.0
2025-11-18,12159.0,12189.0,11828.0,11872.0,85666.0
2025-11-19,11949.0,11959.0,11679.0,11733.0,61239.0
2025-11-20,11679.0,11809.0,11667.0,11747.0,39186.0
2025-11-21,11747.0,11824.0,11601.0,11641.0,54164.0
2025-11-24,11721.0,11731.0,11351.0,11473.0,161587.0
2025-11-25,11500.0,11690.0,11352.0,11640.0,41900.0
2025-11-26,11690.0,11818.0,11425.0,11734.0,65740.0
2025-11-27,11740.0,11773.0,11221.0,11246.0,112924.0
2025-11-28,11329.0,11615.0,11100.0,11499.0,198137.0
2025-12-01,11519.0,11846.0,11300.0,11332.0,131948.0
2025-12-02,11300.0,11300.0,10922.0,11049.0,359605.0
2025-12-03,11116.0,11320.0,10985.0,11222.0,186376.0
2025-12-04,11249.0,11379.0,11080.0,11118.0,60360.0
2025-12-05,11121.0,11266.0,10980.0,11181.0,194196.0
2025-12-08,11100.0,11172.0,10890.0,10968.0,62994.0
2025-12-09,10988.0,11127.0,10880.0,11063.0,60470.0
2025-12-10,11062.0,11165.0,10977.0,11102.0,43035.0
2025-12-11,11089.0,11174.0,10968.0,10984.0,31891.0
2025-12-12,11035.0,11089.0,10880.0,10900.0,37619.0
2025-12-15,10905.0,11098.0,10830.0,11062.0,52244.0
2025-12-16,11032.0,11152.0,10945.0,11068.0,65436.0
2025-12-17,11075.0,11140.0,10987.0,11072.0,26971.0
2025-12-18,11106.0,11106.0,10800.0,10941.0,29991.0
2025-12-19,11020.0,11270.0,10962.0,11148.0,72371.0
2025-12-22,11158.0,11337.0,11102.0,11255.0,36705.0
2025-12-23,11255.0,11310.0,11186.0,11279.0,25921.0
2025-12-24,11240.0,11302.0,11198.0,11224.0,16358.0
2025-12-26,11199.0,11295.0,11149.0,11155.0,14887.0
2025-12-29,11120.0,11330.0,11120.0,11250.0,21182.0
2025-12-30,11236.0,11420.0,10913.0,10982.0,81987.0
2025-12-31,11020.0,11500.0,11020.0,11328.0,135869.0
2026-01-01,11350.0,11438.0,11220.0,11342.0,37154.0
2026-01-02,11342.0,11342.0,11072.0,11181.0,58889.0
2026-01-05,11199.0,11392.0,11100.0,11272.0,67952.0
2026-01-06,11272.0,11343.0,11101.0,11202.0,54515.0
2026-01-07,11224.0,11247.0,11029.0,11198.0,47399.0
2026-01-08,11200.0,11660.0,11138.0,11209.0,287380.0
2026-01-09,11201.0,11272.0,11016.0,11043.0,61206.0
2026-01-12,11134.0,11161.0,10640.0,10745.0,133197.0
2026-01-13,10785.0,10980.0,10624.0,10729.0,128939.0
2026-01-14,10799.0,10820.0,10600.0,10741.0,88075.0
2026-01-15,10741.0,10741.0,10741.0,10741.0,0.0
2026-01-16,10799.0,10810.0,10621.0,10682.0,52028.0
2026-01-19,10631.0,10788.0,10505.0,10648.0,42224.0
2026-01-20,10689.0,10689.0,10520.0,10560.0,45417.0
2026-01-21,10561.0,10661.0,10540.0,10613.0,43298.0
2026-01-22,10649.0,10787.0,10639.0,10735.0,33459.0
2026-01-23,10767.0,10785.0,10596.0,10668.0,131490.0
2026-01-27,10711.0,10744.0,10481.0,10609.0,76057.0
2026-01-28,10582.0,10754.0,10580.0,10704.0,50260.0
2026-01-29,10749.0,10775.0,10641.0,10727.0,37478.0
2026-01-30,10640.0,10860.0,10640.0,10800.0,66246.0
2026-02-02,10560.0,10697.0,10400.0,10661.0,46807.0
2026-02-03,10800.0,11035.0,10800.0,10915.0,83810.0
2026-02-04,10915.0,11086.0,10827.0,10889.0,48360.0
2026-02-05,11000.0,11310.0,10816.0,10891.0,211732.0
2026-02-06,10915.0,11023.0,10675.0,10999.0,53765.0
2026-02-09,11032.0,11139.0,10957.0,11101.0,52907.0
2026-02-10,11063.0,11150.0,11005.0,11081.0,33459.0
2026-02-11,11097.0,11195.0,11015.0,11111.0,28692.0
2026-02-12,11113.0,11181.0,11000.0,11040.0,24946.0
2026-02-13,11040.0,11040.0,10821.0,10881.0,32683.0
2026-02-16,10881.0,11239.0,10862.0,11133.0,46053.0
2026-02-17,11205.0,11274.0,11033.0,11217.0,34140.0
2026-02-18,11236.0,11440.0,11226.0,11413.0,58482.0
2026-02-19,11388.0,11460.0,11100.0,11188.0,68967.0
2026-02-20,11188.0,11217.0,10949.0,11188.0,61661.0
2026-02-23,11220.0,11632.0,11150.0,11501.0,137005.0
2026-02-24,11524.0,11558.0,11261.0,11330.0,62913.0
2026-02-25,11400.0,11449.0,11112.0,11166.0,114964.0
2026-02-26,11184.0,11224.0,10880.0,10951.0,109416.0
2026-02-27,10980.0,11060.0,10767.0,10804.0,83861.0
2026-03-02,10400.0,10720.0,10400.0,10695.0,35739.0
2026-03-04,10499.0,10681.0,10485.0,10651.0,54569.0
2026-03-05,10658.0,10726.0,10540.0,10663.0,36502.0
2026-03-06,10600.0,10791.0,10543.0,10560.0,29688.0
2026-03-09,10481.0,10489.0,10200.0,10250.0,53369.0
2026-03-10,10308.0,10352.0,10111.0,10289.0,59081.0
2026-03-11,10300.0,10419.0,10110.0,10177.0,66296.0
2026-03-12,10102.0,10103.0,9760.0,9789.0,83281.0
2026-03-13,9768.0,9856.0,9482.0,9506.0,60848.0
2026-03-16,9506.0,9691.0,9345.0,9631.0,46038.0
2026-03-17,9630.0,9729.0,9531.0,9663.0,31655.0
2026-03-18,9663.0,9900.0,9657.0,9859.0,32315.0
2026-03-19,9781.0,9781.0,9630.0,9674.0,74131.0
2026-03-20,9705.0,9794.0,9470.0,9512.0,42855.0
2026-03-23,9466.0,9498.0,9088.0,9162.0,46331.0
2026-03-24,9252.0,9436.0,9211.0,9337.0,46884.0
2026-03-25,9401.0,9662.0,9401.0,9554.0,49122.0
2026-03-27,9464.0,9531.0,9120.0,9150.0,131105.0
2026-03-30,9026.0,9090.0,8712.0,8746.0,108922.0
2026-04-01,8999.0,9166.0,8831.5,8907.0,71648.0
2026-04-02,8780.0,9020.0,8588.0,8992.5,52733.0
2026-04-06,9037.0,9190.0,8838.0,9131.0,48445.0
2026-04-07,9077.0,9300.0,8933.0,9237.0,46495.0
2026-04-08,9500.0,10100.5,9450.0,9970.0,101490.0
2026-04-09,9961.5,10090.0,9879.0,9912.5,54813.0
2026-04-10,9990.0,10118.5,9924.0,9997.5,42980.0
2026-04-13,9846.0,10022.0,9795.0,9858.0,39203.0
2026-04-15,10004.5,10167.5,9942.5,10058.5,53511.0
2026-04-16,10173.0,10260.0,10098.0,10205.0,81617.0
2026-04-17,10210.0,10401.0,10150.5,10355.5,47900.0
2026-04-20,10400.0,10496.0,10302.0,10388.0,38761.0
2026-04-21,10375.0,10449.0,10304.5,10329.0,20317.0
2026-04-22,10355.0,10425.5,10300.0,10376.0,25978.0
2026-04-23,10350.5,10583.0,10252.0,10376.5,50640.0
2026-04-24,10351.5,10450.0,10210.0,10259.5,32677.0
2026-04-27,10310.0,10420.0,10255.5,10333.5,20642.0
2026-04-28,10333.5,10392.0,10185.0,10246.5,65957.0
2026-04-29,10355.0,10470.0,10290.0,10305.5,23745.0
2026-04-30,10355.0,10372.5,10120.5,10267.0,28916.0
2026-05-01,10267.0,10267.0,10267.0,10267.0,0.0
2026-05-04,10399.0,10691.0,10276.0,10376.0,48288.0
2026-05-05,10376.0,10498.0,10231.0,10469.0,28968.0
2026-05-06,10600.0,10799.0,10514.0,10612.0,47202.0
2026-05-07,10800.0,10804.0,10542.0,10597.0,139708.0
2026-05-08,10545.0,10840.0,10342.0,10632.0,79849.0
2026-05-11,10632.0,10662.0,10370.0,10425.0,34410.0
2026-05-12,10410.0,10525.0,10062.0,10097.0,42479.0
2026-05-13,10060.0,10195.0,9958.0,10025.0,32335.0
2026-05-14,10074.0,10473.0,9940.0,10357.0,57961.0
2026-05-15,10305.0,10482.0,10229.0,10308.0,21073.0
2026-05-18,10250.0,10425.0,10100.0,10367.0,30521.0
2026-05-19,10367.0,10475.0,10270.0,10313.0,30959.0
2026-05-20,10237.0,10498.0,10171.0,10468.0,39588.0
2026-05-21,10540.0,10685.0,10200.0,10402.0,78531.0
2026-05-22,10389.0,10575.0,10370.0,10483.0,29263.0
2026-05-25,10650.0,10741.0,10535.0,10642.0,33285.0
2026-05-26,10681.0,10931.0,10601.0,10705.0,47093.0
2026-05-27,10705.0,10710.0,10500.0,10556.0,30861.0
2026-05-28,10556.0,10556.0,10556.0,10556.0,0.0
2026-05-29,10570.0,10620.0,10270.0,10361.0,103855.0
2026-06-01,10450.0,10547.0,10200.0,10270.0,66761.0
2026-06-02,10295.0,10318.0,10073.0,10240.0,31461.0
2026-06-03,10200.0,10265.0,10060.0,10190.0,25913.0
2026-06-04,10149.0,10278.0,10081.0,10127.0,24423.0
2026-06-05,10189.0,10355.0,10131.0,10199.0,68806.0
2026-06-08,10092.0,10092.0,9816.0,9868.0,45644.0
2026-06-09,9938.0,10280.0,9870.0,10253.0,57488.0
2026-06-10,10280.0,10283.0,9974.0,10035.0,32889.0
2026-06-11,9976.0,10021.0,9850.0,9863.0,29918.0
2026-06-12,9958.0,10199.0,9904.0,10161.0,29301.0
2026-06-15,10280.0,10552.0,10254.0,10286.0,62629.0
2026-06-16,10350.0,10500.0,10295.0,10464.0,32359.0
2026-06-17,10500.0,10598.0,10414.0,10500.0,39333.0
2026-06-18,10550.0,10705.0,10500.0,10676.0,50170.0
2026-06-19,10740.0,10844.0,10582.0,10677.0,56613.0
2026-06-22,10741.0,10939.0,10690.0,10895.0,97395.0
2026-06-23,10920.0,10995.0,10600.0,10615.0,67206.0
2026-06-24,10630.0,10701.0,10523.0,10583.0,60977.0
2026-06-25,10583.0,10810.0,10570.0,10599.0,34737.0
2026-06-26,10599.0,10599.0,10599.0,10599.0,0.0
2026-06-29,10599.0,10692.0,10555.0,10592.0,52336.0
2026-06-30,10545.0,10670.0,10385.0,10603.0,92118.0
2026-07-01,10649.0,10905.0,10513.0,10719.0,88123.0
2026-07-02,10780.0,10910.0,10753.0,10858.0,46088.0
2026-07-03,10939.0,11218.0,10921.0,11079.0,65821.0
2026-07-06,11111.0,11148.0,10787.0,10819.0,43332.0
2026-07-07,10923.0,10943.0,10710.0,10759.0,37791.0
2026-07-08,10650.0,10728.0,10276.0,10336.0,56531.0
2026-07-09,10392.0,10611.0,10388.0,10581.0,48069.0
2026-07-10,10687.0,10695.0,10493.0,10654.0,23369.0
2026-07-13,10150.0,10915.0,10132.0,10752.0,83705.0
2026-07-14,10635.0,10714.0,10459.0,10486.0,29082.0
2026-07-15,10480.0,10577.0,10458.0,10531.0,42422.0
2026-07-16,10531.0,10559.0,10380.0,10417.0,60178.0
2026-07-17,10444.0,10533.0,10345.0,10398.0,68257.0
2026-07-20,10369.0,10446.0,10285.0,10299.0,67812.0
2026-07-21,10299.0,10525.0,10299.0,10446.0,109643.0
2026-07-22,10446.0,10544.0,10304.0,10425.0,41630.0
2026-07-23,10446.0,10700.0,10378.0,10636.0,108337.0
2026-07-24,10625.0,10750.0,10555.0,10679.0,73470.0
2026-07-27,10694.0,10829.0,10631.0,10810.0,69044.0
2026-07-28,10800.0,10886.0,10741.0,10831.0,50011.0
2026-07-29,10875.0,10968.0,10810.0,10949.0,25720.0
2026-07-30,10875.0,10990.0,10875.0,10970.0,39575.0
2026-07-31,11000.0,11467.0,10951.0,11343.0,89978.0
2026-08-03,11313.0,11629.0,11257.0,11599.0,46101.0
2026-08-04,11530.0,11598.0,11364.0,11475.0,26227.0
2026-08-05,11510.0,11624.0,11419.0,11496.0,36376.0
2026-08-06,11496.0,11583.0,11387.0,11387.0,49087.0
2026-08-07,11400.0,11428.0,11263.0,11263.0,25976.0
2026-08-10,11263.0,11498.0,11219.0,11471.0,36334.0
2026-08-11,11490.0,11599.0,11412.0,11550.0,36058.0
2026-08-12,11587.0,11587.0,11410.0,11579.0,21972.0
2026-08-13,11570.0,11570.0,11410.0,11500.0,17501.0
2026-08-14,11540.0,11541.0,11387.0,11475.0,31456.0
2026-08-17,11511.0,11574.0,11306.0,11379.0,147900.0
2026-08-18,11379.0,11435.0,11211.0,11254.0,21569.0
2026-08-19,11264.0,11383.0,11234.0,11380.0,25169.0
2026-08-20,11380.0,11423.0,11303.0,11368.0,26558.0
2026-08-21,11360.0,11410.0,11280.0,11320.0,24339.0
2026-08-24,11250.0,11360.0,11050.0,11120.0,70315.0
2026-08-25,11120.0,11290.0,10811.0,11290.0,64609.0
2026-08-26,11270.0,11540.0,11223.0,11540.0,34213.0
2026-08-27,11440.0,11520.0,11331.0,11399.0,55310.0
2026-08-28,11406.0,11429.0,11250.0,11340.0,31945.0
2026-08-31,11340.0,11644.0,11230.0,11644.0,51276.0
2026-09-01,11480.0,11500.0,11282.0,11310.0,44566.0
2026-09-02,11210.0,11247.0,11059.0,11100.0,32382.0
2026-09-03,11070.0,11260.0,11028.0,11165.0,114534.0
2026-09-04,11102.0,11355.0,11100.0,11162.0,37106.0
2026-09-07,11200.0,11200.0,10956.0,10956.0,40066.0
2026-09-08,11094.0,11124.0,10970.0,11046.0,28503.0
2026-09-09,11049.0,11133.0,11001.0,11078.0,18502.0
2026-09-10,11078.0,11078.0,10965.0,10992.0,18035.0
2026-09-11,10990.0,11146.0,10922.0,11134.0,49910.0
2026-09-14,11134.0,11134.0,11134.0,11134.0,0.0
2026-09-15,11134.0,11208.0,11060.0,11100.0,56888.0
2026-09-16,11011.0,11090.0,10925.0,10930.0,25570.0
2026-09-17,10928.0,11066.0,10884.0,11010.0,29620.0
2026-09-18,11094.0,11363.0,11070.0,11282.0,56100.0
2026-09-21,11282.0,11434.0,11227.0,11409.0,54157.0
2026-09-22,11312.0,11389.0,11103.0,11185.0,71522.0
2026-09-23,11267.0,11449.0,11195.0,11449.0,23489.0
2026-09-24,11390.0,11390.0,10898.0,10917.0,43678.0
2026-09-25,10925.0,11027.0,10738.0,10940.0,41708.0
2026-09-28,10925.0,10940.0,10791.0,10800.0,31440.0
2026-09-29,10730.0,10873.0,10600.0,10600.0,65092.0
2026-09-30,10686.0,10805.0,10655.0,10788.0,40117.0
2026-10-01,10775.0,10775.0,10415.0,10666.0,39942.0
2026-10-05,10580.0,10892.0,10554.0,10732.0,50104.0
2026-10-06,10732.0,10798.0,10555.0,10600.0,39830.0
2026-10-07,10699.0,10779.0,10568.0,10730.0,29897.0
