date,open,high,low,close,volume
2011-05-06,196.60000610351562,198.89999389648438,161.39999389648438,175.89999389648438,60613615.0
2011-05-09,174.0,179.75,168.75,171.35000610351562,6129552.0
2011-05-10,171.0,177.39999389648438,169.5,176.35000610351562,5514954.0
2011-05-11,177.0,178.6999969482422,172.39999389648438,175.10000610351562,3348158.0
2011-05-12,174.0,174.39999389648438,165.0500030517578,169.0500030517578,2719399.0
2011-05-13,168.0,170.6999969482422,165.3000030517578,166.0500030517578,998959.0
2011-05-16,165.85000610351562,165.85000610351562,159.10000610351562,160.5,1530085.0
2011-05-17,161.0,162.0,155.8000030517578,159.89999389648438,875597.0
2011-05-18,159.5,163.0,158.1999969482422,159.14999389648438,567443.0
2011-05-19,160.14999389648438,160.3000030517578,155.0,155.5,276867.0
2011-05-20,156.0,162.39999389648438,155.14999389648438,158.0,731694.0
2011-05-23,157.85000610351562,159.89999389648438,155.5,158.0,343551.0
2011-05-24,158.0,162.25,156.60000610351562,161.1999969482422,568661.0
2011-05-25,160.60000610351562,163.8000030517578,154.75,155.4499969482422,601050.0
2011-05-26,157.10000610351562,160.39999389648438,156.0,157.60000610351562,512762.0
2011-05-27,158.89999389648438,175.0,158.89999389648438,172.89999389648438,4218741.0
2011-05-30,171.4499969482422,176.89999389648438,171.4499969482422,175.60000610351562,1223067.0
2011-05-31,176.0,176.89999389648438,171.0500030517578,175.4499969482422,604495.0
2011-06-01,175.75,181.75,172.9499969482422,180.85000610351562,1963698.0
2011-06-02,179.89999389648438,183.1999969482422,175.10000610351562,175.8000030517578,1546385.0
2011-06-03,174.0,178.85000610351562,171.35000610351562,177.89999389648438,1330147.0
2011-06-06,178.5,179.39999389648438,175.0,175.25,347137.0
2011-06-07,175.5,176.75,173.35000610351562,174.3000030517578,204739.0
2011-06-08,174.39999389648438,175.4499969482422,168.0,170.3000030517578,465391.0
2011-06-09,170.5,171.25,167.75,168.1999969482422,228604.0
2011-06-10,167.5500030517578,169.39999389648438,162.10000610351562,164.35000610351562,288082.0
2011-06-13,166.5,169.1999969482422,163.0500030517578,167.39999389648438,292508.0
2011-06-14,168.1999969482422,168.1999969482422,163.0500030517578,164.1999969482422,283959.0
2011-06-15,163.14999389648438,163.14999389648438,159.5,161.3000030517578,439170.0
2011-06-16,160.39999389648438,160.39999389648438,155.39999389648438,156.60000610351562,292400.0
2011-06-17,156.3000030517578,160.89999389648438,154.75,158.0500030517578,246344.0
2011-06-20,158.5500030517578,159.0,153.9499969482422,154.25,302130.0
2011-06-21,155.85000610351562,156.5,153.1999969482422,153.5,195394.0
2011-06-22,155.0,155.60000610351562,151.5,152.0,369374.0
2011-06-23,152.0,153.39999389648438,150.35000610351562,150.5,342393.0
2011-06-24,151.5,155.0,151.5,154.1999969482422,185985.0
2011-06-27,154.5,162.75,153.3000030517578,161.60000610351562,433739.0
2011-06-28,162.0500030517578,166.4499969482422,162.0500030517578,164.75,284992.0
2011-06-29,163.0,166.39999389648438,158.9499969482422,159.60000610351562,191610.0
2011-06-30,160.14999389648438,161.35000610351562,155.0,157.0,316850.0
2011-07-01,158.10000610351562,161.1999969482422,156.60000610351562,157.64999389648438,436070.0
2011-07-04,157.5,166.6999969482422,157.0,165.85000610351562,539440.0
2011-07-05,165.85000610351562,166.9499969482422,162.6999969482422,163.3000030517578,194339.0
2011-07-06,162.9499969482422,163.5,161.0500030517578,162.10000610351562,85854.0
2011-07-07,163.0,168.14999389648438,162.14999389648438,167.60000610351562,345960.0
2011-07-08,167.64999389648438,173.8000030517578,165.0,166.35000610351562,415999.0
2011-07-11,166.0,168.5,162.0,162.75,136170.0
2011-07-12,161.39999389648438,164.85000610351562,160.0,163.39999389648438,236220.0
2011-07-13,163.3000030517578,167.0,158.0,166.1999969482422,139147.0
2011-07-14,164.0500030517578,174.5,163.0,172.0500030517578,621576.0
2011-07-15,172.0,173.0,169.10000610351562,171.64999389648438,178941.0
2011-07-18,170.0,173.8000030517578,170.0,173.14999389648438,232122.0
2011-07-19,173.5,176.0,171.14999389648438,175.25,303391.0
2011-07-20,175.85000610351562,176.5,171.64999389648438,174.0,459548.0
2011-07-21,172.39999389648438,180.39999389648438,171.64999389648438,176.1999969482422,830956.0
2011-07-22,177.9499969482422,179.64999389648438,175.39999389648438,178.60000610351562,702506.0
2011-07-25,178.0,186.25,176.5500030517578,185.39999389648438,1433120.0
2011-07-26,185.25,191.64999389648438,180.5500030517578,182.39999389648438,1818056.0
2011-07-27,182.89999389648438,194.39999389648438,181.89999389648438,187.1999969482422,2979777.0
2011-07-28,189.39999389648438,192.4499969482422,185.9499969482422,186.9499969482422,1589669.0
2011-07-29,187.0500030517578,187.4499969482422,182.3000030517578,185.35000610351562,455865.0
2011-08-01,188.0,192.85000610351562,186.10000610351562,190.60000610351562,1132886.0
2011-08-02,189.9499969482422,190.5500030517578,182.6999969482422,184.9499969482422,383466.0
2011-08-03,179.9499969482422,188.0,177.5,186.25,614544.0
2011-08-04,187.0500030517578,190.89999389648438,186.60000610351562,189.3000030517578,593303.0
2011-08-05,183.1999969482422,190.9499969482422,179.0,188.0500030517578,969290.0
2011-08-08,182.5,190.0,181.10000610351562,188.8000030517578,490168.0
2011-08-09,185.10000610351562,188.8000030517578,181.10000610351562,183.1999969482422,369035.0
2011-08-10,188.0,190.0,184.60000610351562,188.9499969482422,416888.0
2011-08-11,185.64999389648438,198.39999389648438,185.39999389648438,194.1999969482422,2215486.0
2011-08-12,196.0,196.6999969482422,186.0500030517578,188.39999389648438,832097.0
2011-08-16,188.0,192.75,182.3000030517578,183.4499969482422,210663.0
2011-08-17,183.1999969482422,187.5,177.5,179.5,264162.0
2011-08-18,180.0,180.39999389648438,165.25,169.64999389648438,385971.0
2011-08-19,168.0500030517578,177.5,165.10000610351562,176.5500030517578,383366.0
2011-08-22,177.9499969482422,181.6999969482422,176.0500030517578,180.3000030517578,176545.0
2011-08-23,181.6999969482422,184.64999389648438,178.4499969482422,180.3000030517578,383793.0
2011-08-24,156.89999389648438,180.0,156.89999389648438,179.25,103210.0
2011-08-25,179.0,179.25,169.0,170.5,758353.0
2011-08-26,171.10000610351562,173.85000610351562,167.5,169.14999389648438,354815.0
2011-08-29,170.0,172.5,166.0500030517578,169.35000610351562,194875.0
2011-08-30,170.0500030517578,179.6999969482422,170.0500030517578,179.14999389648438,379682.0
2011-09-02,182.14999389648438,189.89999389648438,174.1999969482422,186.10000610351562,262654.0
2011-09-05,186.6999969482422,188.0,181.1999969482422,181.85000610351562,218302.0
2011-09-06,182.0,185.4499969482422,180.0,182.5500030517578,146282.0
2011-09-07,183.5,186.5,181.75,182.39999389648438,78864.0
2011-09-08,182.5,184.5500030517578,175.6999969482422,176.25,262987.0
2011-09-09,177.9499969482422,182.0,175.0,179.0500030517578,106637.0
2011-09-12,176.10000610351562,179.0,174.0500030517578,176.35000610351562,49661.0
2011-09-13,177.75,180.75,174.85000610351562,175.35000610351562,45513.0
2011-09-14,176.10000610351562,179.89999389648438,169.5500030517578,172.5,163630.0
2011-09-15,173.89999389648438,176.0,171.89999389648438,173.39999389648438,91505.0
2011-09-16,175.14999389648438,177.89999389648438,173.25,175.0500030517578,231405.0
2011-09-19,174.89999389648438,176.9499969482422,173.0500030517578,175.25,212461.0
2011-09-20,176.5,177.0,171.5500030517578,172.0500030517578,155934.0
2011-09-21,172.25,172.75,170.5,171.0500030517578,117057.0
2011-09-22,169.6999969482422,171.5,165.5500030517578,166.8000030517578,180369.0
2011-09-23,164.9499969482422,170.6999969482422,160.0,169.39999389648438,331445.0
2011-09-26,167.0,168.39999389648438,158.64999389648438,162.75,271529.0
2011-09-27,163.35000610351562,169.0,163.35000610351562,166.8000030517578,106890.0
2011-09-28,168.10000610351562,168.5,161.6999969482422,162.64999389648438,100163.0
2011-09-29,162.64999389648438,163.89999389648438,161.0,162.85000610351562,94644.0
2011-09-30,163.0,166.0,162.0,164.10000610351562,115130.0
2011-10-03,161.0,162.85000610351562,157.60000610351562,159.5500030517578,130708.0
2011-10-04,159.0,161.89999389648438,153.5,154.10000610351562,175801.0
2011-10-05,157.8000030517578,159.75,155.0500030517578,159.4499969482422,110600.0
2011-10-07,160.3000030517578,163.3000030517578,158.9499969482422,159.85000610351562,134329.0
2011-10-10,160.60000610351562,162.85000610351562,160.0,162.14999389648438,78598.0
2011-10-11,162.5,168.39999389648438,162.5,166.25,255446.0
2011-10-12,167.64999389648438,171.0,166.9499969482422,170.10000610351562,177423.0
2011-10-13,169.89999389648438,174.0,169.10000610351562,169.6999969482422,125304.0
2011-10-14,168.10000610351562,170.39999389648438,165.14999389648438,169.39999389648438,92279.0
2011-10-17,170.0,171.85000610351562,167.10000610351562,168.35000610351562,92022.0
2011-10-18,168.0,168.0,165.10000610351562,166.39999389648438,42458.0
2011-10-19,167.89999389648438,168.89999389648438,166.4499969482422,167.0,110215.0
2011-10-20,165.5,167.0,165.0,166.64999389648438,29586.0
2011-10-21,167.0,168.89999389648438,165.0,165.4499969482422,66969.0
2011-10-24,166.5500030517578,169.9499969482422,164.64999389648438,165.64999389648438,62274.0
2011-10-25,166.0500030517578,167.6999969482422,163.5,164.85000610351562,201894.0
2011-10-28,170.85000610351562,183.75,170.85000610351562,179.85000610351562,695384.0
2011-10-31,180.9499969482422,187.0,177.5,183.89999389648438,465280.0
2011-11-01,183.0,183.0500030517578,173.0500030517578,174.35000610351562,244785.0
2011-11-02,175.0,176.39999389648438,172.10000610351562,173.35000610351562,233617.0
2011-11-03,171.3000030517578,178.0,171.3000030517578,176.1999969482422,107004.0
2011-11-04,178.0,181.3000030517578,177.39999389648438,180.5500030517578,139112.0
2011-11-08,181.9499969482422,189.39999389648438,180.5,188.1999969482422,387686.0
2011-11-09,188.1999969482422,189.0,186.0,187.1999969482422,303756.0
2011-11-11,183.60000610351562,218.39999389648438,183.60000610351562,187.85000610351562,331227.0
2011-11-14,188.14999389648438,191.0,186.5,188.75,261344.0
2011-11-15,187.0,189.6999969482422,182.75,183.75,140650.0
2011-11-16,184.0,184.89999389648438,180.0,181.3000030517578,321632.0
2011-11-17,181.25,185.0,175.10000610351562,177.9499969482422,116575.0
2011-11-18,176.1999969482422,176.1999969482422,143.9499969482422,172.3000030517578,155385.0
2011-11-21,170.0500030517578,172.5,150.0,168.75,130327.0
2011-11-22,168.5,176.25,168.0,169.9499969482422,411149.0
2011-11-23,169.0500030517578,171.0500030517578,167.0500030517578,167.85000610351562,370592.0
2011-11-24,169.9499969482422,172.89999389648438,165.1999969482422,169.6999969482422,78232.0
2011-11-25,171.8000030517578,172.39999389648438,167.14999389648438,168.3000030517578,149524.0
2011-11-28,169.1999969482422,171.35000610351562,164.14999389648438,169.4499969482422,113047.0
2011-11-29,170.0,171.85000610351562,167.5,169.9499969482422,106819.0
2011-11-30,170.8000030517578,170.8000030517578,165.5,167.1999969482422,82482.0
2011-12-01,172.0500030517578,176.14999389648438,168.89999389648438,169.9499969482422,173286.0
2011-12-02,169.9499969482422,176.5,168.10000610351562,174.8000030517578,179917.0
2011-12-05,174.9499969482422,174.9499969482422,159.9499969482422,171.89999389648438,132952.0
2011-12-07,174.5,178.5,174.3000030517578,175.9499969482422,324843.0
2011-12-08,162.0,175.85000610351562,150.0,173.89999389648438,98865.0
2011-12-09,171.9499969482422,173.0,170.14999389648438,171.25,59712.0
2011-12-12,172.14999389648438,172.5,169.25,171.5,80154.0
2011-12-13,170.10000610351562,170.8000030517578,168.0,168.75,148162.0
2011-12-14,170.89999389648438,170.9499969482422,167.0,167.4499969482422,74313.0
2011-12-15,167.6999969482422,167.9499969482422,155.25,156.85000610351562,423957.0
2011-12-16,152.0,160.0,152.0,158.0,555954.0
2011-12-19,158.0,158.0,154.14999389648438,155.75,41878.0
2011-12-20,156.1999969482422,158.60000610351562,153.5,154.8000030517578,142800.0
2011-12-21,156.0,156.0,150.5,154.39999389648438,171099.0
2011-12-22,154.0,156.0,152.35000610351562,153.60000610351562,127721.0
2011-12-23,163.5,163.5,154.1999969482422,154.89999389648438,67955.0
2011-12-26,155.89999389648438,159.39999389648438,153.0,155.64999389648438,65494.0
2011-12-27,157.5,158.3000030517578,155.1999969482422,156.25,48500.0
2011-12-28,156.60000610351562,156.60000610351562,155.10000610351562,155.39999389648438,26315.0
2011-12-29,155.14999389648438,157.0,153.0,153.85000610351562,30338.0
2011-12-30,154.0,157.0,152.85000610351562,155.39999389648438,75346.0
2012-01-02,156.89999389648438,160.4499969482422,153.0,155.14999389648438,54450.0
2012-01-03,156.5,156.8000030517578,153.9499969482422,154.85000610351562,133083.0
2012-01-04,156.8000030517578,156.8000030517578,153.64999389648438,154.25,239405.0
2012-01-05,153.89999389648438,156.5,152.60000610351562,155.0,214067.0
2012-01-06,155.0,155.5,152.5500030517578,153.3000030517578,287925.0
2012-01-09,153.6999969482422,154.0500030517578,152.1999969482422,152.6999969482422,51482.0
2012-01-10,153.0,158.39999389648438,152.85000610351562,154.4499969482422,806486.0
2012-01-11,155.9499969482422,157.0,153.25,154.10000610351562,507249.0
2012-01-12,154.9499969482422,156.64999389648438,153.64999389648438,156.0500030517578,1156739.0
2012-01-13,157.0500030517578,162.8000030517578,157.0500030517578,159.39999389648438,312112.0
2012-01-16,157.0,159.0,155.5,157.4499969482422,205729.0
2012-01-17,158.39999389648438,163.3000030517578,157.5,162.1999969482422,362494.0
2012-01-18,162.1999969482422,163.25,160.10000610351562,160.4499969482422,116824.0
2012-01-19,161.9499969482422,162.89999389648438,160.14999389648438,161.89999389648438,208318.0
2012-01-20,162.0,166.5,161.1999969482422,163.1999969482422,173229.0
2012-01-23,163.0,165.9499969482422,163.0,164.4499969482422,189356.0
2012-01-24,163.64999389648438,169.0,163.64999389648438,166.9499969482422,341262.0
2012-01-25,167.0500030517578,170.25,165.0,168.10000610351562,259425.0
2012-01-27,169.0,179.89999389648438,167.0500030517578,176.6999969482422,501328.0
2012-01-30,176.0,180.0,175.5500030517578,177.9499969482422,306018.0
2012-01-31,179.6999969482422,185.89999389648438,174.64999389648438,181.0500030517578,875805.0
2012-02-01,181.0500030517578,186.0,178.35000610351562,179.9499969482422,315443.0
2012-02-02,181.89999389648438,184.0,180.10000610351562,182.9499969482422,250199.0
2012-02-03,183.0,187.0,178.0,181.64999389648438,98298.0
2012-02-06,185.25,185.85000610351562,180.9499969482422,182.5500030517578,327932.0
2012-02-07,182.39999389648438,182.39999389648438,170.60000610351562,174.1999969482422,1284511.0
2012-02-08,174.85000610351562,175.89999389648438,166.3000030517578,169.85000610351562,567842.0
2012-02-09,172.4499969482422,172.75,158.3000030517578,160.0,1925820.0
2012-02-10,162.39999389648438,164.5,156.10000610351562,159.5500030517578,786288.0
2012-02-13,160.5500030517578,163.89999389648438,159.6999969482422,163.0500030517578,154376.0
2012-02-14,163.5,165.4499969482422,161.89999389648438,164.35000610351562,279670.0
2012-02-15,165.0,172.5,164.10000610351562,171.10000610351562,274949.0
2012-02-16,170.9499969482422,171.9499969482422,169.10000610351562,170.8000030517578,220067.0
2012-02-17,171.0,177.39999389648438,170.0,171.0,361429.0
2012-02-21,173.0,174.8000030517578,171.0,173.0500030517578,195013.0
2012-02-22,174.10000610351562,174.89999389648438,167.85000610351562,168.39999389648438,484891.0
2012-02-23,167.0,171.25,162.0500030517578,163.1999969482422,364056.0
2012-02-24,165.0500030517578,167.0,160.1999969482422,161.64999389648438,233740.0
2012-02-27,161.64999389648438,163.89999389648438,154.0,156.85000610351562,590309.0
2012-02-28,157.89999389648438,159.89999389648438,153.14999389648438,154.9499969482422,612032.0
2012-02-29,154.39999389648438,157.75,154.39999389648438,155.85000610351562,183652.0
2012-03-01,155.3000030517578,158.89999389648438,153.8000030517578,154.75,88643.0
2012-03-02,158.8000030517578,158.8000030517578,154.10000610351562,154.85000610351562,426442.0
2012-03-05,155.9499969482422,158.1999969482422,154.9499969482422,156.39999389648438,319801.0
2012-03-06,157.0,159.25,155.3000030517578,158.0500030517578,661185.0
2012-03-07,158.0,165.3000030517578,157.0,163.4499969482422,409368.0
2012-03-09,165.4499969482422,167.6999969482422,162.4499969482422,163.60000610351562,200764.0
2012-03-12,165.0,165.85000610351562,159.5,161.1999969482422,192871.0
2012-03-13,162.5,167.6999969482422,160.60000610351562,166.25,238643.0
2012-03-14,166.5,169.5,165.10000610351562,166.3000030517578,163718.0
2012-03-15,166.75,171.89999389648438,166.1999969482422,169.5500030517578,306124.0
2012-03-16,170.0,172.0,163.14999389648438,166.8000030517578,332146.0
2012-03-19,168.10000610351562,169.5,164.0500030517578,164.85000610351562,205723.0
2012-03-20,165.0,166.9499969482422,161.89999389648438,164.0,79514.0
2012-03-21,161.5,164.89999389648438,161.5,162.4499969482422,115284.0
2012-03-22,158.0,158.0,130.0,147.0500030517578,9802639.0
2012-03-23,147.0,153.25,145.14999389648438,146.64999389648438,675852.0
2012-03-26,146.5500030517578,148.9499969482422,134.10000610351562,138.85000610351562,522021.0
2012-03-27,140.9499969482422,140.9499969482422,120.05000305175781,127.9000015258789,4341550.0
2012-03-28,128.0,144.1999969482422,124.0,131.85000610351562,2946112.0
2012-03-29,133.0,133.8000030517578,129.64999389648438,132.1999969482422,508475.0
2012-03-30,126.5,131.3000030517578,125.0,126.5999984741211,1690147.0
2012-04-02,127.05000305175781,129.8000030517578,125.0,126.8499984741211,808374.0
2012-04-03,127.94999694824219,137.64999389648438,126.0999984741211,128.60000610351562,3221140.0
2012-04-04,127.8499984741211,132.75,127.30000305175781,131.0,1547430.0
2012-04-09,131.0,133.5500030517578,129.4499969482422,131.10000610351562,590367.0
2012-04-10,131.5,132.39999389648438,129.0,130.1999969482422,553171.0
2012-04-11,130.0,131.0,128.5,130.0,164338.0
2012-04-12,130.9499969482422,132.60000610351562,130.0500030517578,131.35000610351562,230762.0
2012-04-13,131.5,132.5,130.60000610351562,131.75,214232.0
2012-04-16,132.0,132.0,130.0,131.0,96138.0
2012-04-17,131.8000030517578,134.89999389648438,124.19999694824219,133.35000610351562,962757.0
2012-04-18,133.5500030517578,133.5500030517578,128.5,131.14999389648438,736504.0
2012-04-19,131.25,133.39999389648438,129.75,132.10000610351562,285025.0
2012-04-20,130.5500030517578,131.89999389648438,126.5,126.55000305175781,1254256.0
2012-04-23,128.85000610351562,129.0,126.5,127.30000305175781,295481.0
2012-04-24,129.0,129.3000030517578,123.5,123.9000015258789,168210.0
2012-04-25,125.94999694824219,125.94999694824219,121.69999694824219,122.5999984741211,132696.0
2012-04-26,123.80000305175781,123.9000015258789,118.0999984741211,119.05000305175781,234368.0
2012-04-27,118.44999694824219,120.0,118.0999984741211,118.80000305175781,150203.0
2012-04-30,120.5,134.0,119.19999694824219,119.5999984741211,113324.0
2012-05-02,120.0,125.25,116.3499984741211,117.0,159121.0
2012-05-03,117.25,117.25,115.0,116.30000305175781,73980.0
2012-05-04,116.30000305175781,117.80000305175781,115.30000305175781,116.1500015258789,85659.0
2012-05-07,115.19999694824219,119.0,112.5999984741211,117.94999694824219,225822.0
2012-05-08,117.05000305175781,123.44999694824219,117.0,121.1500015258789,100829.0
2012-05-09,121.0,121.44999694824219,117.5,120.0999984741211,83292.0
2012-05-10,120.5999984741211,126.0,120.0999984741211,124.3499984741211,137181.0
2012-05-11,125.9000015258789,134.64999389648438,124.3499984741211,129.35000610351562,357460.0
2012-05-14,130.10000610351562,131.6999969482422,126.0999984741211,126.9000015258789,205861.0
2012-05-15,128.0,131.0,125.0,129.39999389648438,88471.0
2012-05-16,140.0,140.0,130.0,131.10000610351562,648811.0
2012-05-17,133.35000610351562,133.35000610351562,130.39999389648438,131.64999389648438,122381.0
2012-05-18,131.0,131.0,127.69999694824219,128.89999389648438,66286.0
2012-05-21,130.8000030517578,132.0,125.19999694824219,129.39999389648438,61695.0
2012-05-22,131.6999969482422,131.6999969482422,128.10000610351562,129.0500030517578,40638.0
2012-05-23,128.0,128.5,124.4000015258789,125.0,55050.0
2012-05-24,124.4000015258789,124.80000305175781,121.5,122.69999694824219,34892.0
2012-05-25,122.69999694824219,124.4000015258789,122.0,124.05000305175781,34429.0
2012-05-28,124.94999694824219,126.8499984741211,122.19999694824219,123.80000305175781,15762.0
2012-05-29,123.1500015258789,125.30000305175781,121.25,122.25,26762.0
2012-05-30,122.3499984741211,122.55000305175781,120.0,120.0999984741211,38867.0
2012-05-31,120.19999694824219,123.0,117.8499984741211,120.4000015258789,43857.0
2012-06-01,119.25,122.9000015258789,119.25,121.4000015258789,28592.0
2012-06-04,121.94999694824219,123.94999694824219,119.30000305175781,121.9000015258789,42297.0
2012-06-05,122.9000015258789,122.9000015258789,121.0,122.0,18474.0
2012-06-06,122.0,123.9000015258789,120.6500015258789,122.30000305175781,29565.0
2012-06-07,122.05000305175781,124.0999984741211,122.05000305175781,123.4000015258789,16687.0
2012-06-08,122.5999984741211,126.0,122.0,124.19999694824219,24023.0
2012-06-11,124.19999694824219,125.0,121.0999984741211,121.5,122738.0
2012-06-12,121.0,122.6500015258789,120.55000305175781,122.0,19997.0
2012-06-13,122.5999984741211,122.94999694824219,122.0999984741211,122.6500015258789,14530.0
2012-06-14,123.0,123.9000015258789,121.5999984741211,122.1500015258789,15729.0
2012-06-15,121.6500015258789,123.3499984741211,120.94999694824219,121.5,21359.0
2012-06-18,123.3499984741211,123.5,121.5,121.6500015258789,19247.0
2012-06-19,122.05000305175781,122.80000305175781,119.0,119.9000015258789,27061.0
2012-06-20,120.0999984741211,127.3499984741211,120.0999984741211,123.9000015258789,165445.0
2012-06-21,123.94999694824219,124.0,122.19999694824219,123.25,21758.0
2012-06-22,121.0999984741211,124.5,121.0,123.80000305175781,63219.0
2012-06-25,123.5,130.6999969482422,123.5,127.0999984741211,233976.0
2012-06-26,128.0,143.8000030517578,126.0999984741211,140.10000610351562,1572042.0
2012-06-27,141.1999969482422,149.5500030517578,136.5,140.39999389648438,3756273.0
2012-06-28,141.89999389648438,143.85000610351562,138.14999389648438,139.4499969482422,642028.0
2012-06-29,139.5,143.0,135.0,135.85000610351562,325415.0
2012-07-02,136.85000610351562,142.5,115.0999984741211,141.14999389648438,590829.0
2012-07-03,141.35000610351562,142.0,138.5,141.0,222634.0
2012-07-04,140.85000610351562,141.89999389648438,138.3000030517578,139.14999389648438,70922.0
2012-07-05,139.89999389648438,145.1999969482422,138.0500030517578,140.10000610351562,398116.0
2012-07-06,134.9499969482422,142.14999389648438,130.0,138.35000610351562,79045.0
2012-07-09,139.0,142.5,137.6999969482422,138.8000030517578,189195.0
2012-07-10,140.10000610351562,141.9499969482422,137.1999969482422,138.3000030517578,144387.0
2012-07-11,139.5,141.8000030517578,137.0,137.8000030517578,141974.0
2012-07-12,137.0500030517578,139.75,134.9499969482422,135.75,65414.0
2012-07-13,137.4499969482422,139.89999389648438,134.3000030517578,135.4499969482422,132574.0
2012-07-16,130.9499969482422,140.10000610351562,130.9499969482422,139.60000610351562,167063.0
2012-07-17,141.85000610351562,141.85000610351562,129.1999969482422,130.89999389648438,633244.0
2012-07-18,132.5,134.5,128.0,134.10000610351562,280843.0
2012-07-19,133.10000610351562,136.5,132.0500030517578,134.89999389648438,160739.0
2012-07-20,134.8000030517578,135.75,130.0,131.8000030517578,72668.0
2012-07-23,131.8000030517578,134.0,130.0,130.89999389648438,106048.0
2012-07-24,132.39999389648438,133.35000610351562,128.5,129.4499969482422,43234.0
2012-07-25,130.1999969482422,130.35000610351562,127.5999984741211,129.0,598060.0
2012-07-26,129.25,130.6999969482422,127.0,127.44999694824219,32549.0
2012-07-27,128.0500030517578,129.5500030517578,121.0,123.4000015258789,93592.0
2012-07-30,123.9000015258789,134.8000030517578,123.5,125.30000305175781,1405153.0
2012-07-31,126.5,136.0,121.80000305175781,132.89999389648438,997999.0
2012-08-01,131.9499969482422,136.0,130.0500030517578,135.35000610351562,405247.0
2012-08-02,134.9499969482422,136.9499969482422,133.8000030517578,135.0500030517578,104429.0
2012-08-03,134.10000610351562,136.85000610351562,132.0,133.8000030517578,244620.0
2012-08-06,138.5500030517578,138.5500030517578,134.0,136.0,103387.0
2012-08-07,135.9499969482422,135.9499969482422,133.25,133.6999969482422,50321.0
2012-08-08,134.75,135.4499969482422,133.14999389648438,133.8000030517578,45129.0
2012-08-09,135.85000610351562,135.85000610351562,133.0,133.14999389648438,33796.0
2012-08-10,134.4499969482422,134.60000610351562,133.14999389648438,133.60000610351562,24886.0
2012-08-13,133.0,133.35000610351562,129.0,129.35000610351562,141730.0
2012-08-14,129.4499969482422,132.5,128.0,128.60000610351562,176727.0
2012-08-16,128.60000610351562,135.39999389648438,124.5,132.3000030517578,596963.0
2012-08-17,134.0,135.5,131.0500030517578,132.0500030517578,279891.0
2012-08-21,133.25,133.5,131.0,131.5500030517578,92928.0
2012-08-22,130.1999969482422,133.25,130.0,131.75,123428.0
2012-08-23,131.85000610351562,134.1999969482422,128.39999389648438,129.35000610351562,113935.0
2012-08-24,131.0500030517578,132.0,129.0,130.9499969482422,203660.0
2012-08-27,132.25,134.0500030517578,129.60000610351562,130.85000610351562,174170.0
2012-08-28,131.5,132.0500030517578,125.3499984741211,126.30000305175781,96790.0
2012-08-29,128.0,129.6999969482422,121.9000015258789,122.69999694824219,95214.0
2012-08-30,122.5,123.80000305175781,121.19999694824219,122.4000015258789,63832.0
2012-08-31,119.1500015258789,127.19999694824219,119.1500015258789,125.69999694824219,116245.0
2012-09-03,126.05000305175781,131.75,126.0,130.5500030517578,175988.0
2012-09-04,129.60000610351562,132.14999389648438,129.25,130.0500030517578,107534.0
2012-09-05,129.35000610351562,132.0,129.3000030517578,130.5,58318.0
2012-09-06,131.89999389648438,132.0,130.6999969482422,131.39999389648438,69800.0
2012-09-07,132.0,134.4499969482422,130.5,131.89999389648438,97057.0
2012-09-10,132.60000610351562,139.25,132.3000030517578,137.14999389648438,294798.0
2012-09-11,138.0,153.0,136.0,151.39999389648438,1806603.0
2012-09-12,152.0,160.0,149.75,153.14999389648438,1502497.0
2012-09-13,153.0,166.39999389648438,152.0,163.6999969482422,1162714.0
2012-09-14,166.0,168.8000030517578,161.10000610351562,162.25,544087.0
2012-09-17,164.5,164.9499969482422,157.3000030517578,158.6999969482422,194064.0
2012-09-18,157.10000610351562,167.0,157.10000610351562,165.9499969482422,380348.0
2012-09-20,165.6999969482422,165.6999969482422,158.0,163.6999969482422,100646.0
2012-09-21,165.0,170.0,158.10000610351562,166.60000610351562,775666.0
2012-09-24,166.85000610351562,168.5,161.14999389648438,166.0500030517578,269380.0
2012-09-25,166.0,169.75,163.3000030517578,166.35000610351562,269382.0
2012-09-26,166.0,168.5,165.0500030517578,167.60000610351562,213923.0
2012-09-27,168.39999389648438,175.39999389648438,166.6999969482422,172.4499969482422,352440.0
2012-09-28,173.0500030517578,180.0,173.0500030517578,179.1999969482422,671692.0
2012-10-01,178.0500030517578,184.9499969482422,177.8000030517578,180.0500030517578,320802.0
2012-10-03,180.0,183.85000610351562,178.14999389648438,182.75,130879.0
2012-10-04,183.0500030517578,184.0,180.9499969482422,181.85000610351562,170385.0
2012-10-05,182.5,183.39999389648438,179.0,180.5,358696.0
2012-10-08,182.5,186.89999389648438,180.75,185.10000610351562,166779.0
2012-10-09,185.10000610351562,192.0,185.0,188.0500030517578,396740.0
2012-10-10,188.0500030517578,188.89999389648438,181.35000610351562,183.10000610351562,148067.0
2012-10-11,184.6999969482422,185.25,180.0,183.4499969482422,63193.0
2012-10-12,183.14999389648438,186.5500030517578,183.14999389648438,184.39999389648438,170472.0
2012-10-15,184.39999389648438,185.9499969482422,181.6999969482422,183.35000610351562,36790.0
2012-10-16,181.8000030517578,186.0,179.75,181.75,275502.0
2012-10-17,183.0500030517578,184.9499969482422,180.5,181.4499969482422,244037.0
2012-10-18,181.9499969482422,184.0,180.60000610351562,182.39999389648438,50895.0
2012-10-19,181.89999389648438,183.4499969482422,180.75,182.0500030517578,39391.0
2012-10-22,181.25,188.0,181.25,183.3000030517578,121805.0
2012-10-23,182.5500030517578,184.9499969482422,180.0,182.14999389648438,309643.0
2012-10-25,183.5500030517578,184.9499969482422,180.1999969482422,181.5500030517578,165026.0
2012-10-29,182.0500030517578,189.64999389648438,178.6999969482422,186.75,511046.0
2012-10-30,187.4499969482422,190.85000610351562,183.0,185.0,1487704.0
2012-10-31,185.10000610351562,188.64999389648438,183.25,185.35000610351562,45860.0
2012-11-01,185.39999389648438,186.14999389648438,183.75,185.0500030517578,37602.0
2012-11-02,185.5,187.60000610351562,185.0,185.4499969482422,37221.0
2012-11-05,186.0,190.0,184.60000610351562,189.35000610351562,96079.0
2012-11-06,189.75,191.89999389648438,187.14999389648438,188.10000610351562,282516.0
2012-11-07,188.89999389648438,189.89999389648438,187.14999389648438,187.9499969482422,32152.0
2012-11-08,186.14999389648438,190.89999389648438,186.10000610351562,190.35000610351562,62014.0
2012-11-09,189.60000610351562,190.89999389648438,187.5500030517578,189.0,51726.0
2012-11-12,189.0,224.89999389648438,187.75,209.4499969482422,763607.0
2012-11-15,222.0,226.0,210.0,220.0,456432.0
2012-11-16,222.89999389648438,227.89999389648438,210.5500030517578,213.5,409964.0
2012-11-19,215.0,217.1999969482422,205.25,206.9499969482422,167130.0
2012-11-20,207.0,209.25,201.14999389648438,204.75,174500.0
2012-11-21,204.5,208.75,202.3000030517578,202.6999969482422,180768.0
2012-11-22,201.9499969482422,204.89999389648438,200.25,201.9499969482422,94036.0
2012-11-23,201.9499969482422,215.6999969482422,198.89999389648438,202.5,740130.0
2012-11-26,203.75,211.0,200.14999389648438,207.8000030517578,305801.0
2012-11-27,205.6999969482422,216.0,201.75,202.9499969482422,545850.0
2012-11-29,204.6999969482422,208.0,203.39999389648438,206.9499969482422,342305.0
2012-11-30,207.0500030517578,209.6999969482422,202.3000030517578,204.35000610351562,145206.0
2012-12-03,204.5,205.64999389648438,201.0,201.75,97092.0
2012-12-04,202.5,207.5,201.10000610351562,201.64999389648438,129656.0
2012-12-05,203.5500030517578,203.6999969482422,195.14999389648438,196.89999389648438,310366.0
2012-12-06,197.10000610351562,203.89999389648438,196.5,200.4499969482422,132161.0
2012-12-07,201.60000610351562,206.4499969482422,199.39999389648438,201.0,403003.0
2012-12-10,201.89999389648438,203.1999969482422,198.1999969482422,199.5500030517578,63506.0
2012-12-11,201.64999389648438,201.89999389648438,192.5,194.35000610351562,118737.0
2012-12-12,194.6999969482422,196.89999389648438,187.1999969482422,188.25,94603.0
2012-12-13,188.5,190.85000610351562,179.5,185.10000610351562,324942.0
2012-12-14,184.9499969482422,201.75,184.9499969482422,199.89999389648438,591932.0
2012-12-17,201.0,204.0,197.0,202.4499969482422,284526.0
2012-12-18,200.10000610351562,211.0,200.0,207.3000030517578,503819.0
2012-12-19,206.0,209.89999389648438,204.9499969482422,205.14999389648438,133345.0
2012-12-20,205.60000610351562,205.60000610351562,198.0,198.89999389648438,169304.0
2012-12-21,198.39999389648438,201.8000030517578,195.39999389648438,197.3000030517578,99300.0
2012-12-24,198.0,199.0,193.8000030517578,196.25,106562.0
2012-12-26,196.64999389648438,202.89999389648438,195.0,200.6999969482422,155908.0
2012-12-27,201.75,202.64999389648438,196.5,196.9499969482422,52229.0
2012-12-28,197.14999389648438,202.39999389648438,197.0,201.14999389648438,77183.0
2012-12-31,199.8000030517578,209.9499969482422,199.75,208.85000610351562,323895.0
2013-01-01,210.0,213.25,208.3000030517578,210.10000610351562,211131.0
2013-01-02,211.0500030517578,211.8000030517578,208.5500030517578,209.85000610351562,123668.0
2013-01-03,213.0,246.0,211.14999389648438,230.1999969482422,6550434.0
2013-01-04,231.5,245.0,225.85000610351562,228.3000030517578,4750062.0
2013-01-07,228.8000030517578,234.1999969482422,223.10000610351562,229.9499969482422,1783364.0
2013-01-08,229.8000030517578,233.9499969482422,226.35000610351562,230.6999969482422,1461855.0
2013-01-09,230.0,233.75,223.64999389648438,225.8000030517578,1000911.0
2013-01-10,227.14999389648438,228.5,222.0,223.60000610351562,348959.0
2013-01-11,224.0,224.6999969482422,215.0,216.60000610351562,361271.0
2013-01-14,218.1999969482422,231.89999389648438,215.5,226.64999389648438,2188609.0
2013-01-15,227.89999389648438,228.64999389648438,218.60000610351562,220.25,534932.0
2013-01-16,221.0,221.64999389648438,211.60000610351562,212.8000030517578,364032.0
2013-01-17,213.75,216.6999969482422,207.10000610351562,210.10000610351562,304275.0
2013-01-18,210.5,210.5,204.0,206.75,339547.0
2013-01-21,206.10000610351562,213.89999389648438,205.0,211.64999389648438,384999.0
2013-01-22,213.64999389648438,217.6999969482422,210.25,212.5,424505.0
2013-01-23,213.10000610351562,217.3000030517578,212.1999969482422,215.60000610351562,290248.0
2013-01-24,215.0,218.5,212.0,214.89999389648438,301304.0
2013-01-25,213.0500030517578,217.5,212.0,216.5500030517578,111581.0
2013-01-28,216.75,222.0,214.5,220.39999389648438,142423.0
2013-01-29,219.25,227.5,219.14999389648438,222.0,1182372.0
2013-01-30,223.6999969482422,230.6999969482422,222.6999969482422,228.10000610351562,489209.0
2013-01-31,227.9499969482422,228.9499969482422,224.5,227.5500030517578,93457.0
2013-02-01,227.0,231.3000030517578,226.10000610351562,227.75,174777.0
2013-02-04,227.5,229.5,222.0,224.0500030517578,143723.0
2013-02-05,220.1999969482422,225.0,216.0,224.0500030517578,221027.0
2013-02-06,223.10000610351562,227.0,217.9499969482422,219.89999389648438,150623.0
2013-02-07,217.10000610351562,220.0,213.75,214.8000030517578,237509.0
2013-02-08,215.10000610351562,217.5,212.5,213.1999969482422,242991.0
2013-02-11,213.75,218.89999389648438,212.0500030517578,214.10000610351562,101084.0
2013-02-12,214.35000610351562,216.39999389648438,213.64999389648438,214.64999389648438,79649.0
2013-02-13,215.6999969482422,217.89999389648438,215.3000030517578,216.0500030517578,107156.0
2013-02-14,216.6999969482422,217.6999969482422,214.10000610351562,215.3000030517578,218612.0
2013-02-15,212.14999389648438,219.0,212.0500030517578,218.14999389648438,66866.0
2013-02-18,216.9499969482422,222.0,216.9499969482422,217.89999389648438,71445.0
2013-02-19,218.35000610351562,219.85000610351562,217.5500030517578,218.64999389648438,40108.0
2013-02-20,218.75,219.75,217.10000610351562,217.5,16782.0
2013-02-21,215.85000610351562,219.89999389648438,215.0500030517578,215.9499969482422,117065.0
2013-02-22,211.25,218.0,211.25,215.85000610351562,76896.0
2013-02-25,216.35000610351562,221.64999389648438,211.0,213.1999969482422,64451.0
2013-02-26,210.39999389648438,217.0,206.8000030517578,214.1999969482422,89483.0
2013-02-27,214.85000610351562,218.9499969482422,205.25,212.0500030517578,81203.0
2013-02-28,210.3000030517578,218.9499969482422,207.0,210.14999389648438,89352.0
2013-03-01,211.25,214.0,209.85000610351562,211.35000610351562,43395.0
2013-03-04,210.0,215.35000610351562,204.60000610351562,205.4499969482422,63795.0
2013-03-05,206.75,207.75,199.9499969482422,201.75,118713.0
2013-03-06,203.3000030517578,209.85000610351562,203.3000030517578,206.1999969482422,73338.0
2013-03-07,206.39999389648438,211.9499969482422,206.3000030517578,210.1999969482422,72084.0
2013-03-08,211.25,211.9499969482422,206.5,209.0500030517578,47930.0
2013-03-11,210.64999389648438,210.6999969482422,206.5,207.75,28030.0
2013-03-12,208.6999969482422,210.5,204.25,205.64999389648438,25036.0
2013-03-13,204.8000030517578,206.0,202.3000030517578,204.0500030517578,18814.0
2013-03-14,204.85000610351562,207.89999389648438,201.9499969482422,202.60000610351562,92074.0
2013-03-15,203.8000030517578,206.75,202.10000610351562,203.39999389648438,35118.0
2013-03-18,202.0,207.0,202.0,205.9499969482422,80174.0
2013-03-19,205.5,207.0,185.0,191.9499969482422,1896117.0
2013-03-20,189.64999389648438,189.6999969482422,173.60000610351562,174.85000610351562,878133.0
2013-03-21,172.0,184.0,171.9499969482422,178.75,396580.0
2013-03-22,178.14999389648438,181.60000610351562,177.0,177.8000030517578,128229.0
2013-03-25,179.75,182.4499969482422,173.0,174.39999389648438,271338.0
2013-03-26,174.6999969482422,190.0,172.1999969482422,177.9499969482422,2629600.0
2013-03-28,179.75,185.60000610351562,175.0,183.60000610351562,207151.0
2013-04-01,182.64999389648438,186.0,178.0500030517578,180.1999969482422,154086.0
2013-04-02,178.0,183.0500030517578,178.0,179.9499969482422,119458.0
2013-04-03,177.9499969482422,188.0,174.5500030517578,177.60000610351562,280906.0
2013-04-04,174.0,180.0,171.0500030517578,177.60000610351562,146626.0
2013-04-05,175.0,182.0,175.0,178.1999969482422,189864.0
2013-04-08,177.0,179.60000610351562,163.89999389648438,164.64999389648438,250873.0
2013-04-09,164.9499969482422,168.5,159.10000610351562,160.75,824148.0
2013-04-10,160.0,164.10000610351562,157.0,158.9499969482422,545401.0
2013-04-11,160.6999969482422,161.8000030517578,153.8000030517578,155.3000030517578,146158.0
2013-04-12,155.0,155.0500030517578,149.35000610351562,150.64999389648438,264928.0
2013-04-15,144.35000610351562,168.0,121.30000305175781,132.25,4654407.0
2013-04-16,124.25,126.0,114.0,118.25,4983660.0
2013-04-17,120.0,129.39999389648438,119.44999694824219,120.44999694824219,4164335.0
2013-04-18,120.4000015258789,123.19999694824219,115.5,119.0999984741211,4064888.0
2013-04-22,123.4000015258789,129.0,120.5,127.6500015258789,1554093.0
2013-04-23,130.89999389648438,132.85000610351562,128.0,129.60000610351562,1370175.0
2013-04-25,130.0,133.89999389648438,129.35000610351562,129.6999969482422,909381.0
2013-04-26,131.89999389648438,134.3000030517578,130.0,130.4499969482422,783672.0
2013-04-29,131.39999389648438,131.89999389648438,129.64999389648438,129.9499969482422,236749.0
2013-04-30,131.3000030517578,133.39999389648438,130.0,131.5,518347.0
2013-05-02,130.0,135.6999969482422,129.0,133.89999389648438,613284.0
2013-05-03,133.10000610351562,135.25,133.10000610351562,134.5,360448.0
2013-05-06,135.0,143.5,133.10000610351562,137.3000030517578,513256.0
2013-05-07,137.3000030517578,140.1999969482422,136.25,137.35000610351562,256020.0
2013-05-08,137.5,140.5500030517578,137.35000610351562,139.8000030517578,329010.0
2013-05-09,140.9499969482422,144.3000030517578,139.60000610351562,143.1999969482422,678184.0
2013-05-10,143.89999389648438,152.3000030517578,143.89999389648438,149.60000610351562,988246.0
2013-05-13,157.64999389648438,163.0,156.25,157.9499969482422,1087657.0
2013-05-14,159.0,162.5,146.60000610351562,149.89999389648438,1330228.0
2013-05-15,149.0,161.0,149.0,159.6999969482422,636222.0
2013-05-16,158.0,162.0,155.14999389648438,158.3000030517578,833011.0
2013-05-17,155.5,159.0,155.0,157.89999389648438,533755.0
2013-05-20,156.3000030517578,158.89999389648438,153.89999389648438,155.39999389648438,523670.0
2013-05-21,153.5,157.5,153.5,155.9499969482422,382420.0
2013-05-22,154.0500030517578,156.5,146.0,149.0500030517578,411648.0
2013-05-23,148.4499969482422,148.4499969482422,142.25,143.10000610351562,149771.0
2013-05-24,145.0500030517578,147.3000030517578,142.60000610351562,144.9499969482422,183201.0
2013-05-27,145.5500030517578,147.89999389648438,145.0,146.85000610351562,59417.0
2013-05-28,146.14999389648438,146.5,143.0,144.1999969482422,122487.0
2013-05-29,144.39999389648438,146.5,141.6999969482422,145.5500030517578,111375.0
2013-05-30,144.0,145.35000610351562,142.0,143.1999969482422,114196.0
2013-05-31,143.60000610351562,144.89999389648438,136.0,138.64999389648438,103783.0
2013-06-03,140.0,140.0,130.5500030517578,131.75,172454.0
2013-06-04,131.0,136.75,130.5,134.5500030517578,101490.0
2013-06-05,134.0,136.0,132.25,135.25,65331.0
2013-06-06,136.39999389648438,143.6999969482422,135.1999969482422,142.1999969482422,458670.0
2013-06-07,142.60000610351562,146.39999389648438,140.0,142.1999969482422,266061.0
2013-06-10,142.25,144.25,133.25,134.25,203366.0
2013-06-11,133.0500030517578,135.5500030517578,132.0,132.8000030517578,105507.0
2013-06-12,131.60000610351562,133.89999389648438,129.0,131.4499969482422,264589.0
2013-06-13,131.39999389648438,131.89999389648438,125.0999984741211,125.8499984741211,121066.0
2013-06-14,127.0,129.0,122.55000305175781,123.05000305175781,158571.0
2013-06-17,125.5,125.80000305175781,121.0999984741211,124.1500015258789,128025.0
2013-06-18,124.5999984741211,124.69999694824219,122.6500015258789,123.19999694824219,98196.0
2013-06-19,122.5,123.8499984741211,120.19999694824219,120.5999984741211,151383.0
2013-06-20,120.0,120.0999984741211,117.5,118.4000015258789,427913.0
2013-06-21,114.0999984741211,119.69999694824219,111.9000015258789,112.8499984741211,2767608.0
2013-06-24,112.5,113.05000305175781,105.0,105.9000015258789,231988.0
2013-06-25,105.4000015258789,106.0,87.80000305175781,91.5999984741211,1737556.0
2013-06-26,93.80000305175781,104.4000015258789,87.19999694824219,98.3499984741211,2164905.0
2013-06-27,99.0,103.5,98.5,101.5999984741211,885948.0
2013-06-28,102.0999984741211,105.0,95.0,103.0,1131726.0
2013-07-01,103.44999694824219,110.4000015258789,102.19999694824219,106.6500015258789,1003886.0
2013-07-02,107.0,110.0,103.0,104.0,513452.0
2013-07-03,102.8499984741211,102.94999694824219,96.30000305175781,97.4000015258789,388246.0
2013-07-04,97.0,100.8499984741211,96.0,97.05000305175781,251978.0
2013-07-05,98.0,99.5,95.5999984741211,96.0,204883.0
2013-07-08,96.0,96.0,92.0999984741211,92.6500015258789,175620.0
2013-07-09,93.0999984741211,97.0,93.0999984741211,94.5,228585.0
2013-07-10,95.0,95.5999984741211,93.0999984741211,93.69999694824219,105947.0
2013-07-11,95.0,97.1500015258789,94.5,96.30000305175781,363167.0
2013-07-12,95.0,97.8499984741211,94.5,95.3499984741211,122386.0
2013-07-15,96.69999694824219,103.44999694824219,96.05000305175781,101.8499984741211,860795.0
2013-07-16,100.94999694824219,104.9000015258789,99.3499984741211,103.44999694824219,879950.0
2013-07-17,104.44999694824219,105.44999694824219,97.3499984741211,99.0999984741211,248345.0
2013-07-18,101.0,101.0,97.55000305175781,99.80000305175781,249958.0
2013-07-19,100.25,102.19999694824219,96.0999984741211,97.0999984741211,434621.0
2013-07-22,97.0,99.69999694824219,97.0,97.9000015258789,200042.0
2013-07-23,99.0,100.75,95.75,96.94999694824219,814410.0
2013-07-24,96.0,98.25,94.3499984741211,95.0,698619.0
2013-07-25,95.5999984741211,104.0,88.6500015258789,91.30000305175781,5156819.0
2013-07-26,92.5,92.94999694824219,86.0999984741211,86.6500015258789,1426345.0
2013-07-29,87.0,87.80000305175781,80.0,81.44999694824219,636816.0
2013-07-30,81.0,82.44999694824219,76.5999984741211,77.30000305175781,763776.0
2013-07-31,77.0,78.0,73.4000015258789,76.30000305175781,1054598.0
2013-08-01,77.5,80.5999984741211,75.0,75.6500015258789,593815.0
2013-08-02,75.0,79.5,72.5999984741211,76.1500015258789,261608.0
2013-08-05,76.19999694824219,77.44999694824219,74.25,76.5999984741211,183109.0
2013-08-06,76.5,76.5,73.30000305175781,74.94999694824219,236818.0
2013-08-07,74.5,77.9000015258789,74.0,76.6500015258789,584998.0
2013-08-08,77.05000305175781,81.9000015258789,76.30000305175781,79.6500015258789,262461.0
2013-08-12,83.94999694824219,95.55000305175781,81.5,95.55000305175781,1062287.0
2013-08-13,98.80000305175781,106.3499984741211,98.19999694824219,99.94999694824219,1919199.0
2013-08-14,101.05000305175781,102.44999694824219,95.55000305175781,98.5999984741211,520977.0
2013-08-16,98.0999984741211,99.5,94.5999984741211,95.0999984741211,318129.0
2013-08-19,97.94999694824219,111.0,97.5,102.6500015258789,1025122.0
2013-08-20,102.6500015258789,106.9000015258789,100.05000305175781,101.0,524274.0
2013-08-21,104.0,104.0,97.0,99.19999694824219,350182.0
2013-08-22,98.0,102.9000015258789,97.30000305175781,100.8499984741211,180348.0
2013-08-23,104.0,104.0,98.80000305175781,100.30000305175781,116243.0
2013-08-26,100.55000305175781,102.9000015258789,99.0999984741211,100.80000305175781,166027.0
2013-08-27,101.0,105.80000305175781,99.0999984741211,100.0,1003280.0
2013-08-28,101.4000015258789,104.19999694824219,100.30000305175781,102.4000015258789,856265.0
2013-08-29,103.0999984741211,122.8499984741211,102.1500015258789,121.0999984741211,2519943.0
2013-08-30,120.80000305175781,121.8499984741211,112.0,113.5999984741211,1007445.0
2013-09-02,113.5999984741211,115.9000015258789,111.19999694824219,113.3499984741211,290060.0
2013-09-03,114.05000305175781,116.0,110.8499984741211,112.75,276963.0
2013-09-04,115.0,121.0,113.94999694824219,117.44999694824219,823567.0
2013-09-05,123.44999694824219,124.69999694824219,118.5,119.44999694824219,517265.0
2013-09-06,120.0,120.9000015258789,116.55000305175781,117.8499984741211,196011.0
2013-09-10,119.69999694824219,126.5,118.0,123.9000015258789,447683.0
2013-09-11,121.30000305175781,125.5,118.55000305175781,124.0,379067.0
2013-09-12,122.5,123.6500015258789,116.5,117.0,242814.0
2013-09-13,115.5,116.0,113.19999694824219,113.9000015258789,288543.0
2013-09-16,115.0,118.80000305175781,111.5,112.44999694824219,231445.0
2013-09-17,110.0,110.0,101.25,103.44999694824219,507699.0
2013-09-18,101.55000305175781,102.19999694824219,96.25,96.80000305175781,725858.0
2013-09-19,99.80000305175781,101.5999984741211,98.05000305175781,101.5999984741211,514187.0
2013-09-20,103.19999694824219,103.5,97.55000305175781,99.0999984741211,788226.0
2013-09-23,98.69999694824219,101.5999984741211,96.5,97.5999984741211,228528.0
2013-09-24,97.5999984741211,100.0,97.0999984741211,98.0,166217.0
2013-09-25,99.05000305175781,99.9000015258789,96.0,97.4000015258789,180037.0
2013-09-26,96.0,97.55000305175781,95.0,95.30000305175781,194179.0
2013-09-27,96.9000015258789,96.9000015258789,93.0999984741211,93.69999694824219,162470.0
2013-09-30,95.0,95.5999984741211,90.0999984741211,90.55000305175781,179673.0
2013-10-01,91.0,91.9000015258789,90.1500015258789,90.80000305175781,207321.0
2013-10-03,91.0,91.0999984741211,89.0,89.8499984741211,356693.0
2013-10-04,89.0,94.30000305175781,89.0,94.30000305175781,481642.0
2013-10-07,93.19999694824219,98.9000015258789,93.19999694824219,97.1500015258789,607039.0
2013-10-08,99.9000015258789,100.5,97.55000305175781,99.0,425675.0
2013-10-09,98.19999694824219,99.9000015258789,98.0,99.0,180621.0
2013-10-10,99.9000015258789,101.0,98.19999694824219,98.5999984741211,226835.0
2013-10-11,100.0,100.69999694824219,96.80000305175781,97.0,185147.0
2013-10-14,98.0,98.0,96.5,96.69999694824219,121386.0
2013-10-15,97.0,98.0,92.5,92.9000015258789,272912.0
2013-10-17,94.0,94.5999984741211,92.8499984741211,93.5,196523.0
2013-10-18,94.94999694824219,96.5,94.5999984741211,95.44999694824219,198246.0
2013-10-21,96.0,96.5,95.30000305175781,95.8499984741211,138224.0
2013-10-22,96.0999984741211,99.0,95.69999694824219,98.0,274210.0
2013-10-23,98.0999984741211,101.5999984741211,98.0999984741211,100.1500015258789,527121.0
2013-10-24,101.80000305175781,101.9000015258789,99.1500015258789,99.8499984741211,213684.0
2013-10-25,99.0,101.0,96.69999694824219,99.30000305175781,184321.0
2013-10-28,104.0,104.25,103.0,104.25,707324.0
2013-10-29,106.4000015258789,106.4000015258789,100.0,102.55000305175781,483542.0
2013-10-30,104.69999694824219,104.69999694824219,100.55000305175781,102.69999694824219,172700.0
2013-10-31,103.5999984741211,107.80000305175781,103.25,106.1500015258789,915722.0
2013-11-01,106.44999694824219,107.25,104.0,106.30000305175781,263988.0
2013-11-05,106.25,106.25,102.0999984741211,104.9000015258789,230167.0
2013-11-06,106.69999694824219,110.0999984741211,105.0,110.0999984741211,251586.0
2013-11-07,114.80000305175781,128.1999969482422,114.80000305175781,121.25,2825333.0
2013-11-08,120.5,125.0,115.5,117.30000305175781,545802.0
2013-11-11,118.0,122.9000015258789,115.0999984741211,115.94999694824219,515507.0
2013-11-12,117.0,118.0,109.6500015258789,110.4000015258789,470912.0
2013-11-13,111.30000305175781,111.30000305175781,105.0,106.19999694824219,459860.0
2013-11-14,106.5,109.69999694824219,106.1500015258789,107.5999984741211,415957.0
2013-11-18,109.0,110.8499984741211,107.25,107.80000305175781,313055.0
2013-11-19,110.0,111.0,105.80000305175781,106.5,405957.0
2013-11-20,106.55000305175781,110.9000015258789,106.05000305175781,107.75,469135.0
2013-11-21,108.0,108.1500015258789,104.75,105.19999694824219,186858.0
2013-11-22,105.44999694824219,107.9000015258789,104.0999984741211,104.80000305175781,163520.0
2013-11-25,105.5,108.0,105.5,107.1500015258789,160260.0
2013-11-26,106.0,109.9000015258789,106.0,107.0,285727.0
2013-11-27,106.19999694824219,107.5,105.0,105.5999984741211,108689.0
2013-11-28,105.30000305175781,107.5,105.30000305175781,106.1500015258789,120967.0
2013-11-29,106.25,109.19999694824219,106.25,108.69999694824219,330121.0
2013-12-02,109.05000305175781,112.0,109.0,110.0999984741211,363719.0
2013-12-03,111.80000305175781,111.80000305175781,108.75,109.1500015258789,210893.0
2013-12-04,109.44999694824219,109.5,106.5,107.4000015258789,136708.0
2013-12-05,108.9000015258789,110.0,107.0,107.3499984741211,230144.0
2013-12-06,107.3499984741211,108.5,106.25,107.1500015258789,81195.0
2013-12-09,109.5999984741211,111.5999984741211,106.55000305175781,107.0,204352.0
2013-12-10,108.0,108.0,105.0,105.75,133006.0
2013-12-11,105.9000015258789,105.9000015258789,104.05000305175781,104.5,98549.0
2013-12-12,104.69999694824219,107.0,104.0,105.4000015258789,223330.0
2013-12-13,105.3499984741211,105.3499984741211,103.9000015258789,104.0999984741211,75870.0
2013-12-16,103.05000305175781,106.25,103.05000305175781,106.0,243279.0
2013-12-17,106.0,106.9000015258789,103.5,103.94999694824219,70862.0
2013-12-18,103.1500015258789,107.0,102.1500015258789,104.1500015258789,368674.0
2013-12-19,105.19999694824219,106.0,104.0,104.3499984741211,160133.0
2013-12-20,103.1500015258789,105.0,102.6500015258789,103.9000015258789,150394.0
2013-12-23,104.0,107.80000305175781,104.0,106.19999694824219,150324.0
2013-12-24,106.6500015258789,106.80000305175781,105.05000305175781,105.3499984741211,89050.0
2013-12-26,106.8499984741211,109.3499984741211,105.4000015258789,107.9000015258789,623204.0
2013-12-27,109.0,113.5999984741211,108.0,110.3499984741211,1037715.0
2013-12-30,111.25,114.0,110.0,110.69999694824219,867838.0
2013-12-31,111.4000015258789,112.0,107.5999984741211,107.94999694824219,232559.0
2014-01-01,108.05000305175781,109.0,108.05000305175781,108.5,153291.0
2014-01-02,108.94999694824219,115.5,108.8499984741211,109.3499984741211,821818.0
2014-01-03,109.9000015258789,110.0,108.0,109.1500015258789,121835.0
2014-01-06,109.9000015258789,110.8499984741211,107.0,107.30000305175781,198193.0
2014-01-07,108.0,109.30000305175781,107.0999984741211,107.4000015258789,122413.0
2014-01-08,108.0,109.80000305175781,106.5,107.44999694824219,141899.0
2014-01-09,128.89999389648438,128.89999389648438,128.89999389648438,128.89999389648438,559543.0
2014-01-10,136.0,152.39999389648438,130.8000030517578,138.85000610351562,9573128.0
2014-01-13,138.85000610351562,145.0,134.14999389648438,138.85000610351562,2417773.0
2014-01-14,138.0,140.39999389648438,135.0,136.60000610351562,710521.0
2014-01-15,137.8000030517578,140.0,136.5,138.14999389648438,623880.0
2014-01-16,138.85000610351562,139.39999389648438,130.5,132.5500030517578,457253.0
2014-01-17,133.5,133.8000030517578,124.5999984741211,126.5999984741211,563660.0
2014-01-20,126.0,129.0,121.0,128.10000610351562,413243.0
2014-01-21,129.1999969482422,137.6999969482422,129.14999389648438,133.3000030517578,1328420.0
2014-01-22,133.89999389648438,134.39999389648438,127.30000305175781,131.5500030517578,337229.0
2014-01-23,131.5,132.75,128.5,130.0,209220.0
2014-01-24,130.5500030517578,133.89999389648438,130.0,131.60000610351562,468585.0
2014-01-27,129.75,129.75,125.0,125.55000305175781,177173.0
2014-01-28,125.0,131.0,125.0,129.1999969482422,280577.0
2014-01-29,127.0,131.85000610351562,125.0,126.19999694824219,198970.0
2014-01-30,126.19999694824219,127.4000015258789,120.19999694824219,122.30000305175781,550406.0
2014-01-31,122.25,127.9000015258789,122.25,127.1500015258789,299648.0
2014-02-03,126.0,129.60000610351562,125.1500015258789,127.44999694824219,205027.0
2014-02-04,125.0,130.1999969482422,123.5999984741211,129.10000610351562,303769.0
2014-02-05,129.0,134.9499969482422,128.1999969482422,133.64999389648438,285756.0
2014-02-06,132.5,135.0,130.35000610351562,132.14999389648438,242601.0
2014-02-07,134.0,142.0,132.6999969482422,138.3000030517578,601654.0
2014-02-10,140.10000610351562,148.8000030517578,139.10000610351562,145.5,1343447.0
2014-02-11,145.89999389648438,166.8000030517578,145.10000610351562,160.25,4724305.0
2014-02-12,161.0,179.35000610351562,161.0,175.25,5445754.0
2014-02-13,175.85000610351562,177.10000610351562,158.14999389648438,160.64999389648438,2187233.0
2014-02-14,160.64999389648438,168.64999389648438,160.0,165.75,1615269.0
2014-02-17,166.89999389648438,169.1999969482422,158.3000030517578,160.3000030517578,1334850.0
2014-02-18,161.85000610351562,164.3000030517578,159.60000610351562,160.60000610351562,775484.0
2014-02-19,162.89999389648438,164.0,160.1999969482422,161.0500030517578,560579.0
2014-02-20,161.0500030517578,161.0500030517578,154.60000610351562,155.85000610351562,421760.0
2014-02-21,156.5,158.85000610351562,153.0500030517578,154.60000610351562,341920.0
2014-02-24,156.4499969482422,166.39999389648438,156.4499969482422,164.5,1362313.0
2014-02-25,166.89999389648438,172.25,164.10000610351562,166.25,1456662.0
2014-02-26,167.89999389648438,170.0,161.60000610351562,163.5,448403.0
2014-02-28,165.89999389648438,167.5,160.60000610351562,165.3000030517578,623950.0
2014-03-03,165.0,167.39999389648438,161.6999969482422,163.35000610351562,304445.0
2014-03-04,164.89999389648438,166.3000030517578,162.0500030517578,162.75,209028.0
2014-03-05,162.8000030517578,169.0,162.8000030517578,167.9499969482422,631820.0
2014-03-06,169.6999969482422,169.6999969482422,165.10000610351562,165.5,217284.0
2014-03-07,165.5,167.39999389648438,162.0500030517578,163.60000610351562,196815.0
2014-03-10,163.3000030517578,173.6999969482422,163.3000030517578,171.5,1770267.0
2014-03-11,173.3000030517578,174.39999389648438,167.89999389648438,169.6999969482422,483511.0
2014-03-12,170.89999389648438,171.9499969482422,167.5500030517578,169.39999389648438,364932.0
2014-03-13,170.0,170.9499969482422,165.5,168.6999969482422,724978.0
2014-03-14,167.10000610351562,168.0,163.75,166.0,211676.0
2014-03-18,166.0,167.89999389648438,154.25,156.25,507799.0
2014-03-19,156.60000610351562,160.5,156.5,158.10000610351562,275550.0
2014-03-20,160.0,160.85000610351562,156.14999389648438,156.75,169167.0
2014-03-21,156.10000610351562,158.85000610351562,155.0,156.85000610351562,111647.0
2014-03-24,162.85000610351562,168.8000030517578,161.1999969482422,167.60000610351562,1291465.0
2014-03-25,167.60000610351562,170.5,163.1999969482422,169.75,542767.0
2014-03-26,170.1999969482422,172.0,165.5,166.75,156087.0
2014-03-27,166.9499969482422,170.89999389648438,166.9499969482422,169.0500030517578,194260.0
2014-03-28,170.0,171.5,167.1999969482422,168.8000030517578,121168.0
2014-03-31,169.89999389648438,174.89999389648438,167.5,172.0,243493.0
2014-04-01,172.5,174.0,168.35000610351562,169.5500030517578,321095.0
2014-04-02,173.0,176.4499969482422,170.0,170.60000610351562,382467.0
2014-04-03,156.14999389648438,167.89999389648438,153.1999969482422,166.10000610351562,686141.0
2014-04-04,166.10000610351562,166.10000610351562,162.0,163.9499969482422,107307.0
2014-04-07,164.0,165.6999969482422,161.64999389648438,163.4499969482422,120120.0
2014-04-09,162.1999969482422,163.39999389648438,159.5,161.0500030517578,670804.0
2014-04-10,161.60000610351562,168.6999969482422,161.60000610351562,166.64999389648438,379017.0
2014-04-11,165.5,173.0,163.39999389648438,164.35000610351562,319008.0
2014-04-15,164.39999389648438,166.5500030517578,164.0,164.8000030517578,131611.0
2014-04-16,164.10000610351562,172.39999389648438,164.10000610351562,170.5500030517578,403336.0
2014-04-17,170.10000610351562,186.85000610351562,169.3000030517578,178.1999969482422,2481548.0
2014-04-21,178.75,179.4499969482422,174.10000610351562,175.0500030517578,248987.0
2014-04-22,176.6999969482422,178.6999969482422,173.39999389648438,175.0,271159.0
2014-04-23,169.0,171.14999389648438,164.60000610351562,169.0500030517578,306349.0
2014-04-24,169.0500030517578,169.0500030517578,169.0500030517578,169.0500030517578,0.0
2014-04-25,169.10000610351562,173.9499969482422,168.0,172.85000610351562,292724.0
2014-04-28,171.5500030517578,174.64999389648438,171.0500030517578,174.1999969482422,110703.0
2014-04-29,173.8000030517578,179.8000030517578,172.0,175.4499969482422,215576.0
2014-04-30,174.0,181.89999389648438,171.5500030517578,179.35000610351562,341116.0
2014-05-02,179.35000610351562,189.4499969482422,179.35000610351562,183.6999969482422,381202.0
2014-05-05,184.8000030517578,184.8000030517578,177.5,180.25,426444.0
2014-05-06,179.75,182.89999389648438,177.60000610351562,180.10000610351562,399734.0
2014-05-07,176.0,182.0,176.0,181.6999969482422,211348.0
2014-05-08,182.0,185.0,181.0,183.4499969482422,124640.0
2014-05-09,183.4499969482422,183.4499969482422,180.75,182.60000610351562,169088.0
2014-05-12,180.39999389648438,193.5,180.39999389648438,188.14999389648438,271489.0
2014-05-13,188.5500030517578,194.89999389648438,188.5500030517578,193.35000610351562,452786.0
2014-05-14,194.0,197.85000610351562,189.0,191.1999969482422,185461.0
2014-05-15,191.1999969482422,193.8000030517578,189.10000610351562,189.9499969482422,139760.0
2014-05-16,190.0,199.89999389648438,187.9499969482422,192.64999389648438,425771.0
2014-05-19,192.5,212.89999389648438,192.0,202.6999969482422,1166284.0
2014-05-20,208.0,222.0,190.3000030517578,195.3000030517578,1026831.0
2014-05-21,196.39999389648438,208.0,194.3000030517578,204.60000610351562,204723.0
2014-05-22,215.39999389648438,217.0,204.0,211.10000610351562,324827.0
2014-05-23,213.85000610351562,215.39999389648438,208.10000610351562,209.4499969482422,164452.0
2014-05-26,210.0,213.5,194.10000610351562,196.25,489277.0
2014-05-27,198.0,199.8000030517578,190.14999389648438,192.85000610351562,124142.0
2014-05-28,188.75,209.8000030517578,186.9499969482422,206.89999389648438,382747.0
2014-05-29,204.0,204.5,197.0,198.75,112049.0
2014-05-30,202.0,205.3000030517578,195.0,195.39999389648438,554103.0
2014-06-02,201.6999969482422,201.6999969482422,194.0,199.89999389648438,111487.0
2014-06-03,196.6999969482422,205.0,196.6999969482422,204.4499969482422,182086.0
2014-06-04,203.0,204.89999389648438,199.5,200.0500030517578,81520.0
2014-06-05,201.0,207.5,199.0500030517578,204.5500030517578,224735.0
2014-06-06,204.3000030517578,204.89999389648438,197.3000030517578,199.85000610351562,317208.0
2014-06-09,200.1999969482422,203.1999969482422,194.0,195.0500030517578,185212.0
2014-06-10,195.3000030517578,197.89999389648438,183.60000610351562,189.85000610351562,410859.0
2014-06-11,190.0,192.35000610351562,185.35000610351562,186.3000030517578,177891.0
2014-06-12,187.35000610351562,201.8000030517578,187.35000610351562,198.25,1019619.0
2014-06-13,197.5,198.35000610351562,191.0,191.85000610351562,280859.0
2014-06-16,191.85000610351562,194.5,185.5,191.8000030517578,96747.0
2014-06-17,193.0,193.0,190.10000610351562,191.35000610351562,97638.0
2014-06-18,191.5,193.0,188.5,190.25,67884.0
2014-06-19,191.0,192.0,188.5,190.6999969482422,37469.0
2014-06-20,191.25,196.89999389648438,186.39999389648438,188.14999389648438,137140.0
2014-06-23,187.89999389648438,191.9499969482422,183.89999389648438,186.60000610351562,97421.0
2014-06-24,185.0,191.35000610351562,185.0,188.14999389648438,68590.0
2014-06-25,193.0,196.0,185.35000610351562,188.0,294422.0
2014-06-26,189.39999389648438,189.89999389648438,184.35000610351562,186.3000030517578,177445.0
2014-06-27,187.25,188.4499969482422,184.4499969482422,186.10000610351562,338685.0
2014-06-30,187.6999969482422,190.25,178.0,188.3000030517578,582759.0
2014-07-01,189.39999389648438,193.64999389648438,188.0,189.0500030517578,153066.0
2014-07-02,190.0,191.35000610351562,187.10000610351562,188.60000610351562,107433.0
2014-07-03,189.6999969482422,192.6999969482422,187.3000030517578,189.25,133618.0
2014-07-04,187.4499969482422,195.39999389648438,187.39999389648438,188.89999389648438,340226.0
2014-07-07,191.0,195.5,188.8000030517578,189.6999969482422,251522.0
2014-07-08,187.3000030517578,193.0,183.0,184.3000030517578,145646.0
2014-07-09,185.25,185.25,178.1999969482422,181.5,83710.0
2014-07-10,181.3000030517578,182.6999969482422,172.6999969482422,180.75,190857.0
2014-07-11,183.8000030517578,183.8000030517578,171.1999969482422,172.8000030517578,123844.0
2014-07-14,171.3000030517578,174.14999389648438,167.0,171.6999969482422,107747.0
2014-07-15,173.89999389648438,179.9499969482422,170.3000030517578,177.5500030517578,133251.0
2014-07-16,179.9499969482422,180.39999389648438,175.1999969482422,176.5500030517578,69348.0
2014-07-17,176.5500030517578,180.0500030517578,176.10000610351562,179.60000610351562,71585.0
2014-07-18,184.1999969482422,194.89999389648438,184.0,186.0,1269668.0
2014-07-21,187.89999389648438,188.6999969482422,182.14999389648438,182.5500030517578,165918.0
2014-07-22,181.0,184.6999969482422,178.1999969482422,178.75,104050.0
2014-07-23,180.39999389648438,186.0,173.0500030517578,173.9499969482422,797978.0
2014-07-24,174.75,175.5,171.5,174.10000610351562,175307.0
2014-07-25,173.0500030517578,176.6999969482422,172.0500030517578,175.0,281499.0
2014-07-28,174.0,177.6999969482422,172.39999389648438,176.6999969482422,118979.0
2014-07-30,173.0,176.6999969482422,173.0,175.0,874614.0
2014-07-31,174.0,178.5,171.0,172.89999389648438,5235216.0
2014-08-01,170.9499969482422,175.35000610351562,169.14999389648438,174.14999389648438,272528.0
2014-08-04,172.5,177.10000610351562,172.39999389648438,175.0,73361.0
2014-08-05,173.35000610351562,178.0,173.35000610351562,177.25,112610.0
2014-08-06,176.0,179.85000610351562,175.35000610351562,179.0,138177.0
2014-08-07,178.8000030517578,184.25,177.0,178.14999389648438,249674.0
2014-08-08,176.5,177.0,174.10000610351562,175.60000610351562,316509.0
2014-08-11,178.0,179.9499969482422,166.1999969482422,175.9499969482422,683572.0
2014-08-12,176.0,179.89999389648438,173.8000030517578,178.5500030517578,185902.0
2014-08-13,177.0500030517578,179.75,173.9499969482422,176.0,104932.0
2014-08-14,175.0,180.0,173.0,179.25,76811.0
2014-08-18,178.10000610351562,180.35000610351562,175.5,177.60000610351562,174763.0
2014-08-19,177.60000610351562,202.0,177.60000610351562,194.25,2410464.0
2014-08-20,194.8000030517578,194.8000030517578,185.14999389648438,187.85000610351562,554041.0
2014-08-21,189.0,191.3000030517578,185.0,188.89999389648438,278130.0
2014-08-22,188.5500030517578,197.1999969482422,187.5,192.0,701287.0
2014-08-25,193.3000030517578,194.39999389648438,188.10000610351562,190.14999389648438,213814.0
2014-08-26,192.0,197.39999389648438,189.85000610351562,192.14999389648438,458176.0
2014-08-27,190.64999389648438,194.0,188.0,190.5,156411.0
2014-08-28,192.1999969482422,198.60000610351562,192.0,195.60000610351562,628463.0
2014-09-01,194.0,197.89999389648438,193.0500030517578,194.35000610351562,197403.0
2014-09-02,195.0500030517578,195.39999389648438,190.0,191.10000610351562,119517.0
2014-09-03,192.89999389648438,194.5,190.8000030517578,191.5,145273.0
2014-09-04,191.3000030517578,192.5,188.0,190.89999389648438,225438.0
2014-09-05,190.89999389648438,194.9499969482422,187.6999969482422,190.75,88858.0
2014-09-08,190.75,195.0,188.0,192.5500030517578,76417.0
2014-09-09,194.39999389648438,194.5,188.5,190.0,317186.0
2014-09-10,190.0,191.14999389648438,188.85000610351562,189.0,55063.0
2014-09-11,189.9499969482422,191.60000610351562,188.1999969482422,190.5500030517578,94586.0
2014-09-12,190.60000610351562,203.0,189.3000030517578,197.64999389648438,590491.0
2014-09-15,198.39999389648438,199.5,191.0500030517578,192.25,173147.0
2014-09-16,194.1999969482422,198.0,189.0,190.14999389648438,202602.0
2014-09-17,191.0,200.6999969482422,177.14999389648438,196.39999389648438,471895.0
2014-09-18,195.0,197.8000030517578,193.5,194.75,298481.0
2014-09-19,195.1999969482422,205.0,195.0,203.35000610351562,1187677.0
2014-09-22,198.0,206.4499969482422,196.64999389648438,203.8000030517578,445893.0
2014-09-23,202.89999389648438,208.0,198.14999389648438,201.1999969482422,382256.0
2014-09-24,201.60000610351562,201.8000030517578,195.0,196.39999389648438,72412.0
2014-09-25,198.3000030517578,199.8000030517578,190.0,192.14999389648438,63693.0
2014-09-26,192.0,193.0,188.0,191.89999389648438,77192.0
2014-09-29,191.75,207.39999389648438,191.75,202.9499969482422,475414.0
2014-09-30,204.85000610351562,207.4499969482422,196.3000030517578,204.39999389648438,297123.0
2014-10-01,203.0,209.0,201.10000610351562,201.6999969482422,162582.0
2014-10-07,200.60000610351562,202.64999389648438,193.10000610351562,193.64999389648438,73610.0
2014-10-08,193.89999389648438,194.64999389648438,192.10000610351562,192.6999969482422,46491.0
2014-10-09,195.3000030517578,195.3000030517578,191.3000030517578,192.9499969482422,56805.0
2014-10-10,193.5,193.5,187.6999969482422,189.39999389648438,67284.0
2014-10-13,189.5,192.4499969482422,188.0,189.35000610351562,50006.0
2014-10-14,188.0500030517578,191.39999389648438,187.60000610351562,188.5500030517578,51105.0
2014-10-15,188.5500030517578,188.5500030517578,188.5500030517578,188.5500030517578,0.0
2014-10-16,187.0,192.4499969482422,187.0,188.1999969482422,57817.0
2014-10-17,186.3000030517578,191.35000610351562,186.3000030517578,187.9499969482422,33902.0
2014-10-20,190.5500030517578,191.39999389648438,187.6999969482422,188.75,48642.0
2014-10-21,189.0500030517578,190.10000610351562,185.5500030517578,186.25,105559.0
2014-10-22,186.25,188.0,182.14999389648438,182.89999389648438,138529.0
2014-10-27,184.10000610351562,186.5,182.1999969482422,183.60000610351562,89658.0
2014-10-28,182.25,189.4499969482422,182.25,186.75,306904.0
2014-10-29,185.75,188.3000030517578,185.10000610351562,186.75,119915.0
2014-10-30,188.0,189.6999969482422,186.35000610351562,189.0,127749.0
2014-10-31,190.0,198.5,188.3000030517578,197.3000030517578,183617.0
2014-11-03,197.5,202.0,194.9499969482422,198.35000610351562,178134.0
2014-11-05,201.0,201.0,187.10000610351562,197.10000610351562,1074693.0
2014-11-07,192.10000610351562,197.5,189.5500030517578,194.9499969482422,458690.0
2014-11-10,194.9499969482422,196.9499969482422,194.3000030517578,195.5,181384.0
2014-11-11,192.1999969482422,198.0,190.10000610351562,195.8000030517578,379276.0
2014-11-12,195.0,196.0,194.5,195.0,226888.0
2014-11-13,195.35000610351562,197.35000610351562,190.9499969482422,192.9499969482422,57975.0
2014-11-14,193.85000610351562,197.5,192.8000030517578,194.35000610351562,33802.0
2014-11-17,195.0,195.75,192.6999969482422,193.0500030517578,100731.0
2014-11-18,193.0500030517578,195.0,192.0500030517578,192.89999389648438,108827.0
2014-11-19,194.9499969482422,194.9499969482422,189.85000610351562,191.0500030517578,208046.0
2014-11-20,192.25,192.8000030517578,186.0,188.9499969482422,148555.0
2014-11-21,189.0500030517578,192.5,188.5500030517578,189.9499969482422,114608.0
2014-11-24,190.0,191.5,189.4499969482422,190.10000610351562,70639.0
2014-11-25,189.0,190.10000610351562,184.14999389648438,185.3000030517578,40874.0
2014-11-26,186.35000610351562,188.8000030517578,184.3000030517578,187.60000610351562,515424.0
2014-11-27,187.3000030517578,189.4499969482422,187.10000610351562,188.39999389648438,161214.0
2014-11-28,195.10000610351562,196.5500030517578,192.0,195.75,526775.0
2014-12-01,198.0,202.9499969482422,192.5,195.14999389648438,195840.0
2014-12-02,194.5,195.3000030517578,191.3000030517578,193.0500030517578,551797.0
2014-12-03,194.0,196.89999389648438,190.39999389648438,192.1999969482422,58599.0
2014-12-04,192.5,195.8000030517578,192.5,195.10000610351562,58285.0
2014-12-05,195.9499969482422,199.39999389648438,194.0,196.35000610351562,363443.0
2014-12-08,197.0,198.5,192.0,196.14999389648438,115216.0
2014-12-09,195.0,196.75,192.1999969482422,195.5,127831.0
2014-12-10,194.0,200.4499969482422,193.0,195.75,140921.0
2014-12-11,195.75,196.8000030517578,191.14999389648438,194.75,29645.0
2014-12-12,194.5,196.0,192.0,193.5500030517578,24158.0
2014-12-15,188.0500030517578,196.89999389648438,188.0,195.0500030517578,91660.0
2014-12-16,193.10000610351562,196.89999389648438,191.1999969482422,195.35000610351562,140553.0
2014-12-17,194.0,196.8000030517578,188.0,191.10000610351562,220642.0
2014-12-18,190.0,193.8000030517578,187.0,188.1999969482422,103678.0
2014-12-19,187.0,193.5,187.0,192.5500030517578,29205.0
2014-12-22,191.0,193.1999969482422,189.0,191.60000610351562,23720.0
2014-12-23,192.3000030517578,193.0,188.5,189.60000610351562,25303.0
2014-12-24,190.5,194.60000610351562,188.0500030517578,190.85000610351562,23066.0
2014-12-26,189.1999969482422,192.5,189.1999969482422,191.85000610351562,33579.0
2014-12-29,192.0,193.6999969482422,191.0,192.0,26765.0
2014-12-30,191.39999389648438,193.3000030517578,189.0500030517578,191.39999389648438,18331.0
2014-12-31,192.85000610351562,193.3000030517578,190.9499969482422,192.35000610351562,32305.0
2015-01-01,196.0,216.6999969482422,195.0,214.39999389648438,1116007.0
2015-01-02,216.5,216.5,201.39999389648438,203.4499969482422,466297.0
2015-01-05,204.0,205.5,196.5500030517578,198.4499969482422,396192.0
2015-01-06,193.85000610351562,197.6999969482422,193.0,195.9499969482422,201169.0
2015-01-07,195.89999389648438,197.4499969482422,192.0,195.60000610351562,142198.0
2015-01-08,197.0,198.9499969482422,195.0,196.5500030517578,857536.0
2015-01-09,201.0500030517578,205.0,195.0,196.3000030517578,472822.0
2015-01-12,196.5,197.5,195.35000610351562,196.14999389648438,138238.0
2015-01-13,195.35000610351562,197.5,195.0,196.0500030517578,551075.0
2015-01-14,196.1999969482422,198.5,190.5500030517578,192.4499969482422,193648.0
2015-01-15,196.0,200.60000610351562,190.5500030517578,198.85000610351562,3778423.0
2015-01-16,199.9499969482422,202.39999389648438,196.1999969482422,197.4499969482422,352406.0
2015-01-19,198.0,217.4499969482422,196.5500030517578,207.10000610351562,1604458.0
2015-01-20,206.0,219.39999389648438,202.39999389648438,216.85000610351562,1835301.0
2015-01-21,218.3000030517578,234.5,217.5,232.5,2170525.0
2015-01-22,234.60000610351562,234.89999389648438,217.5500030517578,228.5,2424387.0
2015-01-23,226.0,227.10000610351562,212.0500030517578,222.85000610351562,1550258.0
2015-01-27,222.0,226.85000610351562,215.35000610351562,221.9499969482422,446407.0
2015-01-28,221.0,224.89999389648438,210.0,221.60000610351562,898328.0
2015-01-29,221.10000610351562,224.0,216.64999389648438,219.6999969482422,723703.0
2015-01-30,219.6999969482422,220.4499969482422,210.25,211.14999389648438,131113.0
2015-02-02,211.0,219.4499969482422,208.6999969482422,215.0500030517578,591712.0
2015-02-03,215.0500030517578,216.8000030517578,206.25,208.10000610351562,211112.0
2015-02-04,210.75,212.0,206.6999969482422,209.75,770070.0
2015-02-05,210.5,219.5,210.0,214.3000030517578,237728.0
2015-02-06,216.0,216.8000030517578,212.64999389648438,213.6999969482422,183456.0
2015-02-09,207.0500030517578,218.0,207.0500030517578,214.35000610351562,566965.0
2015-02-10,218.0,220.10000610351562,211.4499969482422,214.5500030517578,325337.0
2015-02-11,214.5,215.6999969482422,207.5,207.85000610351562,230052.0
2015-02-12,208.1999969482422,210.89999389648438,203.6999969482422,208.5,294480.0
2015-02-13,210.0500030517578,212.8000030517578,208.6999969482422,210.64999389648438,391528.0
2015-02-16,210.0,214.8000030517578,210.0,212.9499969482422,181940.0
2015-02-18,214.0,218.85000610351562,211.10000610351562,217.35000610351562,322967.0
2015-02-19,218.0,221.1999969482422,215.1999969482422,218.6999969482422,300914.0
2015-02-20,219.85000610351562,220.5,217.5,219.6999969482422,136538.0
2015-02-23,222.0,222.0,216.64999389648438,219.6999969482422,497314.0
2015-02-24,218.5500030517578,220.5,215.6999969482422,218.35000610351562,103727.0
2015-02-25,218.35000610351562,219.8000030517578,215.14999389648438,215.9499969482422,268526.0
2015-02-26,215.3000030517578,224.14999389648438,213.3000030517578,218.10000610351562,467624.0
2015-02-27,219.6999969482422,223.89999389648438,212.0500030517578,219.89999389648438,800998.0
2015-03-02,238.14999389648438,240.25,219.0,220.5,1193700.0
2015-03-03,221.6999969482422,223.25,219.10000610351562,220.5,290386.0
2015-03-04,223.1999969482422,228.0,218.25,220.0,632267.0
2015-03-05,220.0,221.0500030517578,216.0,219.0500030517578,714904.0
2015-03-09,216.39999389648438,223.60000610351562,216.0,217.39999389648438,203933.0
2015-03-10,218.0,219.5,209.0500030517578,212.5500030517578,115944.0
2015-03-11,214.1999969482422,216.75,212.10000610351562,213.5,59173.0
2015-03-12,213.25,215.64999389648438,211.5,213.6999969482422,58487.0
2015-03-13,213.0500030517578,217.0500030517578,209.85000610351562,211.0500030517578,54435.0
2015-03-16,210.35000610351562,210.35000610351562,200.10000610351562,204.60000610351562,149025.0
2015-03-17,210.0,210.39999389648438,202.10000610351562,205.10000610351562,64293.0
2015-03-18,206.0,206.1999969482422,202.0500030517578,202.5500030517578,75018.0
2015-03-19,205.35000610351562,205.35000610351562,193.25,195.60000610351562,112105.0
2015-03-20,198.85000610351562,201.39999389648438,193.6999969482422,195.6999969482422,120255.0
2015-03-23,196.0,199.10000610351562,190.6999969482422,194.39999389648438,131280.0
2015-03-24,193.14999389648438,198.0,190.0,194.4499969482422,62584.0
2015-03-25,195.3000030517578,201.5,194.1999969482422,195.0500030517578,85301.0
2015-03-26,194.5,198.4499969482422,194.0,195.60000610351562,132453.0
2015-03-27,195.60000610351562,198.14999389648438,194.3000030517578,197.39999389648438,72593.0
2015-03-30,197.39999389648438,208.1999969482422,197.39999389648438,205.64999389648438,121001.0
2015-03-31,206.0,213.6999969482422,202.3000030517578,207.0500030517578,567537.0
2015-04-01,202.35000610351562,208.75,202.35000610351562,204.39999389648438,34399.0
2015-04-06,204.89999389648438,205.1999969482422,201.10000610351562,201.60000610351562,30769.0
2015-04-07,204.0500030517578,205.39999389648438,202.25,204.14999389648438,43475.0
2015-04-08,205.75,209.4499969482422,202.0,202.3000030517578,63383.0
2015-04-09,203.75,205.0,198.60000610351562,199.25,70662.0
2015-04-10,199.85000610351562,203.39999389648438,199.1999969482422,203.14999389648438,36999.0
2015-04-13,203.3000030517578,206.35000610351562,194.10000610351562,199.5500030517578,281469.0
2015-04-15,199.35000610351562,203.8000030517578,190.0,191.64999389648438,334933.0
2015-04-16,193.0,195.60000610351562,189.0500030517578,192.60000610351562,146758.0
2015-04-17,193.0,194.0,187.5,189.75,95604.0
2015-04-20,191.0,191.5500030517578,189.0,189.8000030517578,38190.0
2015-04-21,190.0,194.0,188.0,191.5500030517578,92741.0
2015-04-22,191.85000610351562,193.35000610351562,189.3000030517578,190.9499969482422,373204.0
2015-04-23,191.10000610351562,192.75,188.6999969482422,189.3000030517578,46687.0
2015-04-24,189.5,190.9499969482422,185.5500030517578,187.1999969482422,78600.0
2015-04-27,186.0,187.9499969482422,178.1999969482422,184.39999389648438,82754.0
2015-04-28,184.1999969482422,186.0,181.5,183.5500030517578,132083.0
2015-04-29,184.5,185.0,181.25,184.0,33927.0
2015-04-30,184.0,184.8000030517578,181.60000610351562,183.5,31866.0
2015-05-04,185.0,188.6999969482422,183.60000610351562,184.89999389648438,206078.0
2015-05-05,185.5,186.89999389648438,183.0,184.3000030517578,147301.0
2015-05-06,190.0,191.5,175.1999969482422,177.3000030517578,577798.0
2015-05-07,179.0,179.0,172.5500030517578,173.60000610351562,284029.0
2015-05-08,174.85000610351562,180.0,174.5,178.3000030517578,957253.0
2015-05-11,177.89999389648438,188.0,177.89999389648438,186.75,353803.0
2015-05-12,188.14999389648438,188.14999389648438,182.5,185.9499969482422,570406.0
2015-05-13,184.60000610351562,194.89999389648438,184.39999389648438,191.60000610351562,257583.0
2015-05-14,193.75,193.75,186.25,191.1999969482422,162940.0
2015-05-15,190.6999969482422,192.75,188.75,190.9499969482422,160351.0
2015-05-18,192.0,192.0,188.10000610351562,190.89999389648438,146653.0
2015-05-19,190.0,192.0,188.10000610351562,191.25,309139.0
2015-05-20,192.75,194.0,190.0500030517578,192.85000610351562,1367674.0
2015-05-21,193.89999389648438,195.0,191.25,191.89999389648438,158809.0
2015-05-22,192.6999969482422,192.6999969482422,189.89999389648438,191.0500030517578,351871.0
2015-05-25,192.39999389648438,192.39999389648438,187.6999969482422,188.8000030517578,37204.0
2015-05-26,191.5,191.5,185.14999389648438,185.75,37512.0
2015-05-27,188.0,190.0,184.5,188.1999969482422,42624.0
2015-05-28,188.0500030517578,190.25,183.39999389648438,187.8000030517578,73588.0
2015-05-29,187.5500030517578,204.0,184.10000610351562,195.0500030517578,888118.0
2015-06-01,195.0,197.10000610351562,189.0500030517578,189.6999969482422,94171.0
2015-06-02,189.10000610351562,189.1999969482422,183.0,185.8000030517578,197622.0
2015-06-03,188.6999969482422,189.9499969482422,181.4499969482422,188.0,176984.0
2015-06-04,186.0,190.0500030517578,185.35000610351562,189.60000610351562,376920.0
2015-06-05,188.0,190.5,186.5500030517578,188.25,178641.0
2015-06-08,186.39999389648438,190.5,185.0,187.39999389648438,48973.0
2015-06-09,189.85000610351562,189.9499969482422,182.64999389648438,185.4499969482422,244834.0
2015-06-10,189.3000030517578,191.0,185.75,189.0,46388.0
2015-06-11,187.60000610351562,190.6999969482422,184.5,185.1999969482422,36256.0
2015-06-12,185.0,187.25,182.85000610351562,186.0,77128.0
2015-06-15,188.9499969482422,188.9499969482422,186.0,186.9499969482422,28985.0
2015-06-16,186.0500030517578,189.35000610351562,185.0,187.0,31161.0
2015-06-17,188.9499969482422,192.0,183.25,185.75,460714.0
2015-06-18,186.3000030517578,188.89999389648438,186.0,187.0,610794.0
2015-06-19,187.60000610351562,189.0,186.0500030517578,186.9499969482422,217853.0
2015-06-22,190.0,190.0,186.0500030517578,187.9499969482422,479382.0
2015-06-23,189.6999969482422,190.0,187.14999389648438,189.0,936646.0
2015-06-24,189.9499969482422,190.75,183.75,185.1999969482422,962178.0
2015-06-25,186.39999389648438,186.75,183.14999389648438,183.5500030517578,535261.0
2015-06-26,183.5500030517578,185.6999969482422,182.64999389648438,183.39999389648438,32703.0
2015-06-29,173.5,189.75,173.5,189.0,276904.0
2015-06-30,188.0,205.89999389648438,187.10000610351562,202.0500030517578,398427.0
2015-07-01,203.64999389648438,203.64999389648438,196.0500030517578,199.4499969482422,132736.0
2015-07-02,203.89999389648438,206.0,198.3000030517578,203.5,312330.0
2015-07-03,203.39999389648438,209.0,198.5,208.3000030517578,233337.0
2015-07-06,208.9499969482422,220.60000610351562,205.0500030517578,217.64999389648438,272291.0
2015-07-07,218.0,219.6999969482422,208.0,208.5500030517578,91672.0
2015-07-08,205.0,209.35000610351562,202.39999389648438,204.14999389648438,43169.0
2015-07-09,205.6999969482422,207.0,195.10000610351562,198.89999389648438,43399.0
2015-07-10,204.6999969482422,205.5,200.60000610351562,203.35000610351562,23614.0
2015-07-13,203.75,206.0,200.60000610351562,204.0500030517578,30008.0
2015-07-14,203.89999389648438,203.89999389648438,199.25,200.6999969482422,66942.0
2015-07-15,202.0,236.8000030517578,201.6999969482422,212.64999389648438,963217.0
2015-07-16,213.5500030517578,213.9499969482422,204.5500030517578,209.39999389648438,340759.0
2015-07-17,212.39999389648438,215.0,207.14999389648438,213.6999969482422,176033.0
2015-07-20,211.5,211.6999969482422,207.5,208.35000610351562,72775.0
2015-07-21,207.0,210.3000030517578,202.0500030517578,202.89999389648438,67498.0
2015-07-22,204.6999969482422,207.9499969482422,200.0,201.85000610351562,115800.0
2015-07-23,207.89999389648438,212.39999389648438,195.5,199.3000030517578,447227.0
2015-07-24,202.0,205.0,195.0,198.85000610351562,198449.0
2015-07-27,198.9499969482422,200.0,190.1999969482422,194.0,97421.0
2015-07-28,195.0,199.89999389648438,190.0500030517578,191.0500030517578,93356.0
2015-07-29,193.0,194.0,190.9499969482422,192.6999969482422,407149.0
2015-07-30,194.6999969482422,195.75,192.25,193.64999389648438,39680.0
2015-07-31,193.89999389648438,199.75,192.5,198.25,91779.0
2015-08-03,198.0,198.0,193.5,194.6999969482422,70802.0
2015-08-04,194.6999969482422,195.1999969482422,191.5500030517578,192.3000030517578,83782.0
2015-08-05,192.5,201.0,190.3000030517578,193.64999389648438,319769.0
2015-08-06,195.5,195.5,190.35000610351562,190.6999969482422,101107.0
2015-08-07,190.6999969482422,191.1999969482422,185.64999389648438,187.4499969482422,88539.0
2015-08-10,187.9499969482422,190.8000030517578,181.0,183.35000610351562,88681.0
2015-08-11,184.0,186.39999389648438,178.0,179.35000610351562,76649.0
2015-08-12,180.0,182.5,175.0,177.35000610351562,101690.0
2015-08-13,179.3000030517578,180.64999389648438,170.0,172.5500030517578,137369.0
2015-08-14,174.5,177.6999969482422,170.0,176.3000030517578,324367.0
2015-08-17,177.5,180.0,174.0,178.5500030517578,49557.0
2015-08-18,181.8000030517578,181.8000030517578,178.39999389648438,181.0,38944.0
2015-08-19,183.5,183.5,178.8000030517578,180.8000030517578,42008.0
2015-08-20,180.0,182.10000610351562,178.0,179.60000610351562,54332.0
2015-08-21,178.0,179.64999389648438,172.0,175.10000610351562,203364.0
2015-08-24,172.3000030517578,174.89999389648438,155.0,162.10000610351562,153392.0
2015-08-25,165.25,170.0,162.35000610351562,165.1999969482422,104507.0
2015-08-26,165.1999969482422,174.0,158.0500030517578,165.89999389648438,70519.0
2015-08-27,169.4499969482422,173.0,165.0,169.60000610351562,44214.0
2015-08-28,172.9499969482422,173.85000610351562,151.0,162.10000610351562,381016.0
2015-08-31,165.6999969482422,179.89999389648438,162.0,172.5,204754.0
2015-09-01,169.0,175.0,167.0500030517578,173.3000030517578,69703.0
2015-09-02,173.3000030517578,175.5,165.1999969482422,168.75,40133.0
2015-09-03,169.0500030517578,171.3000030517578,166.5500030517578,168.25,25758.0
2015-09-04,169.0,169.1999969482422,160.1999969482422,164.6999969482422,39798.0
2015-09-07,167.89999389648438,167.89999389648438,161.0,165.14999389648438,61724.0
2015-09-08,164.64999389648438,167.6999969482422,161.25,165.10000610351562,152079.0
2015-09-09,175.0,175.0,158.14999389648438,165.85000610351562,617294.0
2015-09-10,162.3000030517578,164.4499969482422,159.5,162.3000030517578,258889.0
2015-09-11,161.8000030517578,166.3000030517578,161.1999969482422,162.5500030517578,515910.0
2015-09-14,161.5,164.89999389648438,161.0,161.64999389648438,79951.0
2015-09-15,161.5500030517578,163.89999389648438,158.39999389648438,159.10000610351562,159116.0
2015-09-16,161.4499969482422,161.4499969482422,158.0500030517578,158.85000610351562,39127.0
2015-09-18,159.60000610351562,160.0,152.5500030517578,154.4499969482422,842330.0
2015-09-21,153.89999389648438,160.0,152.1999969482422,159.0500030517578,582051.0
2015-09-22,158.89999389648438,161.0,153.25,155.64999389648438,97070.0
2015-09-23,154.0,161.0,153.5500030517578,159.6999969482422,78968.0
2015-09-24,161.0,161.0500030517578,158.1999969482422,158.5,15832.0
2015-09-28,159.3000030517578,160.0,153.60000610351562,155.64999389648438,33190.0
2015-09-29,155.0,163.1999969482422,154.0500030517578,162.0,150381.0
2015-09-30,163.1999969482422,168.0,160.1999969482422,164.1999969482422,197287.0
2015-10-01,164.1999969482422,165.0,160.6999969482422,162.0,83397.0
2015-10-05,163.0,164.9499969482422,161.1999969482422,163.25,86945.0
2015-10-06,164.0,166.0,162.39999389648438,163.8000030517578,80430.0
2015-10-07,168.5,178.60000610351562,168.5,173.89999389648438,616185.0
2015-10-08,174.0,183.0,171.0500030517578,180.39999389648438,1607436.0
2015-10-09,182.89999389648438,183.0,176.5,182.25,310950.0
2015-10-12,182.0,188.4499969482422,180.0500030517578,185.0500030517578,703424.0
2015-10-13,183.0,185.35000610351562,180.0500030517578,180.6999969482422,272152.0
2015-10-14,180.0,181.8000030517578,177.5,180.85000610351562,104519.0
2015-10-15,180.85000610351562,183.0,180.3000030517578,181.60000610351562,54199.0
2015-10-16,181.3000030517578,184.35000610351562,181.3000030517578,183.8000030517578,44927.0
2015-10-19,180.5500030517578,182.85000610351562,180.5500030517578,181.85000610351562,63824.0
2015-10-20,182.0,188.5,180.14999389648438,187.39999389648438,136323.0
2015-10-21,186.10000610351562,190.0,183.0500030517578,189.25,128163.0
2015-10-23,185.3000030517578,190.0,182.60000610351562,186.0500030517578,56629.0
2015-10-26,186.0,187.5,182.0,183.5,105785.0
2015-10-27,183.89999389648438,184.6999969482422,180.3000030517578,181.1999969482422,38456.0
2015-10-28,180.8000030517578,182.9499969482422,177.0500030517578,181.3000030517578,77358.0
2015-10-29,181.3000030517578,184.35000610351562,179.10000610351562,180.5500030517578,90161.0
2015-10-30,183.5,186.0,175.10000610351562,180.35000610351562,161921.0
2015-11-02,185.0,185.0,179.0500030517578,182.6999969482422,86427.0
2015-11-03,181.0500030517578,186.0,180.0,183.25,1052249.0
2015-11-04,185.0,186.89999389648438,181.5500030517578,185.25,65944.0
2015-11-05,180.10000610351562,185.0,180.0,182.0,83067.0
2015-11-06,181.0,182.39999389648438,177.0,177.5500030517578,39620.0
2015-11-09,176.0,182.4499969482422,175.0,180.75,54312.0
2015-11-10,180.14999389648438,181.5,175.5,178.85000610351562,511282.0
2015-11-13,178.5500030517578,183.0,177.10000610351562,181.5,92482.0
2015-11-16,180.0,183.0,178.3000030517578,181.60000610351562,56714.0
2015-11-17,181.60000610351562,182.0,178.5,179.5,49386.0
2015-11-18,181.1999969482422,181.1999969482422,176.0,178.9499969482422,48202.0
2015-11-19,179.6999969482422,180.89999389648438,177.14999389648438,178.60000610351562,44961.0
2015-11-20,180.4499969482422,182.5,176.3000030517578,180.0500030517578,1363336.0
2015-11-23,179.9499969482422,180.10000610351562,177.5500030517578,178.1999969482422,35815.0
2015-11-24,177.1999969482422,180.1999969482422,175.0,178.9499969482422,1016301.0
2015-11-26,181.1999969482422,183.5,178.1999969482422,181.89999389648438,114486.0
2015-11-27,182.39999389648438,182.5,178.5500030517578,178.89999389648438,1097140.0
2015-11-30,179.0500030517578,182.3000030517578,177.1999969482422,180.89999389648438,2734775.0
2015-12-01,181.0,190.35000610351562,180.25,186.0,1472020.0
2015-12-02,185.5,195.0,185.5,193.89999389648438,1143969.0
2015-12-03,194.9499969482422,198.0,192.0500030517578,195.75,359038.0
2015-12-04,192.0,199.4499969482422,190.0500030517578,195.60000610351562,165364.0
2015-12-07,196.0,198.35000610351562,187.0500030517578,190.0,181647.0
2015-12-08,188.0,189.0,186.0500030517578,186.14999389648438,50599.0
2015-12-09,186.9499969482422,189.5,182.8000030517578,183.85000610351562,48596.0
2015-12-10,183.0,185.5500030517578,180.60000610351562,184.14999389648438,80127.0
2015-12-11,182.14999389648438,190.0,172.0,180.75,2079573.0
2015-12-14,184.5,184.64999389648438,180.0,180.75,65513.0
2015-12-15,181.0,183.8000030517578,180.3000030517578,181.35000610351562,42877.0
2015-12-16,183.0500030517578,184.3000030517578,180.0,182.14999389648438,44638.0
2015-12-17,182.64999389648438,184.6999969482422,180.5,182.5500030517578,214268.0
2015-12-18,181.0,184.0,179.14999389648438,180.64999389648438,142339.0
2015-12-21,180.3000030517578,182.1999969482422,179.10000610351562,179.3000030517578,186651.0
2015-12-22,180.10000610351562,183.10000610351562,179.0,179.5,74554.0
2015-12-23,180.10000610351562,182.6999969482422,177.89999389648438,180.0,246208.0
2015-12-24,181.4499969482422,181.75,178.0,178.35000610351562,155830.0
2015-12-28,178.0,179.8000030517578,178.0,178.85000610351562,118754.0
2015-12-29,180.4499969482422,180.4499969482422,176.1999969482422,177.10000610351562,148065.0
2015-12-30,179.85000610351562,180.0,175.25,178.8000030517578,216444.0
2015-12-31,178.10000610351562,182.0,177.4499969482422,179.64999389648438,178428.0
2016-01-01,180.3000030517578,180.3000030517578,177.6999969482422,178.75,26726.0
2016-01-04,178.10000610351562,179.6999969482422,177.0,178.35000610351562,69265.0
2016-01-05,179.5,179.60000610351562,177.10000610351562,177.4499969482422,264505.0
2016-01-06,178.0,178.3000030517578,176.1999969482422,177.1999969482422,66664.0
2016-01-07,176.3000030517578,179.5,174.5,178.0,803091.0
2016-01-08,179.0,192.25,177.6999969482422,185.8000030517578,248420.0
2016-01-11,184.0,188.0,182.3000030517578,185.85000610351562,121914.0
2016-01-12,185.0,190.64999389648438,184.14999389648438,189.89999389648438,200154.0
2016-01-13,188.10000610351562,191.9499969482422,178.10000610351562,180.35000610351562,393672.0
2016-01-14,178.6999969482422,188.0,177.0,185.0,142113.0
2016-01-15,189.5500030517578,189.5500030517578,181.0,182.9499969482422,178390.0
2016-01-18,179.0,181.39999389648438,167.85000610351562,177.0500030517578,160987.0
2016-01-19,172.3000030517578,177.9499969482422,172.3000030517578,176.3000030517578,206358.0
2016-01-20,175.0,177.85000610351562,169.1999969482422,177.35000610351562,58410.0
2016-01-21,176.64999389648438,176.75,170.5,172.39999389648438,63542.0
2016-01-22,175.8000030517578,176.0,171.5,175.0500030517578,121910.0
2016-01-25,174.5500030517578,181.0,174.5,179.89999389648438,50820.0
2016-01-27,180.0,188.5,179.0,187.0,57099.0
2016-01-28,188.89999389648438,191.5500030517578,184.10000610351562,186.5,119563.0
2016-01-29,190.0,193.0,188.3000030517578,192.3000030517578,146066.0
2016-02-01,193.4499969482422,199.8000030517578,190.25,198.0,90473.0
2016-02-02,198.0,202.0,193.0,194.9499969482422,47852.0
2016-02-03,192.0,192.9499969482422,182.0,186.60000610351562,83709.0
2016-02-04,185.0,188.14999389648438,183.6999969482422,185.14999389648438,63750.0
2016-02-05,187.89999389648438,187.89999389648438,183.5,183.8000030517578,25843.0
2016-02-08,184.0,187.9499969482422,183.8000030517578,184.10000610351562,26554.0
2016-02-09,180.3000030517578,192.0,180.3000030517578,189.35000610351562,70187.0
2016-02-10,192.0,192.0,181.0500030517578,186.89999389648438,108629.0
2016-02-11,186.35000610351562,187.64999389648438,177.1999969482422,182.9499969482422,100952.0
2016-02-12,183.89999389648438,184.8000030517578,173.60000610351562,181.1999969482422,105214.0
2016-02-15,182.64999389648438,185.9499969482422,179.5,185.0,220598.0
2016-02-16,186.0,188.0,181.0500030517578,184.8000030517578,34308.0
2016-02-17,185.0,190.89999389648438,180.1999969482422,186.3000030517578,58562.0
2016-02-18,186.5,189.75,181.5,187.8000030517578,32324.0
2016-02-19,185.10000610351562,189.35000610351562,183.1999969482422,187.5500030517578,47371.0
2016-02-22,187.0,187.85000610351562,185.14999389648438,186.39999389648438,21579.0
2016-02-23,185.35000610351562,187.10000610351562,182.64999389648438,183.85000610351562,52080.0
2016-02-24,185.4499969482422,185.4499969482422,178.5500030517578,179.60000610351562,26407.0
2016-02-25,181.0,181.4499969482422,175.10000610351562,175.8000030517578,87332.0
2016-02-26,177.9499969482422,180.8000030517578,175.1999969482422,179.39999389648438,40894.0
2016-02-29,178.0,178.89999389648438,170.3000030517578,173.85000610351562,151572.0
2016-03-01,175.85000610351562,178.10000610351562,173.35000610351562,174.89999389648438,64364.0
2016-03-02,176.5500030517578,178.0,173.25,174.89999389648438,80494.0
2016-03-03,177.4499969482422,177.5,173.0500030517578,173.39999389648438,98060.0
2016-03-04,173.64999389648438,177.0,173.14999389648438,176.1999969482422,108837.0
2016-03-08,177.89999389648438,177.89999389648438,174.14999389648438,176.35000610351562,80216.0
2016-03-09,175.0,177.39999389648438,174.5,176.5,53392.0
2016-03-10,175.0,178.5,174.89999389648438,177.5,95610.0
2016-03-11,177.14999389648438,178.0500030517578,175.1999969482422,176.9499969482422,54083.0
2016-03-14,177.89999389648438,178.5,175.14999389648438,177.9499969482422,64827.0
2016-03-15,175.64999389648438,179.8000030517578,175.64999389648438,178.60000610351562,44894.0
2016-03-16,178.4499969482422,179.60000610351562,175.0,176.8000030517578,69535.0
2016-03-17,175.1999969482422,179.3000030517578,175.1999969482422,177.1999969482422,43438.0
2016-03-18,175.1999969482422,178.5,175.1999969482422,178.0,167612.0
2016-03-21,179.4499969482422,179.4499969482422,177.0500030517578,177.5500030517578,25064.0
2016-03-22,178.25,178.5,176.1999969482422,177.0,9915.0
2016-03-23,177.0,178.89999389648438,176.10000610351562,177.9499969482422,145160.0
2016-03-28,178.0,178.35000610351562,173.5500030517578,173.9499969482422,38295.0
2016-03-29,174.10000610351562,174.5,172.0500030517578,173.10000610351562,26586.0
2016-03-30,173.85000610351562,176.5,172.8000030517578,175.1999969482422,84465.0
2016-03-31,175.5,179.89999389648438,175.5,178.75,64723.0
2016-04-01,178.6999969482422,181.5,176.89999389648438,180.25,73486.0
2016-04-04,179.0500030517578,181.5,179.0,179.89999389648438,136910.0
2016-04-05,181.0,181.0,177.1999969482422,178.5500030517578,86147.0
2016-04-06,176.39999389648438,180.14999389648438,175.5,179.0500030517578,52542.0
2016-04-07,178.0,179.10000610351562,176.0,176.75,402050.0
2016-04-08,178.35000610351562,179.3000030517578,176.1999969482422,178.75,93609.0
2016-04-11,179.0,179.8000030517578,176.1999969482422,176.85000610351562,39472.0
2016-04-12,177.89999389648438,178.8000030517578,176.0,176.5,61358.0
2016-04-13,177.3000030517578,184.85000610351562,177.3000030517578,183.9499969482422,374008.0
2016-04-18,186.39999389648438,189.35000610351562,184.5500030517578,186.35000610351562,509229.0
2016-04-20,187.0500030517578,189.89999389648438,184.25,188.39999389648438,253676.0
2016-04-21,188.0,195.5,188.0,193.9499969482422,189066.0
2016-04-22,192.0,198.85000610351562,190.5,195.89999389648438,102542.0
2016-04-25,196.25,197.8000030517578,194.5500030517578,195.0500030517578,81013.0
2016-04-26,195.14999389648438,200.5,193.5,199.10000610351562,114284.0
2016-04-27,198.5,211.9499969482422,192.60000610351562,209.0,337825.0
2016-04-28,210.39999389648438,213.4499969482422,207.1999969482422,209.25,238037.0
2016-04-29,209.0,211.4499969482422,199.0,203.10000610351562,205485.0
2016-05-02,197.5,203.6999969482422,197.5,199.75,73023.0
2016-05-03,199.75,201.10000610351562,195.0,196.10000610351562,43601.0
2016-05-04,197.39999389648438,197.39999389648438,193.5,194.0,189120.0
2016-05-05,194.1999969482422,194.3000030517578,189.10000610351562,190.39999389648438,109726.0
2016-05-06,190.6999969482422,195.8000030517578,188.5500030517578,191.85000610351562,544732.0
2016-05-09,193.10000610351562,219.60000610351562,193.10000610351562,215.0,2293469.0
2016-05-10,212.1999969482422,212.1999969482422,205.35000610351562,206.85000610351562,205825.0
2016-05-11,203.0,206.0500030517578,200.39999389648438,203.8000030517578,190845.0
2016-05-12,204.89999389648438,207.39999389648438,202.0,203.4499969482422,131204.0
2016-05-13,204.9499969482422,217.8000030517578,204.0,211.1999969482422,1230908.0
2016-05-16,213.60000610351562,225.0,212.5,220.5500030517578,1389224.0
2016-05-17,220.75,226.85000610351562,220.75,223.10000610351562,509858.0
2016-05-18,224.85000610351562,224.85000610351562,216.5,217.10000610351562,339482.0
2016-05-19,219.0,224.60000610351562,215.5500030517578,218.8000030517578,353763.0
2016-05-20,219.0,222.89999389648438,213.0500030517578,213.85000610351562,133566.0
2016-05-23,215.3000030517578,221.75,212.9499969482422,217.14999389648438,171459.0
2016-05-24,217.14999389648438,223.0,213.10000610351562,215.60000610351562,129950.0
2016-05-25,218.0,218.6999969482422,206.5,209.8000030517578,173408.0
2016-05-26,209.8000030517578,220.5,209.8000030517578,217.10000610351562,246592.0
2016-05-27,216.89999389648438,222.0,210.35000610351562,214.64999389648438,384832.0
2016-05-30,225.0,238.5,225.0,233.9499969482422,1620825.0
2016-05-31,235.1999969482422,236.25,230.5,232.39999389648438,373226.0
2016-06-01,233.5,247.0,232.6999969482422,244.39999389648438,1384692.0
2016-06-02,246.0,246.0,240.25,242.14999389648438,441445.0
2016-06-03,242.14999389648438,273.6000061035156,241.89999389648438,251.14999389648438,3475246.0
2016-06-06,253.0,276.45001220703125,246.35000610351562,271.3500061035156,1922900.0
2016-06-07,268.79998779296875,288.8999938964844,261.29998779296875,273.1000061035156,2700502.0
2016-06-08,271.79998779296875,279.8999938964844,270.04998779296875,273.3500061035156,1241477.0
2016-06-09,275.8500061035156,275.8500061035156,253.4499969482422,255.5500030517578,1041304.0
2016-06-10,255.5500030517578,263.8999938964844,251.25,255.8000030517578,798461.0
2016-06-13,250.89999389648438,264.0,249.89999389648438,260.3500061035156,824157.0
2016-06-14,264.0,270.0,262.75,268.29998779296875,795749.0
2016-06-15,268.29998779296875,277.5,262.8999938964844,269.0,942714.0
2016-06-16,271.8999938964844,274.8500061035156,263.0,266.79998779296875,499879.0
2016-06-17,270.0,270.3999938964844,263.75,265.79998779296875,457895.0
2016-06-20,265.0,265.0,256.6499938964844,259.95001220703125,452116.0
2016-06-21,262.29998779296875,269.8999938964844,259.6000061035156,268.1000061035156,452622.0
2016-06-22,269.95001220703125,273.79998779296875,264.0,267.54998779296875,318941.0
2016-06-23,267.0,272.8999938964844,264.3500061035156,269.70001220703125,369330.0
2016-06-24,261.1000061035156,287.54998779296875,250.0,282.1499938964844,1110254.0
2016-06-27,277.20001220703125,287.79998779296875,277.20001220703125,280.3500061035156,651377.0
2016-06-28,284.3500061035156,287.20001220703125,277.0,279.20001220703125,373557.0
2016-06-29,281.1499938964844,292.79998779296875,281.1499938964844,287.79998779296875,789253.0
2016-06-30,290.5,296.0,287.20001220703125,293.04998779296875,740974.0
2016-07-01,295.8999938964844,298.8500061035156,285.25,287.3999938964844,1266267.0
2016-07-04,293.0,298.25,286.0,287.8500061035156,1880447.0
2016-07-05,290.5,290.75,285.20001220703125,287.1000061035156,376363.0
2016-07-07,287.5,289.79998779296875,275.25,278.25,750466.0
2016-07-08,279.6000061035156,283.75,278.25,279.29998779296875,699420.0
2016-07-11,281.8500061035156,286.3999938964844,280.04998779296875,282.45001220703125,733046.0
2016-07-12,282.5,285.5,276.6000061035156,281.29998779296875,570807.0
2016-07-13,282.0,282.1000061035156,271.25,272.3500061035156,406828.0
2016-07-14,272.0,278.0,266.5,275.1000061035156,481115.0
2016-07-15,277.8500061035156,277.8500061035156,272.1499938964844,275.20001220703125,210733.0
2016-07-18,274.6000061035156,281.0,274.6000061035156,278.3999938964844,639170.0
2016-07-19,277.5,279.95001220703125,272.04998779296875,275.8500061035156,327646.0
2016-07-20,277.8999938964844,281.45001220703125,275.8999938964844,278.29998779296875,405662.0
2016-07-21,278.20001220703125,283.5,274.1499938964844,275.3500061035156,675246.0
2016-07-22,275.5,282.79998779296875,267.3500061035156,277.54998779296875,375013.0
2016-07-25,277.25,280.5,275.0,279.1000061035156,392683.0
2016-07-26,279.0,302.3999938964844,278.45001220703125,285.8999938964844,2251385.0
2016-07-27,287.3500061035156,313.5,287.04998779296875,308.79998779296875,1615063.0
2016-07-28,313.0,323.0,310.0,319.1000061035156,1841800.0
2016-07-29,329.1000061035156,340.0,326.3500061035156,331.75,2801296.0
2016-08-01,332.1000061035156,398.1000061035156,332.1000061035156,355.45001220703125,6637764.0
2016-08-02,362.0,390.0,358.3500061035156,362.3500061035156,5032368.0
2016-08-03,367.8999938964844,374.3999938964844,344.25,347.95001220703125,1820593.0
2016-08-04,355.04998779296875,366.70001220703125,345.5,360.1499938964844,1250266.0
2016-08-05,364.29998779296875,368.0,344.0,352.6499938964844,2831915.0
2016-08-08,346.1000061035156,406.79998779296875,342.0,399.79998779296875,5461511.0
2016-08-09,402.0,402.5,376.5,379.75,2173829.0
2016-08-10,383.3999938964844,402.0,382.04998779296875,391.45001220703125,3288202.0
2016-08-11,388.79998779296875,388.79998779296875,363.5,368.3500061035156,1156538.0
2016-08-12,370.0,377.95001220703125,358.6000061035156,369.04998779296875,961017.0
2016-08-16,370.0,372.0,360.25,365.5,810487.0
2016-08-17,365.54998779296875,367.3500061035156,357.1000061035156,358.3500061035156,502318.0
2016-08-18,361.70001220703125,363.0,350.1000061035156,359.3500061035156,886530.0
2016-08-19,361.5,361.5,347.0,349.8999938964844,813453.0
2016-08-22,352.20001220703125,353.0,338.25,342.20001220703125,851607.0
2016-08-23,343.54998779296875,344.79998779296875,333.1499938964844,334.3500061035156,748644.0
2016-08-24,334.5,341.25,333.0,336.6000061035156,787271.0
2016-08-25,338.0,338.6000061035156,323.5,325.79998779296875,990183.0
2016-08-26,328.95001220703125,342.5,326.0,335.54998779296875,2293655.0
2016-08-29,334.0,340.75,331.20001220703125,339.45001220703125,1152717.0
2016-08-30,341.75,356.3999938964844,340.8999938964844,354.20001220703125,1182006.0
2016-08-31,357.75,383.29998779296875,357.20001220703125,375.75,2225380.0
2016-09-01,376.79998779296875,376.79998779296875,359.25,363.3999938964844,777742.0
2016-09-02,361.0,366.1499938964844,358.3500061035156,360.04998779296875,560280.0
2016-09-06,362.6000061035156,367.25,356.29998779296875,358.20001220703125,700729.0
2016-09-07,360.0,370.8999938964844,359.3500061035156,368.20001220703125,1165248.0
2016-09-08,371.0,379.79998779296875,366.29998779296875,374.75,1111549.0
2016-09-09,377.0,377.20001220703125,363.3999938964844,366.3999938964844,644622.0
2016-09-12,358.0,358.5,346.6000061035156,349.0,425190.0
2016-09-14,349.0,349.0,330.20001220703125,335.79998779296875,1077557.0
2016-09-15,335.0,351.5,335.0,344.8500061035156,569726.0
2016-09-16,350.0,354.8999938964844,338.5,342.79998779296875,826818.0
2016-09-19,343.1000061035156,352.0,343.1000061035156,349.5,600986.0
2016-09-20,350.0,357.79998779296875,349.95001220703125,354.1000061035156,380026.0
2016-09-21,359.95001220703125,368.0,356.29998779296875,363.3500061035156,838152.0
2016-09-22,366.20001220703125,388.8999938964844,365.0,385.3999938964844,1224821.0
2016-09-23,386.0,387.0,369.0,375.0,1433927.0
2016-09-26,372.25,372.25,363.8500061035156,368.20001220703125,408277.0
2016-09-27,374.0,379.8500061035156,370.1000061035156,373.29998779296875,760818.0
2016-09-28,374.0,376.6499938964844,362.0,364.29998779296875,415555.0
2016-09-29,366.3500061035156,369.8500061035156,337.1499938964844,341.8500061035156,700802.0
2016-09-30,334.1499938964844,356.45001220703125,334.1499938964844,348.79998779296875,535178.0
2016-10-03,354.70001220703125,356.0,348.0,351.1000061035156,914692.0
2016-10-04,352.0,354.0,345.1000061035156,349.54998779296875,355676.0
2016-10-05,350.0,352.75,344.20001220703125,345.70001220703125,291600.0
2016-10-06,348.0,348.0,339.0,341.25,274981.0
2016-10-07,344.70001220703125,344.70001220703125,336.3500061035156,338.8500061035156,192175.0
2016-10-10,339.3999938964844,346.45001220703125,334.1499938964844,343.70001220703125,371824.0
2016-10-13,344.0,351.25,337.6000061035156,343.0,874215.0
2016-10-14,345.79998779296875,352.0,344.0,350.1000061035156,675983.0
2016-10-17,356.8999938964844,357.0,345.6000061035156,347.29998779296875,309914.0
2016-10-18,351.0,354.3500061035156,348.45001220703125,351.5,751137.0
2016-10-19,354.95001220703125,354.95001220703125,342.6499938964844,344.6000061035156,347117.0
2016-10-20,345.5,352.5,345.5,349.25,553749.0
2016-10-21,349.04998779296875,350.04998779296875,345.1000061035156,346.1000061035156,134688.0
2016-10-24,348.70001220703125,367.79998779296875,346.54998779296875,365.6499938964844,1597576.0
2016-10-25,369.0,377.3500061035156,367.20001220703125,369.8500061035156,1128239.0
2016-10-26,365.5,369.0,361.1000061035156,363.29998779296875,208112.0
2016-10-27,361.3999938964844,361.70001220703125,353.54998779296875,356.70001220703125,210513.0
2016-10-28,356.0,368.3999938964844,355.1499938964844,358.8999938964844,386541.0
2016-11-01,373.6499938964844,373.6499938964844,358.6499938964844,361.75,284010.0
2016-11-02,359.8999938964844,364.5,342.25,352.6499938964844,311317.0
2016-11-03,352.70001220703125,356.95001220703125,348.0,351.1000061035156,235472.0
2016-11-04,351.54998779296875,354.75,336.1499938964844,343.6000061035156,278305.0
2016-11-07,354.0,357.0,347.1499938964844,353.75,198691.0
2016-11-08,356.0,373.79998779296875,354.8999938964844,361.8500061035156,929654.0
2016-11-09,326.0,368.0,290.0,358.54998779296875,1124609.0
2016-11-10,370.0,371.0,345.5,354.3500061035156,595740.0
2016-11-11,348.0,355.0,321.54998779296875,341.45001220703125,1636968.0
2016-11-15,336.1000061035156,341.20001220703125,292.1499938964844,322.5,1649952.0
2016-11-16,325.04998779296875,331.5,304.0,309.75,1110309.0
2016-11-17,309.0,323.5,305.3500061035156,315.8500061035156,476145.0
2016-11-18,314.6000061035156,318.0,295.0,301.75,678679.0
2016-11-21,308.79998779296875,308.79998779296875,280.0,289.3999938964844,954647.0
2016-11-22,289.5,298.5,281.6000061035156,296.25,436999.0
2016-11-23,298.8999938964844,301.3500061035156,289.1499938964844,296.29998779296875,240348.0
2016-11-24,295.0,298.3999938964844,284.8500061035156,288.1499938964844,428309.0
2016-11-25,292.0,295.8999938964844,286.0,288.3500061035156,293613.0
2016-11-28,288.0,291.0,283.79998779296875,285.5,170094.0
2016-11-29,287.0,313.70001220703125,285.04998779296875,308.70001220703125,1392237.0
2016-11-30,309.5,311.5,300.0,302.95001220703125,347415.0
2016-12-01,305.3999938964844,307.3999938964844,299.29998779296875,301.8999938964844,601939.0
2016-12-02,300.0,304.0,286.8500061035156,295.5,555991.0
2016-12-05,299.5,299.5,291.5,293.20001220703125,125092.0
2016-12-06,294.1000061035156,306.3500061035156,294.1000061035156,298.1499938964844,299710.0
2016-12-07,299.8999938964844,307.54998779296875,296.95001220703125,298.75,288090.0
2016-12-08,300.0,304.0,298.04998779296875,298.8999938964844,169654.0
2016-12-09,298.0,304.8999938964844,298.0,303.6499938964844,193100.0
2016-12-12,301.0,303.6499938964844,295.8500061035156,297.0,695661.0
2016-12-13,298.25,298.25,288.0,289.70001220703125,276656.0
2016-12-14,290.3999938964844,290.3999938964844,273.25,278.29998779296875,410404.0
2016-12-15,279.5,281.20001220703125,267.25,270.70001220703125,676052.0
2016-12-16,271.0,274.8999938964844,269.0,269.95001220703125,361413.0
2016-12-19,265.29998779296875,270.0,263.25,267.04998779296875,269430.0
2016-12-20,268.20001220703125,270.0,262.0,266.8500061035156,301691.0
2016-12-21,266.8500061035156,277.95001220703125,264.0,268.1000061035156,339711.0
2016-12-22,269.0,275.79998779296875,264.25,271.95001220703125,334746.0
2016-12-23,271.0,277.70001220703125,266.3500061035156,275.0,203242.0
2016-12-26,275.0,275.0,265.0,269.6499938964844,216327.0
2016-12-27,267.1000061035156,273.79998779296875,266.0,272.29998779296875,138249.0
2016-12-28,272.5,279.54998779296875,269.0,274.45001220703125,638558.0
2016-12-29,273.0,283.20001220703125,271.5,281.8999938964844,245925.0
2016-12-30,282.0,289.0,279.3500061035156,282.70001220703125,242396.0
2017-01-02,285.0,287.0,281.1499938964844,285.20001220703125,144601.0
2017-01-03,285.0,291.8999938964844,283.0,286.54998779296875,285215.0
2017-01-04,287.0,289.3999938964844,285.3500061035156,286.8999938964844,223054.0
2017-01-05,290.0,295.6000061035156,287.0,292.8999938964844,285723.0
2017-01-06,294.0,298.0,292.1499938964844,295.1499938964844,345224.0
2017-01-09,295.04998779296875,296.1000061035156,290.3999938964844,291.8500061035156,129404.0
2017-01-10,292.0,293.0,286.20001220703125,288.1000061035156,272573.0
2017-01-11,289.0,292.0,285.20001220703125,289.04998779296875,604799.0
2017-01-12,289.45001220703125,295.79998779296875,288.3999938964844,290.8500061035156,278627.0
2017-01-13,297.79998779296875,306.20001220703125,293.95001220703125,297.29998779296875,608217.0
2017-01-16,295.04998779296875,305.45001220703125,295.04998779296875,302.70001220703125,272655.0
2017-01-17,305.0,312.79998779296875,304.0,310.45001220703125,606718.0
2017-01-18,314.0,317.0,309.3999938964844,310.3999938964844,279067.0
2017-01-19,314.0,314.0,302.04998779296875,305.3999938964844,203127.0
2017-01-20,301.29998779296875,304.75,286.25,295.1499938964844,376263.0
2017-01-23,294.95001220703125,298.75,290.29998779296875,295.8500061035156,275683.0
2017-01-24,297.8500061035156,302.0,292.8500061035156,298.8500061035156,244295.0
2017-01-25,299.0,324.79998779296875,299.0,321.54998779296875,1013430.0
2017-01-27,321.0,330.0,316.8500061035156,320.75,465915.0
2017-01-30,320.0,324.45001220703125,316.0,320.04998779296875,249455.0
2017-01-31,322.8999938964844,322.8999938964844,300.1000061035156,305.6499938964844,474182.0
2017-02-01,308.95001220703125,329.0,307.0,323.70001220703125,611220.0
2017-02-02,329.0,355.0,324.0,346.45001220703125,1167810.0
2017-02-03,345.5,357.75,340.54998779296875,343.5,518895.0
2017-02-06,348.1000061035156,354.3999938964844,344.45001220703125,352.20001220703125,255027.0
2017-02-07,350.70001220703125,351.6000061035156,334.6499938964844,340.3999938964844,346808.0
2017-02-08,344.5,345.54998779296875,327.8999938964844,331.8500061035156,375354.0
2017-02-09,339.0,348.70001220703125,332.0,339.0,930709.0
2017-02-10,341.70001220703125,342.6000061035156,337.04998779296875,340.8500061035156,246589.0
2017-02-13,342.0,346.45001220703125,325.1000061035156,328.75,460874.0
2017-02-14,340.0,340.0,331.54998779296875,335.0,784522.0
2017-02-15,336.0,336.75,325.3500061035156,331.79998779296875,271006.0
2017-02-16,333.1000061035156,350.79998779296875,332.0,348.1000061035156,747624.0
2017-02-17,350.0,356.8999938964844,343.3999938964844,348.3999938964844,601310.0
2017-02-20,349.0,355.5,346.70001220703125,350.3999938964844,219328.0
2017-02-21,350.3999938964844,352.79998779296875,347.20001220703125,350.1000061035156,198609.0
2017-02-22,353.1000061035156,353.1000061035156,348.25,350.3999938964844,148297.0
2017-02-23,350.70001220703125,364.6000061035156,349.1000061035156,353.70001220703125,702280.0
2017-02-27,354.45001220703125,361.0,351.20001220703125,355.79998779296875,237665.0
2017-02-28,355.79998779296875,358.79998779296875,348.0,356.29998779296875,157822.0
2017-03-01,356.8999938964844,364.0,356.1000061035156,358.79998779296875,350158.0
2017-03-02,360.0,363.0,352.0,354.3500061035156,184250.0
2017-03-03,354.6000061035156,354.8999938964844,345.0,347.3500061035156,160891.0
2017-03-06,348.0,352.45001220703125,348.0,350.1499938964844,317329.0
2017-03-07,348.04998779296875,353.0,347.5,351.3500061035156,131884.0
2017-03-08,351.3500061035156,354.29998779296875,349.3500061035156,352.45001220703125,148269.0
2017-03-09,348.5,355.0,347.3500061035156,351.8500061035156,104208.0
2017-03-10,343.0,343.0,325.0,338.70001220703125,763852.0
2017-03-14,347.70001220703125,349.95001220703125,338.79998779296875,340.95001220703125,162970.0
2017-03-15,341.70001220703125,344.8999938964844,339.54998779296875,343.70001220703125,106984.0
2017-03-16,346.0,349.5,344.8999938964844,348.6000061035156,193947.0
2017-03-17,348.6000061035156,353.8999938964844,343.75,349.1000061035156,463719.0
2017-03-20,350.0,352.79998779296875,340.5,344.79998779296875,348700.0
2017-03-21,347.95001220703125,352.5,344.1000061035156,350.6000061035156,336326.0
2017-03-22,347.0,350.6000061035156,341.1000061035156,347.1000061035156,86469.0
2017-03-23,352.95001220703125,357.0,350.70001220703125,353.54998779296875,178348.0
2017-03-24,353.95001220703125,358.1499938964844,347.95001220703125,350.20001220703125,144699.0
2017-03-27,350.8999938964844,354.5,348.5,350.1000061035156,74998.0
2017-03-28,349.8999938964844,353.0,348.54998779296875,350.95001220703125,113002.0
2017-03-29,351.25,389.70001220703125,351.25,378.25,1423757.0
2017-03-30,376.79998779296875,380.0,364.29998779296875,373.75,332618.0
2017-03-31,377.45001220703125,389.95001220703125,363.8500061035156,368.95001220703125,1352539.0
2017-04-03,370.0,384.0,368.1499938964844,380.6499938964844,547342.0
2017-04-05,381.75,401.8999938964844,377.6000061035156,396.1000061035156,1371910.0
2017-04-06,396.1000061035156,398.95001220703125,376.0,380.1000061035156,927564.0
2017-04-07,377.0,386.75,373.1000061035156,377.1000061035156,652114.0
2017-04-10,381.25,382.45001220703125,373.20001220703125,375.25,247414.0
2017-04-11,376.8999938964844,389.3999938964844,376.8999938964844,385.1499938964844,2067773.0
2017-04-12,386.70001220703125,391.1499938964844,375.0,382.45001220703125,3998068.0
2017-04-13,382.95001220703125,396.54998779296875,382.95001220703125,389.6000061035156,922344.0
2017-04-17,390.0,396.45001220703125,384.6499938964844,394.70001220703125,461511.0
2017-04-18,396.79998779296875,410.79998779296875,392.20001220703125,396.3999938964844,2408796.0
2017-04-19,394.45001220703125,412.0,390.0,407.0,1111978.0
2017-04-20,410.0,419.3999938964844,402.0,416.54998779296875,1754014.0
2017-04-21,417.1000061035156,417.3999938964844,401.8999938964844,406.45001220703125,799906.0
2017-04-24,409.5,409.5,393.54998779296875,395.1499938964844,807718.0
2017-04-25,397.0,404.04998779296875,389.25,393.95001220703125,988587.0
2017-04-26,395.1000061035156,401.0,382.6000061035156,388.95001220703125,861874.0
2017-04-27,392.79998779296875,401.0,390.1499938964844,400.3999938964844,793900.0
2017-04-28,400.95001220703125,404.95001220703125,388.8500061035156,394.29998779296875,1791011.0
2017-05-02,396.8999938964844,396.8999938964844,376.0,393.6499938964844,895957.0
2017-05-03,394.1000061035156,400.8500061035156,392.04998779296875,395.5,420757.0
2017-05-04,395.5,402.70001220703125,392.04998779296875,400.25,1001507.0
2017-05-05,401.0,401.0,387.79998779296875,391.70001220703125,540226.0
2017-05-08,391.0,397.6000061035156,390.3999938964844,394.54998779296875,250670.0
2017-05-09,395.04998779296875,399.79998779296875,393.5,396.20001220703125,488873.0
2017-05-10,397.6499938964844,404.5,395.20001220703125,398.79998779296875,1300117.0
2017-05-11,400.8999938964844,401.95001220703125,394.45001220703125,395.70001220703125,329785.0
2017-05-12,396.0,397.8999938964844,385.6000061035156,390.70001220703125,373854.0
2017-05-15,391.0,396.5,388.5,392.45001220703125,385865.0
2017-05-16,393.6499938964844,400.95001220703125,393.25,394.79998779296875,514200.0
2017-05-17,396.8999938964844,398.0,392.6000061035156,395.1499938964844,311597.0
2017-05-18,393.0,395.45001220703125,375.1000061035156,379.20001220703125,646434.0
2017-05-19,395.0,400.8999938964844,357.45001220703125,379.1499938964844,3211995.0
2017-05-22,382.1000061035156,393.95001220703125,380.79998779296875,385.45001220703125,1733876.0
2017-05-23,386.6499938964844,389.75,372.04998779296875,382.8500061035156,915259.0
2017-05-24,384.0,395.3999938964844,383.5,386.04998779296875,760640.0
2017-05-25,389.79998779296875,393.3999938964844,386.8500061035156,389.3999938964844,580979.0
2017-05-26,393.95001220703125,403.3999938964844,389.45001220703125,398.8999938964844,891020.0
2017-05-29,397.0,398.75,386.6499938964844,391.0,365945.0
2017-05-30,392.5,396.29998779296875,382.5,395.04998779296875,248705.0
2017-05-31,395.1000061035156,415.5,394.45001220703125,412.6499938964844,1302071.0
2017-06-01,412.6000061035156,417.95001220703125,403.3500061035156,409.95001220703125,987025.0
2017-06-02,414.70001220703125,432.0,408.70001220703125,428.20001220703125,1522773.0
2017-06-05,428.0,439.75,426.1000061035156,433.6000061035156,1130544.0
2017-06-06,433.6499938964844,438.6000061035156,422.3999938964844,424.8500061035156,514532.0
2017-06-07,425.29998779296875,441.6000061035156,422.79998779296875,439.20001220703125,629866.0
2017-06-08,444.0,447.45001220703125,433.6000061035156,435.54998779296875,853515.0
2017-06-09,438.6499938964844,453.29998779296875,422.79998779296875,446.70001220703125,1619995.0
2017-06-12,455.0,455.0,445.3999938964844,449.45001220703125,1531400.0
2017-06-13,450.75,465.8999938964844,449.29998779296875,464.70001220703125,1525493.0
2017-06-14,465.8999938964844,479.3999938964844,460.3500061035156,476.8999938964844,1277514.0
2017-06-15,474.95001220703125,481.20001220703125,468.8500061035156,472.79998779296875,655299.0
2017-06-16,473.20001220703125,481.95001220703125,470.25,471.8500061035156,494930.0
2017-06-19,473.04998779296875,476.70001220703125,455.8500061035156,459.70001220703125,486877.0
2017-06-20,459.70001220703125,472.04998779296875,455.6000061035156,464.79998779296875,396194.0
2017-06-21,465.0,465.3500061035156,457.1000061035156,459.1000061035156,341056.0
2017-06-22,460.0,464.79998779296875,449.20001220703125,451.1499938964844,354938.0
2017-06-23,452.0,453.70001220703125,437.8999938964844,447.1499938964844,396801.0
2017-06-27,446.29998779296875,447.0,434.79998779296875,436.04998779296875,562976.0
2017-06-28,436.0,453.54998779296875,429.95001220703125,446.1499938964844,745164.0
2017-06-29,449.3999938964844,464.3999938964844,447.95001220703125,460.1000061035156,830368.0
2017-06-30,458.5,459.79998779296875,450.6499938964844,455.1499938964844,327367.0
2017-07-03,458.0,464.70001220703125,451.6000061035156,456.54998779296875,438293.0
2017-07-04,460.0,462.0,448.0,450.6000061035156,295595.0
2017-07-05,454.0,458.0,447.6499938964844,451.1499938964844,301216.0
2017-07-06,454.79998779296875,458.0,445.20001220703125,446.6000061035156,546249.0
2017-07-07,448.79998779296875,452.8500061035156,443.8500061035156,448.8999938964844,427452.0
2017-07-10,450.0,454.0,445.25,449.5,65893.0
2017-07-11,450.5,452.6499938964844,440.5,445.04998779296875,323573.0
2017-07-12,447.5,469.54998779296875,444.1000061035156,467.75,1067168.0
2017-07-13,472.0,474.8999938964844,463.3500061035156,469.6499938964844,960481.0
2017-07-14,470.95001220703125,479.0,465.95001220703125,472.8500061035156,991986.0
2017-07-17,475.95001220703125,475.95001220703125,464.54998779296875,468.3999938964844,327343.0
2017-07-18,466.0,476.25,460.1000061035156,468.8999938964844,488523.0
2017-07-19,468.5,475.3500061035156,465.1000061035156,470.54998779296875,895246.0
2017-07-20,471.54998779296875,472.75,458.20001220703125,460.1499938964844,540333.0
2017-07-21,460.8999938964844,464.8500061035156,447.25,452.75,452339.0
2017-07-24,453.04998779296875,468.8999938964844,451.45001220703125,461.3500061035156,792689.0
2017-07-25,462.0,469.79998779296875,455.8500061035156,465.95001220703125,461333.0
2017-07-26,468.8999938964844,483.3999938964844,467.0,477.6499938964844,1687894.0
2017-07-27,481.95001220703125,481.95001220703125,462.6499938964844,465.3500061035156,947528.0
2017-07-28,465.0,474.75,462.29998779296875,467.5,568445.0
2017-07-31,468.0,480.0,467.79998779296875,474.1499938964844,889969.0
2017-08-01,474.79998779296875,476.3999938964844,469.04998779296875,470.54998779296875,289288.0
2017-08-02,471.5,472.8500061035156,463.0,464.45001220703125,878610.0
2017-08-03,465.0,466.75,444.8500061035156,453.8999938964844,600109.0
2017-08-04,456.8500061035156,464.8500061035156,452.3500061035156,461.75,363852.0
2017-08-07,464.0,479.1000061035156,463.0,474.3500061035156,645228.0
2017-08-08,480.0,489.0,462.45001220703125,479.6000061035156,2443765.0
2017-08-09,484.0,484.45001220703125,451.75,457.3500061035156,1062260.0
2017-08-10,455.1499938964844,456.29998779296875,414.0,434.70001220703125,1501790.0
2017-08-11,431.0,452.95001220703125,420.0,442.8500061035156,1007259.0
2017-08-14,445.0,457.1499938964844,443.79998779296875,453.8999938964844,377613.0
2017-08-16,454.5,457.70001220703125,445.25,453.75,400475.0
2017-08-17,456.5,466.0,454.5,463.75,520185.0
2017-08-18,461.95001220703125,467.0,451.0,464.0,504493.0
2017-08-21,466.25,467.8999938964844,451.0,454.6499938964844,341119.0
2017-08-22,457.0,461.5,440.0,442.8999938964844,367591.0
2017-08-23,448.8999938964844,451.29998779296875,441.6000061035156,444.45001220703125,454308.0
2017-08-24,446.0,450.0,441.0,443.25,283381.0
2017-08-28,444.6000061035156,457.0,442.25,453.1499938964844,718218.0
2017-08-29,448.6000061035156,457.5,447.1499938964844,453.6000061035156,428637.0
2017-08-30,454.95001220703125,467.45001220703125,454.95001220703125,463.04998779296875,425997.0
2017-08-31,465.70001220703125,479.6499938964844,461.6000061035156,476.25,546665.0
2017-09-01,476.0,481.45001220703125,468.6000061035156,475.8500061035156,531267.0
2017-09-04,460.0,474.95001220703125,456.25,462.95001220703125,512020.0
2017-09-05,462.8999938964844,473.79998779296875,460.3999938964844,466.20001220703125,588587.0
2017-09-06,463.0,511.25,460.1499938964844,505.1000061035156,2614664.0
2017-09-07,509.70001220703125,517.0,490.0,492.54998779296875,1641387.0
2017-09-08,494.1000061035156,510.5,486.29998779296875,489.95001220703125,1477425.0
2017-09-11,492.95001220703125,511.8999938964844,492.5,502.8999938964844,1116491.0
2017-09-12,503.0,525.5,494.0,518.0499877929688,2147310.0
2017-09-13,523.2000122070312,525.5,504.95001220703125,508.20001220703125,1049586.0
2017-09-14,509.0,516.0499877929688,503.0,507.75,482743.0
2017-09-15,507.75,510.8999938964844,499.0,507.45001220703125,950298.0
2017-09-18,507.45001220703125,519.0,505.79998779296875,508.79998779296875,1051639.0
2017-09-19,513.7999877929688,515.6500244140625,508.0,509.8999938964844,736659.0
2017-09-20,511.6000061035156,516.7000122070312,504.8999938964844,512.6500244140625,545670.0
2017-09-21,513.9500122070312,517.0,490.95001220703125,503.1000061035156,717922.0
2017-09-22,500.1000061035156,503.0,485.6499938964844,488.20001220703125,727941.0
2017-09-25,488.20001220703125,488.20001220703125,457.45001220703125,476.6000061035156,932044.0
2017-09-26,475.5,486.29998779296875,467.79998779296875,478.3999938964844,645134.0
2017-09-27,480.75,482.8999938964844,456.20001220703125,460.6000061035156,856738.0
2017-09-28,460.0,471.79998779296875,455.1499938964844,458.8500061035156,717862.0
2017-09-29,462.5,477.3999938964844,460.0,474.8999938964844,914684.0
2017-10-03,480.0,483.75,474.8999938964844,476.8500061035156,758971.0
2017-10-04,479.0,480.45001220703125,471.6000061035156,473.6000061035156,595222.0
2017-10-05,473.8999938964844,483.3999938964844,473.8999938964844,477.25,401270.0
2017-10-06,479.8999938964844,496.95001220703125,478.0,493.6499938964844,1209931.0
2017-10-09,496.0,496.0,483.1000061035156,486.20001220703125,506118.0
2017-10-10,486.70001220703125,493.6499938964844,484.8500061035156,491.20001220703125,331889.0
2017-10-11,494.0,499.0,478.6000061035156,482.70001220703125,667854.0
2017-10-12,482.95001220703125,499.3500061035156,480.75,495.3500061035156,630626.0
2017-10-13,498.04998779296875,506.0,492.0,498.1499938964844,928052.0
2017-10-16,498.79998779296875,505.5,491.45001220703125,503.3500061035156,519160.0
2017-10-17,503.5,503.5,496.1000061035156,500.29998779296875,322491.0
2017-10-18,500.29998779296875,509.8999938964844,493.3500061035156,502.8999938964844,469502.0
2017-10-19,504.45001220703125,505.0,496.95001220703125,499.6000061035156,46582.0
2017-10-23,497.3999938964844,504.1499938964844,491.0,499.0,556238.0
2017-10-24,498.95001220703125,502.29998779296875,496.29998779296875,499.1000061035156,279643.0
2017-10-25,497.6000061035156,500.0,480.04998779296875,487.45001220703125,738808.0
2017-10-26,484.45001220703125,491.8999938964844,471.6499938964844,486.45001220703125,1099430.0
2017-10-27,487.25,487.3500061035156,480.1000061035156,481.20001220703125,273218.0
2017-10-30,485.8500061035156,500.0,482.0,496.75,521196.0
2017-10-31,498.0,499.8999938964844,488.0,493.29998779296875,465670.0
2017-11-01,496.45001220703125,514.2999877929688,492.79998779296875,511.8500061035156,708061.0
2017-11-02,514.7000122070312,518.8499755859375,496.1499938964844,506.20001220703125,589288.0
2017-11-03,507.0,518.5999755859375,495.0,497.20001220703125,705372.0
2017-11-06,498.5,504.3500061035156,485.75,492.29998779296875,458022.0
2017-11-07,494.0,496.45001220703125,455.20001220703125,468.3999938964844,984576.0
2017-11-08,469.0,482.6000061035156,465.0,474.6000061035156,713702.0
2017-11-09,483.0,494.29998779296875,480.0,490.3500061035156,1495774.0
2017-11-10,490.1000061035156,490.29998779296875,480.25,483.79998779296875,665225.0
2017-11-13,483.0,485.5,460.0,467.04998779296875,426861.0
2017-11-14,464.5,473.0,447.5,451.3500061035156,611364.0
2017-11-15,450.0,450.54998779296875,425.1000061035156,430.0,780073.0
2017-11-16,432.20001220703125,462.29998779296875,431.8500061035156,458.1000061035156,1336840.0
2017-11-17,462.8500061035156,467.5,454.04998779296875,456.54998779296875,779855.0
2017-11-20,456.0,456.3999938964844,448.0,449.70001220703125,309428.0
2017-11-21,453.5,458.45001220703125,447.1499938964844,452.3999938964844,571696.0
2017-11-22,453.8999938964844,462.5,446.1499938964844,460.8999938964844,578267.0
2017-11-23,458.0,460.70001220703125,451.54998779296875,453.54998779296875,367833.0
2017-11-24,454.0,456.8500061035156,449.1499938964844,451.04998779296875,401083.0
2017-11-27,451.79998779296875,464.79998779296875,450.29998779296875,463.1499938964844,640979.0
2017-11-28,464.29998779296875,464.95001220703125,452.5,454.3500061035156,714343.0
2017-11-29,455.3999938964844,461.25,452.0,454.20001220703125,455689.0
2017-11-30,453.0,455.0,438.0,442.3999938964844,843261.0
2017-12-01,449.0,450.75,437.0,440.5,418230.0
2017-12-04,441.70001220703125,446.3500061035156,435.45001220703125,439.95001220703125,224599.0
2017-12-05,439.95001220703125,440.95001220703125,430.3500061035156,438.29998779296875,484715.0
2017-12-06,437.79998779296875,441.95001220703125,428.75,430.79998779296875,516737.0
2017-12-07,433.0,437.1000061035156,431.8500061035156,434.95001220703125,267914.0
2017-12-08,435.0,446.79998779296875,435.0,439.25,457008.0
2017-12-11,439.95001220703125,444.8500061035156,436.1000061035156,437.79998779296875,411038.0
2017-12-12,437.95001220703125,440.8999938964844,430.0,431.45001220703125,242384.0
2017-12-13,430.0,430.0,409.0,413.0,1325259.0
2017-12-14,417.0,426.70001220703125,414.0,422.1000061035156,1017541.0
2017-12-15,426.0,432.3999938964844,424.8999938964844,429.6499938964844,394785.0
2017-12-18,422.54998779296875,443.95001220703125,412.25,439.8500061035156,765312.0
2017-12-19,441.95001220703125,447.25,440.75,444.6000061035156,371199.0
2017-12-20,444.6000061035156,449.79998779296875,441.1000061035156,444.75,312358.0
2017-12-21,445.0,477.0,445.0,472.20001220703125,1702236.0
2017-12-22,469.29998779296875,471.5,460.0,463.3999938964844,585421.0
2017-12-26,465.95001220703125,472.6499938964844,459.95001220703125,463.8500061035156,578429.0
2017-12-27,464.20001220703125,479.0,462.5,476.1499938964844,1234849.0
2017-12-28,479.70001220703125,483.95001220703125,471.1499938964844,473.8500061035156,601464.0
2017-12-29,475.45001220703125,484.0,472.29998779296875,474.6499938964844,425163.0
2018-01-01,474.8999938964844,478.6000061035156,468.04998779296875,470.29998779296875,155817.0
2018-01-02,471.0,474.5,450.8500061035156,458.8999938964844,599045.0
2018-01-03,460.0,463.0,455.8999938964844,457.3500061035156,346999.0
2018-01-04,460.8999938964844,465.0,454.5,461.95001220703125,558723.0
2018-01-05,461.95001220703125,473.95001220703125,461.8999938964844,471.6499938964844,508207.0
2018-01-08,471.6499938964844,478.29998779296875,465.54998779296875,470.3500061035156,980342.0
2018-01-09,473.5,476.3999938964844,468.29998779296875,471.6000061035156,459443.0
2018-01-10,472.0,475.45001220703125,454.0,455.45001220703125,1038447.0
2018-01-11,455.29998779296875,457.3999938964844,448.79998779296875,451.1000061035156,1057873.0
2018-01-12,452.0,455.6499938964844,447.0,451.5,414216.0
2018-01-15,455.6000061035156,460.29998779296875,451.79998779296875,453.1499938964844,706309.0
2018-01-16,456.0,457.8999938964844,435.79998779296875,438.6000061035156,489050.0
2018-01-17,439.0,439.5,424.3500061035156,432.25,992590.0
2018-01-18,436.0,444.95001220703125,425.8500061035156,431.20001220703125,468250.0
2018-01-19,431.20001220703125,437.79998779296875,424.54998779296875,434.25,390996.0
2018-01-22,436.0,438.70001220703125,429.54998779296875,433.25,565922.0
2018-01-23,434.3999938964844,442.8500061035156,432.0,435.5,612008.0
2018-01-24,436.0,437.1000061035156,424.5,427.1499938964844,693198.0
2018-01-25,436.0,436.0,424.1000061035156,425.95001220703125,884228.0
2018-01-29,428.1000061035156,432.1000061035156,418.1499938964844,419.79998779296875,433636.0
2018-01-30,417.0,426.79998779296875,400.75,422.25,1088278.0
2018-01-31,422.0,422.0,407.6000061035156,415.25,471658.0
2018-02-01,414.0,439.95001220703125,408.1499938964844,437.3999938964844,1678218.0
2018-02-02,426.70001220703125,430.95001220703125,398.3500061035156,402.1000061035156,1350410.0
2018-02-05,395.04998779296875,402.95001220703125,387.70001220703125,396.04998779296875,1068692.0
2018-02-06,383.79998779296875,406.54998779296875,363.5,391.70001220703125,1298227.0
2018-02-07,396.6000061035156,409.0,392.6000061035156,402.95001220703125,688593.0
2018-02-08,407.5,438.3999938964844,403.6000061035156,430.70001220703125,1750814.0
2018-02-09,425.0,438.79998779296875,413.0,421.8999938964844,1561318.0
2018-02-12,425.0,433.8999938964844,413.0,417.54998779296875,1087669.0
2018-02-14,420.8999938964844,426.8999938964844,418.3999938964844,420.45001220703125,596542.0
2018-02-15,416.5,416.70001220703125,408.6499938964844,411.3500061035156,628788.0
2018-02-16,413.3999938964844,417.0,405.25,407.70001220703125,362414.0
2018-02-19,409.0,409.8999938964844,389.0,393.04998779296875,564500.0
2018-02-20,393.0,393.54998779296875,378.6000061035156,380.75,1680253.0
2018-02-21,383.8500061035156,384.6000061035156,374.0,377.45001220703125,466980.0
2018-02-22,379.8999938964844,379.8999938964844,369.1499938964844,370.5,609493.0
2018-02-23,373.0,389.3999938964844,373.0,387.79998779296875,1549769.0
2018-02-26,390.0,395.79998779296875,386.0,388.5,518846.0
2018-02-27,390.6499938964844,396.0,387.6499938964844,390.75,408611.0
2018-02-28,385.20001220703125,393.0,383.79998779296875,391.79998779296875,356419.0
2018-03-01,392.0,395.3500061035156,386.0,388.29998779296875,502948.0
2018-03-05,390.0,391.75,381.0,387.04998779296875,486556.0
2018-03-06,390.0,396.0,377.04998779296875,381.5,529750.0
2018-03-07,382.3999938964844,383.0,370.1499938964844,377.75,742890.0
2018-03-08,378.5,385.0,371.5,381.29998779296875,442524.0
2018-03-09,382.5,386.5,367.1000061035156,370.6499938964844,608392.0
2018-03-12,374.0,381.0,363.8500061035156,378.1499938964844,478850.0
2018-03-13,379.0,401.1000061035156,376.1499938964844,398.04998779296875,952319.0
2018-03-14,398.0,406.29998779296875,389.04998779296875,398.1000061035156,824299.0
2018-03-15,398.5,406.0,392.5,397.6000061035156,874137.0
2018-03-16,398.0,404.0,393.3999938964844,396.6499938964844,823743.0
2018-03-19,400.0,403.5,386.04998779296875,388.79998779296875,817041.0
2018-03-20,386.0,398.8999938964844,386.0,389.45001220703125,655410.0
2018-03-21,392.0,398.0,389.25,394.45001220703125,497807.0
2018-03-22,398.0,399.3999938964844,386.8500061035156,389.20001220703125,693589.0
2018-03-23,385.0,385.0,377.6499938964844,381.3999938964844,459894.0
2018-03-26,381.0,387.0,377.8999938964844,384.1499938964844,475925.0
2018-03-27,388.0,406.0,387.95001220703125,403.5,1011803.0
2018-03-28,400.95001220703125,412.0,399.0,407.45001220703125,933515.0
2018-04-02,408.70001220703125,416.45001220703125,400.29998779296875,413.6499938964844,1034785.0
2018-04-03,410.1000061035156,418.8999938964844,407.04998779296875,416.79998779296875,601937.0
2018-04-04,418.0,426.5,412.29998779296875,415.29998779296875,593492.0
2018-04-05,422.0,433.95001220703125,418.95001220703125,432.75,521511.0
2018-04-06,432.8999938964844,432.8999938964844,423.6499938964844,427.20001220703125,333690.0
2018-04-09,426.0,431.29998779296875,423.5,425.25,447211.0
2018-04-10,427.0,439.0,427.0,435.6499938964844,1105855.0
2018-04-11,437.0,440.3999938964844,430.6000061035156,434.1499938964844,766258.0
2018-04-12,435.45001220703125,435.54998779296875,422.95001220703125,428.6000061035156,348349.0
2018-04-13,428.95001220703125,435.75,427.0,431.20001220703125,310889.0
2018-04-16,430.95001220703125,444.70001220703125,426.75,442.95001220703125,590705.0
2018-04-17,444.0,445.04998779296875,436.6499938964844,439.70001220703125,409120.0
2018-04-18,441.3999938964844,446.6000061035156,426.5,428.8500061035156,909904.0
2018-04-19,431.95001220703125,431.95001220703125,424.8500061035156,428.1499938964844,488115.0
2018-04-20,427.0,435.8999938964844,425.6000061035156,433.3500061035156,374967.0
2018-04-23,430.0,439.8999938964844,428.1000061035156,437.95001220703125,895976.0
2018-04-24,439.70001220703125,449.5,434.1000061035156,445.3999938964844,658358.0
2018-04-25,445.54998779296875,454.75,436.0,438.3500061035156,1003372.0
2018-04-26,441.0,448.0,434.0,443.45001220703125,649034.0
2018-04-27,443.5,451.3999938964844,441.04998779296875,449.3500061035156,401947.0
2018-04-30,451.70001220703125,459.0,448.0,450.8500061035156,369288.0
2018-05-02,452.79998779296875,457.3500061035156,440.25,443.79998779296875,374336.0
2018-05-03,440.5,450.0,425.25,442.79998779296875,947412.0
2018-05-04,442.79998779296875,447.79998779296875,438.25,442.3999938964844,401416.0
2018-05-07,442.5,450.0,439.45001220703125,441.45001220703125,1004842.0
2018-05-08,443.0,446.79998779296875,441.0,442.79998779296875,268274.0
2018-05-09,442.0,445.8500061035156,436.1499938964844,437.29998779296875,368136.0
2018-05-10,438.3999938964844,441.04998779296875,424.3500061035156,433.8999938964844,1040195.0
2018-05-11,434.3500061035156,439.0,428.8999938964844,435.3999938964844,256285.0
2018-05-14,436.0,440.5,430.5,432.1000061035156,1562137.0
2018-05-15,435.0,442.20001220703125,421.54998779296875,426.25,759321.0
2018-05-16,431.8999938964844,437.0,409.6499938964844,419.5,1638626.0
2018-05-17,408.0,422.5,387.6000061035156,414.1000061035156,3578981.0
2018-05-18,416.0,426.45001220703125,409.04998779296875,411.8999938964844,958995.0
2018-05-21,411.8999938964844,414.6000061035156,397.45001220703125,399.25,1415465.0
2018-05-22,398.95001220703125,406.70001220703125,393.29998779296875,396.95001220703125,557826.0
2018-05-23,397.0,402.95001220703125,396.54998779296875,399.3999938964844,804520.0
2018-05-24,403.0,403.8500061035156,393.45001220703125,398.8500061035156,498369.0
2018-05-25,399.8500061035156,404.79998779296875,397.1499938964844,399.79998779296875,574658.0
2018-05-28,402.04998779296875,405.95001220703125,397.25,399.79998779296875,1063142.0
2018-05-29,403.0,403.8999938964844,387.8500061035156,396.54998779296875,839344.0
2018-05-30,393.1000061035156,398.6000061035156,389.79998779296875,395.0,205617.0
2018-05-31,395.0,399.75,387.0,389.6499938964844,371423.0
2018-06-01,390.0,395.79998779296875,380.3500061035156,383.6499938964844,484523.0
2018-06-04,384.75,385.54998779296875,369.04998779296875,374.54998779296875,593758.0
2018-06-05,375.0,383.5,371.6000061035156,380.6000061035156,779013.0
2018-06-06,384.0,384.3999938964844,378.5,380.1499938964844,588475.0
2018-06-07,380.0,386.95001220703125,378.8999938964844,385.0,1377155.0
2018-06-08,385.0,395.0,381.0,391.75,379792.0
2018-06-11,392.0,398.0,388.0,395.1499938964844,430195.0
2018-06-12,396.0,398.45001220703125,393.6499938964844,395.54998779296875,800613.0
2018-06-13,395.79998779296875,399.45001220703125,386.20001220703125,388.1000061035156,1133271.0
2018-06-14,384.0,390.04998779296875,382.1499938964844,385.20001220703125,458136.0
2018-06-15,387.8999938964844,390.6000061035156,383.75,387.1000061035156,384864.0
2018-06-18,387.8999938964844,394.20001220703125,386.0,390.1499938964844,280823.0
2018-06-19,390.5,391.0,384.04998779296875,387.04998779296875,401947.0
2018-06-20,385.8999938964844,392.0,385.8999938964844,388.0,226364.0
2018-06-21,387.0,388.95001220703125,375.45001220703125,379.79998779296875,307097.0
2018-06-22,378.25,387.0,374.8999938964844,384.04998779296875,2100797.0
2018-06-25,381.0,384.6000061035156,378.79998779296875,380.8999938964844,511730.0
2018-06-26,379.0,394.70001220703125,376.79998779296875,393.0,526578.0
2018-06-27,395.1000061035156,395.1000061035156,380.25,385.45001220703125,408459.0
2018-06-28,383.0,386.75,370.70001220703125,374.29998779296875,765949.0
2018-06-29,378.0,384.3999938964844,376.6499938964844,379.5,295285.0
2018-07-02,379.04998779296875,388.79998779296875,374.0,386.04998779296875,347874.0
2018-07-03,385.79998779296875,391.8500061035156,380.04998779296875,388.3500061035156,207448.0
2018-07-04,388.29998779296875,399.70001220703125,383.3999938964844,397.3500061035156,637813.0
2018-07-05,398.0,414.3999938964844,398.0,409.25,1570323.0
2018-07-06,410.25,415.0,403.1000061035156,404.54998779296875,527736.0
2018-07-09,404.0,413.79998779296875,404.0,408.5,412848.0
2018-07-10,413.04998779296875,423.0,410.45001220703125,418.6499938964844,739337.0
2018-07-11,418.0,418.0,407.0,407.8500061035156,495324.0
2018-07-12,411.0,413.8999938964844,400.0,404.1000061035156,312133.0
2018-07-13,402.0,404.1499938964844,390.1000061035156,393.0,191545.0
2018-07-16,394.8999938964844,395.0,379.1499938964844,388.0,1743538.0
2018-07-17,388.79998779296875,405.20001220703125,385.45001220703125,403.79998779296875,299703.0
2018-07-18,408.0,409.0,392.25,400.5,367340.0
2018-07-19,404.0,404.0,386.1000061035156,389.25,235039.0
2018-07-20,388.70001220703125,393.8999938964844,377.04998779296875,389.8500061035156,867368.0
2018-07-23,392.70001220703125,398.0,387.54998779296875,395.25,909896.0
2018-07-24,395.5,413.75,395.29998779296875,409.6499938964844,515047.0
2018-07-25,412.0,412.29998779296875,391.0,393.25,1107143.0
2018-07-26,391.0,412.79998779296875,386.70001220703125,408.20001220703125,2762257.0
2018-07-27,408.1499938964844,414.79998779296875,392.20001220703125,412.3999938964844,900578.0
2018-07-30,412.6000061035156,414.54998779296875,402.8500061035156,410.3999938964844,512570.0
2018-07-31,411.0,412.54998779296875,401.1000061035156,404.54998779296875,650997.0
2018-08-01,404.54998779296875,408.3999938964844,396.5,400.70001220703125,331885.0
2018-08-02,400.70001220703125,408.95001220703125,396.3500061035156,403.8500061035156,746798.0
2018-08-03,405.79998779296875,418.0,405.0,413.1499938964844,820646.0
2018-08-06,413.25,432.70001220703125,411.29998779296875,425.20001220703125,996856.0
2018-08-07,427.79998779296875,431.29998779296875,417.29998779296875,420.1000061035156,467060.0
2018-08-08,421.0,427.70001220703125,416.0,419.95001220703125,543828.0
2018-08-09,420.0,428.0,420.0,426.29998779296875,534304.0
2018-08-10,430.0,430.0,409.79998779296875,413.20001220703125,469306.0
2018-08-13,411.6000061035156,416.04998779296875,405.20001220703125,411.29998779296875,282779.0
2018-08-14,411.0,412.5,398.1000061035156,410.6499938964844,537090.0
2018-08-16,407.5,415.8999938964844,405.29998779296875,411.79998779296875,239443.0
2018-08-17,415.0,415.0,404.5,405.5,315217.0
2018-08-20,403.70001220703125,407.95001220703125,390.0,398.6000061035156,899544.0
2018-08-21,398.6000061035156,408.20001220703125,394.8500061035156,406.20001220703125,415093.0
2018-08-23,406.0,410.8999938964844,402.3999938964844,408.70001220703125,416629.0
2018-08-24,405.0,411.29998779296875,403.5,407.3999938964844,340424.0
2018-08-27,407.0,412.8500061035156,404.6499938964844,410.20001220703125,499392.0
2018-08-28,410.75,412.0,405.45001220703125,409.3500061035156,249326.0
2018-08-29,409.29998779296875,415.29998779296875,407.54998779296875,409.70001220703125,291857.0
2018-08-30,410.5,413.20001220703125,406.70001220703125,409.1000061035156,248167.0
2018-08-31,410.8500061035156,414.8500061035156,403.70001220703125,409.3999938964844,394622.0
2018-09-03,414.79998779296875,414.79998779296875,402.1000061035156,404.29998779296875,601928.0
2018-09-04,404.0,408.6000061035156,398.0,399.8500061035156,813483.0
2018-09-05,405.0,442.3999938964844,401.25,436.79998779296875,10490368.0
2018-09-06,442.0,457.95001220703125,435.04998779296875,450.8500061035156,5393398.0
2018-09-07,449.8999938964844,470.0,445.1000061035156,467.04998779296875,2905981.0
2018-09-10,468.79998779296875,474.3500061035156,451.0,453.3500061035156,1917524.0
2018-09-11,453.29998779296875,455.95001220703125,434.04998779296875,436.95001220703125,2537875.0
2018-09-12,438.5,459.1000061035156,437.1499938964844,451.1000061035156,2184014.0
2018-09-14,452.54998779296875,459.45001220703125,446.1499938964844,455.45001220703125,931658.0
2018-09-17,454.0,456.79998779296875,445.20001220703125,449.5,724591.0
2018-09-18,446.0,454.0,441.25,444.04998779296875,410766.0
2018-09-19,447.79998779296875,475.0,447.6499938964844,460.0,3901764.0
2018-09-21,464.1499938964844,479.3500061035156,414.0,457.3500061035156,4126022.0
2018-09-24,452.0,453.0,427.5,431.54998779296875,1143852.0
2018-09-25,430.45001220703125,438.75,413.0,427.6499938964844,2146742.0
2018-09-26,430.0,437.6000061035156,415.0,432.70001220703125,1234890.0
2018-09-27,434.0,437.8500061035156,410.0,416.0,1784895.0
2018-09-28,420.0,421.1000061035156,385.8500061035156,403.3999938964844,2024932.0
2018-10-01,395.5,443.70001220703125,388.25,425.95001220703125,1048343.0
2018-10-03,415.0,422.70001220703125,403.3999938964844,407.1000061035156,1176176.0
2018-10-04,405.0,407.54998779296875,390.0,396.5,837063.0
2018-10-05,397.1499938964844,405.5,378.5,383.70001220703125,896852.0
2018-10-08,379.70001220703125,389.3500061035156,366.70001220703125,380.1000061035156,901859.0
2018-10-09,384.0,385.0,356.0,373.04998779296875,1208718.0
2018-10-10,375.0,410.0,375.0,404.8500061035156,3176911.0
2018-10-11,380.0,407.0,378.45001220703125,397.25,1265923.0
2018-10-12,407.70001220703125,410.1499938964844,397.1499938964844,402.79998779296875,826244.0
2018-10-15,403.0,408.04998779296875,398.3999938964844,401.0,494367.0
2018-10-16,403.0,407.70001220703125,401.25,404.79998779296875,384079.0
2018-10-17,410.0,412.20001220703125,397.6000061035156,402.6000061035156,482188.0
2018-10-19,397.0,404.45001220703125,367.20001220703125,379.3999938964844,1103180.0
2018-10-22,385.0,406.45001220703125,378.0,399.3999938964844,1170557.0
2018-10-23,395.0,406.6499938964844,389.0,396.3500061035156,712818.0
2018-10-24,398.79998779296875,403.25,389.8999938964844,396.1499938964844,715085.0
2018-10-25,394.70001220703125,394.70001220703125,382.0,388.95001220703125,2497249.0
2018-10-26,388.95001220703125,400.1499938964844,387.0,398.75,594563.0
2018-10-29,406.1499938964844,408.0,392.04998779296875,403.29998779296875,896203.0
2018-10-30,403.29998779296875,404.95001220703125,390.0,395.70001220703125,965128.0
2018-10-31,402.3999938964844,411.75,386.6499938964844,409.3500061035156,1231070.0
2018-11-01,412.29998779296875,432.45001220703125,410.0,427.29998779296875,896552.0
2018-11-02,430.0,445.75,430.0,436.3999938964844,802111.0
2018-11-05,436.5,458.5,435.0,441.45001220703125,1312400.0
2018-11-06,443.8999938964844,457.0,439.5,444.6000061035156,675165.0
2018-11-07,444.6000061035156,449.79998779296875,444.6000061035156,447.3999938964844,73291.0
2018-11-09,447.8999938964844,469.5,444.0,460.79998779296875,915869.0
2018-11-12,463.6499938964844,465.6000061035156,450.0,452.0,668444.0
2018-11-13,449.8999938964844,454.3999938964844,442.29998779296875,450.6499938964844,671312.0
2018-11-14,451.29998779296875,469.0,450.1000061035156,460.0,724692.0
2018-11-15,459.0,470.0,452.1000061035156,467.54998779296875,535083.0
2018-11-16,469.70001220703125,469.70001220703125,453.29998779296875,460.8999938964844,515117.0
2018-11-19,458.1000061035156,472.8999938964844,457.6000061035156,461.1000061035156,428383.0
2018-11-20,464.0,466.20001220703125,450.0,453.04998779296875,505017.0
2018-11-21,451.3500061035156,455.45001220703125,446.0,452.79998779296875,848601.0
2018-11-22,453.20001220703125,461.8500061035156,452.1000061035156,453.8500061035156,538913.0
2018-11-26,455.04998779296875,461.45001220703125,448.0,459.04998779296875,369859.0
2018-11-27,459.0,465.79998779296875,450.75,462.1499938964844,670377.0
2018-11-28,458.25,466.29998779296875,450.29998779296875,452.3500061035156,477504.0
2018-11-29,455.29998779296875,456.70001220703125,435.04998779296875,445.6000061035156,973918.0
2018-11-30,450.0,454.8500061035156,442.25,452.6000061035156,702937.0
2018-12-03,453.0,461.5,446.04998779296875,448.29998779296875,284847.0
2018-12-04,448.29998779296875,456.29998779296875,441.1499938964844,445.29998779296875,717442.0
2018-12-05,445.6000061035156,451.54998779296875,440.0,447.3500061035156,474259.0
2018-12-06,444.0,454.3999938964844,389.29998779296875,420.6499938964844,7106208.0
2018-12-07,431.04998779296875,483.70001220703125,431.04998779296875,471.29998779296875,13228672.0
2018-12-10,454.79998779296875,488.79998779296875,449.8999938964844,464.1499938964844,7586556.0
2018-12-11,460.1000061035156,475.29998779296875,456.25,469.54998779296875,1990904.0
2018-12-12,472.8500061035156,482.8999938964844,470.0,478.0,1408268.0
2018-12-13,478.0,483.0,473.25,481.29998779296875,1227007.0
2018-12-14,477.0,484.3500061035156,465.6000061035156,471.54998779296875,950903.0
2018-12-17,472.0,484.20001220703125,471.54998779296875,477.95001220703125,990385.0
2018-12-18,476.0,485.54998779296875,473.0,483.79998779296875,971500.0
2018-12-19,488.0,510.0,483.0,503.3500061035156,4420035.0
2018-12-20,497.5,511.20001220703125,497.5,499.5,1887351.0
2018-12-21,501.0,505.0,484.75,486.6000061035156,1550585.0
2018-12-24,488.0,501.54998779296875,486.3500061035156,494.3500061035156,1352810.0
2018-12-26,496.0,504.5,478.3999938964844,499.45001220703125,1577695.0
2018-12-27,501.70001220703125,504.8999938964844,491.45001220703125,493.1000061035156,895299.0
2018-12-28,496.8999938964844,510.70001220703125,495.29998779296875,504.5,1509008.0
2018-12-31,507.6499938964844,518.5999755859375,503.6499938964844,516.0,1775209.0
2019-01-01,516.0,517.7000122070312,510.79998779296875,512.5,573931.0
2019-01-02,513.5,515.5499877929688,498.0,502.25,973749.0
2019-01-03,503.1000061035156,505.79998779296875,494.1000061035156,495.75,482416.0
2019-01-04,498.3500061035156,508.79998779296875,489.70001220703125,501.95001220703125,1409156.0
2019-01-07,508.3500061035156,515.0,498.8500061035156,513.4000244140625,1073922.0
2019-01-08,511.6499938964844,531.0,510.1000061035156,517.0,2800412.0
2019-01-09,522.0,522.7000122070312,509.04998779296875,516.75,817662.0
2019-01-10,516.7000122070312,529.9000244140625,515.7000122070312,524.5499877929688,1543255.0
2019-01-11,522.5,545.3499755859375,522.2000122070312,537.9500122070312,1436280.0
2019-01-14,534.9500122070312,538.5,528.0,531.6500244140625,613762.0
2019-01-15,532.0,543.4000244140625,531.2000122070312,541.6500244140625,806950.0
2019-01-16,540.7999877929688,544.0,532.1500244140625,537.1500244140625,820323.0
2019-01-17,536.0999755859375,539.8499755859375,528.6500244140625,533.4000244140625,688271.0
2019-01-18,533.4000244140625,536.7999877929688,524.6500244140625,527.5999755859375,635070.0
2019-01-21,526.2000122070312,548.9000244140625,523.5,544.9500122070312,813797.0
2019-01-22,544.9500122070312,549.75,535.0499877929688,542.4000244140625,757767.0
2019-01-23,543.7000122070312,548.0,537.6500244140625,541.7000122070312,679777.0
2019-01-24,539.0,549.4000244140625,539.0,541.0999755859375,685146.0
2019-01-25,541.0499877929688,546.4500122070312,532.5,534.5,417368.0
2019-01-28,538.0,538.0,502.6499938964844,509.04998779296875,2100474.0
2019-01-29,509.04998779296875,517.9500122070312,491.29998779296875,495.45001220703125,1244124.0
2019-01-30,497.3999938964844,503.79998779296875,491.54998779296875,500.5,452304.0
2019-01-31,500.0,505.29998779296875,495.0,499.45001220703125,1024259.0
2019-02-01,500.45001220703125,511.8999938964844,482.0,492.54998779296875,1079351.0
2019-02-04,493.0,505.0,483.20001220703125,502.04998779296875,498204.0
2019-02-05,501.0,504.0,493.8500061035156,498.79998779296875,396252.0
2019-02-06,496.0,510.1499938964844,472.6000061035156,484.95001220703125,2498632.0
2019-02-07,491.8999938964844,531.9000244140625,484.95001220703125,516.25,4153472.0
2019-02-08,516.0,527.0,508.6499938964844,518.25,2129475.0
2019-02-11,518.25,520.75,502.45001220703125,505.1000061035156,910606.0
2019-02-12,505.5,515.8499755859375,505.25,512.8499755859375,647541.0
2019-02-14,507.0,529.75,507.0,527.1500244140625,1131695.0
2019-02-15,526.0,530.5,510.6000061035156,518.25,918950.0
2019-02-18,522.0,525.8499755859375,515.0,520.4000244140625,555956.0
2019-02-19,520.0,528.5,516.0,518.9500122070312,639503.0
2019-02-20,517.9000244140625,525.0,515.7999877929688,519.2000122070312,504918.0
2019-02-21,520.0,538.3499755859375,520.0,534.3499755859375,1727824.0
2019-02-22,537.5999755859375,542.0,526.5999755859375,535.25,1716682.0
2019-02-25,537.0,542.7000122070312,533.0,536.6500244140625,869664.0
2019-02-26,534.0,535.9000244140625,519.1500244140625,525.9500122070312,678123.0
2019-02-27,527.9500122070312,534.9000244140625,513.5,516.8499755859375,890471.0
2019-02-28,527.0,530.0,514.9500122070312,528.0,768101.0
2019-03-01,528.2999877929688,536.2999877929688,528.2999877929688,530.7000122070312,677044.0
2019-03-05,525.0,578.8499755859375,525.0,569.5499877929688,2520463.0
2019-03-06,570.0,576.8499755859375,558.25,567.6500244140625,968467.0
2019-03-07,565.0,578.0,560.6500244140625,572.7999877929688,513822.0
2019-03-08,574.9000244140625,586.5,568.0499877929688,570.9000244140625,1469812.0
2019-03-11,573.5,598.0,572.2000122070312,594.0,2761767.0
2019-03-12,597.5,605.9000244140625,588.2999877929688,592.75,1125370.0
2019-03-13,596.0,603.2000122070312,590.0499877929688,591.9500122070312,879215.0
2019-03-14,597.0,612.9000244140625,592.1500244140625,595.5,1980768.0
2019-03-15,598.0,606.7999877929688,593.5,596.9000244140625,2331463.0
2019-03-18,600.0,605.2999877929688,591.2000122070312,592.5999755859375,422231.0
2019-03-19,599.4000244140625,603.1500244140625,594.0499877929688,597.6500244140625,822797.0
2019-03-20,600.0,600.0,589.5499877929688,593.2000122070312,413943.0
2019-03-22,595.0,601.9000244140625,591.3499755859375,594.3499755859375,681777.0
2019-03-25,592.5,593.7000122070312,584.5999755859375,591.25,448632.0
2019-03-26,593.5,601.9500122070312,592.0,595.9000244140625,796801.0
2019-03-27,600.0,603.2000122070312,589.1500244140625,593.9500122070312,1402151.0
2019-03-28,598.4000244140625,613.7000122070312,596.0499877929688,609.9500122070312,2419862.0
2019-04-01,618.0,622.5,612.2000122070312,614.0999755859375,681175.0
2019-04-02,617.0,623.9000244140625,608.4000244140625,617.0999755859375,985966.0
2019-04-03,617.6500244140625,631.9000244140625,605.0999755859375,609.5,1703701.0
2019-04-04,613.0999755859375,617.5999755859375,603.75,606.2999877929688,596132.0
2019-04-05,608.0,622.9500122070312,604.0,617.0499877929688,880829.0
2019-04-08,628.9000244140625,628.9000244140625,610.4000244140625,613.6500244140625,814441.0
2019-04-09,613.6500244140625,616.1500244140625,601.7000122070312,613.5499877929688,606254.0
2019-04-10,612.0,618.0,606.9500122070312,610.0999755859375,354806.0
2019-04-11,604.0,614.7999877929688,595.25,610.75,1216659.0
2019-04-12,610.0,619.8499755859375,610.0,615.75,1170077.0
2019-04-15,616.0499877929688,621.9000244140625,608.9000244140625,610.6500244140625,628357.0
2019-04-16,615.7999877929688,615.7999877929688,610.0,613.8499755859375,242338.0
2019-04-18,614.0,623.9500122070312,613.25,616.25,731261.0
2019-04-22,615.0,615.0,585.5,589.2999877929688,621370.0
2019-04-23,592.9000244140625,597.7999877929688,585.0999755859375,586.8499755859375,550635.0
2019-04-24,590.0,596.5999755859375,582.3499755859375,586.7000122070312,423140.0
2019-04-25,586.9500122070312,596.5999755859375,572.9000244140625,580.1500244140625,1035248.0
2019-04-26,581.7000122070312,594.7999877929688,573.4000244140625,592.0499877929688,959856.0
2019-04-30,587.1500244140625,600.5,579.25,597.0,740162.0
2019-05-02,593.7000122070312,605.0,589.4000244140625,594.9500122070312,639544.0
2019-05-03,593.4000244140625,609.9000244140625,592.2000122070312,599.6500244140625,449155.0
2019-05-06,596.7999877929688,603.3499755859375,589.0,593.2999877929688,232454.0
2019-05-07,594.9000244140625,599.1500244140625,563.5999755859375,566.4000244140625,759832.0
2019-05-08,560.5,570.0999755859375,556.2999877929688,561.4500122070312,1326524.0
2019-05-09,564.0,571.75,560.1500244140625,566.4500122070312,590369.0
2019-05-10,569.9500122070312,581.75,567.6500244140625,573.0999755859375,729308.0
2019-05-13,570.7999877929688,571.0499877929688,542.75,547.25,905359.0
2019-05-14,555.0,578.9500122070312,550.0499877929688,570.25,3557860.0
2019-05-15,573.7999877929688,576.0999755859375,568.0499877929688,571.8499755859375,817962.0
2019-05-16,572.0,580.8499755859375,566.0999755859375,577.0999755859375,792162.0
2019-05-17,579.2000122070312,586.5,575.0999755859375,579.4000244140625,1097100.0
2019-05-20,604.0,623.7999877929688,591.25,618.0499877929688,1714555.0
2019-05-21,620.0,637.5499877929688,608.4000244140625,619.5499877929688,2514715.0
2019-05-22,623.4000244140625,624.0,615.0,618.7000122070312,719888.0
2019-05-23,620.0,642.9000244140625,618.2000122070312,620.2999877929688,1283494.0
2019-05-24,617.2000122070312,645.8499755859375,617.0,641.75,1449066.0
2019-05-27,642.0,652.25,640.0,647.25,1235902.0
2019-05-28,645.0,649.7999877929688,629.7000122070312,634.2000122070312,701073.0
2019-05-29,634.0,635.25,626.4500122070312,629.1500244140625,562539.0
2019-05-30,629.1500244140625,644.3499755859375,623.9000244140625,641.0,963987.0
2019-05-31,639.0,654.4000244140625,633.5999755859375,650.7000122070312,1296006.0
2019-06-03,650.0,651.0499877929688,639.0,642.4000244140625,555337.0
2019-06-04,641.2999877929688,656.4000244140625,641.0,645.7000122070312,980250.0
2019-06-06,650.0,650.0,629.0,632.7000122070312,534020.0
2019-06-07,632.7000122070312,635.5999755859375,608.5,615.5,1284021.0
2019-06-10,616.0,645.0,616.0,641.7000122070312,1227154.0
2019-06-11,642.7000122070312,654.7000122070312,635.2999877929688,644.5999755859375,1219055.0
2019-06-12,644.0,650.5999755859375,636.25,638.2000122070312,542207.0
2019-06-13,638.2000122070312,643.6500244140625,635.0499877929688,641.75,527774.0
2019-06-14,641.0,647.75,631.1500244140625,634.1500244140625,661811.0
2019-06-17,634.25,639.2000122070312,618.4500122070312,620.9000244140625,637980.0
2019-06-18,623.8499755859375,631.5,618.25,622.0999755859375,596589.0
2019-06-19,622.0499877929688,629.3499755859375,600.0,609.3499755859375,969035.0
2019-06-20,615.0499877929688,626.9000244140625,606.4500122070312,623.0499877929688,519052.0
2019-06-21,625.5,632.7999877929688,618.7999877929688,623.5,978849.0
2019-06-24,623.75,625.25,611.5999755859375,614.6500244140625,321889.0
2019-06-25,619.5999755859375,641.1500244140625,616.0499877929688,639.4500122070312,2072164.0
2019-06-26,638.5,643.5,627.0,640.0499877929688,999891.0
2019-06-27,639.0,645.75,634.8499755859375,640.0499877929688,891901.0
2019-06-28,640.0,649.75,638.0999755859375,644.7999877929688,844283.0
2019-07-01,646.9500122070312,649.5,628.5499877929688,631.2000122070312,696542.0
2019-07-02,634.9500122070312,639.5,628.0499877929688,638.1500244140625,562275.0
2019-07-03,644.9000244140625,644.9000244140625,629.4000244140625,636.8499755859375,704659.0
2019-07-04,639.7000122070312,639.7000122070312,622.25,624.6500244140625,680111.0
2019-07-05,629.9000244140625,634.0,620.0,625.7000122070312,569412.0
2019-07-08,628.75,628.75,598.1500244140625,601.8499755859375,819901.0
2019-07-09,602.1500244140625,618.5,592.25,614.4500122070312,678509.0
2019-07-10,617.5499877929688,618.9500122070312,603.7000122070312,606.0499877929688,457917.0
2019-07-11,609.0,622.7999877929688,607.5999755859375,617.4000244140625,514163.0
2019-07-12,617.9000244140625,624.5,612.0999755859375,617.5499877929688,390402.0
2019-07-15,617.9500122070312,622.5,602.0,613.3499755859375,669794.0
2019-07-16,610.5999755859375,634.0,609.5999755859375,631.75,758903.0
2019-07-17,631.7000122070312,638.7000122070312,625.5999755859375,633.5,1554712.0
2019-07-18,632.2000122070312,635.0499877929688,623.25,625.9500122070312,439237.0
2019-07-19,629.0499877929688,635.0,593.0,606.0999755859375,812407.0
2019-07-22,603.0,620.0,602.9000244140625,617.0,640679.0
2019-07-23,619.3499755859375,620.0999755859375,607.5,609.5499877929688,511134.0
2019-07-24,615.5999755859375,615.5999755859375,584.75,590.5499877929688,1096600.0
2019-07-25,586.4000244140625,605.0999755859375,585.5999755859375,595.2000122070312,868340.0
2019-07-26,590.3499755859375,597.2999877929688,582.8499755859375,591.0999755859375,654641.0
2019-07-29,591.0999755859375,592.5999755859375,571.3499755859375,589.75,1175094.0
2019-07-30,588.0999755859375,607.8499755859375,587.7000122070312,601.8499755859375,1230503.0
2019-07-31,603.0,613.0,595.0,607.9500122070312,815955.0
2019-08-01,601.1500244140625,617.9000244140625,601.1500244140625,610.2999877929688,1350687.0
2019-08-02,610.5,625.0499877929688,605.4000244140625,621.2999877929688,961630.0
2019-08-05,620.2000122070312,625.8499755859375,606.0,612.6500244140625,1133597.0
2019-08-06,610.0499877929688,628.7000122070312,607.0999755859375,624.8499755859375,839726.0
2019-08-07,621.7000122070312,637.5,621.7000122070312,626.7999877929688,1202504.0
2019-08-08,631.0,639.4500122070312,625.25,635.3499755859375,554058.0
2019-08-09,639.0,655.5,637.75,648.25,1109675.0
2019-08-13,647.0,647.0,592.4500122070312,599.9500122070312,2254196.0
2019-08-14,607.75,617.9500122070312,601.5999755859375,614.0499877929688,1298340.0
2019-08-16,618.0,638.0499877929688,617.0,635.0499877929688,1166807.0
2019-08-19,635.5999755859375,637.75,625.0,629.5999755859375,441478.0
2019-08-20,627.0,628.0,617.0,620.5,512254.0
2019-08-21,622.0,622.0,606.2000122070312,611.2000122070312,611742.0
2019-08-22,609.7999877929688,619.3499755859375,593.25,597.9500122070312,785726.0
2019-08-23,592.5999755859375,618.4500122070312,592.5999755859375,611.9500122070312,802343.0
2019-08-26,629.0,629.0,613.4000244140625,624.4000244140625,812998.0
2019-08-27,629.0,638.0,625.0,635.5,816840.0
2019-08-28,635.0,637.8499755859375,618.2999877929688,622.9500122070312,643394.0
2019-08-29,613.0499877929688,619.6500244140625,593.0,615.8499755859375,1561677.0
2019-08-30,614.7999877929688,614.7999877929688,597.5499877929688,607.2999877929688,704359.0
2019-09-03,604.0,614.4500122070312,602.6500244140625,606.5,492602.0
2019-09-04,607.0,607.8499755859375,581.1500244140625,588.9000244140625,1695362.0
2019-09-05,594.0,596.0,585.0999755859375,590.6500244140625,574193.0
2019-09-06,574.0,588.9500122070312,557.0,585.25,3846318.0
2019-09-09,576.1500244140625,610.0,576.1500244140625,606.8499755859375,1157319.0
2019-09-11,609.0,613.0499877929688,597.2000122070312,604.2000122070312,1150631.0
2019-09-12,603.3499755859375,613.1500244140625,598.5999755859375,603.0499877929688,991414.0
2019-09-13,600.0,604.9500122070312,595.5499877929688,598.7000122070312,511125.0
2019-09-16,595.8499755859375,610.5,595.0,599.7000122070312,837175.0
2019-09-17,600.0,602.9000244140625,588.8499755859375,593.0,584668.0
2019-09-18,595.2000122070312,605.3499755859375,589.0,590.8499755859375,1090345.0
2019-09-19,594.0,594.0,582.0,584.4500122070312,474812.0
2019-09-20,584.4500122070312,631.9500122070312,576.2000122070312,629.5499877929688,1313245.0
2019-09-23,635.0,653.0499877929688,635.0,645.0499877929688,1142994.0
2019-09-24,651.0,699.0,647.25,689.9500122070312,2401596.0
2019-09-25,684.0999755859375,688.0,660.0999755859375,669.1500244140625,1223779.0
2019-09-26,672.0,684.9000244140625,671.0999755859375,681.0,911163.0
2019-09-27,684.0,698.0,680.5499877929688,687.8499755859375,1497876.0
2019-09-30,684.75,687.7000122070312,672.5499877929688,675.9000244140625,851468.0
2019-10-01,679.0499877929688,686.0,659.0999755859375,672.7999877929688,1181129.0
2019-10-03,669.4000244140625,686.7999877929688,662.9000244140625,665.75,915774.0
2019-10-04,668.9000244140625,673.2000122070312,661.0999755859375,665.9000244140625,541720.0
2019-10-07,666.0,674.2000122070312,660.6500244140625,670.25,499850.0
2019-10-09,670.0,689.9500122070312,665.0999755859375,686.0999755859375,820272.0
2019-10-10,685.0,686.4000244140625,663.0499877929688,667.2999877929688,676392.0
2019-10-11,670.9500122070312,679.25,654.4000244140625,663.25,764787.0
2019-10-14,667.0,672.1500244140625,654.1500244140625,658.9500122070312,632814.0
2019-10-15,650.25,658.0,631.5499877929688,652.8499755859375,1770080.0
2019-10-16,656.0,663.0,642.0,643.5999755859375,722327.0
2019-10-17,647.5999755859375,656.9000244140625,637.5999755859375,654.0999755859375,828043.0
2019-10-18,648.2999877929688,678.4500122070312,648.2999877929688,675.7999877929688,752940.0
2019-10-22,678.5,693.3499755859375,676.7000122070312,686.9000244140625,835554.0
2019-10-23,686.9000244140625,696.7999877929688,681.5,683.9500122070312,687845.0
2019-10-24,688.0,688.0,666.6500244140625,669.6500244140625,1001303.0
2019-10-25,673.8499755859375,673.8499755859375,659.5499877929688,662.25,343226.0
2019-10-27,673.0,673.0,663.6500244140625,665.1500244140625,35204.0
2019-10-29,665.1500244140625,713.5499877929688,661.5,707.2000122070312,1674717.0
2019-10-30,700.5999755859375,713.5999755859375,697.1500244140625,706.0499877929688,1068141.0
2019-10-31,708.5,718.6500244140625,699.7000122070312,707.6500244140625,1086375.0
2019-11-01,710.0,717.5,706.75,709.1500244140625,533996.0
2019-11-04,708.0,714.25,704.7999877929688,706.4000244140625,311815.0
2019-11-05,706.4000244140625,710.1500244140625,700.0,704.5,240137.0
2019-11-06,700.5499877929688,704.2999877929688,678.5999755859375,690.1500244140625,713743.0
2019-11-07,694.4500122070312,698.7999877929688,683.2999877929688,685.0499877929688,300378.0
2019-11-08,683.0,686.8499755859375,673.2000122070312,674.9000244140625,330246.0
2019-11-11,674.6500244140625,680.0499877929688,667.9000244140625,669.2999877929688,237653.0
2019-11-13,669.2999877929688,672.3499755859375,647.5,650.0999755859375,597227.0
2019-11-14,679.0,717.5,665.25,711.5,6338305.0
2019-11-15,711.0,714.0,700.0,701.6500244140625,1477005.0
2019-11-18,705.0,737.25,702.7000122070312,712.4500122070312,3792367.0
2019-11-19,715.75,727.5999755859375,698.4000244140625,708.2000122070312,2592903.0
2019-11-20,703.0,705.3499755859375,690.4000244140625,696.4000244140625,1208865.0
2019-11-21,696.1500244140625,704.2000122070312,685.2000122070312,687.0999755859375,1183967.0
2019-11-22,690.4500122070312,692.1500244140625,682.0499877929688,685.2000122070312,677437.0
2019-11-25,689.0,693.8499755859375,679.4000244140625,684.9000244140625,1055345.0
2019-11-26,685.0,704.0,677.7000122070312,681.75,3277393.0
2019-11-27,682.0,697.5999755859375,682.0,692.25,995284.0
2019-11-28,695.0,701.0,686.5,689.25,568950.0
2019-11-29,693.5,695.5499877929688,675.5499877929688,678.0499877929688,653796.0
2019-12-02,678.0499877929688,684.8499755859375,662.5,677.0999755859375,1988674.0
2019-12-03,679.2000122070312,686.7000122070312,660.7999877929688,668.0499877929688,1247444.0
2019-12-04,665.0,676.2000122070312,662.4500122070312,671.25,1375158.0
2019-12-05,671.25,698.0499877929688,671.2000122070312,695.2000122070312,1922475.0
2019-12-06,695.0,702.9000244140625,690.2999877929688,694.4500122070312,1310419.0
2019-12-09,693.0,693.9500122070312,679.9000244140625,685.9000244140625,643789.0
2019-12-10,690.0999755859375,703.5499877929688,686.0999755859375,691.25,1328895.0
2019-12-11,692.5,699.9000244140625,686.6500244140625,697.7999877929688,1009404.0
2019-12-12,704.2999877929688,714.5999755859375,697.7999877929688,712.7999877929688,1591846.0
2019-12-13,712.9000244140625,720.0499877929688,709.5499877929688,717.0,714323.0
2019-12-16,715.7000122070312,723.1500244140625,709.5499877929688,719.8499755859375,895191.0
2019-12-17,722.0,722.3499755859375,714.4000244140625,717.2000122070312,611896.0
2019-12-18,717.2000122070312,720.25,708.0,715.1500244140625,439512.0
2019-12-19,715.1500244140625,740.7999877929688,711.3499755859375,729.0999755859375,2229155.0
2019-12-20,729.0999755859375,735.9000244140625,723.1500244140625,732.0,843803.0
2019-12-23,732.5,749.6500244140625,725.4000244140625,743.9000244140625,2266616.0
2019-12-24,744.9000244140625,748.0,739.6500244140625,744.1500244140625,1016526.0
2019-12-26,741.2999877929688,752.5,741.2999877929688,750.5499877929688,1076447.0
2019-12-27,750.5999755859375,762.5499877929688,746.0499877929688,758.5,1085845.0
2019-12-30,754.2000122070312,767.6500244140625,754.2000122070312,765.6500244140625,1110502.0
2019-12-31,766.0,771.4500122070312,760.2000122070312,761.4500122070312,819850.0
2020-01-01,761.0,765.5999755859375,758.0,760.5999755859375,248641.0
2020-01-02,764.4000244140625,772.2999877929688,762.2999877929688,768.5499877929688,459220.0
2020-01-03,763.0999755859375,772.8499755859375,763.0999755859375,770.7999877929688,414687.0
2020-01-06,772.5,778.9500122070312,754.4000244140625,756.0999755859375,1814426.0
2020-01-07,764.0,766.0,745.0,750.0,1005706.0
2020-01-08,742.0,753.5999755859375,740.5,746.2999877929688,710695.0
2020-01-09,753.0,754.9000244140625,740.0,742.0,694565.0
2020-01-10,743.0,752.7000122070312,740.2000122070312,747.8499755859375,612619.0
2020-01-13,749.0,761.3499755859375,747.5999755859375,750.1500244140625,902246.0
2020-01-14,750.2000122070312,767.5499877929688,750.2000122070312,764.3499755859375,672650.0
2020-01-15,766.0,772.0,758.2999877929688,760.1500244140625,991772.0
2020-01-16,760.2000122070312,796.4000244140625,760.2000122070312,789.0499877929688,1862469.0
2020-01-17,789.0499877929688,792.2000122070312,775.5,779.7999877929688,487514.0
2020-01-20,781.0,786.5,769.75,774.2000122070312,309286.0
2020-01-21,774.0499877929688,775.7999877929688,761.6500244140625,769.0,574086.0
2020-01-22,773.0,774.8499755859375,755.5,758.0,720758.0
2020-01-23,755.0,763.8499755859375,753.75,760.2999877929688,857187.0
2020-01-24,761.9000244140625,766.0,750.25,751.9500122070312,1028438.0
2020-01-27,747.0999755859375,765.0,747.0,751.1500244140625,810056.0
2020-01-28,750.0,760.75,746.4000244140625,757.4500122070312,760266.0
2020-01-29,762.0,769.4500122070312,757.7000122070312,761.2999877929688,510568.0
2020-01-30,759.0,782.1500244140625,756.0499877929688,773.2999877929688,1130273.0
2020-01-31,782.4500122070312,782.4500122070312,758.8499755859375,762.6500244140625,534770.0
2020-02-03,750.0,754.1500244140625,732.75,748.3499755859375,570401.0
2020-02-04,753.0,776.2999877929688,751.7000122070312,770.4000244140625,979958.0
2020-02-05,771.0,781.25,756.0999755859375,759.6500244140625,800891.0
2020-02-06,757.0,772.2999877929688,749.0,763.5,883115.0
2020-02-07,764.0,766.7999877929688,755.25,760.9500122070312,406092.0
2020-02-10,762.0,764.7000122070312,752.9000244140625,760.2999877929688,315966.0
2020-02-11,760.0499877929688,765.4500122070312,744.1500244140625,747.4000244140625,713531.0
2020-02-12,746.9500122070312,754.6500244140625,739.0,741.6500244140625,534464.0
2020-02-13,742.9000244140625,747.9500122070312,737.0,740.4000244140625,405771.0
2020-02-14,744.8499755859375,750.0,740.0999755859375,746.9000244140625,665969.0
2020-02-17,782.0,882.0,769.0,873.9000244140625,19143503.0
2020-02-18,870.0,898.8499755859375,846.0,869.2999877929688,19323677.0
2020-02-19,870.0,889.0,857.7999877929688,875.0999755859375,3876635.0
2020-02-20,873.0,935.4500122070312,866.4500122070312,912.7000122070312,9227400.0
2020-02-24,901.9000244140625,945.0,893.4000244140625,933.4500122070312,6900742.0
2020-02-25,933.0,954.5,926.75,944.4000244140625,4338699.0
2020-02-26,940.0,954.0499877929688,935.0,939.9500122070312,2961194.0
2020-02-27,945.0,947.7000122070312,906.2000122070312,930.75,3546208.0
2020-02-28,905.0,915.9500122070312,871.4000244140625,880.25,2605536.0
2020-03-02,882.0999755859375,901.7999877929688,850.4000244140625,860.0999755859375,2891530.0
2020-03-03,859.0,876.9000244140625,846.2000122070312,866.0,2390316.0
2020-03-04,870.0,879.0,851.0,873.2999877929688,2480690.0
2020-03-05,879.7999877929688,891.25,869.0999755859375,877.9500122070312,1338135.0
2020-03-06,850.0,874.7999877929688,840.5499877929688,869.6500244140625,1002524.0
2020-03-09,862.0,863.75,818.2999877929688,830.2999877929688,2006855.0
2020-03-11,828.7999877929688,856.9500122070312,825.0,833.75,2067363.0
2020-03-12,802.25,812.5999755859375,750.0,756.5999755859375,2809511.0
2020-03-13,691.2999877929688,817.4500122070312,650.0499877929688,804.0499877929688,2279343.0
2020-03-16,774.7999877929688,775.0,710.0,714.7000122070312,2122285.0
2020-03-17,728.8499755859375,728.8499755859375,620.7999877929688,640.1500244140625,4408828.0
2020-03-18,654.0,668.0,590.0,601.0,3319559.0
2020-03-19,550.2999877929688,600.5,483.95001220703125,583.8499755859375,4459422.0
2020-03-20,583.7999877929688,636.0,582.9000244140625,624.0499877929688,3163530.0
2020-03-23,548.1500244140625,599.9500122070312,500.0,508.29998779296875,2089687.0
2020-03-24,544.1500244140625,555.5,476.79998779296875,514.7000122070312,3311278.0
2020-03-25,500.0,610.0,499.1000061035156,600.7999877929688,3625482.0
2020-03-26,606.0,629.4500122070312,581.6500244140625,606.4000244140625,3344916.0
2020-03-27,628.7000122070312,691.4500122070312,609.25,618.7000122070312,2521378.0
2020-03-30,609.4000244140625,623.6500244140625,582.0,611.9500122070312,1903403.0
2020-03-31,613.0,630.5,609.0999755859375,613.1500244140625,1189965.0
2020-04-01,603.3499755859375,614.75,594.5,604.5,1558510.0
2020-04-03,606.0,626.0,593.7000122070312,606.0,1336172.0
2020-04-07,620.9500122070312,684.0,620.9500122070312,675.8499755859375,1880919.0
2020-04-08,662.2999877929688,743.4000244140625,652.5,687.1500244140625,2502475.0
2020-04-09,700.0,749.9500122070312,700.0,734.9500122070312,1722591.0
2020-04-13,743.0,751.6500244140625,708.4500122070312,746.0,2165713.0
2020-04-15,735.0,738.5,676.7999877929688,691.2999877929688,4472655.0
2020-04-16,672.0,705.0,658.4500122070312,693.5999755859375,4330356.0
2020-04-17,715.0999755859375,735.6500244140625,693.0,706.7999877929688,4064006.0
2020-04-20,714.75,759.0,703.7999877929688,735.0,5228457.0
2020-04-21,719.9500122070312,732.5499877929688,703.0499877929688,721.0499877929688,1702397.0
2020-04-22,717.5,768.0,717.5,759.9000244140625,2896903.0
2020-04-23,768.7000122070312,856.8499755859375,762.0,817.2999877929688,5307219.0
2020-04-24,809.4000244140625,834.0,798.0499877929688,813.9500122070312,3538348.0
2020-04-27,828.0,847.7999877929688,815.5499877929688,820.0499877929688,2025116.0
2020-04-28,832.0,836.0,807.4000244140625,826.5999755859375,1638939.0
2020-04-29,832.7000122070312,841.7000122070312,818.2999877929688,824.2000122070312,1087042.0
2020-04-30,829.0,875.0,823.25,862.7000122070312,3162243.0
2020-05-04,822.0,840.0,772.0,783.7999877929688,2362296.0
2020-05-05,802.4500122070312,811.9000244140625,778.0,782.0,2086596.0
2020-05-06,790.0,828.7999877929688,763.4000244140625,813.4500122070312,2409658.0
2020-05-07,810.0,836.5,805.0999755859375,820.6500244140625,1637424.0
2020-05-08,832.0,848.7000122070312,803.5,809.6500244140625,1605073.0
2020-05-11,814.7000122070312,842.9500122070312,813.0,825.5499877929688,1633059.0
2020-05-12,823.0,827.0,798.0,816.0999755859375,1377777.0
2020-05-13,840.5,845.0,808.0,812.2999877929688,1317340.0
2020-05-14,813.0,831.9500122070312,802.3499755859375,818.4500122070312,1180843.0
2020-05-15,829.0,831.9000244140625,806.0499877929688,819.8499755859375,1617517.0
2020-05-18,816.0,819.5499877929688,768.0,776.5999755859375,2798879.0
2020-05-19,786.0999755859375,801.0,765.5999755859375,781.3499755859375,2411845.0
2020-05-20,777.0,814.8499755859375,777.0,811.0499877929688,1298348.0
2020-05-21,819.9000244140625,842.0,810.2999877929688,826.25,1552282.0
2020-05-22,824.25,831.4500122070312,777.8499755859375,805.2999877929688,1959499.0
2020-05-26,818.5,823.0,794.4000244140625,803.6500244140625,991812.0
2020-05-27,817.0,847.9000244140625,786.0,844.1500244140625,2408770.0
2020-05-28,850.0,860.7999877929688,833.1500244140625,852.7000122070312,2049900.0
2020-05-29,849.7999877929688,879.0,841.0499877929688,862.6500244140625,1692237.0
2020-06-01,865.0499877929688,907.0,865.0,885.4000244140625,1974737.0
2020-06-02,889.0,906.0,883.2000122070312,901.0999755859375,1598582.0
2020-06-03,914.6500244140625,939.4500122070312,910.0499877929688,922.8499755859375,1812522.0
2020-06-04,925.0,934.3499755859375,901.6500244140625,910.75,809021.0
2020-06-05,917.0,927.9500122070312,902.5499877929688,915.2999877929688,875966.0
2020-06-08,925.9500122070312,941.3499755859375,909.0,914.5999755859375,1298751.0
2020-06-09,921.9000244140625,967.4500122070312,911.8499755859375,943.5999755859375,2260334.0
2020-06-10,948.7000122070312,990.0,933.7999877929688,971.0999755859375,2708868.0
2020-06-11,971.0,998.0,956.0,959.75,3544259.0
2020-06-12,910.4000244140625,985.0,905.0,979.5999755859375,2185560.0
2020-06-15,979.5999755859375,990.7999877929688,925.75,954.75,2185938.0
2020-06-16,967.0,984.7000122070312,942.0,980.5,1660790.0
2020-06-17,982.0,1011.8499755859375,978.0,999.6500244140625,2971881.0
2020-06-18,1036.9000244140625,1199.550048828125,1036.9000244140625,1175.800048828125,18024847.0
2020-06-19,1172.699951171875,1284.0,1160.5999755859375,1180.0,17345811.0
2020-06-22,1179.0,1236.9000244140625,1148.0,1157.5999755859375,5568696.0
2020-06-23,1171.0,1188.949951171875,1122.3499755859375,1128.300048828125,3809949.0
2020-06-24,1130.5,1144.5999755859375,1097.300048828125,1112.75,3338625.0
2020-06-25,1111.0,1124.949951171875,1092.199951171875,1104.800048828125,3938459.0
2020-06-26,1094.800048828125,1139.8499755859375,1080.550048828125,1090.0,3467590.0
2020-06-29,1088.0,1112.0,1071.0,1085.050048828125,2254257.0
2020-06-30,1095.0,1105.8499755859375,1074.0,1086.050048828125,1435726.0
2020-07-01,1099.9000244140625,1133.0,1085.0,1096.949951171875,3824820.0
2020-07-02,1110.0,1118.0,1094.4000244140625,1108.949951171875,1328962.0
2020-07-03,1123.949951171875,1151.449951171875,1115.300048828125,1146.3499755859375,2536971.0
2020-07-06,1166.3499755859375,1169.5999755859375,1128.5,1134.3499755859375,1791168.0
2020-07-07,1126.0,1133.949951171875,1098.050048828125,1103.300048828125,2244849.0
2020-07-08,1111.0,1113.8499755859375,1083.0,1085.199951171875,1524806.0
2020-07-09,1087.0,1104.949951171875,1076.0,1088.0999755859375,2130005.0
2020-07-10,1087.0,1100.0,1064.4000244140625,1084.300048828125,1366391.0
2020-07-13,1090.300048828125,1121.0,1080.300048828125,1110.75,2018308.0
2020-07-14,1111.6500244140625,1112.050048828125,1070.0,1082.050048828125,1135947.0
2020-07-15,1091.0,1104.949951171875,1070.050048828125,1077.300048828125,1054335.0
2020-07-16,1082.0,1137.5,1076.5999755859375,1131.6500244140625,3338746.0
2020-07-17,1139.800048828125,1225.0,1136.3499755859375,1202.949951171875,6911040.0
2020-07-20,1140.0,1235.0,1140.0,1229.75,5138206.0
2020-07-21,1238.800048828125,1256.8499755859375,1211.3499755859375,1231.1500244140625,2848795.0
2020-07-22,1240.0,1343.25,1231.8499755859375,1315.5999755859375,8586005.0
2020-07-23,1317.0,1328.800048828125,1277.6500244140625,1305.8499755859375,3347292.0
2020-07-24,1309.800048828125,1345.699951171875,1296.4000244140625,1303.0,4372931.0
2020-07-27,1310.0,1376.6500244140625,1287.25,1362.699951171875,4239725.0
2020-07-28,1371.949951171875,1405.75,1313.6500244140625,1334.449951171875,6448726.0
2020-07-29,1336.0,1371.5999755859375,1305.0,1348.199951171875,5405113.0
2020-07-30,1356.0,1359.949951171875,1292.0,1302.3499755859375,2830108.0
2020-07-31,1300.0,1307.1500244140625,1257.550048828125,1273.800048828125,2810663.0
2020-08-03,1278.3499755859375,1312.0,1266.699951171875,1282.4000244140625,2307561.0
2020-08-04,1289.5,1311.199951171875,1274.6500244140625,1286.0,1620041.0
2020-08-05,1300.0,1306.0,1247.5,1257.9000244140625,2799674.0
2020-08-06,1263.0,1324.6500244140625,1175.949951171875,1192.5,12456865.0
2020-08-07,1211.0,1234.6500244140625,1191.0,1217.0,5779708.0
2020-08-10,1221.0,1226.0,1158.0,1172.699951171875,3680399.0
2020-08-11,1183.949951171875,1189.9000244140625,1162.199951171875,1174.199951171875,1709219.0
2020-08-12,1155.0,1165.050048828125,1091.0,1146.949951171875,5331452.0
2020-08-13,1146.0,1188.550048828125,1145.449951171875,1178.1500244140625,2855421.0
2020-08-14,1188.0,1222.25,1182.0,1212.949951171875,3745225.0
2020-08-17,1228.5,1242.949951171875,1202.199951171875,1227.199951171875,2691520.0
2020-08-18,1236.0,1254.0,1229.5999755859375,1238.300048828125,2236782.0
2020-08-19,1255.0,1292.949951171875,1243.0999755859375,1255.6500244140625,4920992.0
2020-08-20,1234.0,1234.0,1175.0,1189.25,9106001.0
2020-08-21,1197.0,1210.9000244140625,1178.0,1182.0,2645586.0
2020-08-24,1170.199951171875,1215.0,1170.0,1212.050048828125,2610405.0
2020-08-25,1221.050048828125,1239.9000244140625,1192.0,1198.199951171875,2689211.0
2020-08-26,1205.0,1216.5,1186.1500244140625,1206.3499755859375,1587931.0
2020-08-27,1215.0,1227.550048828125,1190.0999755859375,1196.449951171875,1899695.0
2020-08-28,1198.0,1229.0,1196.0,1208.449951171875,2424657.0
2020-08-31,1215.0,1224.9000244140625,1122.0,1146.75,3291808.0
2020-09-01,1152.5,1168.4000244140625,1133.550048828125,1159.0999755859375,1782000.0
2020-09-02,1164.9000244140625,1171.949951171875,1128.0,1147.4000244140625,1377334.0
2020-09-03,1148.0,1160.0999755859375,1127.0,1135.4000244140625,1454583.0
2020-09-04,1115.550048828125,1156.0,1096.050048828125,1122.9000244140625,2366842.0
2020-09-07,1120.0,1126.5,1081.199951171875,1094.6500244140625,2362089.0
2020-09-08,1097.0,1113.4000244140625,1078.0,1084.4000244140625,1929294.0
2020-09-09,1078.5999755859375,1100.0,1060.550048828125,1093.449951171875,1980268.0
2020-09-10,1110.0,1113.0,1080.3499755859375,1099.5,1334535.0
2020-09-11,1088.0,1134.0,1088.0,1128.5,2452235.0
2020-09-14,1138.0,1146.8499755859375,1113.4000244140625,1123.449951171875,1762325.0
2020-09-15,1128.0,1141.8499755859375,1116.0,1131.050048828125,993200.0
2020-09-16,1135.0,1173.0,1128.1500244140625,1144.449951171875,2812137.0
2020-09-17,1143.0,1143.449951171875,1115.0,1125.9000244140625,1023072.0
2020-09-18,1131.9000244140625,1134.699951171875,1100.0,1105.0,1555296.0
2020-09-21,1111.0,1119.75,1036.0999755859375,1044.75,1839054.0
2020-09-22,1030.0,1032.949951171875,1000.0,1014.75,2902395.0
2020-09-23,1027.0,1057.4000244140625,1008.25,1045.25,2139405.0
2020-09-24,1038.0,1039.0,1010.5499877929688,1018.7999877929688,1831668.0
2020-09-25,1023.0,1095.0,1023.0,1087.550048828125,3021115.0
2020-09-28,1096.0,1108.449951171875,1075.0,1089.800048828125,1778828.0
2020-09-29,1102.050048828125,1144.300048828125,1093.300048828125,1130.3499755859375,3637769.0
2020-09-30,1134.4000244140625,1149.5999755859375,1120.199951171875,1132.0999755859375,1861632.0
2020-10-01,1138.0,1160.0,1126.199951171875,1153.75,1881054.0
2020-10-05,1161.9000244140625,1187.4000244140625,1148.8499755859375,1161.449951171875,2542815.0
2020-10-06,1171.0,1201.199951171875,1166.300048828125,1196.3499755859375,2534402.0
2020-10-07,1199.800048828125,1199.9000244140625,1164.300048828125,1176.199951171875,1541296.0
2020-10-08,1180.0,1189.6500244140625,1140.699951171875,1149.0,1569049.0
2020-10-09,1154.75,1158.699951171875,1130.050048828125,1142.449951171875,1748320.0
2020-10-12,1150.0,1164.800048828125,1134.0,1142.550048828125,822912.0
2020-10-13,1145.0,1148.0,1120.6500244140625,1138.300048828125,924731.0
2020-10-14,1125.0,1161.4000244140625,1116.449951171875,1156.050048828125,1301057.0
2020-10-15,1156.050048828125,1189.0,1144.0,1152.0999755859375,1776985.0
2020-10-16,1144.0,1204.699951171875,1140.8499755859375,1185.050048828125,2871896.0
2020-10-19,1191.300048828125,1229.0,1182.050048828125,1221.8499755859375,2383318.0
2020-10-20,1206.6500244140625,1233.8499755859375,1205.1500244140625,1229.3499755859375,1383975.0
2020-10-21,1224.699951171875,1237.75,1186.8499755859375,1213.199951171875,1532542.0
2020-10-22,1210.0999755859375,1215.5999755859375,1187.550048828125,1192.8499755859375,897236.0
2020-10-23,1188.5,1220.0,1170.050048828125,1184.5,1357909.0
2020-10-26,1185.0,1194.199951171875,1153.1500244140625,1184.8499755859375,1656394.0
2020-10-27,1189.0,1274.0,1167.0,1250.0999755859375,3321314.0
2020-10-28,1243.699951171875,1254.449951171875,1193.800048828125,1200.800048828125,1888745.0
2020-10-29,1190.0,1245.699951171875,1182.5999755859375,1238.199951171875,2246194.0
2020-10-30,1243.0,1250.0,1206.0,1230.800048828125,1361835.0
2020-11-02,1239.0,1248.0,1200.0,1238.0,1475959.0
2020-11-03,1249.699951171875,1264.5999755859375,1177.0,1190.1500244140625,3625426.0
2020-11-04,1197.449951171875,1213.449951171875,1136.5,1157.3499755859375,2883865.0
2020-11-05,1170.0999755859375,1244.0,1159.0,1219.3499755859375,5076752.0
2020-11-06,1207.199951171875,1266.9000244140625,1206.0,1256.3499755859375,2879946.0
2020-11-09,1268.0999755859375,1298.0,1257.0,1278.050048828125,2540288.0
2020-11-10,1270.0,1270.0,1162.199951171875,1185.1500244140625,5712955.0
2020-11-11,1214.9000244140625,1214.9000244140625,1141.0,1166.6500244140625,4320318.0
2020-11-12,1172.0,1181.449951171875,1154.300048828125,1169.25,2137832.0
2020-11-13,1176.0,1192.3499755859375,1162.0999755859375,1188.8499755859375,2041341.0
2020-11-14,1198.0,1202.0,1181.0,1187.699951171875,287025.0
2020-11-17,1188.0,1193.5,1156.0,1166.9000244140625,2447176.0
2020-11-18,1170.0,1186.0,1163.0999755859375,1176.699951171875,1752572.0
2020-11-19,1175.949951171875,1217.0,1162.1500244140625,1169.6500244140625,3003748.0
2020-11-20,1176.0,1191.449951171875,1166.300048828125,1183.3499755859375,1702974.0
2020-11-23,1195.0,1197.75,1152.0,1156.0,3022990.0
2020-11-24,1165.0,1165.0,1122.0,1137.75,4652055.0
2020-11-25,1140.0,1151.050048828125,1115.0,1118.5,4070439.0
2020-11-26,1122.0,1136.0,1108.6500244140625,1132.0,2860035.0
2020-11-27,1143.0,1175.0,1126.699951171875,1152.0,14387170.0
2020-12-01,1171.949951171875,1171.949951171875,1140.0,1153.6500244140625,2493653.0
2020-12-02,1130.0,1160.6500244140625,1118.4000244140625,1155.6500244140625,2434046.0
2020-12-03,1165.0,1183.0,1155.050048828125,1179.0999755859375,1927926.0
2020-12-04,1185.0,1191.550048828125,1159.3499755859375,1172.0,1561420.0
2020-12-07,1175.0,1185.0,1168.0,1176.050048828125,1195294.0
2020-12-08,1184.0,1204.8499755859375,1172.8499755859375,1195.199951171875,3077561.0
2020-12-09,1200.0,1203.699951171875,1185.0,1190.449951171875,1358506.0
2020-12-10,1190.449951171875,1191.949951171875,1159.0,1184.699951171875,2116272.0
2020-12-11,1191.0999755859375,1199.699951171875,1169.0,1173.0,1653068.0
2020-12-14,1173.0,1198.5,1173.0,1191.300048828125,1686703.0
2020-12-15,1192.0,1210.0,1175.8499755859375,1202.0999755859375,1395501.0
2020-12-16,1215.5999755859375,1230.0,1209.0,1217.550048828125,2674862.0
2020-12-17,1217.0,1234.050048828125,1213.199951171875,1218.5,1484226.0
2020-12-18,1219.0,1228.300048828125,1200.5,1210.8499755859375,927547.0
2020-12-21,1206.8499755859375,1249.699951171875,1138.5999755859375,1169.8499755859375,3208545.0
2020-12-22,1171.0,1194.75,1152.75,1182.9000244140625,1695222.0
2020-12-23,1183.0,1212.449951171875,1177.6500244140625,1191.4000244140625,1481813.0
2020-12-24,1200.0,1204.1500244140625,1185.0,1187.949951171875,807787.0
2020-12-28,1199.0,1223.0,1188.949951171875,1218.0999755859375,1235405.0
2020-12-29,1225.0,1232.9000244140625,1200.0,1209.75,1339727.0
2020-12-30,1216.0,1218.8499755859375,1201.0,1212.449951171875,604708.0
2020-12-31,1210.699951171875,1228.5999755859375,1204.0,1210.550048828125,942511.0
2021-01-01,1215.0,1221.050048828125,1208.1500244140625,1213.3499755859375,649133.0
2021-01-04,1222.9000244140625,1263.0,1220.0,1244.1500244140625,3030142.0
2021-01-05,1252.0,1298.0,1240.0,1292.5999755859375,2784127.0
2021-01-06,1299.800048828125,1311.050048828125,1258.050048828125,1280.9000244140625,2359748.0
2021-01-07,1284.0,1294.0,1272.0,1277.449951171875,1049691.0
2021-01-08,1280.0,1294.0,1267.3499755859375,1283.300048828125,1382458.0
2021-01-11,1276.0,1280.0,1243.0,1270.5,1462153.0
2021-01-12,1270.5,1283.75,1260.199951171875,1276.6500244140625,1268659.0
2021-01-13,1280.0,1289.449951171875,1206.0,1237.4000244140625,3982200.0
2021-01-14,1237.4000244140625,1253.8499755859375,1216.6500244140625,1251.0,1466910.0
2021-01-15,1254.0,1254.0,1193.0,1203.0,2690581.0
2021-01-18,1203.5,1203.5,1160.0,1174.6500244140625,1912724.0
2021-01-19,1174.5999755859375,1211.0,1171.1500244140625,1207.8499755859375,1068153.0
2021-01-20,1211.0,1215.9000244140625,1196.6500244140625,1210.75,873452.0
2021-01-21,1215.0,1228.0,1177.0,1182.9000244140625,1206726.0
2021-01-22,1184.0,1197.4000244140625,1162.0,1165.4000244140625,1334225.0
2021-01-25,1174.0,1205.0,1155.0999755859375,1173.550048828125,1738566.0
2021-01-27,1170.0,1172.800048828125,1130.0,1131.9000244140625,1457778.0
2021-01-28,1120.0,1136.8499755859375,1107.5999755859375,1115.699951171875,1556229.0
2021-01-29,1120.0,1131.6500244140625,1100.0999755859375,1105.8499755859375,1543021.0
2021-02-01,1110.550048828125,1164.9000244140625,1090.0,1156.3499755859375,1309024.0
2021-02-02,1173.0,1182.949951171875,1152.0,1166.949951171875,1053066.0
2021-02-03,1170.0,1182.949951171875,1161.8499755859375,1168.550048828125,1435910.0
2021-02-04,1170.0,1195.9000244140625,1162.300048828125,1184.699951171875,2106805.0
2021-02-05,1192.5,1194.800048828125,1155.5,1164.0999755859375,1726460.0
2021-02-08,1177.699951171875,1186.800048828125,1165.050048828125,1176.550048828125,1107651.0
2021-02-09,1188.0,1225.0,1178.3499755859375,1186.5999755859375,4647756.0
2021-02-10,1200.0,1274.800048828125,1190.0,1267.9000244140625,9275539.0
2021-02-11,1267.8499755859375,1310.0,1261.550048828125,1276.25,4101570.0
2021-02-12,1274.9000244140625,1329.9000244140625,1274.75,1315.0,4290890.0
2021-02-15,1329.5999755859375,1361.5999755859375,1315.4000244140625,1321.199951171875,3154298.0
2021-02-16,1332.0,1343.8499755859375,1309.0,1315.300048828125,1721816.0
2021-02-17,1313.6500244140625,1353.4000244140625,1285.0,1323.449951171875,2237472.0
2021-02-18,1328.699951171875,1338.4000244140625,1285.25,1293.25,2047432.0
2021-02-19,1300.0,1320.800048828125,1277.4000244140625,1297.0,2156407.0
2021-02-22,1309.699951171875,1324.5999755859375,1278.699951171875,1291.4000244140625,1902991.0
2021-02-23,1291.4000244140625,1313.3499755859375,1280.0,1286.449951171875,1388642.0
2021-02-24,1297.0,1314.0,1277.0999755859375,1293.5,671116.0
2021-02-25,1300.0,1340.0,1300.0,1329.1500244140625,2353972.0
2021-02-26,1314.5,1321.449951171875,1270.800048828125,1299.699951171875,2236983.0
2021-03-01,1297.300048828125,1330.3499755859375,1285.0,1302.0999755859375,1300733.0
2021-03-02,1306.0,1327.0,1300.550048828125,1310.9000244140625,843375.0
2021-03-03,1319.949951171875,1331.5999755859375,1310.0,1318.5,683405.0
2021-03-04,1318.0,1334.800048828125,1308.050048828125,1314.75,1605488.0
2021-03-05,1308.0,1319.800048828125,1283.0,1289.8499755859375,1352365.0
2021-03-08,1228.5,1271.0999755859375,1225.0,1259.449951171875,3302106.0
2021-03-09,1255.0,1268.9000244140625,1244.0,1261.5999755859375,960195.0
2021-03-10,1267.25,1312.8499755859375,1265.8499755859375,1304.9000244140625,1742432.0
2021-03-12,1310.0,1311.949951171875,1272.0,1278.25,1322927.0
2021-03-15,1271.300048828125,1285.0,1251.5,1262.75,663807.0
2021-03-16,1275.0,1285.0,1267.199951171875,1273.4000244140625,664878.0
2021-03-17,1275.949951171875,1292.0,1266.5,1279.0,1142480.0
2021-03-18,1290.0,1299.4000244140625,1231.5999755859375,1241.050048828125,970456.0
2021-03-19,1236.300048828125,1247.050048828125,1198.0,1230.449951171875,1356660.0
2021-03-22,1236.0,1247.5,1221.5999755859375,1238.300048828125,615189.0
2021-03-23,1247.0999755859375,1249.3499755859375,1225.0,1238.0,476555.0
2021-03-24,1237.0,1243.699951171875,1215.0,1219.25,918064.0
2021-03-25,1224.0,1224.5,1165.9000244140625,1187.050048828125,1061914.0
2021-03-26,1201.5,1247.0,1170.5,1235.800048828125,1195770.0
2021-03-30,1238.5999755859375,1251.1500244140625,1198.3499755859375,1210.050048828125,973544.0
2021-03-31,1209.199951171875,1229.3499755859375,1196.75,1205.9000244140625,712047.0
2021-04-01,1222.0,1222.0,1199.75,1214.3499755859375,649180.0
2021-04-05,1215.0,1216.4000244140625,1165.0,1184.199951171875,676793.0
2021-04-06,1188.0,1221.0,1180.699951171875,1204.300048828125,924992.0
2021-04-07,1211.0,1219.0,1198.0,1205.6500244140625,619290.0
2021-04-08,1216.0999755859375,1245.0,1210.0,1237.0,1489515.0
2021-04-09,1239.800048828125,1265.0,1227.199951171875,1233.8499755859375,1398503.0
2021-04-12,1209.75,1209.75,1138.3499755859375,1159.949951171875,1411088.0
2021-04-13,1185.0,1209.0,1169.1500244140625,1173.3499755859375,1146320.0
2021-04-15,1180.0,1183.5,1136.6500244140625,1153.050048828125,1318568.0
2021-04-16,1160.0,1180.0,1142.0,1168.0999755859375,845133.0
2021-04-19,1140.0,1148.0,1121.0,1142.75,1228823.0
2021-04-20,1156.949951171875,1172.3499755859375,1134.0,1141.949951171875,874884.0
2021-04-22,1126.0,1158.8499755859375,1121.0,1146.949951171875,1007598.0
2021-04-23,1147.0,1207.0,1146.0,1200.8499755859375,2069671.0
2021-04-26,1204.0,1215.949951171875,1171.0,1174.75,1102356.0
2021-04-27,1179.949951171875,1190.25,1170.0,1176.25,733140.0
2021-04-28,1182.0,1186.0,1173.300048828125,1177.8499755859375,710804.0
2021-04-29,1186.0,1193.699951171875,1162.1500244140625,1166.25,1119127.0
2021-04-30,1159.800048828125,1187.0,1151.0,1157.4000244140625,1058811.0
2021-05-03,1155.0,1164.699951171875,1135.0,1159.699951171875,424881.0
2021-05-04,1164.9000244140625,1176.0,1145.75,1149.199951171875,443495.0
2021-05-05,1164.0,1165.0,1145.0,1150.75,427270.0
2021-05-06,1150.0,1174.0,1146.4000244140625,1170.1500244140625,590519.0
2021-05-07,1180.0,1216.949951171875,1177.0,1211.699951171875,2141889.0
2021-05-10,1224.0,1230.0,1200.0,1222.949951171875,941440.0
2021-05-11,1211.5999755859375,1218.550048828125,1195.0,1197.949951171875,539855.0
2021-05-12,1199.0999755859375,1200.0,1165.0,1169.0999755859375,590285.0
2021-05-14,1171.0,1177.4000244140625,1152.5,1167.949951171875,600997.0
2021-05-17,1183.0,1234.0,1175.0,1221.550048828125,2017066.0
2021-05-18,1233.0,1277.0,1230.050048828125,1268.300048828125,2086320.0
2021-05-19,1257.199951171875,1274.800048828125,1256.0,1264.449951171875,624657.0
2021-05-20,1259.0,1298.0,1257.699951171875,1263.1500244140625,1351888.0
2021-05-21,1272.0,1278.0,1261.25,1265.199951171875,579488.0
2021-05-24,1267.0,1274.800048828125,1244.0,1268.050048828125,952156.0
2021-05-25,1277.5,1282.0,1255.9000244140625,1260.9000244140625,624138.0
2021-05-26,1280.0,1292.0,1265.0,1270.300048828125,1414370.0
2021-05-27,1267.050048828125,1267.050048828125,1232.0,1244.1500244140625,1542074.0
2021-05-28,1253.0,1274.0,1246.25,1266.199951171875,688147.0
2021-05-31,1270.0,1319.0,1262.4000244140625,1311.5999755859375,1989390.0
2021-06-01,1318.199951171875,1324.699951171875,1285.800048828125,1308.9000244140625,1200226.0
2021-06-02,1307.5,1439.0,1293.1500244140625,1414.9000244140625,7848352.0
2021-06-03,1442.75,1537.5,1427.0,1511.699951171875,13711450.0
2021-06-04,1497.0,1550.0,1482.8499755859375,1509.3499755859375,5359959.0
2021-06-07,1510.0,1525.6500244140625,1486.0,1513.1500244140625,2055428.0
2021-06-08,1520.0,1522.0,1484.0,1491.300048828125,1279696.0
2021-06-09,1493.699951171875,1513.8499755859375,1456.0999755859375,1469.0999755859375,2033120.0
2021-06-10,1475.0,1488.9000244140625,1456.4000244140625,1482.050048828125,1051186.0
2021-06-11,1495.0,1496.0,1471.050048828125,1474.3499755859375,981014.0
2021-06-14,1484.0999755859375,1514.9000244140625,1445.0999755859375,1503.5,1865735.0
2021-06-15,1522.0,1523.050048828125,1500.0,1516.75,1280198.0
2021-06-16,1514.449951171875,1542.0,1497.0,1514.6500244140625,1851954.0
2021-06-17,1498.9000244140625,1511.300048828125,1476.6500244140625,1482.699951171875,1154828.0
2021-06-18,1475.0,1488.050048828125,1446.4000244140625,1472.4000244140625,1434839.0
2021-06-21,1450.4000244140625,1498.9000244140625,1448.0,1486.75,1307713.0
2021-06-22,1498.0,1518.800048828125,1492.050048828125,1506.699951171875,1967423.0
2021-06-23,1510.0,1514.0,1470.0,1478.800048828125,808478.0
2021-06-24,1485.0,1487.949951171875,1458.5,1466.1500244140625,559080.0
2021-06-25,1469.0999755859375,1490.0,1465.0,1484.949951171875,577924.0
2021-06-28,1490.050048828125,1495.0,1475.0,1489.949951171875,511263.0
2021-06-29,1496.0,1501.0,1463.0,1468.75,1035297.0
2021-06-30,1480.0,1498.0,1474.4000244140625,1481.6500244140625,1118377.0
2021-07-01,1484.949951171875,1484.949951171875,1465.0,1470.3499755859375,453878.0
2021-07-02,1473.9000244140625,1496.0,1456.4000244140625,1477.4000244140625,1427078.0
2021-07-05,1492.0,1565.0,1482.0,1558.5999755859375,3124351.0
2021-07-06,1568.0,1576.800048828125,1525.6500244140625,1535.199951171875,2716236.0
2021-07-07,1543.25,1567.0,1523.0,1561.949951171875,1026390.0
2021-07-08,1564.0,1572.199951171875,1528.5999755859375,1533.25,680515.0
2021-07-09,1535.0,1548.75,1528.199951171875,1534.5999755859375,764607.0
2021-07-12,1551.0,1584.5,1541.6500244140625,1558.4000244140625,1345335.0
2021-07-13,1565.0,1579.5,1556.25,1558.75,596313.0
2021-07-14,1569.0,1572.800048828125,1543.75,1547.199951171875,633915.0
2021-07-15,1554.0,1583.4000244140625,1549.550048828125,1568.550048828125,693234.0
2021-07-16,1581.949951171875,1581.949951171875,1563.5999755859375,1569.199951171875,453737.0
2021-07-19,1559.0,1574.800048828125,1533.0,1541.8499755859375,411561.0
2021-07-20,1541.800048828125,1547.9000244140625,1514.0,1528.3499755859375,380494.0
2021-07-22,1539.949951171875,1612.0,1532.0,1604.6500244140625,2191336.0
2021-07-23,1616.0,1616.050048828125,1560.0,1567.050048828125,896456.0
2021-07-26,1565.0,1570.25,1545.699951171875,1556.800048828125,634706.0
2021-07-27,1566.0,1580.1500244140625,1536.1500244140625,1560.449951171875,1020536.0
2021-07-28,1560.0,1562.4000244140625,1537.5,1546.1500244140625,640287.0
2021-07-29,1545.0,1567.199951171875,1540.0999755859375,1563.050048828125,540846.0
2021-07-30,1571.5,1598.75,1548.800048828125,1554.75,690368.0
2021-08-02,1565.9000244140625,1595.5,1557.0,1584.6500244140625,595881.0
2021-08-03,1595.800048828125,1603.3499755859375,1573.949951171875,1585.4000244140625,483169.0
2021-08-04,1594.300048828125,1638.8499755859375,1582.5,1592.300048828125,2052331.0
2021-08-05,1598.0,1600.0,1573.0,1584.1500244140625,585052.0
2021-08-06,1568.4000244140625,1590.800048828125,1505.0,1547.199951171875,2649875.0
2021-08-09,1531.0,1533.3499755859375,1485.050048828125,1499.199951171875,1835434.0
2021-08-10,1505.0,1505.050048828125,1470.0,1475.0,1112024.0
2021-08-11,1481.800048828125,1482.050048828125,1402.4000244140625,1443.300048828125,2079999.0
2021-08-12,1455.0,1463.0,1432.550048828125,1448.449951171875,790749.0
2021-08-13,1457.25,1459.449951171875,1443.0,1451.199951171875,652148.0
2021-08-16,1458.0,1479.75,1442.75,1474.0,1364617.0
2021-08-17,1480.4000244140625,1485.5,1465.0,1473.9000244140625,664828.0
2021-08-18,1488.0999755859375,1489.0,1470.699951171875,1479.4000244140625,674182.0
2021-08-20,1448.0,1473.25,1436.0,1457.949951171875,784220.0
2021-08-23,1471.949951171875,1477.9000244140625,1441.199951171875,1458.25,722315.0
2021-08-24,1468.300048828125,1512.0,1451.0,1503.050048828125,1145765.0
2021-08-25,1505.0,1518.0,1471.5,1481.0,739942.0
2021-08-26,1467.0999755859375,1499.9000244140625,1467.0999755859375,1485.4000244140625,595100.0
2021-08-27,1486.0,1497.5999755859375,1480.0,1491.699951171875,269958.0
2021-08-30,1504.0,1518.800048828125,1495.75,1503.199951171875,822735.0
2021-08-31,1509.0,1521.5999755859375,1490.0,1514.0,772060.0
2021-09-01,1527.0,1533.3499755859375,1510.5999755859375,1525.050048828125,406760.0
2021-09-02,1530.0,1532.0999755859375,1512.0,1525.1500244140625,474775.0
2021-09-03,1524.0,1538.5,1497.050048828125,1507.0,620812.0
2021-09-06,1515.0,1533.949951171875,1508.0999755859375,1525.0,409322.0
2021-09-07,1525.0,1564.0,1518.0,1531.1500244140625,1016948.0
2021-09-08,1532.0,1564.949951171875,1523.550048828125,1544.949951171875,738402.0
2021-09-09,1548.0,1548.0,1517.199951171875,1538.9000244140625,664017.0
2021-09-13,1538.0,1550.550048828125,1534.3499755859375,1544.550048828125,669489.0
2021-09-14,1550.0,1560.0,1537.5999755859375,1542.4000244140625,289304.0
2021-09-15,1547.0,1557.3499755859375,1532.300048828125,1542.3499755859375,307112.0
2021-09-16,1542.449951171875,1555.0,1528.050048828125,1553.5,538580.0
2021-09-17,1550.9000244140625,1563.0,1503.5999755859375,1513.5,1120149.0
2021-09-20,1500.0,1516.0,1452.0,1475.449951171875,636161.0
2021-09-21,1478.0,1483.0,1432.0,1479.0999755859375,1093338.0
2021-09-22,1486.0,1547.5,1473.9000244140625,1543.5,1126487.0
2021-09-23,1559.0,1560.300048828125,1516.9000244140625,1519.949951171875,804207.0
2021-09-24,1520.0,1530.699951171875,1496.0,1505.050048828125,346181.0
2021-09-27,1505.0,1510.25,1483.199951171875,1493.300048828125,324586.0
2021-09-28,1493.300048828125,1498.449951171875,1458.449951171875,1463.449951171875,475347.0
2021-09-29,1459.0,1485.0999755859375,1447.0,1469.5,544221.0
2021-09-30,1456.0,1478.75,1446.3499755859375,1450.300048828125,543427.0
2021-10-01,1455.0,1542.949951171875,1453.1500244140625,1533.800048828125,3330546.0
2021-10-04,1537.9000244140625,1542.449951171875,1514.3499755859375,1520.8499755859375,668680.0
2021-10-05,1522.0,1537.699951171875,1515.3499755859375,1521.0,575832.0
2021-10-06,1535.949951171875,1540.800048828125,1495.0,1501.0999755859375,537571.0
2021-10-07,1520.0,1589.8499755859375,1504.050048828125,1544.5,1649561.0
2021-10-08,1547.0,1559.949951171875,1515.199951171875,1519.6500244140625,541904.0
2021-10-11,1536.050048828125,1558.449951171875,1511.9000244140625,1533.75,644793.0
2021-10-12,1532.5999755859375,1555.300048828125,1527.800048828125,1541.0,478933.0
2021-10-13,1546.550048828125,1577.75,1535.0,1567.050048828125,976346.0
2021-10-14,1587.0,1588.0,1541.300048828125,1552.5999755859375,551085.0
2021-10-18,1568.0999755859375,1580.0,1545.050048828125,1559.1500244140625,522124.0
2021-10-19,1559.949951171875,1589.4000244140625,1535.0,1552.4000244140625,729901.0
2021-10-20,1547.0,1566.199951171875,1513.949951171875,1533.25,671846.0
2021-10-21,1548.0,1548.9000244140625,1512.5,1531.5,608376.0
2021-10-22,1540.0,1612.0,1532.0,1566.050048828125,2997151.0
2021-10-25,1578.0,1578.0,1506.6500244140625,1520.449951171875,718804.0
2021-10-26,1526.75,1542.0,1504.0,1529.300048828125,902649.0
2021-10-27,1531.550048828125,1547.0999755859375,1518.0,1520.300048828125,441419.0
2021-10-28,1527.0,1527.5,1476.0,1482.25,693140.0
2021-10-29,1487.0,1495.800048828125,1450.9000244140625,1467.75,687082.0
2021-11-01,1483.0,1496.5,1457.25,1492.5999755859375,441123.0
2021-11-02,1489.0,1510.0,1481.800048828125,1491.300048828125,632883.0
2021-11-03,1493.199951171875,1556.699951171875,1491.0999755859375,1519.0999755859375,1827204.0
2021-11-04,1569.0,1575.0,1519.0,1530.0999755859375,538803.0
2021-11-08,1550.0,1683.0999755859375,1532.0,1659.4000244140625,7164107.0
2021-11-09,1659.0,1672.800048828125,1616.4000244140625,1629.050048828125,1287977.0
2021-11-10,1625.0,1682.9000244140625,1617.6500244140625,1671.949951171875,1471628.0
2021-11-11,1680.0,1706.800048828125,1648.5,1686.449951171875,2120492.0
2021-11-12,1699.800048828125,1709.6500244140625,1678.0,1691.3499755859375,1069334.0
2021-11-15,1693.550048828125,1721.949951171875,1652.5999755859375,1712.800048828125,1280389.0
2021-11-16,1708.0999755859375,1709.0,1656.3499755859375,1662.0999755859375,1062269.0
2021-11-17,1660.0,1664.949951171875,1625.0,1639.199951171875,898434.0
2021-11-18,1645.75,1648.1500244140625,1593.800048828125,1603.0,700570.0
2021-11-22,1603.0,1603.0,1539.0,1545.449951171875,1087201.0
2021-11-23,1537.0,1553.9000244140625,1520.0,1528.300048828125,1119856.0
2021-11-24,1528.300048828125,1533.0999755859375,1485.0,1496.0,785928.0
2021-11-25,1499.9000244140625,1509.699951171875,1477.0,1481.6500244140625,651893.0
2021-11-26,1480.9000244140625,1484.199951171875,1437.0,1440.6500244140625,923373.0
2021-11-29,1427.3499755859375,1465.0,1390.0,1427.0999755859375,1043536.0
2021-11-30,1444.800048828125,1459.0,1417.25,1426.199951171875,1529711.0
2021-12-01,1449.25,1477.949951171875,1439.0,1460.5999755859375,1192258.0
2021-12-02,1462.800048828125,1497.8499755859375,1455.5999755859375,1494.300048828125,1312710.0
2021-12-03,1496.0999755859375,1508.0,1480.0,1482.550048828125,400192.0
2021-12-06,1487.0,1494.300048828125,1464.050048828125,1466.800048828125,329405.0
2021-12-07,1471.0,1503.0,1461.300048828125,1495.4000244140625,532643.0
2021-12-08,1502.0,1514.949951171875,1492.5999755859375,1501.0,412636.0
2021-12-09,1475.0999755859375,1515.9000244140625,1475.0999755859375,1509.5,589665.0
2021-12-10,1508.0,1516.0,1489.1500244140625,1491.949951171875,248646.0
2021-12-13,1503.9000244140625,1503.949951171875,1479.050048828125,1490.699951171875,442103.0
2021-12-14,1490.0,1501.699951171875,1453.550048828125,1495.75,793589.0
2021-12-15,1487.0,1490.0,1460.0,1463.800048828125,371816.0
2021-12-16,1471.0,1479.800048828125,1446.449951171875,1464.4000244140625,547166.0
2021-12-17,1460.199951171875,1467.949951171875,1438.5999755859375,1453.949951171875,665400.0
2021-12-20,1444.0,1447.0,1381.0,1407.25,876924.0
2021-12-21,1413.0,1434.0,1394.699951171875,1405.300048828125,467167.0
2021-12-22,1409.800048828125,1453.5,1408.0999755859375,1445.25,418159.0
2021-12-23,1459.449951171875,1500.0,1453.1500244140625,1494.199951171875,1390890.0
2021-12-24,1492.0,1498.199951171875,1468.0,1472.8499755859375,462795.0
2021-12-27,1460.5999755859375,1494.0,1460.5999755859375,1487.25,308466.0
2021-12-28,1497.0,1506.199951171875,1477.9000244140625,1492.199951171875,387188.0
2021-12-29,1500.5999755859375,1511.949951171875,1488.0999755859375,1493.300048828125,314293.0
2021-12-30,1493.050048828125,1502.9000244140625,1473.800048828125,1479.5,360968.0
2021-12-31,1474.0,1501.9000244140625,1474.0,1495.6500244140625,319179.0
2022-01-03,1499.0,1547.300048828125,1489.1500244140625,1540.4000244140625,997714.0
2022-01-04,1540.4000244140625,1549.8499755859375,1524.0,1533.25,303354.0
2022-01-05,1535.0,1559.949951171875,1529.199951171875,1533.449951171875,535612.0
2022-01-06,1529.199951171875,1536.6500244140625,1514.949951171875,1533.300048828125,350756.0
2022-01-07,1534.0,1545.0,1512.0,1525.8499755859375,259201.0
2022-01-10,1526.0999755859375,1550.0,1526.0999755859375,1539.4000244140625,516543.0
2022-01-11,1545.0,1545.050048828125,1521.25,1525.300048828125,383727.0
2022-01-12,1531.25,1538.0,1508.5999755859375,1518.449951171875,707506.0
2022-01-13,1526.4000244140625,1526.4000244140625,1488.0,1498.050048828125,721974.0
2022-01-14,1498.0,1502.449951171875,1477.0999755859375,1484.8499755859375,648098.0
2022-01-17,1483.0,1500.0,1480.0,1496.25,242945.0
2022-01-18,1503.9000244140625,1518.9000244140625,1455.550048828125,1463.25,619696.0
2022-01-19,1471.0,1480.0,1447.0,1475.0999755859375,438787.0
2022-01-20,1482.9000244140625,1488.699951171875,1462.0,1473.5,421387.0
2022-01-21,1470.0,1470.0,1420.0,1432.75,1031971.0
2022-01-24,1437.0,1455.9000244140625,1405.0,1441.9000244140625,1075305.0
2022-01-25,1443.199951171875,1490.050048828125,1418.0,1462.3499755859375,986255.0
2022-01-27,1460.0,1460.0,1405.0,1435.550048828125,635964.0
2022-01-28,1440.5,1486.0,1430.550048828125,1438.4000244140625,692577.0
2022-01-31,1450.6500244140625,1468.050048828125,1446.0,1457.5999755859375,426747.0
2022-02-01,1463.0999755859375,1492.3499755859375,1445.0999755859375,1467.0999755859375,634634.0
2022-02-02,1465.0,1501.5999755859375,1463.0,1469.9000244140625,944374.0
2022-02-03,1475.0,1475.0,1416.0,1422.1500244140625,1160781.0
2022-02-04,1433.800048828125,1439.0,1409.550048828125,1420.550048828125,650058.0
2022-02-07,1420.550048828125,1429.1500244140625,1396.25,1422.9000244140625,711152.0
2022-02-08,1425.0,1448.0,1410.5,1439.949951171875,481143.0
2022-02-09,1448.0,1460.0,1446.300048828125,1456.3499755859375,258503.0
2022-02-10,1459.300048828125,1470.0,1440.050048828125,1465.5,314990.0
2022-02-11,1465.4000244140625,1465.4000244140625,1415.0,1424.1500244140625,526337.0
2022-02-14,1360.0,1393.949951171875,1350.0,1355.199951171875,2111735.0
2022-02-15,1375.0,1375.0,1303.0,1354.0,2079343.0
2022-02-16,1370.0,1405.0,1338.0999755859375,1356.0,1449590.0
2022-02-17,1360.0,1361.9000244140625,1306.0,1309.9000244140625,1877489.0
2022-02-18,1303.0,1338.050048828125,1294.050048828125,1324.050048828125,1318749.0
2022-02-21,1318.0,1347.949951171875,1308.5,1321.8499755859375,948243.0
2022-02-22,1304.0,1353.0,1299.75,1348.5,1193620.0
2022-02-23,1354.0,1366.4000244140625,1335.0,1344.0,646286.0
2022-02-24,1325.0,1346.0,1291.1500244140625,1315.050048828125,1566179.0
2022-02-25,1330.0,1354.0,1328.550048828125,1346.949951171875,1093505.0
2022-02-28,1347.0,1380.0,1329.3499755859375,1358.75,1072920.0
2022-03-02,1355.0,1394.5999755859375,1348.4000244140625,1386.300048828125,1207059.0
2022-03-03,1404.0,1444.5,1401.0999755859375,1423.75,1474839.0
2022-03-04,1419.699951171875,1419.699951171875,1370.9000244140625,1376.1500244140625,1042120.0
2022-03-07,1377.0,1378.949951171875,1343.050048828125,1350.300048828125,731166.0
2022-03-08,1353.8499755859375,1378.0,1338.9000244140625,1371.550048828125,758890.0
2022-03-09,1383.8499755859375,1440.0,1383.8499755859375,1425.5,931359.0
2022-03-10,1448.0,1448.0,1381.3499755859375,1390.800048828125,746154.0
2022-03-11,1381.0999755859375,1401.3499755859375,1373.300048828125,1382.0,724301.0
2022-03-14,1388.0,1389.050048828125,1339.0,1355.949951171875,1092885.0
2022-03-15,1360.0,1378.3499755859375,1328.550048828125,1333.3499755859375,644839.0
2022-03-16,1347.0,1356.9000244140625,1327.050048828125,1331.050048828125,790866.0
2022-03-17,1355.0,1355.0,1332.1500244140625,1337.050048828125,1016870.0
2022-03-21,1348.0,1361.6500244140625,1332.0,1354.550048828125,756656.0
2022-03-22,1350.0,1375.0,1340.0999755859375,1369.0,476254.0
2022-03-23,1375.0,1378.550048828125,1332.199951171875,1336.5,563501.0
2022-03-24,1337.300048828125,1354.9000244140625,1328.3499755859375,1350.800048828125,382004.0
2022-03-25,1362.0,1362.0,1277.0,1307.6500244140625,3702963.0
2022-03-28,1318.5,1318.5,1283.0999755859375,1291.699951171875,685171.0
2022-03-29,1303.0,1314.949951171875,1286.5,1293.199951171875,993257.0
2022-03-30,1305.0,1319.0,1291.449951171875,1315.199951171875,527708.0
2022-03-31,1320.0,1338.449951171875,1307.3499755859375,1330.949951171875,632616.0
2022-04-01,1335.0,1359.0,1331.1500244140625,1354.75,443146.0
2022-04-04,1358.0,1367.0,1346.0,1362.300048828125,431309.0
2022-04-05,1356.0,1374.0,1354.300048828125,1365.949951171875,524664.0
2022-04-06,1360.0,1382.0,1356.75,1365.5999755859375,336265.0
2022-04-07,1363.9000244140625,1381.0,1355.0,1358.25,412378.0
2022-04-08,1370.0,1384.0,1360.6500244140625,1374.949951171875,311760.0
2022-04-11,1370.0,1381.0,1360.0,1371.3499755859375,899835.0
2022-04-12,1361.25,1377.5999755859375,1333.0,1347.5999755859375,621814.0
2022-04-13,1350.6500244140625,1356.800048828125,1333.1500244140625,1336.800048828125,433733.0
2022-04-18,1336.0,1336.0,1295.4000244140625,1319.1500244140625,480858.0
2022-04-19,1325.0,1345.0,1290.0,1303.5,422307.0
2022-04-20,1317.9000244140625,1320.3499755859375,1300.550048828125,1316.1500244140625,420571.0
2022-04-21,1322.0,1346.0,1317.0,1333.4000244140625,534098.0
2022-04-22,1332.0,1339.0999755859375,1309.6500244140625,1312.25,300769.0
2022-04-25,1290.0,1298.0,1253.0,1277.050048828125,738680.0
2022-04-26,1290.0,1304.6500244140625,1280.0,1298.949951171875,244672.0
2022-04-27,1286.0,1301.9000244140625,1247.0,1252.300048828125,958269.0
2022-04-28,1265.0,1280.0,1250.0,1276.5999755859375,718172.0
2022-04-29,1281.0,1295.1500244140625,1260.0,1262.949951171875,566623.0
2022-05-02,1252.0,1276.699951171875,1248.550048828125,1273.6500244140625,272103.0
2022-05-04,1278.0,1291.949951171875,1245.0,1252.8499755859375,522475.0
2022-05-05,1270.0,1272.1500244140625,1210.0,1213.25,826801.0
2022-05-06,1181.1500244140625,1226.0,1181.1500244140625,1210.8499755859375,487348.0
2022-05-09,1200.0,1213.0999755859375,1173.0,1201.6500244140625,386348.0
2022-05-10,1205.0,1218.8499755859375,1165.0,1171.6500244140625,615861.0
2022-05-11,1175.199951171875,1181.75,1128.5999755859375,1154.4000244140625,555878.0
2022-05-12,1148.0,1151.8499755859375,1102.0,1110.9000244140625,752431.0
2022-05-13,1130.0,1142.199951171875,1110.0,1119.4000244140625,388637.0
2022-05-16,1115.0,1148.6500244140625,1110.0,1138.800048828125,290018.0
2022-05-17,1146.0,1191.5,1137.9000244140625,1189.199951171875,447290.0
2022-05-18,1201.0,1209.5,1172.4000244140625,1186.550048828125,511218.0
2022-05-19,1140.0,1174.9000244140625,1140.0,1160.5999755859375,976165.0
2022-05-20,1172.0,1175.0,1151.0,1159.8499755859375,776963.0
2022-05-23,1173.449951171875,1173.449951171875,1151.8499755859375,1161.5,422406.0
2022-05-24,1161.5,1165.5,1130.050048828125,1144.25,724620.0
2022-05-25,1147.449951171875,1153.199951171875,1117.699951171875,1122.949951171875,426936.0
2022-05-26,1115.5999755859375,1148.0,1110.0,1137.25,517117.0
2022-05-27,1099.949951171875,1109.0,1026.699951171875,1096.1500244140625,4014975.0
2022-05-30,1100.0,1125.0,1100.0,1120.050048828125,722748.0
2022-05-31,1125.6500244140625,1151.4000244140625,1116.199951171875,1143.0999755859375,673088.0
2022-06-01,1145.0,1151.0,1105.550048828125,1111.949951171875,499614.0
2022-06-02,1110.0,1130.0,1103.9000244140625,1121.6500244140625,712335.0
2022-06-03,1125.0,1137.6500244140625,1101.4000244140625,1105.75,826888.0
2022-06-06,1105.0,1105.0,1067.699951171875,1078.699951171875,776565.0
2022-06-07,1070.0,1078.6500244140625,1057.199951171875,1066.300048828125,475859.0
2022-06-08,1065.0,1079.0,1055.5999755859375,1074.4000244140625,834757.0
2022-06-09,1071.0,1081.0999755859375,1065.050048828125,1073.3499755859375,261947.0
2022-06-10,1068.3499755859375,1071.0,1055.050048828125,1062.3499755859375,762658.0
2022-06-13,1025.0,1055.0,1023.0,1039.800048828125,535385.0
2022-06-14,1039.800048828125,1050.5,1025.1500244140625,1029.4000244140625,359691.0
2022-06-15,1037.0,1055.300048828125,1029.9000244140625,1042.5,1294274.0
2022-06-16,1054.0,1054.0,1028.8499755859375,1034.699951171875,510251.0
2022-06-17,1020.5999755859375,1027.5,987.9500122070312,999.7999877929688,1468939.0
2022-06-20,999.9000244140625,1022.0,987.0,993.5999755859375,535579.0
2022-06-21,1006.7999877929688,1025.550048828125,998.1500244140625,1022.5,226063.0
2022-06-22,1022.0,1022.0,987.0,989.1500244140625,350809.0
2022-06-23,990.0,1001.0499877929688,980.0,984.6500244140625,1011251.0
2022-06-24,999.7999877929688,1003.0,980.0,985.2999877929688,944827.0
2022-06-27,1000.9500122070312,1004.9500122070312,988.0,1001.2999877929688,897071.0
2022-06-28,995.0,1001.3499755859375,976.25,993.2999877929688,942348.0
2022-06-29,984.9500122070312,990.0,960.4000244140625,970.5999755859375,944102.0
2022-06-30,971.0,979.0,964.0,976.2999877929688,636183.0
2022-07-01,980.0,1048.300048828125,977.0999755859375,1042.6500244140625,1982052.0
2022-07-04,1041.9000244140625,1091.5999755859375,1039.5,1062.6500244140625,1515688.0
2022-07-05,1072.0,1076.8499755859375,1055.5,1059.050048828125,516807.0
2022-07-06,1054.0,1058.0999755859375,1040.6500244140625,1055.3499755859375,1506421.0
2022-07-07,1056.800048828125,1066.0,1037.25,1046.949951171875,573482.0
2022-07-08,1055.0,1056.25,1026.0,1035.5999755859375,707729.0
2022-07-11,1037.0,1046.0999755859375,1022.0499877929688,1026.949951171875,461790.0
2022-07-12,1028.0,1028.699951171875,1008.4500122070312,1015.25,699305.0
2022-07-13,1015.25,1022.0,1000.25,1002.1500244140625,613175.0
2022-07-14,1002.2000122070312,1008.2000122070312,987.0,993.0,980530.0
2022-07-15,993.0,1020.9000244140625,991.0,1017.9500122070312,748231.0
2022-07-18,1031.6500244140625,1059.4000244140625,1022.6500244140625,1056.800048828125,655055.0
2022-07-19,1055.0,1055.0,1029.0,1036.949951171875,540444.0
2022-07-20,1045.0,1046.800048828125,1022.0,1025.300048828125,534042.0
2022-07-21,1027.0,1049.699951171875,1023.4500122070312,1045.300048828125,504421.0
2022-07-22,1046.800048828125,1053.8499755859375,1034.550048828125,1038.3499755859375,372762.0
2022-07-25,1044.6500244140625,1054.800048828125,1035.949951171875,1052.050048828125,370281.0
2022-07-26,1052.0,1054.0,1024.0,1026.699951171875,617578.0
2022-07-27,1030.0,1031.449951171875,1012.0999755859375,1020.9000244140625,905272.0
2022-07-28,1030.0,1078.6500244140625,1024.050048828125,1063.9000244140625,1153269.0
2022-07-29,1077.0,1091.300048828125,1059.5,1065.6500244140625,720937.0
2022-08-01,1080.0,1135.0,1067.0,1113.449951171875,1900084.0
2022-08-02,1116.0,1121.550048828125,1096.0,1112.9000244140625,607174.0
2022-08-03,1105.0999755859375,1115.0,1092.050048828125,1107.1500244140625,620126.0
2022-08-04,1115.0,1122.5999755859375,1093.300048828125,1101.300048828125,657867.0
2022-08-05,1105.5,1152.0,1105.050048828125,1144.4000244140625,1800984.0
2022-08-08,1145.0,1148.699951171875,1115.25,1122.9000244140625,546089.0
2022-08-10,1133.949951171875,1133.949951171875,1112.1500244140625,1127.25,503935.0
2022-08-11,1140.0,1179.0,1128.25,1172.3499755859375,1254427.0
2022-08-12,1172.8499755859375,1213.949951171875,1163.3499755859375,1187.4000244140625,1570362.0
2022-08-16,1093.0,1093.0,1009.2999877929688,1040.0999755859375,9964906.0
2022-08-17,1050.550048828125,1083.9000244140625,1044.0,1067.75,4066934.0
2022-08-18,1069.0,1076.8499755859375,1052.0,1060.5,1578967.0
2022-08-19,1061.0,1071.6500244140625,1040.449951171875,1044.050048828125,1330191.0
2022-08-22,1035.0,1043.5999755859375,1013.9500122070312,1029.4000244140625,1037069.0
2022-08-23,1028.9000244140625,1060.0,1015.3499755859375,1035.800048828125,1059330.0
2022-08-24,1038.050048828125,1044.0,1028.0,1031.699951171875,571065.0
2022-08-25,1043.6500244140625,1058.449951171875,1037.300048828125,1051.5,1036728.0
2022-08-26,1049.0,1059.9000244140625,1035.75,1047.449951171875,505532.0
2022-08-29,1015.0,1040.800048828125,1012.0999755859375,1037.800048828125,608206.0
2022-08-30,1045.0,1059.0,1044.0,1055.0999755859375,596668.0
2022-09-01,1037.0,1067.0999755859375,1035.800048828125,1044.75,860418.0
2022-09-02,1046.0,1062.1500244140625,1028.0,1030.0,953335.0
2022-09-05,1039.199951171875,1044.800048828125,1028.5,1030.5999755859375,469263.0
2022-09-06,1034.5999755859375,1041.0,1027.9000244140625,1030.5999755859375,645805.0
2022-09-07,1031.9000244140625,1040.300048828125,1024.1500244140625,1035.9000244140625,510482.0
2022-09-08,1045.0,1048.8499755859375,1039.0,1040.3499755859375,438353.0
2022-09-09,1045.5999755859375,1051.0,1041.0,1045.3499755859375,417043.0
2022-09-12,1045.300048828125,1059.5,1042.949951171875,1046.1500244140625,399366.0
2022-09-13,1052.0,1054.9000244140625,1044.5,1050.199951171875,311227.0
2022-09-14,1035.0,1052.3499755859375,1030.699951171875,1041.5999755859375,602674.0
2022-09-15,1046.8499755859375,1067.0,1040.300048828125,1059.550048828125,1486124.0
2022-09-16,1057.25,1057.25,1029.5999755859375,1033.4000244140625,1543902.0
2022-09-19,1033.199951171875,1042.5,1020.5999755859375,1028.0999755859375,528575.0
2022-09-20,1033.25,1049.75,1023.0499877929688,1033.949951171875,1822845.0
2022-09-21,1034.0,1056.0,1031.0,1036.4000244140625,580021.0
2022-09-22,1036.4000244140625,1038.4000244140625,1006.7999877929688,1014.2999877929688,1009721.0
2022-09-23,1019.4000244140625,1019.4000244140625,998.0,1002.5,642287.0
2022-09-26,994.9500122070312,994.9500122070312,950.2000122070312,956.2000122070312,1113761.0
2022-09-27,961.0999755859375,1034.0,961.0999755859375,1012.0499877929688,2355830.0
2022-09-28,1000.0,1054.0,997.7999877929688,1048.6500244140625,2459849.0
2022-09-29,1048.6500244140625,1058.0,1020.2999877929688,1033.3499755859375,1382613.0
2022-09-30,1033.3499755859375,1048.8499755859375,1020.0,1040.050048828125,512916.0
2022-10-03,1031.0,1043.449951171875,1019.7999877929688,1029.5999755859375,654575.0
2022-10-04,1045.5999755859375,1053.0,1031.75,1040.050048828125,777162.0
2022-10-06,1045.300048828125,1074.4000244140625,1039.949951171875,1043.949951171875,959379.0
2022-10-07,1047.949951171875,1060.0,1037.199951171875,1058.4000244140625,387703.0
2022-10-10,1050.0,1057.0,1021.3499755859375,1052.5,589159.0
2022-10-11,1051.0,1052.3499755859375,1025.199951171875,1027.300048828125,608515.0
2022-10-12,1030.0,1036.25,1014.5,1028.75,384979.0
2022-10-13,1029.5,1030.050048828125,1016.0,1020.2000122070312,593384.0
2022-10-14,1030.0,1041.0,1011.0,1015.0999755859375,770121.0
2022-10-17,1015.9500122070312,1028.949951171875,1007.4500122070312,1022.0499877929688,462639.0
2022-10-18,1024.0,1043.5999755859375,1023.5499877929688,1040.8499755859375,568881.0
2022-10-19,1041.0,1054.4000244140625,1036.300048828125,1049.8499755859375,716350.0
2022-10-20,1046.0999755859375,1069.0999755859375,1036.25,1048.0,715586.0
2022-10-21,1053.25,1053.25,1029.0,1033.0,674733.0
2022-10-24,1039.0,1042.1500244140625,1031.199951171875,1035.3499755859375,64685.0
2022-10-25,1032.300048828125,1060.0,1031.6500244140625,1052.050048828125,517421.0
2022-10-27,1031.550048828125,1064.0,1030.0999755859375,1041.800048828125,612241.0
2022-10-28,1047.050048828125,1058.25,1037.5,1047.5999755859375,345063.0
2022-10-31,1047.5999755859375,1051.949951171875,1034.25,1043.449951171875,562845.0
2022-11-01,1047.6500244140625,1079.0,1042.0999755859375,1067.800048828125,878870.0
2022-11-02,1070.0,1082.550048828125,1051.0,1060.550048828125,688331.0
2022-11-03,1054.0,1067.8499755859375,1047.25,1058.25,331972.0
2022-11-04,1055.0,1083.0,1052.6500244140625,1076.050048828125,1047381.0
2022-11-07,1083.0,1124.0,1080.0,1113.25,1215596.0
2022-11-09,1130.0,1141.0,1109.050048828125,1118.0,1338477.0
2022-11-10,1114.9000244140625,1133.9000244140625,1098.75,1105.449951171875,833908.0
2022-11-11,1100.0,1108.949951171875,1036.550048828125,1073.949951171875,3518577.0
2022-11-14,1076.0,1102.0,1074.550048828125,1087.300048828125,761518.0
2022-11-15,1087.5,1125.949951171875,1077.300048828125,1120.050048828125,1487359.0
2022-11-16,1122.0,1123.5,1076.449951171875,1080.5,992060.0
2022-11-17,1085.5,1093.0,1079.300048828125,1083.25,465811.0
2022-11-18,1084.949951171875,1087.8499755859375,1057.050048828125,1061.449951171875,1154358.0
2022-11-21,1066.800048828125,1067.699951171875,1049.0,1059.300048828125,447040.0
2022-11-22,1057.0,1067.0999755859375,1046.800048828125,1054.1500244140625,540995.0
2022-11-23,1054.0,1065.0,1049.199951171875,1053.449951171875,512617.0
2022-11-24,1059.800048828125,1076.0,1052.1500244140625,1074.050048828125,856457.0
2022-11-25,1070.0,1083.9000244140625,1064.5999755859375,1078.0,342457.0
2022-11-28,1083.4000244140625,1095.0,1075.550048828125,1090.050048828125,438798.0
2022-11-29,1094.0,1099.050048828125,1085.050048828125,1087.050048828125,441905.0
2022-11-30,1092.0,1094.75,1075.0999755859375,1080.75,700056.0
2022-12-01,1093.0,1114.0,1083.1500244140625,1111.3499755859375,571530.0
2022-12-02,1113.300048828125,1138.3499755859375,1105.5999755859375,1135.75,1166964.0
2022-12-05,1137.949951171875,1158.75,1133.050048828125,1142.0999755859375,1396099.0
2022-12-06,1120.0,1140.449951171875,1111.199951171875,1115.8499755859375,495276.0
2022-12-07,1113.0,1121.9000244140625,1100.0,1108.1500244140625,361232.0
2022-12-08,1116.0,1124.75,1106.050048828125,1121.199951171875,324566.0
2022-12-09,1129.6500244140625,1129.6500244140625,1090.0,1103.300048828125,504458.0
2022-12-12,1108.1500244140625,1108.1500244140625,1082.0,1095.300048828125,464126.0
2022-12-13,1096.0999755859375,1111.300048828125,1093.699951171875,1105.3499755859375,274763.0
2022-12-14,1111.0,1124.4000244140625,1106.0,1108.5999755859375,434187.0
2022-12-15,1109.0,1115.0,1095.949951171875,1102.25,245297.0
2022-12-16,1102.300048828125,1103.5999755859375,1068.050048828125,1078.5999755859375,475229.0
2022-12-19,1087.1500244140625,1101.949951171875,1080.5999755859375,1089.6500244140625,356258.0
2022-12-20,1080.4000244140625,1097.5,1072.449951171875,1091.699951171875,304355.0
2022-12-21,1095.0999755859375,1126.0,1084.1500244140625,1089.3499755859375,1194194.0
2022-12-22,1094.0,1103.0,1080.0,1085.6500244140625,503732.0
2022-12-23,1076.949951171875,1080.0,1023.3499755859375,1043.449951171875,682389.0
2022-12-26,1045.949951171875,1071.25,1035.050048828125,1064.5,824043.0
2022-12-27,1064.0999755859375,1076.199951171875,1057.199951171875,1065.9000244140625,416478.0
2022-12-28,1065.8499755859375,1090.0,1064.0,1078.1500244140625,707302.0
2022-12-29,1056.25,1072.75,1040.0,1056.5999755859375,944279.0
2022-12-30,1062.1500244140625,1079.199951171875,1060.0,1063.050048828125,357182.0
2023-01-02,1065.300048828125,1095.0,1062.050048828125,1091.699951171875,290289.0
2023-01-03,1098.199951171875,1102.6500244140625,1083.0999755859375,1087.25,302077.0
2023-01-04,1087.25,1100.800048828125,1077.5,1090.050048828125,454794.0
2023-01-05,1096.5,1096.5,1076.75,1081.75,389887.0
2023-01-06,1084.9000244140625,1087.0,1063.949951171875,1072.25,323351.0
2023-01-09,1074.1500244140625,1086.0999755859375,1073.0,1076.8499755859375,615045.0
2023-01-10,1075.300048828125,1079.800048828125,1066.0,1074.3499755859375,359251.0
2023-01-11,1075.0,1080.0,1063.0,1067.8499755859375,269332.0
2023-01-12,1070.0,1075.9000244140625,1060.550048828125,1063.300048828125,333971.0
2023-01-13,1068.9000244140625,1068.9000244140625,1045.5999755859375,1062.6500244140625,330747.0
2023-01-16,1068.0,1091.449951171875,1053.25,1062.0,818659.0
2023-01-17,1067.3499755859375,1067.3499755859375,1044.550048828125,1054.5,451633.0
2023-01-18,1058.0,1058.0,1044.199951171875,1054.550048828125,217584.0
2023-01-19,1053.949951171875,1056.5999755859375,1045.0,1050.3499755859375,218009.0
2023-01-20,1050.949951171875,1064.8499755859375,1047.050048828125,1052.449951171875,499047.0
2023-01-23,1052.449951171875,1062.949951171875,1052.4000244140625,1059.300048828125,987705.0
2023-01-24,1063.0,1067.3499755859375,1051.0,1058.3499755859375,790201.0
2023-01-25,1056.0,1058.25,1026.5999755859375,1040.050048828125,678345.0
2023-01-27,1043.0,1048.050048828125,1001.0,1010.1500244140625,577350.0
2023-01-30,1014.25,1027.0,1005.9500122070312,1023.2000122070312,352096.0
2023-01-31,1027.0,1048.0,1021.0,1044.0999755859375,362687.0
2023-02-01,1044.5,1057.949951171875,1001.25,1015.5999755859375,616406.0
2023-02-02,1015.0,1028.0,1004.5499877929688,1026.0,397750.0
2023-02-03,1026.0,1036.550048828125,1017.1500244140625,1027.5,255447.0
2023-02-06,1020.0,1042.199951171875,1005.0,1037.449951171875,458605.0
2023-02-07,1000.0,1034.9000244140625,980.0,1010.75,1352704.0
2023-02-08,1016.0999755859375,1019.9500122070312,995.5,1006.3499755859375,555938.0
2023-02-09,1006.0,1024.949951171875,1002.6500244140625,1017.7000122070312,453749.0
2023-02-10,1017.4500122070312,1019.9000244140625,1008.0,1013.9500122070312,279736.0
2023-02-13,1015.2000122070312,1017.9000244140625,1000.0,1001.0499877929688,213751.0
2023-02-14,1002.9000244140625,1005.8499755859375,988.0,1000.4000244140625,218625.0
2023-02-15,1000.4000244140625,1002.0,993.2999877929688,998.9000244140625,233823.0
2023-02-16,1003.9000244140625,1004.6500244140625,987.6500244140625,990.8499755859375,630114.0
2023-02-17,992.0999755859375,992.0999755859375,976.0,981.25,329475.0
2023-02-20,981.9500122070312,992.2999877929688,979.0499877929688,990.0,443250.0
2023-02-21,990.0,995.8499755859375,983.1500244140625,985.7999877929688,283139.0
2023-02-22,985.75,986.7999877929688,966.9500122070312,971.5,385970.0
2023-02-23,973.0,975.1500244140625,954.9500122070312,957.0499877929688,598211.0
2023-02-24,961.7999877929688,974.0,958.25,965.4000244140625,185048.0
2023-02-27,965.2000122070312,967.0,947.4000244140625,958.75,357879.0
2023-02-28,960.9000244140625,977.9000244140625,958.0,972.5999755859375,405030.0
2023-03-01,973.2000122070312,980.9500122070312,959.0,960.4000244140625,521792.0
2023-03-02,963.0,967.2000122070312,952.5,954.7999877929688,243628.0
2023-03-03,955.0,961.8499755859375,945.0,950.2000122070312,417131.0
2023-03-06,955.0,965.0,950.2999877929688,952.9000244140625,321342.0
2023-03-08,940.0999755859375,952.0,935.8499755859375,948.4000244140625,328485.0
2023-03-09,953.1500244140625,965.9000244140625,940.5499877929688,943.8499755859375,387798.0
2023-03-10,940.25,945.4000244140625,929.0,942.75,510858.0
2023-03-13,943.0,945.9000244140625,924.0499877929688,929.0999755859375,615301.0
2023-03-14,930.0,940.8499755859375,921.0,924.1500244140625,275133.0
2023-03-15,926.8499755859375,932.2999877929688,913.1500244140625,915.7999877929688,244153.0
2023-03-16,920.0,936.8499755859375,911.25,930.2999877929688,333014.0
2023-03-17,933.0,937.9000244140625,925.0,928.5999755859375,170110.0
2023-03-20,939.9000244140625,963.0,931.0999755859375,946.0999755859375,1304669.0
2023-03-21,954.9000244140625,976.5,939.0,970.75,954338.0
2023-03-22,970.2999877929688,977.8499755859375,960.2000122070312,971.6500244140625,807815.0
2023-03-23,973.0,989.3499755859375,966.7999877929688,981.8499755859375,529010.0
2023-03-24,979.0,982.7000122070312,960.0,962.3499755859375,517086.0
2023-03-27,958.3499755859375,980.4500122070312,949.0499877929688,966.0,675254.0
2023-03-28,963.0,976.7000122070312,959.8499755859375,966.2999877929688,467411.0
2023-03-29,960.0,976.0,960.0,974.7000122070312,534469.0
2023-03-31,968.2000122070312,984.0999755859375,965.25,979.9500122070312,544235.0
2023-04-03,980.9500122070312,997.7000122070312,976.1500244140625,981.2000122070312,724912.0
2023-04-05,995.0,995.0,979.75,989.75,239828.0
2023-04-06,994.4500122070312,1023.0,978.5,1020.1500244140625,1708935.0
2023-04-10,1025.0,1030.0,1015.0,1027.949951171875,779901.0
2023-04-11,1027.949951171875,1045.0,1025.4000244140625,1027.75,794757.0
2023-04-12,1034.0,1034.0,1018.0,1025.0,624112.0
2023-04-13,1021.0,1034.949951171875,1013.4500122070312,1033.3499755859375,319335.0
2023-04-17,1033.300048828125,1053.699951171875,1027.5,1048.8499755859375,504163.0
2023-04-18,1030.0,1078.300048828125,1024.0999755859375,1050.199951171875,1481851.0
2023-04-19,1052.949951171875,1053.550048828125,1034.550048828125,1042.0999755859375,622638.0
2023-04-20,1040.1500244140625,1042.5999755859375,1022.4000244140625,1039.300048828125,805835.0
2023-04-21,1026.5,1039.300048828125,1020.0,1035.050048828125,535616.0
2023-04-24,1032.550048828125,1033.9000244140625,1011.8499755859375,1019.0999755859375,632920.0
2023-04-25,1025.6500244140625,1033.199951171875,1014.0,1016.4500122070312,472116.0
2023-04-26,1018.0,1025.0,1011.0,1016.9000244140625,750019.0
2023-04-27,1016.9000244140625,1020.2999877929688,1003.25,1012.0999755859375,789892.0
2023-04-28,1012.9500122070312,1023.5,1012.9500122070312,1020.7000122070312,837376.0
2023-05-02,1023.0499877929688,1031.1500244140625,1013.4000244140625,1027.4000244140625,1125815.0
2023-05-03,1025.550048828125,1026.3499755859375,1012.0,1019.0999755859375,391273.0
2023-05-04,1022.5,1055.949951171875,1016.7000122070312,1047.300048828125,2802742.0
2023-05-05,1047.800048828125,1069.0,1043.5999755859375,1057.5999755859375,985962.0
2023-05-08,1057.949951171875,1071.300048828125,1055.0,1067.75,265587.0
2023-05-09,1070.0,1080.0,1058.75,1064.050048828125,259334.0
2023-05-10,1064.050048828125,1073.550048828125,1062.3499755859375,1068.199951171875,291870.0
2023-05-11,1066.5,1074.0,1061.550048828125,1068.5,168080.0
2023-05-12,1068.0,1079.199951171875,1057.0999755859375,1059.699951171875,570353.0
2023-05-15,1059.9000244140625,1086.75,1057.300048828125,1068.6500244140625,458583.0
2023-05-16,1070.0,1079.550048828125,1060.550048828125,1062.949951171875,394472.0
2023-05-17,1060.550048828125,1068.4000244140625,1046.4000244140625,1057.1500244140625,211526.0
2023-05-18,1060.0,1062.0,1048.699951171875,1050.4000244140625,170430.0
2023-05-19,1055.9000244140625,1057.0,1022.5,1034.9000244140625,712408.0
2023-05-22,1046.0,1134.0,1046.0,1124.199951171875,4328646.0
2023-05-23,1122.0,1143.699951171875,1118.949951171875,1128.199951171875,1137780.0
2023-05-24,1124.5,1128.199951171875,1093.3499755859375,1103.6500244140625,1205166.0
2023-05-25,1103.6500244140625,1117.9000244140625,1091.3499755859375,1111.0,484566.0
2023-05-26,1111.75,1113.699951171875,1093.5999755859375,1108.5,375498.0
2023-05-29,1118.0,1129.9000244140625,1108.5,1115.949951171875,286216.0
2023-05-30,1115.8499755859375,1119.25,1104.0,1116.4000244140625,216424.0
2023-05-31,1116.0,1126.199951171875,1110.3499755859375,1115.5,526630.0
2023-06-01,1120.0,1131.1500244140625,1112.5,1126.050048828125,229233.0
2023-06-02,1130.0,1133.6500244140625,1117.0,1123.5999755859375,209361.0
2023-06-05,1126.0,1129.5,1115.1500244140625,1126.9000244140625,241937.0
2023-06-06,1126.699951171875,1130.0,1119.5,1126.6500244140625,213921.0
2023-06-07,1133.9000244140625,1133.9000244140625,1121.449951171875,1127.6500244140625,155109.0
2023-06-08,1131.0999755859375,1133.0999755859375,1115.0,1125.0999755859375,264080.0
2023-06-09,1128.0,1131.0,1109.0,1116.800048828125,314658.0
2023-06-12,1112.0,1141.9000244140625,1112.0,1133.0999755859375,394676.0
2023-06-13,1137.0,1159.949951171875,1135.5999755859375,1156.4000244140625,806743.0
2023-06-14,1157.9000244140625,1158.6500244140625,1140.5,1153.8499755859375,390757.0
2023-06-15,1157.0,1169.1500244140625,1140.949951171875,1155.8499755859375,580174.0
2023-06-16,1157.8499755859375,1179.0,1145.0,1167.8499755859375,507665.0
2023-06-19,1169.0,1187.0,1166.5,1180.5,380216.0
2023-06-20,1182.0,1194.0,1176.0,1191.25,329604.0
2023-06-21,1191.5,1239.5999755859375,1186.0999755859375,1231.0999755859375,1586212.0
2023-06-22,1235.699951171875,1238.449951171875,1202.5999755859375,1209.9000244140625,395547.0
2023-06-23,1214.9000244140625,1227.0,1195.050048828125,1221.8499755859375,468789.0
2023-06-26,1220.699951171875,1240.0,1200.0,1237.75,455204.0
2023-06-27,1241.949951171875,1242.75,1223.5,1238.0999755859375,319748.0
2023-06-28,1240.0,1251.8499755859375,1232.300048828125,1247.5,603336.0
2023-06-30,1249.3499755859375,1254.449951171875,1234.0,1239.6500244140625,448143.0
2023-07-03,1242.75,1258.8499755859375,1237.3499755859375,1248.199951171875,477399.0
2023-07-04,1252.0,1258.0,1238.050048828125,1242.1500244140625,414003.0
2023-07-05,1242.1500244140625,1266.0,1240.0,1260.0999755859375,379938.0
2023-07-06,1260.0,1265.5,1249.0,1260.4000244140625,193314.0
2023-07-07,1254.949951171875,1275.4000244140625,1246.8499755859375,1268.25,395194.0
2023-07-10,1268.3499755859375,1269.0,1250.0,1255.3499755859375,231682.0
2023-07-11,1257.9000244140625,1279.5,1257.9000244140625,1270.8499755859375,351730.0
2023-07-12,1273.550048828125,1290.75,1261.199951171875,1285.6500244140625,333713.0
2023-07-13,1285.6500244140625,1297.0,1270.050048828125,1277.8499755859375,406556.0
2023-07-14,1297.0,1309.8499755859375,1289.449951171875,1307.75,428466.0
2023-07-17,1293.0999755859375,1313.8499755859375,1292.300048828125,1310.699951171875,268061.0
2023-07-18,1306.699951171875,1313.0,1282.0,1289.699951171875,419548.0
2023-07-19,1299.0,1307.949951171875,1289.0,1292.75,224641.0
2023-07-20,1298.9000244140625,1304.25,1288.5999755859375,1294.5,172042.0
2023-07-21,1298.0,1301.199951171875,1282.3499755859375,1286.75,177560.0
2023-07-24,1280.5,1300.5,1272.0,1296.75,280464.0
2023-07-25,1303.0,1318.8499755859375,1286.5999755859375,1312.300048828125,404639.0
2023-07-26,1314.949951171875,1318.4000244140625,1303.449951171875,1309.5999755859375,1014053.0
2023-07-27,1309.4000244140625,1343.4000244140625,1305.25,1331.9000244140625,870523.0
2023-07-28,1331.800048828125,1338.550048828125,1321.6500244140625,1330.050048828125,737177.0
2023-07-31,1331.0,1358.0,1321.9000244140625,1350.4000244140625,444481.0
2023-08-01,1359.199951171875,1362.75,1331.0,1347.0999755859375,276666.0
2023-08-02,1347.0999755859375,1353.699951171875,1335.3499755859375,1349.9000244140625,258797.0
2023-08-03,1342.300048828125,1359.9000244140625,1329.800048828125,1334.949951171875,440588.0
2023-08-04,1352.8499755859375,1352.8499755859375,1334.300048828125,1349.0999755859375,321524.0
2023-08-07,1349.550048828125,1365.0,1341.3499755859375,1362.050048828125,168695.0
2023-08-08,1361.050048828125,1371.75,1352.199951171875,1365.0999755859375,494281.0
2023-08-09,1370.0,1370.0,1346.050048828125,1362.5999755859375,229326.0
2023-08-10,1363.0,1370.550048828125,1354.3499755859375,1364.8499755859375,498500.0
2023-08-11,1367.199951171875,1379.949951171875,1346.050048828125,1350.050048828125,264842.0
2023-08-14,1320.449951171875,1320.449951171875,1236.550048828125,1282.199951171875,2519880.0
2023-08-16,1268.8499755859375,1268.8499755859375,1250.0999755859375,1256.1500244140625,449616.0
2023-08-17,1259.0,1265.550048828125,1250.5999755859375,1254.6500244140625,596797.0
2023-08-18,1254.4000244140625,1256.949951171875,1234.050048828125,1241.5999755859375,517938.0
2023-08-21,1229.6500244140625,1266.050048828125,1225.0,1261.75,312173.0
2023-08-22,1263.699951171875,1268.75,1251.0,1255.699951171875,485986.0
2023-08-23,1256.0,1268.0,1250.0,1264.800048828125,320535.0
2023-08-24,1268.0,1273.5,1252.5,1265.449951171875,407688.0
2023-08-25,1259.949951171875,1271.0,1250.050048828125,1259.449951171875,861055.0
2023-08-28,1258.6500244140625,1292.449951171875,1255.0,1288.0,894466.0
2023-08-29,1289.8499755859375,1310.0,1285.0,1298.949951171875,786931.0
2023-08-30,1300.9000244140625,1305.0,1280.0,1287.6500244140625,323044.0
2023-08-31,1294.4000244140625,1295.550048828125,1258.0,1260.3499755859375,1002973.0
2023-09-01,1260.949951171875,1271.0999755859375,1254.4000244140625,1261.25,484593.0
2023-09-04,1262.9000244140625,1283.0,1262.050048828125,1278.050048828125,323525.0
2023-09-05,1285.0,1296.5,1278.0,1283.0,828164.0
2023-09-06,1280.0,1292.800048828125,1268.4000244140625,1277.5,173969.0
2023-09-07,1286.0,1304.550048828125,1270.25,1276.8499755859375,345340.0
2023-09-08,1276.8499755859375,1291.1500244140625,1276.8499755859375,1284.199951171875,163796.0
2023-09-11,1284.949951171875,1300.0,1282.199951171875,1296.550048828125,172215.0
2023-09-12,1298.050048828125,1310.0,1263.75,1271.5999755859375,327724.0
2023-09-13,1269.0,1285.699951171875,1260.0999755859375,1281.1500244140625,162656.0
2023-09-14,1280.0999755859375,1300.0,1278.6500244140625,1290.5,154086.0
2023-09-15,1293.75,1336.0,1288.050048828125,1325.550048828125,538984.0
2023-09-18,1328.949951171875,1339.0,1314.6500244140625,1331.0,545406.0
2023-09-20,1329.0,1329.8499755859375,1293.1500244140625,1300.050048828125,196736.0
2023-09-21,1300.0,1302.699951171875,1274.8499755859375,1278.5,154384.0
2023-09-22,1278.449951171875,1288.0,1263.9000244140625,1270.199951171875,105170.0
2023-09-25,1270.1500244140625,1272.5999755859375,1254.800048828125,1261.25,171606.0
2023-09-26,1257.0999755859375,1265.4000244140625,1232.0999755859375,1236.800048828125,493170.0
2023-09-27,1242.0,1264.949951171875,1227.0,1259.449951171875,495402.0
2023-09-28,1264.949951171875,1264.949951171875,1206.3499755859375,1214.75,778316.0
2023-09-29,1214.75,1257.75,1214.75,1252.0,336534.0
2023-10-03,1252.0,1254.949951171875,1232.050048828125,1235.1500244140625,318752.0
2023-10-04,1235.1500244140625,1235.1500244140625,1210.0999755859375,1215.8499755859375,260664.0
2023-10-05,1222.1500244140625,1230.9000244140625,1190.0,1198.8499755859375,779667.0
2023-10-06,1208.0,1211.949951171875,1188.6500244140625,1203.0999755859375,1348815.0
2023-10-09,1199.949951171875,1201.4000244140625,1182.3499755859375,1190.0999755859375,660947.0
2023-10-10,1200.0,1230.0,1192.0,1218.050048828125,1011311.0
2023-10-11,1229.0,1246.3499755859375,1225.1500244140625,1236.1500244140625,720110.0
2023-10-12,1236.1500244140625,1248.949951171875,1232.9000244140625,1236.449951171875,179195.0
2023-10-13,1225.0,1240.3499755859375,1225.0,1233.5999755859375,124617.0
2023-10-16,1235.0,1250.800048828125,1228.8499755859375,1245.050048828125,337108.0
2023-10-17,1254.0,1254.0,1239.050048828125,1251.699951171875,166661.0
2023-10-18,1247.199951171875,1256.800048828125,1242.0999755859375,1250.75,199928.0
2023-10-19,1246.0,1255.0,1238.0,1251.449951171875,226176.0
2023-10-20,1251.449951171875,1288.5,1251.449951171875,1271.5999755859375,842129.0
2023-10-23,1272.0,1308.3499755859375,1272.0,1280.300048828125,1117037.0
2023-10-25,1280.0,1306.550048828125,1266.25,1280.6500244140625,460800.0
2023-10-26,1280.6500244140625,1280.6500244140625,1249.1500244140625,1262.9000244140625,1224518.0
2023-10-27,1266.0,1298.0,1263.4000244140625,1290.6500244140625,303443.0
2023-10-30,1298.050048828125,1333.949951171875,1284.300048828125,1326.949951171875,544198.0
2023-10-31,1337.0,1339.3499755859375,1285.5,1298.699951171875,660662.0
2023-11-01,1305.5,1305.5,1287.3499755859375,1300.5999755859375,196065.0
2023-11-02,1304.5,1321.949951171875,1300.6500244140625,1312.8499755859375,204314.0
2023-11-03,1316.1500244140625,1331.0,1314.9000244140625,1326.199951171875,200014.0
2023-11-06,1327.5999755859375,1344.5,1325.8499755859375,1331.9000244140625,197328.0
2023-11-07,1338.6500244140625,1345.0,1318.0,1336.3499755859375,298547.0
2023-11-08,1337.800048828125,1342.199951171875,1316.25,1323.050048828125,175059.0
2023-11-09,1323.0,1337.699951171875,1305.75,1313.25,284805.0
2023-11-10,1240.0,1278.0,1216.0,1273.25,2873040.0
2023-11-13,1278.0,1292.949951171875,1266.050048828125,1290.4000244140625,414961.0
2023-11-15,1301.050048828125,1317.25,1290.0,1305.0999755859375,479683.0
2023-11-16,1309.699951171875,1334.949951171875,1301.300048828125,1325.8499755859375,402212.0
2023-11-17,1325.0,1361.800048828125,1291.5,1339.3499755859375,475143.0
2023-11-20,1340.550048828125,1364.5,1322.199951171875,1326.8499755859375,431361.0
2023-11-21,1326.8499755859375,1338.0,1318.1500244140625,1329.3499755859375,352940.0
2023-11-22,1329.3499755859375,1346.300048828125,1322.6500244140625,1335.75,221435.0
2023-11-23,1335.0,1354.199951171875,1326.0,1331.800048828125,260377.0
2023-11-24,1335.0,1340.300048828125,1321.0,1324.949951171875,503470.0
2023-11-28,1329.949951171875,1345.0,1324.3499755859375,1342.75,428007.0
2023-11-29,1356.199951171875,1421.4000244140625,1351.199951171875,1415.8499755859375,1630251.0
2023-11-30,1418.3499755859375,1506.5,1408.3499755859375,1481.9000244140625,1961530.0
2023-12-01,1488.0,1488.0,1446.0,1450.75,1186611.0
2023-12-04,1470.0,1474.0,1450.75,1464.8499755859375,605154.0
2023-12-05,1458.0999755859375,1464.8499755859375,1426.800048828125,1434.0999755859375,535244.0
2023-12-06,1434.1500244140625,1445.0,1422.050048828125,1432.199951171875,416187.0
2023-12-07,1442.9000244140625,1462.199951171875,1435.800048828125,1450.550048828125,353373.0
2023-12-08,1460.0,1462.0,1422.3499755859375,1440.6500244140625,274606.0
2023-12-11,1440.6500244140625,1449.3499755859375,1429.0,1445.0,630927.0
2023-12-12,1445.0,1469.199951171875,1445.0,1453.5,460685.0
2023-12-13,1461.5,1471.0,1438.300048828125,1467.0999755859375,509346.0
2023-12-14,1473.0,1507.949951171875,1466.0999755859375,1481.0,690315.0
2023-12-15,1488.050048828125,1497.9000244140625,1481.0,1488.0,345092.0
2023-12-18,1487.0,1492.75,1474.0,1478.5999755859375,184684.0
2023-12-19,1478.5999755859375,1492.949951171875,1475.050048828125,1485.699951171875,234878.0
2023-12-20,1490.0,1500.949951171875,1426.0999755859375,1443.300048828125,348870.0
2023-12-21,1425.0,1458.4000244140625,1420.0,1453.699951171875,227365.0
2023-12-22,1457.0,1479.0,1455.0,1475.0999755859375,117221.0
2023-12-26,1470.0,1484.949951171875,1445.699951171875,1450.800048828125,283178.0
2023-12-27,1455.8499755859375,1480.0,1453.9000244140625,1477.199951171875,181211.0
2023-12-28,1481.4000244140625,1501.5,1478.050048828125,1492.0,457822.0
2023-12-29,1492.0,1500.0,1468.449951171875,1476.300048828125,199370.0
2024-01-01,1484.9000244140625,1489.5999755859375,1460.5999755859375,1466.0,373747.0
2024-01-02,1460.0,1472.550048828125,1440.5999755859375,1454.699951171875,385614.0
2024-01-03,1459.8499755859375,1493.3499755859375,1452.5999755859375,1475.8499755859375,798316.0
2024-01-04,1480.0,1528.5999755859375,1460.0999755859375,1517.800048828125,782324.0
2024-01-05,1523.800048828125,1537.3499755859375,1492.5,1499.5,336177.0
2024-01-08,1504.1500244140625,1504.1500244140625,1466.550048828125,1489.0999755859375,179830.0
2024-01-09,1490.3499755859375,1512.050048828125,1470.0,1480.449951171875,249633.0
2024-01-10,1474.949951171875,1487.0,1452.550048828125,1475.3499755859375,252839.0
2024-01-11,1475.3499755859375,1506.0,1475.1500244140625,1489.3499755859375,213714.0
2024-01-12,1492.9000244140625,1493.3499755859375,1464.0,1474.199951171875,143263.0
2024-01-15,1480.0,1491.0,1449.949951171875,1452.800048828125,327345.0
2024-01-16,1454.949951171875,1459.0,1429.8499755859375,1437.0,275059.0
2024-01-17,1425.0,1437.800048828125,1412.949951171875,1417.0,149763.0
2024-01-18,1411.699951171875,1420.550048828125,1372.6500244140625,1380.300048828125,542033.0
2024-01-19,1381.0,1439.1500244140625,1381.0,1431.0999755859375,371635.0
2024-01-23,1415.0,1426.0,1350.3499755859375,1363.949951171875,708076.0
2024-01-24,1368.5999755859375,1406.5,1361.550048828125,1403.75,459690.0
2024-01-25,1403.75,1406.800048828125,1375.699951171875,1388.1500244140625,151135.0
2024-01-29,1388.0,1404.449951171875,1384.0999755859375,1393.949951171875,190949.0
2024-01-30,1404.5,1421.5999755859375,1380.300048828125,1389.8499755859375,727506.0
2024-01-31,1393.0,1397.449951171875,1375.3499755859375,1394.949951171875,201126.0
2024-02-01,1407.0,1407.0,1350.0999755859375,1360.8499755859375,493016.0
2024-02-02,1375.0,1398.300048828125,1360.050048828125,1377.449951171875,488731.0
2024-02-05,1388.3499755859375,1388.3499755859375,1359.4000244140625,1364.4000244140625,387501.0
2024-02-06,1367.0,1392.0,1352.0,1390.5,384002.0
2024-02-07,1390.5,1429.5,1390.0,1425.1500244140625,652247.0
2024-02-08,1427.0,1428.800048828125,1357.050048828125,1359.75,553897.0
2024-02-09,1370.0,1384.0,1358.25,1377.699951171875,309793.0
2024-02-12,1373.0,1378.6500244140625,1345.8499755859375,1351.199951171875,159890.0
2024-02-13,1351.25,1371.4000244140625,1345.550048828125,1367.4000244140625,446582.0
2024-02-14,1365.0,1387.199951171875,1347.0,1379.25,152372.0
2024-02-15,1404.0,1445.449951171875,1323.300048828125,1343.3499755859375,1814089.0
2024-02-16,1348.050048828125,1378.0,1345.0,1357.0,705754.0
2024-02-19,1364.0,1377.1500244140625,1349.699951171875,1354.949951171875,731652.0
2024-02-20,1359.0,1366.9000244140625,1336.5,1338.5,417078.0
2024-02-21,1339.949951171875,1354.1500244140625,1320.5999755859375,1324.199951171875,261995.0
2024-02-22,1326.050048828125,1337.75,1314.3499755859375,1336.4000244140625,168663.0
2024-02-23,1352.5,1352.5,1307.8499755859375,1320.1500244140625,701117.0
2024-02-26,1318.0,1320.0,1304.4000244140625,1306.699951171875,236959.0
2024-02-27,1310.0,1321.800048828125,1275.75,1294.300048828125,882971.0
2024-02-28,1294.199951171875,1305.8499755859375,1261.9000244140625,1274.699951171875,897732.0
2024-02-29,1267.050048828125,1310.699951171875,1262.0,1303.75,698898.0
2024-03-01,1299.8499755859375,1323.800048828125,1294.3499755859375,1321.3499755859375,672320.0
2024-03-04,1312.0999755859375,1350.0,1312.0999755859375,1337.9000244140625,411404.0
2024-03-05,1400.0,1527.0,1355.449951171875,1362.4000244140625,7187722.0
2024-03-06,1359.050048828125,1421.300048828125,1345.949951171875,1392.699951171875,2895758.0
2024-03-07,1393.0,1402.0,1372.5,1377.1500244140625,567344.0
2024-03-11,1382.050048828125,1413.4000244140625,1378.5,1401.6500244140625,1107120.0
2024-03-12,1404.9000244140625,1416.0,1382.800048828125,1400.1500244140625,605793.0
2024-03-13,1400.1500244140625,1401.949951171875,1340.300048828125,1350.5,511225.0
2024-03-14,1350.0,1369.9000244140625,1331.050048828125,1366.800048828125,536499.0
2024-03-15,1360.0,1368.9000244140625,1328.8499755859375,1341.300048828125,474116.0
2024-03-18,1333.050048828125,1351.949951171875,1332.050048828125,1339.4000244140625,325428.0
2024-03-19,1336.75,1343.0999755859375,1321.0,1325.050048828125,356723.0
2024-03-20,1329.0,1344.550048828125,1328.6500244140625,1338.8499755859375,266074.0
2024-03-21,1350.9000244140625,1443.0,1350.9000244140625,1434.449951171875,1693364.0
2024-03-22,1434.449951171875,1434.449951171875,1416.0,1424.3499755859375,401210.0
2024-03-26,1420.0,1495.8499755859375,1410.949951171875,1483.1500244140625,1560486.0
2024-03-27,1478.8499755859375,1488.050048828125,1448.25,1478.199951171875,2344685.0
2024-03-28,1475.0,1495.0,1465.800048828125,1480.449951171875,607341.0
2024-04-01,1505.0,1585.0,1505.0,1563.699951171875,1405599.0
2024-04-02,1560.050048828125,1582.0,1550.550048828125,1562.75,1024805.0
2024-04-03,1560.699951171875,1662.0,1536.0,1630.199951171875,1550553.0
2024-04-04,1645.0,1674.449951171875,1618.449951171875,1666.550048828125,1526762.0
2024-04-05,1626.050048828125,1659.1500244140625,1620.800048828125,1654.75,659689.0
2024-04-08,1666.5,1696.800048828125,1660.050048828125,1674.199951171875,612259.0
2024-04-09,1683.6500244140625,1698.5,1662.800048828125,1675.75,553797.0
2024-04-10,1677.0,1683.75,1644.300048828125,1649.449951171875,324260.0
2024-04-12,1659.550048828125,1688.1500244140625,1649.0999755859375,1667.3499755859375,861674.0
2024-04-15,1630.0999755859375,1669.75,1610.0,1647.699951171875,310331.0
2024-04-16,1645.0,1654.449951171875,1626.050048828125,1633.25,479495.0
2024-04-18,1636.0999755859375,1692.0,1635.050048828125,1655.699951171875,539125.0
2024-04-19,1650.0,1660.0,1626.699951171875,1651.75,195684.0
2024-04-22,1655.800048828125,1670.6500244140625,1632.800048828125,1641.1500244140625,178305.0
2024-04-23,1641.1500244140625,1642.0,1586.0,1617.5,691937.0
2024-04-24,1625.0,1670.0,1616.550048828125,1642.9000244140625,541443.0
2024-04-25,1640.0,1665.199951171875,1629.050048828125,1655.050048828125,364893.0
2024-04-26,1655.0,1717.0,1653.800048828125,1687.949951171875,1274470.0
2024-04-29,1705.0,1705.5999755859375,1686.199951171875,1697.800048828125,357609.0
2024-04-30,1706.949951171875,1753.9000244140625,1695.5,1720.6500244140625,717003.0
2024-05-02,1722.0,1743.050048828125,1703.050048828125,1716.8499755859375,232700.0
2024-05-03,1716.8499755859375,1742.300048828125,1684.0,1700.949951171875,291478.0
2024-05-06,1716.3499755859375,1716.8499755859375,1668.949951171875,1674.449951171875,211743.0
2024-05-07,1680.0,1686.0,1647.199951171875,1675.9000244140625,382854.0
2024-05-08,1657.5,1693.3499755859375,1636.050048828125,1659.300048828125,509893.0
2024-05-09,1570.0,1648.0,1509.699951171875,1598.4000244140625,2844120.0
2024-05-10,1598.800048828125,1672.0,1590.6500244140625,1663.25,515191.0
2024-05-13,1665.949951171875,1700.0,1640.800048828125,1691.699951171875,267829.0
2024-05-14,1695.0,1700.0,1666.0999755859375,1677.300048828125,300769.0
2024-05-15,1677.0,1689.699951171875,1662.5,1671.5,361547.0
2024-05-16,1674.0,1710.449951171875,1674.0,1696.75,657004.0
2024-05-17,1708.9000244140625,1708.9000244140625,1670.050048828125,1679.550048828125,269108.0
2024-05-21,1716.0,1721.75,1674.050048828125,1703.4000244140625,393037.0
2024-05-22,1692.1500244140625,1715.3499755859375,1683.25,1708.1500244140625,299569.0
2024-05-23,1717.9000244140625,1722.25,1695.3499755859375,1718.550048828125,327316.0
2024-05-24,1720.0,1720.0,1681.25,1694.949951171875,308953.0
2024-05-27,1705.0,1721.0,1682.0,1708.25,1013504.0
2024-05-28,1713.5999755859375,1763.0,1708.4000244140625,1745.4000244140625,1527315.0
2024-05-29,1751.3499755859375,1753.3499755859375,1726.949951171875,1738.9000244140625,378282.0
2024-05-30,1735.0,1741.699951171875,1666.0,1674.0,449890.0
2024-05-31,1701.0,1744.5999755859375,1674.75,1683.449951171875,2333675.0
2024-06-03,1702.0,1767.050048828125,1696.9000244140625,1705.699951171875,760677.0
2024-06-04,1715.0,1718.949951171875,1579.0999755859375,1646.699951171875,1010052.0
2024-06-05,1662.0,1754.9000244140625,1646.0,1747.3499755859375,472585.0
2024-06-06,1740.0,1810.949951171875,1740.0,1753.25,610386.0
2024-06-07,1756.5999755859375,1786.800048828125,1739.050048828125,1773.1500244140625,432111.0
2024-06-10,1777.3499755859375,1789.4000244140625,1742.800048828125,1759.4000244140625,605852.0
2024-06-11,1761.0,1762.0,1730.0,1756.800048828125,622637.0
2024-06-12,1757.0999755859375,1800.9000244140625,1757.0999755859375,1778.949951171875,1269416.0
2024-06-13,1795.75,1805.0,1785.550048828125,1792.699951171875,441208.0
2024-06-14,1792.699951171875,1802.0,1764.25,1770.0,517872.0
2024-06-18,1773.800048828125,1781.800048828125,1742.0,1748.699951171875,269465.0
2024-06-19,1763.199951171875,1769.75,1736.300048828125,1740.449951171875,248556.0
2024-06-20,1744.050048828125,1770.25,1734.199951171875,1742.25,500674.0
2024-06-21,1745.550048828125,1757.75,1712.050048828125,1717.3499755859375,395822.0
2024-06-24,1725.0,1748.0999755859375,1702.050048828125,1731.5999755859375,574432.0
2024-06-25,1741.0,1789.0,1730.1500244140625,1780.800048828125,838901.0
2024-06-26,1780.800048828125,1808.0,1765.0,1775.4000244140625,545369.0
2024-06-27,1778.050048828125,1848.800048828125,1765.449951171875,1829.300048828125,1705527.0
2024-06-28,1831.5,1856.8499755859375,1792.0,1795.8499755859375,612710.0
2024-07-01,1808.9000244140625,1819.8499755859375,1782.3499755859375,1788.5999755859375,626549.0
2024-07-02,1793.8499755859375,1805.949951171875,1756.0,1797.0,676981.0
2024-07-03,1800.300048828125,1809.800048828125,1785.25,1791.300048828125,230765.0
2024-07-04,1793.9000244140625,1820.0,1778.050048828125,1804.1500244140625,544984.0
2024-07-05,1808.800048828125,1816.5,1791.0,1810.5999755859375,112079.0
2024-07-08,1818.4000244140625,1818.4000244140625,1770.0,1784.4000244140625,163632.0
2024-07-09,1785.0,1810.5,1775.75,1807.0,364828.0
2024-07-10,1813.0,1834.0,1787.6500244140625,1823.699951171875,645190.0
2024-07-11,1824.0999755859375,1843.1500244140625,1823.199951171875,1831.9000244140625,315839.0
2024-07-12,1837.199951171875,1864.699951171875,1823.5999755859375,1846.75,658785.0
2024-07-15,1855.949951171875,1855.949951171875,1829.25,1836.1500244140625,200141.0
2024-07-16,1832.0,1868.4000244140625,1830.0,1834.6500244140625,373096.0
2024-07-18,1862.1500244140625,1885.949951171875,1825.800048828125,1848.1500244140625,1628821.0
2024-07-19,1850.0,1850.0,1811.449951171875,1841.25,350796.0
2024-07-22,1830.300048828125,1838.949951171875,1801.550048828125,1812.050048828125,911815.0
2024-07-23,1825.0,1825.949951171875,1664.5999755859375,1733.949951171875,1576637.0
2024-07-24,1735.0999755859375,1759.9000244140625,1716.050048828125,1742.6500244140625,649123.0
2024-07-25,1730.0,1749.949951171875,1711.300048828125,1742.5,220022.0
2024-07-26,1750.0,1794.4000244140625,1741.449951171875,1783.199951171875,633110.0
2024-07-29,1795.0,1813.800048828125,1774.550048828125,1781.050048828125,980140.0
2024-07-30,1783.0,1830.800048828125,1766.550048828125,1808.4000244140625,853262.0
2024-07-31,1808.4000244140625,1847.1500244140625,1796.75,1838.0999755859375,424820.0
2024-08-01,1850.0,1876.0,1831.699951171875,1864.3499755859375,590106.0
2024-08-02,1850.0,1895.0,1842.6500244140625,1877.6500244140625,686110.0
2024-08-05,1864.050048828125,1869.449951171875,1803.050048828125,1824.1500244140625,721723.0
2024-08-06,1830.949951171875,1840.0,1670.0,1787.949951171875,828312.0
2024-08-07,1812.449951171875,1858.5,1792.5,1855.4000244140625,536312.0
2024-08-08,1842.199951171875,1863.0999755859375,1828.5,1848.050048828125,570449.0
2024-08-09,1850.25,1884.0,1847.550048828125,1879.199951171875,402019.0
2024-08-12,1879.199951171875,1904.25,1866.199951171875,1890.0999755859375,320451.0
2024-08-13,1900.0,1904.949951171875,1842.75,1853.0999755859375,950346.0
2024-08-14,1900.0,1900.050048828125,1785.1500244140625,1816.449951171875,1740368.0
2024-08-16,1816.449951171875,1880.0,1795.0,1833.949951171875,350869.0
2024-08-19,1833.0,1860.8499755859375,1832.25,1840.3499755859375,212058.0
2024-08-20,1840.3499755859375,1878.0,1833.75,1875.300048828125,758672.0
2024-08-21,1900.0,1948.9000244140625,1880.0,1915.550048828125,1417791.0
2024-08-22,1919.1500244140625,1932.199951171875,1901.9000244140625,1928.199951171875,442710.0
2024-08-23,1924.050048828125,1932.4000244140625,1896.25,1900.800048828125,268498.0
2024-08-26,1909.949951171875,1944.0,1903.75,1936.25,213897.0
2024-08-27,1940.9000244140625,2001.5999755859375,1921.5,1986.25,803610.0
2024-08-28,1985.0,1988.449951171875,1927.0,1958.449951171875,383583.0
2024-08-29,1972.5999755859375,1980.0,1950.0999755859375,1973.75,199579.0
2024-08-30,1974.050048828125,1988.75,1960.050048828125,1965.8499755859375,398548.0
2024-09-02,1972.0,1979.0,1957.199951171875,1965.0,177607.0
2024-09-03,1988.800048828125,1989.699951171875,1942.5999755859375,1978.550048828125,1107585.0
2024-09-04,1950.0,1988.0,1949.949951171875,1958.0,309329.0
2024-09-05,1960.0,2012.0999755859375,1953.25,1989.25,531077.0
2024-09-06,2004.0,2004.0,1965.5,1976.550048828125,418731.0
2024-09-09,1977.449951171875,1994.5,1966.5,1989.300048828125,489447.0
2024-09-10,1993.0,2001.449951171875,1951.0999755859375,1959.75,550436.0
2024-09-11,1959.0,1979.9000244140625,1943.0,1948.5999755859375,287550.0
2024-09-12,1966.550048828125,1990.25,1956.8499755859375,1986.4000244140625,175461.0
2024-09-13,2035.0,2078.75,2000.0,2013.050048828125,2042604.0
2024-09-16,2025.0,2032.699951171875,2004.0,2013.5999755859375,597148.0
2024-09-17,2019.050048828125,2039.9000244140625,1991.449951171875,2023.8499755859375,680183.0
2024-09-18,2033.0,2043.5,2006.300048828125,2017.0,258606.0
2024-09-19,2029.9000244140625,2060.0,2009.1500244140625,2035.449951171875,568103.0
2024-09-20,2001.0,2015.0999755859375,1927.1500244140625,1989.6500244140625,1609685.0
2024-09-23,2004.0,2033.3499755859375,1986.25,2024.9000244140625,497938.0
2024-09-24,2020.800048828125,2030.0,1986.050048828125,1991.0,504707.0
2024-09-25,2014.449951171875,2045.0,1986.199951171875,2042.5999755859375,778581.0
2024-09-26,2042.5999755859375,2059.0,2012.4000244140625,2047.5,371331.0
2024-09-27,2035.0999755859375,2069.800048828125,2032.199951171875,2057.75,497651.0
2024-09-30,2051.0,2065.0,2025.050048828125,2031.8499755859375,452799.0
2024-10-01,1999.0,2009.449951171875,1951.4000244140625,1955.9000244140625,1481783.0
2024-10-03,1940.0,1974.5,1931.0,1964.050048828125,692362.0
2024-10-04,1980.0,1980.0,1910.75,1930.3499755859375,645007.0
2024-10-07,1945.050048828125,1945.4000244140625,1871.0999755859375,1882.0,763109.0
2024-10-08,1888.0,1904.449951171875,1868.050048828125,1884.050048828125,481031.0
2024-10-09,1895.0,1955.0,1890.25,1933.699951171875,586719.0
2024-10-10,1942.3499755859375,1968.449951171875,1928.050048828125,1943.4000244140625,265399.0
2024-10-11,1936.4000244140625,1967.0,1931.449951171875,1945.449951171875,266597.0
2024-10-14,1943.0999755859375,1959.1500244140625,1937.9000244140625,1949.949951171875,172629.0
2024-10-15,1949.949951171875,1974.0,1943.5999755859375,1956.949951171875,189573.0
2024-10-16,1968.699951171875,1973.0,1940.6500244140625,1956.800048828125,262413.0
2024-10-17,1968.0,1996.449951171875,1939.9000244140625,1955.449951171875,406410.0
2024-10-18,1950.0,1983.949951171875,1923.699951171875,1968.75,565171.0
2024-10-21,1968.75,1988.449951171875,1940.8499755859375,1945.0,153127.0
2024-10-22,1940.0,1962.449951171875,1900.800048828125,1910.5,357684.0
2024-10-23,1900.0,1956.6500244140625,1890.050048828125,1925.050048828125,505143.0
2024-10-24,1937.0,1951.949951171875,1919.0999755859375,1930.1500244140625,401045.0
2024-10-25,1932.3499755859375,1947.0,1895.0999755859375,1923.550048828125,452701.0
2024-10-28,1935.0,1948.949951171875,1907.0999755859375,1926.0999755859375,157044.0
2024-10-29,1926.0999755859375,1970.699951171875,1901.6500244140625,1960.3499755859375,999517.0
2024-10-30,1974.0,2003.0,1957.5,1968.5,549677.0
2024-10-31,1965.0,1976.0999755859375,1909.3499755859375,1930.449951171875,464639.0
2024-11-01,1962.0,1962.0,1926.9000244140625,1931.449951171875,26412.0
2024-11-04,1932.0999755859375,1940.0,1891.050048828125,1901.050048828125,170366.0
2024-11-05,1872.25,1926.800048828125,1847.0,1913.3499755859375,511354.0
2024-11-06,1901.199951171875,1962.449951171875,1888.6500244140625,1893.9000244140625,348733.0
2024-11-07,1890.0,1890.0,1789.949951171875,1823.8499755859375,680859.0
2024-11-08,1830.0,1845.050048828125,1787.0,1804.550048828125,155826.0
2024-11-11,1803.0,1823.0,1775.0,1817.1500244140625,300918.0
2024-11-12,1817.1500244140625,1830.0,1783.050048828125,1792.699951171875,300260.0
2024-11-13,1788.0,1803.800048828125,1761.050048828125,1770.300048828125,194824.0
2024-11-14,1770.300048828125,1790.0,1756.050048828125,1775.8499755859375,329256.0
2024-11-18,1866.0,1925.0,1846.050048828125,1885.6500244140625,3587575.0
2024-11-19,1886.0,1912.949951171875,1875.0,1896.449951171875,758238.0
2024-11-21,1900.0,1914.25,1873.9000244140625,1899.550048828125,685006.0
2024-11-22,1911.0,1934.0,1902.949951171875,1927.3499755859375,663522.0
2024-11-25,1945.0,1952.0,1922.1500244140625,1932.300048828125,578112.0
2024-11-26,1939.550048828125,1975.0,1922.3499755859375,1951.800048828125,975300.0
2024-11-27,1940.0999755859375,1956.8499755859375,1916.25,1940.4000244140625,285351.0
2024-11-28,1951.0999755859375,1951.0999755859375,1895.0,1911.949951171875,442414.0
2024-11-29,1917.8499755859375,1924.25,1903.0,1917.050048828125,648060.0
2024-12-02,1917.050048828125,1943.75,1910.0999755859375,1935.550048828125,416898.0
2024-12-03,1935.8499755859375,1946.1500244140625,1927.3499755859375,1932.800048828125,276132.0
2024-12-04,1942.25,1953.800048828125,1924.75,1947.800048828125,349574.0
2024-12-05,1959.9000244140625,1970.0,1922.5999755859375,1937.550048828125,350822.0
2024-12-06,1932.949951171875,1965.4000244140625,1930.0999755859375,1951.550048828125,437620.0
2024-12-09,1939.949951171875,2000.1500244140625,1936.0,1991.300048828125,1030309.0
2024-12-10,2000.0,2054.64990234375,1995.0999755859375,2033.25,1017512.0
2024-12-11,2029.8499755859375,2069.0,2028.3499755859375,2064.5,519979.0
2024-12-12,2062.0,2132.89990234375,2057.0,2127.35009765625,1360458.0
2024-12-13,2124.949951171875,2124.949951171875,2055.050048828125,2092.85009765625,327431.0
2024-12-16,2095.25,2124.5,2093.949951171875,2119.199951171875,246083.0
2024-12-17,2128.85009765625,2128.85009765625,2087.449951171875,2104.89990234375,392484.0
2024-12-18,2104.5,2127.0,2094.64990234375,2114.699951171875,475986.0
2024-12-19,2083.25,2148.89990234375,2072.89990234375,2136.85009765625,545143.0
2024-12-20,2154.0,2154.0,2070.75,2075.64990234375,414899.0
2024-12-23,2076.10009765625,2098.89990234375,2058.5,2067.550048828125,408710.0
2024-12-24,2060.0,2067.60009765625,2027.199951171875,2035.0,335157.0
2024-12-26,2035.0,2090.0,2020.050048828125,2062.5,222471.0
2024-12-27,2075.0,2075.0,2042.1500244140625,2069.60009765625,285101.0
2024-12-30,2050.0,2131.0,2050.0,2101.5,489358.0
2024-12-31,2107.0,2161.75,2096.89990234375,2136.14990234375,918815.0
2025-01-01,2131.0,2220.25,2131.0,2215.050048828125,1001913.0
2025-01-02,2201.85009765625,2268.0,2200.0,2256.89990234375,727623.0
2025-01-03,2250.0,2275.0,2228.14990234375,2237.25,1661048.0
2025-01-06,2226.10009765625,2256.5,2164.10009765625,2185.800048828125,454156.0
2025-01-07,2200.0,2221.75,2184.75,2209.14990234375,315147.0
2025-01-08,2210.0,2216.35009765625,2160.14990234375,2179.199951171875,284401.0
2025-01-09,2180.35009765625,2248.449951171875,2129.0,2135.10009765625,238684.0
2025-01-10,2137.89990234375,2150.35009765625,2099.050048828125,2136.550048828125,434479.0
2025-01-13,2136.550048828125,2136.550048828125,2087.300048828125,2096.5,473794.0
2025-01-14,2109.949951171875,2147.300048828125,2104.949951171875,2123.85009765625,312670.0
2025-01-15,2129.949951171875,2195.64990234375,2115.949951171875,2179.550048828125,325597.0
2025-01-16,2183.949951171875,2216.0,2174.0,2180.0,348613.0
2025-01-17,2190.0,2195.0,2143.0,2149.60009765625,164362.0
2025-01-20,2150.14990234375,2174.800048828125,2131.25,2142.199951171875,227843.0
2025-01-21,2150.0,2183.0,2130.0,2165.050048828125,212025.0
2025-01-22,2165.050048828125,2204.5,2141.199951171875,2197.449951171875,649820.0
2025-01-23,2205.0,2224.0,2176.89990234375,2195.10009765625,640641.0
2025-01-24,2191.0,2202.85009765625,2162.300048828125,2173.39990234375,209999.0
2025-01-27,2172.0,2186.0,2124.699951171875,2139.0,390826.0
2025-01-28,2131.10009765625,2171.300048828125,2098.0,2135.89990234375,312942.0
2025-01-29,2135.800048828125,2223.449951171875,2125.10009765625,2210.60009765625,518813.0
2025-01-30,2232.699951171875,2232.699951171875,2187.5,2209.64990234375,377592.0
2025-01-31,2215.0,2269.25,2206.550048828125,2258.800048828125,509537.0
2025-02-01,2260.0,2275.0,2155.550048828125,2182.449951171875,200225.0
2025-02-03,2163.0,2181.85009765625,2132.449951171875,2172.449951171875,323920.0
2025-02-04,2172.449951171875,2247.10009765625,2169.949951171875,2239.0,513536.0
2025-02-05,2261.39990234375,2308.949951171875,2239.14990234375,2266.14990234375,546000.0
2025-02-06,2267.0,2279.949951171875,2229.199951171875,2233.60009765625,331713.0
2025-02-07,2233.60009765625,2264.449951171875,2225.89990234375,2244.550048828125,560151.0
2025-02-10,2250.0,2264.64990234375,2192.64990234375,2201.85009765625,320583.0
2025-02-11,2249.800048828125,2253.550048828125,2158.0,2188.199951171875,642555.0
2025-02-12,2196.0,2214.300048828125,2131.0,2182.85009765625,345842.0
2025-02-13,2248.800048828125,2334.800048828125,2227.0,2317.800048828125,4108598.0
2025-02-14,2327.0,2330.89990234375,2210.10009765625,2254.89990234375,1321117.0
2025-02-17,2255.25,2266.10009765625,2202.60009765625,2243.89990234375,594759.0
2025-02-18,2237.300048828125,2252.25,2209.199951171875,2244.5,553596.0
2025-02-19,2247.25,2271.699951171875,2218.800048828125,2264.199951171875,514370.0
2025-02-20,2264.0,2304.949951171875,2248.449951171875,2276.25,813091.0
2025-02-21,2280.75,2289.64990234375,2181.10009765625,2212.10009765625,586551.0
2025-02-24,2200.14990234375,2211.60009765625,2147.050048828125,2188.550048828125,557806.0
2025-02-25,2210.300048828125,2230.75,2159.25,2183.25,672944.0
2025-02-27,2217.64990234375,2255.0,2195.0,2208.64990234375,1302048.0
2025-02-28,2205.10009765625,2205.10009765625,2120.25,2132.800048828125,844753.0
2025-03-03,2132.35009765625,2160.699951171875,2114.449951171875,2146.300048828125,292700.0
2025-03-04,2143.25,2158.75,2118.89990234375,2151.75,618729.0
2025-03-05,2151.75,2164.949951171875,2107.10009765625,2125.89990234375,521020.0
2025-03-06,2144.800048828125,2186.14990234375,2132.25,2176.85009765625,810783.0
2025-03-07,2165.25,2185.5,2150.25,2179.449951171875,472598.0
2025-03-10,2169.449951171875,2229.5,2168.10009765625,2184.60009765625,602812.0
2025-03-11,2174.39990234375,2196.800048828125,2154.85009765625,2184.60009765625,369344.0
2025-03-12,2205.0,2217.0,2182.300048828125,2209.0,400262.0
2025-03-13,2204.949951171875,2204.949951171875,2155.550048828125,2196.35009765625,448206.0
2025-03-17,2232.0,2308.0,2232.0,2290.199951171875,1684308.0
2025-03-18,2290.199951171875,2290.199951171875,2290.199951171875,2290.199951171875,0.0
2025-03-19,2335.0,2424.0,2312.5,2416.449951171875,1242059.0
2025-03-20,2425.35009765625,2435.39990234375,2368.0,2374.75,1048487.0
2025-03-21,2395.0,2400.0,2341.89990234375,2356.60009765625,917706.0
2025-03-24,2375.0,2386.0,2346.60009765625,2352.550048828125,503852.0
2025-03-25,2388.10009765625,2388.10009765625,2313.0,2345.449951171875,463040.0
2025-03-26,2355.39990234375,2367.199951171875,2299.949951171875,2313.550048828125,329877.0
2025-03-27,2313.5,2357.89990234375,2299.0,2337.89990234375,1195890.0
2025-03-28,2360.0,2400.949951171875,2332.050048828125,2382.89990234375,972236.0
2025-04-01,2382.89990234375,2389.75,2326.449951171875,2338.800048828125,525365.0
2025-04-02,2338.800048828125,2356.25,2309.0,2342.800048828125,541167.0
2025-04-03,2325.0,2393.699951171875,2310.25,2370.25,737548.0
2025-04-04,2367.0,2374.25,2335.5,2348.300048828125,308590.0
2025-04-07,2150.0,2307.85009765625,2150.0,2254.300048828125,679275.0
2025-04-08,2314.050048828125,2323.949951171875,2246.199951171875,2292.64990234375,881984.0
2025-04-09,2307.550048828125,2307.550048828125,2011.25,2139.949951171875,5887072.0
2025-04-11,2099.14990234375,2103.800048828125,1965.0,2017.0,3912506.0
2025-04-15,2045.0,2060.0,2005.5,2051.0,1955402.0
2025-04-16,2060.0,2090.0,2042.0999755859375,2080.699951171875,947851.0
2025-04-17,2081.0,2136.0,2080.89990234375,2111.60009765625,1289031.0
2025-04-21,2134.89990234375,2211.0,2134.89990234375,2203.60009765625,1434482.0
2025-04-22,2240.0,2304.0,2227.0,2272.699951171875,1302934.0
2025-04-23,2280.0,2286.89990234375,2174.300048828125,2191.39990234375,1113969.0
2025-04-24,2208.89990234375,2222.699951171875,2145.0,2150.5,809887.0
2025-04-25,2150.0,2166.800048828125,2076.0,2093.199951171875,704651.0
2025-04-28,2094.0,2138.0,2055.800048828125,2133.39990234375,667666.0
2025-04-29,2133.5,2162.5,2121.800048828125,2152.300048828125,479766.0
2025-04-30,2155.0,2189.800048828125,2147.300048828125,2169.89990234375,455012.0
2025-05-02,2169.10009765625,2177.89990234375,2126.60009765625,2169.39990234375,642076.0
2025-05-05,2181.300048828125,2222.199951171875,2172.0,2203.60009765625,351108.0
2025-05-06,2221.39990234375,2255.39990234375,2212.199951171875,2248.199951171875,723267.0
2025-05-07,2225.0,2340.60009765625,2221.699951171875,2308.39990234375,1555943.0
2025-05-08,2306.10009765625,2315.5,2203.10009765625,2221.89990234375,695573.0
2025-05-09,2145.0,2236.300048828125,2145.0,2229.60009765625,434822.0
2025-05-12,2264.89990234375,2299.0,2235.10009765625,2256.39990234375,428237.0
2025-05-13,2256.39990234375,2266.199951171875,2200.0,2216.5,1064119.0
2025-05-14,2224.5,2269.5,2211.39990234375,2259.89990234375,381840.0
2025-05-15,2275.0,2275.0,2085.0,2104.10009765625,5206760.0
2025-05-16,2125.0,2126.5,2080.60009765625,2104.800048828125,1618006.0
2025-05-19,2095.0,2103.0,2083.5,2085.10009765625,882488.0
2025-05-20,2090.0,2094.0,2027.0,2030.699951171875,1077938.0
2025-05-21,2031.699951171875,2092.60009765625,2028.0999755859375,2089.60009765625,839425.0
2025-05-22,2094.0,2112.0,2059.0,2096.5,854820.0
2025-05-23,2097.0,2108.0,2080.0,2090.0,252058.0
2025-05-26,2088.89990234375,2115.0,2083.0,2095.0,386078.0
2025-05-27,2096.0,2108.0,2059.0,2062.60009765625,460653.0
2025-05-28,2068.89990234375,2106.0,2060.0,2092.39990234375,603063.0
2025-05-29,2094.0,2101.699951171875,2058.5,2065.199951171875,436101.0
2025-05-30,2073.0,2243.0,2068.0,2215.39990234375,4946342.0
2025-06-02,2208.0,2229.5,2189.39990234375,2222.300048828125,550551.0
2025-06-03,2215.0,2250.0,2211.0,2234.39990234375,523617.0
2025-06-04,2234.300048828125,2289.89990234375,2222.800048828125,2272.300048828125,773777.0
2025-06-05,2272.300048828125,2307.800048828125,2267.60009765625,2294.60009765625,323620.0
2025-06-06,2303.89990234375,2470.0,2283.0,2446.199951171875,2308405.0
2025-06-09,2475.0,2548.0,2461.10009765625,2539.89990234375,1858820.0
2025-06-10,2535.0,2572.89990234375,2525.0,2553.60009765625,747211.0
2025-06-11,2555.10009765625,2565.0,2522.5,2538.60009765625,397673.0
2025-06-12,2538.60009765625,2598.0,2530.10009765625,2555.0,761780.0
2025-06-13,2510.60009765625,2606.0,2502.39990234375,2598.699951171875,1003551.0
2025-06-16,2603.0,2645.199951171875,2597.0,2633.300048828125,904097.0
2025-06-17,2620.0,2654.800048828125,2592.60009765625,2645.699951171875,817018.0
2025-06-18,2618.0,2652.10009765625,2618.0,2634.39990234375,356587.0
2025-06-19,2631.0,2669.89990234375,2625.5,2637.10009765625,842436.0
2025-06-20,2630.0,2639.0,2581.0,2606.39990234375,635147.0
2025-06-23,2585.0,2633.5,2576.0,2601.699951171875,412498.0
2025-06-24,2632.0,2634.60009765625,2530.5,2566.0,797919.0
2025-06-25,2580.0,2590.0,2534.10009765625,2574.0,434487.0
2025-06-26,2574.0,2593.699951171875,2543.199951171875,2583.199951171875,479575.0
2025-06-27,2578.0,2589.199951171875,2516.0,2570.699951171875,1837904.0
2025-06-30,2570.699951171875,2657.0,2565.699951171875,2623.89990234375,618395.0
2025-07-01,2625.0,2648.5,2587.10009765625,2641.89990234375,459021.0
2025-07-02,2645.0,2660.0,2605.10009765625,2625.39990234375,357095.0
2025-07-03,2623.0,2658.0,2617.0,2635.10009765625,383639.0
2025-07-04,2640.0,2670.0,2616.10009765625,2662.800048828125,284105.0
2025-07-07,2662.800048828125,2691.60009765625,2645.800048828125,2660.60009765625,489509.0
2025-07-08,2660.0,2671.89990234375,2628.39990234375,2649.800048828125,464677.0
2025-07-09,2660.0,2661.89990234375,2625.0,2645.60009765625,402766.0
2025-07-10,2651.0,2660.800048828125,2620.199951171875,2644.800048828125,231200.0
2025-07-11,2648.89990234375,2656.5,2588.199951171875,2640.60009765625,391105.0
2025-07-14,2663.89990234375,2682.39990234375,2614.199951171875,2665.39990234375,393965.0
2025-07-15,2660.0,2677.10009765625,2638.60009765625,2655.5,309635.0
2025-07-16,2655.10009765625,2655.10009765625,2632.699951171875,2650.199951171875,245451.0
2025-07-17,2653.0,2664.0,2627.199951171875,2660.0,220480.0
2025-07-18,2655.10009765625,2674.0,2640.0,2660.0,208268.0
2025-07-21,2660.0,2702.89990234375,2645.0,2683.199951171875,388402.0
2025-07-22,2683.199951171875,2696.0,2652.60009765625,2674.300048828125,307737.0
2025-07-23,2693.89990234375,2695.39990234375,2658.10009765625,2690.0,328123.0
2025-07-24,2690.0,2718.0,2645.0,2662.199951171875,332080.0
2025-07-25,2680.0,2695.5,2640.0,2660.60009765625,248220.0
2025-07-28,2660.0,2687.699951171875,2618.39990234375,2648.0,263831.0
2025-07-29,2647.0,2649.89990234375,2582.39990234375,2617.10009765625,320111.0
2025-07-30,2629.0,2637.0,2587.0,2633.199951171875,686131.0
2025-07-31,2600.800048828125,2639.89990234375,2595.0,2612.300048828125,622451.0
2025-08-01,2612.300048828125,2630.89990234375,2582.39990234375,2592.699951171875,210510.0
2025-08-04,2592.0,2670.199951171875,2548.0,2665.800048828125,1053175.0
2025-08-05,2670.0,2677.0,2616.0,2641.5,293862.0
2025-08-06,2635.10009765625,2655.800048828125,2613.10009765625,2624.699951171875,340219.0
2025-08-07,2625.0,2655.0,2595.39990234375,2634.60009765625,196791.0
2025-08-08,2641.0,2664.699951171875,2595.0,2617.800048828125,223811.0
2025-08-11,2605.199951171875,2626.39990234375,2560.0,2589.800048828125,439383.0
2025-08-12,2592.39990234375,2596.89990234375,2510.0,2533.199951171875,261504.0
2025-08-13,2522.0,2549.89990234375,2476.60009765625,2509.89990234375,487954.0
2025-08-14,2730.0,2800.0,2671.300048828125,2757.39990234375,8765092.0
2025-08-18,2800.0,2807.0,2755.60009765625,2768.300048828125,760570.0
2025-08-19,2775.0,2794.89990234375,2731.10009765625,2747.199951171875,381133.0
2025-08-20,2754.39990234375,2754.39990234375,2656.89990234375,2683.89990234375,632863.0
2025-08-21,2697.89990234375,2701.699951171875,2649.10009765625,2675.800048828125,439025.0
2025-08-22,2684.0,2695.0,2670.0,2680.60009765625,294041.0
2025-08-25,2695.0,2716.39990234375,2680.699951171875,2693.699951171875,368961.0
2025-08-26,2693.699951171875,2699.10009765625,2659.199951171875,2673.10009765625,383881.0
2025-08-28,2694.39990234375,2694.39990234375,2635.199951171875,2644.800048828125,408579.0
2025-08-29,2650.0,2676.0,2604.199951171875,2637.800048828125,494826.0
2025-09-01,2664.10009765625,2727.0,2651.199951171875,2710.0,1352162.0
2025-09-02,2732.60009765625,2768.0,2686.5,2698.699951171875,497354.0
2025-09-03,2709.5,2800.0,2709.5,2783.60009765625,1097610.0
2025-09-04,2795.0,2835.0,2788.39990234375,2826.300048828125,874540.0
2025-09-05,2835.0,2874.89990234375,2830.0,2837.89990234375,464545.0
2025-09-08,2844.199951171875,2933.60009765625,2839.89990234375,2900.89990234375,566051.0
2025-09-09,2918.0,2945.39990234375,2914.699951171875,2942.39990234375,558569.0
2025-09-10,2950.0,2954.699951171875,2876.10009765625,2898.10009765625,388493.0
2025-09-11,2909.89990234375,2919.699951171875,2871.0,2877.39990234375,292701.0
2025-09-12,2899.0,2929.0,2883.39990234375,2926.199951171875,219036.0
2025-09-15,2935.0,2945.0,2906.0,2937.0,162815.0
2025-09-16,2950.89990234375,2996.89990234375,2940.0,2988.39990234375,329547.0
2025-09-17,2975.10009765625,2990.89990234375,2932.0,2942.10009765625,355490.0
2025-09-18,2955.5,2962.39990234375,2915.5,2957.60009765625,295424.0
2025-09-19,2975.0,2990.0,2918.0,2934.89990234375,423706.0
2025-09-22,2946.0,3061.89990234375,2935.300048828125,3047.60009765625,915253.0
2025-09-23,3070.0,3078.10009765625,3031.10009765625,3060.800048828125,576185.0
2025-09-24,3049.89990234375,3100.800048828125,3043.10009765625,3088.300048828125,546580.0
2025-09-25,3078.0,3078.0,3038.0,3051.60009765625,458349.0
2025-09-26,3045.0,3071.0,3002.0,3020.300048828125,456328.0
2025-09-29,3029.60009765625,3077.39990234375,3013.0,3064.699951171875,455979.0
2025-09-30,3079.89990234375,3117.89990234375,3053.5,3077.10009765625,609599.0
2025-10-01,3100.0,3147.60009765625,3076.0,3144.5,393081.0
2025-10-03,3150.0,3175.89990234375,3106.10009765625,3167.60009765625,548299.0
2025-10-06,3172.800048828125,3235.0,3152.300048828125,3227.699951171875,412347.0
2025-10-07,3226.0,3257.89990234375,3210.0,3242.60009765625,450418.0
2025-10-08,3248.0,3274.10009765625,3220.0,3263.10009765625,326225.0
2025-10-09,3250.0,3268.10009765625,3234.10009765625,3249.5,366182.0
2025-10-10,3233.0,3240.0,3150.5,3156.89990234375,542445.0
2025-10-13,3145.89990234375,3219.699951171875,3132.800048828125,3214.0,327232.0
2025-10-14,3236.0,3285.0,3209.0,3218.300048828125,524878.0
2025-10-15,3239.0,3277.5,3232.60009765625,3260.300048828125,529423.0
2025-10-16,3265.0,3279.800048828125,3252.10009765625,3268.5,234148.0
2025-10-17,3286.39990234375,3377.89990234375,3277.89990234375,3334.5,1123086.0
2025-10-20,3332.800048828125,3343.199951171875,3282.0,3322.199951171875,375687.0
2025-10-21,3312.10009765625,3322.199951171875,3265.10009765625,3274.699951171875,131496.0
2025-10-23,3251.10009765625,3252.0,3107.0,3182.10009765625,1744380.0
2025-10-24,3196.89990234375,3238.0,3146.800048828125,3163.10009765625,611149.0
2025-10-27,3169.0,3186.800048828125,3129.10009765625,3145.89990234375,468730.0
2025-10-28,3120.0,3235.0,3089.60009765625,3182.0,1227792.0
2025-10-29,3160.0,3192.89990234375,3145.0,3183.199951171875,470760.0
2025-10-30,3190.0,3199.0,3143.60009765625,3191.39990234375,361330.0
2025-10-31,3195.0,3245.0,3173.0,3178.699951171875,462972.0
2025-11-03,3180.60009765625,3220.0,3170.800048828125,3190.60009765625,287912.0
2025-11-04,3180.0,3206.800048828125,3165.0,3188.300048828125,633624.0
2025-11-06,3188.300048828125,3228.0,3164.89990234375,3183.800048828125,375247.0
2025-11-07,3161.0,3238.39990234375,3145.199951171875,3230.0,397869.0
2025-11-10,3245.0,3335.0,3220.300048828125,3328.199951171875,452157.0
2025-11-11,3350.0,3398.0,3316.60009765625,3389.300048828125,468605.0
2025-11-12,3389.300048828125,3389.300048828125,3305.0,3324.89990234375,349779.0
2025-11-13,3325.0,3406.800048828125,3307.199951171875,3393.10009765625,509408.0
2025-11-14,3650.0,3755.0,3580.0,3725.60009765625,4743416.0
2025-11-17,3725.60009765625,3767.800048828125,3701.0,3760.5,1176503.0
2025-11-18,3680.10009765625,3748.10009765625,3680.10009765625,3695.89990234375,525413.0
2025-11-19,3692.10009765625,3709.800048828125,3676.5,3701.699951171875,314805.0
2025-11-20,3709.199951171875,3726.300048828125,3692.60009765625,3697.5,307177.0
2025-11-21,3693.0,3698.0,3630.60009765625,3636.0,290515.0
2025-11-24,3636.0,3650.0,3594.39990234375,3614.39990234375,489543.0
2025-11-25,3638.0,3697.89990234375,3625.0,3681.39990234375,639146.0
2025-11-26,3709.89990234375,3735.0,3690.0,3725.60009765625,334780.0
2025-11-27,3725.60009765625,3773.89990234375,3725.60009765625,3760.5,382058.0
2025-11-28,3765.0,3772.5,3731.5,3744.199951171875,356642.0
2025-12-01,3779.0,3833.0,3770.0,3811.10009765625,453900.0
2025-12-02,3800.0,3827.39990234375,3765.199951171875,3779.89990234375,353585.0
2025-12-03,3795.0,3795.0,3709.199951171875,3763.39990234375,287386.0
2025-12-04,3770.0,3778.5,3688.300048828125,3702.0,330361.0
2025-12-05,3702.0,3807.0,3702.0,3800.10009765625,328682.0
2025-12-08,3799.10009765625,3818.0,3753.0,3775.699951171875,452775.0
2025-12-09,3753.10009765625,3767.60009765625,3712.0,3742.10009765625,668721.0
2025-12-10,3768.5,3792.0,3735.60009765625,3745.800048828125,270109.0
2025-12-11,3760.0,3784.39990234375,3726.0,3734.199951171875,219811.0
2025-12-12,3765.0,3848.10009765625,3751.10009765625,3837.60009765625,437084.0
2025-12-15,3837.39990234375,3868.0,3802.60009765625,3856.39990234375,295860.0
2025-12-16,3849.10009765625,3855.5,3818.800048828125,3847.0,176630.0
2025-12-17,3853.0,3867.0,3756.5,3766.5,283613.0
2025-12-18,3784.89990234375,3784.89990234375,3724.10009765625,3749.89990234375,345092.0
2025-12-19,3749.5,3790.0,3722.0,3781.199951171875,429282.0
2025-12-22,3781.199951171875,3799.10009765625,3750.0,3790.39990234375,278670.0
2025-12-23,3801.199951171875,3819.89990234375,3770.0,3808.199951171875,290999.0
2025-12-24,3820.0,3890.0,3790.0,3804.699951171875,622859.0
2025-12-26,3824.0,3845.0,3785.0,3797.0,218879.0
2025-12-29,3812.0,3826.89990234375,3725.60009765625,3736.5,228650.0
2025-12-30,3710.0,3819.0,3690.10009765625,3799.10009765625,1688316.0
2025-12-31,3799.10009765625,3859.0,3780.699951171875,3811.699951171875,334171.0
2026-01-01,3801.5,3844.89990234375,3766.5,3839.0,200637.0
2026-01-02,3835.0,3884.800048828125,3797.699951171875,3820.800048828125,394926.0
2026-01-05,3849.0,3930.0,3839.89990234375,3921.0,828263.0
2026-01-06,3950.0,3995.0,3915.10009765625,3940.699951171875,620673.0
2026-01-07,3959.0,3994.0,3917.39990234375,3960.10009765625,485501.0
2026-01-08,3950.0,3954.699951171875,3806.699951171875,3853.800048828125,619124.0
2026-01-09,3850.0,3885.0,3795.10009765625,3821.0,430996.0
2026-01-12,3855.5,3917.5,3840.5,3909.0,492060.0
2026-01-13,3900.10009765625,3947.0,3885.0,3926.300048828125,333979.0
2026-01-14,3936.0,3954.300048828125,3888.0,3938.10009765625,291366.0
2026-01-15,3938.10009765625,3938.10009765625,3938.10009765625,3938.10009765625,0.0
2026-01-16,3905.0,3969.800048828125,3905.0,3936.10009765625,254955.0
2026-01-19,3942.0,3964.60009765625,3922.10009765625,3946.89990234375,311547.0
2026-01-20,3962.0,3962.0,3891.5,3930.39990234375,444231.0
2026-01-21,3934.5,4028.300048828125,3897.800048828125,3906.60009765625,1138006.0
2026-01-22,3932.0,3945.0,3754.300048828125,3861.89990234375,731117.0
2026-01-23,3931.199951171875,3934.60009765625,3796.699951171875,3802.800048828125,481529.0
2026-01-27,3829.0,3889.699951171875,3819.0,3867.39990234375,504352.0
2026-01-28,3905.0,3984.5,3900.0,3955.5,467752.0
2026-01-29,4015.89990234375,4149.5,3996.0,4091.699951171875,751686.0
2026-01-30,4000.0,4000.0,3801.10009765625,3829.60009765625,1066990.0
2026-02-02,3480.0,3584.0,3410.5,3535.10009765625,1113164.0
2026-02-03,3725.0,3798.89990234375,3590.0,3624.199951171875,1218833.0
2026-02-04,3636.10009765625,3776.699951171875,3636.10009765625,3721.699951171875,600107.0
2026-02-05,3630.5,3630.5,3531.0,3578.800048828125,689465.0
2026-02-06,3549.0,3712.800048828125,3470.39990234375,3704.199951171875,827152.0
2026-02-09,3722.39990234375,3799.60009765625,3722.39990234375,3779.800048828125,505069.0
2026-02-10,3790.5,3892.0,3759.199951171875,3882.0,542510.0
2026-02-11,3909.0,3947.699951171875,3896.0,3933.199951171875,576889.0
2026-02-12,3950.0,4082.89990234375,3882.300048828125,4066.89990234375,918911.0
2026-02-13,3870.0,3870.0,3552.699951171875,3586.10009765625,6498829.0
2026-02-16,3580.0,3580.0,3450.0,3498.199951171875,1558907.0
2026-02-17,3496.89990234375,3533.10009765625,3440.10009765625,3495.89990234375,1095510.0
2026-02-18,3482.10009765625,3529.0,3445.199951171875,3456.89990234375,834116.0
2026-02-19,3462.89990234375,3492.39990234375,3381.699951171875,3410.89990234375,539236.0
2026-02-20,3400.300048828125,3471.5,3365.0,3460.0,881990.0
2026-02-23,3512.0,3539.89990234375,3442.5,3473.199951171875,946415.0
2026-02-24,3475.0,3504.0,3444.0,3494.0,550989.0
2026-02-25,3510.0,3523.39990234375,3466.0,3504.60009765625,476959.0
2026-02-26,3499.800048828125,3505.0,3399.0,3435.89990234375,800594.0
2026-02-27,3458.0,3458.0,3332.39990234375,3353.5,1362651.0
2026-03-02,3354.89990234375,3484.800048828125,3354.89990234375,3471.89990234375,1268987.0
2026-03-04,3399.10009765625,3422.39990234375,3327.39990234375,3339.89990234375,748065.0
2026-03-05,3369.0,3378.89990234375,3240.199951171875,3306.39990234375,957052.0
2026-03-06,3303.89990234375,3326.89990234375,3232.0,3238.89990234375,564590.0
2026-03-09,3090.10009765625,3270.0,3080.39990234375,3241.89990234375,691626.0
2026-03-10,3304.800048828125,3308.699951171875,3253.800048828125,3283.199951171875,618725.0
2026-03-11,3290.300048828125,3302.39990234375,3157.5,3163.89990234375,757649.0
2026-03-12,3127.0,3253.39990234375,3119.10009765625,3244.0,1798792.0
2026-03-13,3238.10009765625,3355.0,3216.5,3333.199951171875,1425667.0
2026-03-16,3316.60009765625,3370.0,3283.0,3361.0,1333026.0
2026-03-17,3370.199951171875,3428.0,3336.39990234375,3419.199951171875,627317.0
2026-03-18,3440.0,3492.89990234375,3400.0,3433.0,1016998.0
2026-03-19,3370.0,3398.800048828125,3272.5,3306.39990234375,1181511.0
2026-03-20,3299.0,3328.89990234375,3256.0,3315.89990234375,1556677.0
2026-03-23,3190.0,3220.5,3042.10009765625,3115.60009765625,2186867.0
2026-03-24,3141.0,3165.5,3047.10009765625,3155.199951171875,1645283.0
2026-03-25,3219.89990234375,3334.0,3200.199951171875,3320.199951171875,1080479.0
2026-03-27,3284.10009765625,3348.699951171875,3198.800048828125,3270.60009765625,4509352.0
2026-03-30,3189.0,3249.89990234375,3140.0,3160.10009765625,1170858.0
2026-04-01,3279.0,3320.0,3235.0,3256.0,790724.0
2026-04-02,3150.0,3200.199951171875,3145.0,3178.800048828125,657545.0
2026-04-06,3196.10009765625,3303.800048828125,3168.0,3289.800048828125,756759.0
2026-04-07,3270.0,3291.699951171875,3225.5,3241.39990234375,612643.0
2026-04-08,3360.0,3514.60009765625,3360.0,3503.300048828125,1290282.0
2026-04-09,3461.0,3515.0,3445.0,3475.199951171875,800263.0
2026-04-10,3496.0,3579.89990234375,3496.0,3573.89990234375,850055.0
2026-04-13,3499.0,3575.5,3437.0,3562.300048828125,524232.0
2026-04-15,3650.300048828125,3678.5,3571.10009765625,3598.0,911707.0
2026-04-16,3634.89990234375,3662.0,3565.0,3578.0,734891.0
2026-04-17,3580.0,3592.800048828125,3498.0,3571.300048828125,612062.0
2026-04-20,3560.699951171875,3588.0,3508.39990234375,3531.199951171875,428767.0
2026-04-21,3528.0,3641.89990234375,3528.0,3610.199951171875,522743.0
2026-04-22,3610.199951171875,3646.0,3571.5,3586.89990234375,826036.0
2026-04-23,3579.0,3609.0,3544.0,3561.39990234375,338452.0
2026-04-24,3589.5,3589.5,3443.300048828125,3493.5,542362.0
2026-04-27,3501.39990234375,3542.0,3480.699951171875,3493.800048828125,492086.0
2026-04-28,3500.0,3529.0,3475.0,3496.0,333653.0
2026-04-29,3500.0,3536.39990234375,3450.300048828125,3461.10009765625,382641.0
2026-04-30,3450.0,3459.199951171875,3385.10009765625,3424.199951171875,425747.0
2026-05-01,3424.199951171875,3424.199951171875,3424.199951171875,3424.199951171875,0.0
2026-05-04,3424.199951171875,3515.0,3410.800048828125,3487.699951171875,395692.0
2026-05-05,3490.0,3499.89990234375,3391.10009765625,3446.39990234375,436391.0
2026-05-06,3480.0,3568.300048828125,3456.300048828125,3533.60009765625,745380.0
2026-05-07,3537.89990234375,3614.39990234375,3533.60009765625,3584.300048828125,672712.0
2026-05-08,3594.0,3594.0,3514.10009765625,3528.89990234375,750383.0
2026-05-11,3481.5,3493.89990234375,3405.0,3438.199951171875,513064.0
2026-05-12,3435.0,3450.0,3339.300048828125,3353.39990234375,597136.0
2026-05-13,3421.800048828125,3533.10009765625,3383.699951171875,3506.39990234375,1385569.0
2026-05-14,3534.0,3587.0,3497.10009765625,3531.10009765625,603907.0
2026-05-15,3523.89990234375,3523.89990234375,3239.0,3311.39990234375,5094743.0
2026-05-18,3278.300048828125,3319.89990234375,3240.89990234375,3290.89990234375,811874.0
2026-05-19,3297.5,3323.39990234375,3253.5,3303.60009765625,908258.0
2026-05-20,3260.0,3317.0,3236.0,3309.300048828125,1017971.0
2026-05-21,3331.0,3348.199951171875,3267.0,3272.699951171875,512509.0
2026-05-22,3278.800048828125,3307.699951171875,3251.0,3296.699951171875,367680.0
2026-05-25,3321.10009765625,3375.89990234375,3316.699951171875,3354.39990234375,578727.0
2026-05-26,3345.39990234375,3356.5,3325.0,3331.5,176984.0
2026-05-27,3334.89990234375,3360.0,3301.199951171875,3306.89990234375,168567.0
2026-05-28,3306.89990234375,3306.89990234375,3306.89990234375,3306.89990234375,0.0
2026-05-29,3307.0,3388.89990234375,3243.0,3342.89990234375,1954693.0
2026-06-01,3330.0,3334.0,3224.10009765625,3246.39990234375,508201.0
2026-06-02,3205.0,3268.60009765625,3179.300048828125,3262.10009765625,901489.0
2026-06-03,3262.10009765625,3266.800048828125,3148.5,3218.300048828125,515696.0
2026-06-04,3224.0,3224.0,3157.0,3169.699951171875,439987.0
2026-06-05,3180.0,3225.0,3126.10009765625,3153.10009765625,553284.0
2026-06-08,3081.800048828125,3113.89990234375,2951.0,2964.699951171875,1025581.0
2026-06-09,2971.0,3008.0,2941.300048828125,2991.10009765625,699009.0
2026-06-10,2959.89990234375,2960.0,2870.0,2898.800048828125,1359025.0
2026-06-11,2846.0,2917.89990234375,2822.60009765625,2890.0,932660.0
2026-06-12,2955.0,3051.699951171875,2951.199951171875,3042.199951171875,733004.0
2026-06-15,3129.0,3214.0,3129.0,3160.10009765625,903623.0
2026-06-16,3165.0,3194.0,3153.300048828125,3166.89990234375,405109.0
2026-06-17,3157.5,3201.199951171875,3133.300048828125,3190.60009765625,378452.0
2026-06-18,3188.10009765625,3193.5,3136.199951171875,3182.39990234375,741832.0
2026-06-19,3126.0,3137.10009765625,3079.800048828125,3126.10009765625,1096624.0
2026-06-22,3169.0,3227.0,3136.10009765625,3216.0,681323.0
2026-06-23,3189.89990234375,3189.89990234375,3085.0,3119.60009765625,728095.0
2026-06-24,3075.0,3139.800048828125,3051.10009765625,3129.89990234375,592980.0
2026-06-25,3118.10009765625,3125.0,3018.199951171875,3025.60009765625,1615791.0
2026-06-26,3025.60009765625,3025.60009765625,3025.60009765625,3025.60009765625,0.0
2026-06-29,3026.0,3050.0,2968.5,3021.199951171875,4360814.0
2026-06-30,3015.199951171875,3028.60009765625,2977.60009765625,2997.300048828125,674294.0
2026-07-01,2988.39990234375,3004.10009765625,2902.300048828125,2914.89990234375,828921.0
2026-07-02,2935.0,3001.0,2933.0,2949.699951171875,1212466.0
2026-07-03,3016.60009765625,3103.89990234375,3005.0,3054.89990234375,2030980.0
2026-07-06,3062.10009765625,3148.0,3062.10009765625,3137.60009765625,1760143.0
2026-07-07,3137.60009765625,3151.0,3081.699951171875,3124.5,842062.0
2026-07-08,3080.0,3169.0,3059.60009765625,3083.300048828125,1260468.0
2026-07-09,3070.10009765625,3114.10009765625,3032.699951171875,3057.39990234375,945580.0
2026-07-10,3096.0,3147.800048828125,3091.0,3129.39990234375,737063.0
2026-07-13,3070.0,3114.89990234375,3047.60009765625,3058.5,1101513.0
2026-07-14,3036.10009765625,3036.10009765625,2976.300048828125,3016.39990234375,691484.0
2026-07-15,3039.0,3070.0,2984.199951171875,3016.199951171875,962072.0
2026-07-16,3016.199951171875,3020.0,2990.0,2996.10009765625,341497.0
2026-07-17,2995.10009765625,2997.89990234375,2936.10009765625,2989.5,551166.0
2026-07-20,2995.0,3019.89990234375,2964.60009765625,2982.800048828125,470922.0
2026-07-21,2990.0,3110.10009765625,2981.89990234375,3079.0,966939.0
2026-07-22,3106.0,3138.699951171875,3029.39990234375,3035.60009765625,551311.0
2026-07-23,3036.0,3084.5,3005.10009765625,3010.39990234375,261161.0
2026-07-24,2995.0,2998.39990234375,2925.10009765625,2986.699951171875,1056004.0
2026-07-27,3020.199951171875,3061.60009765625,3015.0,3025.89990234375,517845.0
2026-07-28,3021.0,3036.0,2968.0,3014.39990234375,662562.0
2026-07-29,3016.89990234375,3046.60009765625,2992.300048828125,3017.89990234375,569238.0
2026-07-30,3027.0,3034.5,2995.0,3008.699951171875,993327.0
2026-07-31,3025.699951171875,3144.800048828125,3015.10009765625,3119.60009765625,1285016.0
2026-08-03,2876.0,2928.0,2671.0,2890.89990234375,8573629.0
2026-08-04,2891.300048828125,2907.0,2870.0,2870.0,1372471.0
2026-08-05,2894.89990234375,2954.89990234375,2889.699951171875,2892.0,1221306.0
2026-08-06,2933.0,2959.39990234375,2881.199951171875,2894.199951171875,1271961.0
2026-08-07,2900.0,2914.0,2870.5,2890.0,813420.0
2026-08-10,2905.0,2938.39990234375,2886.0,2906.0,919536.0
2026-08-11,2920.60009765625,2963.0,2915.0,2915.89990234375,932507.0
2026-08-12,2925.39990234375,2932.89990234375,2870.10009765625,2876.300048828125,822104.0
2026-08-13,2890.0,2904.300048828125,2865.199951171875,2875.699951171875,1175287.0
2026-08-14,2875.699951171875,2883.0,2841.300048828125,2842.0,514052.0
2026-08-17,2840.0,2919.0,2829.10009765625,2888.5,825843.0
2026-08-18,2890.0,2929.10009765625,2875.0,2894.10009765625,499431.0
2026-08-19,2878.0,2886.800048828125,2845.0,2859.0,495026.0
2026-08-20,2910.0,2997.800048828125,2905.39990234375,2970.0,2309964.0
2026-08-21,3009.60009765625,3055.10009765625,2995.0,3022.0,1362004.0
2026-08-24,3056.0,3209.0,3049.800048828125,3209.0,3268593.0
2026-08-25,3209.0,3227.699951171875,3166.39990234375,3201.0,837716.0
2026-08-26,3200.0,3229.0,3186.10009765625,3206.89990234375,486712.0
2026-08-27,3198.699951171875,3246.5,3059.10009765625,3085.0,1120055.0
2026-08-28,3090.699951171875,3107.0,3062.199951171875,3091.0,403576.0
2026-08-31,3048.199951171875,3048.199951171875,2978.10009765625,2978.10009765625,894840.0
2026-09-01,3000.0,3009.199951171875,2890.0,2905.0,750967.0
2026-09-02,2870.0,2937.699951171875,2840.0,2937.699951171875,950173.0
2026-09-03,2975.0,2985.89990234375,2926.5,2926.5,566996.0
2026-09-04,2971.0,2979.89990234375,2913.0,2913.800048828125,583485.0
2026-09-07,2899.0,2920.0,2871.199951171875,2880.0,370903.0
2026-09-08,2890.0,2899.699951171875,2868.800048828125,2899.699951171875,560448.0
2026-09-09,2854.10009765625,2865.300048828125,2795.60009765625,2815.0,1027017.0
2026-09-10,2815.39990234375,2853.89990234375,2807.39990234375,2841.5,408226.0
2026-09-11,2790.0,2820.0,2728.60009765625,2792.10009765625,1015297.0
2026-09-14,2792.10009765625,2792.10009765625,2792.10009765625,2792.10009765625,0.0
2026-09-15,2792.10009765625,2794.0,2722.300048828125,2722.300048828125,451554.0
2026-09-16,2726.0,2804.60009765625,2725.199951171875,2771.39990234375,632020.0
2026-09-17,2761.0,2790.0,2740.0,2770.199951171875,829940.0
2026-09-18,2796.60009765625,2852.0,2784.300048828125,2841.10009765625,654610.0
2026-09-21,2826.0,2874.199951171875,2814.0,2854.199951171875,433892.0
2026-09-22,2855.0,2874.0,2822.0,2831.5,484238.0
2026-09-23,2831.0,2856.5,2814.10009765625,2856.5,711064.0
2026-09-24,2825.0,2855.0,2808.10009765625,2825.300048828125,460320.0
2026-09-25,2830.0,2839.60009765625,2808.0,2835.0,312523.0
2026-09-28,2792.0,2810.0,2756.39990234375,2760.0,804121.0
2026-09-29,2748.0,2764.10009765625,2706.5,2736.800048828125,1190791.0
2026-09-30,2747.89990234375,2783.89990234375,2737.10009765625,2737.10009765625,459482.0
2026-10-01,2729.89990234375,2765.60009765625,2676.89990234375,2697.10009765625,553592.0
2026-10-02,2697.10009765625,2697.10009765625,2697.10009765625,2697.10009765625,0.0
2026-10-05,2711.0,2747.800048828125,2700.0,2716.39990234375,499788.0
2026-10-06,2722.89990234375,2724.10009765625,2679.0,2686.0,369508.0
2026-10-07,2695.199951171875,2695.199951171875,2641.0,2643.89990234375,516958.0
