date,open,high,low,close,volume
2005-01-03,838.3333129882812,879.3333129882812,836.0,871.6666870117188,6424.0
2005-01-04,879.0,903.3333129882812,855.0,884.0,7930.0
2005-01-05,898.6666870117188,920.0,786.6666870117188,838.6666870117188,8679.0
2005-01-06,838.6666870117188,863.0,812.0,823.3333129882812,3207.0
2005-01-07,833.0,920.0,828.0,836.0,3324.0
2005-01-10,840.0,898.3333129882812,840.0,852.0,4722.0
2005-01-11,861.6666870117188,873.0,806.6666870117188,821.6666870117188,3237.0
2005-01-12,821.6666870117188,857.3333129882812,707.3333129882812,729.6666870117188,3748.0
2005-01-13,719.6666870117188,779.0,719.6666870117188,768.6666870117188,3310.0
2005-01-14,779.0,840.0,774.3333129882812,819.6666870117188,7226.0
2005-01-17,865.6666870117188,874.6666870117188,800.0,831.3333129882812,6234.0
2005-01-18,813.3333129882812,862.3333129882812,813.3333129882812,833.3333129882812,4316.0
2005-01-19,839.3333129882812,858.3333129882812,823.3333129882812,834.0,3063.0
2005-01-20,960.0,999.3333129882812,877.3333129882812,931.0,31029.0
2005-01-24,934.0,936.0,800.6666870117188,889.6666870117188,3876.0
2005-01-25,891.3333129882812,891.3333129882812,866.6666870117188,881.6666870117188,2006.0
2005-01-27,892.6666870117188,946.6666870117188,892.6666870117188,938.3333129882812,6493.0
2005-01-28,951.6666870117188,958.3333129882812,914.0,925.0,4951.0
2005-01-31,931.3333129882812,966.6666870117188,921.6666870117188,951.6666870117188,6251.0
2005-02-01,932.6666870117188,961.3333129882812,932.0,939.6666870117188,2631.0
2005-02-02,933.6666870117188,974.0,933.6666870117188,966.6666870117188,4328.0
2005-02-03,978.0,986.6666870117188,953.3333129882812,970.0,2596.0
2005-02-04,979.6666870117188,980.0,944.0,958.3333129882812,1750.0
2005-02-07,965.0,1013.3333129882812,965.0,987.6666870117188,4566.0
2005-02-08,986.6666870117188,1002.6666870117188,970.6666870117188,983.3333129882812,2973.0
2005-02-09,992.0,992.0,978.3333129882812,986.0,1810.0
2005-02-10,1026.6666259765625,1039.6666259765625,990.0,1022.6666870117188,4940.0
2005-02-11,1032.0,1050.0,1007.0,1022.0,2314.0
2005-02-14,993.6666870117188,1035.3333740234375,993.6666870117188,1006.6666870117188,3825.0
2005-02-15,1015.6666870117188,1016.6666870117188,980.0,992.3333129882812,2000.0
2005-02-16,998.0,1022.6666870117188,966.6666870117188,976.3333129882812,1404.0
2005-02-17,985.3333129882812,999.0,939.0,949.0,1140.0
2005-02-18,953.3333129882812,983.3333129882812,953.3333129882812,962.6666870117188,1151.0
2005-02-21,986.3333129882812,986.3333129882812,940.0,957.6666870117188,1302.0
2005-02-22,986.3333129882812,1013.3333129882812,940.0,1005.0,5787.0
2005-02-23,1006.0,1013.0,973.3333129882812,984.6666870117188,3088.0
2005-02-24,940.3333129882812,1000.6666870117188,940.3333129882812,972.6666870117188,1148.0
2005-02-25,990.0,990.0,937.3333129882812,945.6666870117188,1592.0
2005-02-28,1009.3333129882812,1031.6666259765625,960.0,973.6666870117188,7730.0
2005-03-01,985.3333129882812,1046.6666259765625,966.6666870117188,1018.6666870117188,11061.0
2005-03-02,1033.3333740234375,1043.3333740234375,1024.0,1027.0,3336.0
2005-03-03,1033.3333740234375,1036.6666259765625,1017.3333129882812,1019.6666870117188,1368.0
2005-03-04,1030.6666259765625,1082.3333740234375,1018.0,1056.3333740234375,6835.0
2005-03-07,1070.0,1228.6666259765625,1066.6666259765625,1209.6666259765625,22504.0
2005-03-08,1206.3333740234375,1451.6666259765625,1206.3333740234375,1437.6666259765625,41135.0
2005-03-09,1462.6666259765625,1546.6666259765625,1367.3333740234375,1436.3333740234375,57397.0
2005-03-10,1426.6666259765625,1525.3333740234375,1393.3333740234375,1465.6666259765625,33238.0
2005-03-11,1473.3333740234375,1511.0,1417.0,1430.0,20947.0
2005-03-14,1442.6666259765625,1513.3333740234375,1412.0,1448.3333740234375,18991.0
2005-03-15,1452.6666259765625,1593.3333740234375,1450.0,1583.0,70933.0
2005-03-16,1596.6666259765625,1679.0,1577.0,1595.3333740234375,46465.0
2005-03-17,1604.6666259765625,1646.6666259765625,1566.6666259765625,1619.3333740234375,26388.0
2005-03-18,1640.0,1652.0,1584.0,1613.3333740234375,17591.0
2005-03-21,1625.3333740234375,1630.0,1553.3333740234375,1575.3333740234375,13624.0
2005-03-22,1566.6666259765625,1583.0,1520.0,1531.3333740234375,7705.0
2005-03-23,1533.3333740234375,1545.3333740234375,1446.6666259765625,1471.3333740234375,5916.0
2005-03-24,1448.0,1490.0,1325.6666259765625,1451.6666259765625,13022.0
2005-03-28,1466.6666259765625,1480.3333740234375,1427.3333740234375,1444.0,4715.0
2005-03-29,1448.3333740234375,1448.3333740234375,1337.0,1347.3333740234375,3530.0
2005-03-30,1361.0,1482.3333740234375,1348.3333740234375,1476.0,24829.0
2005-03-31,1493.3333740234375,1623.6666259765625,1487.0,1597.0,27352.0
2005-04-01,1606.6666259765625,1673.3333740234375,1567.0,1601.6666259765625,38440.0
2005-04-04,1606.6666259765625,1630.0,1560.6666259765625,1571.6666259765625,14112.0
2005-04-05,1580.0,1638.0,1574.0,1589.6666259765625,15597.0
2005-04-06,1603.3333740234375,1641.6666259765625,1600.0,1616.3333740234375,13008.0
2005-04-07,1633.3333740234375,1633.3333740234375,1576.6666259765625,1587.3333740234375,5044.0
2005-04-08,1598.6666259765625,1598.6666259765625,1520.6666259765625,1537.3333740234375,4731.0
2005-04-11,1546.0,1606.6666259765625,1490.6666259765625,1593.3333740234375,9264.0
2005-04-12,1613.3333740234375,1666.0,1613.3333740234375,1632.3333740234375,11969.0
2005-04-13,1646.6666259765625,1700.0,1616.6666259765625,1661.0,19668.0
2005-04-15,1659.6666259765625,1659.6666259765625,1567.3333740234375,1582.0,9425.0
2005-04-18,1506.6666259765625,1625.6666259765625,1506.6666259765625,1596.0,7157.0
2005-04-19,1625.3333740234375,1669.3333740234375,1534.3333740234375,1553.3333740234375,13140.0
2005-04-20,1562.6666259765625,1612.6666259765625,1554.3333740234375,1595.3333740234375,6375.0
2005-04-21,1593.0,1610.0,1566.6666259765625,1591.6666259765625,4577.0
2005-04-22,1606.6666259765625,1616.0,1572.6666259765625,1584.6666259765625,4646.0
2005-04-25,1583.3333740234375,1592.0,1556.3333740234375,1560.6666259765625,2508.0
2005-04-26,1571.3333740234375,1586.6666259765625,1500.0,1520.6666259765625,3761.0
2005-04-27,1520.0,1580.0,1441.0,1551.0,11330.0
2005-04-28,1566.6666259765625,1566.6666259765625,1526.6666259765625,1541.0,1791.0
2005-04-29,1466.6666259765625,1554.3333740234375,1466.6666259765625,1508.0,6982.0
2005-05-02,1526.3333740234375,1546.6666259765625,1507.0,1534.6666259765625,3010.0
2005-05-03,1540.0,1590.0,1520.0,1550.3333740234375,4173.0
2005-05-04,1553.3333740234375,1586.6666259765625,1540.0,1546.3333740234375,3199.0
2005-05-05,1569.6666259765625,1620.0,1563.3333740234375,1573.3333740234375,7166.0
2005-05-06,1573.3333740234375,1583.3333740234375,1546.6666259765625,1563.3333740234375,2751.0
2005-05-09,1560.0,1576.3333740234375,1541.3333740234375,1550.3333740234375,1978.0
2005-05-10,1562.6666259765625,1596.3333740234375,1533.3333740234375,1557.3333740234375,10997.0
2005-05-11,1559.6666259765625,1559.6666259765625,1533.3333740234375,1537.6666259765625,1443.0
2005-05-12,1546.6666259765625,1558.0,1520.0,1523.6666259765625,1762.0
2005-05-13,1526.6666259765625,1542.0,1510.6666259765625,1518.0,1850.0
2005-05-16,1532.0,1632.0,1532.0,1604.3333740234375,17341.0
2005-05-17,1618.0,1649.3333740234375,1548.3333740234375,1559.3333740234375,5827.0
2005-05-18,1566.6666259765625,1572.3333740234375,1533.3333740234375,1545.6666259765625,1590.0
2005-05-19,1569.3333740234375,1593.3333740234375,1550.0,1555.6666259765625,2051.0
2005-05-20,1566.6666259765625,1566.6666259765625,1533.6666259765625,1540.0,820.0
2005-05-23,1572.3333740234375,1599.3333740234375,1545.0,1578.0,1689.0
2005-05-24,1580.0,1599.3333740234375,1548.3333740234375,1564.6666259765625,1203.0
2005-05-25,1593.3333740234375,1640.0,1587.3333740234375,1629.6666259765625,20750.0
2005-05-26,1640.0,1736.6666259765625,1640.0,1699.3333740234375,25320.0
2005-05-27,1716.6666259765625,1869.3333740234375,1707.3333740234375,1862.6666259765625,99111.0
2005-05-30,1873.3333740234375,1916.3333740234375,1820.3333740234375,1857.6666259765625,38969.0
2005-05-31,1878.6666259765625,1936.0,1838.6666259765625,1903.0,49364.0
2005-06-01,1913.3333740234375,1930.6666259765625,1871.3333740234375,1882.3333740234375,17121.0
2005-06-02,1893.3333740234375,1895.3333740234375,1824.3333740234375,1832.3333740234375,6789.0
2005-06-03,1833.3333740234375,1924.0,1790.0,1923.6666259765625,18044.0
2005-06-06,1914.0,1925.3333740234375,1835.3333740234375,1855.3333740234375,6874.0
2005-06-07,1853.3333740234375,1907.6666259765625,1846.6666259765625,1868.0,6581.0
2005-06-08,1885.3333740234375,1905.0,1870.0,1877.0,3814.0
2005-06-09,1882.6666259765625,1906.0,1847.3333740234375,1878.6666259765625,4671.0
2005-06-10,1874.6666259765625,1892.6666259765625,1853.3333740234375,1865.6666259765625,2396.0
2005-06-13,1869.0,1899.0,1843.3333740234375,1875.6666259765625,3966.0
2005-06-14,1898.0,1898.0,1833.3333740234375,1840.6666259765625,2772.0
2005-06-15,1833.3333740234375,1866.0,1810.3333740234375,1816.6666259765625,1939.0
2005-06-16,1832.0,1856.6666259765625,1794.0,1827.3333740234375,9149.0
2005-06-17,1831.3333740234375,1831.3333740234375,1753.6666259765625,1769.3333740234375,2029.0
2005-06-20,1792.6666259765625,1792.6666259765625,1713.6666259765625,1730.3333740234375,1222.0
2005-06-21,1730.0,1730.0,1651.0,1687.6666259765625,4710.0
2005-06-22,1693.3333740234375,1752.6666259765625,1693.3333740234375,1733.3333740234375,3744.0
2005-06-23,1737.6666259765625,1737.6666259765625,1674.3333740234375,1690.0,2230.0
2005-06-24,1680.6666259765625,1720.0,1668.0,1703.3333740234375,1221.0
2005-06-27,1732.0,1766.6666259765625,1694.3333740234375,1707.0,1409.0
2005-06-28,1713.3333740234375,1713.3333740234375,1647.3333740234375,1657.3333740234375,910.0
2005-06-29,1656.6666259765625,1732.6666259765625,1653.3333740234375,1696.0,1459.0
2005-06-30,1705.3333740234375,1705.3333740234375,1633.3333740234375,1654.0,1201.0
2005-07-01,1669.6666259765625,1704.6666259765625,1633.3333740234375,1660.6666259765625,808.0
2005-07-04,1669.6666259765625,1693.3333740234375,1669.6666259765625,1682.6666259765625,2082.0
2005-07-05,1692.0,1779.3333740234375,1661.3333740234375,1727.6666259765625,8968.0
2005-07-06,1733.3333740234375,1753.3333740234375,1695.3333740234375,1704.6666259765625,1440.0
2005-07-07,1704.6666259765625,1726.6666259765625,1594.0,1632.3333740234375,1951.0
2005-07-08,1659.3333740234375,1698.6666259765625,1634.0,1646.3333740234375,1165.0
2005-07-11,1665.3333740234375,1685.0,1621.0,1630.6666259765625,1514.0
2005-07-12,1665.3333740234375,1665.3333740234375,1610.0,1622.6666259765625,1489.0
2005-07-13,1628.0,1646.6666259765625,1612.0,1617.3333740234375,768.0
2005-07-14,1665.3333740234375,1665.3333740234375,1612.0,1626.3333740234375,1060.0
2005-07-15,1614.0,1660.0,1614.0,1626.0,977.0
2005-07-18,1640.0,1646.6666259765625,1624.3333740234375,1633.3333740234375,864.0
2005-07-19,1646.3333740234375,1646.6666259765625,1603.3333740234375,1631.3333740234375,1426.0
2005-07-20,1626.6666259765625,1699.6666259765625,1626.6666259765625,1674.6666259765625,2621.0
2005-07-21,1690.0,1713.3333740234375,1633.6666259765625,1651.3333740234375,2987.0
2005-07-22,1656.3333740234375,1673.3333740234375,1620.0,1634.6666259765625,2165.0
2005-07-25,1659.3333740234375,1678.0,1635.0,1656.0,1255.0
2005-07-26,1680.0,1686.6666259765625,1646.6666259765625,1670.6666259765625,1023.0
2005-07-27,1666.6666259765625,1739.0,1646.6666259765625,1677.0,2883.0
2005-07-28,50.310001373291016,50.310001373291016,50.310001373291016,50.310001373291016,0.0
2005-07-29,1680.0,1680.0,1627.3333740234375,1635.0,527.0
2005-08-01,1666.6666259765625,1700.0,1620.0,1675.0,1523.0
2005-08-02,1686.0,1700.0,1673.3333740234375,1696.3333740234375,1249.0
2005-08-03,1726.6666259765625,1752.6666259765625,1670.6666259765625,1732.6666259765625,9888.0
2005-08-04,1800.0,1866.0,1761.0,1823.3333740234375,11944.0
2005-08-05,1837.6666259765625,1905.6666259765625,1835.3333740234375,1872.0,11400.0
2005-08-08,1873.0,1966.6666259765625,1854.0,1886.6666259765625,9688.0
2005-08-09,1869.3333740234375,1905.6666259765625,1842.6666259765625,1857.0,3979.0
2005-08-10,1866.6666259765625,1880.0,1853.3333740234375,1872.0,1371.0
2005-08-11,1800.0,1940.0,1800.0,1910.6666259765625,4118.0
2005-08-12,1926.6666259765625,1944.6666259765625,1866.6666259765625,1876.0,3887.0
2005-08-16,1892.6666259765625,1905.3333740234375,1853.3333740234375,1874.0,4091.0
2005-08-17,1884.3333740234375,1888.6666259765625,1841.6666259765625,1851.6666259765625,2024.0
2005-08-18,1866.6666259765625,1888.6666259765625,1833.3333740234375,1847.3333740234375,1167.0
2005-08-19,1873.0,1874.0,1822.0,1835.0,812.0
2005-08-22,1765.0,1866.6666259765625,1765.0,1846.0,1039.0
2005-08-23,1855.6666259765625,1855.6666259765625,1760.3333740234375,1773.0,1011.0
2005-08-24,1748.0,1800.0,1720.0,1739.6666259765625,776.0
2005-08-25,1746.6666259765625,1786.6666259765625,1700.0,1782.6666259765625,403.0
2005-08-26,1793.3333740234375,1879.0,1793.3333740234375,1867.6666259765625,4969.0
2005-08-29,1892.3333740234375,1993.3333740234375,1840.0,1872.6666259765625,5257.0
2005-08-30,1853.3333740234375,1906.6666259765625,1853.3333740234375,1895.0,2790.0
2005-08-31,1906.3333740234375,1950.0,1833.3333740234375,1847.6666259765625,1644.0
2005-09-01,1826.6666259765625,1890.0,1826.6666259765625,1868.0,1291.0
2005-09-02,1870.3333740234375,1910.0,1870.0,1884.6666259765625,1841.0
2005-09-05,1846.6666259765625,1920.0,1846.6666259765625,1849.6666259765625,606.0
2005-09-06,1873.3333740234375,1912.6666259765625,1847.0,1857.6666259765625,1230.0
2005-09-08,1892.3333740234375,1892.3333740234375,1806.6666259765625,1817.0,838.0
2005-09-09,1852.0,1852.0,1786.6666259765625,1804.6666259765625,739.0
2005-09-12,1846.6666259765625,1850.0,1781.6666259765625,1790.3333740234375,839.0
2005-09-13,1793.3333740234375,1820.0,1793.3333740234375,1807.6666259765625,1063.0
2005-09-14,1806.6666259765625,1819.6666259765625,1780.6666259765625,1790.6666259765625,891.0
2005-09-15,1820.0,1953.3333740234375,1785.0,1919.6666259765625,5998.0
2005-09-16,1946.6666259765625,2233.333251953125,1946.6666259765625,2151.333251953125,36081.0
2005-09-19,2173.0,2213.0,2090.333251953125,2116.333251953125,12222.0
2005-09-20,2100.0,2126.0,1980.0,1996.6666259765625,5283.0
2005-09-21,2013.3333740234375,2066.666748046875,1893.6666259765625,1942.6666259765625,4885.0
2005-09-22,1940.0,1993.3333740234375,1748.6666259765625,1748.6666259765625,5602.0
2005-09-23,1779.6666259765625,1923.6666259765625,1768.3333740234375,1885.3333740234375,6109.0
2005-09-26,1923.6666259765625,2074.0,1880.0,2071.333251953125,6855.0
2005-09-27,2099.333251953125,2122.666748046875,2000.0,2005.0,8381.0
2005-09-28,2023.3333740234375,2086.666748046875,2007.3333740234375,2021.6666259765625,9935.0
2005-09-29,2040.0,2040.0,1933.3333740234375,1952.6666259765625,2518.0
2005-09-30,1978.0,1986.6666259765625,1877.0,1919.0,2665.0
2005-10-03,1973.3333740234375,1973.3333740234375,1901.3333740234375,1922.3333740234375,805.0
2005-10-04,1940.0,1972.0,1913.3333740234375,1924.6666259765625,1453.0
2005-10-05,1946.6666259765625,2026.3333740234375,1908.3333740234375,1928.6666259765625,3595.0
2005-10-06,1960.0,2048.333251953125,1886.6666259765625,1975.0,9304.0
2005-10-07,2000.0,2049.333251953125,1950.3333740234375,1959.6666259765625,5464.0
2005-10-10,1974.0,1986.0,1877.3333740234375,1892.0,1428.0
2005-10-11,1926.0,1926.0,1833.3333740234375,1857.6666259765625,1125.0
2005-10-13,1880.0,1903.3333740234375,1840.0,1855.6666259765625,1205.0
2005-10-14,1860.0,1866.6666259765625,1806.6666259765625,1827.6666259765625,1558.0
2005-10-17,1833.3333740234375,1844.6666259765625,1808.0,1823.0,880.0
2005-10-18,1830.0,1843.3333740234375,1794.0,1819.0,1392.0
2005-10-19,1819.0,1819.0,1726.6666259765625,1739.3333740234375,1009.0
2005-10-20,1800.0,1820.0,1666.6666259765625,1679.0,894.0
2005-10-21,1676.6666259765625,1680.0,1583.3333740234375,1602.0,1230.0
2005-10-24,1610.0,1672.6666259765625,1480.6666259765625,1644.0,777.0
2005-10-25,1570.3333740234375,1713.3333740234375,1570.3333740234375,1646.3333740234375,1287.0
2005-10-26,1581.6666259765625,1699.6666259765625,1581.6666259765625,1688.3333740234375,2559.0
2005-10-27,1696.6666259765625,1766.6666259765625,1680.0,1748.6666259765625,1623.0
2005-10-28,1733.3333740234375,1765.6666259765625,1680.0,1695.6666259765625,1614.0
2005-10-31,1726.6666259765625,1732.0,1659.3333740234375,1671.3333740234375,3855.0
2005-11-02,1700.0,1706.6666259765625,1673.3333740234375,1694.3333740234375,134.0
2005-11-04,1694.3333740234375,1694.3333740234375,1694.3333740234375,1694.3333740234375,0.0
2005-11-07,1693.3333740234375,1699.6666259765625,1673.3333740234375,1696.3333740234375,385.0
2005-11-08,1703.3333740234375,1733.3333740234375,1688.3333740234375,1720.6666259765625,948.0
2005-11-09,1700.3333740234375,1746.6666259765625,1680.6666259765625,1705.3333740234375,666.0
2005-11-10,1729.3333740234375,1730.0,1694.0,1708.6666259765625,219.0
2005-11-11,1753.3333740234375,1753.3333740234375,1700.0,1708.6666259765625,486.0
2005-11-14,1756.6666259765625,1879.6666259765625,1733.3333740234375,1776.0,5429.0
2005-11-16,1766.6666259765625,1830.0,1748.3333740234375,1765.3333740234375,1330.0
2005-11-17,1753.3333740234375,1812.6666259765625,1669.0,1750.0,2747.0
2005-11-18,1706.6666259765625,1765.3333740234375,1680.0,1731.3333740234375,1305.0
2005-11-21,1718.0,1753.3333740234375,1710.6666259765625,1726.0,408.0
2005-11-22,1713.3333740234375,1756.6666259765625,1710.0,1726.0,603.0
2005-11-23,1734.0,1740.0,1720.3333740234375,1729.3333740234375,209.0
2005-11-24,1786.6666259765625,1786.6666259765625,1726.6666259765625,1745.0,393.0
2005-11-25,1786.6666259765625,1786.6666259765625,1724.6666259765625,1729.3333740234375,1139.0
2005-11-28,1726.6666259765625,1813.3333740234375,1726.6666259765625,1764.0,2557.0
2005-11-29,1777.6666259765625,1798.0,1733.3333740234375,1775.0,1054.0
2005-11-30,1776.6666259765625,1793.3333740234375,1733.3333740234375,1742.6666259765625,497.0
2005-12-01,1747.0,1766.3333740234375,1740.0,1747.3333740234375,179.0
2005-12-02,1786.6666259765625,1790.0,1737.3333740234375,1742.3333740234375,372.0
2005-12-05,1793.3333740234375,1793.3333740234375,1708.0,1727.3333740234375,307.0
2005-12-06,1743.3333740234375,1746.6666259765625,1713.3333740234375,1717.6666259765625,162.0
2005-12-07,1726.6666259765625,1770.0,1706.6666259765625,1753.6666259765625,859.0
2005-12-08,1750.0,1753.3333740234375,1724.0,1735.0,455.0
2005-12-09,1751.3333740234375,1751.3333740234375,1726.6666259765625,1731.6666259765625,280.0
2005-12-12,1700.6666259765625,1766.6666259765625,1700.6666259765625,1737.3333740234375,609.0
2005-12-13,1765.3333740234375,1765.3333740234375,1733.3333740234375,1734.6666259765625,494.0
2005-12-14,1783.3333740234375,1783.3333740234375,1680.0,1718.6666259765625,519.0
2005-12-15,1726.6666259765625,1739.3333740234375,1700.0,1707.6666259765625,460.0
2005-12-16,1683.3333740234375,1732.6666259765625,1674.3333740234375,1724.6666259765625,2540.0
2005-12-19,1720.0,1732.6666259765625,1692.6666259765625,1702.6666259765625,376.0
2005-12-20,1700.0,1706.6666259765625,1680.0,1687.3333740234375,178.0
2005-12-21,1733.3333740234375,1733.3333740234375,1653.3333740234375,1664.3333740234375,664.0
2005-12-22,1678.6666259765625,1780.0,1658.6666259765625,1723.3333740234375,7051.0
2005-12-23,1733.3333740234375,1746.6666259765625,1676.6666259765625,1684.3333740234375,2424.0
2005-12-26,1732.0,1732.0,1650.0,1671.6666259765625,575.0
2005-12-27,1667.0,1696.6666259765625,1661.3333740234375,1672.6666259765625,1596.0
2005-12-28,1548.6666259765625,1740.0,1548.6666259765625,1660.3333740234375,865.0
2005-12-29,1693.0,1693.3333740234375,1653.3333740234375,1669.0,1945.0
2005-12-30,1676.6666259765625,1719.3333740234375,1673.3333740234375,1696.6666259765625,750.0
2006-01-02,1713.3333740234375,1733.3333740234375,1700.0,1708.0,452.0
2006-01-03,1726.6666259765625,1879.0,1707.0,1875.3333740234375,14973.0
2006-01-04,1898.0,1966.0,1867.0,1910.0,18019.0
2006-01-05,1966.6666259765625,1966.6666259765625,1868.3333740234375,1884.3333740234375,29012.0
2006-01-06,1917.3333740234375,1973.3333740234375,1893.3333740234375,1922.6666259765625,11899.0
2006-01-09,1933.3333740234375,1983.3333740234375,1933.3333740234375,1975.0,9704.0
2006-01-10,1980.0,1991.6666259765625,1893.6666259765625,1910.3333740234375,3307.0
2006-01-12,1913.3333740234375,1920.0,1800.0,1877.6666259765625,1560.0
2006-01-13,1893.3333740234375,1913.3333740234375,1848.3333740234375,1867.3333740234375,767.0
2006-01-16,1886.6666259765625,1886.6666259765625,1842.0,1864.0,430.0
2006-01-17,1866.6666259765625,1906.0,1835.3333740234375,1850.3333740234375,729.0
2006-01-18,1836.6666259765625,1866.0,1833.3333740234375,1850.0,448.0
2006-01-19,1848.0,1925.0,1848.0,1889.6666259765625,2254.0
2006-01-20,1912.6666259765625,1920.0,1880.0,1884.0,730.0
2006-01-23,1860.6666259765625,1906.0,1860.6666259765625,1902.0,647.0
2006-01-24,1923.3333740234375,1933.3333740234375,1880.0,1883.6666259765625,315.0
2006-01-25,1886.6666259765625,1900.6666259765625,1860.0,1871.3333740234375,302.0
2006-01-27,1867.3333740234375,1880.0,1840.0,1860.6666259765625,423.0
2006-01-30,1886.6666259765625,1993.3333740234375,1833.3333740234375,1953.3333740234375,3667.0
2006-01-31,2066.0,2126.666748046875,1960.0,1975.6666259765625,8222.0
2006-02-01,1986.6666259765625,2013.0,1900.0,1909.3333740234375,2390.0
2006-02-02,1924.0,1960.0,1903.3333740234375,1915.3333740234375,2329.0
2006-02-03,1901.3333740234375,1913.3333740234375,1871.3333740234375,1888.0,1236.0
2006-02-06,1914.6666259765625,2077.0,1906.6666259765625,2076.333251953125,14830.0
2006-02-07,2122.666748046875,2126.333251953125,2021.0,2049.0,8063.0
2006-02-08,2066.0,2254.0,2033.3333740234375,2254.0,31064.0
2006-02-10,2266.666748046875,2309.0,2108.333251953125,2128.666748046875,16979.0
2006-02-13,2113.333251953125,2198.666748046875,2093.333251953125,2112.0,5244.0
2006-02-14,2006.6666259765625,2180.0,2006.6666259765625,2066.666748046875,2906.0
2006-02-15,2092.333251953125,2146.666748046875,2040.6666259765625,2051.666748046875,3649.0
2006-02-16,2072.666748046875,2085.333251953125,2033.3333740234375,2040.3333740234375,1742.0
2006-02-17,2060.666748046875,2118.0,2021.3333740234375,2026.3333740234375,5682.0
2006-02-20,2033.3333740234375,2033.3333740234375,1920.3333740234375,2001.3333740234375,2623.0
2006-02-21,2013.3333740234375,2100.0,2006.6666259765625,2055.333251953125,4282.0
2006-02-22,2053.333251953125,2140.0,2053.333251953125,2114.666748046875,7969.0
2006-02-23,2126.666748046875,2235.0,2120.0,2143.0,13309.0
2006-02-24,2135.0,2165.0,2073.333251953125,2098.666748046875,3521.0
2006-02-27,2120.0,2134.666748046875,2067.0,2098.666748046875,1228.0
2006-02-28,2116.0,2166.666748046875,2080.666748046875,2098.333251953125,5091.0
2006-03-01,2109.666748046875,2160.0,2091.666748046875,2131.666748046875,2895.0
2006-03-02,2146.666748046875,2285.333251953125,2146.666748046875,2262.333251953125,9194.0
2006-03-03,2253.333251953125,2266.666748046875,2175.0,2201.0,6335.0
2006-03-06,2213.0,2245.333251953125,2183.333251953125,2198.666748046875,1960.0
2006-03-07,2200.0,2256.666748046875,2180.0,2200.333251953125,2297.0
2006-03-08,2213.333251953125,2293.333251953125,2166.666748046875,2201.666748046875,6098.0
2006-03-09,2232.666748046875,2233.0,2166.666748046875,2176.666748046875,598.0
2006-03-10,2213.333251953125,2230.0,2167.0,2201.666748046875,747.0
2006-03-13,2233.333251953125,2422.0,2209.333251953125,2394.0,18374.0
2006-03-14,2416.0,2416.0,2277.0,2295.333251953125,4440.0
2006-03-16,2293.333251953125,2328.666748046875,2235.0,2257.333251953125,1128.0
2006-03-17,2266.666748046875,2303.333251953125,2213.333251953125,2230.333251953125,1606.0
2006-03-20,2251.333251953125,2280.0,2220.0,2237.333251953125,7995.0
2006-03-21,2259.0,2265.333251953125,2201.666748046875,2216.0,3094.0
2006-03-22,2236.666748046875,2240.0,2113.333251953125,2133.666748046875,577.0
2006-03-23,2191.333251953125,2347.333251953125,2027.0,2346.666748046875,6108.0
2006-03-24,2366.0,2500.0,2346.666748046875,2414.0,18620.0
2006-03-27,2433.333251953125,2433.333251953125,2327.0,2379.0,28186.0
2006-03-28,2451.333251953125,2500.0,2301.0,2325.666748046875,4739.0
2006-03-29,2333.333251953125,2386.666748046875,2253.333251953125,2325.666748046875,4815.0
2006-03-30,2373.333251953125,2393.333251953125,2310.0,2356.666748046875,13771.0
2006-03-31,2413.333251953125,2432.666748046875,2340.0,2355.666748046875,911.0
2006-04-03,2400.0,2413.333251953125,2366.666748046875,2380.666748046875,966.0
2006-04-04,2433.333251953125,2433.333251953125,2337.333251953125,2356.0,353.0
2006-04-05,2366.666748046875,2393.333251953125,2360.0,2369.666748046875,271.0
2006-04-07,2386.666748046875,2420.0,2280.0,2291.333251953125,376.0
2006-04-10,2291.333251953125,2326.666748046875,2240.0,2271.0,263.0
2006-04-12,2253.333251953125,2317.0,2166.666748046875,2205.333251953125,1015.0
2006-04-13,2200.0,2226.666748046875,2133.333251953125,2192.666748046875,491.0
2006-04-17,2246.666748046875,2246.666748046875,2121.333251953125,2182.666748046875,4883.0
2006-04-18,2189.666748046875,2230.0,2143.333251953125,2149.666748046875,1352.0
2006-04-19,2198.333251953125,2198.333251953125,2081.333251953125,2109.666748046875,1450.0
2006-04-20,2133.333251953125,2158.666748046875,2060.0,2123.0,5365.0
2006-04-21,2163.333251953125,2300.0,2140.0,2154.0,1539.0
2006-04-24,2190.0,2266.666748046875,2166.666748046875,2200.666748046875,22438.0
2006-04-25,2248.0,2300.0,2187.0,2201.0,2134.0
2006-04-26,2256.666748046875,2256.666748046875,2146.666748046875,2174.0,647.0
2006-04-27,2200.0,2391.666748046875,2180.0,2386.333251953125,4308.0
2006-04-28,2268.333251953125,2433.333251953125,2200.0,2307.0,2277.0
2006-05-02,2386.666748046875,2420.0,2314.0,2362.0,4256.0
2006-05-03,2320.666748046875,2426.666748046875,2250.0,2281.666748046875,502.0
2006-05-04,2331.333251953125,2331.333251953125,2237.0,2243.0,196.0
2006-05-05,2282.666748046875,2366.666748046875,2244.333251953125,2262.0,34700.0
2006-05-08,2293.0,2363.333251953125,2247.0,2268.666748046875,875.0
2006-05-09,2270.0,2346.666748046875,2233.333251953125,2282.666748046875,689.0
2006-05-10,2310.0,2310.0,2253.333251953125,2265.333251953125,167.0
2006-05-11,2326.0,2326.0,2228.0,2236.666748046875,205.0
2006-05-12,2259.333251953125,2280.0,2216.666748046875,2226.0,234.0
2006-05-15,2265.333251953125,2265.333251953125,2141.0,2175.666748046875,190.0
2006-05-16,2120.0,2146.666748046875,2054.0,2103.0,242.0
2006-05-17,2133.333251953125,2406.666748046875,2133.333251953125,2341.666748046875,1855.0
2006-05-18,2340.0,2340.0,2166.666748046875,2203.0,792.0
2006-05-19,2280.0,2280.0,2153.333251953125,2196.0,1150.0
2006-05-22,2200.0,2253.333251953125,2007.6666259765625,2165.666748046875,3433.0
2006-05-23,2290.666748046875,2290.666748046875,2100.0,2199.0,1961.0
2006-05-24,2259.333251953125,2259.333251953125,2066.666748046875,2197.666748046875,1934.0
2006-05-25,2136.666748046875,2170.0,2126.666748046875,2156.333251953125,142.0
2006-05-26,2199.0,2233.333251953125,2166.666748046875,2168.333251953125,137.0
2006-05-29,2180.0,2233.333251953125,2148.333251953125,2151.333251953125,120.0
2006-05-30,2300.0,2300.0,2101.0,2118.333251953125,159.0
2006-05-31,2199.333251953125,2199.333251953125,1993.3333740234375,2059.666748046875,1583.0
2006-06-01,2094.333251953125,2143.0,2026.6666259765625,2036.3333740234375,123.0
2006-06-02,2066.666748046875,2086.666748046875,1905.3333740234375,1969.6666259765625,596.0
2006-06-05,2133.333251953125,2133.333251953125,1953.3333740234375,2000.3333740234375,112.0
2006-06-06,1920.0,2026.6666259765625,1900.0,2002.3333740234375,253.0
2006-06-07,2026.6666259765625,2026.6666259765625,1940.0,1999.3333740234375,631.0
2006-06-08,1950.0,2133.333251953125,1709.3333740234375,1935.0,4313.0
2006-06-09,1965.3333740234375,2001.6666259765625,1814.3333740234375,1968.3333740234375,1812.0
2006-06-12,2133.333251953125,2133.333251953125,1884.0,1944.6666259765625,1008.0
2006-06-13,1926.6666259765625,1926.6666259765625,1826.6666259765625,1835.3333740234375,1786.0
2006-06-14,2132.666748046875,2132.666748046875,1734.0,1785.0,1305.0
2006-06-15,1786.6666259765625,1866.6666259765625,1673.0,1781.6666259765625,1881.0
2006-06-16,1933.3333740234375,1933.3333740234375,1721.3333740234375,1769.6666259765625,1440.0
2006-06-19,1800.0,1850.0,1680.3333740234375,1756.3333740234375,1094.0
2006-06-20,1756.6666259765625,1813.3333740234375,1734.0,1779.6666259765625,724.0
2006-06-21,1779.3333740234375,1826.6666259765625,1760.0,1801.3333740234375,744.0
2006-06-22,1860.0,2000.0,1801.3333740234375,1860.3333740234375,843.0
2006-06-23,1733.3333740234375,1926.6666259765625,1733.3333740234375,1892.6666259765625,623.0
2006-06-26,1846.6666259765625,1873.3333740234375,1773.3333740234375,1795.6666259765625,768.0
2006-06-27,1833.0,1833.0,1768.3333740234375,1794.3333740234375,31.0
2006-06-28,1799.3333740234375,1853.3333740234375,1780.0,1795.3333740234375,104.0
2006-06-29,1933.0,1933.0,1770.0,1847.0,579.0
2006-06-30,1886.6666259765625,1926.6666259765625,1740.6666259765625,1866.3333740234375,3181.0
2006-07-03,1892.0,1892.0,1820.0,1841.6666259765625,182.0
2006-07-04,1886.3333740234375,1930.0,1821.0,1859.6666259765625,680.0
2006-07-05,1813.6666259765625,1893.6666259765625,1808.6666259765625,1885.6666259765625,551.0
2006-07-06,1866.6666259765625,1866.6666259765625,1826.6666259765625,1847.0,684.0
2006-07-07,2033.3333740234375,2033.3333740234375,1767.3333740234375,1784.0,3237.0
2006-07-10,1770.0,1826.6666259765625,1770.0,1785.0,64.0
2006-07-11,1786.6666259765625,1826.6666259765625,1780.0,1805.0,98.0
2006-07-12,1774.0,1866.6666259765625,1760.0,1798.6666259765625,697.0
2006-07-13,1825.6666259765625,1859.3333740234375,1825.6666259765625,1844.0,445.0
2006-07-14,1820.0,1916.3333740234375,1794.0,1903.6666259765625,306.0
2006-07-17,1926.6666259765625,1926.6666259765625,1860.0,1863.3333740234375,641.0
2006-07-18,1846.6666259765625,1846.6666259765625,1786.6666259765625,1800.0,365.0
2006-07-19,1800.0,1800.3333740234375,1773.3333740234375,1786.0,557.0
2006-07-20,1786.6666259765625,1806.6666259765625,1766.6666259765625,1783.0,803.0
2006-07-21,1795.0,1800.0,1746.6666259765625,1774.6666259765625,168.0
2006-07-24,1686.6666259765625,1760.0,1686.6666259765625,1711.3333740234375,579.0
2006-07-25,1740.0,1746.6666259765625,1681.6666259765625,1713.3333740234375,430.0
2006-07-26,1733.3333740234375,1766.6666259765625,1698.6666259765625,1742.0,276.0
2006-07-27,1893.3333740234375,1893.3333740234375,1666.6666259765625,1706.0,3126.0
2006-07-28,1680.0,1733.3333740234375,1680.0,1710.6666259765625,2017.0
2006-07-31,1687.3333740234375,1726.6666259765625,1681.6666259765625,1712.6666259765625,1236.0
2006-08-01,1715.3333740234375,1716.6666259765625,1681.0,1686.6666259765625,21.0
2006-08-02,1688.3333740234375,1709.0,1674.0,1683.6666259765625,48.0
2006-08-03,1699.3333740234375,1720.0,1648.3333740234375,1664.0,501.0
2006-08-04,1733.3333740234375,1733.3333740234375,1653.3333740234375,1666.6666259765625,417.0
2006-08-07,1696.0,1696.0,1670.0,1681.0,180.0
2006-08-08,1690.0,1699.6666259765625,1677.0,1693.3333740234375,73.0
2006-08-09,1696.6666259765625,1700.0,1673.3333740234375,1686.0,3609.0
2006-08-10,1696.6666259765625,1696.6666259765625,1653.3333740234375,1666.6666259765625,151.0
2006-08-11,1766.6666259765625,1766.6666259765625,1653.6666259765625,1665.6666259765625,1089.0
2006-08-14,1699.3333740234375,1699.3333740234375,1660.0,1671.0,2000.0
2006-08-16,1700.0,1700.0,1635.3333740234375,1646.3333740234375,1339.0
2006-08-17,1673.0,1706.6666259765625,1641.0,1681.0,845.0
2006-08-18,1833.3333740234375,1833.3333740234375,1626.6666259765625,1636.6666259765625,2087.0
2006-08-21,1666.6666259765625,1666.6666259765625,1620.0,1628.0,371.0
2006-08-22,1652.0,1652.0,1620.6666259765625,1626.3333740234375,323.0
2006-08-23,1623.3333740234375,1645.3333740234375,1600.6666259765625,1610.0,188.0
2006-08-24,1693.3333740234375,1693.3333740234375,1587.0,1596.0,337.0
2006-08-25,1600.0,1813.0,1590.6666259765625,1772.3333740234375,34655.0
2006-08-28,1833.3333740234375,1870.3333740234375,1780.0,1849.6666259765625,16904.0
2006-08-29,1854.0,1886.6666259765625,1827.6666259765625,1833.3333740234375,5315.0
2006-08-30,1836.6666259765625,1845.3333740234375,1740.0,1766.0,2643.0
2006-08-31,1791.3333740234375,1791.3333740234375,1733.3333740234375,1739.6666259765625,1027.0
2006-09-01,1793.3333740234375,1900.3333740234375,1733.3333740234375,1746.0,796.0
2006-09-04,1774.0,1820.0,1753.3333740234375,1760.0,1564.0
2006-09-05,1753.3333740234375,1780.0,1743.6666259765625,1747.6666259765625,378.0
2006-09-06,1767.0,1878.6666259765625,1746.6666259765625,1847.0,7449.0
2006-09-07,1832.3333740234375,1832.3333740234375,1608.3333740234375,1785.3333740234375,1193.0
2006-09-08,1790.0,1818.6666259765625,1760.0,1778.0,817.0
2006-09-11,1800.0,1864.6666259765625,1748.0,1799.0,2734.0
2006-09-12,1843.3333740234375,1843.3333740234375,1760.6666259765625,1802.0,2214.0
2006-09-13,1813.3333740234375,1919.3333740234375,1813.3333740234375,1887.6666259765625,3920.0
2006-09-14,1893.3333740234375,1905.0,1820.0,1829.3333740234375,732.0
2006-09-15,1840.0,1840.0,1787.0,1801.3333740234375,291.0
2006-09-18,1820.0,1866.6666259765625,1806.6666259765625,1851.6666259765625,951.0
2006-09-19,1853.3333740234375,2000.0,1840.0,1987.0,9790.0
2006-09-20,1973.3333740234375,2033.3333740234375,1963.6666259765625,1990.3333740234375,3355.0
2006-09-21,2000.0,2080.0,1987.0,2063.0,2809.0
2006-09-22,2060.666748046875,2085.666748046875,2001.6666259765625,2041.3333740234375,797.0
2006-09-25,2053.0,2066.0,1981.6666259765625,2021.6666259765625,896.0
2006-09-26,2023.3333740234375,2113.0,1982.6666259765625,2064.0,2741.0
2006-09-27,2071.333251953125,2120.333251953125,2013.3333740234375,2041.3333740234375,2600.0
2006-09-28,2033.3333740234375,2053.333251953125,1973.3333740234375,1988.3333740234375,316.0
2006-09-29,1941.0,2020.6666259765625,1941.0,2003.6666259765625,305.0
2006-10-03,2006.6666259765625,2020.0,1966.6666259765625,1988.0,334.0
2006-10-04,2026.6666259765625,2030.0,1948.6666259765625,1968.0,407.0
2006-10-05,2006.6666259765625,2006.6666259765625,1973.3333740234375,1993.6666259765625,534.0
2006-10-06,2012.6666259765625,2012.6666259765625,1946.3333740234375,1964.6666259765625,424.0
2006-10-09,2024.6666259765625,2024.6666259765625,1904.0,1912.0,427.0
2006-10-10,2020.0,2020.0,1906.6666259765625,1914.3333740234375,234.0
2006-10-11,1992.6666259765625,1992.6666259765625,1873.3333740234375,1880.3333740234375,388.0
2006-10-12,1924.6666259765625,1924.6666259765625,1810.0,1844.0,756.0
2006-10-13,1966.6666259765625,1966.6666259765625,1876.6666259765625,1929.3333740234375,1348.0
2006-10-16,1993.3333740234375,2113.333251953125,1960.0,2029.0,5114.0
2006-10-17,2072.666748046875,2072.666748046875,2006.6666259765625,2033.3333740234375,966.0
2006-10-18,2030.0,2033.3333740234375,1960.0,1972.6666259765625,382.0
2006-10-19,1986.6666259765625,1991.6666259765625,1920.6666259765625,1930.3333740234375,531.0
2006-10-20,1943.3333740234375,1943.3333740234375,1906.6666259765625,1915.6666259765625,326.0
2006-10-23,1960.3333740234375,1960.3333740234375,1880.0,1894.3333740234375,135.0
2006-10-26,1906.6666259765625,1939.6666259765625,1902.0,1914.0,1972.0
2006-10-27,1966.3333740234375,2066.666748046875,1913.3333740234375,1928.0,859.0
2006-10-30,1953.3333740234375,1953.3333740234375,1887.0,1897.6666259765625,392.0
2006-10-31,1932.6666259765625,1945.0,1907.0,1934.0,1745.0
2006-11-01,1940.0,2246.666748046875,1933.3333740234375,2168.666748046875,6972.0
2006-11-02,2133.333251953125,2133.333251953125,2053.333251953125,2099.333251953125,2279.0
2006-11-03,2093.333251953125,2100.0,2040.0,2050.666748046875,291.0
2006-11-06,2020.0,2073.333251953125,2010.0,2037.3333740234375,519.0
2006-11-07,2073.333251953125,2099.666748046875,2023.3333740234375,2028.6666259765625,251.0
2006-11-08,2053.333251953125,2053.333251953125,1986.6666259765625,2000.3333740234375,257.0
2006-11-09,2033.3333740234375,2300.0,2026.6666259765625,2158.666748046875,15243.0
2006-11-10,2173.333251953125,2173.333251953125,2040.0,2097.0,3039.0
2006-11-13,2100.666748046875,2166.666748046875,2073.0,2114.0,1422.0
2006-11-14,2141.333251953125,2142.0,2093.333251953125,2100.666748046875,623.0
2006-11-15,2159.333251953125,2242.666748046875,2087.0,2165.333251953125,10764.0
2006-11-16,2193.333251953125,2193.333251953125,2054.0,2084.0,1779.0
2006-11-17,2100.0,2115.333251953125,2013.3333740234375,2032.0,625.0
2006-11-20,2032.0,2066.666748046875,1933.3333740234375,2028.3333740234375,1334.0
2006-11-21,2066.0,2149.333251953125,2046.6666259765625,2092.0,1407.0
2006-11-22,2093.333251953125,2132.666748046875,2058.666748046875,2078.0,436.0
2006-11-23,2100.0,2160.0,2078.333251953125,2104.666748046875,1574.0
2006-11-24,2066.666748046875,2133.333251953125,2066.666748046875,2089.666748046875,484.0
2006-11-27,2100.666748046875,2126.333251953125,2086.666748046875,2097.0,214.0
2006-11-28,2086.666748046875,2113.333251953125,2073.333251953125,2082.666748046875,162.0
2006-11-29,2113.333251953125,2132.0,2100.333251953125,2110.0,288.0
2006-11-30,2104.0,2133.333251953125,2073.333251953125,2129.0,505.0
2006-12-01,2120.0,2213.333251953125,2101.0,2118.333251953125,3322.0
2006-12-04,2179.333251953125,2186.0,2090.666748046875,2099.333251953125,353.0
2006-12-05,2120.0,2123.333251953125,2073.666748046875,2091.333251953125,382.0
2006-12-06,2093.333251953125,2093.333251953125,2033.3333740234375,2036.6666259765625,383.0
2006-12-07,2060.0,2079.333251953125,2033.3333740234375,2041.6666259765625,174.0
2006-12-08,2034.0,2090.666748046875,2034.0,2075.333251953125,667.0
2006-12-11,2046.6666259765625,2112.333251953125,1980.0,2008.3333740234375,220.0
2006-12-12,1908.3333740234375,2046.6666259765625,1908.3333740234375,1959.6666259765625,683.0
2006-12-13,1933.3333740234375,2000.0,1873.3333740234375,1950.3333740234375,183.0
2006-12-14,2000.0,2000.0,1967.3333740234375,2000.0,13858.0
2006-12-15,2000.0,2000.0,1966.6666259765625,2000.0,10089.0
2006-12-18,2253.333251953125,2299.333251953125,2144.0,2185.333251953125,5297.0
2006-12-19,2213.0,2213.0,2107.0,2123.333251953125,710.0
2006-12-20,2153.0,2219.333251953125,2106.666748046875,2126.333251953125,2343.0
2006-12-21,2107.333251953125,2326.0,2107.333251953125,2243.333251953125,7846.0
2006-12-22,2266.0,2266.0,2146.666748046875,2205.0,1683.0
2006-12-26,2206.666748046875,2206.666748046875,2121.333251953125,2139.666748046875,895.0
2006-12-27,2147.333251953125,2213.333251953125,2100.0,2112.333251953125,2437.0
2006-12-28,2166.666748046875,2200.0,2057.666748046875,2093.333251953125,7805.0
2006-12-29,2124.666748046875,2206.666748046875,2100.0,2166.333251953125,3746.0
2007-01-02,2166.666748046875,2206.666748046875,2146.666748046875,2181.666748046875,1193.0
2007-01-03,2209.333251953125,2373.333251953125,2168.0,2322.333251953125,9969.0
2007-01-04,2333.333251953125,2413.333251953125,2281.666748046875,2321.0,9204.0
2007-01-05,2380.0,2432.666748046875,2300.333251953125,2336.0,6080.0
2007-01-08,2340.333251953125,2400.0,2260.0,2327.666748046875,1497.0
2007-01-09,2346.666748046875,2405.333251953125,2266.666748046875,2312.0,2479.0
2007-01-10,2326.0,2326.0,2240.666748046875,2292.333251953125,962.0
2007-01-11,2312.333251953125,2366.0,2293.666748046875,2332.0,2376.0
2007-01-12,2333.666748046875,2400.0,2300.333251953125,2351.666748046875,1252.0
2007-01-15,2366.666748046875,2525.333251953125,2327.0,2469.0,3847.0
2007-01-16,2466.666748046875,2480.0,2414.666748046875,2460.333251953125,3004.0
2007-01-17,2466.666748046875,2526.666748046875,2420.0,2511.0,4008.0
2007-01-18,2546.666748046875,2673.333251953125,2508.0,2568.333251953125,4875.0
2007-01-19,2580.666748046875,2606.666748046875,2466.666748046875,2520.0,673.0
2007-01-22,2544.0,2544.0,2453.666748046875,2490.333251953125,466.0
2007-01-23,2496.666748046875,2560.0,2455.0,2487.666748046875,374.0
2007-01-24,2413.333251953125,2513.333251953125,2413.333251953125,2462.333251953125,409.0
2007-01-25,2500.0,2599.0,2480.0,2537.333251953125,1318.0
2007-01-29,2560.0,2560.0,2473.333251953125,2476.333251953125,562.0
2007-01-31,2533.0,2543.333251953125,2453.666748046875,2468.0,1504.0
2007-02-01,2466.0,2519.333251953125,2440.0,2455.333251953125,360.0
2007-02-02,2460.0,2546.0,2460.0,2484.333251953125,632.0
2007-02-05,2513.333251953125,2526.666748046875,2466.666748046875,2481.666748046875,407.0
2007-02-06,2492.666748046875,2506.0,2466.666748046875,2472.0,227.0
2007-02-07,2466.666748046875,2613.333251953125,2408.333251953125,2460.333251953125,1834.0
2007-02-08,2466.0,2566.666748046875,2453.333251953125,2467.0,1669.0
2007-02-09,2560.0,2560.0,2426.666748046875,2451.333251953125,957.0
2007-02-12,2466.666748046875,2480.0,2348.0,2450.333251953125,563.0
2007-02-13,2466.0,2466.666748046875,2343.666748046875,2397.666748046875,719.0
2007-02-14,2396.666748046875,2396.666748046875,2280.0,2328.0,664.0
2007-02-15,2353.666748046875,2412.666748046875,2353.666748046875,2381.333251953125,1135.0
2007-02-19,2386.666748046875,2460.0,2353.333251953125,2372.666748046875,158.0
2007-02-20,2386.0,2386.0,2280.0,2312.666748046875,226.0
2007-02-21,2393.333251953125,2393.333251953125,2300.666748046875,2366.666748046875,520.0
2007-02-22,2398.666748046875,2400.0,2346.666748046875,2349.666748046875,181.0
2007-02-23,2366.666748046875,2386.666748046875,2255.0,2339.0,206.0
2007-02-26,2357.666748046875,2366.666748046875,2266.666748046875,2317.666748046875,132.0
2007-02-27,2339.0,2451.333251953125,2300.0,2414.666748046875,252.0
2007-02-28,2317.0,2400.0,2201.0,2255.0,313.0
2007-03-01,2286.0,2430.0,2266.666748046875,2389.0,307.0
2007-03-02,2380.0,2540.0,2366.666748046875,2387.333251953125,2671.0
2007-03-05,2223.333251953125,2380.0,2206.666748046875,2229.666748046875,897.0
2007-03-06,2256.333251953125,2300.0,2207.0,2232.333251953125,288.0
2007-03-07,2255.666748046875,2306.0,2206.666748046875,2208.0,196.0
2007-03-08,2210.0,2238.666748046875,2166.666748046875,2200.666748046875,2151.0
2007-03-09,2208.666748046875,2260.0,2073.333251953125,2197.666748046875,240.0
2007-03-12,2220.0,2233.333251953125,2167.333251953125,2201.333251953125,244.0
2007-03-13,2252.666748046875,2253.333251953125,2187.333251953125,2232.0,76.0
2007-03-14,2166.666748046875,2219.666748046875,2166.666748046875,2191.666748046875,107.0
2007-03-15,2300.0,2300.0,2186.666748046875,2196.0,60.0
2007-03-16,2266.0,2266.0,2147.333251953125,2194.333251953125,1561.0
2007-03-19,2266.666748046875,2293.333251953125,2201.0,2220.0,123.0
2007-03-20,2279.333251953125,2279.333251953125,2180.0,2197.333251953125,4238.0
2007-03-21,2219.333251953125,2236.0,2186.666748046875,2195.0,207.0
2007-03-22,2246.0,2246.0,2193.333251953125,2235.333251953125,47.0
2007-03-23,2240.0,2320.0,2187.666748046875,2193.666748046875,49.0
2007-03-26,2254.333251953125,2254.333251953125,2127.0,2133.333251953125,130.0
2007-03-28,2191.333251953125,2191.333251953125,2130.0,2140.666748046875,107.0
2007-03-29,2232.666748046875,2232.666748046875,2140.0,2142.666748046875,55.0
2007-03-30,2166.666748046875,2166.666748046875,2062.666748046875,2098.0,4867.0
2007-04-02,2100.0,2100.0,2024.0,2084.666748046875,128.0
2007-04-03,2080.0,2146.666748046875,2073.333251953125,2099.666748046875,2038.0
2007-04-04,2152.666748046875,2152.666748046875,2050.0,2066.666748046875,4665.0
2007-04-05,2111.666748046875,2111.666748046875,2054.0,2067.333251953125,938.0
2007-04-09,2098.333251953125,2481.0,2060.0,2479.666748046875,2752.0
2007-04-10,2532.666748046875,2566.666748046875,2360.0,2391.666748046875,1655.0
2007-04-11,2366.666748046875,2413.0,2241.0,2259.666748046875,1190.0
2007-04-12,2273.333251953125,2293.333251953125,2200.0,2231.333251953125,921.0
2007-04-13,2300.0,2300.0,2207.666748046875,2230.333251953125,472.0
2007-04-16,2257.333251953125,2293.333251953125,2233.333251953125,2251.333251953125,404.0
2007-04-17,2253.333251953125,2291.333251953125,2246.666748046875,2266.0,242.0
2007-04-18,2293.333251953125,2293.333251953125,2217.666748046875,2251.666748046875,158.0
2007-04-19,2160.0,2273.333251953125,2160.0,2262.0,198.0
2007-04-20,2273.333251953125,2333.333251953125,2240.0,2264.666748046875,739.0
2007-04-23,2280.666748046875,2280.666748046875,2207.333251953125,2253.0,157.0
2007-04-24,2266.666748046875,2293.333251953125,2233.333251953125,2263.666748046875,386.0
2007-04-25,2247.666748046875,2319.333251953125,2226.666748046875,2238.666748046875,118.0
2007-04-26,2240.0,2280.0,2206.666748046875,2234.666748046875,132.0
2007-04-27,2245.0,2246.333251953125,2167.666748046875,2191.0,121.0
2007-04-30,2253.333251953125,2283.333251953125,2180.333251953125,2260.333251953125,383.0
2007-05-03,2300.0,2399.333251953125,2286.666748046875,2361.666748046875,1102.0
2007-05-04,2396.666748046875,2472.666748046875,2345.0,2390.0,19609.0
2007-05-07,2379.333251953125,2392.333251953125,2317.0,2354.666748046875,996.0
2007-05-08,2366.0,2366.0,2273.333251953125,2282.333251953125,231.0
2007-05-09,2292.0,2319.333251953125,2258.666748046875,2297.333251953125,125.0
2007-05-10,2320.0,2320.0,2267.0,2296.333251953125,153.0
2007-05-11,2256.666748046875,2333.333251953125,2207.0,2292.0,492.0
2007-05-14,2293.666748046875,2299.666748046875,2222.666748046875,2257.666748046875,524.0
2007-05-15,2293.333251953125,2294.333251953125,2220.0,2258.0,73.0
2007-05-16,2266.666748046875,2300.0,2266.666748046875,2295.666748046875,82.0
2007-05-17,2320.0,2332.666748046875,2260.0,2289.333251953125,1401.0
2007-05-18,2300.0,2331.666748046875,2267.666748046875,2297.0,88.0
2007-05-21,2320.0,2480.0,2280.0,2416.666748046875,3122.0
2007-05-22,2429.0,2900.0,2346.666748046875,2707.0,21754.0
2007-05-23,2773.0,2823.0,2620.0,2646.0,14152.0
2007-05-24,2662.666748046875,2662.666748046875,2573.333251953125,2595.0,829.0
2007-05-25,2567.333251953125,2726.666748046875,2553.333251953125,2599.333251953125,1107.0
2007-05-28,2633.333251953125,2790.0,2600.0,2732.333251953125,3176.0
2007-05-29,2733.333251953125,2786.666748046875,2668.333251953125,2730.666748046875,3558.0
2007-05-30,2719.333251953125,2826.666748046875,2654.0,2699.666748046875,1334.0
2007-05-31,2726.666748046875,2733.0,2653.333251953125,2689.666748046875,806.0
2007-06-01,2720.0,2733.333251953125,2627.333251953125,2651.0,203.0
2007-06-04,2699.666748046875,2752.666748046875,2633.333251953125,2686.333251953125,424.0
2007-06-05,2678.666748046875,2758.0,2620.0,2645.333251953125,757.0
2007-06-06,2670.0,2720.0,2563.666748046875,2573.333251953125,658.0
2007-06-07,2596.333251953125,2706.0,2566.666748046875,2640.666748046875,429.0
2007-06-08,2666.666748046875,2732.666748046875,2573.666748046875,2643.0,681.0
2007-06-11,2666.666748046875,2733.333251953125,2640.0,2663.0,385.0
2007-06-12,2666.666748046875,2686.0,2600.0,2638.0,519.0
2007-06-13,2626.666748046875,2656.333251953125,2580.0,2619.333251953125,987.0
2007-06-14,2800.0,2800.0,2547.333251953125,2596.0,1697.0
2007-06-15,2632.0,2706.666748046875,2546.666748046875,2574.666748046875,1014.0
2007-06-18,2593.333251953125,2626.666748046875,2500.666748046875,2513.666748046875,460.0
2007-06-19,2440.0,2540.0,2440.0,2519.666748046875,186.0
2007-06-20,2506.666748046875,2599.333251953125,2487.333251953125,2533.333251953125,234.0
2007-06-21,2546.666748046875,2593.333251953125,2500.333251953125,2546.666748046875,239.0
2007-06-22,2513.333251953125,2538.0,2506.666748046875,2516.666748046875,130.0
2007-06-25,2533.333251953125,2613.333251953125,2507.666748046875,2600.333251953125,337.0
2007-06-26,2546.666748046875,2620.0,2546.666748046875,2588.666748046875,143.0
2007-06-27,2566.666748046875,2626.666748046875,2544.0,2596.666748046875,63.0
2007-06-28,2568.333251953125,2598.666748046875,2540.0,2559.333251953125,105.0
2007-06-29,2546.666748046875,2603.0,2546.666748046875,2562.333251953125,123.0
2007-07-02,2562.333251953125,2600.0,2513.333251953125,2527.0,136.0
2007-07-03,2586.666748046875,2594.666748046875,2516.666748046875,2571.666748046875,128.0
2007-07-04,2592.666748046875,2833.333251953125,2540.0,2728.333251953125,3953.0
2007-07-05,2833.0,2833.0,2640.0,2674.666748046875,1235.0
2007-07-06,2666.666748046875,2766.666748046875,2640.333251953125,2755.666748046875,1311.0
2007-07-09,2746.666748046875,2753.333251953125,2667.333251953125,2689.333251953125,234.0
2007-07-10,2724.0,2766.666748046875,2674.333251953125,2753.0,1135.0
2007-07-11,2666.666748046875,2759.666748046875,2660.0,2682.0,159.0
2007-07-12,2819.666748046875,2819.666748046875,2667.333251953125,2702.333251953125,7992.0
2007-07-13,2758.666748046875,2758.666748046875,2633.333251953125,2666.0,271.0
2007-07-16,2666.666748046875,2766.666748046875,2637.0,2717.333251953125,489.0
2007-07-17,2713.333251953125,2731.0,2667.0,2680.666748046875,72.0
2007-07-18,2680.0,2696.333251953125,2633.333251953125,2642.333251953125,141.0
2007-07-19,2756.333251953125,2756.333251953125,2633.333251953125,2660.666748046875,109.0
2007-07-20,2666.666748046875,2713.333251953125,2612.666748046875,2660.0,252.0
2007-07-23,2700.0,2721.333251953125,2600.666748046875,2697.0,137.0
2007-07-24,2632.666748046875,3000.0,2630.0,2803.0,2702.0
2007-07-25,2843.333251953125,2843.333251953125,2700.666748046875,2744.666748046875,603.0
2007-07-26,2813.333251953125,2990.666748046875,2669.666748046875,2791.0,366.0
2007-07-27,2700.333251953125,2743.333251953125,2633.333251953125,2669.333251953125,320.0
2007-07-30,2613.333251953125,2673.0,2573.666748046875,2636.333251953125,170.0
2007-07-31,2673.333251953125,2942.666748046875,2663.333251953125,2802.333251953125,3611.0
2007-08-01,2752.666748046875,2806.666748046875,2580.0,2728.666748046875,669.0
2007-08-02,2726.666748046875,2813.333251953125,2666.666748046875,2686.666748046875,617.0
2007-08-03,2733.0,2800.0,2714.0,2763.666748046875,327.0
2007-08-06,2640.0,2730.0,2566.666748046875,2693.0,107.0
2007-08-07,2761.666748046875,2780.0,2700.666748046875,2721.333251953125,133.0
2007-08-08,2766.333251953125,2793.333251953125,2706.666748046875,2742.666748046875,140.0
2007-08-09,2798.666748046875,2800.0,2687.333251953125,2721.333251953125,163.0
2007-08-10,2667.333251953125,2773.333251953125,2633.333251953125,2757.333251953125,338.0
2007-08-13,2753.333251953125,2833.333251953125,2753.333251953125,2820.333251953125,268.0
2007-08-14,2836.666748046875,2836.666748046875,2728.333251953125,2737.666748046875,451.0
2007-08-16,2666.666748046875,2686.666748046875,2606.666748046875,2633.333251953125,781.0
2007-08-17,2533.666748046875,2632.666748046875,2533.666748046875,2595.0,243.0
2007-08-20,2633.333251953125,2746.666748046875,2567.0,2589.666748046875,94.0
2007-08-21,2646.666748046875,2646.666748046875,2553.333251953125,2560.0,70.0
2007-08-22,2560.333251953125,2600.0,2480.0,2489.333251953125,160.0
2007-08-23,2660.0,2660.0,2483.333251953125,2491.0,152.0
2007-08-24,2507.333251953125,2533.333251953125,2467.0,2489.666748046875,80.0
2007-08-27,2566.666748046875,2573.333251953125,2513.333251953125,2559.0,528.0
2007-08-28,2546.666748046875,2599.333251953125,2540.0,2582.333251953125,190.0
2007-08-29,2536.666748046875,2653.333251953125,2533.333251953125,2570.0,232.0
2007-08-30,2626.666748046875,2646.0,2580.333251953125,2586.333251953125,175.0
2007-08-31,2626.666748046875,2633.333251953125,2559.666748046875,2589.0,68.0
2007-09-03,2573.333251953125,2600.0,2546.666748046875,2556.0,160.0
2007-09-04,2546.666748046875,2640.0,2540.0,2577.0,156.0
2007-09-05,2600.0,2633.333251953125,2573.333251953125,2577.666748046875,3115.0
2007-09-06,2626.666748046875,2626.666748046875,2523.333251953125,2527.0,2457.0
2007-09-07,2580.0,2583.333251953125,2520.333251953125,2533.0,192.0
2007-09-10,2533.333251953125,2626.666748046875,2493.333251953125,2539.666748046875,568.0
2007-09-11,2593.333251953125,2593.333251953125,2527.333251953125,2537.333251953125,256.0
2007-09-12,2599.333251953125,2599.333251953125,2533.333251953125,2542.666748046875,81.0
2007-09-13,2560.0,2579.333251953125,2540.0,2550.0,250.0
2007-09-14,2576.0,2613.333251953125,2533.333251953125,2538.666748046875,570.0
2007-09-17,2579.333251953125,2629.666748046875,2480.0,2514.666748046875,3559.0
2007-09-18,2535.666748046875,2566.666748046875,2521.0,2549.0,155.0
2007-09-19,2600.0,2600.0,2500.666748046875,2514.0,547.0
2007-09-20,2529.333251953125,2529.333251953125,2480.333251953125,2506.0,321.0
2007-09-21,2500.0,2546.333251953125,2494.0,2514.666748046875,224.0
2007-09-24,2533.333251953125,2552.666748046875,2504.0,2523.333251953125,39910.0
2007-09-25,2566.0,2585.333251953125,2538.666748046875,2542.0,358.0
2007-09-26,2553.333251953125,2580.0,2521.0,2539.666748046875,361.0
2007-09-27,2566.666748046875,2573.333251953125,2542.0,2559.666748046875,189.0
2007-09-28,2546.666748046875,2573.333251953125,2486.666748046875,2499.0,5856.0
2007-10-01,2526.666748046875,2660.0,2500.0,2507.0,896.0
2007-10-03,2566.333251953125,2603.333251953125,2526.666748046875,2532.333251953125,1485.0
2007-10-04,2533.333251953125,2558.666748046875,2507.666748046875,2532.333251953125,201.0
2007-10-05,2587.0,2587.0,2480.333251953125,2487.666748046875,2581.0
2007-10-08,2500.0,2513.0,2359.333251953125,2395.333251953125,373.0
2007-10-09,2433.333251953125,2433.333251953125,2373.333251953125,2400.0,146.0
2007-10-10,2416.666748046875,2462.0,2373.333251953125,2378.333251953125,238.0
2007-10-11,2396.666748046875,2400.0,2340.333251953125,2388.666748046875,196.0
2007-10-12,2368.0,2443.333251953125,2353.333251953125,2393.333251953125,2229.0
2007-10-15,2458.0,2786.333251953125,2400.0,2722.333251953125,6839.0
2007-10-16,2720.0,2766.666748046875,2444.0,2598.666748046875,7954.0
2007-10-17,2333.333251953125,2600.0,2268.333251953125,2559.333251953125,1240.0
2007-10-18,2658.0,2766.666748046875,2518.0,2548.333251953125,1699.0
2007-10-19,2480.666748046875,2536.666748046875,2406.666748046875,2458.0,536.0
2007-10-22,2532.0,2557.333251953125,2394.0,2518.333251953125,451.0
2007-10-23,2619.333251953125,2619.333251953125,2494.0,2510.0,730.0
2007-10-24,2599.333251953125,2599.333251953125,2508.0,2531.0,643.0
2007-10-25,2533.333251953125,2632.333251953125,2533.333251953125,2588.333251953125,610.0
2007-10-26,2600.0,2666.333251953125,2500.0,2519.0,2598.0
2007-10-29,2603.333251953125,2900.0,2603.333251953125,2673.333251953125,24182.0
2007-10-30,2733.333251953125,3016.666748046875,2626.666748046875,2983.333251953125,33089.0
2007-10-31,2996.666748046875,3266.666748046875,2996.666748046875,3133.333251953125,44201.0
2007-11-01,3223.333251953125,3366.666748046875,3196.666748046875,3301.666748046875,31767.0
2007-11-02,3063.333251953125,3963.333251953125,3063.333251953125,3963.333251953125,77845.0
2007-11-05,4146.66650390625,4343.33349609375,4010.0,4198.33349609375,43782.0
2007-11-06,4233.33349609375,4415.0,3833.333251953125,3920.0,15728.0
2007-11-07,4061.666748046875,4061.666748046875,3551.666748046875,3628.333251953125,8139.0
2007-11-08,3375.0,3630.0,3375.0,3525.0,14889.0
2007-11-12,3501.666748046875,3666.666748046875,3453.333251953125,3583.333251953125,5106.0
2007-11-13,3583.333251953125,3941.666748046875,3550.0,3938.333251953125,16776.0
2007-11-14,4166.66650390625,4255.0,3750.0,3868.333251953125,17636.0
2007-11-15,3850.0,4096.66650390625,3770.0,3820.0,12736.0
2007-11-16,3820.0,3891.666748046875,3540.0,3703.333251953125,12629.0
2007-11-19,4041.666748046875,4041.666748046875,3523.333251953125,3565.0,19402.0
2007-11-20,3508.333251953125,3733.333251953125,3500.0,3540.0,15201.0
2007-11-21,3600.0,3646.666748046875,3308.333251953125,3341.666748046875,6847.0
2007-11-22,3466.666748046875,3466.666748046875,3233.333251953125,3285.0,3678.0
2007-11-23,3315.0,3366.666748046875,3216.666748046875,3241.666748046875,9538.0
2007-11-26,3363.333251953125,3566.666748046875,3335.0,3523.333251953125,13595.0
2007-11-27,3496.666748046875,3526.666748046875,3330.0,3375.0,9931.0
2007-11-28,3433.333251953125,3600.0,3368.333251953125,3390.0,8613.0
2007-11-29,3500.0,3661.666748046875,3433.333251953125,3468.333251953125,16247.0
2007-11-30,3530.0,3583.333251953125,3323.333251953125,3373.333251953125,25478.0
2007-12-03,3463.333251953125,3560.0,3400.0,3485.0,13867.0
2007-12-04,3500.0,3830.0,3486.666748046875,3773.333251953125,26636.0
2007-12-05,3796.666748046875,4013.333251953125,3606.666748046875,3948.333251953125,36185.0
2007-12-06,4030.0,4233.33349609375,3986.666748046875,4043.333251953125,42898.0
2007-12-07,4066.666748046875,4400.0,3983.333251953125,4118.33349609375,27760.0
2007-12-10,4133.33349609375,4300.0,4035.0,4226.66650390625,23549.0
2007-12-11,4266.66650390625,4391.66650390625,4166.66650390625,4216.66650390625,22381.0
2007-12-12,4166.66650390625,4366.66650390625,4106.66650390625,4346.66650390625,13919.0
2007-12-13,4396.66650390625,4566.66650390625,4366.66650390625,4401.66650390625,25995.0
2007-12-14,4433.33349609375,4583.33349609375,4400.0,4546.66650390625,25424.0
2007-12-17,4400.0,4636.66650390625,4320.0,4320.0,13762.0
2007-12-18,4265.0,4416.66650390625,4105.0,4398.33349609375,13333.0
2007-12-19,4400.0,4491.66650390625,4116.66650390625,4195.0,10895.0
2007-12-20,4261.66650390625,4405.0,4150.0,4405.0,9202.0
2007-12-24,4433.33349609375,4623.33349609375,4383.33349609375,4400.0,7334.0
2007-12-26,4483.33349609375,4590.0,4416.66650390625,4545.0,34409.0
2007-12-27,4550.0,4773.33349609375,4500.0,4761.66650390625,47325.0
2007-12-28,4863.33349609375,5000.0,4801.66650390625,5000.0,20621.0
2007-12-31,5050.0,5250.0,5050.0,5250.0,12460.0
2008-01-01,5460.0,5508.33349609375,5263.33349609375,5305.0,18520.0
2008-01-02,5396.66650390625,5446.66650390625,5096.66650390625,5171.66650390625,16085.0
2008-01-03,5166.66650390625,5250.0,4913.33349609375,4923.33349609375,22014.0
2008-01-04,4923.33349609375,5030.0,4733.33349609375,4790.0,8341.0
2008-01-07,4880.0,5030.0,4700.0,5030.0,23720.0
2008-01-08,5193.33349609375,5281.66650390625,4778.33349609375,4900.0,33217.0
2008-01-09,4933.33349609375,4993.33349609375,4700.0,4928.33349609375,12112.0
2008-01-10,4960.0,5050.0,4683.33349609375,4683.33349609375,7336.0
2008-01-11,4733.33349609375,4746.66650390625,4450.0,4658.33349609375,9151.0
2008-01-14,4700.0,4891.66650390625,4700.0,4805.0,7152.0
2008-01-15,4983.33349609375,4983.33349609375,4636.66650390625,4678.33349609375,4309.0
2008-01-16,4631.66650390625,4830.0,4445.0,4541.66650390625,6947.0
2008-01-17,4400.0,4770.0,4400.0,4686.66650390625,12297.0
2008-01-18,4860.0,4860.0,4453.33349609375,4496.66650390625,6517.0
2008-01-21,4300.0,4383.33349609375,4271.66650390625,4271.66650390625,3825.0
2008-01-22,4058.333251953125,4058.333251953125,4058.333251953125,4058.333251953125,237.0
2008-01-23,3856.666748046875,4193.33349609375,3856.666748046875,4020.0,9065.0
2008-01-24,4140.0,4161.66650390625,3820.0,3893.333251953125,6858.0
2008-01-25,3946.666748046875,4066.666748046875,3733.333251953125,4033.333251953125,5166.0
2008-01-28,4000.0,4026.666748046875,3831.666748046875,3965.0,1921.0
2008-01-29,3965.0,4161.66650390625,3901.666748046875,4055.0,5322.0
2008-01-30,4033.333251953125,4133.33349609375,3853.333251953125,3870.0,4387.0
2008-01-31,3866.666748046875,4021.666748046875,3740.0,3878.333251953125,4122.0
2008-02-01,3930.0,3995.0,3833.333251953125,3951.666748046875,2627.0
2008-02-04,4016.666748046875,4066.666748046875,3886.666748046875,3928.333251953125,2588.0
2008-02-05,3916.666748046875,3983.333251953125,3873.333251953125,3955.0,1362.0
2008-02-06,3833.333251953125,3948.333251953125,3833.333251953125,3860.0,1448.0
2008-02-07,3873.333251953125,3916.666748046875,3685.0,3721.666748046875,1483.0
2008-02-08,3666.666748046875,3793.333251953125,3536.666748046875,3721.666748046875,2197.0
2008-02-11,3731.666748046875,3731.666748046875,3536.666748046875,3658.333251953125,2763.0
2008-02-12,3538.333251953125,3566.666748046875,3476.666748046875,3476.666748046875,1534.0
2008-02-13,3548.333251953125,3548.333251953125,3303.333251953125,3311.666748046875,2112.0
2008-02-14,3333.333251953125,3478.333251953125,3233.333251953125,3468.333251953125,3262.0
2008-02-15,3465.0,3520.0,3308.333251953125,3455.0,8959.0
2008-02-18,3515.0,3628.333251953125,3500.0,3628.333251953125,4510.0
2008-02-19,3748.333251953125,3810.0,3688.333251953125,3810.0,4048.0
2008-02-20,3766.666748046875,3975.0,3750.0,3875.0,5367.0
2008-02-21,3966.666748046875,3986.666748046875,3716.666748046875,3760.0,2710.0
2008-02-22,3766.666748046875,3766.666748046875,3615.0,3656.666748046875,1230.0
2008-02-25,3733.333251953125,3736.666748046875,3533.333251953125,3580.0,2025.0
2008-02-26,3633.333251953125,3756.666748046875,3633.333251953125,3721.666748046875,1905.0
2008-02-27,3766.666748046875,3800.0,3700.0,3715.0,1237.0
2008-02-28,3783.333251953125,3893.333251953125,3700.0,3828.333251953125,1594.0
2008-02-29,3785.0,4020.0,3785.0,4000.0,9787.0
2008-03-03,3841.666748046875,3956.666748046875,3800.0,3800.0,1725.0
2008-03-04,3850.0,3850.0,3610.0,3610.0,727.0
2008-03-05,3500.0,3533.333251953125,3430.0,3430.0,823.0
2008-03-07,3283.333251953125,3325.0,3260.0,3260.0,290.0
2008-03-10,3233.333251953125,3233.333251953125,2716.666748046875,3035.0,4664.0
2008-03-11,2495.0,3336.666748046875,2495.0,3270.0,3436.0
2008-03-12,3450.0,3666.666748046875,3283.333251953125,3333.333251953125,3535.0
2008-03-13,3260.0,3260.0,2866.666748046875,2945.0,6567.0
2008-03-14,2966.666748046875,3280.0,2866.666748046875,3101.666748046875,10661.0
2008-03-17,3063.333251953125,3063.333251953125,2768.333251953125,2875.0,8242.0
2008-03-18,2880.0,2991.666748046875,2668.333251953125,2771.666748046875,4589.0
2008-03-19,2833.333251953125,2933.333251953125,2683.333251953125,2735.0,3299.0
2008-03-24,2833.333251953125,2866.666748046875,2466.666748046875,2723.333251953125,6474.0
2008-03-25,2830.0,2933.333251953125,2600.0,2865.0,13542.0
2008-03-26,2900.0,2900.0,2703.333251953125,2758.333251953125,3305.0
2008-03-27,2733.333251953125,2865.0,2683.333251953125,2831.666748046875,3564.0
2008-03-28,2831.666748046875,3048.333251953125,2816.666748046875,2998.333251953125,6200.0
2008-03-31,2883.333251953125,3183.333251953125,2868.333251953125,2913.333251953125,4203.0
2008-04-01,3000.0,3150.0,2866.666748046875,2875.0,4446.0
2008-04-02,2966.666748046875,3083.333251953125,2868.333251953125,2870.0,2461.0
2008-04-03,2816.666748046875,2900.0,2770.0,2793.333251953125,1149.0
2008-04-04,2800.0,2833.333251953125,2701.666748046875,2728.333251953125,1011.0
2008-04-07,2736.666748046875,2758.333251953125,2640.0,2658.333251953125,4591.0
2008-04-08,2640.0,2815.0,2635.0,2730.0,2477.0
2008-04-09,2850.0,2880.0,2688.333251953125,2843.333251953125,2888.0
2008-04-10,2861.666748046875,3046.666748046875,2821.666748046875,2913.333251953125,2034.0
2008-04-11,3000.0,3066.666748046875,2853.333251953125,2891.666748046875,2168.0
2008-04-15,2770.0,3143.333251953125,2766.666748046875,3105.0,4230.0
2008-04-16,3100.0,3180.0,2955.0,2998.333251953125,3589.0
2008-04-17,3100.0,3100.0,3013.333251953125,3046.666748046875,2333.0
2008-04-21,3091.666748046875,3228.333251953125,3050.0,3081.666748046875,2805.0
2008-04-22,3020.0,3116.666748046875,2968.333251953125,3000.0,3569.0
2008-04-23,3088.333251953125,3088.333251953125,3006.666748046875,3021.666748046875,893.0
2008-04-24,3033.333251953125,3493.333251953125,3015.0,3315.0,66670.0
2008-04-25,3366.666748046875,3400.0,3240.0,3280.0,27581.0
2008-04-28,3233.333251953125,3295.0,3085.0,3121.666748046875,15419.0
2008-04-29,3133.333251953125,3420.0,3133.333251953125,3383.333251953125,29569.0
2008-04-30,3433.333251953125,3596.666748046875,3370.0,3475.0,36072.0
2008-05-02,3533.333251953125,3593.333251953125,3341.666748046875,3378.333251953125,12519.0
2008-05-05,3400.0,3516.666748046875,3300.0,3431.666748046875,8071.0
2008-05-06,3466.666748046875,3466.666748046875,3266.666748046875,3296.666748046875,6443.0
2008-05-07,3300.0,3418.333251953125,3253.333251953125,3326.666748046875,9192.0
2008-05-08,3326.666748046875,3326.666748046875,3205.0,3235.0,3737.0
2008-05-09,3231.666748046875,3416.666748046875,3231.666748046875,3260.0,12910.0
2008-05-12,3215.0,3333.333251953125,3130.0,3301.666748046875,6784.0
2008-05-13,3331.666748046875,3420.0,3283.333251953125,3401.666748046875,9666.0
2008-05-14,3383.333251953125,3563.333251953125,3340.0,3511.666748046875,11227.0
2008-05-15,3613.333251953125,3666.666748046875,3403.333251953125,3530.0,25324.0
2008-05-16,3550.0,3600.0,3418.333251953125,3466.666748046875,4518.0
2008-05-20,3425.0,3516.666748046875,3400.0,3435.0,6495.0
2008-05-21,3400.0,3478.333251953125,3370.0,3440.0,5555.0
2008-05-22,3403.333251953125,3496.666748046875,3325.0,3450.0,6184.0
2008-05-23,3436.666748046875,3496.666748046875,3266.666748046875,3326.666748046875,7364.0
2008-05-26,3266.666748046875,3356.666748046875,3221.666748046875,3330.0,3505.0
2008-05-27,3300.0,3398.333251953125,3216.666748046875,3306.666748046875,3324.0
2008-05-28,3320.0,3391.666748046875,3233.333251953125,3258.333251953125,2155.0
2008-05-29,3276.666748046875,3326.666748046875,3210.0,3258.333251953125,2174.0
2008-05-30,3276.666748046875,3313.333251953125,3105.0,3255.0,9794.0
2008-06-02,3316.666748046875,3333.333251953125,3205.0,3243.333251953125,3257.0
2008-06-03,3183.333251953125,3266.666748046875,3036.666748046875,3208.333251953125,4686.0
2008-06-04,3175.0,3216.666748046875,2933.333251953125,3003.333251953125,3470.0
2008-06-05,2951.666748046875,3095.0,2870.0,3070.0,2741.0
2008-06-06,3128.333251953125,3133.333251953125,2966.666748046875,2991.666748046875,2197.0
2008-06-09,2873.333251953125,3030.0,2708.333251953125,2998.333251953125,9916.0
2008-06-10,2933.333251953125,2965.0,2720.0,2828.333251953125,6578.0
2008-06-11,2866.666748046875,2898.333251953125,2710.0,2723.333251953125,4585.0
2008-06-12,2700.0,2776.666748046875,2633.333251953125,2728.333251953125,2872.0
2008-06-13,2705.0,2816.666748046875,2700.0,2776.666748046875,4120.0
2008-06-16,2863.333251953125,2951.666748046875,2816.666748046875,2916.666748046875,3695.0
2008-06-17,2888.333251953125,3000.0,2851.666748046875,2976.666748046875,2946.0
2008-06-18,2998.333251953125,3033.333251953125,2946.666748046875,2996.666748046875,1479.0
2008-06-19,2948.333251953125,3123.333251953125,2881.666748046875,3078.333251953125,3823.0
2008-06-20,3061.666748046875,3150.0,2875.0,3061.666748046875,7652.0
2008-06-23,2906.666748046875,3083.333251953125,2880.0,3030.0,8515.0
2008-06-24,3028.333251953125,3065.0,2933.333251953125,3026.666748046875,2691.0
2008-06-25,3000.0,3030.0,2906.666748046875,2988.333251953125,1645.0
2008-06-26,3000.0,3053.333251953125,2900.0,2943.333251953125,1599.0
2008-06-27,2870.0,3055.0,2841.666748046875,2998.333251953125,10986.0
2008-06-30,3016.666748046875,3033.333251953125,2783.333251953125,2973.333251953125,14782.0
2008-07-01,2968.333251953125,3000.0,2783.333251953125,2855.0,1858.0
2008-07-02,2833.333251953125,2955.0,2608.333251953125,2886.666748046875,6874.0
2008-07-03,2816.666748046875,3008.333251953125,2801.666748046875,2970.0,4995.0
2008-07-04,2940.0,3066.666748046875,2870.0,3043.333251953125,2979.0
2008-07-07,3061.666748046875,3160.0,3000.0,3026.666748046875,6982.0
2008-07-08,2911.666748046875,2990.0,2816.666748046875,2973.333251953125,5123.0
2008-07-09,2966.666748046875,3016.666748046875,2938.333251953125,2965.0,1328.0
2008-07-10,2935.0,2961.666748046875,2868.333251953125,2925.0,864.0
2008-07-11,2981.666748046875,3101.666748046875,2900.0,2943.333251953125,4598.0
2008-07-14,2885.0,2960.0,2870.0,2915.0,1574.0
2008-07-15,2870.0,2931.666748046875,2838.333251953125,2851.666748046875,940.0
2008-07-16,2896.666748046875,2915.0,2770.0,2808.333251953125,727.0
2008-07-17,2896.666748046875,2900.0,2738.333251953125,2811.666748046875,16321.0
2008-07-18,2783.333251953125,2866.666748046875,2770.0,2841.666748046875,1143.0
2008-07-21,2716.666748046875,2896.666748046875,2716.666748046875,2843.333251953125,901.0
2008-07-22,2850.0,2950.0,2800.0,2926.666748046875,8410.0
2008-07-23,2963.333251953125,3016.666748046875,2650.0,2720.0,21042.0
2008-07-24,2708.333251953125,2823.333251953125,2386.666748046875,2506.666748046875,16704.0
2008-07-25,2533.333251953125,2650.0,2433.333251953125,2565.0,4566.0
2008-07-28,2600.0,2648.333251953125,2480.0,2495.0,4624.0
2008-07-29,2495.0,2525.0,2400.0,2475.0,2911.0
2008-07-30,2523.333251953125,2730.0,2506.666748046875,2646.666748046875,13603.0
2008-07-31,2700.0,2826.666748046875,2608.333251953125,2803.333251953125,10551.0
2008-08-01,2766.666748046875,2828.333251953125,2736.666748046875,2793.333251953125,2696.0
2008-08-04,2800.0,2830.0,2770.0,2785.0,1292.0
2008-08-05,2780.0,2850.0,2753.333251953125,2781.666748046875,1383.0
2008-08-06,2833.333251953125,2883.333251953125,2651.666748046875,2723.333251953125,3379.0
2008-08-07,2730.0,2780.0,2671.666748046875,2703.333251953125,1476.0
2008-08-08,2733.333251953125,2750.0,2621.666748046875,2666.666748046875,59627.0
2008-08-11,2700.0,2813.333251953125,2671.666748046875,2701.666748046875,2009.0
2008-08-12,2726.666748046875,2753.333251953125,2705.0,2731.666748046875,985.0
2008-08-13,2671.666748046875,2800.0,2671.666748046875,2773.333251953125,2357.0
2008-08-14,2793.333251953125,2810.0,2703.333251953125,2755.0,10219.0
2008-08-18,2671.666748046875,2731.666748046875,2650.0,2686.666748046875,1458.0
2008-08-19,2716.666748046875,2716.666748046875,2651.666748046875,2673.333251953125,500.0
2008-08-20,2700.0,2873.333251953125,2676.666748046875,2743.333251953125,6737.0
2008-08-21,2756.666748046875,2783.333251953125,2653.333251953125,2668.333251953125,2997.0
2008-08-22,2653.333251953125,2690.0,2605.0,2636.666748046875,1790.0
2008-08-25,2693.333251953125,2716.666748046875,2660.0,2670.0,1201.0
2008-08-26,2633.333251953125,2698.333251953125,2633.333251953125,2655.0,667.0
2008-08-27,2691.666748046875,2693.333251953125,2628.333251953125,2636.666748046875,763.0
2008-08-28,2670.0,2670.0,2566.666748046875,2583.333251953125,740.0
2008-08-29,2606.666748046875,2665.0,2583.333251953125,2605.0,577.0
2008-09-01,2570.0,2656.666748046875,2566.666748046875,2588.333251953125,467.0
2008-09-02,2610.0,2700.0,2585.0,2608.333251953125,1845.0
2008-09-04,2633.333251953125,2633.333251953125,2598.333251953125,2606.666748046875,390.0
2008-09-05,2570.0,2610.0,2551.666748046875,2581.666748046875,696.0
2008-09-08,2638.333251953125,2648.333251953125,2580.0,2585.0,459.0
2008-09-09,2558.333251953125,2616.666748046875,2558.333251953125,2601.666748046875,745.0
2008-09-10,2583.333251953125,2623.333251953125,2535.0,2603.333251953125,769.0
2008-09-11,2575.0,2660.0,2566.666748046875,2635.0,1296.0
2008-09-12,2633.333251953125,2706.666748046875,2585.0,2668.333251953125,2081.0
2008-09-15,2606.666748046875,2683.333251953125,2445.0,2666.666748046875,7613.0
2008-09-16,2566.666748046875,2666.666748046875,2510.0,2640.0,17858.0
2008-09-17,2640.0,2663.333251953125,2550.0,2621.666748046875,1634.0
2008-09-18,2516.666748046875,2626.666748046875,2450.0,2580.0,1426.0
2008-09-19,2620.0,2833.333251953125,2551.666748046875,2615.0,7851.0
2008-09-22,2503.333251953125,2666.666748046875,2503.333251953125,2578.333251953125,1793.0
2008-09-23,2551.666748046875,2596.666748046875,2451.666748046875,2503.333251953125,661.0
2008-09-24,2523.333251953125,2575.0,2470.0,2565.0,3120.0
2008-09-25,2560.0,2581.666748046875,2486.666748046875,2505.0,266.0
2008-09-26,2486.666748046875,2550.0,2446.666748046875,2481.666748046875,2390.0
2008-09-29,2475.0,2475.0,2150.0,2328.333251953125,3831.0
2008-09-30,2235.0,2396.666748046875,2150.0,2356.666748046875,6308.0
2008-10-01,2396.666748046875,2400.0,2260.0,2306.666748046875,645.0
2008-10-03,2270.0,2298.333251953125,2138.333251953125,2208.333251953125,2276.0
2008-10-06,2151.666748046875,2151.666748046875,1816.6666259765625,1925.0,6782.0
2008-10-07,1900.0,2016.6666259765625,1866.6666259765625,1958.3333740234375,2206.0
2008-10-08,1883.3333740234375,1966.6666259765625,1700.0,1943.3333740234375,2735.0
2008-10-10,1900.0,1900.0,1566.6666259765625,1665.0,4049.0
2008-10-13,1656.6666259765625,1700.0,1621.6666259765625,1648.3333740234375,2098.0
2008-10-14,1670.0,1733.3333740234375,1666.6666259765625,1686.6666259765625,1081.0
2008-10-15,1686.6666259765625,1733.3333740234375,1566.6666259765625,1625.0,2840.0
2008-10-16,1538.3333740234375,1550.0,1413.3333740234375,1511.6666259765625,2493.0
2008-10-17,1506.6666259765625,1566.6666259765625,1341.6666259765625,1401.6666259765625,1008.0
2008-10-20,1350.0,1500.0,1273.3333740234375,1380.0,9323.0
2008-10-21,1366.6666259765625,1656.6666259765625,1366.6666259765625,1656.6666259765625,5505.0
2008-10-22,1666.6666259765625,1795.0,1540.0,1570.0,28205.0
2008-10-23,1533.3333740234375,1533.3333740234375,1305.0,1350.0,28089.0
2008-10-24,1333.3333740234375,1333.3333740234375,1080.0,1096.6666259765625,26132.0
2008-10-27,1083.3333740234375,1100.0,918.3333129882812,1013.3333129882812,4901.0
2008-10-29,1170.0,1170.0,1113.3333740234375,1121.6666259765625,1162.0
2008-10-31,1133.3333740234375,1183.3333740234375,1100.0,1116.6666259765625,22841.0
2008-11-03,1180.0,1183.3333740234375,1140.0,1146.6666259765625,26889.0
2008-11-04,1150.0,1163.3333740234375,1116.6666259765625,1143.3333740234375,3273.0
2008-11-05,1200.0,1361.6666259765625,1175.0,1255.0,4959.0
2008-11-06,1233.3333740234375,1280.0,1138.3333740234375,1186.6666259765625,5001.0
2008-11-07,1166.6666259765625,1238.3333740234375,1133.3333740234375,1151.6666259765625,2394.0
2008-11-10,1200.0,1236.6666259765625,1156.6666259765625,1196.6666259765625,2252.0
2008-11-11,1168.3333740234375,1198.3333740234375,1103.3333740234375,1120.0,1079.0
2008-11-12,1000.0,1121.6666259765625,1000.0,1070.0,1661.0
2008-11-14,1113.3333740234375,1130.0,1016.6666870117188,1036.6666259765625,1026.0
2008-11-17,1003.3333129882812,1033.3333740234375,886.6666870117188,921.6666870117188,3621.0
2008-11-18,900.0,930.0,833.3333129882812,851.6666870117188,3963.0
2008-11-19,896.6666870117188,1023.3333129882812,716.6666870117188,735.0,16179.0
2008-11-20,733.3333129882812,733.3333129882812,668.3333129882812,683.3333129882812,7277.0
2008-11-21,695.0,796.6666870117188,675.0,755.0,40612.0
2008-11-24,750.0,790.0,703.3333129882812,760.0,54685.0
2008-11-25,766.6666870117188,800.0,696.6666870117188,711.6666870117188,5021.0
2008-11-26,710.0,813.3333129882812,705.0,795.0,151799.0
2008-11-27,795.0,795.0,795.0,795.0,0.0
2008-11-28,765.0,798.3333129882812,740.0,756.6666870117188,24478.0
2008-12-01,738.3333129882812,795.0,738.3333129882812,758.3333129882812,16916.0
2008-12-02,703.3333129882812,750.0,700.0,745.0,772.0
2008-12-03,766.6666870117188,783.3333129882812,738.3333129882812,765.0,20577.0
2008-12-04,790.0,793.3333129882812,766.6666870117188,776.6666870117188,1719.0
2008-12-05,766.6666870117188,805.0,750.0,783.3333129882812,2909.0
2008-12-08,793.3333129882812,843.3333129882812,793.3333129882812,803.3333129882812,28217.0
2008-12-10,815.0,845.0,795.0,810.0,3220.0
2008-12-11,811.6666870117188,833.3333129882812,800.0,811.6666870117188,1653.0
2008-12-12,785.0,883.3333129882812,783.3333129882812,851.6666870117188,3700.0
2008-12-15,981.6666870117188,981.6666870117188,840.0,913.3333129882812,26019.0
2008-12-16,883.3333129882812,990.0,833.3333129882812,915.0,13815.0
2008-12-17,948.3333129882812,996.6666870117188,886.6666870117188,903.3333129882812,14590.0
2008-12-18,921.6666870117188,981.6666870117188,866.6666870117188,943.3333129882812,8287.0
2008-12-19,945.0,966.6666870117188,903.3333129882812,936.6666870117188,3564.0
2008-12-22,936.6666870117188,1020.0,936.6666870117188,961.6666870117188,12570.0
2008-12-23,973.3333129882812,973.3333129882812,903.3333129882812,913.3333129882812,2961.0
2008-12-24,866.6666870117188,928.3333129882812,866.6666870117188,908.3333129882812,1575.0
2008-12-26,930.0,943.3333129882812,891.6666870117188,900.0,4046.0
2008-12-29,900.0,915.0,885.0,903.3333129882812,2630.0
2008-12-30,906.6666870117188,933.3333129882812,896.6666870117188,925.0,2184.0
2008-12-31,930.0,966.6666870117188,915.0,921.6666870117188,2031.0
2009-01-02,935.0,1000.0,935.0,961.6666870117188,6152.0
2009-01-05,995.0,1121.6666259765625,970.0,1073.3333740234375,28875.0
2009-01-06,1093.3333740234375,1141.6666259765625,1055.0,1078.3333740234375,14593.0
2009-01-07,1096.6666259765625,1096.6666259765625,933.3333129882812,943.3333129882812,7337.0
2009-01-09,923.3333129882812,993.3333129882812,873.3333129882812,908.3333129882812,2452.0
2009-01-12,911.6666870117188,958.3333129882812,840.0,916.6666870117188,2622.0
2009-01-13,930.0,966.6666870117188,900.0,921.6666870117188,2570.0
2009-01-14,941.6666870117188,950.0,900.0,923.3333129882812,1919.0
2009-01-15,925.0,925.0,836.6666870117188,866.6666870117188,2901.0
2009-01-16,868.3333129882812,886.6666870117188,840.0,851.6666870117188,3776.0
2009-01-19,873.3333129882812,880.0,835.0,850.0,2243.0
2009-01-20,833.3333129882812,850.0,805.0,826.6666870117188,2886.0
2009-01-21,805.0,831.6666870117188,661.6666870117188,661.6666870117188,40947.0
2009-01-22,553.3333129882812,708.3333129882812,553.3333129882812,613.3333129882812,54334.0
2009-01-23,623.3333129882812,655.0,586.6666870117188,613.3333129882812,20539.0
2009-01-27,585.0,651.6666870117188,570.0,623.3333129882812,9909.0
2009-01-28,638.3333129882812,748.3333129882812,618.3333129882812,728.3333129882812,21858.0
2009-01-29,750.0,806.6666870117188,733.3333129882812,768.3333129882812,22757.0
2009-01-30,755.0,785.0,736.6666870117188,760.0,6758.0
2009-02-02,766.6666870117188,766.6666870117188,716.6666870117188,725.0,3958.0
2009-02-03,730.0,765.0,716.6666870117188,741.6666870117188,2534.0
2009-02-04,740.0,773.3333129882812,736.6666870117188,750.0,7210.0
2009-02-05,750.0,753.3333129882812,716.6666870117188,733.3333129882812,2664.0
2009-02-06,795.0,795.0,740.0,755.0,6227.0
2009-02-09,750.0,791.6666870117188,750.0,775.0,2627.0
2009-02-10,775.0,796.6666870117188,766.6666870117188,780.0,3564.0
2009-02-11,760.0,793.3333129882812,750.0,791.6666870117188,5251.0
2009-02-12,781.6666870117188,791.6666870117188,763.3333129882812,768.3333129882812,1144.0
2009-02-13,796.6666870117188,800.0,770.0,781.6666870117188,1872.0
2009-02-16,766.6666870117188,796.6666870117188,756.6666870117188,773.3333129882812,2070.0
2009-02-17,766.6666870117188,781.6666870117188,751.6666870117188,771.6666870117188,1878.0
2009-02-18,753.3333129882812,826.6666870117188,753.3333129882812,773.3333129882812,2788.0
2009-02-19,776.6666870117188,790.0,753.3333129882812,780.0,1332.0
2009-02-20,751.6666870117188,766.6666870117188,736.6666870117188,746.6666870117188,1945.0
2009-02-24,746.6666870117188,746.6666870117188,716.6666870117188,736.6666870117188,529.0
2009-02-25,748.3333129882812,763.3333129882812,740.0,753.3333129882812,460.0
2009-02-26,733.3333129882812,755.0,718.3333129882812,733.3333129882812,1624.0
2009-02-27,716.6666870117188,753.3333129882812,716.6666870117188,730.0,2158.0
2009-03-02,736.6666870117188,748.3333129882812,670.0,728.3333129882812,1514.0
2009-03-03,713.3333129882812,740.0,686.6666870117188,721.6666870117188,1000.0
2009-03-04,718.3333129882812,723.3333129882812,690.0,708.3333129882812,1519.0
2009-03-05,718.3333129882812,723.3333129882812,691.6666870117188,713.3333129882812,748.0
2009-03-06,688.3333129882812,706.6666870117188,668.3333129882812,678.3333129882812,1920.0
2009-03-09,678.3333129882812,688.3333129882812,636.6666870117188,650.0,2590.0
2009-03-12,666.6666870117188,670.0,638.3333129882812,665.0,2698.0
2009-03-13,678.3333129882812,693.3333129882812,651.6666870117188,673.3333129882812,15394.0
2009-03-16,681.6666870117188,685.0,626.6666870117188,663.3333129882812,20358.0
2009-03-17,666.6666870117188,726.6666870117188,660.0,710.0,22431.0
2009-03-18,733.3333129882812,763.3333129882812,706.6666870117188,710.0,10126.0
2009-03-19,716.6666870117188,750.0,713.3333129882812,738.3333129882812,7042.0
2009-03-20,733.3333129882812,796.6666870117188,733.3333129882812,771.6666870117188,7108.0
2009-03-23,778.3333129882812,816.6666870117188,766.6666870117188,793.3333129882812,6009.0
2009-03-24,786.6666870117188,823.3333129882812,766.6666870117188,776.6666870117188,3664.0
2009-03-25,760.0,813.3333129882812,735.0,796.6666870117188,5434.0
2009-03-26,813.3333129882812,833.3333129882812,800.0,825.0,4610.0
2009-03-27,815.0,830.0,800.0,811.6666870117188,1793.0
2009-03-30,666.6666870117188,806.6666870117188,666.6666870117188,743.3333129882812,4454.0
2009-03-31,720.0,783.3333129882812,720.0,746.6666870117188,4715.0
2009-04-01,766.6666870117188,791.6666870117188,751.6666870117188,786.6666870117188,2424.0
2009-04-02,793.3333129882812,858.3333129882812,791.6666870117188,825.0,8056.0
2009-04-06,835.0,873.3333129882812,830.0,845.0,3077.0
2009-04-08,803.3333129882812,893.3333129882812,793.3333129882812,866.6666870117188,5803.0
2009-04-09,916.6666870117188,956.6666870117188,855.0,923.3333129882812,9194.0
2009-04-13,958.3333129882812,1003.3333129882812,900.0,961.6666870117188,8336.0
2009-04-15,960.0,1041.6666259765625,933.3333129882812,995.0,17985.0
2009-04-16,1026.6666259765625,1066.6666259765625,921.6666870117188,940.0,12533.0
2009-04-17,998.3333129882812,998.3333129882812,935.0,945.0,3801.0
2009-04-20,935.0,1006.6666870117188,935.0,948.3333129882812,8049.0
2009-04-21,953.3333129882812,973.3333129882812,918.3333129882812,931.6666870117188,4172.0
2009-04-22,940.0,1066.6666259765625,938.3333129882812,1040.0,27307.0
2009-04-23,1066.6666259765625,1083.3333740234375,1000.0,1053.3333740234375,24228.0
2009-04-24,1051.6666259765625,1073.3333740234375,958.3333129882812,995.0,10551.0
2009-04-27,993.3333129882812,1025.0,966.6666870117188,978.3333129882812,4327.0
2009-04-28,975.0,988.3333129882812,930.0,936.6666870117188,5652.0
2009-04-29,965.0,966.6666870117188,893.3333129882812,928.3333129882812,7516.0
2009-04-30,915.0,915.0,915.0,915.0,0.0
2009-05-04,946.6666870117188,1115.0,946.6666870117188,1115.0,29856.0
2009-05-05,1141.6666259765625,1163.3333740234375,1073.3333740234375,1108.3333740234375,23763.0
2009-05-06,1116.6666259765625,1176.6666259765625,1085.0,1100.0,9884.0
2009-05-07,1115.0,1198.3333740234375,1101.6666259765625,1186.6666259765625,9173.0
2009-05-08,1183.3333740234375,1203.3333740234375,1093.3333740234375,1143.3333740234375,9340.0
2009-05-11,1191.6666259765625,1191.6666259765625,1115.0,1135.0,2891.0
2009-05-12,1133.3333740234375,1170.0,1116.6666259765625,1146.6666259765625,3032.0
2009-05-13,1193.3333740234375,1270.0,1140.0,1168.3333740234375,12964.0
2009-05-14,1296.6666259765625,1296.6666259765625,1133.3333740234375,1150.0,4560.0
2009-05-15,1175.0,1193.3333740234375,1133.3333740234375,1140.0,5078.0
2009-05-18,1250.0,1366.6666259765625,1250.0,1356.6666259765625,383.0
2009-05-19,1350.0,1628.3333740234375,1238.3333740234375,1341.6666259765625,12123.0
2009-05-20,1413.3333740234375,1613.3333740234375,1336.6666259765625,1595.0,23559.0
2009-05-21,1696.6666259765625,1755.0,1601.6666259765625,1708.3333740234375,10218.0
2009-05-22,1700.0,1783.3333740234375,1660.0,1683.3333740234375,4087.0
2009-05-25,1666.6666259765625,1751.6666259765625,1650.0,1678.3333740234375,6650.0
2009-05-26,1673.3333740234375,1733.3333740234375,1580.0,1615.0,6965.0
2009-05-27,1618.3333740234375,1721.6666259765625,1570.0,1591.6666259765625,5035.0
2009-05-28,1630.0,1651.6666259765625,1543.3333740234375,1600.0,15119.0
2009-05-29,1600.0,1646.6666259765625,1525.0,1553.3333740234375,11858.0
2009-06-01,1593.3333740234375,1610.0,1501.6666259765625,1523.3333740234375,15858.0
2009-06-02,1546.6666259765625,1563.3333740234375,1440.0,1490.0,11022.0
2009-06-03,1525.0,1606.6666259765625,1511.6666259765625,1551.6666259765625,17785.0
2009-06-04,1566.6666259765625,1708.3333740234375,1536.6666259765625,1665.0,95044.0
2009-06-05,1733.3333740234375,1766.6666259765625,1576.6666259765625,1618.3333740234375,100396.0
2009-06-08,1638.3333740234375,1708.3333740234375,1486.6666259765625,1506.6666259765625,24612.0
2009-06-09,1450.0,1533.3333740234375,1438.3333740234375,1503.3333740234375,22014.0
2009-06-10,1520.0,1650.0,1520.0,1590.0,30637.0
2009-06-11,1600.0,1616.6666259765625,1533.3333740234375,1546.6666259765625,9837.0
2009-06-12,1583.3333740234375,1615.0,1416.6666259765625,1458.3333740234375,22635.0
2009-06-15,1458.3333740234375,1586.6666259765625,1366.6666259765625,1471.6666259765625,62829.0
2009-06-16,1483.3333740234375,1620.0,1438.3333740234375,1605.0,79329.0
2009-06-17,1631.6666259765625,1631.6666259765625,1445.0,1453.3333740234375,33620.0
2009-06-18,1453.3333740234375,1498.3333740234375,1346.6666259765625,1398.3333740234375,24380.0
2009-06-19,1416.6666259765625,1481.6666259765625,1388.3333740234375,1438.3333740234375,10769.0
2009-06-22,1463.3333740234375,1496.6666259765625,1401.6666259765625,1413.3333740234375,13131.0
2009-06-23,1366.6666259765625,1475.0,1336.6666259765625,1440.0,9423.0
2009-06-24,1496.6666259765625,1496.6666259765625,1430.0,1438.3333740234375,14105.0
2009-06-25,1466.6666259765625,1486.6666259765625,1400.0,1411.6666259765625,15144.0
2009-06-26,1433.3333740234375,1460.0,1410.0,1428.3333740234375,7912.0
2009-06-29,1425.0,1450.0,1376.6666259765625,1391.6666259765625,11437.0
2009-06-30,1411.6666259765625,1416.6666259765625,1326.6666259765625,1335.0,8761.0
2009-07-01,1333.3333740234375,1391.6666259765625,1310.0,1346.6666259765625,5995.0
2009-07-02,1366.6666259765625,1481.6666259765625,1336.6666259765625,1451.6666259765625,24371.0
2009-07-03,1415.0,1450.0,1393.3333740234375,1406.6666259765625,6692.0
2009-07-06,1430.0,1450.0,1328.3333740234375,1338.3333740234375,7827.0
2009-07-07,1333.3333740234375,1360.0,1296.6666259765625,1316.6666259765625,4497.0
2009-07-08,1273.3333740234375,1310.0,1225.0,1238.3333740234375,4476.0
2009-07-09,1278.3333740234375,1278.3333740234375,1150.0,1180.0,9018.0
2009-07-10,1186.6666259765625,1230.0,1080.0,1118.3333740234375,11423.0
2009-07-13,1108.3333740234375,1108.3333740234375,1035.0,1055.0,6223.0
2009-07-14,1098.3333740234375,1103.3333740234375,1058.3333740234375,1071.6666259765625,19462.0
2009-07-15,1095.0,1286.6666259765625,1093.3333740234375,1283.3333740234375,43889.0
2009-07-16,1300.0,1350.0,1235.0,1273.3333740234375,22892.0
2009-07-17,1286.6666259765625,1316.6666259765625,1258.3333740234375,1288.3333740234375,12217.0
2009-07-20,1296.6666259765625,1461.6666259765625,1275.0,1416.6666259765625,31499.0
2009-07-21,1400.0,1483.3333740234375,1391.6666259765625,1413.3333740234375,21851.0
2009-07-22,1426.6666259765625,1510.0,1423.3333740234375,1456.6666259765625,28550.0
2009-07-23,1481.6666259765625,1578.3333740234375,1463.3333740234375,1553.3333740234375,27282.0
2009-07-24,1600.0,1603.3333740234375,1490.0,1505.0,31274.0
2009-07-27,1565.0,1676.6666259765625,1531.6666259765625,1638.3333740234375,109236.0
2009-07-28,1666.6666259765625,1948.3333740234375,1663.3333740234375,1923.3333740234375,232729.0
2009-07-29,1998.3333740234375,1998.3333740234375,1820.0,1928.3333740234375,123477.0
2009-07-30,1901.6666259765625,2106.666748046875,1883.3333740234375,1986.6666259765625,258032.0
2009-07-31,2016.6666259765625,2128.333251953125,1991.6666259765625,2030.0,88220.0
2009-08-03,2040.0,2083.333251953125,2005.0,2066.666748046875,54368.0
2009-08-04,2100.0,2100.0,2025.0,2058.333251953125,48146.0
2009-08-05,2068.333251953125,2183.333251953125,2066.666748046875,2156.666748046875,109490.0
2009-08-06,2170.0,2270.0,2046.6666259765625,2093.333251953125,107431.0
2009-08-07,2058.333251953125,2140.0,1988.3333740234375,2011.6666259765625,57944.0
2009-08-10,2048.333251953125,2100.0,1966.6666259765625,1995.0,41491.0
2009-08-11,2000.0,2100.0,1951.6666259765625,2076.666748046875,58229.0
2009-08-12,2033.3333740234375,2285.0,2033.3333740234375,2265.0,135630.0
2009-08-13,2343.333251953125,2491.666748046875,2310.0,2485.0,140615.0
2009-08-14,2481.666748046875,2526.666748046875,2410.0,2485.0,73189.0
2009-08-17,2456.666748046875,2471.666748046875,2376.666748046875,2400.0,37857.0
2009-08-18,2383.333251953125,2580.0,2383.333251953125,2538.333251953125,126435.0
2009-08-19,2545.0,2626.666748046875,2485.0,2508.333251953125,123366.0
2009-08-20,2535.0,2608.333251953125,2513.333251953125,2566.666748046875,83719.0
2009-08-21,2558.333251953125,2595.0,2520.0,2550.0,54155.0
2009-08-24,2570.0,2616.666748046875,2543.333251953125,2555.0,42917.0
2009-08-25,2550.0,2800.0,2550.0,2758.333251953125,119977.0
2009-08-26,2773.333251953125,2843.333251953125,2703.333251953125,2758.333251953125,77569.0
2009-08-27,2766.666748046875,2780.0,2705.0,2740.0,29310.0
2009-08-28,2760.0,2896.666748046875,2718.333251953125,2861.666748046875,86671.0
2009-08-31,2806.666748046875,2870.0,2751.666748046875,2800.0,55835.0
2009-09-01,2803.333251953125,2893.333251953125,2733.333251953125,2748.333251953125,50106.0
2009-09-02,2710.0,2750.0,2651.666748046875,2676.666748046875,41957.0
2009-09-03,2696.666748046875,2763.333251953125,2666.666748046875,2681.666748046875,34692.0
2009-09-04,2700.0,2746.666748046875,2651.666748046875,2711.666748046875,54155.0
2009-09-07,2748.333251953125,2820.0,2748.333251953125,2793.333251953125,43414.0
2009-09-08,2823.333251953125,2881.666748046875,2770.0,2860.0,79824.0
2009-09-09,2818.333251953125,2913.333251953125,2796.666748046875,2868.333251953125,42806.0
2009-09-10,2896.666748046875,2953.333251953125,2751.666748046875,2785.0,50225.0
2009-09-11,2808.333251953125,2856.666748046875,2716.666748046875,2798.333251953125,32671.0
2009-09-14,2750.0,2788.333251953125,2730.0,2745.0,16157.0
2009-09-15,2766.666748046875,2883.333251953125,2741.666748046875,2870.0,56488.0
2009-09-16,2881.666748046875,2963.333251953125,2838.333251953125,2933.333251953125,50009.0
2009-09-17,2936.666748046875,3025.0,2900.0,3000.0,74619.0
2009-09-18,3008.333251953125,3113.333251953125,2971.666748046875,3098.333251953125,55011.0
2009-09-22,3145.0,3233.333251953125,3066.666748046875,3196.666748046875,44156.0
2009-09-23,3233.333251953125,3306.666748046875,3166.666748046875,3196.666748046875,50240.0
2009-09-24,3166.666748046875,3223.333251953125,3073.333251953125,3210.0,23265.0
2009-09-25,3170.0,3325.0,3170.0,3258.333251953125,46676.0
2009-09-29,3266.666748046875,3346.666748046875,3266.666748046875,3300.0,47136.0
2009-09-30,3318.333251953125,3408.333251953125,3283.333251953125,3341.666748046875,42318.0
2009-10-01,3313.333251953125,3328.333251953125,3243.333251953125,3286.666748046875,29219.0
2009-10-05,3246.666748046875,3280.0,3175.0,3211.666748046875,18884.0
2009-10-06,3233.333251953125,3233.333251953125,3053.333251953125,3150.0,30319.0
2009-10-07,3200.0,3241.666748046875,3073.333251953125,3101.666748046875,19867.0
2009-10-08,3118.333251953125,3136.666748046875,3010.0,3028.333251953125,14769.0
2009-10-09,3066.666748046875,3066.666748046875,2928.333251953125,2950.0,16826.0
2009-10-12,2983.333251953125,3000.0,2941.666748046875,2958.333251953125,13645.0
2009-10-13,2953.333251953125,2953.333251953125,2953.333251953125,2953.333251953125,0.0
2009-10-14,2991.666748046875,3106.666748046875,2970.0,3106.666748046875,14541.0
2009-10-15,3156.666748046875,3263.333251953125,3156.666748046875,3251.666748046875,43751.0
2009-10-16,3270.0,3276.666748046875,3141.666748046875,3168.333251953125,14061.0
2009-10-20,3230.0,3230.0,3075.0,3088.333251953125,8696.0
2009-10-21,3095.0,3140.0,3025.0,3055.0,10041.0
2009-10-22,3053.333251953125,3095.0,2963.333251953125,2985.0,13603.0
2009-10-23,3023.333251953125,3091.666748046875,2936.666748046875,2958.333251953125,13559.0
2009-10-26,2958.333251953125,3043.333251953125,2941.666748046875,2961.666748046875,17855.0
2009-10-27,2950.0,2965.0,2815.0,2821.666748046875,10856.0
2009-10-28,2770.0,2911.666748046875,2738.333251953125,2863.333251953125,15928.0
2009-10-29,2815.0,2873.333251953125,2768.333251953125,2800.0,14998.0
2009-10-30,2850.0,2876.666748046875,2660.0,2663.333251953125,11142.0
2009-11-03,2683.333251953125,2726.666748046875,2550.0,2578.333251953125,15470.0
2009-11-04,2608.333251953125,2708.333251953125,2583.333251953125,2708.333251953125,12320.0
2009-11-05,2733.333251953125,2845.0,2695.0,2845.0,12657.0
2009-11-06,2870.0,2933.333251953125,2733.333251953125,2740.0,22217.0
2009-11-09,2701.666748046875,2840.0,2673.333251953125,2800.0,18809.0
2009-11-10,2795.0,2826.666748046875,2566.666748046875,2640.0,245436.0
2009-11-11,2700.0,2773.333251953125,2576.666748046875,2660.0,95438.0
2009-11-12,2686.666748046875,2746.666748046875,2666.666748046875,2691.666748046875,35397.0
2009-11-13,2711.666748046875,2725.0,2611.666748046875,2640.0,24731.0
2009-11-16,2700.0,3005.0,2633.333251953125,2936.666748046875,132396.0
2009-11-17,2938.333251953125,3023.333251953125,2875.0,2918.333251953125,88872.0
2009-11-18,2926.666748046875,2933.333251953125,2836.666748046875,2851.666748046875,25121.0
2009-11-19,2870.0,2970.0,2833.333251953125,2896.666748046875,41334.0
2009-11-20,2868.333251953125,2933.333251953125,2830.0,2876.666748046875,19882.0
2009-11-23,2908.333251953125,2940.0,2836.666748046875,2850.0,19948.0
2009-11-24,2875.0,2875.0,2818.333251953125,2828.333251953125,8787.0
2009-11-25,2841.666748046875,2978.333251953125,2816.666748046875,2841.666748046875,37436.0
2009-11-26,2880.0,2895.0,2770.0,2806.666748046875,21169.0
2009-11-27,2796.666748046875,2800.0,2625.0,2708.333251953125,21126.0
2009-11-30,2733.333251953125,2823.333251953125,2733.333251953125,2761.666748046875,15985.0
2009-12-01,2776.666748046875,2978.333251953125,2776.666748046875,2900.0,74481.0
2009-12-02,2930.0,2931.666748046875,2856.666748046875,2870.0,11781.0
2009-12-03,2891.666748046875,2941.666748046875,2688.333251953125,2830.0,34827.0
2009-12-04,2816.666748046875,2871.666748046875,2803.333251953125,2813.333251953125,17545.0
2009-12-07,2790.0,2880.0,2785.0,2801.666748046875,22693.0
2009-12-08,2813.333251953125,2866.666748046875,2803.333251953125,2825.0,21874.0
2009-12-09,2816.666748046875,2855.0,2803.333251953125,2823.333251953125,9885.0
2009-12-10,2838.333251953125,2846.666748046875,2786.666748046875,2823.333251953125,14226.0
2009-12-11,2823.333251953125,2846.666748046875,2788.333251953125,2810.0,12599.0
2009-12-14,2823.333251953125,2890.0,2793.333251953125,2810.0,23535.0
2009-12-15,2821.666748046875,2883.333251953125,2750.0,2766.666748046875,20754.0
2009-12-16,2766.666748046875,2836.666748046875,2746.666748046875,2786.666748046875,14332.0
2009-12-17,2791.666748046875,2820.0,2751.666748046875,2761.666748046875,8365.0
2009-12-18,2776.666748046875,2808.333251953125,2708.333251953125,2730.0,13470.0
2009-12-21,2766.666748046875,2860.0,2743.333251953125,2770.0,19627.0
2009-12-22,2833.333251953125,2846.666748046875,2770.0,2823.333251953125,26068.0
2009-12-23,2831.666748046875,2871.666748046875,2821.666748046875,2838.333251953125,22672.0
2009-12-24,2865.0,2933.333251953125,2816.666748046875,2898.333251953125,50711.0
2009-12-29,2923.333251953125,3063.333251953125,2916.666748046875,3025.0,58655.0
2009-12-30,3083.333251953125,3143.333251953125,3033.333251953125,3048.333251953125,64726.0
2009-12-31,3066.666748046875,3136.666748046875,3051.666748046875,3095.0,53816.0
2010-01-04,3123.333251953125,3123.333251953125,2978.333251953125,3001.666748046875,24155.0
2010-01-05,3001.666748046875,3070.0,2961.666748046875,2971.666748046875,34344.0
2010-01-06,2996.666748046875,3181.666748046875,2960.0,3146.666748046875,125109.0
2010-01-07,3200.0,3223.333251953125,3113.333251953125,3148.333251953125,70170.0
2010-01-08,3176.666748046875,3176.666748046875,3100.0,3123.333251953125,17836.0
2010-01-11,3145.0,3180.0,3086.666748046875,3100.0,12987.0
2010-01-12,3121.666748046875,3275.0,3083.333251953125,3156.666748046875,80571.0
2010-01-13,3126.666748046875,3183.333251953125,3050.0,3148.333251953125,19526.0
2010-01-14,3180.0,3236.666748046875,3150.0,3186.666748046875,27122.0
2010-01-15,3200.0,3243.333251953125,3145.0,3156.666748046875,15503.0
2010-01-18,3163.333251953125,3396.666748046875,3160.0,3293.333251953125,112921.0
2010-01-19,3300.0,3358.333251953125,3191.666748046875,3216.666748046875,35430.0
2010-01-20,3250.0,3250.0,3160.0,3205.0,18501.0
2010-01-21,3200.0,3291.666748046875,3091.666748046875,3166.666748046875,32918.0
2010-01-22,3333.333251953125,3333.333251953125,3031.666748046875,3080.0,20186.0
2010-01-25,3093.333251953125,3093.333251953125,2945.0,3000.0,14788.0
2010-01-27,2968.333251953125,3010.0,2866.666748046875,2908.333251953125,19428.0
2010-01-28,2920.0,3005.0,2833.333251953125,2905.0,37142.0
2010-01-29,2866.666748046875,2940.0,2803.333251953125,2903.333251953125,21305.0
2010-02-01,2886.666748046875,2986.666748046875,2886.666748046875,2923.333251953125,65822.0
2010-02-02,2963.333251953125,3070.0,2906.666748046875,2935.0,42023.0
2010-02-03,2996.666748046875,3053.333251953125,2966.666748046875,2988.333251953125,31152.0
2010-02-04,3000.0,3013.333251953125,2875.0,2895.0,24510.0
2010-02-05,2770.0,2908.333251953125,2770.0,2893.333251953125,24805.0
2010-02-08,2933.333251953125,2956.666748046875,2853.333251953125,2920.0,10009.0
2010-02-09,2996.666748046875,2996.666748046875,2880.0,2916.666748046875,44808.0
2010-02-10,2916.666748046875,2950.0,2891.666748046875,2900.0,14139.0
2010-02-11,2916.666748046875,3060.0,2905.0,2950.0,176185.0
2010-02-15,2996.666748046875,2996.666748046875,2838.333251953125,2851.666748046875,41493.0
2010-02-16,2866.666748046875,2938.333251953125,2863.333251953125,2901.666748046875,31462.0
2010-02-17,2931.666748046875,3095.0,2930.0,3005.0,176003.0
2010-02-18,3040.0,3146.666748046875,3010.0,3095.0,192181.0
2010-02-19,3096.666748046875,3163.333251953125,3071.666748046875,3100.0,54917.0
2010-02-22,3116.666748046875,3210.0,3116.666748046875,3188.333251953125,126736.0
2010-02-23,3205.0,3341.666748046875,3205.0,3315.0,121415.0
2010-02-24,3325.0,3463.333251953125,3251.666748046875,3430.0,125466.0
2010-02-25,3433.333251953125,3516.666748046875,3368.333251953125,3410.0,59080.0
2010-02-26,3440.0,3600.0,3340.0,3465.0,66353.0
2010-03-02,3483.333251953125,3506.666748046875,3335.0,3361.666748046875,104597.0
2010-03-03,3396.666748046875,3548.333251953125,3378.333251953125,3493.333251953125,43972.0
2010-03-04,3490.0,3505.0,3416.666748046875,3458.333251953125,23979.0
2010-03-05,3490.0,3490.0,3388.333251953125,3408.333251953125,10911.0
2010-03-08,3453.333251953125,3480.0,3426.666748046875,3438.333251953125,59251.0
2010-03-09,3446.666748046875,3448.333251953125,3366.666748046875,3375.0,13392.0
2010-03-10,3366.666748046875,3380.0,3246.666748046875,3280.0,20432.0
2010-03-11,3250.0,3353.333251953125,3250.0,3311.666748046875,19102.0
2010-03-12,3333.333251953125,3366.666748046875,3311.666748046875,3331.666748046875,14020.0
2010-03-15,3331.666748046875,3331.666748046875,3236.666748046875,3251.666748046875,10280.0
2010-03-16,3253.333251953125,3280.0,3206.666748046875,3225.0,7911.0
2010-03-17,3243.333251953125,3280.0,3176.666748046875,3195.0,9915.0
2010-03-18,3200.0,3273.333251953125,3138.333251953125,3148.333251953125,20435.0
2010-03-19,3166.666748046875,3166.666748046875,3103.333251953125,3120.0,9926.0
2010-03-22,3100.0,3131.666748046875,2996.666748046875,3023.333251953125,50312.0
2010-03-23,3033.333251953125,3330.0,3000.0,3133.333251953125,59291.0
2010-03-25,3156.666748046875,3340.0,3155.0,3246.666748046875,165301.0
2010-03-26,3285.0,3366.666748046875,3160.0,3176.666748046875,34131.0
2010-03-29,3205.0,3333.333251953125,3136.666748046875,3308.333251953125,41033.0
2010-03-30,3331.666748046875,3331.666748046875,3216.666748046875,3230.0,11221.0
2010-03-31,3230.0,3323.333251953125,3103.333251953125,3246.666748046875,89652.0
2010-04-01,3265.0,3316.666748046875,3263.333251953125,3283.333251953125,10688.0
2010-04-05,3313.333251953125,3321.666748046875,3216.666748046875,3308.333251953125,7488.0
2010-04-06,3300.0,3523.333251953125,3276.666748046875,3460.0,114583.0
2010-04-07,3481.666748046875,3546.666748046875,3380.0,3396.666748046875,38435.0
2010-04-08,3386.666748046875,3465.0,3386.666748046875,3398.333251953125,35457.0
2010-04-09,3430.0,3793.333251953125,3416.666748046875,3713.333251953125,154553.0
2010-04-12,3766.666748046875,3933.333251953125,3746.666748046875,3900.0,129774.0
2010-04-13,3933.333251953125,3998.333251953125,3836.666748046875,3870.0,81323.0
2010-04-15,3896.666748046875,4046.666748046875,3866.666748046875,3998.333251953125,99224.0
2010-04-16,4013.333251953125,4333.33349609375,3970.0,4191.66650390625,170981.0
2010-04-19,4160.0,4226.66650390625,4036.666748046875,4185.0,72191.0
2010-04-20,4196.66650390625,4233.33349609375,4108.33349609375,4168.33349609375,35937.0
2010-04-21,4203.33349609375,4211.66650390625,4106.66650390625,4178.33349609375,36363.0
2010-04-22,4156.66650390625,4226.66650390625,4133.33349609375,4188.33349609375,31653.0
2010-04-23,4190.0,4213.33349609375,4140.0,4153.33349609375,12003.0
2010-04-26,4196.66650390625,4196.66650390625,4033.333251953125,4115.0,15188.0
2010-04-27,4111.66650390625,4130.0,4010.0,4093.333251953125,20573.0
2010-04-28,3973.333251953125,4046.666748046875,3900.0,3980.0,9516.0
2010-04-29,4013.333251953125,4020.0,3936.666748046875,3955.0,7013.0
2010-04-30,4045.0,4116.66650390625,3966.666748046875,4048.333251953125,17752.0
2010-05-03,4033.333251953125,4033.333251953125,3973.333251953125,4015.0,7185.0
2010-05-04,4050.0,4056.666748046875,3935.0,3950.0,4620.0
2010-05-05,3741.666748046875,3913.333251953125,3741.666748046875,3833.333251953125,6793.0
2010-05-06,3826.666748046875,3963.333251953125,3800.0,3855.0,5477.0
2010-05-07,3666.666748046875,3800.0,3541.666748046875,3580.0,29393.0
2010-05-10,3656.666748046875,3656.666748046875,3533.333251953125,3593.333251953125,19546.0
2010-05-11,3603.333251953125,4000.0,3601.666748046875,3643.333251953125,17700.0
2010-05-12,3641.666748046875,3766.666748046875,3633.333251953125,3731.666748046875,20685.0
2010-05-13,3761.666748046875,3795.0,3641.666748046875,3663.333251953125,6965.0
2010-05-14,3678.333251953125,3761.666748046875,3600.0,3610.0,4569.0
2010-05-17,3510.0,3746.666748046875,3403.333251953125,3701.666748046875,27140.0
2010-05-18,3723.333251953125,3723.333251953125,3600.0,3663.333251953125,6975.0
2010-05-19,3716.666748046875,3805.0,3483.333251953125,3511.666748046875,27840.0
2010-05-20,3573.333251953125,3608.333251953125,3303.333251953125,3341.666748046875,9695.0
2010-05-21,3270.0,3293.333251953125,3135.0,3241.666748046875,50620.0
2010-05-24,3313.333251953125,3428.333251953125,3270.0,3296.666748046875,8816.0
2010-05-25,3300.0,3316.666748046875,3100.0,3120.0,8148.0
2010-05-26,3266.666748046875,3280.0,3033.333251953125,3041.666748046875,97743.0
2010-05-27,3091.666748046875,3276.666748046875,3083.333251953125,3238.333251953125,17769.0
2010-05-28,3310.0,3398.333251953125,3150.0,3363.333251953125,54816.0
2010-05-31,3393.333251953125,3406.666748046875,3236.666748046875,3260.0,21537.0
2010-06-01,3283.333251953125,3308.333251953125,3140.0,3160.0,50235.0
2010-06-02,3223.333251953125,3300.0,3180.0,3260.0,16974.0
2010-06-03,3266.666748046875,3326.666748046875,3233.333251953125,3280.0,12687.0
2010-06-04,3300.0,3400.0,3245.0,3320.0,46905.0
2010-06-07,3193.333251953125,3536.666748046875,3193.333251953125,3493.333251953125,113601.0
2010-06-08,3550.0,3573.333251953125,3360.0,3393.333251953125,109254.0
2010-06-09,3416.666748046875,3508.333251953125,3400.0,3420.0,26066.0
2010-06-10,3416.666748046875,3486.666748046875,3416.666748046875,3460.0,37669.0
2010-06-11,3498.333251953125,3506.666748046875,3406.666748046875,3470.0,16356.0
2010-06-14,3496.666748046875,3500.0,3441.666748046875,3468.333251953125,8361.0
2010-06-15,3466.666748046875,3500.0,3420.0,3448.333251953125,10757.0
2010-06-16,3470.0,3486.666748046875,3406.666748046875,3423.333251953125,8071.0
2010-06-17,3453.333251953125,3453.333251953125,3328.333251953125,3390.0,8872.0
2010-06-18,3456.666748046875,3456.666748046875,3348.333251953125,3371.666748046875,10169.0
2010-06-21,3435.0,3466.666748046875,3301.666748046875,3381.666748046875,9582.0
2010-06-22,3396.666748046875,3396.666748046875,3333.333251953125,3373.333251953125,3262.0
2010-06-23,3350.0,3646.666748046875,3350.0,3601.666748046875,60748.0
2010-06-24,3636.666748046875,3666.666748046875,3535.0,3558.333251953125,42330.0
2010-06-25,3566.666748046875,3590.0,3503.333251953125,3526.666748046875,13866.0
2010-06-28,3533.333251953125,3581.666748046875,3405.0,3556.666748046875,14516.0
2010-06-29,3566.666748046875,3586.666748046875,3466.666748046875,3515.0,9324.0
2010-06-30,3493.333251953125,3626.666748046875,3470.0,3555.0,20391.0
2010-07-01,3570.0,3693.333251953125,3566.666748046875,3616.666748046875,43968.0
2010-07-02,3630.0,3683.333251953125,3575.0,3601.666748046875,15676.0
2010-07-05,3591.666748046875,3710.0,3535.0,3661.666748046875,24047.0
2010-07-06,3666.666748046875,3771.666748046875,3660.0,3713.333251953125,32552.0
2010-07-07,3713.333251953125,3748.333251953125,3636.666748046875,3653.333251953125,15597.0
2010-07-08,3666.666748046875,3728.333251953125,3641.666748046875,3670.0,11211.0
2010-07-09,3683.333251953125,3698.333251953125,3633.333251953125,3635.0,6901.0
2010-07-12,3665.0,3711.666748046875,3636.666748046875,3668.333251953125,8785.0
2010-07-13,3603.333251953125,3698.333251953125,3583.333251953125,3680.0,9909.0
2010-07-14,3711.666748046875,3711.666748046875,3603.333251953125,3615.0,4087.0
2010-07-15,3643.333251953125,3643.333251953125,3476.666748046875,3488.333251953125,10925.0
2010-07-16,3533.333251953125,3611.666748046875,3520.0,3556.666748046875,20095.0
2010-07-19,3530.0,3585.0,3520.0,3531.666748046875,14381.0
2010-07-20,3566.666748046875,3566.666748046875,3491.666748046875,3508.333251953125,3967.0
2010-07-21,3500.0,3543.333251953125,3500.0,3516.666748046875,4906.0
2010-07-22,3518.333251953125,3543.333251953125,3466.666748046875,3530.0,2763.0
2010-07-23,3550.0,3576.666748046875,3473.333251953125,3486.666748046875,3987.0
2010-07-26,3501.666748046875,3568.333251953125,3475.0,3488.333251953125,6070.0
2010-07-27,3503.333251953125,3526.666748046875,3451.666748046875,3501.666748046875,3353.0
2010-07-28,3523.333251953125,3523.333251953125,3455.0,3466.666748046875,2945.0
2010-07-29,3485.0,3491.666748046875,3336.666748046875,3366.666748046875,19540.0
2010-07-30,3376.666748046875,3455.0,3373.333251953125,3398.333251953125,3906.0
2010-08-02,3426.666748046875,3496.666748046875,3383.333251953125,3430.0,7343.0
2010-08-03,3460.0,3633.333251953125,3410.0,3613.333251953125,24911.0
2010-08-04,3660.0,3691.666748046875,3581.666748046875,3618.333251953125,13595.0
2010-08-05,3633.333251953125,3746.666748046875,3595.0,3663.333251953125,60467.0
2010-08-06,3683.333251953125,3720.0,3633.333251953125,3670.0,20285.0
2010-08-09,3680.0,3708.333251953125,3610.0,3635.0,8060.0
2010-08-10,3653.333251953125,3660.0,3573.333251953125,3595.0,7345.0
2010-08-11,3600.0,3688.333251953125,3600.0,3630.0,18745.0
2010-08-12,3633.333251953125,3770.0,3553.333251953125,3600.0,8249.0
2010-08-13,3628.333251953125,3630.0,3550.0,3568.333251953125,5205.0
2010-08-16,3541.666748046875,3640.0,3525.0,3533.333251953125,7895.0
2010-08-17,3533.333251953125,3615.0,3513.333251953125,3571.666748046875,9678.0
2010-08-18,3583.333251953125,3598.333251953125,3523.333251953125,3581.666748046875,7357.0
2010-08-19,3600.0,3928.333251953125,3555.0,3865.0,139561.0
2010-08-20,3865.0,4013.333251953125,3790.0,3973.333251953125,78529.0
2010-08-23,3973.333251953125,4056.666748046875,3900.0,4000.0,44810.0
2010-08-24,4013.333251953125,4095.0,3966.666748046875,4043.333251953125,59200.0
2010-08-25,4095.0,4256.66650390625,4053.333251953125,4221.66650390625,124645.0
2010-08-26,4296.66650390625,4416.66650390625,4200.0,4378.33349609375,194681.0
2010-08-27,4416.66650390625,4416.66650390625,4218.33349609375,4313.33349609375,84610.0
2010-08-30,4371.66650390625,4406.66650390625,4243.33349609375,4296.66650390625,38585.0
2010-08-31,4291.66650390625,4320.0,4246.66650390625,4275.0,45867.0
2010-09-01,4280.0,4598.33349609375,4280.0,4565.0,113838.0
2010-09-02,4611.66650390625,4683.33349609375,4453.33349609375,4518.33349609375,42669.0
2010-09-03,4540.0,4626.66650390625,4520.0,4560.0,19433.0
2010-09-06,4638.33349609375,4673.33349609375,4543.33349609375,4605.0,39607.0
2010-09-07,4638.33349609375,4725.0,4586.66650390625,4700.0,79146.0
2010-09-08,4715.0,4715.0,4618.33349609375,4653.33349609375,12222.0
2010-09-09,4691.66650390625,4728.33349609375,4620.0,4701.66650390625,25519.0
2010-09-13,4736.66650390625,4748.33349609375,4463.33349609375,4601.66650390625,23564.0
2010-09-14,4545.0,4671.66650390625,4203.33349609375,4280.0,62291.0
2010-09-15,4316.66650390625,4390.0,4243.33349609375,4285.0,18348.0
2010-09-16,4300.0,4491.66650390625,4300.0,4423.33349609375,57515.0
2010-09-17,4465.0,4500.0,4340.0,4463.33349609375,28227.0
2010-09-20,4500.0,4523.33349609375,4433.33349609375,4448.33349609375,8849.0
2010-09-21,4448.33349609375,4545.0,4276.66650390625,4426.66650390625,40109.0
2010-09-22,4403.33349609375,4443.33349609375,4285.0,4346.66650390625,18784.0
2010-09-23,4330.0,4508.33349609375,4315.0,4451.66650390625,45750.0
2010-09-24,4500.0,4525.0,4418.33349609375,4485.0,25787.0
2010-09-27,4433.33349609375,4533.33349609375,4433.33349609375,4466.66650390625,7517.0
2010-09-28,4466.66650390625,4581.66650390625,4416.66650390625,4446.66650390625,20984.0
2010-09-29,4433.33349609375,4513.33349609375,4400.0,4418.33349609375,28241.0
2010-09-30,4386.66650390625,4481.66650390625,4281.66650390625,4328.33349609375,45576.0
2010-10-01,4376.66650390625,4396.66650390625,4250.0,4275.0,12463.0
2010-10-04,4320.0,4450.0,4306.66650390625,4371.66650390625,64473.0
2010-10-05,4371.66650390625,4546.66650390625,4335.0,4478.33349609375,122968.0
2010-10-06,4533.33349609375,4623.33349609375,4483.33349609375,4486.66650390625,63418.0
2010-10-07,4516.66650390625,4546.66650390625,4433.33349609375,4466.66650390625,19424.0
2010-10-08,4405.0,4511.66650390625,4405.0,4470.0,12894.0
2010-10-11,4503.33349609375,4613.33349609375,4480.0,4575.0,36450.0
2010-10-12,4563.33349609375,4600.0,4408.33349609375,4448.33349609375,20872.0
2010-10-13,4473.33349609375,4656.66650390625,4403.33349609375,4626.66650390625,44620.0
2010-10-14,4633.33349609375,4666.66650390625,4473.33349609375,4553.33349609375,32940.0
2010-10-15,4575.0,4621.66650390625,4500.0,4526.66650390625,10723.0
2010-10-18,4583.33349609375,4583.33349609375,4418.33349609375,4473.33349609375,6447.0
2010-10-19,4528.33349609375,4528.33349609375,4441.66650390625,4505.0,18128.0
2010-10-20,4493.33349609375,4556.66650390625,4441.66650390625,4470.0,12124.0
2010-10-21,4466.66650390625,4545.0,4443.33349609375,4531.66650390625,10382.0
2010-10-22,4546.66650390625,4548.33349609375,4385.0,4475.0,11472.0
2010-10-25,4483.33349609375,4533.33349609375,4453.33349609375,4466.66650390625,8405.0
2010-10-26,4486.66650390625,4500.0,4350.0,4375.0,20052.0
2010-10-27,4386.66650390625,4421.66650390625,4311.66650390625,4326.66650390625,29113.0
2010-10-28,4365.0,4393.33349609375,4273.33349609375,4300.0,51257.0
2010-10-29,4348.33349609375,4466.66650390625,4280.0,4403.33349609375,15033.0
2010-11-01,4433.33349609375,4480.0,4398.33349609375,4431.66650390625,5214.0
2010-11-02,4566.66650390625,4566.66650390625,4371.66650390625,4395.0,3787.0
2010-11-03,4380.0,4476.66650390625,4380.0,4396.66650390625,4005.0
2010-11-04,4400.0,4443.33349609375,4383.33349609375,4408.33349609375,3009.0
2010-11-08,4556.66650390625,4556.66650390625,4445.0,4486.66650390625,6512.0
2010-11-09,4515.0,4523.33349609375,4456.66650390625,4473.33349609375,7083.0
2010-11-10,4516.66650390625,4608.33349609375,4483.33349609375,4525.0,27374.0
2010-11-11,4600.0,4740.0,4486.66650390625,4538.33349609375,87769.0
2010-11-12,4560.0,4696.66650390625,4500.0,4506.66650390625,22068.0
2010-11-15,4518.33349609375,4545.0,4366.66650390625,4416.66650390625,7585.0
2010-11-16,4420.0,4471.66650390625,4196.66650390625,4236.66650390625,16029.0
2010-11-18,4240.0,4290.0,3903.333251953125,4053.333251953125,17308.0
2010-11-19,4068.333251953125,4075.0,3723.333251953125,3788.333251953125,29989.0
2010-11-22,3800.0,4046.666748046875,3671.666748046875,4013.333251953125,12403.0
2010-11-23,3966.666748046875,3980.0,3833.333251953125,3925.0,6553.0
2010-11-24,3925.0,3993.333251953125,3833.333251953125,3865.0,6389.0
2010-11-25,3666.666748046875,4000.0,3606.666748046875,3948.333251953125,65831.0
2010-11-26,3835.0,3936.666748046875,3566.666748046875,3845.0,13877.0
2010-11-29,3851.666748046875,4063.333251953125,3750.0,4020.0,8616.0
2010-11-30,4033.333251953125,4033.333251953125,3908.333251953125,3971.666748046875,9463.0
2010-12-01,3985.0,4180.0,3953.333251953125,4118.33349609375,11870.0
2010-12-02,4165.0,4316.66650390625,4165.0,4266.66650390625,11098.0
2010-12-03,4150.0,4181.66650390625,3731.666748046875,3911.666748046875,26172.0
2010-12-06,3911.666748046875,4150.0,3903.333251953125,4040.0,60629.0
2010-12-07,4080.0,4223.33349609375,3878.333251953125,4130.0,13519.0
2010-12-08,3966.666748046875,4090.0,2706.666748046875,2975.0,667713.0
2010-12-09,3133.333251953125,3133.333251953125,2661.666748046875,2766.666748046875,567713.0
2010-12-10,2686.666748046875,3133.333251953125,2686.666748046875,3031.666748046875,274665.0
2010-12-13,3066.666748046875,3261.666748046875,2995.0,3216.666748046875,220218.0
2010-12-14,3246.666748046875,3378.333251953125,3203.333251953125,3298.333251953125,115388.0
2010-12-15,3283.333251953125,3530.0,3170.0,3363.333251953125,188224.0
2010-12-16,3370.0,3493.333251953125,3336.666748046875,3456.666748046875,66456.0
2010-12-20,3431.666748046875,3493.333251953125,3393.333251953125,3421.666748046875,25313.0
2010-12-21,3436.666748046875,3493.333251953125,3420.0,3466.666748046875,19638.0
2010-12-22,3433.333251953125,3515.0,3375.0,3410.0,18528.0
2010-12-23,3431.666748046875,3445.0,3370.0,3400.0,7703.0
2010-12-24,3398.333251953125,3466.666748046875,3380.0,3428.333251953125,6325.0
2010-12-27,3450.0,3460.0,3368.333251953125,3391.666748046875,6249.0
2010-12-28,3431.666748046875,3485.0,3375.0,3460.0,10965.0
2010-12-29,3460.0,3730.0,3366.666748046875,3690.0,104549.0
2010-12-30,3691.666748046875,4116.66650390625,3650.0,4041.666748046875,164245.0
2010-12-31,4100.0,4126.66650390625,3973.333251953125,4010.0,44283.0
2011-01-03,4100.0,4266.66650390625,3933.333251953125,3978.333251953125,15673.0
2011-01-04,3983.333251953125,4020.0,3933.333251953125,3963.333251953125,8456.0
2011-01-05,3933.333251953125,3985.0,3815.0,3856.666748046875,6451.0
2011-01-06,3916.666748046875,3926.666748046875,3771.666748046875,3838.333251953125,20447.0
2011-01-07,3801.666748046875,3823.333251953125,3533.333251953125,3618.333251953125,28532.0
2011-01-10,3600.0,3646.666748046875,3506.666748046875,3520.0,24958.0
2011-01-11,3533.333251953125,3600.0,3446.666748046875,3498.333251953125,10059.0
2011-01-12,3516.666748046875,3655.0,3475.0,3603.333251953125,10899.0
2011-01-13,3648.333251953125,3651.666748046875,3483.333251953125,3508.333251953125,9056.0
2011-01-14,3516.666748046875,3611.666748046875,3475.0,3508.333251953125,16202.0
2011-01-17,3485.0,3610.0,3426.666748046875,3525.0,30464.0
2011-01-18,3566.666748046875,3633.333251953125,3533.333251953125,3598.333251953125,6135.0
2011-01-19,3633.333251953125,3833.333251953125,3620.0,3800.0,58523.0
2011-01-20,3783.333251953125,3820.0,3693.333251953125,3750.0,28475.0
2011-01-21,3746.666748046875,3746.666748046875,3650.0,3660.0,16878.0
2011-01-24,3666.666748046875,3913.333251953125,3610.0,3870.0,46261.0
2011-01-25,3980.0,4080.0,3806.666748046875,3885.0,23755.0
2011-01-27,3931.666748046875,4075.0,3500.0,3880.0,333825.0
2011-01-28,3548.333251953125,3615.0,3468.333251953125,3568.333251953125,51677.0
2011-01-31,3510.0,3630.0,3443.333251953125,3583.333251953125,14936.0
2011-02-01,3613.333251953125,3650.0,3508.333251953125,3526.666748046875,10077.0
2011-02-02,3590.0,3680.0,3543.333251953125,3568.333251953125,16078.0
2011-02-03,3583.333251953125,3628.333251953125,3568.333251953125,3601.666748046875,3416.0
2011-02-04,3600.0,3650.0,3536.666748046875,3545.0,5650.0
2011-02-07,3566.666748046875,3598.333251953125,3416.666748046875,3490.0,9325.0
2011-02-08,3518.333251953125,3538.333251953125,3383.333251953125,3415.0,7554.0
2011-02-09,3411.666748046875,3463.333251953125,3193.333251953125,3288.333251953125,15825.0
2011-02-10,3333.333251953125,3400.0,2986.666748046875,3348.333251953125,22284.0
2011-02-11,3366.666748046875,3430.0,3251.666748046875,3378.333251953125,14496.0
2011-02-14,3405.0,3503.333251953125,3375.0,3468.333251953125,15105.0
2011-02-15,3466.666748046875,3600.0,3411.666748046875,3518.333251953125,28040.0
2011-02-16,3466.666748046875,3566.666748046875,3466.666748046875,3525.0,4770.0
2011-02-17,3506.666748046875,3580.0,3501.666748046875,3553.333251953125,5813.0
2011-02-18,3495.0,3600.0,3416.666748046875,3448.333251953125,9544.0
2011-02-21,3448.333251953125,3578.333251953125,3373.333251953125,3516.666748046875,34500.0
2011-02-22,3510.0,3511.666748046875,3408.333251953125,3458.333251953125,13186.0
2011-02-23,3461.666748046875,3600.0,3420.0,3561.666748046875,20152.0
2011-02-24,3533.333251953125,3688.333251953125,3255.0,3416.666748046875,212923.0
2011-02-25,3456.666748046875,3506.666748046875,3303.333251953125,3366.666748046875,15232.0
2011-02-28,3400.0,3465.0,3333.333251953125,3383.333251953125,27709.0
2011-03-01,3410.0,3503.333251953125,3408.333251953125,3473.333251953125,6995.0
2011-03-03,3530.0,3530.0,3413.333251953125,3463.333251953125,22557.0
2011-03-04,3525.0,3525.0,3393.333251953125,3411.666748046875,23525.0
2011-03-07,3400.0,3433.333251953125,3283.333251953125,3331.666748046875,6690.0
2011-03-08,3303.333251953125,3390.0,3303.333251953125,3370.0,4332.0
2011-03-09,3373.333251953125,3426.666748046875,3373.333251953125,3406.666748046875,4837.0
2011-03-10,3400.0,3463.333251953125,3371.666748046875,3386.666748046875,5132.0
2011-03-11,3336.666748046875,3433.333251953125,3308.333251953125,3346.666748046875,5069.0
2011-03-14,3265.0,3366.666748046875,3218.333251953125,3346.666748046875,5785.0
2011-03-15,3301.666748046875,3333.333251953125,3206.666748046875,3295.0,4526.0
2011-03-16,3330.0,3363.333251953125,3305.0,3326.666748046875,2622.0
2011-03-17,3316.666748046875,3340.0,3266.666748046875,3306.666748046875,3647.0
2011-03-18,3270.0,3373.333251953125,3200.0,3333.333251953125,7268.0
2011-03-21,3326.666748046875,3365.0,3251.666748046875,3281.666748046875,4187.0
2011-03-22,3326.666748046875,3350.0,3203.333251953125,3310.0,21106.0
2011-03-23,3310.0,3390.0,3301.666748046875,3333.333251953125,8527.0
2011-03-24,3351.666748046875,3383.333251953125,3208.333251953125,3316.666748046875,12300.0
2011-03-25,3390.0,3560.0,3301.666748046875,3510.0,37599.0
2011-03-28,3483.333251953125,3591.666748046875,3483.333251953125,3526.666748046875,10626.0
2011-03-29,3530.0,3543.333251953125,3436.666748046875,3465.0,6303.0
2011-03-30,3500.0,3510.0,3441.666748046875,3451.666748046875,4297.0
2011-03-31,3493.333251953125,3583.333251953125,3320.0,3521.666748046875,50252.0
2011-04-01,3540.0,3580.0,3493.333251953125,3510.0,3115.0
2011-04-04,3550.0,3616.666748046875,3500.0,3576.666748046875,17831.0
2011-04-05,3603.333251953125,3666.666748046875,3538.333251953125,3588.333251953125,10854.0
2011-04-06,3626.666748046875,3645.0,3545.0,3558.333251953125,10418.0
2011-04-07,3586.666748046875,3666.666748046875,3543.333251953125,3563.333251953125,25779.0
2011-04-08,3596.666748046875,3598.333251953125,3416.666748046875,3446.666748046875,9578.0
2011-04-11,3406.666748046875,3473.333251953125,3401.666748046875,3425.0,6849.0
2011-04-13,3400.0,3526.666748046875,3375.0,3478.333251953125,9718.0
2011-04-15,3496.666748046875,3496.666748046875,3426.666748046875,3441.666748046875,2832.0
2011-04-18,3490.0,3500.0,3400.0,3403.333251953125,6310.0
2011-04-19,3376.666748046875,3448.333251953125,3336.666748046875,3413.333251953125,3892.0
2011-04-20,3463.333251953125,3500.0,3421.666748046875,3440.0,5588.0
2011-04-21,3473.333251953125,3500.0,3440.0,3473.333251953125,9628.0
2011-04-25,3483.333251953125,3500.0,3425.0,3436.666748046875,2518.0
2011-04-26,3453.333251953125,3463.333251953125,3418.333251953125,3448.333251953125,3365.0
2011-04-27,3475.0,3531.666748046875,3418.333251953125,3435.0,4820.0
2011-04-28,3490.0,3540.0,3358.333251953125,3506.666748046875,24583.0
2011-04-29,3500.0,3503.333251953125,3386.666748046875,3441.666748046875,3698.0
2011-05-02,3463.333251953125,3478.333251953125,3396.666748046875,3408.333251953125,1584.0
2011-05-03,3433.333251953125,3441.666748046875,3351.666748046875,3366.666748046875,1774.0
2011-05-04,3333.333251953125,3415.0,3305.0,3383.333251953125,6217.0
2011-05-05,3383.333251953125,3416.666748046875,3320.0,3335.0,2924.0
2011-05-06,3335.0,3400.0,3335.0,3371.666748046875,4082.0
2011-05-09,3370.0,3430.0,3346.666748046875,3400.0,2063.0
2011-05-10,3416.666748046875,3460.0,3380.0,3423.333251953125,3483.0
2011-05-11,3406.666748046875,3445.0,3353.333251953125,3368.333251953125,4242.0
2011-05-12,3365.0,3416.666748046875,3355.0,3370.0,2211.0
2011-05-13,3338.333251953125,3531.666748046875,3270.0,3458.333251953125,8977.0
2011-05-16,3488.333251953125,3546.666748046875,3405.0,3513.333251953125,7532.0
2011-05-17,3556.666748046875,3600.0,3433.333251953125,3478.333251953125,6519.0
2011-05-18,3530.0,3566.666748046875,3435.0,3473.333251953125,8340.0
2011-05-19,3466.666748046875,3486.666748046875,3416.666748046875,3430.0,2344.0
2011-05-20,3400.0,3476.666748046875,3400.0,3445.0,3210.0
2011-05-23,3436.666748046875,3441.666748046875,3365.0,3403.333251953125,2991.0
2011-05-24,3395.0,3433.333251953125,3370.0,3380.0,1598.0
2011-05-25,3355.0,3398.333251953125,3311.666748046875,3328.333251953125,3174.0
2011-05-26,3383.333251953125,3433.333251953125,3266.666748046875,3310.0,69792.0
2011-05-27,3346.666748046875,3346.666748046875,3283.333251953125,3301.666748046875,5344.0
2011-05-30,3303.333251953125,3346.666748046875,3288.333251953125,3328.333251953125,2509.0
2011-05-31,3345.0,3381.666748046875,3313.333251953125,3358.333251953125,12730.0
2011-06-01,3363.333251953125,3410.0,3320.0,3355.0,13883.0
2011-06-02,3333.333251953125,3358.333251953125,3268.333251953125,3310.0,4103.0
2011-06-03,3315.0,3358.333251953125,3285.0,3298.333251953125,2571.0
2011-06-06,3333.333251953125,3340.0,3283.333251953125,3320.0,4680.0
2011-06-07,3325.0,3335.0,3295.0,3313.333251953125,4108.0
2011-06-08,3313.333251953125,3328.333251953125,3166.666748046875,3260.0,8176.0
2011-06-09,3260.0,3291.666748046875,3240.0,3251.666748046875,3132.0
2011-06-10,3251.666748046875,3271.666748046875,3170.0,3233.333251953125,8438.0
2011-06-13,3250.0,3341.666748046875,3213.333251953125,3308.333251953125,5055.0
2011-06-14,3353.333251953125,3353.333251953125,3283.333251953125,3320.0,2168.0
2011-06-15,3341.666748046875,3350.0,3268.333251953125,3276.666748046875,3972.0
2011-06-16,3268.333251953125,3278.333251953125,3218.333251953125,3238.333251953125,2150.0
2011-06-17,3218.333251953125,3266.666748046875,3215.0,3225.0,3369.0
2011-06-20,3233.333251953125,3266.666748046875,2725.0,2998.333251953125,30719.0
2011-06-21,3001.666748046875,3078.333251953125,2668.333251953125,3010.0,58082.0
2011-06-22,3040.0,3096.666748046875,3000.0,3010.0,29135.0
2011-06-23,3001.666748046875,3163.333251953125,2966.666748046875,3100.0,14664.0
2011-06-24,3141.666748046875,3296.666748046875,3135.0,3263.333251953125,11298.0
2011-06-27,3201.666748046875,3253.333251953125,3195.0,3211.666748046875,4222.0
2011-06-28,3261.666748046875,3263.333251953125,3200.0,3218.333251953125,7772.0
2011-06-29,3236.666748046875,3373.333251953125,3221.666748046875,3271.666748046875,17983.0
2011-06-30,3333.333251953125,3333.333251953125,3258.333251953125,3285.0,22123.0
2011-07-01,3315.0,3315.0,3250.0,3271.666748046875,8586.0
2011-07-04,3326.666748046875,3360.0,3266.666748046875,3273.333251953125,3670.0
2011-07-05,3268.333251953125,3293.333251953125,3226.666748046875,3241.666748046875,2278.0
2011-07-06,3241.666748046875,3263.333251953125,3200.0,3228.333251953125,3325.0
2011-07-07,3230.0,3316.666748046875,3223.333251953125,3278.333251953125,2934.0
2011-07-08,3266.666748046875,3316.666748046875,3233.333251953125,3250.0,2662.0
2011-07-11,3246.666748046875,3283.333251953125,3213.333251953125,3225.0,1762.0
2011-07-12,3260.0,3306.666748046875,3180.0,3283.333251953125,5275.0
2011-07-13,3300.0,3333.333251953125,3251.666748046875,3263.333251953125,6359.0
2011-07-14,3235.0,3280.0,3218.333251953125,3250.0,1790.0
2011-07-15,3266.666748046875,3266.666748046875,3220.0,3235.0,1447.0
2011-07-18,3250.0,3266.666748046875,3211.666748046875,3231.666748046875,1956.0
2011-07-19,3241.666748046875,3261.666748046875,3216.666748046875,3226.666748046875,2063.0
2011-07-20,3248.333251953125,3271.666748046875,3203.333251953125,3216.666748046875,3504.0
2011-07-21,3215.0,3240.0,3200.0,3220.0,1135.0
2011-07-22,3256.666748046875,3268.333251953125,3216.666748046875,3240.0,1895.0
2011-07-25,3240.0,3300.0,3220.0,3260.0,2267.0
2011-07-26,3291.666748046875,3486.666748046875,3281.666748046875,3405.0,35603.0
2011-07-27,3430.0,3433.333251953125,3301.666748046875,3335.0,9026.0
2011-07-28,3328.333251953125,3400.0,3233.333251953125,3265.0,22273.0
2011-07-29,3255.0,3381.666748046875,3041.666748046875,3248.333251953125,20639.0
2011-08-01,3283.333251953125,3283.333251953125,3205.0,3228.333251953125,1831.0
2011-08-02,3205.0,3251.666748046875,3200.0,3218.333251953125,2739.0
2011-08-03,3181.666748046875,3226.666748046875,2960.0,3156.666748046875,10215.0
2011-08-04,3168.333251953125,3216.666748046875,3166.666748046875,3188.333251953125,1984.0
2011-08-05,3133.333251953125,3166.666748046875,3045.0,3138.333251953125,5060.0
2011-08-08,3066.666748046875,3133.333251953125,3061.666748046875,3101.666748046875,2979.0
2011-08-09,3001.666748046875,3133.333251953125,3000.0,3095.0,21648.0
2011-08-10,3135.0,3158.333251953125,3086.666748046875,3118.333251953125,2473.0
2011-08-11,3133.333251953125,3193.333251953125,3086.666748046875,3166.666748046875,1947.0
2011-08-12,3215.0,3245.0,3116.666748046875,3155.0,2234.0
2011-08-16,3183.333251953125,3223.333251953125,3003.333251953125,3053.333251953125,3695.0
2011-08-17,3003.333251953125,3163.333251953125,3000.0,3123.333251953125,6057.0
2011-08-18,3076.666748046875,3135.0,2921.666748046875,3083.333251953125,26486.0
2011-08-19,3000.0,3116.666748046875,3000.0,3078.333251953125,13826.0
2011-08-22,3033.333251953125,3296.666748046875,3033.333251953125,3253.333251953125,14963.0
2011-08-23,3266.666748046875,3476.666748046875,3215.0,3441.666748046875,21403.0
2011-08-24,3406.666748046875,3473.333251953125,3305.0,3418.333251953125,26658.0
2011-08-25,3430.0,3466.666748046875,3306.666748046875,3413.333251953125,19176.0
2011-08-26,3381.666748046875,3391.666748046875,3296.666748046875,3300.0,3376.0
2011-08-29,3386.666748046875,3433.333251953125,3318.333251953125,3400.0,5036.0
2011-08-30,3463.333251953125,3463.333251953125,3366.666748046875,3393.333251953125,2927.0
2011-09-02,3385.0,3566.666748046875,3380.0,3526.666748046875,18254.0
2011-09-05,3530.0,3530.0,3443.333251953125,3480.0,2410.0
2011-09-06,3473.333251953125,3650.0,3431.666748046875,3611.666748046875,13903.0
2011-09-07,3661.666748046875,3663.333251953125,3551.666748046875,3588.333251953125,10512.0
2011-09-08,3588.333251953125,3605.0,3533.333251953125,3576.666748046875,2299.0
2011-09-09,3613.333251953125,3633.333251953125,3538.333251953125,3571.666748046875,4357.0
2011-09-12,3600.0,3600.0,3433.333251953125,3533.333251953125,5133.0
2011-09-13,3533.333251953125,3646.666748046875,3533.333251953125,3628.333251953125,7459.0
2011-09-14,3663.333251953125,3866.666748046875,3580.0,3818.333251953125,50679.0
2011-09-15,3853.333251953125,3863.333251953125,3606.666748046875,3720.0,31047.0
2011-09-16,3733.333251953125,3763.333251953125,3573.333251953125,3611.666748046875,5551.0
2011-09-19,3503.333251953125,3716.666748046875,3503.333251953125,3698.333251953125,5586.0
2011-09-20,3696.666748046875,3800.0,3671.666748046875,3768.333251953125,14777.0
2011-09-21,3735.0,3831.666748046875,3680.0,3801.666748046875,14914.0
2011-09-22,3685.0,3775.0,3650.0,3730.0,9980.0
2011-09-23,3733.333251953125,3866.666748046875,3613.333251953125,3798.333251953125,11886.0
2011-09-26,3835.0,3915.0,3733.333251953125,3868.333251953125,49565.0
2011-09-27,3945.0,4163.33349609375,3893.333251953125,4035.0,52993.0
2011-09-28,4066.666748046875,4205.0,4031.666748046875,4165.0,30623.0
2011-09-29,4171.66650390625,4296.66650390625,3938.333251953125,4021.666748046875,466683.0
2011-09-30,4006.666748046875,4006.666748046875,3650.0,3750.0,37361.0
2011-10-03,3733.333251953125,3753.333251953125,3551.666748046875,3638.333251953125,11222.0
2011-10-04,3663.333251953125,3741.666748046875,3656.666748046875,3696.666748046875,5571.0
2011-10-05,3740.0,3740.0,3570.0,3680.0,4468.0
2011-10-07,3700.0,3783.333251953125,3683.333251953125,3731.666748046875,4408.0
2011-10-10,3706.666748046875,3775.0,3700.0,3756.666748046875,5887.0
2011-10-11,3796.666748046875,3823.333251953125,3693.333251953125,3725.0,6771.0
2011-10-12,3748.333251953125,3748.333251953125,3661.666748046875,3680.0,2666.0
2011-10-13,3683.333251953125,3746.666748046875,3648.333251953125,3695.0,7471.0
2011-10-14,3680.0,3806.666748046875,3640.0,3658.333251953125,22053.0
2011-10-17,3683.333251953125,3693.333251953125,3568.333251953125,3621.666748046875,11394.0
2011-10-18,3613.333251953125,3675.0,3525.0,3645.0,13355.0
2011-10-19,3660.0,3766.666748046875,3650.0,3733.333251953125,16222.0
2011-10-20,3813.333251953125,3813.333251953125,3671.666748046875,3746.666748046875,5690.0
2011-10-21,3738.333251953125,3780.0,3700.0,3708.333251953125,2724.0
2011-10-24,3708.333251953125,3750.0,3606.666748046875,3628.333251953125,1692.0
2011-10-25,3666.666748046875,3691.666748046875,3466.666748046875,3525.0,51088.0
2011-10-28,3600.0,3681.666748046875,3540.0,3663.333251953125,3709.0
2011-10-31,3686.666748046875,3686.666748046875,3600.0,3660.0,3007.0
2011-11-01,3660.0,3693.333251953125,3631.666748046875,3673.333251953125,3037.0
2011-11-02,3628.333251953125,3683.333251953125,3606.666748046875,3666.666748046875,4728.0
2011-11-03,3695.0,3695.0,3658.333251953125,3668.333251953125,3056.0
2011-11-04,3703.333251953125,3703.333251953125,3663.333251953125,3670.0,3603.0
2011-11-08,3675.0,3695.0,3653.333251953125,3671.666748046875,2862.0
2011-11-09,3680.0,3690.0,3636.666748046875,3653.333251953125,4700.0
2011-11-11,3608.333251953125,3650.0,3568.333251953125,3613.333251953125,3176.0
2011-11-14,3601.666748046875,3650.0,3220.0,3563.333251953125,95083.0
2011-11-15,3566.666748046875,3623.333251953125,3351.666748046875,3465.0,39993.0
2011-11-16,3340.0,3491.666748046875,3318.333251953125,3470.0,25009.0
2011-11-17,3400.0,3475.0,3226.666748046875,3393.333251953125,8583.0
2011-11-18,3330.0,3473.333251953125,3270.0,3418.333251953125,3117.0
2011-11-21,3406.666748046875,3445.0,3303.333251953125,3393.333251953125,4952.0
2011-11-22,3433.333251953125,3433.333251953125,3370.0,3390.0,4294.0
2011-11-23,3425.0,3425.0,3216.666748046875,3260.0,18661.0
2011-11-24,3275.0,3473.333251953125,3111.666748046875,3418.333251953125,47010.0
2011-11-25,3380.0,3433.333251953125,3283.333251953125,3378.333251953125,2665.0
2011-11-28,3405.0,3440.0,3350.0,3378.333251953125,3785.0
2011-11-29,3366.666748046875,3430.0,3316.666748046875,3346.666748046875,1923.0
2011-11-30,3346.666748046875,3400.0,3236.666748046875,3308.333251953125,5358.0
2011-12-01,3396.666748046875,3410.0,3286.666748046875,3356.666748046875,5937.0
2011-12-02,3316.666748046875,3393.333251953125,3305.0,3345.0,3327.0
2011-12-05,3313.333251953125,3366.666748046875,3300.0,3338.333251953125,2918.0
2011-12-07,3358.333251953125,3375.0,3316.666748046875,3351.666748046875,4467.0
2011-12-08,3335.0,3366.666748046875,3303.333251953125,3328.333251953125,3089.0
2011-12-09,3300.0,3323.333251953125,3233.333251953125,3265.0,2996.0
2011-12-12,3296.666748046875,3300.0,3243.333251953125,3265.0,21415.0
2011-12-13,3296.666748046875,3296.666748046875,3121.666748046875,3243.333251953125,2847.0
2011-12-14,3243.333251953125,3263.333251953125,3200.0,3216.666748046875,2705.0
2011-12-15,3236.666748046875,3263.333251953125,3140.0,3250.0,3320.0
2011-12-16,3278.333251953125,3320.0,3240.0,3283.333251953125,7893.0
2011-12-19,3333.333251953125,3440.0,3233.333251953125,3410.0,10868.0
2011-12-20,3490.0,3490.0,3253.333251953125,3310.0,8031.0
2011-12-21,3318.333251953125,3393.333251953125,3173.333251953125,3233.333251953125,3477.0
2011-12-22,3246.666748046875,3291.666748046875,3120.0,3220.0,17081.0
2011-12-23,3223.333251953125,3230.0,3155.0,3175.0,10944.0
2011-12-26,3226.666748046875,3268.333251953125,3148.333251953125,3243.333251953125,19237.0
2011-12-27,3230.0,3231.666748046875,3108.333251953125,3153.333251953125,4864.0
2011-12-28,3113.333251953125,3280.0,3066.666748046875,3248.333251953125,33172.0
2011-12-29,3083.333251953125,3383.333251953125,3083.333251953125,3211.666748046875,125655.0
2011-12-30,3191.666748046875,3193.333251953125,3103.333251953125,3118.333251953125,6176.0
2012-01-02,3160.0,3160.0,3086.666748046875,3131.666748046875,1541.0
2012-01-03,3141.666748046875,3181.666748046875,3100.0,3158.333251953125,6054.0
2012-01-04,3160.0,3180.0,3103.333251953125,3115.0,3451.0
2012-01-05,3148.333251953125,3166.666748046875,3103.333251953125,3121.666748046875,7912.0
2012-01-06,3090.0,3141.666748046875,3070.0,3128.333251953125,4979.0
2012-01-09,3101.666748046875,3133.333251953125,3076.666748046875,3093.333251953125,1853.0
2012-01-10,3115.0,3146.666748046875,3073.333251953125,3095.0,17630.0
2012-01-11,3123.333251953125,3173.333251953125,3075.0,3125.0,15644.0
2012-01-12,3106.666748046875,3115.0,3071.666748046875,3085.0,3884.0
2012-01-13,3066.666748046875,3200.0,2870.0,3100.0,31315.0
2012-01-16,3096.666748046875,3166.666748046875,3033.333251953125,3121.666748046875,8483.0
2012-01-17,3146.666748046875,3193.333251953125,3071.666748046875,3118.333251953125,18905.0
2012-01-18,3130.0,3150.0,3050.0,3105.0,4664.0
2012-01-19,3073.333251953125,3146.666748046875,3035.0,3130.0,9001.0
2012-01-20,3150.0,3150.0,3085.0,3098.333251953125,4202.0
2012-01-23,3115.0,3115.0,2906.666748046875,2946.666748046875,146098.0
2012-01-24,2970.0,3030.0,2916.666748046875,2958.333251953125,273536.0
2012-01-25,2966.666748046875,3133.333251953125,2951.666748046875,3110.0,115569.0
2012-01-27,3133.333251953125,3180.0,3076.666748046875,3116.666748046875,21156.0
2012-01-30,3100.0,3133.333251953125,3016.666748046875,3056.666748046875,7966.0
2012-01-31,3056.666748046875,3180.0,3045.0,3151.666748046875,71829.0
2012-02-01,3151.666748046875,3216.666748046875,3106.666748046875,3168.333251953125,31691.0
2012-02-02,3196.666748046875,3201.666748046875,3116.666748046875,3153.333251953125,24979.0
2012-02-03,3116.666748046875,3163.333251953125,3100.0,3133.333251953125,6330.0
2012-02-06,3146.666748046875,3180.0,3085.0,3116.666748046875,4402.0
2012-02-07,3126.666748046875,3280.0,3108.333251953125,3260.0,27664.0
2012-02-08,3310.0,3361.666748046875,3216.666748046875,3310.0,33318.0
2012-02-09,3306.666748046875,3306.666748046875,3220.0,3281.666748046875,74610.0
2012-02-10,3256.666748046875,3363.333251953125,3246.666748046875,3268.333251953125,25135.0
2012-02-13,3266.666748046875,3288.333251953125,3233.333251953125,3250.0,4857.0
2012-02-14,3235.0,3323.333251953125,3235.0,3276.666748046875,15052.0
2012-02-15,3300.0,3380.0,3280.0,3313.333251953125,54735.0
2012-02-16,3350.0,3463.333251953125,3255.0,3303.333251953125,49485.0
2012-02-17,3333.333251953125,3433.333251953125,3325.0,3338.333251953125,57486.0
2012-02-21,3360.0,3410.0,3220.0,3235.0,19527.0
2012-02-22,3231.666748046875,3251.666748046875,3070.0,3130.0,19097.0
2012-02-23,3111.666748046875,3235.0,3078.333251953125,3183.333251953125,43756.0
2012-02-24,3193.333251953125,3200.0,3073.333251953125,3086.666748046875,9505.0
2012-02-27,3098.333251953125,3116.666748046875,3016.666748046875,3025.0,4183.0
2012-02-28,3008.333251953125,3100.0,3003.333251953125,3083.333251953125,4933.0
2012-02-29,3096.666748046875,3111.666748046875,3073.333251953125,3086.666748046875,4084.0
2012-03-01,3071.666748046875,3118.333251953125,3005.0,3096.666748046875,32500.0
2012-03-02,3100.0,3161.666748046875,3066.666748046875,3106.666748046875,28918.0
2012-03-05,3080.0,3133.333251953125,3035.0,3076.666748046875,5082.0
2012-03-06,3081.666748046875,3125.0,3048.333251953125,3075.0,12787.0
2012-03-07,3040.0,3150.0,3025.0,3108.333251953125,25968.0
2012-03-09,3130.0,3150.0,3100.0,3116.666748046875,2707.0
2012-03-12,3133.333251953125,3146.666748046875,3030.0,3083.333251953125,70453.0
2012-03-13,3116.666748046875,3116.666748046875,3070.0,3083.333251953125,30007.0
2012-03-14,3113.333251953125,3201.666748046875,3085.0,3183.333251953125,53015.0
2012-03-15,3205.0,3215.0,3120.0,3148.333251953125,28043.0
2012-03-16,3160.0,3195.0,3110.0,3131.666748046875,12177.0
2012-03-19,3168.333251953125,3168.333251953125,3035.0,3098.333251953125,12113.0
2012-03-20,3078.333251953125,3180.0,3076.666748046875,3135.0,34888.0
2012-03-21,3150.0,3190.0,3120.0,3143.333251953125,31305.0
2012-03-22,3131.666748046875,3158.333251953125,3103.333251953125,3133.333251953125,30608.0
2012-03-23,3148.333251953125,3150.0,3093.333251953125,3115.0,64411.0
2012-03-26,3143.333251953125,3145.0,3033.333251953125,3041.666748046875,38261.0
2012-03-27,3066.666748046875,3136.666748046875,3060.0,3106.666748046875,18837.0
2012-03-28,3100.0,3141.666748046875,3086.666748046875,3111.666748046875,30601.0
2012-03-29,3116.666748046875,3185.0,2966.666748046875,2985.0,168800.0
2012-03-30,3003.333251953125,3060.0,2991.666748046875,3041.666748046875,9449.0
2012-04-02,3038.333251953125,3096.666748046875,3036.666748046875,3076.666748046875,3357.0
2012-04-03,3095.0,3146.666748046875,3086.666748046875,3135.0,17976.0
2012-04-04,3106.666748046875,3193.333251953125,3106.666748046875,3156.666748046875,27631.0
2012-04-09,3133.333251953125,3175.0,3053.333251953125,3066.666748046875,6504.0
2012-04-10,3078.333251953125,3173.333251953125,3046.666748046875,3086.666748046875,9932.0
2012-04-11,3043.333251953125,3105.0,3043.333251953125,3066.666748046875,9088.0
2012-04-12,3086.666748046875,3088.333251953125,3046.666748046875,3051.666748046875,9179.0
2012-04-13,3086.666748046875,3115.0,3050.0,3096.666748046875,22561.0
2012-04-16,3076.666748046875,3120.0,3026.666748046875,3065.0,21601.0
2012-04-17,3065.0,3076.666748046875,3040.0,3051.666748046875,13963.0
2012-04-18,3066.666748046875,3078.333251953125,3005.0,3018.333251953125,32260.0
2012-04-19,3033.333251953125,3130.0,3025.0,3030.0,13426.0
2012-04-20,3036.666748046875,3063.333251953125,2996.666748046875,3006.666748046875,12786.0
2012-04-23,3020.0,3020.0,2885.0,2933.333251953125,20199.0
2012-04-24,2915.0,2960.0,2866.666748046875,2878.333251953125,15203.0
2012-04-25,2893.333251953125,2896.666748046875,2755.0,2786.666748046875,34316.0
2012-04-26,2805.0,3036.666748046875,2668.333251953125,2793.333251953125,185032.0
2012-04-27,2873.333251953125,2948.333251953125,2801.666748046875,2913.333251953125,14179.0
2012-04-30,2875.0,2981.666748046875,2875.0,2953.333251953125,51612.0
2012-05-02,3015.0,3015.0,2926.666748046875,2950.0,14230.0
2012-05-03,2961.666748046875,2976.666748046875,2903.333251953125,2951.666748046875,36255.0
2012-05-04,2940.0,3080.0,2650.0,3048.333251953125,314899.0
2012-05-07,3003.333251953125,3123.333251953125,2956.666748046875,3101.666748046875,27985.0
2012-05-08,3105.0,3156.666748046875,3075.0,3130.0,8925.0
2012-05-09,2933.333251953125,3141.666748046875,2933.333251953125,3130.0,34609.0
2012-05-10,3110.0,3141.666748046875,3058.333251953125,3093.333251953125,5627.0
2012-05-11,3066.666748046875,3108.333251953125,3046.666748046875,3093.333251953125,27193.0
2012-05-14,3000.0,3106.666748046875,3000.0,3095.0,3164.0
2012-05-15,3101.666748046875,3133.333251953125,3051.666748046875,3093.333251953125,3465.0
2012-05-16,3106.666748046875,3108.333251953125,3068.333251953125,3093.333251953125,4009.0
2012-05-17,3073.333251953125,3136.666748046875,3073.333251953125,3115.0,3933.0
2012-05-18,3111.666748046875,3188.333251953125,3020.0,3106.666748046875,9262.0
2012-05-21,3130.0,3138.333251953125,3058.333251953125,3085.0,5674.0
2012-05-22,3130.0,3130.0,3040.0,3063.333251953125,3753.0
2012-05-23,3033.333251953125,3063.333251953125,2971.666748046875,3005.0,7416.0
2012-05-24,2968.333251953125,3086.666748046875,2966.666748046875,3055.0,4429.0
2012-05-25,3011.666748046875,3093.333251953125,3011.666748046875,3051.666748046875,3520.0
2012-05-28,3065.0,3096.666748046875,3018.333251953125,3070.0,768.0
2012-05-29,3100.0,3150.0,3063.333251953125,3120.0,2865.0
2012-05-30,3118.333251953125,3140.0,3025.0,3043.333251953125,4619.0
2012-05-31,3080.0,3190.0,2963.333251953125,3146.666748046875,31320.0
2012-06-01,3143.333251953125,3143.333251953125,3030.0,3045.0,1535.0
2012-06-04,2940.0,3126.666748046875,2940.0,3093.333251953125,837.0
2012-06-05,3116.666748046875,3130.0,3055.0,3071.666748046875,1778.0
2012-06-06,3100.0,3150.0,3053.333251953125,3093.333251953125,7076.0
2012-06-07,3120.0,3150.0,3090.0,3118.333251953125,9233.0
2012-06-08,3126.666748046875,3160.0,3060.0,3096.666748046875,14532.0
2012-06-11,3083.333251953125,3150.0,3083.333251953125,3098.333251953125,9951.0
2012-06-12,3126.666748046875,3158.333251953125,3071.666748046875,3136.666748046875,12425.0
2012-06-13,3116.666748046875,3150.0,3105.0,3125.0,8900.0
2012-06-14,3121.666748046875,3158.333251953125,3076.666748046875,3106.666748046875,15055.0
2012-06-15,3123.333251953125,3153.333251953125,3075.0,3100.0,19947.0
2012-06-18,3121.666748046875,3130.0,3050.0,3065.0,12525.0
2012-06-19,3040.0,3116.666748046875,3040.0,3061.666748046875,9160.0
2012-06-20,3093.333251953125,3108.333251953125,3055.0,3090.0,3357.0
2012-06-21,3066.666748046875,3116.666748046875,2766.666748046875,3058.333251953125,11867.0
2012-06-22,3040.0,3100.0,3015.0,3048.333251953125,6513.0
2012-06-25,3085.0,3090.0,3045.0,3073.333251953125,3103.0
2012-06-26,3088.333251953125,3090.0,3033.333251953125,3050.0,2765.0
2012-06-27,3050.0,3083.333251953125,3040.0,3048.333251953125,3793.0
2012-06-28,3073.333251953125,3075.0,2916.666748046875,2933.333251953125,36472.0
2012-06-29,2943.333251953125,3016.666748046875,2943.333251953125,2973.333251953125,6572.0
2012-07-02,2985.0,2985.0,2960.0,2970.0,1115.0
2012-07-03,2975.0,3016.666748046875,2968.333251953125,2995.0,5493.0
2012-07-04,3001.666748046875,3028.333251953125,2983.333251953125,2996.666748046875,2179.0
2012-07-05,3000.0,3013.333251953125,2986.666748046875,3000.0,1359.0
2012-07-06,2971.666748046875,3023.333251953125,2971.666748046875,2988.333251953125,4158.0
2012-07-09,2998.333251953125,3000.0,2943.333251953125,2976.666748046875,2831.0
2012-07-10,2995.0,2995.0,2933.333251953125,2955.0,3375.0
2012-07-11,2950.0,3008.333251953125,2933.333251953125,2990.0,3814.0
2012-07-12,2996.666748046875,3028.333251953125,2966.666748046875,2990.0,9367.0
2012-07-13,2940.0,3023.333251953125,2940.0,3000.0,18023.0
2012-07-16,3000.0,3013.333251953125,2968.333251953125,2978.333251953125,659.0
2012-07-17,2938.333251953125,2991.666748046875,2938.333251953125,2955.0,1600.0
2012-07-18,2941.666748046875,2963.333251953125,2935.0,2945.0,594.0
2012-07-19,2955.0,2966.666748046875,2930.0,2936.666748046875,3410.0
2012-07-20,2943.333251953125,2965.0,2915.0,2920.0,454.0
2012-07-23,2891.666748046875,2963.333251953125,2773.333251953125,2848.333251953125,1635.0
2012-07-24,2806.666748046875,2875.0,2806.666748046875,2835.0,2610.0
2012-07-25,2773.333251953125,2800.0,2615.0,2726.666748046875,23150.0
2012-07-26,2733.333251953125,2866.666748046875,2700.0,2811.666748046875,66750.0
2012-07-27,2813.333251953125,2830.0,2786.666748046875,2805.0,2971.0
2012-07-30,2860.0,2875.0,2775.0,2820.0,3629.0
2012-07-31,2793.333251953125,2853.333251953125,2793.333251953125,2835.0,2937.0
2012-08-01,2733.333251953125,2845.0,2733.333251953125,2826.666748046875,2217.0
2012-08-02,2766.666748046875,2881.666748046875,2766.666748046875,2873.333251953125,37486.0
2012-08-03,2880.0,2933.333251953125,2836.666748046875,2916.666748046875,9299.0
2012-08-06,2921.666748046875,2953.333251953125,2833.333251953125,2883.333251953125,11380.0
2012-08-07,2901.666748046875,2901.666748046875,2836.666748046875,2876.666748046875,14059.0
2012-08-08,2903.333251953125,2905.0,2836.666748046875,2873.333251953125,1108.0
2012-08-09,2860.0,2966.666748046875,2843.333251953125,2868.333251953125,3812.0
2012-08-10,2866.666748046875,2888.333251953125,2850.0,2863.333251953125,3242.0
2012-08-13,2893.333251953125,2896.666748046875,2833.333251953125,2861.666748046875,669.0
2012-08-14,2866.666748046875,2880.0,2833.333251953125,2845.0,1320.0
2012-08-16,2880.0,2880.0,2826.666748046875,2835.0,993.0
2012-08-17,2850.0,2850.0,2808.333251953125,2830.0,868.0
2012-08-21,2833.333251953125,2873.333251953125,2825.0,2838.333251953125,9032.0
2012-08-22,2860.0,2860.0,2770.0,2821.666748046875,7885.0
2012-08-23,2850.0,2858.333251953125,2803.333251953125,2816.666748046875,8463.0
2012-08-24,2846.666748046875,2846.666748046875,2800.0,2810.0,1963.0
2012-08-27,2816.666748046875,2818.333251953125,2773.333251953125,2781.666748046875,1525.0
2012-08-28,2781.666748046875,2848.333251953125,2780.0,2805.0,5619.0
2012-08-29,2785.0,2821.666748046875,2781.666748046875,2795.0,906.0
2012-08-30,2783.333251953125,2816.666748046875,2753.333251953125,2783.333251953125,14527.0
2012-08-31,2810.0,2816.666748046875,2775.0,2785.0,1387.0
2012-09-03,2800.0,2810.0,2773.333251953125,2785.0,681.0
2012-09-04,2775.0,2800.0,2775.0,2785.0,4071.0
2012-09-05,2800.0,2800.0,2766.666748046875,2776.666748046875,262.0
2012-09-06,2773.333251953125,2795.0,2745.0,2766.666748046875,702.0
2012-09-07,2766.666748046875,2816.666748046875,2718.333251953125,2768.333251953125,2593.0
2012-09-10,2766.666748046875,2795.0,2705.0,2743.333251953125,1182.0
2012-09-11,2716.666748046875,2756.666748046875,2716.666748046875,2728.333251953125,639.0
2012-09-12,2763.333251953125,2765.0,2690.0,2740.0,1026.0
2012-09-13,2745.0,2780.0,2636.666748046875,2690.0,3306.0
2012-09-14,2701.666748046875,2755.0,2701.666748046875,2725.0,1307.0
2012-09-17,2716.666748046875,2765.0,2700.0,2731.666748046875,1484.0
2012-09-18,2731.666748046875,2761.666748046875,2716.666748046875,2723.333251953125,1346.0
2012-09-20,2666.666748046875,2746.666748046875,2666.666748046875,2698.333251953125,2718.0
2012-09-21,2693.333251953125,2720.0,2551.666748046875,2581.666748046875,21780.0
2012-09-24,2598.333251953125,2611.666748046875,2300.0,2328.333251953125,97217.0
2012-09-25,2340.0,2528.333251953125,2333.333251953125,2456.666748046875,66000.0
2012-09-26,2465.0,2550.0,2438.333251953125,2475.0,19868.0
2012-09-27,2461.666748046875,2633.333251953125,2235.0,2621.666748046875,473763.0
2012-09-28,2596.666748046875,2651.666748046875,2426.666748046875,2485.0,74905.0
2012-10-01,2521.666748046875,2550.0,2366.666748046875,2510.0,20019.0
2012-10-03,2513.333251953125,2536.666748046875,2433.333251953125,2461.666748046875,6485.0
2012-10-04,2491.666748046875,2493.333251953125,2428.333251953125,2443.333251953125,9910.0
2012-10-05,2435.0,2481.666748046875,2386.666748046875,2400.0,9699.0
2012-10-08,2403.333251953125,2450.0,2343.333251953125,2371.666748046875,9469.0
2012-10-09,2366.666748046875,2431.666748046875,2360.0,2366.666748046875,8317.0
2012-10-10,2366.666748046875,2378.333251953125,2336.666748046875,2341.666748046875,2545.0
2012-10-11,2338.333251953125,2343.333251953125,2303.333251953125,2313.333251953125,4741.0
2012-10-12,2316.666748046875,2366.666748046875,2293.333251953125,2301.666748046875,9066.0
2012-10-15,2310.0,2336.666748046875,2300.0,2308.333251953125,2622.0
2012-10-16,2305.0,2323.333251953125,2286.666748046875,2298.333251953125,2085.0
2012-10-17,2303.333251953125,2326.666748046875,2270.0,2276.666748046875,3759.0
2012-10-18,2283.333251953125,2318.333251953125,2265.0,2283.333251953125,2782.0
2012-10-19,2281.666748046875,2323.333251953125,2261.666748046875,2295.0,3200.0
2012-10-22,2313.333251953125,2333.333251953125,2245.0,2255.0,6255.0
2012-10-23,2300.0,2323.333251953125,2246.666748046875,2260.0,4907.0
2012-10-25,2266.666748046875,2333.333251953125,2233.333251953125,2305.0,5175.0
2012-10-29,2260.0,2291.666748046875,2233.333251953125,2251.666748046875,1674.0
2012-10-30,2260.0,2265.0,2213.333251953125,2228.333251953125,2299.0
2012-10-31,2228.333251953125,2250.0,2205.0,2215.0,1775.0
2012-11-01,2225.0,2236.666748046875,2203.333251953125,2218.333251953125,1586.0
2012-11-02,2225.0,2245.0,2215.0,2226.666748046875,2259.0
2012-11-05,2226.666748046875,2233.333251953125,2203.333251953125,2206.666748046875,842.0
2012-11-06,2208.333251953125,2233.333251953125,2196.666748046875,2225.0,2910.0
2012-11-07,2221.666748046875,2238.333251953125,2203.333251953125,2213.333251953125,1104.0
2012-11-08,2216.666748046875,2216.666748046875,2171.666748046875,2190.0,1949.0
2012-11-09,2178.333251953125,2206.666748046875,2150.0,2156.666748046875,1651.0
2012-11-12,2136.666748046875,2216.666748046875,2106.666748046875,2185.0,2808.0
2012-11-15,2205.0,2205.0,2150.0,2161.666748046875,1783.0
2012-11-16,2161.666748046875,2178.333251953125,2125.0,2133.333251953125,1178.0
2012-11-19,2138.333251953125,2165.0,2068.333251953125,2091.666748046875,2422.0
2012-11-20,2083.333251953125,2111.666748046875,2008.3333740234375,2015.0,5634.0
2012-11-21,2008.3333740234375,2088.333251953125,2003.3333740234375,2031.6666259765625,1872.0
2012-11-22,2061.666748046875,2110.0,2010.0,2040.0,3644.0
2012-11-23,2046.6666259765625,2080.0,2021.6666259765625,2033.3333740234375,1383.0
2012-11-26,2035.0,2053.333251953125,2010.0,2028.3333740234375,1123.0
2012-11-27,2018.3333740234375,2021.6666259765625,2000.0,2001.6666259765625,2752.0
2012-11-29,2031.6666259765625,2065.0,2008.3333740234375,2046.6666259765625,1665.0
2012-11-30,2061.666748046875,2081.666748046875,2026.6666259765625,2055.0,1507.0
2012-12-03,2038.3333740234375,2120.0,2038.3333740234375,2103.333251953125,3000.0
2012-12-04,2100.0,2411.666748046875,2100.0,2338.333251953125,29519.0
2012-12-05,2343.333251953125,2430.0,2326.666748046875,2356.666748046875,11069.0
2012-12-06,2395.0,2395.0,2266.666748046875,2281.666748046875,2718.0
2012-12-07,2271.666748046875,2395.0,2263.333251953125,2345.0,6562.0
2012-12-10,2323.333251953125,2338.333251953125,2291.666748046875,2306.666748046875,2100.0
2012-12-11,2293.333251953125,2335.0,2240.0,2266.666748046875,1797.0
2012-12-12,2245.0,2291.666748046875,2186.666748046875,2196.666748046875,1658.0
2012-12-13,2198.333251953125,2266.666748046875,2198.333251953125,2221.666748046875,2054.0
2012-12-14,2241.666748046875,2245.0,2190.0,2206.666748046875,604.0
2012-12-17,2216.666748046875,2226.666748046875,2186.666748046875,2210.0,547.0
2012-12-18,2173.333251953125,2253.333251953125,2173.333251953125,2206.666748046875,593.0
2012-12-19,2208.333251953125,2233.333251953125,2206.666748046875,2208.333251953125,1095.0
2012-12-20,2200.0,2233.333251953125,2185.0,2195.0,768.0
2012-12-21,2195.0,2223.333251953125,2068.333251953125,2108.333251953125,2405.0
2012-12-24,2128.333251953125,2145.0,2116.666748046875,2131.666748046875,1457.0
2012-12-26,2136.666748046875,2241.666748046875,2046.6666259765625,2218.333251953125,2880.0
2012-12-27,2208.333251953125,2283.333251953125,2156.666748046875,2188.333251953125,2289.0
2012-12-28,2185.0,2193.333251953125,2110.0,2138.333251953125,1154.0
2012-12-31,2121.666748046875,2196.666748046875,2121.666748046875,2148.333251953125,2644.0
2013-01-01,2121.666748046875,2196.666748046875,2121.666748046875,2176.666748046875,700.0
2013-01-02,2141.666748046875,2261.666748046875,2141.666748046875,2200.0,2055.0
2013-01-03,2216.666748046875,2273.333251953125,2203.333251953125,2226.666748046875,1526.0
2013-01-04,2218.333251953125,2356.666748046875,2200.0,2298.333251953125,4944.0
2013-01-07,2300.0,2426.666748046875,2291.666748046875,2346.666748046875,8716.0
2013-01-08,2348.333251953125,2446.666748046875,2336.666748046875,2418.333251953125,6875.0
2013-01-09,2425.0,2500.0,2423.333251953125,2441.666748046875,8050.0
2013-01-10,2475.0,2483.333251953125,2383.333251953125,2421.666748046875,2587.0
2013-01-11,2433.333251953125,2471.666748046875,2333.333251953125,2348.333251953125,1474.0
2013-01-14,2388.333251953125,2413.333251953125,2305.0,2401.666748046875,1675.0
2013-01-15,2373.333251953125,2510.0,2366.666748046875,2425.0,5871.0
2013-01-16,2443.333251953125,2461.666748046875,2345.0,2366.666748046875,1839.0
2013-01-17,2400.0,2400.0,2335.0,2365.0,1343.0
2013-01-18,2413.333251953125,2415.0,2333.333251953125,2343.333251953125,988.0
2013-01-21,2343.333251953125,2363.333251953125,2283.333251953125,2320.0,1451.0
2013-01-22,2355.0,2383.333251953125,2303.333251953125,2348.333251953125,1264.0
2013-01-23,2366.666748046875,2443.333251953125,2353.333251953125,2368.333251953125,2186.0
2013-01-24,2370.0,2380.0,2285.0,2333.333251953125,1310.0
2013-01-25,2300.0,2376.666748046875,2286.666748046875,2340.0,843.0
2013-01-28,2356.666748046875,2365.0,2301.666748046875,2330.0,2186.0
2013-01-29,2310.0,2346.666748046875,2236.666748046875,2291.666748046875,2628.0
2013-01-30,2273.333251953125,2333.333251953125,2250.0,2325.0,1660.0
2013-01-31,2301.666748046875,2331.666748046875,2268.333251953125,2321.666748046875,630.0
2013-02-01,2320.0,2323.333251953125,2271.666748046875,2293.333251953125,422.0
2013-02-04,2315.0,2323.333251953125,2270.0,2276.666748046875,247.0
2013-02-05,2276.666748046875,2333.333251953125,2265.0,2273.333251953125,348.0
2013-02-06,2280.0,2325.0,2268.333251953125,2308.333251953125,609.0
2013-02-07,2308.333251953125,2326.666748046875,2266.666748046875,2271.666748046875,410.0
2013-02-08,2260.0,2278.333251953125,2241.666748046875,2266.666748046875,431.0
2013-02-11,2256.666748046875,2290.0,2210.0,2235.0,524.0
2013-02-12,2248.333251953125,2265.0,2216.666748046875,2218.333251953125,572.0
2013-02-13,2205.0,2258.333251953125,2200.0,2201.666748046875,284.0
2013-02-14,2201.666748046875,2336.666748046875,2200.0,2238.333251953125,1734.0
2013-02-15,2261.666748046875,2298.333251953125,2220.0,2253.333251953125,925.0
2013-02-18,2210.0,2275.0,2133.333251953125,2241.666748046875,1138.0
2013-02-19,2233.333251953125,2265.0,2201.666748046875,2228.333251953125,826.0
2013-02-20,2243.333251953125,2248.333251953125,2193.333251953125,2200.0,833.0
2013-02-21,2210.0,2223.333251953125,2166.666748046875,2176.666748046875,670.0
2013-02-22,2143.333251953125,2198.333251953125,2005.0,2148.333251953125,849.0
2013-02-25,2135.0,2196.666748046875,2128.333251953125,2135.0,543.0
2013-02-26,2088.333251953125,2206.666748046875,2088.333251953125,2160.0,876.0
2013-02-27,2161.666748046875,2183.333251953125,2066.666748046875,2098.333251953125,2342.0
2013-02-28,2068.333251953125,2168.333251953125,2000.0,2035.0,1755.0
2013-03-01,2060.0,2141.666748046875,2040.0,2068.333251953125,2104.0
2013-03-04,2035.0,2076.666748046875,1911.6666259765625,1938.3333740234375,1992.0
2013-03-05,1993.3333740234375,2098.333251953125,1950.0,2076.666748046875,7761.0
2013-03-06,2095.0,2096.666748046875,2008.3333740234375,2021.6666259765625,3459.0
2013-03-07,2050.0,2051.666748046875,1983.3333740234375,1998.3333740234375,2942.0
2013-03-08,2016.6666259765625,2058.333251953125,2016.6666259765625,2036.6666259765625,4073.0
2013-03-11,2035.0,2063.333251953125,2018.3333740234375,2026.6666259765625,394.0
2013-03-12,2026.6666259765625,2061.666748046875,2016.6666259765625,2031.6666259765625,2068.0
2013-03-13,2033.3333740234375,2040.0,1993.3333740234375,2015.0,543.0
2013-03-14,2031.6666259765625,2033.3333740234375,1971.6666259765625,1995.0,595.0
2013-03-15,2000.0,2031.6666259765625,1873.3333740234375,1903.3333740234375,7816.0
2013-03-18,1900.0,2158.333251953125,1881.6666259765625,2051.666748046875,19925.0
2013-03-19,2051.666748046875,2090.0,2010.0,2030.0,5010.0
2013-03-20,2061.666748046875,2238.333251953125,2056.666748046875,2183.333251953125,19042.0
2013-03-21,2201.666748046875,2383.333251953125,2201.666748046875,2321.666748046875,34784.0
2013-03-22,2333.333251953125,2365.0,1975.0,2103.333251953125,12795.0
2013-03-25,2196.666748046875,2200.0,2068.333251953125,2150.0,3323.0
2013-03-26,2108.333251953125,2163.333251953125,2071.666748046875,2103.333251953125,964.0
2013-03-28,2088.333251953125,2105.0,2070.0,2086.666748046875,680.0
2013-04-01,2066.666748046875,2383.333251953125,2066.666748046875,2310.0,6145.0
2013-04-02,2251.666748046875,2320.0,2203.333251953125,2263.333251953125,2119.0
2013-04-03,2263.333251953125,2333.333251953125,2251.666748046875,2266.666748046875,2325.0
2013-04-04,2245.0,2276.666748046875,2138.333251953125,2191.666748046875,1499.0
2013-04-05,2263.333251953125,2291.666748046875,2200.0,2266.666748046875,1850.0
2013-04-08,2275.0,2290.0,2250.0,2261.666748046875,1133.0
2013-04-09,2295.0,2295.0,2233.333251953125,2250.0,623.0
2013-04-10,2250.0,2271.666748046875,2240.0,2253.333251953125,1039.0
2013-04-11,2260.0,2276.666748046875,2216.666748046875,2223.333251953125,446.0
2013-04-12,2201.666748046875,2233.333251953125,2200.0,2208.333251953125,841.0
2013-04-15,2208.333251953125,2400.0,2208.333251953125,2388.333251953125,7582.0
2013-04-16,2313.333251953125,2341.666748046875,2266.666748046875,2275.0,2865.0
2013-04-17,2280.0,2393.333251953125,2266.666748046875,2306.666748046875,15570.0
2013-04-18,2303.333251953125,2333.333251953125,2270.0,2283.333251953125,722.0
2013-04-22,2241.666748046875,2288.333251953125,2241.666748046875,2251.666748046875,433.0
2013-04-23,2330.0,2330.0,2203.333251953125,2231.666748046875,410.0
2013-04-25,2200.0,2366.666748046875,2200.0,2278.333251953125,2853.0
2013-04-26,2266.666748046875,2331.666748046875,2256.666748046875,2303.333251953125,1034.0
2013-04-29,2315.0,2460.0,2270.0,2316.666748046875,16696.0
2013-04-30,2303.333251953125,2391.666748046875,2275.0,2298.333251953125,1419.0
2013-05-02,2241.666748046875,2290.0,2241.666748046875,2265.0,877.0
2013-05-03,2266.666748046875,2266.666748046875,2215.0,2225.0,758.0
2013-05-06,2260.0,2260.0,2210.0,2225.0,680.0
2013-05-07,2233.333251953125,2330.0,2233.333251953125,2301.666748046875,1178.0
2013-05-08,2316.666748046875,2333.333251953125,2286.666748046875,2295.0,707.0
2013-05-09,2273.333251953125,2313.333251953125,2273.333251953125,2298.333251953125,520.0
2013-05-10,2266.666748046875,2316.666748046875,2250.0,2295.0,1312.0
2013-05-13,2266.666748046875,2300.0,2250.0,2266.666748046875,208.0
2013-05-14,2271.666748046875,2328.333251953125,2243.333251953125,2271.666748046875,707.0
2013-05-15,2288.333251953125,2313.333251953125,2250.0,2266.666748046875,558.0
2013-05-16,2273.333251953125,2298.333251953125,2266.666748046875,2268.333251953125,307.0
2013-05-17,2275.0,2326.666748046875,2265.0,2295.0,609.0
2013-05-20,2256.666748046875,2348.333251953125,2256.666748046875,2301.666748046875,1059.0
2013-05-21,2303.333251953125,2316.666748046875,2270.0,2280.0,1156.0
2013-05-22,2300.0,2316.666748046875,2266.666748046875,2268.333251953125,350.0
2013-05-23,2268.333251953125,2285.0,2235.0,2248.333251953125,671.0
2013-05-24,2258.333251953125,2333.333251953125,2250.0,2295.0,788.0
2013-05-27,2293.333251953125,2328.333251953125,2286.666748046875,2293.333251953125,593.0
2013-05-28,2296.666748046875,2333.333251953125,2283.333251953125,2315.0,914.0
2013-05-29,2331.666748046875,2335.0,2265.0,2288.333251953125,3141.0
2013-05-30,2323.333251953125,2323.333251953125,2276.666748046875,2301.666748046875,1245.0
2013-05-31,2336.666748046875,2361.666748046875,2185.0,2233.333251953125,2528.0
2013-06-03,2265.0,2280.0,2206.666748046875,2223.333251953125,456.0
2013-06-04,2250.0,2250.0,2210.0,2235.0,333.0
2013-06-05,2240.0,2326.666748046875,2215.0,2298.333251953125,5094.0
2013-06-06,2328.333251953125,2365.0,2240.0,2266.666748046875,3836.0
2013-06-07,2325.0,2325.0,2206.666748046875,2216.666748046875,538.0
2013-06-10,2213.333251953125,2283.333251953125,2213.333251953125,2260.0,1511.0
2013-06-11,2296.666748046875,2296.666748046875,2213.333251953125,2256.666748046875,1450.0
2013-06-12,2208.333251953125,2281.666748046875,2121.666748046875,2238.333251953125,438.0
2013-06-13,2206.666748046875,2233.333251953125,2183.333251953125,2201.666748046875,611.0
2013-06-14,2260.0,2273.333251953125,2205.0,2268.333251953125,730.0
2013-06-17,2273.333251953125,2298.333251953125,2266.666748046875,2281.666748046875,3792.0
2013-06-18,2266.666748046875,2280.0,2220.0,2230.0,306.0
2013-06-19,2230.0,2243.333251953125,2215.0,2218.333251953125,733.0
2013-06-20,2205.0,2283.333251953125,2033.3333740234375,2173.333251953125,3611.0
2013-06-21,2183.333251953125,2198.333251953125,2088.333251953125,2111.666748046875,384.0
2013-06-24,2113.333251953125,2113.333251953125,2050.0,2066.666748046875,605.0
2013-06-25,2106.666748046875,2106.666748046875,2036.6666259765625,2041.6666259765625,143.0
2013-06-26,2035.0,2113.333251953125,2028.3333740234375,2070.0,450.0
2013-06-27,2036.6666259765625,2096.666748046875,1855.0,2006.6666259765625,5177.0
2013-06-28,1986.6666259765625,2165.0,1901.6666259765625,2033.3333740234375,3356.0
2013-07-01,2021.6666259765625,2116.666748046875,1980.0,2070.0,751.0
2013-07-02,2033.3333740234375,2106.666748046875,2033.3333740234375,2065.0,372.0
2013-07-03,2033.3333740234375,2066.666748046875,1983.3333740234375,1995.0,338.0
2013-07-04,2033.3333740234375,2033.3333740234375,1933.3333740234375,1963.3333740234375,628.0
2013-07-05,1983.3333740234375,1998.3333740234375,1961.6666259765625,1966.6666259765625,254.0
2013-07-08,1933.3333740234375,2048.333251953125,1933.3333740234375,1976.6666259765625,888.0
2013-07-09,2010.0,2010.0,1936.6666259765625,1948.3333740234375,385.0
2013-07-10,1933.3333740234375,1973.3333740234375,1905.0,1931.6666259765625,199.0
2013-07-11,1998.3333740234375,1998.3333740234375,1940.0,1963.3333740234375,574.0
2013-07-12,1966.6666259765625,1966.6666259765625,1920.0,1928.3333740234375,426.0
2013-07-15,1960.0,1966.6666259765625,1916.6666259765625,1933.3333740234375,450.0
2013-07-16,1916.6666259765625,1963.3333740234375,1883.3333740234375,1888.3333740234375,548.0
2013-07-17,1900.0,1950.0,1873.3333740234375,1920.0,533.0
2013-07-18,1900.0,1950.0,1900.0,1946.6666259765625,246.0
2013-07-19,2026.6666259765625,2026.6666259765625,1866.6666259765625,1881.6666259765625,600.0
2013-07-22,1900.0,1955.0,1836.6666259765625,1906.6666259765625,545.0
2013-07-23,1898.3333740234375,1923.3333740234375,1870.0,1906.6666259765625,339.0
2013-07-24,1880.0,1921.6666259765625,1851.6666259765625,1871.6666259765625,580.0
2013-07-25,1840.0,1891.6666259765625,1826.6666259765625,1833.3333740234375,158.0
2013-07-26,1858.3333740234375,1933.3333740234375,1851.6666259765625,1865.0,467.0
2013-07-29,1881.6666259765625,1881.6666259765625,1733.3333740234375,1810.0,395.0
2013-07-30,1801.6666259765625,1853.3333740234375,1736.6666259765625,1788.3333740234375,667.0
2013-07-31,1775.0,1813.3333740234375,1703.3333740234375,1761.6666259765625,516.0
2013-08-01,1766.6666259765625,1790.0,1766.6666259765625,1766.6666259765625,212.0
2013-08-02,1766.6666259765625,1825.0,1676.6666259765625,1701.6666259765625,684.0
2013-08-05,1668.3333740234375,1708.3333740234375,1633.3333740234375,1691.6666259765625,317.0
2013-08-06,1668.3333740234375,1698.3333740234375,1556.6666259765625,1598.3333740234375,542.0
2013-08-07,1601.6666259765625,1725.0,1601.6666259765625,1681.6666259765625,799.0
2013-08-08,1666.6666259765625,1686.6666259765625,1648.3333740234375,1656.6666259765625,188.0
2013-08-12,1653.3333740234375,1816.6666259765625,1593.3333740234375,1715.0,3800.0
2013-08-13,1733.3333740234375,1780.0,1620.0,1635.0,2407.0
2013-08-14,1666.6666259765625,1666.6666259765625,1533.3333740234375,1560.0,5781.0
2013-08-16,1566.6666259765625,1591.6666259765625,1248.3333740234375,1248.3333740234375,9685.0
2013-08-19,1310.0,1366.6666259765625,1250.0,1270.0,8404.0
2013-08-20,1266.6666259765625,1266.6666259765625,1186.6666259765625,1195.0,37172.0
2013-08-21,1200.0,1200.0,1076.6666259765625,1076.6666259765625,56941.0
2013-08-22,970.0,1000.0,970.0,970.0,19575.0
2013-08-23,871.6666870117188,1055.0,865.0,1055.0,123389.0
2013-08-26,1105.0,1160.0,1105.0,1160.0,5523.0
2013-08-27,1275.0,1275.0,1205.0,1275.0,10912.0
2013-08-28,1401.6666259765625,1401.6666259765625,1301.6666259765625,1393.3333740234375,13327.0
2013-08-29,1433.3333740234375,1460.0,1325.0,1328.3333740234375,7330.0
2013-08-30,1288.3333740234375,1290.0,1263.3333740234375,1266.6666259765625,3866.0
2013-09-02,1216.6666259765625,1330.0,1203.3333740234375,1326.6666259765625,6444.0
2013-09-03,1386.6666259765625,1386.6666259765625,1283.3333740234375,1305.0,3879.0
2013-09-04,1300.0,1358.3333740234375,1296.6666259765625,1336.6666259765625,12380.0
2013-09-05,1353.3333740234375,1363.3333740234375,1315.0,1325.0,14240.0
2013-09-06,1333.3333740234375,1333.3333740234375,1273.3333740234375,1308.3333740234375,12507.0
2013-09-10,1331.6666259765625,1348.3333740234375,1290.0,1300.0,2596.0
2013-09-11,1300.0,1310.0,1261.6666259765625,1271.6666259765625,13378.0
2013-09-12,1291.6666259765625,1296.6666259765625,1226.6666259765625,1240.0,13308.0
2013-09-13,1215.0,1268.3333740234375,1215.0,1235.0,13703.0
2013-09-16,1265.0,1275.0,1201.6666259765625,1211.6666259765625,16148.0
2013-09-17,1228.3333740234375,1228.3333740234375,1176.6666259765625,1208.3333740234375,15744.0
2013-09-18,1226.6666259765625,1226.6666259765625,1193.3333740234375,1200.0,579.0
2013-09-19,1200.0,1245.0,1200.0,1233.3333740234375,2720.0
2013-09-20,1233.3333740234375,1295.0,1228.3333740234375,1260.0,4209.0
2013-09-23,1290.0,1290.0,1236.6666259765625,1250.0,7783.0
2013-09-24,1221.6666259765625,1271.6666259765625,1221.6666259765625,1241.6666259765625,351.0
2013-09-25,1233.3333740234375,1241.6666259765625,1221.6666259765625,1231.6666259765625,12552.0
2013-09-26,1216.6666259765625,1233.3333740234375,1215.0,1225.0,263.0
2013-09-27,1216.6666259765625,1285.0,1216.6666259765625,1230.0,970.0
2013-09-30,1258.3333740234375,1258.3333740234375,1170.0,1180.0,1273.0
2013-10-01,1193.3333740234375,1200.0,1176.6666259765625,1196.6666259765625,237.0
2013-10-03,1205.0,1215.0,1188.3333740234375,1205.0,754.0
2013-10-04,1205.0,1215.0,1183.3333740234375,1195.0,509.0
2013-10-07,1195.0,1215.0,1166.6666259765625,1175.0,947.0
2013-10-08,1183.3333740234375,1196.6666259765625,1173.3333740234375,1175.0,511.0
2013-10-09,1185.0,1185.0,1123.3333740234375,1148.3333740234375,1608.0
2013-10-10,1133.3333740234375,1171.6666259765625,1133.3333740234375,1155.0,828.0
2013-10-11,1165.0,1168.3333740234375,1141.6666259765625,1153.3333740234375,1281.0
2013-10-14,1143.3333740234375,1158.3333740234375,1125.0,1140.0,1657.0
2013-10-15,1133.3333740234375,1148.3333740234375,1116.6666259765625,1120.0,1448.0
2013-10-17,1120.0,1126.6666259765625,1095.0,1101.6666259765625,867.0
2013-10-18,1140.0,1140.0,1096.6666259765625,1101.6666259765625,547.0
2013-10-21,1090.0,1115.0,1086.6666259765625,1091.6666259765625,953.0
2013-10-22,1110.0,1110.0,1066.6666259765625,1068.3333740234375,2125.0
2013-10-23,1086.6666259765625,1121.6666259765625,1086.6666259765625,1121.6666259765625,1614.0
2013-10-24,1176.6666259765625,1176.6666259765625,1130.0,1145.0,3993.0
2013-10-25,1145.0,1145.0,1095.0,1098.3333740234375,1150.0
2013-10-28,1083.3333740234375,1113.3333740234375,1076.6666259765625,1093.3333740234375,556.0
2013-10-29,1078.3333740234375,1100.0,1078.3333740234375,1091.6666259765625,405.0
2013-10-30,1110.0,1115.0,1090.0,1106.6666259765625,489.0
2013-10-31,1125.0,1161.6666259765625,1113.3333740234375,1161.6666259765625,1220.0
2013-11-01,1218.3333740234375,1218.3333740234375,1133.3333740234375,1136.6666259765625,7201.0
2013-11-05,1166.6666259765625,1196.6666259765625,1128.3333740234375,1138.3333740234375,3825.0
2013-11-06,1133.3333740234375,1193.3333740234375,1133.3333740234375,1168.3333740234375,5612.0
2013-11-07,1200.0,1231.6666259765625,1171.6666259765625,1183.3333740234375,4753.0
2013-11-08,1176.6666259765625,1358.3333740234375,1176.6666259765625,1250.0,90526.0
2013-11-11,1261.6666259765625,1316.6666259765625,1240.0,1260.0,7236.0
2013-11-12,1276.6666259765625,1276.6666259765625,1195.0,1201.6666259765625,2638.0
2013-11-13,1183.3333740234375,1200.0,1103.3333740234375,1126.6666259765625,4407.0
2013-11-14,1196.6666259765625,1196.6666259765625,1120.0,1126.6666259765625,2540.0
2013-11-18,1120.0,1191.6666259765625,1101.6666259765625,1115.0,5065.0
2013-11-19,1133.3333740234375,1140.0,1103.3333740234375,1131.6666259765625,3281.0
2013-11-20,1150.0,1150.0,1106.6666259765625,1111.6666259765625,3997.0
2013-11-21,1106.6666259765625,1116.6666259765625,1083.3333740234375,1106.6666259765625,3400.0
2013-11-22,1113.3333740234375,1138.3333740234375,1093.3333740234375,1101.6666259765625,1677.0
2013-11-25,1108.3333740234375,1131.6666259765625,1101.6666259765625,1106.6666259765625,1088.0
2013-11-26,1113.3333740234375,1128.3333740234375,983.3333129882812,996.6666870117188,23646.0
2013-11-27,1005.0,1046.6666259765625,1005.0,1021.6666870117188,2509.0
2013-11-28,1023.3333129882812,1056.6666259765625,1016.6666870117188,1021.6666870117188,6632.0
2013-11-29,1041.6666259765625,1055.0,1005.0,1008.3333129882812,4499.0
2013-12-02,1008.3333129882812,1033.3333740234375,1000.0,1008.3333129882812,5568.0
2013-12-03,1018.3333129882812,1030.0,1003.3333129882812,1021.6666870117188,2858.0
2013-12-04,1048.3333740234375,1050.0,995.0,1001.6666870117188,4744.0
2013-12-05,1000.0,1031.6666259765625,993.3333129882812,996.6666870117188,4154.0
2013-12-06,976.6666870117188,1010.0,976.6666870117188,1005.0,2669.0
2013-12-09,1000.0,1048.3333740234375,1000.0,1031.6666259765625,3295.0
2013-12-10,1065.0,1156.6666259765625,1050.0,1093.3333740234375,31854.0
2013-12-11,1073.3333740234375,1123.3333740234375,1050.0,1056.6666259765625,6888.0
2013-12-12,1050.0,1070.0,1010.0,1023.3333129882812,6332.0
2013-12-13,1000.0,1048.3333740234375,1000.0,1040.0,3567.0
2013-12-16,1040.0,1060.0,1023.3333129882812,1050.0,2019.0
2013-12-17,1063.3333740234375,1063.3333740234375,1001.6666870117188,1016.6666870117188,2605.0
2013-12-18,1010.0,1038.3333740234375,1010.0,1018.3333129882812,2236.0
2013-12-19,1033.3333740234375,1033.3333740234375,1008.3333129882812,1018.3333129882812,1064.0
2013-12-20,1010.0,1030.0,1006.6666870117188,1013.3333129882812,3580.0
2013-12-23,1013.3333129882812,1048.3333740234375,1013.3333129882812,1028.3333740234375,1671.0
2013-12-24,1045.0,1061.6666259765625,1040.0,1051.6666259765625,2250.0
2013-12-26,1063.3333740234375,1081.6666259765625,1043.3333740234375,1063.3333740234375,2381.0
2013-12-27,1073.3333740234375,1160.0,1070.0,1116.6666259765625,16832.0
2013-12-30,1128.3333740234375,1188.3333740234375,1091.6666259765625,1175.0,17437.0
2013-12-31,1266.6666259765625,1330.0,1250.0,1273.3333740234375,68833.0
2014-01-01,1281.6666259765625,1296.6666259765625,1216.6666259765625,1271.6666259765625,13295.0
2014-01-02,1280.0,1286.6666259765625,1176.6666259765625,1190.0,8907.0
2014-01-03,1185.0,1211.6666259765625,1161.6666259765625,1195.0,6426.0
2014-01-06,1216.6666259765625,1216.6666259765625,1160.0,1166.6666259765625,4700.0
2014-01-07,1196.6666259765625,1286.6666259765625,1166.6666259765625,1275.0,23977.0
2014-01-08,1316.6666259765625,1340.0,1238.3333740234375,1253.3333740234375,36259.0
2014-01-09,1266.6666259765625,1291.6666259765625,1193.3333740234375,1221.6666259765625,18202.0
2014-01-10,1233.3333740234375,1248.3333740234375,1173.3333740234375,1180.0,8735.0
2014-01-13,1233.3333740234375,1233.3333740234375,1156.6666259765625,1163.3333740234375,4803.0
2014-01-14,1163.3333740234375,1180.0,1138.3333740234375,1151.6666259765625,2664.0
2014-01-15,1153.3333740234375,1165.0,1141.6666259765625,1155.0,2332.0
2014-01-16,1168.3333740234375,1193.3333740234375,1140.0,1148.3333740234375,3229.0
2014-01-17,1150.0,1155.0,1103.3333740234375,1115.0,3014.0
2014-01-20,1128.3333740234375,1133.3333740234375,1100.0,1110.0,2293.0
2014-01-21,1110.0,1136.6666259765625,1105.0,1125.0,2159.0
2014-01-22,1123.3333740234375,1173.3333740234375,1115.0,1121.6666259765625,5662.0
2014-01-23,1121.6666259765625,1143.3333740234375,1115.0,1123.3333740234375,1390.0
2014-01-24,1103.3333740234375,1123.3333740234375,1083.3333740234375,1088.3333740234375,2831.0
2014-01-27,1070.0,1113.3333740234375,1040.0,1056.6666259765625,3933.0
2014-01-28,1030.0,1085.0,1030.0,1061.6666259765625,1332.0
2014-01-29,1060.0,1160.0,1055.0,1111.6666259765625,12242.0
2014-01-30,1030.0,1065.0,1020.0,1050.0,4719.0
2014-01-31,1066.6666259765625,1076.6666259765625,1040.0,1041.6666259765625,2257.0
2014-02-03,1033.3333740234375,1065.0,1033.3333740234375,1045.0,2691.0
2014-02-04,1066.6666259765625,1066.6666259765625,1026.6666259765625,1043.3333740234375,2187.0
2014-02-05,1050.0,1063.3333740234375,1040.0,1048.3333740234375,2931.0
2014-02-06,1056.6666259765625,1061.6666259765625,1041.6666259765625,1046.6666259765625,1344.0
2014-02-07,1060.0,1066.6666259765625,1035.0,1041.6666259765625,1002.0
2014-02-10,1036.6666259765625,1060.0,1036.6666259765625,1043.3333740234375,1290.0
2014-02-11,1046.6666259765625,1060.0,1043.3333740234375,1045.0,1073.0
2014-02-12,1050.0,1083.3333740234375,1030.0,1036.6666259765625,2013.0
2014-02-13,1033.3333740234375,1050.0,1000.0,1010.0,2154.0
2014-02-14,1026.6666259765625,1026.6666259765625,946.6666870117188,983.3333129882812,6170.0
2014-02-17,1113.3333740234375,1113.3333740234375,933.3333129882812,966.6666870117188,8169.0
2014-02-18,990.0,1008.3333129882812,945.0,993.3333129882812,7586.0
2014-02-19,996.6666870117188,1040.0,960.0,1021.6666870117188,13823.0
2014-02-20,1000.0,1060.0,991.6666870117188,1030.0,10939.0
2014-02-21,1048.3333740234375,1063.3333740234375,1011.6666870117188,1021.6666870117188,3614.0
2014-02-24,1055.0,1075.0,1033.3333740234375,1041.6666259765625,4957.0
2014-02-25,1035.0,1046.6666259765625,1016.6666870117188,1018.3333129882812,1577.0
2014-02-26,1026.6666259765625,1026.6666259765625,1000.0,1013.3333129882812,1930.0
2014-02-28,1021.6666870117188,1023.3333129882812,1008.3333129882812,1013.3333129882812,948.0
2014-03-03,1013.3333129882812,1013.3333129882812,996.6666870117188,1000.0,1266.0
2014-03-04,1003.3333129882812,1020.0,998.3333129882812,1010.0,1316.0
2014-03-05,1016.6666870117188,1026.6666259765625,998.3333129882812,1003.3333129882812,1347.0
2014-03-06,1010.0,1055.0,986.6666870117188,1026.6666259765625,13124.0
2014-03-07,1081.6666259765625,1133.3333740234375,1066.6666259765625,1083.3333740234375,35140.0
2014-03-10,1081.6666259765625,1096.6666259765625,1056.6666259765625,1073.3333740234375,12927.0
2014-03-11,1068.3333740234375,1095.0,1063.3333740234375,1068.3333740234375,2942.0
2014-03-12,1060.0,1066.6666259765625,1008.3333129882812,1026.6666259765625,5975.0
2014-03-13,1048.3333740234375,1048.3333740234375,993.3333129882812,998.3333129882812,10432.0
2014-03-14,983.3333129882812,1016.6666870117188,981.6666870117188,998.3333129882812,2339.0
2014-03-18,996.6666870117188,1018.3333129882812,970.0,978.3333129882812,7622.0
2014-03-19,975.0,995.0,958.3333129882812,961.6666870117188,10402.0
2014-03-20,963.3333129882812,966.6666870117188,951.6666870117188,956.6666870117188,3942.0
2014-03-21,953.3333129882812,968.3333129882812,916.6666870117188,921.6666870117188,12653.0
2014-03-24,930.0,946.6666870117188,928.3333129882812,933.3333129882812,5684.0
2014-03-25,925.0,943.3333129882812,921.6666870117188,928.3333129882812,6243.0
2014-03-26,933.3333129882812,933.3333129882812,891.6666870117188,903.3333129882812,9352.0
2014-03-27,893.3333129882812,968.3333129882812,891.6666870117188,910.0,33746.0
2014-03-28,930.0,960.0,916.6666870117188,951.6666870117188,9509.0
2014-03-31,965.0,993.3333129882812,958.3333129882812,975.0,7210.0
2014-04-01,968.3333129882812,983.3333129882812,956.6666870117188,971.6666870117188,4876.0
2014-04-02,983.3333129882812,1041.6666259765625,960.0,1026.6666259765625,17499.0
2014-04-03,1016.6666870117188,1090.0,1016.6666870117188,1065.0,24560.0
2014-04-04,1071.6666259765625,1118.3333740234375,1071.6666259765625,1098.3333740234375,18337.0
2014-04-07,1108.3333740234375,1140.0,1075.0,1108.3333740234375,7399.0
2014-04-09,1108.3333740234375,1183.3333740234375,1075.0,1131.6666259765625,30424.0
2014-04-10,1171.6666259765625,1171.6666259765625,1110.0,1118.3333740234375,13222.0
2014-04-11,1123.3333740234375,1135.0,1103.3333740234375,1125.0,10747.0
2014-04-15,1126.6666259765625,1145.0,1106.6666259765625,1110.0,6689.0
2014-04-16,1106.6666259765625,1136.6666259765625,1086.6666259765625,1093.3333740234375,9296.0
2014-04-17,1085.0,1146.6666259765625,1076.6666259765625,1138.3333740234375,10940.0
2014-04-21,1145.0,1188.3333740234375,1145.0,1156.6666259765625,10295.0
2014-04-22,1166.6666259765625,1251.6666259765625,1145.0,1226.6666259765625,29921.0
2014-04-23,1238.3333740234375,1283.3333740234375,1225.0,1246.6666259765625,19723.0
2014-04-24,1246.6666259765625,1246.6666259765625,1246.6666259765625,1246.6666259765625,0.0
2014-04-25,1255.0,1295.0,1201.6666259765625,1285.0,26284.0
2014-04-28,1300.0,1328.3333740234375,1285.0,1310.0,38964.0
2014-04-29,1308.3333740234375,1313.3333740234375,1270.0,1273.3333740234375,13735.0
2014-04-30,1273.3333740234375,1310.0,1183.3333740234375,1201.6666259765625,12519.0
2014-05-02,1213.3333740234375,1248.3333740234375,1183.3333740234375,1198.3333740234375,7272.0
2014-05-05,1193.3333740234375,1226.6666259765625,1183.3333740234375,1201.6666259765625,17394.0
2014-05-06,1221.6666259765625,1221.6666259765625,1173.3333740234375,1183.3333740234375,3264.0
2014-05-07,1170.0,1243.3333740234375,1170.0,1200.0,6607.0
2014-05-08,1190.0,1243.3333740234375,1190.0,1220.0,6772.0
2014-05-09,1211.6666259765625,1250.0,1211.6666259765625,1231.6666259765625,8682.0
2014-05-12,1221.6666259765625,1250.0,1195.0,1206.6666259765625,7411.0
2014-05-13,1250.0,1276.6666259765625,1211.6666259765625,1230.0,10618.0
2014-05-14,1250.0,1283.3333740234375,1218.3333740234375,1269.9996337890625,13091.0
2014-05-15,1278.3333740234375,1283.3333740234375,1218.3333740234375,1226.6666259765625,4948.0
2014-05-16,1250.0,1276.6666259765625,1216.6666259765625,1238.3333740234375,7653.0
2014-05-19,1233.3333740234375,1338.3333740234375,1233.3333740234375,1321.6666259765625,27535.0
2014-05-20,1400.0,1461.6666259765625,1335.0,1348.3333740234375,81337.0
2014-05-21,1370.0,1391.6666259765625,1313.3333740234375,1340.0,43793.0
2014-05-22,1356.6666259765625,1408.3333740234375,1351.6666259765625,1363.3333740234375,57816.0
2014-05-23,1371.6666259765625,1466.6666259765625,1371.6666259765625,1443.3333740234375,80062.0
2014-05-26,1480.0,1616.6666259765625,1425.0,1468.3333740234375,106428.0
2014-05-27,1483.3333740234375,1500.0,1400.0,1430.0,23652.0
2014-05-28,1436.6666259765625,1538.3333740234375,1435.0,1516.6666259765625,28504.0
2014-05-29,1523.3333740234375,1553.3333740234375,1496.6666259765625,1506.6666259765625,20852.0
2014-05-30,1508.3333740234375,1545.0,1446.6666259765625,1471.6666259765625,11957.0
2014-06-02,1401.6666259765625,1430.0,1346.6666259765625,1416.6666259765625,33445.0
2014-06-03,1416.6666259765625,1495.0,1416.6666259765625,1480.0,31667.0
2014-06-04,1490.0,1531.6666259765625,1458.3333740234375,1508.3333740234375,23892.0
2014-06-05,1520.0,1543.3333740234375,1485.0,1521.6666259765625,17938.0
2014-06-06,1523.3333740234375,1616.6666259765625,1523.3333740234375,1586.6666259765625,43289.0
2014-06-09,1603.3333740234375,1606.6666259765625,1543.3333740234375,1566.6666259765625,33328.0
2014-06-10,1578.3333740234375,1578.3333740234375,1510.0,1551.6666259765625,13088.0
2014-06-11,1553.3333740234375,1650.0,1541.6666259765625,1578.3333740234375,50739.0
2014-06-12,1580.0,1660.0,1550.0,1631.6666259765625,33167.0
2014-06-13,1646.6666259765625,1646.6666259765625,1496.6666259765625,1508.3333740234375,19086.0
2014-06-16,1513.3333740234375,1521.6666259765625,1440.0,1498.3333740234375,8976.0
2014-06-17,1511.6666259765625,1610.0,1496.6666259765625,1596.6666259765625,20748.0
2014-06-18,1665.0,1706.6666259765625,1590.0,1611.6666259765625,86454.0
2014-06-19,1633.3333740234375,1648.3333740234375,1421.6666259765625,1595.0,13338.0
2014-06-20,1576.6666259765625,1611.6666259765625,1533.3333740234375,1543.3333740234375,7578.0
2014-06-23,1533.3333740234375,1583.3333740234375,1528.3333740234375,1555.0,23670.0
2014-06-24,1573.3333740234375,1616.6666259765625,1566.6666259765625,1595.0,10007.0
2014-06-25,1600.0,1623.3333740234375,1570.0,1586.6666259765625,12423.0
2014-06-26,1606.6666259765625,1623.3333740234375,1566.6666259765625,1576.6666259765625,8841.0
2014-06-27,1573.3333740234375,1603.3333740234375,1536.6666259765625,1556.6666259765625,7096.0
2014-06-30,1555.0,1646.6666259765625,1548.3333740234375,1638.3333740234375,20111.0
2014-07-01,1681.6666259765625,1683.3333740234375,1623.3333740234375,1631.6666259765625,25406.0
2014-07-02,1640.0,1655.0,1603.3333740234375,1610.0,9843.0
2014-07-03,1603.3333740234375,1621.6666259765625,1583.3333740234375,1591.6666259765625,6145.0
2014-07-04,1591.6666259765625,1626.6666259765625,1571.6666259765625,1578.3333740234375,7553.0
2014-07-07,1591.6666259765625,1601.6666259765625,1533.3333740234375,1545.0,8004.0
2014-07-08,1543.3333740234375,1571.6666259765625,1445.0,1465.0,15781.0
2014-07-09,1466.6666259765625,1481.6666259765625,1416.6666259765625,1420.0,8710.0
2014-07-10,1426.6666259765625,1483.3333740234375,1361.6666259765625,1426.6666259765625,13055.0
2014-07-11,1426.6666259765625,1455.0,1350.0,1375.0,8827.0
2014-07-14,1393.3333740234375,1393.3333740234375,1351.6666259765625,1376.6666259765625,4867.0
2014-07-15,1378.3333740234375,1420.0,1378.3333740234375,1405.0,4812.0
2014-07-16,1400.0,1506.6666259765625,1400.0,1460.0,19056.0
2014-07-17,1473.3333740234375,1476.6666259765625,1430.0,1438.3333740234375,6396.0
2014-07-18,1438.3333740234375,1438.3333740234375,1405.0,1418.3333740234375,4073.0
2014-07-21,1421.6666259765625,1466.6666259765625,1421.6666259765625,1431.6666259765625,3968.0
2014-07-22,1433.3333740234375,1453.3333740234375,1416.6666259765625,1443.3333740234375,6441.0
2014-07-23,1450.0,1463.3333740234375,1410.0,1420.0,3555.0
2014-07-24,1430.0,1445.0,1398.3333740234375,1416.6666259765625,3390.0
2014-07-25,1420.0,1435.0,1370.0,1378.3333740234375,2895.0
2014-07-28,1378.3333740234375,1391.6666259765625,1350.0,1353.3333740234375,2676.0
2014-07-30,1345.0,1366.6666259765625,1316.6666259765625,1331.6666259765625,2955.0
2014-07-31,1343.3333740234375,1356.6666259765625,1300.0,1313.3333740234375,3871.0
2014-08-01,1300.0,1385.0,1278.3333740234375,1368.3333740234375,10421.0
2014-08-04,1368.3333740234375,1418.3333740234375,1368.3333740234375,1406.6666259765625,3506.0
2014-08-05,1401.6666259765625,1416.6666259765625,1356.6666259765625,1385.0,5013.0
2014-08-06,1380.0,1406.6666259765625,1350.0,1361.6666259765625,3092.0
2014-08-07,1351.6666259765625,1375.0,1333.3333740234375,1338.3333740234375,1673.0
2014-08-08,1300.0,1365.0,1300.0,1341.6666259765625,6012.0
2014-08-11,1341.6666259765625,1361.6666259765625,1293.3333740234375,1315.0,5263.0
2014-08-12,1306.6666259765625,1426.6666259765625,1300.0,1391.6666259765625,17998.0
2014-08-13,1398.3333740234375,1426.6666259765625,1300.0,1351.6666259765625,28941.0
2014-08-14,1366.6666259765625,1410.0,1305.0,1365.0,30967.0
2014-08-18,1336.6666259765625,1365.0,1325.0,1348.3333740234375,3192.0
2014-08-19,1365.0,1438.3333740234375,1335.0,1355.0,47660.0
2014-08-20,1366.6666259765625,1403.3333740234375,1310.0,1381.6666259765625,52990.0
2014-08-21,1373.3333740234375,1470.0,1370.0,1451.6666259765625,22451.0
2014-08-22,1493.3333740234375,1493.3333740234375,1393.3333740234375,1405.0,38221.0
2014-08-25,1400.0,1423.3333740234375,1368.3333740234375,1378.3333740234375,4250.0
2014-08-26,1348.3333740234375,1386.6666259765625,1336.6666259765625,1343.3333740234375,4251.0
2014-08-27,1343.3333740234375,1366.6666259765625,1333.3333740234375,1335.0,4365.0
2014-08-28,1350.0,1356.6666259765625,1313.3333740234375,1323.3333740234375,4410.0
2014-09-01,1325.0,1361.6666259765625,1316.6666259765625,1333.3333740234375,4864.0
2014-09-02,1340.0,1378.3333740234375,1340.0,1350.0,5636.0
2014-09-03,1350.0,1363.3333740234375,1341.6666259765625,1346.6666259765625,3317.0
2014-09-04,1336.6666259765625,1353.3333740234375,1310.0,1325.0,4519.0
2014-09-05,1310.0,1341.6666259765625,1286.6666259765625,1298.3333740234375,6130.0
2014-09-08,1310.0,1328.3333740234375,1296.6666259765625,1308.3333740234375,5759.0
2014-09-09,1308.3333740234375,1390.0,1305.0,1345.0,8954.0
2014-09-10,1346.6666259765625,1371.6666259765625,1318.3333740234375,1323.3333740234375,5332.0
2014-09-11,1323.3333740234375,1371.6666259765625,1323.3333740234375,1358.3333740234375,5935.0
2014-09-12,1365.0,1380.0,1350.0,1360.0,5195.0
2014-09-15,1380.0,1495.0,1351.6666259765625,1456.6666259765625,34732.0
2014-09-16,1465.0,1493.3333740234375,1343.3333740234375,1358.3333740234375,19300.0
2014-09-17,1380.0,1380.0,1326.6666259765625,1350.0,4999.0
2014-09-18,1341.6666259765625,1515.0,1336.6666259765625,1480.0,19924.0
2014-09-19,1525.0,1560.0,1425.0,1438.3333740234375,69060.0
2014-09-22,1415.0,1418.3333740234375,1340.0,1353.3333740234375,27315.0
2014-09-23,1350.0,1375.0,1306.6666259765625,1316.6666259765625,18837.0
2014-09-24,1316.6666259765625,1331.6666259765625,1216.6666259765625,1248.3333740234375,17006.0
2014-09-25,1266.6666259765625,1315.0,1250.0,1256.6666259765625,16056.0
2014-09-26,1263.3333740234375,1338.3333740234375,1221.6666259765625,1316.6666259765625,14327.0
2014-09-29,1323.3333740234375,1350.0,1293.3333740234375,1320.0,7902.0
2014-09-30,1308.3333740234375,1331.6666259765625,1250.0,1270.0,7064.0
2014-10-01,1266.6666259765625,1286.6666259765625,1238.3333740234375,1248.3333740234375,6147.0
2014-10-07,1238.3333740234375,1276.6666259765625,1235.0,1240.0,3137.0
2014-10-08,1236.6666259765625,1253.3333740234375,1216.6666259765625,1226.6666259765625,4762.0
2014-10-09,1230.0,1251.6666259765625,1226.6666259765625,1230.0,8523.0
2014-10-10,1226.6666259765625,1250.0,1191.6666259765625,1201.6666259765625,4934.0
2014-10-13,1206.6666259765625,1211.6666259765625,1188.3333740234375,1201.6666259765625,3211.0
2014-10-14,1193.3333740234375,1211.6666259765625,1190.0,1193.3333740234375,3948.0
2014-10-15,1193.3333740234375,1193.3333740234375,1193.3333740234375,1193.3333740234375,0.0
2014-10-16,1183.3333740234375,1195.0,1130.0,1141.6666259765625,5867.0
2014-10-17,1136.6666259765625,1180.0,1136.6666259765625,1156.6666259765625,2841.0
2014-10-20,1170.0,1211.6666259765625,1170.0,1195.0,8063.0
2014-10-21,1185.0,1215.0,1185.0,1193.3333740234375,3590.0
2014-10-22,1213.3333740234375,1221.6666259765625,1185.0,1215.0,6468.0
2014-10-27,1226.6666259765625,1341.6666259765625,1208.3333740234375,1301.6666259765625,29504.0
2014-10-28,1358.3333740234375,1396.6666259765625,1313.3333740234375,1326.6666259765625,46634.0
2014-10-29,1328.3333740234375,1328.3333740234375,1286.6666259765625,1293.3333740234375,9933.0
2014-10-30,1283.3333740234375,1296.6666259765625,1260.0,1265.0,3240.0
2014-10-31,1256.6666259765625,1300.0,1255.0,1260.0,6785.0
2014-11-03,1253.3333740234375,1330.0,1253.3333740234375,1306.6666259765625,8850.0
2014-11-05,1316.6666259765625,1371.6666259765625,1283.3333740234375,1320.0,20502.0
2014-11-07,1323.3333740234375,1400.0,1293.3333740234375,1381.6666259765625,22524.0
2014-11-10,1366.6666259765625,1391.6666259765625,1333.3333740234375,1341.6666259765625,6917.0
2014-11-11,1326.6666259765625,1353.3333740234375,1310.0,1313.3333740234375,5948.0
2014-11-12,1366.6666259765625,1410.0,1345.0,1358.3333740234375,34485.0
2014-11-13,1368.3333740234375,1375.0,1316.6666259765625,1318.3333740234375,8828.0
2014-11-14,1321.6666259765625,1396.6666259765625,1293.3333740234375,1385.0,39684.0
2014-11-17,1363.3333740234375,1375.0,1313.3333740234375,1325.0,37758.0
2014-11-18,1320.0,1360.0,1318.3333740234375,1330.0,6807.0
2014-11-19,1345.0,1345.0,1305.0,1310.0,5334.0
2014-11-20,1301.6666259765625,1318.3333740234375,1300.0,1303.3333740234375,4154.0
2014-11-21,1291.6666259765625,1325.0,1280.0,1285.0,4444.0
2014-11-24,1283.3333740234375,1300.0,1263.3333740234375,1270.0,4874.0
2014-11-25,1268.3333740234375,1278.3333740234375,1235.0,1240.0,4829.0
2014-11-26,1226.6666259765625,1266.6666259765625,1226.6666259765625,1243.3333740234375,3506.0
2014-11-27,1233.3333740234375,1256.6666259765625,1233.3333740234375,1245.0,1889.0
2014-11-28,1245.0,1260.0,1236.6666259765625,1238.3333740234375,4259.0
2014-12-01,1230.0,1248.3333740234375,1230.0,1235.0,2217.0
2014-12-02,1230.0,1250.0,1220.0,1236.6666259765625,1931.0
2014-12-03,1233.3333740234375,1258.3333740234375,1233.3333740234375,1243.3333740234375,8304.0
2014-12-04,1243.3333740234375,1278.3333740234375,1221.6666259765625,1251.6666259765625,11561.0
2014-12-05,1251.6666259765625,1266.6666259765625,1236.6666259765625,1240.0,9189.0
2014-12-08,1233.3333740234375,1256.6666259765625,1233.3333740234375,1240.0,8413.0
2014-12-09,1233.3333740234375,1246.6666259765625,1201.6666259765625,1205.0,8537.0
2014-12-10,1193.3333740234375,1255.0,1193.3333740234375,1230.0,8597.0
2014-12-11,1233.3333740234375,1235.0,1206.6666259765625,1213.3333740234375,1596.0
2014-12-12,1210.0,1235.0,1173.3333740234375,1196.6666259765625,13686.0
2014-12-15,1173.3333740234375,1200.0,1173.3333740234375,1185.0,2324.0
2014-12-16,1173.3333740234375,1183.3333740234375,1143.3333740234375,1156.6666259765625,4975.0
2014-12-17,1153.3333740234375,1153.3333740234375,1116.6666259765625,1118.3333740234375,2416.0
2014-12-18,1161.6666259765625,1206.6666259765625,1133.3333740234375,1190.0,5037.0
2014-12-19,1186.6666259765625,1208.3333740234375,1181.6666259765625,1186.6666259765625,1637.0
2014-12-22,1175.0,1200.0,1166.6666259765625,1171.6666259765625,3166.0
2014-12-23,1163.3333740234375,1180.0,1125.0,1136.6666259765625,2007.0
2014-12-24,1133.3333740234375,1200.0,1133.3333740234375,1183.3333740234375,24340.0
2014-12-26,1268.3333740234375,1283.3333740234375,1220.0,1240.0,29783.0
2014-12-29,1233.3333740234375,1263.3333740234375,1218.3333740234375,1230.0,10842.0
2014-12-30,1220.0,1230.0,1193.3333740234375,1200.0,3440.0
2014-12-31,1188.3333740234375,1211.6666259765625,1178.3333740234375,1203.3333740234375,6442.0
2015-01-01,1190.0,1250.0,1188.3333740234375,1240.0,5785.0
2015-01-02,1228.3333740234375,1261.6666259765625,1221.6666259765625,1238.3333740234375,10472.0
2015-01-05,1228.3333740234375,1258.3333740234375,1228.3333740234375,1245.0,14088.0
2015-01-06,1230.0,1283.3333740234375,1208.3333740234375,1225.0,8476.0
2015-01-07,1225.0,1243.3333740234375,1213.3333740234375,1228.3333740234375,2550.0
2015-01-08,1248.3333740234375,1270.0,1231.6666259765625,1261.6666259765625,5298.0
2015-01-09,1253.3333740234375,1263.3333740234375,1246.6666259765625,1246.6666259765625,2436.0
2015-01-12,1246.6666259765625,1261.6666259765625,1236.6666259765625,1238.3333740234375,862.0
2015-01-13,1260.0,1263.3333740234375,1236.6666259765625,1246.6666259765625,5193.0
2015-01-14,1233.3333740234375,1250.0,1195.0,1200.0,3335.0
2015-01-15,1208.3333740234375,1231.6666259765625,1201.6666259765625,1216.6666259765625,1800.0
2015-01-16,1211.6666259765625,1216.6666259765625,1196.6666259765625,1201.6666259765625,1580.0
2015-01-19,1208.3333740234375,1216.6666259765625,1193.3333740234375,1198.3333740234375,3638.0
2015-01-20,1191.6666259765625,1211.6666259765625,1188.3333740234375,1195.0,2219.0
2015-01-21,1190.0,1206.6666259765625,1166.6666259765625,1170.0,3061.0
2015-01-22,1166.6666259765625,1186.6666259765625,1156.6666259765625,1166.6666259765625,2562.0
2015-01-23,1166.6666259765625,1180.0,1150.0,1161.6666259765625,2164.0
2015-01-27,1145.0,1170.0,1133.3333740234375,1141.6666259765625,2439.0
2015-01-28,1156.6666259765625,1166.6666259765625,1126.6666259765625,1135.0,2213.0
2015-01-29,1145.0,1165.0,1123.3333740234375,1158.3333740234375,2930.0
2015-01-30,1190.0,1190.0,1143.3333740234375,1145.0,1979.0
2015-02-02,1145.0,1173.3333740234375,1145.0,1160.0,2193.0
2015-02-03,1166.6666259765625,1166.6666259765625,1146.6666259765625,1148.3333740234375,1042.0
2015-02-04,1146.6666259765625,1241.6666259765625,1146.6666259765625,1223.3333740234375,16363.0
2015-02-05,1226.6666259765625,1243.3333740234375,1198.3333740234375,1215.0,6272.0
2015-02-06,1213.3333740234375,1213.3333740234375,1176.6666259765625,1190.0,3523.0
2015-02-09,1190.0,1215.0,1170.0,1188.3333740234375,2635.0
2015-02-10,1161.6666259765625,1233.3333740234375,1161.6666259765625,1198.3333740234375,2059.0
2015-02-11,1185.0,1226.6666259765625,1185.0,1221.6666259765625,3616.0
2015-02-12,1231.6666259765625,1241.6666259765625,1216.6666259765625,1236.6666259765625,3017.0
2015-02-13,1218.3333740234375,1356.6666259765625,1218.3333740234375,1336.6666259765625,26008.0
2015-02-16,1348.3333740234375,1406.6666259765625,1328.3333740234375,1368.3333740234375,17438.0
2015-02-18,1380.0,1583.3333740234375,1343.3333740234375,1528.3333740234375,55688.0
2015-02-19,1526.6666259765625,1623.3333740234375,1471.6666259765625,1578.3333740234375,43897.0
2015-02-20,1566.6666259765625,1633.3333740234375,1563.3333740234375,1588.3333740234375,24499.0
2015-02-23,1573.3333740234375,1605.0,1523.3333740234375,1566.6666259765625,29834.0
2015-02-24,1583.3333740234375,1586.6666259765625,1476.6666259765625,1488.3333740234375,37185.0
2015-02-25,1491.6666259765625,1516.6666259765625,1470.0,1480.0,9350.0
2015-02-26,1483.3333740234375,1496.6666259765625,1416.6666259765625,1433.3333740234375,7680.0
2015-02-27,1440.0,1475.0,1413.3333740234375,1435.0,10423.0
2015-03-02,1433.3333740234375,1510.0,1386.6666259765625,1473.3333740234375,15655.0
2015-03-03,1503.3333740234375,1558.3333740234375,1493.3333740234375,1521.6666259765625,15527.0
2015-03-04,1533.3333740234375,1566.6666259765625,1503.3333740234375,1516.6666259765625,14261.0
2015-03-05,1516.6666259765625,1625.0,1511.6666259765625,1588.3333740234375,48563.0
2015-03-09,1566.6666259765625,1576.6666259765625,1526.6666259765625,1546.6666259765625,8978.0
2015-03-10,1538.3333740234375,1561.6666259765625,1488.3333740234375,1498.3333740234375,9958.0
2015-03-11,1510.0,1516.6666259765625,1468.3333740234375,1475.0,4875.0
2015-03-12,1483.3333740234375,1520.0,1476.6666259765625,1506.6666259765625,9141.0
2015-03-13,1528.3333740234375,1528.3333740234375,1468.3333740234375,1471.6666259765625,8040.0
2015-03-16,1475.0,1493.3333740234375,1458.3333740234375,1470.0,9000.0
2015-03-17,1470.0,1500.0,1453.3333740234375,1475.0,7310.0
2015-03-18,1466.6666259765625,1508.3333740234375,1466.6666259765625,1496.6666259765625,11174.0
2015-03-19,1520.0,1535.0,1490.0,1496.6666259765625,9847.0
2015-03-20,1496.6666259765625,1521.6666259765625,1461.6666259765625,1473.3333740234375,6408.0
2015-03-23,1495.0,1550.0,1468.3333740234375,1476.6666259765625,5781.0
2015-03-24,1476.6666259765625,1496.6666259765625,1450.0,1458.3333740234375,5493.0
2015-03-25,1466.6666259765625,1481.6666259765625,1418.3333740234375,1436.6666259765625,8930.0
2015-03-26,1401.6666259765625,1431.6666259765625,1396.6666259765625,1406.6666259765625,22325.0
2015-03-27,1425.0,1443.3333740234375,1370.0,1395.0,28470.0
2015-03-30,1408.3333740234375,1450.0,1406.6666259765625,1426.6666259765625,6316.0
2015-03-31,1440.0,1506.6666259765625,1428.3333740234375,1495.0,12343.0
2015-04-01,1475.0,1538.3333740234375,1475.0,1531.6666259765625,12321.0
2015-04-06,1488.3333740234375,1545.0,1485.0,1495.0,5018.0
2015-04-07,1518.3333740234375,1518.3333740234375,1460.0,1481.6666259765625,7133.0
2015-04-08,1491.6666259765625,1516.6666259765625,1480.0,1496.6666259765625,6823.0
2015-04-09,1501.6666259765625,1505.0,1453.3333740234375,1465.0,9152.0
2015-04-10,1465.0,1500.0,1463.3333740234375,1485.0,6437.0
2015-04-13,1488.3333740234375,1498.3333740234375,1463.3333740234375,1470.0,4819.0
2015-04-15,1480.0,1500.0,1453.3333740234375,1461.6666259765625,4688.0
2015-04-16,1475.0,1500.0,1453.3333740234375,1471.6666259765625,7072.0
2015-04-17,1481.6666259765625,1486.6666259765625,1458.3333740234375,1465.0,2204.0
2015-04-20,1455.0,1480.0,1438.3333740234375,1445.0,3918.0
2015-04-21,1453.3333740234375,1455.0,1391.6666259765625,1410.0,5446.0
2015-04-22,1411.6666259765625,1416.6666259765625,1383.3333740234375,1410.0,6019.0
2015-04-23,1423.3333740234375,1445.0,1383.3333740234375,1423.3333740234375,3753.0
2015-04-24,1416.6666259765625,1416.6666259765625,1383.3333740234375,1385.0,5121.0
2015-04-27,1381.6666259765625,1391.6666259765625,1350.0,1378.3333740234375,4157.0
2015-04-28,1368.3333740234375,1381.6666259765625,1356.6666259765625,1370.0,893.0
2015-04-29,1370.0,1371.6666259765625,1350.0,1360.0,1198.0
2015-04-30,1356.6666259765625,1441.6666259765625,1353.3333740234375,1356.6666259765625,2162.0
2015-05-04,1376.6666259765625,1455.0,1353.3333740234375,1428.3333740234375,2825.0
2015-05-05,1453.3333740234375,1453.3333740234375,1391.6666259765625,1426.6666259765625,2131.0
2015-05-06,1418.3333740234375,1428.3333740234375,1350.0,1353.3333740234375,4250.0
2015-05-07,1356.6666259765625,1375.0,1350.0,1351.6666259765625,1371.0
2015-05-08,1358.3333740234375,1401.6666259765625,1358.3333740234375,1363.3333740234375,1954.0
2015-05-11,1366.6666259765625,1381.6666259765625,1348.3333740234375,1351.6666259765625,3688.0
2015-05-12,1351.6666259765625,1358.3333740234375,1311.6666259765625,1316.6666259765625,6382.0
2015-05-13,1313.3333740234375,1380.0,1300.0,1355.0,6366.0
2015-05-14,1371.6666259765625,1381.6666259765625,1330.0,1356.6666259765625,2625.0
2015-05-15,1380.0,1381.6666259765625,1346.6666259765625,1353.3333740234375,1586.0
2015-05-18,1351.6666259765625,1401.6666259765625,1343.3333740234375,1360.0,3427.0
2015-05-19,1365.0,1370.0,1340.0,1355.0,2241.0
2015-05-20,1356.6666259765625,1381.6666259765625,1348.3333740234375,1368.3333740234375,2009.0
2015-05-21,1365.0,1365.0,1350.0,1351.6666259765625,1245.0
2015-05-22,1353.3333740234375,1373.3333740234375,1343.3333740234375,1361.6666259765625,1148.0
2015-05-25,1350.0,1405.0,1350.0,1386.6666259765625,4103.0
2015-05-26,1381.6666259765625,1413.3333740234375,1360.0,1370.0,2448.0
2015-05-27,1351.6666259765625,1398.3333740234375,1346.6666259765625,1385.0,2247.0
2015-05-28,1403.3333740234375,1405.0,1333.3333740234375,1340.0,1553.0
2015-05-29,1360.0,1383.3333740234375,1343.3333740234375,1350.0,2892.0
2015-06-01,1356.6666259765625,1380.0,1336.6666259765625,1350.0,1741.0
2015-06-02,1350.0,1360.0,1338.3333740234375,1340.0,841.0
2015-06-03,1345.0,1351.6666259765625,1283.3333740234375,1303.3333740234375,3760.0
2015-06-04,1313.3333740234375,1323.3333740234375,1266.6666259765625,1305.0,1902.0
2015-06-05,1333.3333740234375,1360.0,1313.3333740234375,1331.6666259765625,4980.0
2015-06-08,1340.0,1410.0,1325.0,1341.6666259765625,4656.0
2015-06-09,1351.6666259765625,1366.6666259765625,1326.6666259765625,1331.6666259765625,2152.0
2015-06-10,1330.0,1358.3333740234375,1330.0,1336.6666259765625,932.0
2015-06-11,1340.0,1363.3333740234375,1333.3333740234375,1351.6666259765625,4193.0
2015-06-12,1353.3333740234375,1400.0,1333.3333740234375,1350.0,2390.0
2015-06-15,1388.3333740234375,1388.3333740234375,1346.6666259765625,1356.6666259765625,4013.0
2015-06-16,1365.0,1465.0,1340.0,1361.6666259765625,2291.0
2015-06-17,1383.3333740234375,1383.3333740234375,1323.3333740234375,1336.6666259765625,1426.0
2015-06-18,1340.0,1355.0,1330.0,1335.0,1006.0
2015-06-19,1333.3333740234375,1370.0,1331.6666259765625,1335.0,2397.0
2015-06-22,1341.6666259765625,1351.6666259765625,1328.3333740234375,1333.3333740234375,2112.0
2015-06-23,1336.6666259765625,1341.6666259765625,1328.3333740234375,1333.3333740234375,1723.0
2015-06-24,1336.6666259765625,1358.3333740234375,1328.3333740234375,1338.3333740234375,1769.0
2015-06-25,1326.6666259765625,1353.3333740234375,1326.6666259765625,1328.3333740234375,1747.0
2015-06-26,1318.3333740234375,1336.6666259765625,1310.0,1330.0,1204.0
2015-06-29,1331.6666259765625,1331.6666259765625,1301.6666259765625,1311.6666259765625,979.0
2015-06-30,1308.3333740234375,1316.6666259765625,1300.0,1306.6666259765625,630.0
2015-07-01,1311.6666259765625,1341.6666259765625,1305.0,1323.3333740234375,3299.0
2015-07-02,1331.6666259765625,1350.0,1318.3333740234375,1321.6666259765625,5196.0
2015-07-03,1331.6666259765625,1363.3333740234375,1308.3333740234375,1320.0,2544.0
2015-07-06,1316.6666259765625,1375.0,1300.0,1358.3333740234375,7418.0
2015-07-07,1365.0,1490.0,1365.0,1415.0,19263.0
2015-07-08,1400.0,1423.3333740234375,1336.6666259765625,1340.0,7196.0
2015-07-09,1363.3333740234375,1380.0,1326.6666259765625,1335.0,4083.0
2015-07-10,1350.0,1350.0,1240.0,1265.0,24655.0
2015-07-13,1275.0,1283.3333740234375,1203.3333740234375,1233.3333740234375,7494.0
2015-07-14,1241.6666259765625,1266.6666259765625,1210.0,1221.6666259765625,8666.0
2015-07-15,1230.0,1240.0,1223.3333740234375,1228.3333740234375,4796.0
2015-07-16,1228.3333740234375,1240.0,1208.3333740234375,1213.3333740234375,3883.0
2015-07-17,1230.0,1248.3333740234375,1188.3333740234375,1193.3333740234375,4379.0
2015-07-20,1201.6666259765625,1213.3333740234375,1183.3333740234375,1188.3333740234375,3111.0
2015-07-21,1196.6666259765625,1196.6666259765625,1156.6666259765625,1166.6666259765625,2225.0
2015-07-22,1221.6666259765625,1246.6666259765625,1180.0,1191.6666259765625,18187.0
2015-07-23,1200.0,1231.6666259765625,1175.0,1215.0,14528.0
2015-07-24,1225.0,1230.0,1190.0,1196.6666259765625,6991.0
2015-07-27,1195.0,1201.6666259765625,1150.0,1156.6666259765625,4961.0
2015-07-28,1150.0,1176.6666259765625,1126.6666259765625,1133.3333740234375,3460.0
2015-07-29,1146.6666259765625,1158.3333740234375,1133.3333740234375,1143.3333740234375,2365.0
2015-07-30,1153.3333740234375,1170.0,1143.3333740234375,1155.0,2658.0
2015-07-31,1151.6666259765625,1238.3333740234375,1151.6666259765625,1221.6666259765625,11123.0
2015-08-03,1248.3333740234375,1290.0,1248.3333740234375,1275.0,25938.0
2015-08-04,1281.6666259765625,1308.3333740234375,1245.0,1255.0,7550.0
2015-08-05,1273.3333740234375,1283.3333740234375,1241.6666259765625,1250.0,4359.0
2015-08-06,1265.0,1265.0,1230.0,1238.3333740234375,5193.0
2015-08-07,1233.3333740234375,1245.0,1218.3333740234375,1233.3333740234375,7030.0
2015-08-10,1236.6666259765625,1270.0,1218.3333740234375,1241.6666259765625,12105.0
2015-08-11,1245.0,1253.3333740234375,1183.3333740234375,1195.0,7620.0
2015-08-12,1210.0,1210.0,1066.6666259765625,1081.6666259765625,13046.0
2015-08-13,1080.0,1138.3333740234375,1080.0,1118.3333740234375,7941.0
2015-08-14,1118.3333740234375,1150.0,1101.6666259765625,1125.0,2368.0
2015-08-17,1158.3333740234375,1206.6666259765625,1136.6666259765625,1171.6666259765625,11814.0
2015-08-18,1195.0,1218.3333740234375,1170.0,1205.0,6636.0
2015-08-19,1210.0,1210.0,1185.0,1193.3333740234375,2416.0
2015-08-20,1196.6666259765625,1196.6666259765625,1160.0,1161.6666259765625,2416.0
2015-08-21,1143.3333740234375,1161.6666259765625,1133.3333740234375,1146.6666259765625,1692.0
2015-08-24,1113.3333740234375,1120.0,1003.3333129882812,1053.3333740234375,6105.0
2015-08-25,1020.0,1100.0,980.0,1028.3333740234375,3276.0
2015-08-26,1018.3333129882812,1083.3333740234375,1015.0,1046.6666259765625,11329.0
2015-08-27,1080.0,1100.0,1050.0,1083.3333740234375,1572.0
2015-08-28,1100.0,1116.6666259765625,1066.6666259765625,1080.0,2803.0
2015-08-31,1076.6666259765625,1150.0,1075.0,1125.0,3851.0
2015-09-01,1116.6666259765625,1116.6666259765625,1080.0,1088.3333740234375,1767.0
2015-09-02,1091.6666259765625,1101.6666259765625,1073.3333740234375,1090.0,1355.0
2015-09-03,1086.6666259765625,1156.6666259765625,1076.6666259765625,1120.0,7610.0
2015-09-04,1115.0,1115.0,1073.3333740234375,1081.6666259765625,2652.0
2015-09-07,1075.0,1098.3333740234375,1070.0,1071.6666259765625,1228.0
2015-09-08,1066.6666259765625,1093.3333740234375,1030.0,1050.0,4484.0
2015-09-09,1075.0,1115.0,1053.3333740234375,1100.0,2221.0
2015-09-10,1100.0,1100.0,1050.0,1051.6666259765625,3125.0
2015-09-11,1070.0,1081.6666259765625,1058.3333740234375,1075.0,1522.0
2015-09-14,1068.3333740234375,1078.3333740234375,1060.0,1063.3333740234375,1101.0
2015-09-15,1066.6666259765625,1183.3333740234375,1061.6666259765625,1156.6666259765625,11312.0
2015-09-16,1250.0,1258.3333740234375,1133.3333740234375,1141.6666259765625,68247.0
2015-09-18,1141.6666259765625,1226.6666259765625,1115.0,1151.6666259765625,33801.0
2015-09-21,1161.6666259765625,1165.0,1120.0,1133.3333740234375,5493.0
2015-09-22,1146.6666259765625,1150.0,1073.3333740234375,1083.3333740234375,11663.0
2015-09-23,1083.3333740234375,1123.3333740234375,1055.0,1073.3333740234375,8451.0
2015-09-24,1078.3333740234375,1091.6666259765625,1058.3333740234375,1065.0,4345.0
2015-09-28,1068.3333740234375,1083.3333740234375,1043.3333740234375,1048.3333740234375,3125.0
2015-09-29,1043.3333740234375,1063.3333740234375,1035.0,1051.6666259765625,3026.0
2015-09-30,1060.0,1073.3333740234375,1055.0,1060.0,6752.0
2015-10-01,1058.3333740234375,1071.6666259765625,1041.6666259765625,1046.6666259765625,1780.0
2015-10-05,1058.3333740234375,1076.6666259765625,1053.3333740234375,1060.0,2982.0
2015-10-06,1081.6666259765625,1081.6666259765625,1051.6666259765625,1063.3333740234375,3618.0
2015-10-07,1065.0,1141.6666259765625,1063.3333740234375,1130.0,20368.0
2015-10-08,1150.0,1150.0,1095.0,1110.0,36483.0
2015-10-09,1146.6666259765625,1151.6666259765625,1093.3333740234375,1101.6666259765625,14610.0
2015-10-12,1116.6666259765625,1116.6666259765625,1071.6666259765625,1080.0,8699.0
2015-10-13,1100.0,1100.0,1075.0,1081.6666259765625,3518.0
2015-10-14,1091.6666259765625,1111.6666259765625,1071.6666259765625,1081.6666259765625,7515.0
2015-10-15,1086.6666259765625,1098.3333740234375,1073.3333740234375,1076.6666259765625,5465.0
2015-10-16,1083.3333740234375,1091.6666259765625,1070.0,1071.6666259765625,4165.0
2015-10-19,1088.3333740234375,1110.0,1075.0,1091.6666259765625,5223.0
2015-10-20,1098.3333740234375,1105.0,1083.3333740234375,1086.6666259765625,4927.0
2015-10-21,1083.3333740234375,1105.0,1081.6666259765625,1086.6666259765625,4176.0
2015-10-23,1100.0,1101.6666259765625,1075.0,1078.3333740234375,4479.0
2015-10-26,1090.0,1090.0,1058.3333740234375,1063.3333740234375,9907.0
2015-10-27,1058.3333740234375,1070.0,1053.3333740234375,1060.0,5910.0
2015-10-28,1061.6666259765625,1066.6666259765625,1033.3333740234375,1040.0,3171.0
2015-10-29,1050.0,1056.6666259765625,1020.0,1030.0,2612.0
2015-10-30,1036.6666259765625,1075.0,1025.0,1056.6666259765625,7600.0
2015-11-02,1058.3333740234375,1060.0,1038.3333740234375,1043.3333740234375,1327.0
2015-11-03,1066.6666259765625,1098.3333740234375,1050.0,1075.0,10413.0
2015-11-04,1075.0,1088.3333740234375,1003.3333129882812,1040.0,4664.0
2015-11-05,1036.6666259765625,1053.3333740234375,1036.6666259765625,1048.3333740234375,2775.0
2015-11-06,1036.6666259765625,1043.3333740234375,1018.3333129882812,1023.3333129882812,2069.0
2015-11-09,1013.3333129882812,1023.3333129882812,998.3333129882812,1018.3333129882812,1701.0
2015-11-10,1025.0,1033.3333740234375,1000.0,1008.3333129882812,2227.0
2015-11-13,1020.0,1021.6666870117188,1000.0,1003.3333129882812,1453.0
2015-11-16,1011.6666870117188,1013.3333129882812,988.3333129882812,1003.3333129882812,2348.0
2015-11-17,1023.3333129882812,1030.0,996.6666870117188,1003.3333129882812,7755.0
2015-11-18,1003.3333129882812,1006.6666870117188,993.3333129882812,996.6666870117188,2841.0
2015-11-19,998.3333129882812,1006.6666870117188,986.6666870117188,995.0,2434.0
2015-11-20,1033.3333740234375,1033.3333740234375,990.0,998.3333129882812,8741.0
2015-11-23,998.3333129882812,1033.3333740234375,996.6666870117188,1021.6666870117188,7517.0
2015-11-24,1066.6666259765625,1066.6666259765625,1035.0,1043.3333740234375,15822.0
2015-11-26,1043.3333740234375,1053.3333740234375,1005.0,1013.3333129882812,6230.0
2015-11-27,1011.6666870117188,1026.6666259765625,996.6666870117188,1000.0,6312.0
2015-11-30,1016.6666870117188,1016.6666870117188,991.6666870117188,993.3333129882812,5208.0
2015-12-01,1003.3333129882812,1023.3333129882812,996.6666870117188,1006.6666870117188,7661.0
2015-12-02,1010.0,1016.6666870117188,1001.6666870117188,1006.6666870117188,2600.0
2015-12-03,1005.0,1055.0,1000.0,1026.6666259765625,12238.0
2015-12-04,1018.3333129882812,1045.0,996.6666870117188,996.6666870117188,12042.0
2015-12-07,1003.3333129882812,1013.3333129882812,993.3333129882812,995.0,3612.0
2015-12-08,995.0,1001.6666870117188,975.0,981.6666870117188,2681.0
2015-12-09,985.0,985.0,958.3333129882812,963.3333129882812,3612.0
2015-12-10,966.6666870117188,976.6666870117188,943.3333129882812,948.3333129882812,4905.0
2015-12-11,955.0,955.0,933.3333129882812,938.3333129882812,4111.0
2015-12-14,945.0,945.0,923.3333129882812,928.3333129882812,4157.0
2015-12-15,933.3333129882812,941.6666870117188,926.6666870117188,928.3333129882812,3178.0
2015-12-16,933.3333129882812,948.3333129882812,921.6666870117188,930.0,3269.0
2015-12-17,943.3333129882812,943.3333129882812,925.0,933.3333129882812,2795.0
2015-12-18,935.0,946.6666870117188,926.6666870117188,930.0,3213.0
2015-12-21,933.3333129882812,948.3333129882812,916.6666870117188,930.0,8225.0
2015-12-22,943.3333129882812,943.3333129882812,925.0,926.6666870117188,3769.0
2015-12-23,948.3333129882812,948.3333129882812,930.0,931.6666870117188,5305.0
2015-12-24,943.3333129882812,943.3333129882812,931.6666870117188,931.6666870117188,3483.0
2015-12-28,940.0,1063.3333740234375,933.3333129882812,1001.6666870117188,41605.0
2015-12-29,1013.3333129882812,1030.0,986.6666870117188,995.0,11018.0
2015-12-30,1000.0,1003.3333129882812,970.0,980.0,4333.0
2015-12-31,985.0,993.3333129882812,971.6666870117188,980.0,2858.0
2016-01-01,983.3333129882812,1025.0,968.3333129882812,1000.0,13431.0
2016-01-04,1006.6666870117188,1023.3333129882812,991.6666870117188,998.3333129882812,5462.0
2016-01-05,1000.0,1043.3333740234375,995.0,1016.6666870117188,26090.0
2016-01-06,1033.3333740234375,1083.3333740234375,1016.6666870117188,1056.6666259765625,57525.0
2016-01-07,1036.6666259765625,1045.0,978.3333129882812,995.0,18189.0
2016-01-08,1015.0,1020.0,975.0,998.3333129882812,8771.0
2016-01-11,985.0,1003.3333129882812,976.6666870117188,991.6666870117188,7148.0
2016-01-12,1000.0,1010.0,976.6666870117188,983.3333129882812,3934.0
2016-01-13,993.3333129882812,993.3333129882812,921.6666870117188,940.0,11778.0
2016-01-14,920.0,938.3333129882812,916.6666870117188,921.6666870117188,4122.0
2016-01-15,923.3333129882812,940.0,890.0,896.6666870117188,6678.0
2016-01-18,930.0,930.0,860.0,861.6666870117188,4323.0
2016-01-19,850.0,886.6666870117188,850.0,875.0,2220.0
2016-01-20,855.0,866.6666870117188,791.6666870117188,798.3333129882812,7045.0
2016-01-21,825.0,853.3333129882812,808.3333129882812,818.3333129882812,2942.0
2016-01-22,856.6666870117188,856.6666870117188,783.3333129882812,798.3333129882812,8669.0
2016-01-25,815.0,825.0,795.0,798.3333129882812,4878.0
2016-01-27,813.3333129882812,813.3333129882812,790.0,798.3333129882812,3913.0
2016-01-28,803.3333129882812,806.6666870117188,796.6666870117188,800.0,4568.0
2016-01-29,801.6666870117188,816.6666870117188,791.6666870117188,800.0,6868.0
2016-02-01,800.0,816.6666870117188,796.6666870117188,801.6666870117188,11473.0
2016-02-02,805.0,810.0,783.3333129882812,790.0,4529.0
2016-02-03,783.3333129882812,783.3333129882812,745.0,758.3333129882812,4185.0
2016-02-04,781.6666870117188,781.6666870117188,753.3333129882812,773.3333129882812,4352.0
2016-02-05,771.6666870117188,845.0,760.0,816.6666870117188,5131.0
2016-02-08,830.0,830.0,796.6666870117188,800.0,6091.0
2016-02-09,800.0,815.0,785.0,803.3333129882812,2339.0
2016-02-10,813.3333129882812,815.0,791.6666870117188,795.0,5460.0
2016-02-11,776.6666870117188,783.3333129882812,700.0,733.3333129882812,9064.0
2016-02-12,733.3333129882812,776.6666870117188,733.3333129882812,765.0,10919.0
2016-02-15,773.3333129882812,806.6666870117188,765.0,800.0,6062.0
2016-02-16,793.3333129882812,811.6666870117188,683.3333129882812,746.6666870117188,14259.0
2016-02-17,745.0,795.0,718.3333129882812,788.3333129882812,6400.0
2016-02-18,790.0,801.6666870117188,773.3333129882812,798.3333129882812,6941.0
2016-02-19,803.3333129882812,853.3333129882812,786.6666870117188,800.0,11106.0
2016-02-22,800.0,820.0,790.0,798.3333129882812,8648.0
2016-02-23,800.0,808.3333129882812,795.0,796.6666870117188,1616.0
2016-02-24,795.0,801.6666870117188,790.0,796.6666870117188,11857.0
2016-02-25,795.0,808.3333129882812,793.3333129882812,803.3333129882812,1654.0
2016-02-26,805.0,815.0,796.6666870117188,800.0,6639.0
2016-02-29,796.6666870117188,800.0,790.0,793.3333129882812,3329.0
2016-03-01,800.0,840.0,800.0,828.3333129882812,2085.0
2016-03-02,831.6666870117188,845.0,825.0,826.6666870117188,9579.0
2016-03-03,828.3333129882812,836.6666870117188,826.6666870117188,828.3333129882812,3459.0
2016-03-04,835.0,836.6666870117188,830.0,830.0,6630.0
2016-03-08,848.3333129882812,906.6666870117188,833.3333129882812,868.3333129882812,7902.0
2016-03-09,866.6666870117188,926.6666870117188,850.0,906.6666870117188,6370.0
2016-03-10,925.0,940.0,906.6666870117188,918.3333129882812,13317.0
2016-03-11,920.0,973.3333129882812,913.3333129882812,940.0,8967.0
2016-03-14,958.3333129882812,958.3333129882812,926.6666870117188,930.0,3355.0
2016-03-15,933.3333129882812,936.6666870117188,925.0,926.6666870117188,2425.0
2016-03-16,933.3333129882812,945.0,926.6666870117188,935.0,3368.0
2016-03-17,941.6666870117188,973.3333129882812,941.6666870117188,950.0,6976.0
2016-03-18,945.0,966.6666870117188,936.6666870117188,951.6666870117188,9289.0
2016-03-21,946.6666870117188,1013.3333129882812,946.6666870117188,995.0,14644.0
2016-03-22,1003.3333129882812,1015.0,991.6666870117188,1006.6666870117188,6895.0
2016-03-23,1005.0,1091.6666259765625,1000.0,1075.0,110112.0
2016-03-28,1083.3333740234375,1106.6666259765625,1048.3333740234375,1063.3333740234375,16249.0
2016-03-29,1073.3333740234375,1073.3333740234375,990.0,1000.0,33691.0
2016-03-30,1003.3333129882812,1080.0,1003.3333129882812,1071.6666259765625,19089.0
2016-03-31,1073.3333740234375,1118.3333740234375,1050.0,1095.0,17263.0
2016-04-01,1085.0,1090.0,1071.6666259765625,1080.0,4978.0
2016-04-04,1091.6666259765625,1091.6666259765625,1016.6666870117188,1043.3333740234375,9966.0
2016-04-05,1053.3333740234375,1053.3333740234375,980.0,996.6666870117188,15627.0
2016-04-06,1005.0,1035.0,1000.0,1025.0,4832.0
2016-04-07,1018.3333129882812,1030.0,993.3333129882812,1000.0,12855.0
2016-04-08,993.3333129882812,1026.6666259765625,981.6666870117188,1010.0,4754.0
2016-04-11,1016.6666870117188,1018.3333129882812,993.3333129882812,996.6666870117188,5084.0
2016-04-12,1006.6666870117188,1010.0,983.3333129882812,986.6666870117188,5389.0
2016-04-13,1000.0,1016.6666870117188,986.6666870117188,993.3333129882812,5025.0
2016-04-18,993.3333129882812,1026.6666259765625,981.6666870117188,991.6666870117188,4771.0
2016-04-20,1005.0,1006.6666870117188,950.0,970.0,37841.0
2016-04-21,980.0,998.3333129882812,960.0,975.0,70170.0
2016-04-22,993.3333129882812,1041.6666259765625,968.3333129882812,1016.6666870117188,105899.0
2016-04-25,1031.6666259765625,1031.6666259765625,960.0,988.3333129882812,120385.0
2016-04-26,988.3333129882812,988.3333129882812,963.3333129882812,971.6666870117188,40627.0
2016-04-27,976.6666870117188,1010.0,958.3333129882812,1001.6666870117188,27179.0
2016-04-28,993.3333129882812,993.3333129882812,933.3333129882812,953.3333129882812,40833.0
2016-04-29,955.0,970.0,938.3333129882812,951.6666870117188,4431.0
2016-05-02,958.3333129882812,960.0,896.6666870117188,903.3333129882812,17578.0
2016-05-03,903.3333129882812,916.6666870117188,870.0,876.6666870117188,11066.0
2016-05-04,876.6666870117188,876.6666870117188,820.0,828.3333129882812,10124.0
2016-05-05,835.0,836.6666870117188,786.6666870117188,800.0,10207.0
2016-05-06,800.0,816.6666870117188,790.0,798.3333129882812,6751.0
2016-05-09,806.6666870117188,830.0,785.0,798.3333129882812,6723.0
2016-05-10,811.6666870117188,825.0,756.6666870117188,765.0,12477.0
2016-05-11,765.0,800.0,751.6666870117188,796.6666870117188,10523.0
2016-05-12,806.6666870117188,816.6666870117188,786.6666870117188,795.0,5932.0
2016-05-13,806.6666870117188,806.6666870117188,773.3333129882812,780.0,3623.0
2016-05-16,783.3333129882812,793.3333129882812,765.0,775.0,3512.0
2016-05-17,783.3333129882812,798.3333129882812,771.6666870117188,775.0,3779.0
2016-05-18,775.0,781.6666870117188,770.0,775.0,2465.0
2016-05-19,778.3333129882812,780.0,765.0,768.3333129882812,2771.0
2016-05-20,781.6666870117188,781.6666870117188,741.6666870117188,748.3333129882812,5798.0
2016-05-23,756.6666870117188,795.0,725.0,730.0,10959.0
2016-05-24,735.0,746.6666870117188,723.3333129882812,736.6666870117188,5424.0
2016-05-25,665.0,780.0,593.3333129882812,755.0,85168.0
2016-05-26,783.3333129882812,803.3333129882812,761.6666870117188,776.6666870117188,43447.0
2016-05-27,790.0,790.0,733.3333129882812,740.0,6226.0
2016-05-30,741.6666870117188,776.6666870117188,726.6666870117188,733.3333129882812,7087.0
2016-05-31,733.3333129882812,756.6666870117188,671.6666870117188,735.0,54884.0
2016-06-01,713.3333129882812,743.3333129882812,701.6666870117188,718.3333129882812,9897.0
2016-06-02,713.3333129882812,748.3333129882812,701.6666870117188,733.3333129882812,25446.0
2016-06-03,741.6666870117188,763.3333129882812,691.6666870117188,706.6666870117188,18257.0
2016-06-06,720.0,720.0,688.3333129882812,701.6666870117188,9062.0
2016-06-07,701.6666870117188,713.3333129882812,683.3333129882812,691.6666870117188,12303.0
2016-06-08,700.0,700.0,660.0,673.3333129882812,15790.0
2016-06-09,673.3333129882812,686.6666870117188,666.6666870117188,678.3333129882812,6279.0
2016-06-10,680.0,700.0,675.0,681.6666870117188,26203.0
2016-06-13,683.3333129882812,693.3333129882812,675.0,685.0,2918.0
2016-06-14,691.6666870117188,700.0,683.3333129882812,696.6666870117188,14783.0
2016-06-15,700.0,725.0,693.3333129882812,715.0,18233.0
2016-06-16,716.6666870117188,745.0,700.0,706.6666870117188,23146.0
2016-06-17,711.6666870117188,725.0,700.0,706.6666870117188,10773.0
2016-06-20,696.6666870117188,766.6666870117188,693.3333129882812,735.0,18426.0
2016-06-21,743.3333129882812,790.0,715.0,728.3333129882812,24371.0
2016-06-22,725.0,745.0,716.6666870117188,718.3333129882812,10556.0
2016-06-23,725.0,736.6666870117188,705.0,726.6666870117188,8730.0
2016-06-24,698.3333129882812,698.3333129882812,658.3333129882812,691.6666870117188,11265.0
2016-06-27,688.3333129882812,723.3333129882812,688.3333129882812,698.3333129882812,5189.0
2016-06-28,705.0,728.3333129882812,693.3333129882812,716.6666870117188,17152.0
2016-06-29,721.6666870117188,770.0,716.6666870117188,765.0,33571.0
2016-06-30,765.0,798.3333129882812,743.3333129882812,750.0,18617.0
2016-07-01,758.3333129882812,776.6666870117188,738.3333129882812,741.6666870117188,10477.0
2016-07-04,756.6666870117188,763.3333129882812,735.0,738.3333129882812,10418.0
2016-07-05,735.0,758.3333129882812,726.6666870117188,745.0,6017.0
2016-07-07,741.6666870117188,765.0,733.3333129882812,760.0,18478.0
2016-07-08,765.0,765.0,736.6666870117188,743.3333129882812,5040.0
2016-07-11,751.6666870117188,783.3333129882812,751.6666870117188,778.3333129882812,23940.0
2016-07-12,775.0,798.3333129882812,761.6666870117188,766.6666870117188,9254.0
2016-07-13,730.0,798.3333129882812,708.3333129882812,771.6666870117188,38090.0
2016-07-14,771.6666870117188,785.0,751.6666870117188,778.3333129882812,21411.0
2016-07-15,776.6666870117188,790.0,750.0,763.3333129882812,7806.0
2016-07-18,768.3333129882812,775.0,736.6666870117188,753.3333129882812,18004.0
2016-07-19,745.0,763.3333129882812,735.0,740.0,9400.0
2016-07-20,736.6666870117188,756.6666870117188,735.0,748.3333129882812,7165.0
2016-07-21,748.3333129882812,758.3333129882812,733.3333129882812,738.3333129882812,5812.0
2016-07-22,738.3333129882812,783.3333129882812,738.3333129882812,765.0,24577.0
2016-07-25,781.6666870117188,840.0,758.3333129882812,810.0,90500.0
2016-07-26,811.6666870117188,830.0,663.3333129882812,801.6666870117188,27444.0
2016-07-27,800.0,826.6666870117188,783.3333129882812,805.0,15119.0
2016-07-28,803.3333129882812,816.6666870117188,773.3333129882812,786.6666870117188,10689.0
2016-07-29,786.6666870117188,796.6666870117188,775.0,785.0,9916.0
2016-08-01,783.3333129882812,798.3333129882812,773.3333129882812,791.6666870117188,11310.0
2016-08-02,788.3333129882812,791.6666870117188,751.6666870117188,760.0,7219.0
2016-08-03,756.6666870117188,780.0,746.6666870117188,765.0,7800.0
2016-08-04,768.3333129882812,791.6666870117188,751.6666870117188,761.6666870117188,6586.0
2016-08-05,766.6666870117188,793.3333129882812,755.0,786.6666870117188,26324.0
2016-08-08,778.3333129882812,798.3333129882812,775.0,793.3333129882812,8293.0
2016-08-09,788.3333129882812,798.3333129882812,773.3333129882812,793.3333129882812,17324.0
2016-08-10,791.6666870117188,801.6666870117188,768.3333129882812,773.3333129882812,6951.0
2016-08-11,775.0,783.3333129882812,761.6666870117188,773.3333129882812,6165.0
2016-08-12,775.0,795.0,758.3333129882812,766.6666870117188,7009.0
2016-08-16,765.0,770.0,720.0,741.6666870117188,11088.0
2016-08-17,745.0,763.3333129882812,720.0,730.0,13384.0
2016-08-18,750.0,793.3333129882812,641.6666870117188,730.0,184901.0
2016-08-19,741.6666870117188,741.6666870117188,710.0,721.6666870117188,18579.0
2016-08-22,733.3333129882812,738.3333129882812,700.0,708.3333129882812,23193.0
2016-08-23,708.3333129882812,718.3333129882812,675.0,685.0,11609.0
2016-08-24,688.3333129882812,716.6666870117188,686.6666870117188,690.0,15291.0
2016-08-25,715.0,715.0,690.0,691.6666870117188,5412.0
2016-08-26,696.6666870117188,708.3333129882812,680.0,686.6666870117188,5527.0
2016-08-29,683.3333129882812,686.6666870117188,661.6666870117188,668.3333129882812,9995.0
2016-08-30,678.3333129882812,693.3333129882812,666.6666870117188,671.6666870117188,6476.0
2016-08-31,673.3333129882812,686.6666870117188,668.3333129882812,676.6666870117188,8424.0
2016-09-01,668.3333129882812,681.6666870117188,635.0,645.0,17952.0
2016-09-02,653.3333129882812,693.3333129882812,631.6666870117188,680.0,29784.0
2016-09-06,680.0,706.6666870117188,666.6666870117188,695.0,16730.0
2016-09-07,695.0,708.3333129882812,681.6666870117188,683.3333129882812,6656.0
2016-09-08,683.3333129882812,706.6666870117188,673.3333129882812,698.3333129882812,15896.0
2016-09-09,706.6666870117188,731.6666870117188,701.6666870117188,713.3333129882812,25983.0
2016-09-12,696.6666870117188,700.0,675.0,685.0,5671.0
2016-09-14,690.0,713.3333129882812,678.3333129882812,698.3333129882812,7245.0
2016-09-15,703.3333129882812,720.0,683.3333129882812,686.6666870117188,7495.0
2016-09-16,691.6666870117188,711.6666870117188,676.6666870117188,680.0,6212.0
2016-09-19,683.3333129882812,693.3333129882812,676.6666870117188,681.6666870117188,8509.0
2016-09-20,681.6666870117188,706.6666870117188,673.3333129882812,696.6666870117188,20233.0
2016-09-21,690.0,711.6666870117188,678.3333129882812,688.3333129882812,12209.0
2016-09-22,696.6666870117188,700.0,680.0,683.3333129882812,13102.0
2016-09-23,690.0,698.3333129882812,681.6666870117188,688.3333129882812,14819.0
2016-09-26,685.0,705.0,683.3333129882812,688.3333129882812,12743.0
2016-09-27,693.3333129882812,708.3333129882812,690.0,701.6666870117188,16489.0
2016-09-28,700.0,746.6666870117188,698.3333129882812,741.6666870117188,29315.0
2016-09-29,740.0,760.0,668.3333129882812,676.6666870117188,20195.0
2016-09-30,678.3333129882812,715.0,676.6666870117188,695.0,12711.0
2016-10-03,701.6666870117188,738.3333129882812,698.3333129882812,728.3333129882812,13123.0
2016-10-04,750.0,751.6666870117188,725.0,728.3333129882812,24947.0
2016-10-05,728.3333129882812,741.6666870117188,723.3333129882812,730.0,2989.0
2016-10-06,733.3333129882812,820.0,731.6666870117188,790.0,70485.0
2016-10-07,791.6666870117188,808.3333129882812,773.3333129882812,785.0,12783.0
2016-10-10,785.0,825.0,785.0,798.3333129882812,18182.0
2016-10-13,788.3333129882812,791.6666870117188,750.0,771.6666870117188,7894.0
2016-10-14,785.0,796.6666870117188,765.0,776.6666870117188,15359.0
2016-10-17,783.3333129882812,790.0,775.0,781.6666870117188,7593.0
2016-10-18,786.6666870117188,813.3333129882812,778.3333129882812,800.0,11554.0
2016-10-19,798.3333129882812,806.6666870117188,785.0,793.3333129882812,4794.0
2016-10-20,805.0,805.0,781.6666870117188,788.3333129882812,8979.0
2016-10-21,791.6666870117188,798.3333129882812,776.6666870117188,778.3333129882812,8524.0
2016-10-24,785.0,788.3333129882812,776.6666870117188,783.3333129882812,2086.0
2016-10-25,791.6666870117188,791.6666870117188,768.3333129882812,781.6666870117188,4583.0
2016-10-26,781.6666870117188,781.6666870117188,768.3333129882812,770.0,5801.0
2016-10-27,766.6666870117188,781.6666870117188,753.3333129882812,758.3333129882812,5377.0
2016-10-28,766.6666870117188,771.6666870117188,756.6666870117188,761.6666870117188,6912.0
2016-11-01,768.3333129882812,800.0,760.0,773.3333129882812,8345.0
2016-11-02,775.0,776.6666870117188,761.6666870117188,763.3333129882812,5691.0
2016-11-03,761.6666870117188,791.6666870117188,755.0,761.6666870117188,12128.0
2016-11-04,763.3333129882812,773.3333129882812,745.0,746.6666870117188,4734.0
2016-11-07,743.3333129882812,770.0,743.3333129882812,753.3333129882812,8594.0
2016-11-08,761.6666870117188,770.0,756.6666870117188,761.6666870117188,7623.0
2016-11-09,666.6666870117188,731.6666870117188,636.6666870117188,718.3333129882812,9442.0
2016-11-10,733.3333129882812,765.0,733.3333129882812,745.0,6881.0
2016-11-11,746.6666870117188,746.6666870117188,708.3333129882812,710.0,5771.0
2016-11-15,710.0,723.3333129882812,666.6666870117188,678.3333129882812,4112.0
2016-11-16,691.6666870117188,696.6666870117188,660.0,675.0,5604.0
2016-11-17,670.0,691.6666870117188,670.0,676.6666870117188,9889.0
2016-11-18,686.6666870117188,691.6666870117188,660.0,670.0,9938.0
2016-11-21,680.0,683.3333129882812,636.6666870117188,648.3333129882812,6913.0
2016-11-22,663.3333129882812,663.3333129882812,626.6666870117188,635.0,14620.0
2016-11-23,646.6666870117188,646.6666870117188,621.6666870117188,635.0,13735.0
2016-11-24,636.6666870117188,680.0,626.6666870117188,650.0,13276.0
2016-11-25,653.3333129882812,673.3333129882812,650.0,666.6666870117188,15650.0
2016-11-28,658.3333129882812,678.3333129882812,658.3333129882812,666.6666870117188,15642.0
2016-11-29,666.6666870117188,690.0,666.6666870117188,670.0,14207.0
2016-11-30,678.3333129882812,690.0,668.3333129882812,688.3333129882812,16018.0
2016-12-01,688.3333129882812,698.3333129882812,650.0,661.6666870117188,11209.0
2016-12-02,663.3333129882812,666.6666870117188,650.0,660.0,10572.0
2016-12-05,663.3333129882812,678.3333129882812,653.3333129882812,660.0,12169.0
2016-12-06,666.6666870117188,668.3333129882812,658.3333129882812,661.6666870117188,9763.0
2016-12-07,665.0,666.6666870117188,643.3333129882812,645.0,10161.0
2016-12-08,658.3333129882812,663.3333129882812,650.0,651.6666870117188,9150.0
2016-12-09,656.6666870117188,661.6666870117188,650.0,656.6666870117188,9341.0
2016-12-12,660.0,661.6666870117188,651.6666870117188,656.6666870117188,8781.0
2016-12-13,660.0,681.6666870117188,656.6666870117188,668.3333129882812,11785.0
2016-12-14,671.6666870117188,673.3333129882812,653.3333129882812,656.6666870117188,13455.0
2016-12-15,653.3333129882812,673.3333129882812,650.0,655.0,11366.0
2016-12-16,658.3333129882812,661.6666870117188,651.6666870117188,658.3333129882812,11820.0
2016-12-19,656.6666870117188,673.3333129882812,646.6666870117188,653.3333129882812,13309.0
2016-12-20,653.3333129882812,661.6666870117188,630.0,638.3333129882812,10521.0
2016-12-21,650.0,651.6666870117188,636.6666870117188,638.3333129882812,17319.0
2016-12-22,633.3333129882812,646.6666870117188,631.6666870117188,636.6666870117188,13642.0
2016-12-23,636.6666870117188,643.3333129882812,630.0,631.6666870117188,12310.0
2016-12-26,631.6666870117188,636.6666870117188,621.6666870117188,626.6666870117188,10715.0
2016-12-27,631.6666870117188,638.3333129882812,620.0,628.3333129882812,14392.0
2016-12-28,638.3333129882812,638.3333129882812,621.6666870117188,625.0,14728.0
2016-12-29,630.0,635.0,628.3333129882812,631.6666870117188,12183.0
2016-12-30,638.3333129882812,645.0,630.0,631.6666870117188,41240.0
2017-01-02,640.0,646.6666870117188,623.3333129882812,643.3333129882812,9406.0
2017-01-03,646.6666870117188,663.3333129882812,641.6666870117188,656.6666870117188,9868.0
2017-01-04,666.6666870117188,666.6666870117188,655.0,661.6666870117188,10146.0
2017-01-05,673.3333129882812,683.3333129882812,666.6666870117188,675.0,8777.0
2017-01-06,680.0,690.0,668.3333129882812,670.0,11417.0
2017-01-09,683.3333129882812,683.3333129882812,665.0,675.0,10686.0
2017-01-10,681.6666870117188,683.3333129882812,676.6666870117188,680.0,8364.0
2017-01-11,681.6666870117188,686.6666870117188,676.6666870117188,678.3333129882812,12397.0
2017-01-12,681.6666870117188,683.3333129882812,666.6666870117188,666.6666870117188,9271.0
2017-01-13,670.0,675.0,668.3333129882812,671.6666870117188,9622.0
2017-01-16,666.6666870117188,676.6666870117188,660.0,676.6666870117188,9691.0
2017-01-17,676.6666870117188,676.6666870117188,661.6666870117188,670.0,9023.0
2017-01-18,670.0,695.0,665.0,668.3333129882812,20131.0
2017-01-19,668.3333129882812,801.6666870117188,668.3333129882812,801.6666870117188,177514.0
2017-01-20,866.6666870117188,940.0,851.6666870117188,906.6666870117188,399756.0
2017-01-23,938.3333129882812,973.3333129882812,858.3333129882812,878.3333129882812,146591.0
2017-01-24,886.6666870117188,916.6666870117188,861.6666870117188,866.6666870117188,41725.0
2017-01-25,870.0,878.3333129882812,823.3333129882812,826.6666870117188,32068.0
2017-01-27,821.6666870117188,845.0,818.3333129882812,826.6666870117188,25587.0
2017-01-30,816.6666870117188,830.0,785.0,796.6666870117188,28038.0
2017-01-31,786.6666870117188,793.3333129882812,766.6666870117188,778.3333129882812,23136.0
2017-02-01,775.0,783.3333129882812,760.0,765.0,19021.0
2017-02-02,760.0,788.3333129882812,760.0,778.3333129882812,14950.0
2017-02-03,790.0,840.0,773.3333129882812,831.6666870117188,35381.0
2017-02-06,840.0,861.6666870117188,830.0,851.6666870117188,20415.0
2017-02-07,855.0,863.3333129882812,840.0,853.3333129882812,17205.0
2017-02-08,853.3333129882812,866.6666870117188,851.6666870117188,858.3333129882812,15391.0
2017-02-09,858.3333129882812,861.6666870117188,811.6666870117188,843.3333129882812,15551.0
2017-02-10,846.6666870117188,890.0,838.3333129882812,858.3333129882812,22440.0
2017-02-13,860.0,1030.0,841.6666870117188,1006.6666870117188,147137.0
2017-02-14,1040.0,1060.0,928.3333129882812,961.6666870117188,243415.0
2017-02-15,965.0,988.3333129882812,863.3333129882812,880.0,132099.0
2017-02-16,870.0,913.3333129882812,866.6666870117188,885.0,52970.0
2017-02-17,893.3333129882812,898.3333129882812,868.3333129882812,871.6666870117188,22433.0
2017-02-20,873.3333129882812,890.0,833.3333129882812,876.6666870117188,18932.0
2017-02-21,875.0,898.3333129882812,868.3333129882812,878.3333129882812,16393.0
2017-02-22,883.3333129882812,893.3333129882812,860.0,870.0,15620.0
2017-02-23,875.0,876.6666870117188,861.6666870117188,868.3333129882812,10442.0
2017-02-27,880.0,886.6666870117188,870.0,880.0,16727.0
2017-02-28,876.6666870117188,880.0,868.3333129882812,873.3333129882812,12424.0
2017-03-01,878.3333129882812,920.0,876.6666870117188,915.0,27325.0
2017-03-02,920.0,983.3333129882812,920.0,930.0,103156.0
2017-03-03,923.3333129882812,953.3333129882812,903.3333129882812,908.3333129882812,38532.0
2017-03-06,911.6666870117188,953.3333129882812,908.3333129882812,940.0,39701.0
2017-03-07,1016.6666870117188,1030.0,956.6666870117188,963.3333129882812,137296.0
2017-03-08,961.6666870117188,988.3333129882812,936.6666870117188,975.0,75087.0
2017-03-09,975.0,1013.3333129882812,956.6666870117188,963.3333129882812,68435.0
2017-03-10,965.0,998.3333129882812,951.6666870117188,960.0,26193.0
2017-03-14,975.0,995.0,943.3333129882812,951.6666870117188,23621.0
2017-03-15,946.6666870117188,965.0,925.0,930.0,18859.0
2017-03-16,943.3333129882812,943.3333129882812,928.3333129882812,931.6666870117188,23004.0
2017-03-17,933.3333129882812,936.6666870117188,911.6666870117188,915.0,11521.0
2017-03-20,915.0,930.0,900.0,920.0,13803.0
2017-03-21,920.0,933.3333129882812,896.6666870117188,906.6666870117188,15953.0
2017-03-22,900.0,913.3333129882812,895.0,896.6666870117188,7871.0
2017-03-23,910.0,926.6666870117188,903.3333129882812,916.6666870117188,10556.0
2017-03-24,920.0,921.6666870117188,903.3333129882812,906.6666870117188,18136.0
2017-03-27,910.0,915.0,890.0,893.3333129882812,11234.0
2017-03-28,935.0,966.6666870117188,915.0,926.6666870117188,54171.0
2017-03-29,936.6666870117188,940.0,908.3333129882812,926.6666870117188,22463.0
2017-03-30,921.6666870117188,925.0,896.6666870117188,901.6666870117188,9825.0
2017-03-31,900.0,923.3333129882812,881.6666870117188,905.0,26726.0
2017-04-03,916.6666870117188,923.3333129882812,890.0,895.0,15412.0
2017-04-05,896.6666870117188,896.6666870117188,880.0,886.6666870117188,19052.0
2017-04-06,886.6666870117188,893.3333129882812,881.6666870117188,885.0,11390.0
2017-04-07,880.0,895.0,851.6666870117188,875.0,16139.0
2017-04-10,876.6666870117188,881.6666870117188,860.0,865.0,14305.0
2017-04-11,861.6666870117188,870.0,848.3333129882812,853.3333129882812,11906.0
2017-04-12,850.0,875.0,848.3333129882812,856.6666870117188,21949.0
2017-04-13,863.3333129882812,863.3333129882812,826.6666870117188,835.0,34514.0
2017-04-17,835.0,848.3333129882812,830.0,831.6666870117188,19113.0
2017-04-18,840.0,855.0,816.6666870117188,820.0,38754.0
2017-04-19,823.3333129882812,836.6666870117188,818.3333129882812,826.6666870117188,11664.0
2017-04-20,831.6666870117188,846.6666870117188,830.0,836.6666870117188,14479.0
2017-04-21,835.0,910.0,835.0,860.0,46492.0
2017-04-24,866.6666870117188,900.0,853.3333129882812,873.3333129882812,44104.0
2017-04-25,868.3333129882812,886.6666870117188,856.6666870117188,860.0,15199.0
2017-04-26,863.3333129882812,876.6666870117188,840.0,846.6666870117188,13066.0
2017-04-27,850.0,850.0,820.0,833.3333129882812,9792.0
2017-04-28,845.0,850.0,840.0,846.6666870117188,10818.0
2017-05-02,838.3333129882812,850.0,835.0,840.0,9616.0
2017-05-03,841.6666870117188,848.3333129882812,826.6666870117188,828.3333129882812,10207.0
2017-05-04,835.0,900.0,806.6666870117188,885.0,40816.0
2017-05-05,885.0,903.3333129882812,863.3333129882812,868.3333129882812,30455.0
2017-05-08,876.6666870117188,878.3333129882812,855.0,858.3333129882812,9606.0
2017-05-09,866.6666870117188,866.6666870117188,845.0,850.0,10003.0
2017-05-10,850.0,891.6666870117188,848.3333129882812,861.6666870117188,20089.0
2017-05-11,861.6666870117188,880.0,858.3333129882812,873.3333129882812,12075.0
2017-05-12,883.3333129882812,893.3333129882812,866.6666870117188,868.3333129882812,15070.0
2017-05-15,878.3333129882812,880.0,860.0,866.6666870117188,11385.0
2017-05-16,866.6666870117188,876.6666870117188,858.3333129882812,868.3333129882812,9522.0
2017-05-17,870.0,873.3333129882812,855.0,861.6666870117188,10120.0
2017-05-18,863.3333129882812,865.0,830.0,835.0,9341.0
2017-05-19,851.6666870117188,855.0,826.6666870117188,828.3333129882812,14699.0
2017-05-22,803.3333129882812,838.3333129882812,803.3333129882812,818.3333129882812,11844.0
2017-05-23,816.6666870117188,826.6666870117188,793.3333129882812,798.3333129882812,10760.0
2017-05-24,806.6666870117188,810.0,785.0,793.3333129882812,14099.0
2017-05-25,795.0,800.0,776.6666870117188,791.6666870117188,8680.0
2017-05-26,833.3333129882812,936.6666870117188,781.6666870117188,795.0,168258.0
2017-05-29,788.3333129882812,828.3333129882812,748.3333129882812,751.6666870117188,61427.0
2017-05-30,750.0,756.6666870117188,736.6666870117188,745.0,12235.0
2017-05-31,733.3333129882812,740.0,708.3333129882812,730.0,13070.0
2017-06-01,733.3333129882812,750.0,725.0,746.6666870117188,10805.0
2017-06-02,746.6666870117188,761.6666870117188,731.6666870117188,740.0,11419.0
2017-06-05,738.3333129882812,746.6666870117188,735.0,741.6666870117188,9565.0
2017-06-06,736.6666870117188,750.0,736.6666870117188,743.3333129882812,13549.0
2017-06-07,743.3333129882812,763.3333129882812,743.3333129882812,758.3333129882812,9871.0
2017-06-08,770.0,775.0,736.6666870117188,748.3333129882812,10595.0
2017-06-09,748.3333129882812,750.0,738.3333129882812,741.6666870117188,10007.0
2017-06-12,741.6666870117188,746.6666870117188,713.3333129882812,715.0,11251.0
2017-06-13,716.6666870117188,720.0,698.3333129882812,701.6666870117188,9770.0
2017-06-14,701.6666870117188,725.0,698.3333129882812,708.3333129882812,10671.0
2017-06-15,715.0,715.0,700.0,703.3333129882812,9752.0
2017-06-16,711.6666870117188,713.3333129882812,696.6666870117188,705.0,11173.0
2017-06-19,713.3333129882812,720.0,698.3333129882812,713.3333129882812,11994.0
2017-06-20,713.3333129882812,718.3333129882812,703.3333129882812,711.6666870117188,9921.0
2017-06-21,710.0,715.0,705.0,708.3333129882812,11490.0
2017-06-22,706.6666870117188,763.3333129882812,706.6666870117188,718.3333129882812,19584.0
2017-06-23,716.6666870117188,723.3333129882812,703.3333129882812,705.0,11160.0
2017-06-27,710.0,723.3333129882812,701.6666870117188,715.0,11294.0
2017-06-28,715.0,718.3333129882812,705.0,710.0,10340.0
2017-06-29,721.6666870117188,721.6666870117188,705.0,706.6666870117188,10850.0
2017-06-30,703.3333129882812,720.0,703.3333129882812,708.3333129882812,14487.0
2017-07-03,718.3333129882812,718.3333129882812,703.3333129882812,706.6666870117188,8503.0
2017-07-04,710.0,711.6666870117188,698.3333129882812,700.0,11811.0
2017-07-05,695.0,708.3333129882812,693.3333129882812,708.3333129882812,14032.0
2017-07-06,710.0,713.3333129882812,701.6666870117188,705.0,11446.0
2017-07-07,703.3333129882812,843.3333129882812,703.3333129882812,828.3333129882812,81467.0
2017-07-10,808.3333129882812,823.3333129882812,801.6666870117188,811.6666870117188,18329.0
2017-07-11,825.0,831.6666870117188,801.6666870117188,806.6666870117188,26165.0
2017-07-12,806.6666870117188,908.3333129882812,776.6666870117188,853.3333129882812,66823.0
2017-07-13,850.0,860.0,816.6666870117188,831.6666870117188,32293.0
2017-07-14,833.3333129882812,833.3333129882812,805.0,813.3333129882812,16584.0
2017-07-17,826.6666870117188,833.3333129882812,803.3333129882812,813.3333129882812,18453.0
2017-07-18,813.3333129882812,813.3333129882812,775.0,778.3333129882812,17026.0
2017-07-19,776.6666870117188,806.6666870117188,776.6666870117188,801.6666870117188,18405.0
2017-07-20,803.3333129882812,843.3333129882812,803.3333129882812,836.6666870117188,27813.0
2017-07-21,843.3333129882812,845.0,813.3333129882812,833.3333129882812,23843.0
2017-07-24,840.0,841.6666870117188,815.0,818.3333129882812,12655.0
2017-07-25,821.6666870117188,830.0,803.3333129882812,808.3333129882812,16292.0
2017-07-26,810.0,856.6666870117188,808.3333129882812,830.0,21273.0
2017-07-27,833.3333129882812,833.3333129882812,798.3333129882812,801.6666870117188,16752.0
2017-07-28,806.6666870117188,818.3333129882812,795.0,801.6666870117188,14114.0
2017-07-31,813.3333129882812,813.3333129882812,771.6666870117188,776.6666870117188,15055.0
2017-08-01,793.3333129882812,793.3333129882812,776.6666870117188,781.6666870117188,10843.0
2017-08-02,778.3333129882812,786.6666870117188,763.3333129882812,768.3333129882812,11068.0
2017-08-03,773.3333129882812,788.3333129882812,770.0,775.0,11191.0
2017-08-04,776.6666870117188,783.3333129882812,766.6666870117188,771.6666870117188,10288.0
2017-08-07,783.3333129882812,790.0,763.3333129882812,766.6666870117188,11742.0
2017-08-08,778.3333129882812,778.3333129882812,738.3333129882812,741.6666870117188,10831.0
2017-08-09,745.0,750.0,730.0,735.0,16652.0
2017-08-10,735.0,740.0,670.0,686.6666870117188,13523.0
2017-08-11,708.3333129882812,708.3333129882812,666.6666870117188,690.0,9954.0
2017-08-14,746.6666870117188,800.0,725.0,785.0,57402.0
2017-08-16,781.6666870117188,790.0,736.6666870117188,763.3333129882812,14739.0
2017-08-17,770.0,778.3333129882812,741.6666870117188,746.6666870117188,11916.0
2017-08-18,750.0,755.0,736.6666870117188,746.6666870117188,10062.0
2017-08-21,756.6666870117188,765.0,726.6666870117188,730.0,8421.0
2017-08-22,733.3333129882812,736.6666870117188,710.0,716.6666870117188,9043.0
2017-08-23,718.3333129882812,725.0,711.6666870117188,715.0,11656.0
2017-08-24,720.0,723.3333129882812,710.0,711.6666870117188,11614.0
2017-08-28,723.3333129882812,763.3333129882812,710.0,716.6666870117188,12706.0
2017-08-29,708.3333129882812,716.6666870117188,636.6666870117188,655.0,40750.0
2017-08-30,655.0,671.6666870117188,623.3333129882812,625.0,39930.0
2017-08-31,631.6666870117188,655.0,615.0,636.6666870117188,38778.0
2017-09-01,638.3333129882812,666.6666870117188,633.3333129882812,648.3333129882812,76223.0
2017-09-04,656.6666870117188,656.6666870117188,630.0,638.3333129882812,187469.0
2017-09-05,643.3333129882812,743.3333129882812,623.3333129882812,700.0,90641.0
2017-09-06,713.3333129882812,776.6666870117188,676.6666870117188,740.0,117808.0
2017-09-07,770.0,816.6666870117188,743.3333129882812,790.0,91439.0
2017-09-08,793.3333129882812,793.3333129882812,751.6666870117188,765.0,27548.0
2017-09-11,763.3333129882812,813.3333129882812,751.6666870117188,796.6666870117188,54895.0
2017-09-12,786.6666870117188,810.0,776.6666870117188,803.3333129882812,29440.0
2017-09-13,790.0,858.3333129882812,713.3333129882812,726.6666870117188,129407.0
2017-09-14,728.3333129882812,750.0,726.6666870117188,735.0,14184.0
2017-09-15,726.6666870117188,770.0,708.3333129882812,730.0,33483.0
2017-09-18,705.0,765.0,703.3333129882812,745.0,40931.0
2017-09-19,745.0,813.3333129882812,733.3333129882812,803.3333129882812,67591.0
2017-09-20,803.3333129882812,828.3333129882812,786.6666870117188,816.6666870117188,49839.0
2017-09-21,825.0,840.0,783.3333129882812,798.3333129882812,24092.0
2017-09-22,796.6666870117188,810.0,736.6666870117188,780.0,25845.0
2017-09-25,771.6666870117188,781.6666870117188,740.0,765.0,16288.0
2017-09-26,763.3333129882812,778.3333129882812,756.6666870117188,761.6666870117188,10071.0
2017-09-27,766.6666870117188,776.6666870117188,738.3333129882812,741.6666870117188,11797.0
2017-09-28,743.3333129882812,846.6666870117188,738.3333129882812,831.6666870117188,176903.0
2017-09-29,841.6666870117188,848.3333129882812,801.6666870117188,808.3333129882812,60263.0
2017-10-03,806.6666870117188,838.3333129882812,796.6666870117188,808.3333129882812,31153.0
2017-10-04,813.3333129882812,813.3333129882812,783.3333129882812,788.3333129882812,12215.0
2017-10-05,783.3333129882812,800.0,768.3333129882812,773.3333129882812,10945.0
2017-10-06,771.6666870117188,811.6666870117188,771.6666870117188,780.0,19348.0
2017-10-09,768.3333129882812,805.0,768.3333129882812,785.0,22433.0
2017-10-10,785.0,793.3333129882812,773.3333129882812,778.3333129882812,13604.0
2017-10-11,778.3333129882812,798.3333129882812,751.6666870117188,758.3333129882812,19248.0
2017-10-12,766.6666870117188,773.3333129882812,750.0,753.3333129882812,13241.0
2017-10-13,760.0,766.6666870117188,751.6666870117188,753.3333129882812,11117.0
2017-10-16,760.0,816.6666870117188,753.3333129882812,786.6666870117188,46341.0
2017-10-17,790.0,806.6666870117188,770.0,775.0,22152.0
2017-10-18,775.0,795.0,766.6666870117188,770.0,16543.0
2017-10-19,780.0,791.6666870117188,761.6666870117188,775.0,8879.0
2017-10-23,775.0,781.6666870117188,755.0,760.0,13598.0
2017-10-24,753.3333129882812,770.0,753.3333129882812,756.6666870117188,10361.0
2017-10-25,766.6666870117188,766.6666870117188,740.0,745.0,16948.0
2017-10-26,753.3333129882812,753.3333129882812,730.0,731.6666870117188,15212.0
2017-10-27,740.0,745.0,720.0,721.6666870117188,13269.0
2017-10-30,723.3333129882812,801.6666870117188,721.6666870117188,791.6666870117188,66632.0
2017-10-31,798.3333129882812,826.6666870117188,783.3333129882812,806.6666870117188,50725.0
2017-11-01,830.0,966.6666870117188,805.0,950.0,300994.0
2017-11-02,965.0,1125.0,926.6666870117188,981.6666870117188,769662.0
2017-11-03,1000.0,1045.0,918.3333129882812,930.0,477860.0
2017-11-06,950.0,955.0,878.3333129882812,911.6666870117188,77161.0
2017-11-07,911.6666870117188,916.6666870117188,823.3333129882812,836.6666870117188,63565.0
2017-11-08,850.0,961.6666870117188,840.0,868.3333129882812,480358.0
2017-11-09,880.0,928.3333129882812,855.0,860.0,375961.0
2017-11-10,876.6666870117188,946.6666870117188,828.3333129882812,836.6666870117188,795430.0
2017-11-13,846.6666870117188,891.6666870117188,795.0,800.0,451215.0
2017-11-14,803.3333129882812,841.6666870117188,730.0,745.0,472346.0
2017-11-15,731.6666870117188,750.0,708.3333129882812,718.3333129882812,167158.0
2017-11-16,718.3333129882812,738.3333129882812,706.6666870117188,728.3333129882812,95888.0
2017-11-17,741.6666870117188,745.0,725.0,730.0,46699.0
2017-11-20,750.0,816.6666870117188,741.6666870117188,803.3333129882812,231416.0
2017-11-21,815.0,861.6666870117188,786.6666870117188,841.6666870117188,245864.0
2017-11-22,860.0,893.3333129882812,850.0,880.0,291264.0
2017-11-23,891.6666870117188,920.0,810.0,825.0,294385.0
2017-11-24,825.0,850.0,800.0,805.0,144896.0
2017-11-27,810.0,850.0,786.6666870117188,830.0,127357.0
2017-11-28,840.0,840.0,790.0,803.3333129882812,141917.0
2017-11-29,803.3333129882812,830.0,778.3333129882812,783.3333129882812,204647.0
2017-11-30,781.6666870117188,796.6666870117188,746.6666870117188,760.0,187593.0
2017-12-01,760.0,780.0,728.3333129882812,731.6666870117188,204440.0
2017-12-04,740.0,773.3333129882812,713.3333129882812,758.3333129882812,154701.0
2017-12-05,768.3333129882812,790.0,746.6666870117188,763.3333129882812,115468.0
2017-12-06,763.3333129882812,778.3333129882812,710.0,716.6666870117188,288044.0
2017-12-07,723.3333129882812,743.3333129882812,663.3333129882812,675.0,453555.0
2017-12-08,675.0,685.0,638.3333129882812,641.6666870117188,406724.0
2017-12-11,641.6666870117188,660.0,610.0,646.6666870117188,200858.0
2017-12-12,643.3333129882812,650.0,628.3333129882812,640.0,84270.0
2017-12-13,641.6666870117188,645.0,625.0,626.6666870117188,56939.0
2017-12-14,606.6666870117188,611.6666870117188,523.3333129882812,540.0,361489.0
2017-12-15,535.0,585.0,508.3333435058594,575.0,262297.0
2017-12-18,571.6666870117188,583.3333129882812,536.6666870117188,571.6666870117188,70080.0
2017-12-19,573.3333129882812,595.0,568.3333129882812,585.0,89726.0
2017-12-20,581.6666870117188,615.0,550.0,591.6666870117188,210384.0
2017-12-21,595.0,636.6666870117188,580.0,628.3333129882812,170565.0
2017-12-22,633.3333129882812,696.6666870117188,633.3333129882812,675.0,210038.0
2017-12-26,688.3333129882812,726.6666870117188,673.3333129882812,715.0,251620.0
2017-12-27,733.3333129882812,745.0,653.3333129882812,658.3333129882812,294117.0
2017-12-28,676.6666870117188,676.6666870117188,626.6666870117188,633.3333129882812,217810.0
2017-12-29,636.6666870117188,653.3333129882812,618.3333129882812,621.6666870117188,217004.0
2018-01-01,630.0,651.6666870117188,618.3333129882812,623.3333129882812,217329.0
2018-01-02,628.3333129882812,631.6666870117188,613.3333129882812,628.3333129882812,47607.0
2018-01-03,636.6666870117188,683.3333129882812,623.3333129882812,655.0,269947.0
2018-01-04,666.6666870117188,685.0,628.3333129882812,633.3333129882812,387460.0
2018-01-05,635.0,643.3333129882812,625.0,630.0,80929.0
2018-01-08,635.0,645.0,633.3333129882812,636.6666870117188,53578.0
2018-01-09,643.3333129882812,643.3333129882812,633.3333129882812,635.0,49825.0
2018-01-10,636.6666870117188,643.3333129882812,633.3333129882812,636.6666870117188,60854.0
2018-01-11,636.6666870117188,675.0,635.0,665.0,167230.0
2018-01-12,673.3333129882812,686.6666870117188,643.3333129882812,655.0,143356.0
2018-01-15,660.0,665.0,641.6666870117188,648.3333129882812,43909.0
2018-01-16,650.0,651.6666870117188,620.0,621.6666870117188,47467.0
2018-01-17,618.3333129882812,630.0,606.6666870117188,621.6666870117188,36147.0
2018-01-18,628.3333129882812,675.0,628.3333129882812,640.0,305799.0
2018-01-19,650.0,650.0,620.0,635.0,46324.0
2018-01-22,635.0,646.6666870117188,621.6666870117188,625.0,38580.0
2018-01-23,630.0,636.6666870117188,618.3333129882812,621.6666870117188,41681.0
2018-01-24,623.3333129882812,623.3333129882812,606.6666870117188,610.0,25094.0
2018-01-25,606.6666870117188,613.3333129882812,585.0,596.6666870117188,61926.0
2018-01-29,601.6666870117188,606.6666870117188,568.3333129882812,576.6666870117188,34322.0
2018-01-30,576.6666870117188,593.3333129882812,566.6666870117188,568.3333129882812,46531.0
2018-01-31,571.6666870117188,580.0,568.3333129882812,570.0,20615.0
2018-02-01,576.6666870117188,576.6666870117188,560.0,561.6666870117188,31227.0
2018-02-02,555.0,555.0,518.3333129882812,531.6666870117188,46245.0
2018-02-05,516.6666870117188,516.6666870117188,490.0,503.3333435058594,40478.0
2018-02-06,475.0,491.6666564941406,471.6666564941406,488.3333435058594,45414.0
2018-02-07,495.0,523.3333129882812,495.0,518.3333129882812,40221.0
2018-02-08,525.0,560.0,521.6666870117188,550.0,62952.0
2018-02-09,525.0,550.0,520.0,546.6666870117188,24961.0
2018-02-12,561.6666870117188,580.0,555.0,570.0,37294.0
2018-02-14,586.6666870117188,611.6666870117188,575.0,591.6666870117188,58742.0
2018-02-15,605.0,613.3333129882812,543.3333129882812,548.3333129882812,65190.0
2018-02-16,548.3333129882812,566.6666870117188,536.6666870117188,541.6666870117188,22401.0
2018-02-19,543.3333129882812,550.0,526.6666870117188,531.6666870117188,18465.0
2018-02-20,533.3333129882812,543.3333129882812,530.0,538.3333129882812,13301.0
2018-02-21,543.3333129882812,588.3333129882812,526.6666870117188,578.3333129882812,133998.0
2018-02-22,583.3333129882812,593.3333129882812,560.0,565.0,63942.0
2018-02-23,563.3333129882812,640.0,560.0,601.6666870117188,249299.0
2018-02-26,630.0,630.0,571.6666870117188,578.3333129882812,114181.0
2018-02-27,590.0,590.0,568.3333129882812,583.3333129882812,54360.0
2018-02-28,585.0,605.0,578.3333129882812,598.3333129882812,153230.0
2018-03-01,603.3333129882812,618.3333129882812,591.6666870117188,610.0,75176.0
2018-03-05,610.0,628.3333129882812,605.0,611.6666870117188,64267.0
2018-03-06,618.3333129882812,621.6666870117188,600.0,600.0,48963.0
2018-03-07,600.0,600.0,566.6666870117188,566.6666870117188,44025.0
2018-03-08,570.0,586.6666870117188,566.6666870117188,576.6666870117188,26036.0
2018-03-09,586.6666870117188,586.6666870117188,566.6666870117188,568.3333129882812,22609.0
2018-03-12,566.6666870117188,573.3333129882812,556.6666870117188,560.0,16681.0
2018-03-13,563.3333129882812,566.6666870117188,556.6666870117188,561.6666870117188,13447.0
2018-03-14,563.3333129882812,566.6666870117188,553.3333129882812,560.0,11639.0
2018-03-15,561.6666870117188,561.6666870117188,553.3333129882812,558.3333129882812,14699.0
2018-03-16,568.3333129882812,658.3333129882812,568.3333129882812,615.0,115807.0
2018-03-19,628.3333129882812,630.0,583.3333129882812,590.0,35661.0
2018-03-20,590.0,603.3333129882812,578.3333129882812,588.3333129882812,19404.0
2018-03-21,596.6666870117188,621.6666870117188,591.6666870117188,601.6666870117188,32886.0
2018-03-22,606.6666870117188,606.6666870117188,585.0,590.0,37919.0
2018-03-23,566.6666870117188,590.0,548.3333129882812,560.0,50752.0
2018-03-26,570.0,570.0,538.3333129882812,546.6666870117188,36067.0
2018-03-27,555.0,560.0,543.3333129882812,546.6666870117188,26146.0
2018-03-28,546.6666870117188,546.6666870117188,526.6666870117188,531.6666870117188,30403.0
2018-04-02,546.6666870117188,568.3333129882812,541.6666870117188,553.3333129882812,11189.0
2018-04-03,553.3333129882812,578.3333129882812,548.3333129882812,573.3333129882812,22761.0
2018-04-04,581.6666870117188,586.6666870117188,560.0,566.6666870117188,39019.0
2018-04-05,573.3333129882812,580.0,558.3333129882812,561.6666870117188,40255.0
2018-04-06,570.0,571.6666870117188,556.6666870117188,560.0,67454.0
2018-04-09,566.6666870117188,568.3333129882812,548.3333129882812,555.0,36914.0
2018-04-10,560.0,561.6666870117188,548.3333129882812,553.3333129882812,42912.0
2018-04-11,558.3333129882812,560.0,550.0,551.6666870117188,40987.0
2018-04-12,551.6666870117188,553.3333129882812,545.0,548.3333129882812,26192.0
2018-04-13,550.0,550.0,543.3333129882812,543.3333129882812,35929.0
2018-04-16,540.0,543.3333129882812,530.0,535.0,23678.0
2018-04-17,540.0,543.3333129882812,531.6666870117188,533.3333129882812,39107.0
2018-04-18,536.6666870117188,538.3333129882812,526.6666870117188,528.3333129882812,21232.0
2018-04-19,533.3333129882812,535.0,511.6666564941406,521.6666870117188,32315.0
2018-04-20,521.6666870117188,545.0,516.6666870117188,533.3333129882812,83839.0
2018-04-23,553.3333129882812,583.3333129882812,541.6666870117188,550.0,193132.0
2018-04-24,573.3333129882812,581.6666870117188,560.0,566.6666870117188,240258.0
2018-04-25,566.6666870117188,573.3333129882812,541.6666870117188,545.0,81570.0
2018-04-26,541.6666870117188,541.6666870117188,515.0,516.6666870117188,74835.0
2018-04-27,516.6666870117188,550.0,515.0,516.6666870117188,57002.0
2018-04-30,518.3333129882812,523.3333129882812,506.6666564941406,508.3333435058594,33385.0
2018-05-02,513.3333129882812,520.0,420.0,426.6666564941406,388809.0
2018-05-03,430.0,456.6666564941406,343.3333435058594,443.3333435058594,271651.0
2018-05-04,458.3333435058594,473.3333435058594,428.3333435058594,446.6666564941406,313782.0
2018-05-07,490.0,535.0,461.6666564941406,466.6666564941406,964744.0
2018-05-08,471.6666564941406,506.6666564941406,428.3333435058594,433.3333435058594,421203.0
2018-05-09,446.6666564941406,460.0,406.6666564941406,441.6666564941406,383727.0
2018-05-10,451.6666564941406,465.0,425.0,430.0,129579.0
2018-05-11,436.6666564941406,436.6666564941406,413.3333435058594,418.3333435058594,63121.0
2018-05-14,413.3333435058594,413.3333435058594,358.3333435058594,370.0,139172.0
2018-05-15,358.3333435058594,391.6666564941406,340.0,346.6666564941406,248860.0
2018-05-16,341.6666564941406,341.6666564941406,316.6666564941406,323.3333435058594,85916.0
2018-05-17,328.3333435058594,355.0,325.0,348.3333435058594,154424.0
2018-05-18,353.3333435058594,353.3333435058594,333.3333435058594,336.6666564941406,55991.0
2018-05-21,333.3333435058594,340.0,321.6666564941406,325.0,150654.0
2018-05-22,341.6666564941406,356.6666564941406,328.3333435058594,356.6666564941406,113971.0
2018-05-23,373.3333435058594,391.6666564941406,368.3333435058594,390.0,143922.0
2018-05-24,413.3333435058594,428.3333435058594,396.6666564941406,425.0,292431.0
2018-05-25,433.3333435058594,445.0,400.0,413.3333435058594,216736.0
2018-05-28,421.6666564941406,426.6666564941406,396.6666564941406,403.3333435058594,149066.0
2018-05-29,405.0,443.3333435058594,405.0,438.3333435058594,484309.0
2018-05-30,441.6666564941406,481.6666564941406,431.6666564941406,481.6666564941406,258305.0
2018-05-31,501.6666564941406,505.0,468.3333435058594,491.6666564941406,158563.0
2018-06-01,500.0,515.0,470.0,513.3333129882812,382446.0
2018-06-04,523.3333129882812,528.3333129882812,496.6666564941406,521.6666870117188,193781.0
2018-06-05,500.0,510.0,496.6666564941406,496.6666564941406,39129.0
2018-06-06,473.3333435058594,473.3333435058594,473.3333435058594,473.3333435058594,6034.0
2018-06-07,450.0,470.0,450.0,450.0,183240.0
2018-06-08,428.3333435058594,436.6666564941406,428.3333435058594,428.3333435058594,52031.0
2018-06-11,441.6666564941406,448.3333435058594,408.3333435058594,425.0,233957.0
2018-06-12,435.0,435.0,405.0,405.0,211614.0
2018-06-13,410.0,425.0,408.3333435058594,425.0,485001.0
2018-06-14,433.3333435058594,445.0,430.0,445.0,88178.0
2018-06-15,461.6666564941406,466.6666564941406,458.3333435058594,466.6666564941406,63062.0
2018-06-18,473.3333435058594,473.3333435058594,443.3333435058594,443.3333435058594,67864.0
2018-06-19,421.6666564941406,421.6666564941406,421.6666564941406,421.6666564941406,12300.0
2018-06-20,401.6666564941406,418.3333435058594,401.6666564941406,401.6666564941406,140185.0
2018-06-21,391.6666564941406,421.6666564941406,381.6666564941406,421.6666564941406,254871.0
2018-06-22,438.3333435058594,438.3333435058594,403.3333435058594,418.3333435058594,169718.0
2018-06-25,420.0,425.0,398.3333435058594,400.0,170853.0
2018-06-26,395.0,406.6666564941406,388.3333435058594,395.0,64286.0
2018-06-27,386.6666564941406,396.6666564941406,376.6666564941406,376.6666564941406,54850.0
2018-06-28,371.6666564941406,371.6666564941406,358.3333435058594,358.3333435058594,71724.0
2018-06-29,356.6666564941406,375.0,355.0,370.0,73885.0
2018-07-02,371.6666564941406,371.6666564941406,360.0,365.0,35835.0
2018-07-03,366.6666564941406,366.6666564941406,360.0,363.3333435058594,21547.0
2018-07-04,363.3333435058594,363.3333435058594,351.6666564941406,358.3333435058594,33459.0
2018-07-05,360.0,363.3333435058594,350.0,351.6666564941406,31749.0
2018-07-06,351.6666564941406,353.3333435058594,340.0,346.6666564941406,38833.0
2018-07-09,355.0,363.3333435058594,348.3333435058594,355.0,58806.0
2018-07-10,358.3333435058594,358.3333435058594,350.0,353.3333435058594,24102.0
2018-07-11,363.3333435058594,370.0,346.6666564941406,363.3333435058594,67016.0
2018-07-12,375.0,380.0,370.0,378.3333435058594,152913.0
2018-07-13,378.3333435058594,396.6666564941406,360.0,360.0,186613.0
2018-07-16,358.3333435058594,358.3333435058594,343.3333435058594,343.3333435058594,49511.0
2018-07-17,343.3333435058594,355.0,328.3333435058594,345.0,60292.0
2018-07-18,341.6666564941406,341.6666564941406,328.3333435058594,328.3333435058594,77102.0
2018-07-19,320.0,323.3333435058594,313.3333435058594,313.3333435058594,19757.0
2018-07-20,300.0,303.3333435058594,298.3333435058594,298.3333435058594,23379.0
2018-07-23,285.0,311.6666564941406,285.0,303.3333435058594,120694.0
2018-07-24,305.0,308.3333435058594,291.6666564941406,296.6666564941406,47319.0
2018-07-25,303.3333435058594,303.3333435058594,283.3333435058594,293.3333435058594,55034.0
2018-07-26,301.6666564941406,301.6666564941406,291.6666564941406,295.0,28375.0
2018-07-27,300.0,308.3333435058594,295.0,306.6666564941406,61842.0
2018-07-30,316.6666564941406,321.6666564941406,310.0,321.6666564941406,33004.0
2018-07-31,328.3333435058594,336.6666564941406,316.6666564941406,333.3333435058594,166365.0
2018-08-01,341.6666564941406,341.6666564941406,316.6666564941406,316.6666564941406,167491.0
2018-08-02,323.3333435058594,323.3333435058594,301.6666564941406,301.6666564941406,272040.0
2018-08-03,296.6666564941406,316.6666564941406,293.3333435058594,313.3333435058594,128493.0
2018-08-06,321.6666564941406,325.0,306.6666564941406,311.6666564941406,128183.0
2018-08-07,310.0,310.0,298.3333435058594,300.0,90722.0
2018-08-08,300.0,313.3333435058594,293.3333435058594,301.6666564941406,68224.0
2018-08-09,308.3333435058594,308.3333435058594,296.6666564941406,298.3333435058594,68600.0
2018-08-10,300.0,303.3333435058594,290.0,300.0,48660.0
2018-08-13,306.6666564941406,308.3333435058594,295.0,298.3333435058594,154060.0
2018-08-14,310.0,311.6666564941406,301.6666564941406,311.6666564941406,559484.0
2018-08-16,321.6666564941406,326.6666564941406,313.3333435058594,326.6666564941406,295729.0
2018-08-17,328.3333435058594,338.3333435058594,311.6666564941406,311.6666564941406,120182.0
2018-08-20,298.3333435058594,318.3333435058594,296.6666564941406,313.3333435058594,180528.0
2018-08-21,318.3333435058594,321.6666564941406,298.3333435058594,298.3333435058594,253575.0
2018-08-23,298.3333435058594,301.6666564941406,290.0,300.0,81773.0
2018-08-24,315.0,315.0,310.0,313.3333435058594,931742.0
2018-08-27,323.3333435058594,328.3333435058594,316.6666564941406,328.3333435058594,316956.0
2018-08-28,343.3333435058594,343.3333435058594,343.3333435058594,343.3333435058594,22864.0
2018-08-29,360.0,360.0,360.0,360.0,43358.0
2018-08-30,343.3333435058594,353.3333435058594,343.3333435058594,343.3333435058594,166355.0
2018-08-31,326.6666564941406,330.0,326.6666564941406,326.6666564941406,86712.0
2018-09-03,316.6666564941406,331.6666564941406,311.6666564941406,316.6666564941406,353034.0
2018-09-04,316.6666564941406,325.0,311.6666564941406,315.0,133842.0
2018-09-05,315.0,318.3333435058594,300.0,305.0,133741.0
2018-09-06,311.6666564941406,311.6666564941406,301.6666564941406,303.3333435058594,91196.0
2018-09-07,305.0,318.3333435058594,301.6666564941406,316.6666564941406,224313.0
2018-09-10,315.0,315.0,301.6666564941406,301.6666564941406,136708.0
2018-09-11,295.0,305.0,290.0,295.0,128248.0
2018-09-12,298.3333435058594,300.0,286.6666564941406,290.0,91160.0
2018-09-14,290.0,291.6666564941406,285.0,291.6666564941406,75665.0
2018-09-17,285.0,288.3333435058594,280.0,280.0,101900.0
2018-09-18,280.0,285.0,266.6666564941406,266.6666564941406,141741.0
2018-09-19,265.0,270.0,253.3333282470703,253.3333282470703,218558.0
2018-09-21,245.0,250.0,241.6666717529297,241.6666717529297,200788.0
2018-09-24,233.3333282470703,236.6666717529297,230.0,230.0,25714.0
2018-09-25,221.6666717529297,221.6666717529297,220.0,220.0,17990.0
2018-09-26,210.0,220.0,210.0,210.0,101670.0
2018-09-27,200.0,220.0,200.0,220.0,165149.0
2018-09-28,226.6666717529297,230.0,218.3333282470703,228.3333282470703,165357.0
2018-10-01,236.6666717529297,238.3333282470703,225.0,238.3333282470703,83779.0
2018-10-03,245.0,250.0,241.6666717529297,250.0,66920.0
2018-10-04,250.0,251.6666717529297,238.3333282470703,238.3333282470703,99828.0
2018-10-05,233.3333282470703,236.6666717529297,226.6666717529297,226.6666717529297,58004.0
2018-10-08,218.3333282470703,228.3333282470703,216.6666717529297,216.6666717529297,93549.0
2018-10-09,216.6666717529297,225.0,206.6666717529297,210.0,95770.0
2018-10-10,210.0,220.0,210.0,220.0,54346.0
2018-10-11,213.3333282470703,215.0,210.0,211.6666717529297,59751.0
2018-10-12,215.0,221.6666717529297,208.3333282470703,216.6666717529297,68078.0
2018-10-15,218.3333282470703,221.6666717529297,213.3333282470703,216.6666717529297,41622.0
2018-10-16,211.6666717529297,225.0,211.6666717529297,221.6666717529297,37555.0
2018-10-17,228.3333282470703,230.0,215.0,216.6666717529297,36052.0
2018-10-19,211.6666717529297,211.6666717529297,206.6666717529297,206.6666717529297,72895.0
2018-10-22,201.6666717529297,205.0,196.6666717529297,196.6666717529297,91365.0
2018-10-23,190.0,193.3333282470703,188.3333282470703,188.3333282470703,42186.0
2018-10-24,183.3333282470703,185.0,180.0,180.0,61261.0
2018-10-25,171.6666717529297,171.6666717529297,171.6666717529297,171.6666717529297,13763.0
2018-10-26,163.3333282470703,180.0,163.3333282470703,180.0,171648.0
2018-10-29,181.6666717529297,188.3333282470703,181.6666717529297,188.3333282470703,40975.0
2018-10-30,191.6666717529297,196.6666717529297,190.0,196.6666717529297,43508.0
2018-10-31,193.3333282470703,196.6666717529297,188.3333282470703,188.3333282470703,57305.0
2018-11-01,181.6666717529297,191.6666717529297,180.0,185.0,69258.0
2018-11-02,190.0,193.3333282470703,183.3333282470703,188.3333282470703,50754.0
2018-11-05,186.6666717529297,186.6666717529297,180.0,185.0,33185.0
2018-11-06,185.0,193.3333282470703,183.3333282470703,188.3333282470703,38689.0
2018-11-07,193.3333282470703,195.0,190.0,191.6666717529297,11004.0
2018-11-09,191.6666717529297,191.6666717529297,186.6666717529297,188.3333282470703,27512.0
2018-11-12,188.3333282470703,196.6666717529297,188.3333282470703,191.6666717529297,39827.0
2018-11-13,188.3333282470703,193.3333282470703,188.3333282470703,193.3333282470703,16334.0
2018-11-14,193.3333282470703,200.0,193.3333282470703,195.0,29464.0
2018-11-15,200.0,203.3333282470703,196.6666717529297,203.3333282470703,40308.0
2018-11-16,208.3333282470703,213.3333282470703,205.0,213.3333282470703,30632.0
2018-11-19,218.3333282470703,223.3333282470703,218.3333282470703,223.3333282470703,14378.0
2018-11-20,230.0,233.3333282470703,213.3333282470703,213.3333282470703,145346.0
2018-11-21,210.0,213.3333282470703,203.3333282470703,206.6666717529297,72044.0
2018-11-22,206.6666717529297,213.3333282470703,201.6666717529297,205.0,46773.0
2018-11-26,208.3333282470703,211.6666717529297,205.0,208.3333282470703,31936.0
2018-11-27,206.6666717529297,208.3333282470703,203.3333282470703,205.0,13949.0
2018-11-28,205.0,206.6666717529297,196.6666717529297,198.3333282470703,30166.0
2018-11-29,200.0,203.3333282470703,195.0,198.3333282470703,19810.0
2018-11-30,200.0,205.0,196.6666717529297,203.3333282470703,42975.0
2018-12-03,205.0,213.3333282470703,203.3333282470703,213.3333282470703,52717.0
2018-12-04,218.3333282470703,223.3333282470703,215.0,223.3333282470703,67591.0
2018-12-05,226.6666717529297,233.3333282470703,226.6666717529297,233.3333282470703,111878.0
2018-12-06,238.3333282470703,238.3333282470703,221.6666717529297,221.6666717529297,86957.0
2018-12-07,210.0,223.3333282470703,210.0,218.3333282470703,32083.0
2018-12-10,210.0,216.6666717529297,201.6666717529297,205.0,38378.0
2018-12-11,196.6666717529297,210.0,196.6666717529297,206.6666717529297,22348.0
2018-12-12,208.3333282470703,215.0,206.6666717529297,211.6666717529297,37104.0
2018-12-13,213.3333282470703,215.0,208.3333282470703,211.6666717529297,24127.0
2018-12-14,206.6666717529297,213.3333282470703,206.6666717529297,210.0,25544.0
2018-12-17,208.3333282470703,223.3333282470703,208.3333282470703,215.0,39567.0
2018-12-18,211.6666717529297,215.0,210.0,210.0,22227.0
2018-12-19,211.6666717529297,216.6666717529297,198.3333282470703,208.3333282470703,45766.0
2018-12-20,208.3333282470703,211.6666717529297,203.3333282470703,208.3333282470703,24657.0
2018-12-21,208.3333282470703,211.6666717529297,205.0,206.6666717529297,20868.0
2018-12-24,213.3333282470703,226.6666717529297,213.3333282470703,226.6666717529297,81543.0
2018-12-26,243.3333282470703,248.3333282470703,240.0,248.3333282470703,79997.0
2018-12-27,270.0,271.6666564941406,266.6666564941406,271.6666564941406,78970.0
2018-12-28,285.0,285.0,285.0,285.0,21316.0
2018-12-31,298.3333435058594,298.3333435058594,298.3333435058594,298.3333435058594,12031.0
2019-01-01,311.6666564941406,311.6666564941406,285.0,285.0,181677.0
2019-01-02,271.6666564941406,271.6666564941406,271.6666564941406,271.6666564941406,13142.0
2019-01-03,258.3333435058594,281.6666564941406,258.3333435058594,258.3333435058594,344223.0
2019-01-04,258.3333435058594,270.0,251.6666717529297,270.0,167403.0
2019-01-07,280.0,283.3333435058594,275.0,283.3333435058594,95708.0
2019-01-08,270.0,280.0,270.0,271.6666564941406,27464.0
2019-01-09,261.6666564941406,280.0,258.3333435058594,275.0,28540.0
2019-01-10,276.6666564941406,280.0,263.3333435058594,271.6666564941406,21413.0
2019-01-11,273.3333435058594,275.0,265.0,266.6666564941406,16851.0
2019-01-14,280.0,280.0,266.6666564941406,270.0,21589.0
2019-01-15,270.0,283.3333435058594,261.6666564941406,280.0,26678.0
2019-01-16,281.6666564941406,283.3333435058594,268.3333435058594,270.0,18783.0
2019-01-17,270.0,270.0,260.0,263.3333435058594,24417.0
2019-01-18,263.3333435058594,266.6666564941406,251.6666717529297,253.3333282470703,24929.0
2019-01-21,256.6666564941406,258.3333435058594,241.6666717529297,241.6666717529297,18410.0
2019-01-22,233.3333282470703,238.3333282470703,230.0,231.6666717529297,25244.0
2019-01-23,236.6666717529297,241.6666717529297,231.6666717529297,238.3333282470703,12251.0
2019-01-24,243.3333282470703,243.3333282470703,230.0,233.3333282470703,14173.0
2019-01-25,238.3333282470703,245.0,230.0,245.0,24523.0
2019-01-28,251.6666717529297,251.6666717529297,233.3333282470703,236.6666717529297,21600.0
2019-01-29,240.0,241.6666717529297,228.3333282470703,230.0,10571.0
2019-01-30,226.6666717529297,233.3333282470703,226.6666717529297,228.3333282470703,13395.0
2019-01-31,228.3333282470703,235.0,223.3333282470703,230.0,11763.0
2019-02-01,240.0,240.0,236.6666717529297,240.0,15039.0
2019-02-04,251.6666717529297,251.6666717529297,228.3333282470703,230.0,27691.0
2019-02-05,226.6666717529297,233.3333282470703,220.0,223.3333282470703,19512.0
2019-02-06,223.3333282470703,223.3333282470703,213.3333282470703,215.0,22377.0
2019-02-07,213.3333282470703,216.6666717529297,205.0,215.0,21157.0
2019-02-08,208.3333282470703,223.3333282470703,205.0,205.0,17444.0
2019-02-11,200.0,201.6666717529297,195.0,195.0,19759.0
2019-02-12,188.3333282470703,203.3333282470703,186.6666717529297,193.3333282470703,21063.0
2019-02-14,203.3333282470703,211.6666717529297,203.3333282470703,206.6666717529297,18034.0
2019-02-15,211.6666717529297,216.6666717529297,208.3333282470703,213.3333282470703,17552.0
2019-02-18,213.3333282470703,216.6666717529297,203.3333282470703,203.3333282470703,13167.0
2019-02-19,203.3333282470703,203.3333282470703,193.3333282470703,195.0,31045.0
2019-02-20,196.6666717529297,200.0,190.0,195.0,16376.0
2019-02-21,191.6666717529297,198.3333282470703,191.6666717529297,195.0,14246.0
2019-02-22,198.3333282470703,203.3333282470703,193.3333282470703,203.3333282470703,17989.0
2019-02-25,206.6666717529297,206.6666717529297,196.6666717529297,200.0,11443.0
2019-02-26,200.0,200.0,190.0,195.0,23288.0
2019-02-27,198.3333282470703,200.0,188.3333282470703,191.6666717529297,17598.0
2019-02-28,195.0,200.0,190.0,198.3333282470703,13254.0
2019-03-01,193.3333282470703,200.0,193.3333282470703,196.6666717529297,17096.0
2019-03-05,200.0,203.3333282470703,193.3333282470703,203.3333282470703,15420.0
2019-03-06,210.0,213.3333282470703,200.0,210.0,26149.0
2019-03-07,213.3333282470703,220.0,210.0,220.0,23638.0
2019-03-08,226.6666717529297,230.0,220.0,230.0,23329.0
2019-03-11,233.3333282470703,240.0,220.0,235.0,56982.0
2019-03-12,238.3333282470703,246.6666717529297,236.6666717529297,243.3333282470703,50685.0
2019-03-13,255.0,255.0,246.6666717529297,253.3333282470703,83441.0
2019-03-14,265.0,265.0,261.6666564941406,263.3333435058594,125864.0
2019-03-15,273.3333435058594,273.3333435058594,251.6666717529297,251.6666717529297,118925.0
2019-03-18,255.0,260.0,240.0,241.6666717529297,48198.0
2019-03-19,241.6666717529297,253.3333282470703,230.0,253.3333282470703,110828.0
2019-03-20,263.3333435058594,263.3333435058594,241.6666717529297,258.3333435058594,124826.0
2019-03-22,261.6666564941406,261.6666564941406,246.6666717529297,246.6666717529297,65689.0
2019-03-25,246.6666717529297,246.6666717529297,235.0,235.0,24005.0
2019-03-26,223.3333282470703,230.0,223.3333282470703,223.3333282470703,45319.0
2019-03-27,220.0,230.0,213.3333282470703,213.3333282470703,94298.0
2019-03-28,213.3333282470703,218.3333282470703,205.0,213.3333282470703,88410.0
2019-04-01,220.0,230.0,210.0,226.6666717529297,35164.0
2019-04-02,233.3333282470703,236.6666717529297,216.6666717529297,235.0,116858.0
2019-04-03,236.6666717529297,241.6666717529297,223.3333282470703,223.3333282470703,92998.0
2019-04-04,216.6666717529297,221.6666717529297,213.3333282470703,213.3333282470703,63972.0
2019-04-05,206.6666717529297,221.6666717529297,206.6666717529297,218.3333282470703,55475.0
2019-04-08,218.3333282470703,228.3333282470703,211.6666717529297,220.0,46545.0
2019-04-09,221.6666717529297,225.0,213.3333282470703,215.0,20136.0
2019-04-10,215.0,218.3333282470703,211.6666717529297,213.3333282470703,20395.0
2019-04-11,223.3333282470703,233.3333282470703,210.0,231.6666717529297,570325.0
2019-04-12,248.3333282470703,253.3333282470703,225.0,241.6666717529297,692400.0
2019-04-15,250.0,253.3333282470703,240.0,243.3333282470703,120880.0
2019-04-16,246.6666717529297,246.6666717529297,236.6666717529297,238.3333282470703,96288.0
2019-04-18,236.6666717529297,238.3333282470703,225.0,233.3333282470703,70121.0
2019-04-22,235.0,240.0,233.3333282470703,236.6666717529297,68243.0
2019-04-23,240.0,240.0,230.0,231.6666717529297,44682.0
2019-04-24,231.6666717529297,238.3333282470703,228.3333282470703,233.3333282470703,45342.0
2019-04-25,236.6666717529297,256.6666564941406,220.0,228.3333282470703,520664.0
2019-04-26,231.6666717529297,250.0,226.6666717529297,240.0,366404.0
2019-04-30,256.6666564941406,263.3333435058594,233.3333282470703,248.3333282470703,753600.0
2019-05-02,271.6666564941406,271.6666564941406,271.6666564941406,271.6666564941406,88073.0
2019-05-03,298.3333435058594,298.3333435058594,271.6666564941406,293.3333435058594,413728.0
2019-05-06,303.3333435058594,303.3333435058594,280.0,280.0,557342.0
2019-05-07,275.0,275.0,266.6666564941406,266.6666564941406,166915.0
2019-05-08,253.3333282470703,253.3333282470703,253.3333282470703,253.3333282470703,14135.0
2019-05-09,241.6666717529297,241.6666717529297,241.6666717529297,241.6666717529297,24315.0
2019-05-10,230.0,233.3333282470703,230.0,230.0,62955.0
2019-05-13,220.0,220.0,220.0,220.0,11182.0
2019-05-14,210.0,210.0,210.0,210.0,10319.0
2019-05-15,200.0,220.0,200.0,218.3333282470703,137646.0
2019-05-16,216.6666717529297,216.6666717529297,208.3333282470703,211.6666717529297,33905.0
2019-05-17,208.3333282470703,213.3333282470703,201.6666717529297,201.6666717529297,104574.0
2019-05-20,211.6666717529297,211.6666717529297,201.6666717529297,211.6666717529297,46426.0
2019-05-21,220.0,221.6666717529297,213.3333282470703,220.0,46535.0
2019-05-22,213.3333282470703,230.0,210.0,228.3333282470703,42556.0
2019-05-23,230.0,238.3333282470703,226.6666717529297,231.6666717529297,52699.0
2019-05-24,235.0,236.6666717529297,226.6666717529297,231.6666717529297,28295.0
2019-05-27,223.3333282470703,241.6666717529297,221.6666717529297,241.6666717529297,55664.0
2019-05-28,241.6666717529297,253.3333282470703,241.6666717529297,253.3333282470703,44093.0
2019-05-29,263.3333435058594,265.0,243.3333282470703,255.0,100779.0
2019-05-30,265.0,265.0,251.6666717529297,255.0,75070.0
2019-05-31,255.0,255.0,243.3333282470703,243.3333282470703,18246.0
2019-06-03,231.6666717529297,231.6666717529297,231.6666717529297,231.6666717529297,13938.0
2019-06-04,221.6666717529297,241.6666717529297,221.6666717529297,236.6666717529297,62931.0
2019-06-06,231.6666717529297,238.3333282470703,230.0,231.6666717529297,26026.0
2019-06-07,230.0,230.0,221.6666717529297,226.6666717529297,53242.0
2019-06-10,226.6666717529297,226.6666717529297,216.6666717529297,218.3333282470703,31849.0
2019-06-11,213.3333282470703,216.6666717529297,210.0,215.0,25339.0
2019-06-12,208.3333282470703,221.6666717529297,208.3333282470703,213.3333282470703,19489.0
2019-06-13,208.3333282470703,216.6666717529297,206.6666717529297,208.3333282470703,23942.0
2019-06-14,208.3333282470703,210.0,198.3333282470703,198.3333282470703,84982.0
2019-06-17,200.0,200.0,190.0,190.0,27547.0
2019-06-18,181.6666717529297,198.3333282470703,181.6666717529297,196.6666717529297,36669.0
2019-06-19,198.3333282470703,198.3333282470703,188.3333282470703,188.3333282470703,18142.0
2019-06-20,190.0,196.6666717529297,180.0,191.6666717529297,30464.0
2019-06-21,191.6666717529297,196.6666717529297,183.3333282470703,193.3333282470703,17254.0
2019-06-24,186.6666717529297,193.3333282470703,186.6666717529297,191.6666717529297,13377.0
2019-06-25,195.0,200.0,183.3333282470703,186.6666717529297,30984.0
2019-06-26,183.3333282470703,195.0,178.3333282470703,180.0,124355.0
2019-06-27,181.6666717529297,188.3333282470703,171.6666717529297,175.0,123712.0
2019-06-28,175.0,183.3333282470703,166.6666717529297,178.3333282470703,298879.0
2019-07-01,180.0,180.0,170.0,170.0,176447.0
2019-07-02,170.0,171.6666717529297,161.6666717529297,166.6666717529297,86338.0
2019-07-03,166.6666717529297,168.3333282470703,163.3333282470703,166.6666717529297,29544.0
2019-07-04,166.6666717529297,170.0,165.0,166.6666717529297,30010.0
2019-07-05,170.0,173.3333282470703,158.3333282470703,158.3333282470703,83368.0
2019-07-08,161.6666717529297,161.6666717529297,151.6666717529297,153.3333282470703,65148.0
2019-07-09,150.0,160.0,148.3333282470703,158.3333282470703,46918.0
2019-07-10,161.6666717529297,161.6666717529297,153.3333282470703,158.3333282470703,21717.0
2019-07-11,156.6666717529297,158.3333282470703,151.6666717529297,151.6666717529297,40647.0
2019-07-12,150.0,158.3333282470703,145.0,155.0,62781.0
2019-07-15,155.0,160.0,150.0,151.6666717529297,25011.0
2019-07-16,155.0,155.0,145.0,145.0,68438.0
2019-07-17,146.6666717529297,146.6666717529297,138.3333282470703,138.3333282470703,42156.0
2019-07-18,135.0,138.3333282470703,131.6666717529297,131.6666717529297,88509.0
2019-07-19,130.0,131.6666717529297,126.66666412353516,126.66666412353516,69287.0
2019-07-22,125.0,126.66666412353516,121.66666412353516,121.66666412353516,28381.0
2019-07-23,118.33333587646484,120.0,116.66666412353516,116.66666412353516,16989.0
2019-07-24,111.66666412353516,121.66666412353516,111.66666412353516,121.66666412353516,64313.0
2019-07-25,126.66666412353516,126.66666412353516,126.66666412353516,126.66666412353516,22078.0
2019-07-26,131.6666717529297,131.6666717529297,131.6666717529297,131.6666717529297,17964.0
2019-07-29,136.6666717529297,136.6666717529297,136.6666717529297,136.6666717529297,2917.0
2019-07-30,143.3333282470703,143.3333282470703,143.3333282470703,143.3333282470703,6089.0
2019-07-31,150.0,150.0,150.0,150.0,8772.0
2019-08-01,156.6666717529297,156.6666717529297,156.6666717529297,156.6666717529297,67367.0
2019-08-02,163.3333282470703,163.3333282470703,163.3333282470703,163.3333282470703,21040.0
2019-08-05,170.0,170.0,170.0,170.0,12003.0
2019-08-06,178.3333282470703,178.3333282470703,178.3333282470703,178.3333282470703,8788.0
2019-08-07,186.6666717529297,186.6666717529297,186.6666717529297,186.6666717529297,4802.0
2019-08-08,195.0,195.0,195.0,195.0,4787.0
2019-08-09,203.3333282470703,203.3333282470703,203.3333282470703,203.3333282470703,6061.0
2019-08-13,213.3333282470703,213.3333282470703,193.3333282470703,193.3333282470703,286272.0
2019-08-14,186.6666717529297,200.0,185.0,185.0,133465.0
2019-08-16,176.6666717529297,176.6666717529297,176.6666717529297,176.6666717529297,9206.0
2019-08-19,168.3333282470703,168.3333282470703,168.3333282470703,168.3333282470703,8007.0
2019-08-20,160.0,176.6666717529297,160.0,165.0,318626.0
2019-08-21,161.6666717529297,165.0,158.3333282470703,158.3333282470703,48437.0
2019-08-22,155.0,156.6666717529297,151.6666717529297,151.6666717529297,17626.0
2019-08-23,148.3333282470703,158.3333282470703,145.0,156.6666717529297,51593.0
2019-08-26,163.3333282470703,163.3333282470703,156.6666717529297,163.3333282470703,34643.0
2019-08-27,168.3333282470703,170.0,165.0,170.0,56979.0
2019-08-28,173.3333282470703,175.0,161.6666717529297,161.6666717529297,70209.0
2019-08-29,161.6666717529297,165.0,160.0,163.3333282470703,22604.0
2019-08-30,165.0,166.6666717529297,156.6666717529297,156.6666717529297,34640.0
2019-09-03,156.6666717529297,156.6666717529297,150.0,150.0,19789.0
2019-09-04,143.3333282470703,155.0,143.3333282470703,150.0,44403.0
2019-09-05,150.0,155.0,143.3333282470703,151.6666717529297,27971.0
2019-09-06,150.0,155.0,148.3333282470703,153.3333282470703,23305.0
2019-09-09,160.0,160.0,160.0,160.0,5784.0
2019-09-11,166.6666717529297,166.6666717529297,166.6666717529297,166.6666717529297,4465.0
2019-09-12,175.0,175.0,175.0,175.0,4742.0
2019-09-13,183.3333282470703,183.3333282470703,166.6666717529297,178.3333282470703,608491.0
2019-09-16,180.0,186.6666717529297,170.0,185.0,224097.0
2019-09-17,188.3333282470703,193.3333282470703,176.6666717529297,176.6666717529297,144678.0
2019-09-18,168.3333282470703,173.3333282470703,168.3333282470703,168.3333282470703,103437.0
2019-09-19,160.0,160.0,160.0,160.0,14787.0
2019-09-20,153.3333282470703,166.6666717529297,153.3333282470703,153.3333282470703,202156.0
2019-09-23,146.6666717529297,151.6666717529297,146.6666717529297,146.6666717529297,43737.0
2019-09-24,141.6666717529297,151.6666717529297,140.0,140.0,156882.0
2019-09-25,138.3333282470703,138.3333282470703,133.3333282470703,133.3333282470703,133156.0
2019-09-26,128.3333282470703,128.3333282470703,126.66666412353516,126.66666412353516,83357.0
2019-09-27,121.66666412353516,123.33333587646484,121.66666412353516,121.66666412353516,33696.0
2019-09-30,116.66666412353516,126.66666412353516,116.66666412353516,116.66666412353516,247471.0
2019-10-01,116.66666412353516,121.66666412353516,111.66666412353516,115.0,119810.0
2019-10-03,116.66666412353516,118.33333587646484,113.33333587646484,115.0,68934.0
2019-10-04,118.33333587646484,120.0,113.33333587646484,118.33333587646484,61670.0
2019-10-07,121.66666412353516,123.33333587646484,115.0,123.33333587646484,49286.0
2019-10-09,128.3333282470703,128.3333282470703,126.66666412353516,128.3333282470703,13855.0
2019-10-10,133.3333282470703,133.3333282470703,133.3333282470703,133.3333282470703,5901.0
2019-10-11,140.0,140.0,126.66666412353516,128.3333282470703,127394.0
2019-10-14,131.6666717529297,131.6666717529297,123.33333587646484,123.33333587646484,70251.0
2019-10-15,121.66666412353516,123.33333587646484,120.0,120.0,40343.0
2019-10-16,120.0,125.0,118.33333587646484,125.0,47813.0
2019-10-17,126.66666412353516,130.0,125.0,126.66666412353516,40362.0
2019-10-18,126.66666412353516,126.66666412353516,121.66666412353516,123.33333587646484,54228.0
2019-10-22,121.66666412353516,125.0,120.0,121.66666412353516,37993.0
2019-10-23,121.66666412353516,123.33333587646484,118.33333587646484,120.0,32515.0
2019-10-24,118.33333587646484,121.66666412353516,118.33333587646484,118.33333587646484,35870.0
2019-10-25,120.0,120.0,115.0,118.33333587646484,53847.0
2019-10-27,118.33333587646484,123.33333587646484,116.66666412353516,121.66666412353516,8493.0
2019-10-29,123.33333587646484,126.66666412353516,121.66666412353516,126.66666412353516,61546.0
2019-10-30,128.3333282470703,130.0,123.33333587646484,125.0,47650.0
2019-10-31,123.33333587646484,125.0,120.0,120.0,55295.0
2019-11-01,120.0,120.0,116.66666412353516,120.0,27662.0
2019-11-04,120.0,120.0,115.0,115.0,91724.0
2019-11-05,115.0,120.0,111.66666412353516,120.0,35718.0
2019-11-06,125.0,125.0,121.66666412353516,125.0,15405.0
2019-11-07,130.0,130.0,120.0,120.0,146860.0
2019-11-08,116.66666412353516,120.0,115.0,118.33333587646484,119287.0
2019-11-11,123.33333587646484,123.33333587646484,115.0,116.66666412353516,68621.0
2019-11-13,116.66666412353516,118.33333587646484,111.66666412353516,111.66666412353516,172825.0
2019-11-14,111.66666412353516,111.66666412353516,111.66666412353516,111.66666412353516,0.0
2019-11-15,111.66666412353516,111.66666412353516,111.66666412353516,111.66666412353516,0.0
2019-11-18,111.66666412353516,111.66666412353516,111.66666412353516,111.66666412353516,0.0
2019-11-19,111.66666412353516,111.66666412353516,111.66666412353516,111.66666412353516,0.0
2019-11-20,111.66666412353516,111.66666412353516,111.66666412353516,111.66666412353516,0.0
2019-11-21,111.66666412353516,111.66666412353516,111.66666412353516,111.66666412353516,0.0
2019-11-22,111.66666412353516,111.66666412353516,111.66666412353516,111.66666412353516,0.0
2019-11-25,111.66666412353516,111.66666412353516,111.66666412353516,111.66666412353516,0.0
2019-11-26,111.66666412353516,111.66666412353516,111.66666412353516,111.66666412353516,0.0
2019-11-27,111.66666412353516,111.66666412353516,111.66666412353516,111.66666412353516,0.0
2019-11-28,111.66666412353516,111.66666412353516,111.66666412353516,111.66666412353516,0.0
2019-11-29,111.66666412353516,111.66666412353516,111.66666412353516,111.66666412353516,0.0
2019-12-02,111.66666412353516,111.66666412353516,111.66666412353516,111.66666412353516,0.0
2019-12-03,111.66666412353516,111.66666412353516,111.66666412353516,111.66666412353516,0.0
2019-12-04,111.66666412353516,111.66666412353516,111.66666412353516,111.66666412353516,0.0
2019-12-05,111.66666412353516,111.66666412353516,111.66666412353516,111.66666412353516,0.0
2019-12-06,111.66666412353516,111.66666412353516,111.66666412353516,111.66666412353516,0.0
2019-12-09,111.66666412353516,111.66666412353516,111.66666412353516,111.66666412353516,0.0
2019-12-10,111.66666412353516,111.66666412353516,111.66666412353516,111.66666412353516,0.0
2019-12-11,111.66666412353516,111.66666412353516,111.66666412353516,111.66666412353516,0.0
2019-12-12,111.66666412353516,111.66666412353516,111.66666412353516,111.66666412353516,0.0
2019-12-13,111.66666412353516,111.66666412353516,111.66666412353516,111.66666412353516,0.0
2019-12-16,111.66666412353516,111.66666412353516,111.66666412353516,111.66666412353516,0.0
2019-12-17,111.66666412353516,111.66666412353516,111.66666412353516,111.66666412353516,0.0
2019-12-18,111.66666412353516,111.66666412353516,111.66666412353516,111.66666412353516,0.0
2019-12-19,111.66666412353516,111.66666412353516,111.66666412353516,111.66666412353516,0.0
2019-12-20,111.66666412353516,111.66666412353516,111.66666412353516,111.66666412353516,0.0
2019-12-23,111.66666412353516,111.66666412353516,111.66666412353516,111.66666412353516,0.0
2019-12-24,111.66666412353516,111.66666412353516,111.66666412353516,111.66666412353516,0.0
2019-12-26,111.66666412353516,111.66666412353516,111.66666412353516,111.66666412353516,0.0
2019-12-27,111.66666412353516,111.66666412353516,111.66666412353516,111.66666412353516,0.0
2019-12-30,111.66666412353516,111.66666412353516,111.66666412353516,111.66666412353516,0.0
2019-12-31,111.66666412353516,111.66666412353516,111.66666412353516,111.66666412353516,0.0
2020-01-01,111.66666412353516,111.66666412353516,111.66666412353516,111.66666412353516,0.0
2020-01-02,111.66666412353516,111.66666412353516,111.66666412353516,111.66666412353516,0.0
2020-01-03,111.66666412353516,111.66666412353516,111.66666412353516,111.66666412353516,0.0
2020-01-06,111.66666412353516,111.66666412353516,111.66666412353516,111.66666412353516,0.0
2020-01-07,111.66666412353516,111.66666412353516,111.66666412353516,111.66666412353516,0.0
2020-01-08,111.66666412353516,111.66666412353516,111.66666412353516,111.66666412353516,0.0
2020-01-09,111.66666412353516,111.66666412353516,111.66666412353516,111.66666412353516,0.0
2020-01-10,111.66666412353516,111.66666412353516,111.66666412353516,111.66666412353516,0.0
2020-01-13,111.66666412353516,111.66666412353516,111.66666412353516,111.66666412353516,0.0
2020-01-14,111.66666412353516,111.66666412353516,111.66666412353516,111.66666412353516,0.0
2020-01-15,111.66666412353516,111.66666412353516,111.66666412353516,111.66666412353516,0.0
2020-01-16,111.66666412353516,111.66666412353516,111.66666412353516,111.66666412353516,0.0
2020-01-17,111.66666412353516,111.66666412353516,111.66666412353516,111.66666412353516,0.0
2020-01-20,111.66666412353516,111.66666412353516,111.66666412353516,111.66666412353516,0.0
2020-01-21,111.66666412353516,111.66666412353516,111.66666412353516,111.66666412353516,0.0
2020-01-22,111.66666412353516,111.66666412353516,111.66666412353516,111.66666412353516,0.0
2020-01-23,111.66666412353516,111.66666412353516,111.66666412353516,111.66666412353516,0.0
2020-01-24,111.66666412353516,111.66666412353516,111.66666412353516,111.66666412353516,0.0
2020-01-27,5.400000095367432,5.666666030883789,5.400000095367432,5.666666030883789,19689.0
2020-01-28,5.949999809265137,5.949999809265137,5.949999809265137,5.949999809265137,5463.0
2020-01-29,6.233333110809326,6.233333110809326,6.233333110809326,6.233333110809326,7179.0
2020-01-30,6.533332824707031,6.533332824707031,6.533332824707031,6.533332824707031,7092.0
2020-01-31,6.849999904632568,6.849999904632568,6.849999904632568,6.849999904632568,1581.0
2020-02-03,7.533332824707031,7.533332824707031,7.533332824707031,7.533332824707031,1539.0
2020-02-04,7.900000095367432,7.900000095367432,7.900000095367432,7.900000095367432,2124.0
2020-02-05,8.283332824707031,8.283332824707031,8.283332824707031,8.283332824707031,795.0
2020-02-06,8.683333396911621,8.683333396911621,8.683333396911621,8.683333396911621,1572.0
2020-02-07,9.550000190734863,9.550000190734863,9.550000190734863,9.550000190734863,2079.0
2020-02-10,10.5,10.5,10.5,10.5,1890.0
2020-02-11,11.550000190734863,11.550000190734863,11.550000190734863,11.550000190734863,3969.0
2020-02-12,12.116665840148926,12.116665840148926,12.116665840148926,12.116665840148926,1089.0
2020-02-13,12.716666221618652,12.716666221618652,12.716666221618652,12.716666221618652,2379.0
2020-02-14,13.350000381469727,13.350000381469727,13.350000381469727,13.350000381469727,5724.0
2020-02-17,14.016666412353516,14.016666412353516,14.016666412353516,14.016666412353516,639.0
2020-02-18,14.716666221618652,14.716666221618652,14.716666221618652,14.716666221618652,2838.0
2020-02-19,15.449999809265137,15.449999809265137,15.449999809265137,15.449999809265137,1182.0
2020-02-20,16.216665267944336,16.216665267944336,16.216665267944336,16.216665267944336,4956.0
2020-02-24,17.016666412353516,17.016666412353516,17.016666412353516,17.016666412353516,1569.0
2020-02-25,17.866666793823242,17.866666793823242,17.866666793823242,17.866666793823242,735.0
2020-02-26,18.75,18.75,18.75,18.75,1161.0
2020-02-27,19.683332443237305,19.683332443237305,19.683332443237305,19.683332443237305,738.0
2020-02-28,20.66666603088379,20.66666603088379,20.66666603088379,20.66666603088379,2247.0
2020-03-02,21.700000762939453,21.700000762939453,21.700000762939453,21.700000762939453,3672.0
2020-03-03,22.78333282470703,22.78333282470703,22.78333282470703,22.78333282470703,1290.0
2020-03-04,23.91666603088379,23.91666603088379,23.91666603088379,23.91666603088379,2088.0
2020-03-05,25.100000381469727,25.100000381469727,25.100000381469727,25.100000381469727,4032.0
2020-03-06,26.350000381469727,26.350000381469727,26.350000381469727,26.350000381469727,2169.0
2020-03-09,27.66666603088379,27.66666603088379,27.66666603088379,27.66666603088379,2736.0
2020-03-11,29.049999237060547,29.049999237060547,29.049999237060547,29.049999237060547,1692.0
2020-03-12,30.5,30.5,30.5,30.5,18924.0
2020-03-13,32.016666412353516,32.016666412353516,32.016666412353516,32.016666412353516,5844.0
2020-03-16,33.61666488647461,33.61666488647461,33.61666488647461,33.61666488647461,2751.0
2020-03-17,35.28333282470703,35.28333282470703,35.28333282470703,35.28333282470703,1614.0
2020-03-18,37.03333282470703,37.03333282470703,37.03333282470703,37.03333282470703,5937.0
2020-03-19,38.883331298828125,38.883331298828125,38.883331298828125,38.883331298828125,4065.0
2020-03-20,40.81666564941406,40.81666564941406,40.81666564941406,40.81666564941406,18579.0
2020-03-23,42.849998474121094,42.849998474121094,42.849998474121094,42.849998474121094,27288.0
2020-03-24,44.983333587646484,44.983333587646484,44.983333587646484,44.983333587646484,7278.0
2020-03-25,47.21666717529297,47.21666717529297,47.21666717529297,47.21666717529297,3027.0
2020-03-26,49.56666564941406,49.56666564941406,49.56666564941406,49.56666564941406,816.0
2020-03-27,52.03333282470703,52.03333282470703,52.03333282470703,52.03333282470703,2031.0
2020-03-30,54.633331298828125,54.633331298828125,54.633331298828125,54.633331298828125,963.0
2020-03-31,57.349998474121094,57.349998474121094,57.349998474121094,57.349998474121094,1464.0
2020-04-01,60.21666717529297,60.21666717529297,60.21666717529297,60.21666717529297,1038.0
2020-04-03,63.21666717529297,63.21666717529297,63.21666717529297,63.21666717529297,2790.0
2020-04-07,66.36666870117188,66.36666870117188,66.36666870117188,66.36666870117188,663.0
2020-04-08,69.68333435058594,69.68333435058594,69.68333435058594,69.68333435058594,1536.0
2020-04-09,73.16666412353516,73.16666412353516,73.16666412353516,73.16666412353516,981.0
2020-04-13,76.81666564941406,76.81666564941406,76.81666564941406,76.81666564941406,1482.0
2020-04-15,80.6500015258789,80.6500015258789,80.6500015258789,80.6500015258789,1077.0
2020-04-16,84.66666412353516,84.66666412353516,84.66666412353516,84.66666412353516,3252.0
2020-04-17,88.9000015258789,88.9000015258789,88.9000015258789,88.9000015258789,1848.0
2020-04-20,93.33333587646484,93.33333587646484,93.33333587646484,93.33333587646484,1107.0
2020-04-21,98.0,98.0,98.0,98.0,2124.0
2020-04-22,102.9000015258789,102.9000015258789,102.9000015258789,102.9000015258789,2790.0
2020-04-23,108.03333282470703,108.03333282470703,108.03333282470703,108.03333282470703,2361.0
2020-04-24,113.43333435058594,113.43333435058594,113.43333435058594,113.43333435058594,3771.0
2020-04-27,119.0999984741211,119.0999984741211,119.0999984741211,119.0999984741211,6351.0
2020-04-28,125.05000305175781,125.05000305175781,125.05000305175781,125.05000305175781,11070.0
2020-04-29,131.3000030517578,131.3000030517578,131.3000030517578,131.3000030517578,8676.0
2020-04-30,137.85000610351562,137.85000610351562,137.85000610351562,137.85000610351562,18927.0
2020-05-04,144.73333740234375,144.73333740234375,144.73333740234375,144.73333740234375,10422.0
2020-05-05,151.96665954589844,151.96665954589844,151.96665954589844,151.96665954589844,15618.0
2020-05-06,159.5500030517578,159.5500030517578,159.5500030517578,159.5500030517578,23031.0
2020-05-07,167.51666259765625,167.51666259765625,167.51666259765625,167.51666259765625,6963.0
2020-05-08,175.88333129882812,175.88333129882812,175.88333129882812,175.88333129882812,6147.0
2020-05-11,184.6666717529297,184.6666717529297,184.6666717529297,184.6666717529297,35343.0
2020-05-12,193.89999389648438,193.89999389648438,193.89999389648438,193.89999389648438,28821.0
2020-05-13,203.5833282470703,203.5833282470703,203.5833282470703,203.5833282470703,32310.0
2020-05-14,213.75,213.75,213.75,213.75,32751.0
2020-05-15,224.43333435058594,224.43333435058594,224.43333435058594,224.43333435058594,33342.0
2020-05-18,235.64999389648438,235.64999389648438,235.64999389648438,235.64999389648438,25080.0
2020-05-19,247.4166717529297,247.4166717529297,223.88333129882812,223.88333129882812,403980.0
2020-05-20,212.6999969482422,212.6999969482422,212.6999969482422,212.6999969482422,28608.0
2020-05-21,202.06666564941406,202.06666564941406,202.06666564941406,202.06666564941406,21663.0
2020-05-22,191.96665954589844,191.96665954589844,191.96665954589844,191.96665954589844,14112.0
2020-05-26,182.38333129882812,182.38333129882812,182.38333129882812,182.38333129882812,9207.0
2020-05-27,173.26666259765625,173.26666259765625,173.26666259765625,173.26666259765625,8067.0
2020-05-28,164.61666870117188,181.9166717529297,164.61666870117188,181.9166717529297,404436.0
2020-05-29,190.0,191.0,173.3333282470703,191.0,215892.0
2020-06-01,200.3333282470703,200.5500030517578,191.0,200.5500030517578,156789.0
2020-06-02,210.5500030517578,210.56666564941406,210.0,210.56666564941406,59868.0
2020-06-03,221.0833282470703,221.0833282470703,221.0833282470703,221.0833282470703,50481.0
2020-06-04,232.13333129882812,232.13333129882812,210.03334045410156,232.13333129882812,527400.0
2020-06-05,238.3333282470703,243.73333740234375,232.3333282470703,243.73333740234375,236049.0
2020-06-08,255.89999389648438,255.9166717529297,253.28334045410156,255.9166717529297,111948.0
2020-06-09,268.70001220703125,268.70001220703125,266.6666564941406,268.70001220703125,253311.0
2020-06-10,282.1333312988281,282.1333312988281,282.1333312988281,282.1333312988281,106911.0
2020-06-11,296.23333740234375,296.23333740234375,296.23333740234375,296.23333740234375,73746.0
2020-06-12,299.3333435058594,311.0333251953125,281.4333190917969,311.0333251953125,438762.0
2020-06-15,326.5833435058594,326.5833435058594,326.5833435058594,326.5833435058594,145722.0
2020-06-16,342.8999938964844,342.8999938964844,342.8999938964844,342.8999938964844,133023.0
2020-06-17,360.0333251953125,360.0333251953125,360.0333251953125,360.0333251953125,86283.0
2020-06-18,378.0333251953125,378.0333251953125,378.0333251953125,378.0333251953125,65904.0
2020-06-19,396.9333190917969,396.9333190917969,359.1333312988281,396.9333190917969,1400793.0
2020-06-22,416.76666259765625,416.76666259765625,416.76666259765625,416.76666259765625,98118.0
2020-06-23,437.6000061035156,437.6000061035156,437.6000061035156,437.6000061035156,35979.0
2020-06-24,459.4666748046875,459.4666748046875,459.4666748046875,459.4666748046875,44388.0
2020-06-25,482.4333190917969,482.4333190917969,460.0,482.4333190917969,439098.0
2020-06-26,506.54998779296875,506.54998779296875,506.3333435058594,506.54998779296875,296454.0
2020-06-29,506.3333435058594,506.3333435058594,481.23333740234375,481.23333740234375,342948.0
2020-06-30,457.1833190917969,457.1833190917969,457.1833190917969,457.1833190917969,39372.0
2020-07-01,434.3333435058594,434.3333435058594,434.3333435058594,434.3333435058594,29508.0
2020-07-02,412.6166687011719,412.6166687011719,412.6166687011719,412.6166687011719,24522.0
2020-07-03,392.0,392.0,392.0,392.0,29610.0
2020-07-06,372.3999938964844,372.3999938964844,372.3999938964844,372.3999938964844,24063.0
2020-07-07,353.7833251953125,353.7833251953125,353.7833251953125,353.7833251953125,18825.0
2020-07-08,336.1000061035156,336.1000061035156,336.1000061035156,336.1000061035156,18042.0
2020-07-09,319.29998779296875,319.29998779296875,319.29998779296875,319.29998779296875,14853.0
2020-07-10,303.3500061035156,335.25,303.3500061035156,335.25,2121609.0
2020-07-13,352.0,352.0,352.0,352.0,68763.0
2020-07-14,358.3333435058594,358.3333435058594,334.3999938964844,334.3999938964844,453918.0
2020-07-15,317.6833190917969,350.0,317.6833190917969,317.6833190917969,1617324.0
2020-07-16,303.3333435058594,311.6499938964844,301.79998779296875,301.79998779296875,179892.0
2020-07-17,286.7166748046875,299.3666687011719,286.7166748046875,287.8500061035156,873288.0
2020-07-20,275.0,299.3333435058594,273.4666748046875,273.6000061035156,979737.0
2020-07-21,271.0,280.0,259.9333190917969,259.9333190917969,634803.0
2020-07-22,251.6666717529297,255.0,246.9499969482422,246.9499969482422,142743.0
2020-07-23,234.61666870117188,234.61666870117188,234.61666870117188,234.61666870117188,21723.0
2020-07-24,222.89999389648438,246.3333282470703,222.89999389648438,246.3333282470703,365094.0
2020-07-27,246.3333282470703,258.3333435058594,234.01666259765625,256.75,355896.0
2020-07-28,257.0,258.0,246.3333282470703,250.28334045410156,83175.0
2020-07-29,241.3333282470703,247.6666717529297,237.78334045410156,237.81666564941406,158061.0
2020-07-30,232.53334045410156,233.3333282470703,225.93333435058594,225.93333435058594,115386.0
2020-07-31,214.64999389648438,223.6666717529297,214.64999389648438,214.64999389648438,119673.0
2020-08-03,205.0,213.3333282470703,203.93333435058594,203.93333435058594,58365.0
2020-08-04,193.75,214.11666870117188,193.75,214.11666870117188,113013.0
2020-08-05,224.81666564941406,224.81666564941406,224.81666564941406,224.81666564941406,19116.0
2020-08-06,236.0500030517578,236.0500030517578,236.0500030517578,236.0500030517578,21570.0
2020-08-07,247.85000610351562,247.85000610351562,226.6666717529297,247.75,297942.0
2020-08-10,247.75,254.6666717529297,236.6666717529297,249.81666564941406,117867.0
2020-08-11,250.0,255.3333282470703,245.0,246.0833282470703,81645.0
2020-08-12,246.10000610351562,246.6666717529297,236.3333282470703,238.8333282470703,62331.0
2020-08-13,235.0,241.6666717529297,231.3333282470703,232.31666564941406,87669.0
2020-08-14,239.64999389648438,239.64999389648438,230.0,232.75,75336.0
2020-08-17,232.75,235.0,225.0,229.23333740234375,49932.0
2020-08-18,229.23333740234375,235.3333282470703,225.0,230.4499969482422,59646.0
2020-08-19,232.6666717529297,241.96665954589844,228.3333282470703,239.73333740234375,87210.0
2020-08-20,239.73333740234375,239.73333740234375,227.75,231.71665954589844,115104.0
2020-08-21,231.71665954589844,235.0,220.13333129882812,225.6999969482422,94800.0
2020-08-24,225.6666717529297,227.0,214.4166717529297,216.93333435058594,170796.0
2020-08-25,213.3333282470703,214.6666717529297,207.6666717529297,210.11666870117188,88536.0
2020-08-26,206.6666717529297,220.61666870117188,206.6666717529297,220.61666870117188,81561.0
2020-08-27,228.0,228.0,221.6666717529297,224.25,84642.0
2020-08-28,223.0500030517578,224.25,216.63333129882812,219.38333129882812,56277.0
2020-08-31,225.3333282470703,225.3333282470703,209.0,209.73333740234375,101757.0
2020-09-01,210.06666564941406,218.3333282470703,200.0,202.6666717529297,69267.0
2020-09-02,202.8333282470703,211.6666717529297,202.6666717529297,206.0500030517578,45636.0
2020-09-03,206.3333282470703,209.3333282470703,201.0,203.51666259765625,56502.0
2020-09-04,203.3333282470703,203.51666259765625,193.6666717529297,201.10000610351562,46359.0
2020-09-07,201.10000610351562,210.0,196.0,199.21665954589844,40947.0
2020-09-08,197.03334045410156,202.6666717529297,191.9499969482422,192.8000030517578,58986.0
2020-09-09,191.0,191.0,183.1666717529297,183.1666717529297,56133.0
2020-09-10,175.3333282470703,191.6666717529297,175.3333282470703,182.51666259765625,59493.0
2020-09-11,186.1666717529297,186.1666717529297,175.0,179.28334045410156,53844.0
2020-09-14,179.28334045410156,182.6666717529297,174.01666259765625,181.14999389648438,48795.0
2020-09-15,182.0,182.0,178.0,178.6999969482422,39708.0
2020-09-16,178.6666717529297,181.63333129882812,175.6666717529297,176.78334045410156,36558.0
2020-09-17,176.6666717529297,178.0,173.3333282470703,174.0,41922.0
2020-09-18,173.6666717529297,176.61666870117188,171.6666717529297,173.88333129882812,42117.0
2020-09-21,173.3333282470703,173.86666870117188,165.1999969482422,165.1999969482422,82827.0
2020-09-22,158.39999389648438,165.0,156.9499969482422,156.9499969482422,37014.0
2020-09-23,151.6666717529297,156.3333282470703,149.11666870117188,149.11666870117188,54774.0
2020-09-24,141.6666717529297,143.0,141.6666717529297,141.6666717529297,29649.0
2020-09-25,136.0,148.75,134.5833282470703,148.75,109380.0
2020-09-28,154.26666259765625,156.18333435058594,152.6666717529297,156.18333435058594,13872.0
2020-09-29,163.98333740234375,163.98333740234375,163.98333740234375,163.98333740234375,14418.0
2020-09-30,172.1666717529297,172.1666717529297,165.0,172.1666717529297,122196.0
2020-10-01,179.3333282470703,180.76666259765625,173.3333282470703,180.76666259765625,91572.0
2020-10-05,188.13333129882812,189.8000030517578,185.0,189.8000030517578,36402.0
2020-10-06,199.28334045410156,199.28334045410156,199.28334045410156,199.28334045410156,20268.0
2020-10-07,209.23333740234375,209.23333740234375,209.23333740234375,209.23333740234375,72120.0
2020-10-08,219.68333435058594,219.68333435058594,198.78334045410156,198.78334045410156,250746.0
2020-10-09,188.85000610351562,188.85000610351562,188.85000610351562,188.85000610351562,18240.0
2020-10-12,179.4166717529297,198.0,179.4166717529297,192.86666870117188,123165.0
2020-10-13,192.0,192.0,183.3333282470703,185.61666870117188,51813.0
2020-10-14,183.3333282470703,188.6666717529297,177.3333282470703,179.1999969482422,32352.0
2020-10-15,184.89999389648438,184.89999389648438,170.3333282470703,173.76666259765625,44121.0
2020-10-16,170.1666717529297,179.3333282470703,168.6666717529297,176.4499969482422,19851.0
2020-10-19,179.6666717529297,179.6666717529297,172.1666717529297,176.48333740234375,25497.0
2020-10-20,176.48333740234375,176.48333740234375,173.0,173.46665954589844,26241.0
2020-10-21,176.3333282470703,176.8333282470703,170.3333282470703,171.68333435058594,20205.0
2020-10-22,172.0,174.0,168.6666717529297,171.23333740234375,23253.0
2020-10-23,171.0,179.78334045410156,170.3333282470703,179.78334045410156,48705.0
2020-10-26,182.3333282470703,185.6666717529297,173.75,175.26666259765625,27129.0
2020-10-27,177.3333282470703,179.96665954589844,172.0,174.64999389648438,26391.0
2020-10-28,173.3333282470703,177.0,170.85000610351562,174.13333129882812,22071.0
2020-10-29,171.6666717529297,173.3333282470703,167.0,171.51666259765625,23466.0
2020-10-30,170.0,173.3333282470703,169.68333435058594,170.5500030517578,17283.0
2020-11-02,167.3333282470703,176.0,167.3333282470703,168.6999969482422,26667.0
2020-11-03,173.0,175.0,167.1666717529297,171.73333740234375,23838.0
2020-11-04,175.93333435058594,175.93333435058594,170.3333282470703,172.43333435058594,12303.0
2020-11-05,170.1666717529297,174.0,169.3333282470703,173.11666870117188,25557.0
2020-11-06,180.0,180.0,170.0,173.6999969482422,20103.0
2020-11-09,178.3333282470703,178.61666870117188,170.86666870117188,177.14999389648438,36900.0
2020-11-10,177.3333282470703,180.6666717529297,173.3333282470703,174.1666717529297,46767.0
2020-11-11,182.86666870117188,182.86666870117188,180.86666870117188,182.86666870117188,92955.0
2020-11-12,186.3333282470703,186.3333282470703,175.03334045410156,178.5833282470703,36063.0
2020-11-13,178.6666717529297,178.6666717529297,172.6666717529297,177.53334045410156,28014.0
2020-11-14,178.0,181.6666717529297,175.0,178.36666870117188,11466.0
2020-11-17,187.1666717529297,187.28334045410156,184.01666259765625,187.28334045410156,88323.0
2020-11-18,196.63333129882812,196.63333129882812,196.63333129882812,196.63333129882812,37023.0
2020-11-19,206.4499969482422,206.4499969482422,206.4499969482422,206.4499969482422,54894.0
2020-11-20,216.76666259765625,216.76666259765625,216.76666259765625,216.76666259765625,66822.0
2020-11-23,227.60000610351562,227.60000610351562,209.0,227.60000610351562,365340.0
2020-11-24,238.6666717529297,238.96665954589844,232.1666717529297,238.96665954589844,113421.0
2020-11-25,250.89999389648438,250.89999389648438,246.75,250.89999389648438,109404.0
2020-11-26,263.4333190917969,263.4333190917969,238.36666870117188,247.06666564941406,410982.0
2020-11-27,245.6666717529297,245.6666717529297,236.0,237.11666870117188,132534.0
2020-12-01,243.0,248.3333282470703,241.86666870117188,246.9499969482422,113163.0
2020-12-02,246.9499969482422,247.6666717529297,240.0,243.4166717529297,81951.0
2020-12-03,244.0,244.0,232.0,238.3000030517578,71970.0
2020-12-04,231.6666717529297,236.6666717529297,230.6999969482422,231.93333435058594,76698.0
2020-12-07,230.03334045410156,231.93333435058594,225.26666259765625,227.0,74055.0
2020-12-08,231.6666717529297,232.56666564941406,226.6666717529297,228.5,45090.0
2020-12-09,229.0,231.6666717529297,226.6666717529297,228.0,38184.0
2020-12-10,228.3333282470703,229.0,221.6666717529297,224.10000610351562,33399.0
2020-12-11,224.10000610351562,224.10000610351562,220.39999389648438,222.3000030517578,38436.0
2020-12-14,222.25,233.39999389648438,220.6666717529297,233.35000610351562,62451.0
2020-12-15,240.0,241.0,235.6666717529297,239.03334045410156,89058.0
2020-12-16,239.03334045410156,241.8333282470703,235.0,235.14999389648438,69483.0
2020-12-17,233.4166717529297,240.0,231.6666717529297,233.5,43701.0
2020-12-18,237.0,238.18333435058594,230.03334045410156,234.3000030517578,35892.0
2020-12-21,228.4499969482422,236.6666717529297,222.6666717529297,224.63333129882812,80328.0
2020-12-22,222.3333282470703,223.46665954589844,213.4166717529297,221.60000610351562,62781.0
2020-12-23,229.89999389648438,231.1666717529297,212.0,229.21665954589844,29448.0
2020-12-24,236.6666717529297,236.6666717529297,225.0,227.39999389648438,24885.0
2020-12-28,225.0,230.6666717529297,223.35000610351562,227.68333435058594,33312.0
2020-12-29,230.0,230.0,223.85000610351562,225.63333129882812,23130.0
2020-12-30,229.96665954589844,233.3333282470703,223.3333282470703,225.28334045410156,32337.0
2020-12-31,225.28334045410156,227.6666717529297,223.6666717529297,224.75,21006.0
2021-01-01,224.8333282470703,226.75,223.3333282470703,224.28334045410156,31335.0
2021-01-04,226.86666870117188,226.86666870117188,222.0,222.8000030517578,34812.0
2021-01-05,223.6666717529297,228.3333282470703,221.6666717529297,226.14999389648438,35367.0
2021-01-06,229.3333282470703,230.0,223.0,224.96665954589844,35091.0
2021-01-07,224.96665954589844,227.6666717529297,222.6666717529297,224.10000610351562,36057.0
2021-01-08,226.6666717529297,226.6666717529297,219.26666259765625,222.73333740234375,39036.0
2021-01-11,226.6666717529297,226.6666717529297,220.6666717529297,222.5500030517578,45750.0
2021-01-12,212.76666259765625,222.5500030517578,212.76666259765625,220.0500030517578,41409.0
2021-01-13,218.3333282470703,221.75,213.81666564941406,216.78334045410156,36435.0
2021-01-14,214.6666717529297,220.0,214.6666717529297,217.0,33075.0
2021-01-15,211.6666717529297,218.31666564941406,211.6666717529297,214.26666259765625,47061.0
2021-01-18,212.39999389648438,216.0500030517578,208.0,208.8333282470703,41556.0
2021-01-19,209.10000610351562,216.6666717529297,209.10000610351562,210.98333740234375,20988.0
2021-01-20,212.96665954589844,212.96665954589844,207.6666717529297,208.86666870117188,31407.0
2021-01-21,210.0,211.0,206.6999969482422,207.76666259765625,35424.0
2021-01-22,207.76666259765625,209.64999389648438,203.73333740234375,205.89999389648438,47124.0
2021-01-25,206.0,207.9499969482422,199.6666717529297,200.6999969482422,44073.0
2021-01-27,200.6999969482422,200.6999969482422,194.6666717529297,195.26666259765625,35583.0
2021-01-28,195.26666259765625,199.3333282470703,191.6666717529297,197.38333129882812,27141.0
2021-01-29,203.01666259765625,203.3000030517578,199.11666870117188,201.39999389648438,27675.0
2021-02-01,202.31666564941406,205.0,198.35000610351562,202.60000610351562,35265.0
2021-02-02,205.3000030517578,212.71665954589844,204.89999389648438,212.71665954589844,55026.0
2021-02-03,223.35000610351562,223.35000610351562,223.35000610351562,223.35000610351562,50814.0
2021-02-04,234.51666259765625,234.51666259765625,234.51666259765625,234.51666259765625,62091.0
2021-02-05,246.23333740234375,246.23333740234375,223.75,231.86666870117188,419439.0
2021-02-08,231.86666870117188,238.6666717529297,227.18333435058594,230.25,97227.0
2021-02-09,230.25,240.31666564941406,227.3333282470703,236.43333435058594,176841.0
2021-02-10,235.6666717529297,238.6666717529297,233.6666717529297,236.93333435058594,101295.0
2021-02-11,243.3333282470703,243.3333282470703,234.4499969482422,235.56666564941406,97299.0
2021-02-12,236.0,238.3333282470703,230.68333435058594,233.8333282470703,64956.0
2021-02-15,231.6666717529297,235.0,228.3333282470703,228.9166717529297,49554.0
2021-02-16,228.6666717529297,230.98333740234375,222.93333435058594,223.76666259765625,44688.0
2021-02-17,224.0,226.93333435058594,220.0,221.28334045410156,52923.0
2021-02-18,221.3333282470703,222.3000030517578,218.3333282470703,219.23333740234375,54864.0
2021-02-19,220.0,230.18333435058594,218.01666259765625,230.18333435058594,57312.0
2021-02-22,241.68333435058594,241.68333435058594,241.68333435058594,241.68333435058594,69408.0
2021-02-23,253.76666259765625,253.76666259765625,253.76666259765625,253.76666259765625,32505.0
2021-02-24,260.0,264.3166809082031,243.3333282470703,248.48333740234375,620877.0
2021-02-25,253.3000030517578,256.26666259765625,250.0,251.0833282470703,150348.0
2021-02-26,250.6666717529297,250.6666717529297,239.3333282470703,244.81666564941406,132198.0
2021-03-01,246.6666717529297,249.64999389648438,243.6999969482422,244.53334045410156,77583.0
2021-03-02,246.3000030517578,246.3000030517578,240.0,241.46665954589844,68733.0
2021-03-03,241.46665954589844,253.53334045410156,241.01666259765625,248.48333740234375,189873.0
2021-03-04,249.6666717529297,249.6666717529297,245.0,245.61666870117188,62235.0
2021-03-05,246.03334045410156,246.61666870117188,238.3333282470703,239.93333435058594,64269.0
2021-03-08,244.96665954589844,246.43333435058594,241.3333282470703,242.81666564941406,47910.0
2021-03-09,243.93333435058594,246.14999389648438,240.0,242.26666259765625,40455.0
2021-03-10,240.75,243.13333129882812,239.01666259765625,239.86666870117188,42015.0
2021-03-12,241.0833282470703,242.78334045410156,236.6999969482422,238.46665954589844,67257.0
2021-03-15,238.3333282470703,240.6666717529297,233.51666259765625,234.98333740234375,62100.0
2021-03-16,238.3333282470703,238.3333282470703,233.3333282470703,234.21665954589844,42240.0
2021-03-17,230.6666717529297,237.6666717529297,229.3333282470703,230.03334045410156,46083.0
2021-03-18,233.13333129882812,233.60000610351562,221.3333282470703,224.93333435058594,61881.0
2021-03-19,221.3333282470703,223.3000030517578,215.25,221.53334045410156,58605.0
2021-03-22,216.6666717529297,228.3333282470703,216.6666717529297,225.13333129882812,65427.0
2021-03-23,229.3333282470703,229.3333282470703,223.3333282470703,225.21665954589844,41001.0
2021-03-24,233.31666564941406,233.31666564941406,220.6666717529297,222.23333740234375,47469.0
2021-03-25,223.3000030517578,226.0,214.6999969482422,217.23333740234375,60210.0
2021-03-26,220.0,221.64999389648438,213.3333282470703,215.0,55221.0
2021-03-30,218.3333282470703,218.3333282470703,213.51666259765625,214.13333129882812,50676.0
2021-03-31,210.0,217.6666717529297,209.71665954589844,214.0,49722.0
2021-04-01,218.3333282470703,224.6999969482422,214.68333435058594,224.6999969482422,51852.0
2021-04-05,228.0,235.93333435058594,225.71665954589844,235.93333435058594,212484.0
2021-04-06,244.6666717529297,246.0,233.3333282470703,236.81666564941406,188268.0
2021-04-07,238.3333282470703,239.3333282470703,228.35000610351562,233.0,78567.0
2021-04-08,235.0,240.0,231.6666717529297,234.0500030517578,66219.0
2021-04-09,235.6666717529297,236.0,230.9499969482422,232.75,42912.0
2021-04-12,231.6666717529297,231.6666717529297,218.0,218.81666564941406,82539.0
2021-04-13,225.0,225.0,213.3333282470703,220.25,55758.0
2021-04-15,218.3333282470703,223.6666717529297,217.0,219.78334045410156,45105.0
2021-04-16,220.03334045410156,222.6666717529297,218.36666870117188,219.9499969482422,57438.0
2021-04-19,214.0,218.64999389648438,212.11666870117188,214.43333435058594,53838.0
2021-04-20,218.6666717529297,221.14999389648438,211.3333282470703,211.6999969482422,58281.0
2021-04-22,216.0,216.0,211.43333435058594,214.23333740234375,60816.0
2021-04-23,216.3000030517578,235.64999389648438,213.81666564941406,235.64999389648438,294825.0
2021-04-26,241.36666870117188,241.36666870117188,226.6666717529297,231.31666564941406,242835.0
2021-04-27,231.3333282470703,236.60000610351562,231.31666564941406,231.86666870117188,117066.0
2021-04-28,235.0,235.0,231.86666870117188,233.78334045410156,56019.0
2021-04-29,233.3000030517578,235.1999969482422,231.6666717529297,232.75,61098.0
2021-04-30,232.76666259765625,234.96665954589844,226.6666717529297,227.68333435058594,68511.0
2021-05-03,227.6666717529297,231.3333282470703,224.6999969482422,229.31666564941406,55635.0
2021-05-04,231.3333282470703,231.3333282470703,224.6666717529297,227.10000610351562,40743.0
2021-05-05,225.1666717529297,229.6666717529297,225.1666717529297,227.43333435058594,33528.0
2021-05-06,227.6666717529297,228.6666717529297,224.6666717529297,225.43333435058594,60111.0
2021-05-07,225.0,227.0,223.73333740234375,225.13333129882812,54540.0
2021-05-10,228.3333282470703,247.63333129882812,225.71665954589844,245.25,615102.0
2021-05-11,240.8333282470703,260.0,236.6666717529297,253.8000030517578,726660.0
2021-05-12,259.98333740234375,261.6666564941406,246.6666717529297,248.6999969482422,316647.0
2021-05-14,258.70001220703125,259.0,245.0,247.5,167829.0
2021-05-17,240.06666564941406,261.6666564941406,240.06666564941406,259.4666748046875,271275.0
2021-05-18,261.3333435058594,273.3333435058594,256.7166748046875,270.2833251953125,611028.0
2021-05-19,272.70001220703125,283.3333435058594,270.0,281.5833435058594,407151.0
2021-05-20,289.6666564941406,309.73333740234375,285.01666259765625,309.73333740234375,685917.0
2021-05-21,329.3333435058594,340.70001220703125,321.3166809082031,340.70001220703125,899388.0
2021-05-24,357.73333740234375,357.73333740234375,357.73333740234375,357.73333740234375,85128.0
2021-05-25,375.6166687011719,375.6166687011719,375.6166687011719,375.6166687011719,44787.0
2021-05-26,394.3833312988281,394.3833312988281,356.8500061035156,358.0,2206347.0
2021-05-27,358.0,358.0,340.1000061035156,340.1000061035156,307374.0
2021-05-28,326.6666564941406,357.1000061035156,325.0,357.1000061035156,430197.0
2021-05-31,365.9666748046875,374.95001220703125,360.04998779296875,362.45001220703125,648381.0
2021-06-01,361.6666564941406,363.0,346.3333435058594,350.7166748046875,239838.0
2021-06-02,351.3500061035156,366.6666564941406,351.3500061035156,361.3833312988281,189048.0
2021-06-03,379.45001220703125,379.45001220703125,370.6000061035156,379.45001220703125,298971.0
2021-06-04,398.4166564941406,398.4166564941406,385.6666564941406,398.4166564941406,1132494.0
2021-06-07,407.3333435058594,418.3333435058594,404.6499938964844,418.3333435058594,768708.0
2021-06-08,438.6666564941406,439.25,420.3333435058594,439.25,1404042.0
2021-06-09,447.3333435058594,458.8999938964844,417.29998779296875,417.3666687011719,1493049.0
2021-06-10,417.3333435058594,430.98333740234375,396.6666564941406,413.0,601848.0
2021-06-11,413.3500061035156,423.3333435058594,413.3333435058594,414.3166809082031,206643.0
2021-06-14,434.6666564941406,435.0,415.0,421.6833190917969,515787.0
2021-06-15,431.0,431.0,414.6666564941406,416.54998779296875,252813.0
2021-06-16,421.0,421.0,395.73333740234375,400.8833312988281,289839.0
2021-06-17,386.6833190917969,411.8833312988281,386.6833190917969,403.1666564941406,273750.0
2021-06-18,398.3333435058594,408.3333435058594,398.3333435058594,401.6666564941406,209484.0
2021-06-21,396.6666564941406,406.3333435058594,388.8999938964844,394.6833190917969,131685.0
2021-06-22,397.3333435058594,403.79998779296875,391.6666564941406,393.1833190917969,69153.0
2021-06-23,387.0,397.3333435058594,383.6666564941406,386.3666687011719,95004.0
2021-06-24,390.0,391.70001220703125,368.3666687011719,374.3999938964844,156720.0
2021-06-25,374.0,374.0,356.70001220703125,360.75,179469.0
2021-06-28,370.0,378.7833251953125,370.0,378.7833251953125,60285.0
2021-06-29,397.1333312988281,397.7166748046875,393.6833190917969,397.7166748046875,98715.0
2021-06-30,407.6666564941406,414.9333190917969,380.7166748046875,386.8833312988281,529479.0
2021-07-01,388.3333435058594,388.3333435058594,369.6666564941406,371.1333312988281,205548.0
2021-07-02,375.8999938964844,375.8999938964844,363.3333435058594,367.7166748046875,182580.0
2021-07-05,370.70001220703125,373.6666564941406,367.1666564941406,370.45001220703125,79350.0
2021-07-06,371.3333435058594,371.3333435058594,362.1000061035156,363.20001220703125,102834.0
2021-07-07,364.1666564941406,370.0,356.3333435058594,358.3666687011719,88494.0
2021-07-08,349.75,357.76666259765625,349.75,351.4166564941406,126024.0
2021-07-09,349.0666809082031,368.98333740234375,347.3333435058594,368.98333740234375,76389.0
2021-07-12,373.29998779296875,374.79998779296875,360.0,361.54998779296875,144945.0
2021-07-13,368.3333435058594,379.6166687011719,363.3333435058594,379.6166687011719,559740.0
2021-07-14,383.3333435058594,384.8999938964844,373.3333435058594,375.7166748046875,210045.0
2021-07-15,375.75,378.1333312988281,369.6833190917969,370.3666687011719,80826.0
2021-07-16,372.3333435058594,377.04998779296875,370.0,374.51666259765625,72594.0
2021-07-19,373.0,379.3333435058594,367.0,372.3333435058594,113637.0
2021-07-20,372.0,379.3333435058594,363.3333435058594,370.76666259765625,97632.0
2021-07-22,373.3333435058594,378.3333435058594,363.3333435058594,366.0333251953125,111831.0
2021-07-23,366.6666564941406,371.6499938964844,362.0666809082031,363.76666259765625,70881.0
2021-07-26,363.3333435058594,365.3166809082031,360.0,360.8166809082031,78327.0
2021-07-27,358.3333435058594,373.3333435058594,358.3333435058594,367.25,120708.0
2021-07-28,371.5666809082031,372.6166687011719,361.6333312988281,362.79998779296875,100710.0
2021-07-29,366.0,366.3333435058594,357.3166809082031,359.8166809082031,56022.0
2021-07-30,363.6666564941406,373.3333435058594,358.3500061035156,367.95001220703125,124287.0
2021-08-02,373.0,375.6666564941406,366.6666564941406,367.6166687011719,60249.0
2021-08-03,371.79998779296875,371.79998779296875,363.3500061035156,364.8333435058594,71859.0
2021-08-04,365.0,383.0,363.3333435058594,370.6166687011719,440418.0
2021-08-05,373.3333435058594,373.3333435058594,365.0,365.45001220703125,40581.0
2021-08-06,368.0,370.3333435058594,365.0,366.51666259765625,69078.0
2021-08-09,370.6666564941406,370.6666564941406,358.6666564941406,361.20001220703125,57291.0
2021-08-10,358.3333435058594,365.51666259765625,350.0,352.1833190917969,76668.0
2021-08-11,363.3333435058594,363.3333435058594,337.1833190917969,351.3166809082031,73353.0
2021-08-12,352.6666564941406,375.6666564941406,351.6499938964844,367.3166809082031,127542.0
2021-08-13,370.0,383.3333435058594,370.0,375.51666259765625,301674.0
2021-08-16,379.3999938964844,393.3333435058594,364.3833312988281,375.8666687011719,733023.0
2021-08-17,374.3500061035156,374.3500061035156,366.4666748046875,367.3500061035156,90345.0
2021-08-18,371.3333435058594,382.0,369.3333435058594,371.23333740234375,468180.0
2021-08-20,370.0,378.6666564941406,367.0,369.6833190917969,120528.0
2021-08-23,374.6666564941406,375.6166687011719,332.7166748046875,355.4666748046875,130404.0
2021-08-24,355.5,367.6333312988281,355.3333435058594,365.9333190917969,181536.0
2021-08-25,369.6666564941406,370.3333435058594,362.6666564941406,366.0666809082031,70956.0
2021-08-26,368.3333435058594,368.3333435058594,358.3333435058594,363.8999938964844,58317.0
2021-08-27,364.0,366.98333740234375,361.0,362.29998779296875,45894.0
2021-08-30,366.01666259765625,367.26666259765625,348.3333435058594,351.8833312988281,185235.0
2021-08-31,354.6499938964844,355.0,351.8833312988281,352.3666687011719,68787.0
2021-09-01,352.3666687011719,355.3333435058594,350.0,352.0666809082031,61176.0
2021-09-02,353.3333435058594,355.0,351.04998779296875,352.6166687011719,45834.0
2021-09-03,353.3333435058594,355.5666809082031,351.0,351.76666259765625,50025.0
2021-09-06,354.3333435058594,354.3333435058594,348.76666259765625,350.3833312988281,72207.0
2021-09-07,351.6666564941406,351.8666687011719,347.3333435058594,349.04998779296875,32454.0
2021-09-08,345.8833312988281,352.3833312988281,345.8833312988281,347.9666748046875,41619.0
2021-09-09,347.0,349.51666259765625,347.0,348.1166687011719,38415.0
2021-09-13,359.1333312988281,363.3333435058594,351.01666259765625,355.70001220703125,144150.0
2021-09-14,356.6666564941406,360.0,353.3500061035156,354.5666809082031,48129.0
2021-09-15,355.3333435058594,358.3333435058594,352.6666564941406,355.20001220703125,75279.0
2021-09-16,360.0,360.0,352.0,352.6833190917969,56496.0
2021-09-17,350.0333251953125,356.29998779296875,348.3333435058594,350.3833312988281,50784.0
2021-09-20,360.0,361.3333435058594,347.3333435058594,349.23333740234375,143682.0
2021-09-21,349.23333740234375,351.6499938964844,345.5333251953125,346.70001220703125,48249.0
2021-09-22,343.3333435058594,349.6666564941406,343.3333435058594,346.9333190917969,34377.0
2021-09-23,346.9333190917969,349.75,346.5666809082031,346.9333190917969,38928.0
2021-09-24,355.4666748046875,355.4666748046875,346.6666564941406,346.8833312988281,40248.0
2021-09-27,353.3333435058594,353.3333435058594,347.3333435058594,352.29998779296875,67137.0
2021-09-28,355.0,359.3333435058594,352.6833190917969,354.01666259765625,95547.0
2021-09-29,357.5333251953125,357.5333251953125,350.29998779296875,351.7166748046875,42363.0
2021-09-30,352.6666564941406,359.0,350.3999938964844,352.51666259765625,45063.0
2021-10-01,356.8999938964844,356.8999938964844,350.29998779296875,350.8833312988281,58548.0
2021-10-04,354.8666687011719,356.6000061035156,341.7166748046875,349.6833190917969,137775.0
2021-10-05,350.8333435058594,355.0,347.3333435058594,350.6333312988281,75117.0
2021-10-06,352.7833251953125,352.7833251953125,350.01666259765625,350.2833251953125,47259.0
2021-10-07,353.45001220703125,355.0,350.3333435058594,350.8333435058594,47250.0
2021-10-08,352.6666564941406,353.3333435058594,348.0,349.6499938964844,62646.0
2021-10-11,349.6666564941406,350.3333435058594,346.6666564941406,347.0666809082031,86295.0
2021-10-12,348.0,349.0,346.3333435058594,346.5666809082031,40701.0
2021-10-13,348.0,357.6000061035156,343.6000061035156,351.1499938964844,272073.0
2021-10-14,351.6000061035156,356.3333435058594,346.48333740234375,347.2833251953125,71808.0
2021-10-18,348.3333435058594,348.3333435058594,341.6666564941406,342.23333740234375,135381.0
2021-10-19,341.3333435058594,344.20001220703125,336.6666564941406,337.9166564941406,68841.0
2021-10-20,339.0,339.0,331.0333251953125,332.75,70425.0
2021-10-21,332.6666564941406,332.6666564941406,328.1666564941406,329.04998779296875,46239.0
2021-10-22,330.0,341.6666564941406,326.3666687011719,333.5,64149.0
2021-10-25,334.6666564941406,337.0,325.3333435058594,327.73333740234375,38349.0
2021-10-26,329.3333435058594,330.98333740234375,325.0333251953125,326.5833435058594,30786.0
2021-10-27,328.3333435058594,328.3333435058594,321.6666564941406,322.5833435058594,48372.0
2021-10-28,322.5833435058594,322.5833435058594,314.6333312988281,315.1833190917969,44931.0
2021-10-29,317.3333435058594,317.5833435058594,309.0,309.3500061035156,45939.0
2021-11-01,311.29998779296875,314.0,309.0,311.6833190917969,41175.0
2021-11-02,311.5,313.3166809082031,309.0,311.01666259765625,29259.0
2021-11-03,311.3333435058594,312.3333435058594,310.3333435058594,311.48333740234375,28557.0
2021-11-04,316.5666809082031,320.0,249.1999969482422,315.76666259765625,31902.0
2021-11-08,320.0,322.5666809082031,316.0,320.6499938964844,39738.0
2021-11-09,322.3166809082031,323.01666259765625,318.4166564941406,321.8833312988281,28227.0
2021-11-10,322.0,351.6666564941406,320.0333251953125,343.6499938964844,269739.0
2021-11-11,346.1499938964844,346.1499938964844,338.26666259765625,342.0833435058594,78384.0
2021-11-12,345.29998779296875,345.29998779296875,331.2166748046875,335.6499938964844,75954.0
2021-11-15,337.3166809082031,338.6333312988281,325.0,326.3333435058594,72804.0
2021-11-16,332.8666687011719,391.6000061035156,330.6666564941406,339.3333435058594,402321.0
2021-11-17,337.0,338.3333435058594,331.6666564941406,333.75,67041.0
2021-11-18,332.6666564941406,336.6499938964844,325.0,326.8166809082031,69954.0
2021-11-22,326.6666564941406,330.0,306.54998779296875,314.1000061035156,74439.0
2021-11-23,310.6666564941406,319.98333740234375,310.6666564941406,316.29998779296875,36510.0
2021-11-24,326.0,326.0,314.6833190917969,317.04998779296875,32055.0
2021-11-25,313.0,319.0,313.0,315.6000061035156,22251.0
2021-11-26,315.6000061035156,315.6666564941406,307.6666564941406,310.3333435058594,44319.0
2021-11-29,310.3333435058594,310.3500061035156,300.0,303.6499938964844,37446.0
2021-11-30,306.6666564941406,308.6666564941406,303.3333435058594,305.9333190917969,35544.0
2021-12-01,304.0,308.3333435058594,304.0,306.0333251953125,25308.0
2021-12-02,308.98333740234375,319.26666259765625,305.3333435058594,308.4666748046875,20883.0
2021-12-03,309.6000061035156,311.98333740234375,305.0,306.0333251953125,28695.0
2021-12-06,306.6666564941406,323.3333435058594,300.0,302.8999938964844,34323.0
2021-12-07,303.3999938964844,308.9666748046875,302.0,302.7833251953125,26064.0
2021-12-08,306.0,311.6833190917969,303.7166748046875,304.6333312988281,30030.0
2021-12-09,308.98333740234375,308.98333740234375,304.9666748046875,305.79998779296875,30582.0
2021-12-10,305.6666564941406,310.0,305.4333190917969,308.3166809082031,34311.0
2021-12-13,313.6666564941406,313.6666564941406,303.75,304.8666687011719,46356.0
2021-12-14,304.0,306.45001220703125,300.0,301.5333251953125,35307.0
2021-12-15,304.6666564941406,304.6666564941406,300.3333435058594,301.2166748046875,25680.0
2021-12-16,302.0,304.45001220703125,296.0333251953125,297.4666748046875,42993.0
2021-12-17,303.3333435058594,303.3333435058594,293.4166564941406,294.8666687011719,32985.0
2021-12-20,294.8666687011719,294.8833312988281,270.0333251953125,278.3166809082031,67662.0
2021-12-21,278.5,287.20001220703125,276.6666564941406,279.0333251953125,48096.0
2021-12-22,283.3166809082031,283.3166809082031,278.6666564941406,279.4666748046875,41790.0
2021-12-23,281.2166748046875,291.3333435058594,280.2166748046875,282.3833312988281,41727.0
2021-12-24,283.1333312988281,291.3333435058594,276.6666564941406,286.3666687011719,65307.0
2021-12-27,287.0,289.6666564941406,284.2833251953125,286.1833190917969,46137.0
2021-12-28,289.0,289.5666809082031,285.3333435058594,285.76666259765625,27954.0
2021-12-29,285.7833251953125,289.0,283.3500061035156,284.0833435058594,24789.0
2021-12-30,285.6666564941406,286.6499938964844,281.8833312988281,282.3666687011719,27198.0
2021-12-31,285.8833312988281,285.8833312988281,283.3833312988281,284.20001220703125,33282.0
2022-01-03,284.3666687011719,285.7166748046875,281.8999938964844,284.3833312988281,50964.0
2022-01-04,287.3333435058594,287.3333435058594,285.0,285.6000061035156,36042.0
2022-01-05,285.6000061035156,286.6666564941406,283.0,284.0333251953125,38316.0
2022-01-06,284.0333251953125,285.6000061035156,282.0333251953125,283.1499938964844,29622.0
2022-01-07,283.6833190917969,286.8333435058594,283.3333435058594,284.04998779296875,54009.0
2022-01-10,286.48333740234375,286.48333740234375,282.7166748046875,284.51666259765625,61935.0
2022-01-11,285.6666564941406,286.0,284.0666809082031,284.5833435058594,47190.0
2022-01-12,286.0,314.9333190917969,284.3999938964844,302.6666564941406,388182.0
2022-01-13,305.0,315.0,300.29998779296875,303.0833435058594,124662.0
2022-01-14,300.6666564941406,305.0,299.6666564941406,300.23333740234375,52566.0
2022-01-17,303.0,304.3166809082031,297.6666564941406,298.8999938964844,38805.0
2022-01-18,302.6499938964844,303.23333740234375,295.0333251953125,296.45001220703125,41946.0
2022-01-19,295.1833190917969,298.3166809082031,293.3333435058594,294.29998779296875,41010.0
2022-01-20,296.0,296.0,291.3166809082031,291.98333740234375,38472.0
2022-01-21,291.98333740234375,292.3166809082031,288.0,289.8666687011719,33636.0
2022-01-24,289.8666687011719,291.8333435058594,280.73333740234375,282.25,40569.0
2022-01-25,283.3333435058594,291.3999938964844,275.0,281.75,37071.0
2022-01-27,282.3333435058594,282.6833190917969,277.0833435058594,278.9166564941406,39171.0
2022-01-28,280.0,281.9166564941406,279.04998779296875,280.23333740234375,45411.0
2022-01-31,283.0,289.98333740234375,279.9666748046875,280.54998779296875,39150.0
2022-02-01,283.3333435058594,284.6000061035156,278.3333435058594,281.01666259765625,48192.0
2022-02-02,282.6666564941406,282.6666564941406,279.95001220703125,280.23333740234375,46665.0
2022-02-03,280.54998779296875,281.20001220703125,279.3833312988281,279.8999938964844,35439.0
2022-02-04,280.0,280.6499938964844,278.3333435058594,279.95001220703125,29052.0
2022-02-07,281.1666564941406,281.3166809082031,266.6666564941406,274.0833435058594,43704.0
2022-02-08,273.5,280.0,266.04998779296875,269.79998779296875,62727.0
2022-02-09,270.01666259765625,275.01666259765625,269.04998779296875,271.0833435058594,29199.0
2022-02-10,271.6333312988281,273.5833435058594,267.0,270.0666809082031,40752.0
2022-02-11,276.6666564941406,281.0833435058594,270.6000061035156,274.3833312988281,61224.0
2022-02-14,279.6666564941406,302.8333435058594,273.51666259765625,277.6000061035156,732606.0
2022-02-15,278.7166748046875,289.6000061035156,278.7166748046875,281.6499938964844,96933.0
2022-02-16,283.29998779296875,299.3333435058594,280.3333435058594,294.29998779296875,165795.0
2022-02-17,299.6666564941406,299.6666564941406,284.0,286.20001220703125,58377.0
2022-02-18,289.3500061035156,291.4666748046875,286.3500061035156,286.8666687011719,30678.0
2022-02-21,287.0,287.01666259765625,273.70001220703125,276.1333312988281,48648.0
2022-02-22,268.3999938964844,273.0,244.1999969482422,270.25,67245.0
2022-02-23,270.25,279.76666259765625,269.0,274.6000061035156,36153.0
2022-02-24,269.0,269.0,237.0,253.0,119817.0
2022-02-25,253.1666717529297,303.6000061035156,233.35000610351562,262.6499938964844,117711.0
2022-02-28,262.6666564941406,283.48333740234375,260.0,277.6499938964844,117522.0
2022-03-02,275.0,279.6499938964844,268.4666748046875,273.1833190917969,63882.0
2022-03-03,286.6666564941406,286.6666564941406,276.6666564941406,277.4666748046875,54741.0
2022-03-04,279.3166809082031,279.3166809082031,270.25,273.6166687011719,37602.0
2022-03-07,272.1000061035156,272.1000061035156,262.54998779296875,266.23333740234375,50007.0
2022-03-08,265.8500061035156,269.0,262.6666564941406,266.1333312988281,36111.0
2022-03-09,269.3333435058594,272.0,264.01666259765625,267.8500061035156,40116.0
2022-03-10,270.5,279.0333251953125,266.0333251953125,267.5833435058594,78888.0
2022-03-11,272.3333435058594,272.4166564941406,262.1833190917969,267.7166748046875,66333.0
2022-03-14,295.8999938964844,321.25,285.0,321.25,1019184.0
2022-03-15,353.6666564941406,381.5666809082031,348.0666809082031,363.5833435058594,2884911.0
2022-03-16,372.3333435058594,375.0,351.76666259765625,357.1166687011719,846309.0
2022-03-17,356.6666564941406,366.6666564941406,303.75,334.7833251953125,557895.0
2022-03-21,281.6666564941406,314.5666809082031,268.3333435058594,303.3833312988281,1653096.0
2022-03-22,303.3333435058594,314.5666809082031,300.0,304.5333251953125,809502.0
2022-03-23,305.0,311.6666564941406,296.0,299.20001220703125,472278.0
2022-03-24,299.1666564941406,299.1666564941406,283.3333435058594,290.9333190917969,477591.0
2022-03-25,295.0,296.76666259765625,286.8999938964844,289.20001220703125,455544.0
2022-03-28,289.20001220703125,290.0,260.3666687011719,271.4333190917969,1233054.0
2022-03-29,267.0,325.7166748046875,263.70001220703125,314.3500061035156,10500315.0
2022-03-30,323.3333435058594,336.3999938964844,320.01666259765625,326.3666687011719,6469563.0
2022-03-31,329.3166809082031,330.8166809082031,315.0,319.2833251953125,2702904.0
2022-04-01,318.0,318.1499938964844,297.3333435058594,312.3333435058594,4668102.0
2022-04-04,307.3833312988281,315.0,302.3666687011719,312.8666687011719,3736224.0
2022-04-05,310.0,310.79998779296875,288.95001220703125,291.79998779296875,7438848.0
2022-04-06,238.1666717529297,271.6666564941406,238.1666717529297,251.75,39543321.0
2022-04-07,256.6666564941406,279.9666748046875,256.6666564941406,272.5666809082031,36245634.0
2022-04-08,285.0,312.8999938964844,275.25,307.8166809082031,121115769.0
2022-04-11,323.0,333.1499938964844,301.20001220703125,306.3999938964844,65362149.0
2022-04-12,306.29998779296875,313.6666564941406,293.3333435058594,307.75,23384280.0
2022-04-13,311.6333312988281,321.0,307.0333251953125,317.5333251953125,19408881.0
2022-04-18,313.3333435058594,323.29998779296875,308.5333251953125,319.6333312988281,19325118.0
2022-04-19,326.25,328.6666564941406,306.70001220703125,311.98333740234375,16409214.0
2022-04-20,316.6666564941406,317.76666259765625,309.3999938964844,313.3333435058594,8824098.0
2022-04-21,317.25,322.5666809082031,314.3333435058594,317.6000061035156,8920698.0
2022-04-22,313.26666259765625,325.45001220703125,312.6666564941406,319.3166809082031,10767573.0
2022-04-25,323.51666259765625,327.3333435058594,312.70001220703125,316.5666809082031,21065124.0
2022-04-26,319.6833190917969,349.8999938964844,318.6666564941406,345.26666259765625,43272018.0
2022-04-27,346.70001220703125,379.5,346.6666564941406,367.8166809082031,43413138.0
2022-04-28,373.3333435058594,394.9666748046875,347.3333435058594,359.4666748046875,44972676.0
2022-04-29,373.3333435058594,379.4666748046875,360.4333190917969,366.1333312988281,20697570.0
2022-05-02,363.3333435058594,376.6666564941406,360.6666564941406,367.6833190917969,12088956.0
2022-05-04,371.6833190917969,374.9666748046875,331.70001220703125,334.8333435058594,16073496.0
2022-05-05,316.6666564941406,368.3166809082031,313.25,365.20001220703125,37834260.0
2022-05-06,360.04998779296875,374.3999938964844,346.6666564941406,364.8500061035156,31107630.0
2022-05-09,361.6333312988281,369.6666564941406,350.3333435058594,357.8833312988281,13550688.0
2022-05-10,359.6333312988281,371.6666564941406,340.5833435058594,348.3166809082031,15457005.0
2022-05-11,349.5,353.3999938964844,313.5,314.98333740234375,22147170.0
2022-05-12,307.3333435058594,319.0,293.3333435058594,312.3999938964844,14549661.0
2022-05-13,326.8500061035156,340.51666259765625,320.3666687011719,326.2833251953125,18306201.0
2022-05-16,329.1833190917969,349.1166687011719,321.23333740234375,346.4166564941406,12988221.0
2022-05-17,348.3333435058594,363.3333435058594,344.0,361.26666259765625,13348479.0
2022-05-18,362.7166748046875,397.3833312988281,362.6666564941406,395.95001220703125,50561232.0
2022-05-19,391.8333435058594,409.3166809082031,384.0666809082031,389.54998779296875,39542601.0
2022-05-20,397.3333435058594,409.01666259765625,396.6833190917969,405.8999938964844,23037816.0
2022-05-23,402.29998779296875,405.0,385.6166687011719,385.6166687011719,8902191.0
2022-05-24,378.3333435058594,382.6666564941406,366.3500061035156,366.3500061035156,6128286.0
2022-05-25,362.3333435058594,363.3333435058594,348.0333251953125,348.1166687011719,3099984.0
2022-05-26,349.8333435058594,365.51666259765625,330.7166748046875,364.6166687011719,4119891.0
2022-05-27,365.51666259765625,379.6666564941406,365.51666259765625,374.75,2398773.0
2022-05-30,378.3333435058594,380.8666687011719,366.6666564941406,371.6000061035156,1596000.0
2022-05-31,366.6666564941406,372.3333435058594,362.6666564941406,364.9333190917969,1553205.0
2022-06-01,363.3333435058594,368.5666809082031,347.0833435058594,355.4333190917969,1189404.0
2022-06-02,354.6333312988281,373.0,353.3333435058594,370.3666687011719,1326501.0
2022-06-03,370.0,371.3333435058594,358.6666564941406,362.2833251953125,1786245.0
2022-06-06,362.20001220703125,362.2833251953125,344.1833190917969,359.6166687011719,1175829.0
2022-06-07,355.6499938964844,361.6666564941406,350.6666564941406,360.54998779296875,820176.0
2022-06-08,360.0,367.6666564941406,356.3333435058594,359.5666809082031,954162.0
2022-06-09,356.1166687011719,366.2833251953125,356.1166687011719,363.0666809082031,496350.0
2022-06-10,359.0666809082031,365.0,356.6666564941406,363.1166687011719,565509.0
2022-06-13,353.0,354.6666564941406,344.9666748046875,346.1666564941406,1690356.0
2022-06-14,342.8333435058594,358.0,338.8666687011719,346.8166809082031,846006.0
2022-06-15,348.3333435058594,356.95001220703125,344.4666748046875,350.5666809082031,733764.0
2022-06-16,354.0,357.6666564941406,333.04998779296875,333.3999938964844,1888464.0
2022-06-17,328.3333435058594,332.6666564941406,320.0333251953125,328.3166809082031,1020702.0
2022-06-20,326.6833190917969,329.25,311.9166564941406,319.6166687011719,1710684.0
2022-06-21,321.6666564941406,335.5833435058594,320.01666259765625,335.4166564941406,1194963.0
2022-06-22,331.6666564941406,336.6666564941406,323.3333435058594,332.20001220703125,1061370.0
2022-06-23,330.6666564941406,344.0,324.4166564941406,339.1166687011719,1525779.0
2022-06-24,341.3333435058594,355.0,341.3333435058594,353.5333251953125,2198895.0
2022-06-27,356.0,366.6666564941406,346.6666564941406,365.3333435058594,2950872.0
2022-06-28,359.0,366.5666809082031,357.3999938964844,364.76666259765625,620694.0
2022-06-29,358.3333435058594,369.98333740234375,353.3333435058594,357.6000061035156,664446.0
2022-06-30,359.0,361.6666564941406,350.0,353.8999938964844,303528.0
2022-07-01,349.5,356.5666809082031,343.51666259765625,353.73333740234375,613092.0
2022-07-04,352.0,359.5666809082031,347.20001220703125,353.3500061035156,630825.0
2022-07-05,350.8166809082031,358.3333435058594,350.75,352.26666259765625,544722.0
2022-07-06,350.6666564941406,353.5666809082031,335.1833190917969,347.25,450165.0
2022-07-07,347.3333435058594,351.6666564941406,333.6666564941406,341.9166564941406,942843.0
2022-07-08,343.23333740234375,351.75,340.0,349.1166687011719,405942.0
2022-07-11,349.0,353.29998779296875,345.1000061035156,348.75,368901.0
2022-07-12,348.23333740234375,354.9666748046875,343.0,351.5666809082031,604362.0
2022-07-13,354.3333435058594,355.3333435058594,343.3500061035156,346.4333190917969,308016.0
2022-07-14,345.0,349.23333740234375,343.3333435058594,347.7166748046875,400356.0
2022-07-15,347.4666748046875,351.3333435058594,345.0,346.70001220703125,386721.0
2022-07-18,347.0,356.6666564941406,347.0,353.9333190917969,769458.0
2022-07-19,351.3333435058594,358.3333435058594,348.7833251953125,354.04998779296875,696498.0
2022-07-20,356.6666564941406,358.3333435058594,347.0,349.01666259765625,1087107.0
2022-07-21,347.3333435058594,356.4666748046875,347.0833435058594,350.4666748046875,902208.0
2022-07-22,350.4666748046875,355.6666564941406,348.3333435058594,350.1666564941406,966975.0
2022-07-25,347.3333435058594,354.9666748046875,340.3333435058594,351.26666259765625,867762.0
2022-07-26,349.6666564941406,358.29998779296875,345.0,352.5833435058594,1285284.0
2022-07-27,350.0,370.20001220703125,348.6833190917969,365.51666259765625,3136260.0
2022-07-28,363.3333435058594,369.0,359.3333435058594,363.1333312988281,1849017.0
2022-07-29,364.0,381.2833251953125,361.6666564941406,377.8833312988281,2384007.0
2022-08-01,380.0,395.6666564941406,375.3333435058594,391.04998779296875,1755981.0
2022-08-02,389.9666748046875,391.6333312988281,378.01666259765625,386.0333251953125,1279161.0
2022-08-03,385.0333251953125,388.3333435058594,374.0,376.48333740234375,760842.0
2022-08-04,377.6666564941406,382.3333435058594,363.6666564941406,373.8500061035156,594597.0
2022-08-05,373.3333435058594,376.6333312988281,367.0,371.25,433320.0
2022-08-08,374.6666564941406,381.6666564941406,370.01666259765625,379.45001220703125,574473.0
2022-08-10,377.4333190917969,382.3333435058594,371.0,372.4333190917969,426627.0
2022-08-11,389.6666564941406,389.6666564941406,371.70001220703125,374.1166687011719,1396728.0
2022-08-12,376.6666564941406,376.6666564941406,366.70001220703125,368.25,753033.0
2022-08-16,372.6000061035156,378.3166809082031,366.0333251953125,374.6333312988281,665535.0
2022-08-17,376.0,383.3333435058594,373.3333435058594,374.45001220703125,831696.0
2022-08-18,375.6666564941406,380.0,371.8500061035156,376.51666259765625,694101.0
2022-08-19,376.6666564941406,380.0,371.25,373.5666809082031,770013.0
2022-08-22,373.0,376.6666564941406,359.3333435058594,364.04998779296875,1460238.0
2022-08-23,357.0,380.0,355.0,375.9166564941406,1289082.0
2022-08-24,375.3333435058594,386.6666564941406,371.70001220703125,380.9333190917969,1647612.0
2022-08-25,383.3333435058594,388.0333251953125,376.6666564941406,377.5666809082031,613059.0
2022-08-26,378.9666748046875,382.3333435058594,373.76666259765625,377.8166809082031,549336.0
2022-08-29,366.6666564941406,394.0,365.6666564941406,390.98333740234375,2279853.0
2022-08-30,400.48333740234375,408.6666564941406,399.3333435058594,407.0333251953125,2891541.0
2022-09-01,408.0,409.0,400.51666259765625,401.9166564941406,1205136.0
2022-09-02,406.3333435058594,422.0,403.3333435058594,418.7166748046875,3846036.0
2022-09-05,420.29998779296875,439.6499938964844,419.3333435058594,439.26666259765625,3227079.0
2022-09-06,443.0,444.2833251953125,421.6666564941406,428.79998779296875,1421205.0
2022-09-07,425.3333435058594,440.0,421.6666564941406,437.2833251953125,1563561.0
2022-09-08,441.6666564941406,459.1333312988281,435.0,458.3666687011719,2401524.0
2022-09-09,461.3333435058594,466.0,450.0,459.8333435058594,1941753.0
2022-09-12,461.6333312988281,466.6666564941406,436.8500061035156,462.8833312988281,1020876.0
2022-09-13,463.3333435058594,466.6666564941406,450.6666564941406,454.1166687011719,1206174.0
2022-09-14,446.6666564941406,460.0,446.5,450.79998779296875,930234.0
2022-09-15,456.6666564941406,457.3333435058594,445.3333435058594,447.04998779296875,640458.0
2022-09-16,449.8166809082031,458.2833251953125,433.0,442.54998779296875,1616844.0
2022-09-19,446.5666809082031,454.3999938964844,433.3333435058594,443.6333312988281,576522.0
2022-09-20,453.0,465.79998779296875,446.01666259765625,465.79998779296875,1054968.0
2022-09-21,486.6333312988281,489.0833435058594,475.0,488.8333435058594,3217449.0
2022-09-22,480.0,498.3333435058594,475.3333435058594,492.8500061035156,1666203.0
2022-09-23,496.23333740234375,497.6666564941406,476.5,480.4166564941406,1165407.0
2022-09-26,478.3333435058594,478.3333435058594,456.3999938964844,456.4166564941406,1659069.0
2022-09-27,456.4166564941406,464.6666564941406,438.8666687011719,448.8166809082031,918825.0
2022-09-28,448.0,457.3333435058594,438.8833312988281,443.3333435058594,639225.0
2022-09-29,450.01666259765625,465.5,445.0,456.3333435058594,941901.0
2022-09-30,456.0,462.73333740234375,446.0,458.6499938964844,605007.0
2022-10-03,455.0,458.3333435058594,438.3333435058594,440.8166809082031,744303.0
2022-10-04,447.3333435058594,453.9333190917969,443.3333435058594,452.1000061035156,439122.0
2022-10-06,456.1499938964844,474.0,452.3999938964844,466.0833435058594,1359102.0
2022-10-07,465.6666564941406,471.48333740234375,457.51666259765625,467.1166687011719,889308.0
2022-10-10,460.0,482.6666564941406,455.2166748046875,478.6499938964844,984624.0
2022-10-11,478.3333435058594,480.6666564941406,463.3333435058594,464.6666564941406,669423.0
2022-10-12,466.6666564941406,471.6333312988281,455.6666564941406,467.8999938964844,617166.0
2022-10-13,465.4333190917969,468.0,457.3333435058594,458.7833251953125,344541.0
2022-10-14,464.3333435058594,470.8333435058594,460.0,465.29998779296875,675693.0
2022-10-17,462.3333435058594,473.6666564941406,456.6666564941406,472.9666748046875,888690.0
2022-10-18,474.0333251953125,480.3333435058594,471.70001220703125,474.51666259765625,987414.0
2022-10-19,477.70001220703125,479.3333435058594,466.6666564941406,476.5333251953125,634311.0
2022-10-20,476.5333251953125,476.5333251953125,470.6666564941406,474.8500061035156,793764.0
2022-10-21,483.1333312988281,483.1333312988281,471.6666564941406,473.73333740234375,2246322.0
2022-10-24,480.29998779296875,482.8999938964844,475.0,476.7833251953125,363720.0
2022-10-25,480.0,483.3333435058594,472.8333435058594,481.9166564941406,725967.0
2022-10-27,481.9166564941406,487.3333435058594,473.73333740234375,480.8500061035156,1190037.0
2022-10-28,476.6666564941406,484.0,475.6666564941406,477.1499938964844,770988.0
2022-10-31,477.3333435058594,479.6666564941406,466.6666564941406,469.9333190917969,620121.0
2022-11-01,472.3333435058594,473.3333435058594,460.0,470.4166564941406,796218.0
2022-11-02,471.6499938964844,473.29998779296875,463.3333435058594,467.3500061035156,564480.0
2022-11-03,461.70001220703125,466.6666564941406,450.6666564941406,452.3166809082031,1048359.0
2022-11-04,455.0,460.0,446.8333435058594,454.8333435058594,1019754.0
2022-11-07,455.75,465.0,450.6666564941406,453.25,654858.0
2022-11-09,453.3333435058594,453.6666564941406,447.3333435058594,449.4333190917969,612522.0
2022-11-10,448.23333740234375,449.3333435058594,429.3333435058594,430.98333740234375,1035426.0
2022-11-11,434.9333190917969,439.6666564941406,420.3333435058594,421.8333435058594,864288.0
2022-11-14,413.0,433.3333435058594,410.0,421.3500061035156,1393395.0
2022-11-15,421.6666564941406,426.8166809082031,413.3333435058594,417.1000061035156,581679.0
2022-11-16,420.6666564941406,422.0,410.3833312988281,412.8833312988281,1203105.0
2022-11-17,412.6666564941406,417.0,404.6666564941406,408.70001220703125,894426.0
2022-11-18,410.0,415.0,405.0,409.26666259765625,647310.0
2022-11-21,409.9666748046875,411.6666564941406,401.29998779296875,402.51666259765625,446649.0
2022-11-22,402.3666687011719,421.4666748046875,400.0,413.1833190917969,677673.0
2022-11-23,416.3333435058594,419.6000061035156,410.3333435058594,415.23333740234375,582063.0
2022-11-24,418.3333435058594,419.9666748046875,411.6833190917969,417.3166809082031,886329.0
2022-11-25,414.1000061035156,425.3333435058594,414.0,422.2833251953125,585003.0
2022-11-28,425.6666564941406,430.0,422.3333435058594,425.98333740234375,451497.0
2022-11-29,424.2166748046875,429.23333740234375,413.3333435058594,415.4333190917969,335094.0
2022-11-30,415.6666564941406,425.0,410.3333435058594,420.3166809082031,836925.0
2022-12-01,423.26666259765625,425.0,416.0,417.3333435058594,629313.0
2022-12-02,416.6666564941406,433.6666564941406,405.1000061035156,424.25,2469945.0
2022-12-05,428.29998779296875,440.8333435058594,417.73333740234375,439.4333190917969,1395330.0
2022-12-06,438.3333435058594,441.48333740234375,431.6666564941406,434.5333251953125,332220.0
2022-12-07,435.0,436.3333435058594,426.3333435058594,428.3500061035156,403938.0
2022-12-08,425.01666259765625,430.0,422.9666748046875,423.6333312988281,445671.0
2022-12-09,425.6666564941406,427.8999938964844,418.0,421.98333740234375,593700.0
2022-12-12,417.3333435058594,425.3333435058594,415.6499938964844,419.23333740234375,492477.0
2022-12-13,419.0,425.0,416.6666564941406,421.8833312988281,873744.0
2022-12-14,418.0333251953125,423.23333740234375,416.0666809082031,419.1333312988281,768489.0
2022-12-15,420.0,421.6000061035156,408.5333251953125,412.0666809082031,687855.0
2022-12-16,411.6000061035156,418.6666564941406,405.0,414.0,836214.0
2022-12-19,411.0,414.6666564941406,409.3999938964844,410.2166748046875,389865.0
2022-12-20,409.6666564941406,414.7166748046875,406.3333435058594,413.0833435058594,370482.0
2022-12-21,414.9666748046875,415.0,392.70001220703125,396.9666748046875,708285.0
2022-12-22,398.26666259765625,398.26666259765625,378.3333435058594,386.3666687011719,639774.0
2022-12-23,380.3999938964844,384.6666564941406,367.04998779296875,367.04998779296875,860673.0
2022-12-26,365.0,385.3333435058594,350.73333740234375,381.73333740234375,436866.0
2022-12-27,386.6666564941406,387.6666564941406,378.3333435058594,383.75,508722.0
2022-12-28,384.8166809082031,389.9666748046875,370.73333740234375,386.98333740234375,277023.0
2022-12-29,386.5666809082031,393.3333435058594,380.1000061035156,389.0666809082031,580368.0
2022-12-30,392.6000061035156,401.6666564941406,391.0,397.79998779296875,458274.0
2023-01-02,390.3333435058594,406.0,390.3333435058594,397.79998779296875,446721.0
2023-01-03,396.6666564941406,409.3666687011719,396.6666564941406,407.0833435058594,504666.0
2023-01-04,409.3333435058594,409.3333435058594,395.0,397.9666748046875,385923.0
2023-01-05,401.5,402.98333740234375,386.3333435058594,395.79998779296875,332475.0
2023-01-06,398.0,399.6666564941406,388.0,391.3166809082031,260985.0
2023-01-09,397.6000061035156,400.0,391.6833190917969,397.6000061035156,368217.0
2023-01-10,397.29998779296875,398.3333435058594,388.20001220703125,397.0833435058594,323961.0
2023-01-11,395.1666564941406,397.9666748046875,389.3666687011719,393.26666259765625,285447.0
2023-01-12,396.6000061035156,397.6333312988281,386.0,391.7833251953125,202062.0
2023-01-13,391.6666564941406,393.1499938964844,386.6666564941406,390.48333740234375,190137.0
2023-01-16,391.6666564941406,392.48333740234375,380.73333740234375,388.6833190917969,351051.0
2023-01-17,386.8333435058594,391.3333435058594,379.3333435058594,382.3166809082031,220020.0
2023-01-18,383.3333435058594,401.4166564941406,375.0,397.6833190917969,1288464.0
2023-01-19,390.1666564941406,402.2833251953125,388.3333435058594,399.73333740234375,370434.0
2023-01-20,393.3999938964844,404.0,393.3999938964844,398.6833190917969,561498.0
2023-01-23,398.29998779296875,403.25,390.0,398.2833251953125,538581.0
2023-01-24,396.6666564941406,405.0,393.75,402.7166748046875,605766.0
2023-01-25,400.3333435058594,403.3333435058594,382.5833435058594,387.4333190917969,638418.0
2023-01-27,368.0666809082031,368.0666809082031,368.0666809082031,368.0666809082031,214854.0
2023-01-30,349.6666564941406,349.6666564941406,349.6666564941406,349.6666564941406,150237.0
2023-01-31,332.1833190917969,351.1000061035156,332.1833190917969,348.0333251953125,2975328.0
2023-02-01,340.0,345.0,330.6333312988281,330.6333312988281,1245567.0
2023-02-02,314.3333435058594,327.5,314.1000061035156,319.7833251953125,1433892.0
2023-02-03,319.6666564941406,319.6666564941406,303.79998779296875,303.79998779296875,615402.0
2023-02-06,289.3333435058594,315.0,288.6166687011719,312.73333740234375,1469094.0
2023-02-07,315.0,324.4166564941406,313.75,316.4166564941406,726423.0
2023-02-08,320.0,321.6666564941406,313.3666687011719,318.1666564941406,519513.0
2023-02-09,318.1666564941406,320.0,310.3333435058594,316.9333190917969,1164126.0
2023-02-10,316.6333312988281,321.3333435058594,312.6666564941406,317.76666259765625,478773.0
2023-02-13,317.76666259765625,319.3333435058594,309.3833312988281,313.0333251953125,785361.0
2023-02-14,312.70001220703125,312.7166748046875,297.3833312988281,304.70001220703125,1079265.0
2023-02-15,305.0,308.0,300.0333251953125,305.3166809082031,639567.0
2023-02-16,306.0,316.3333435058594,306.0,312.95001220703125,503178.0
2023-02-17,312.95001220703125,315.0,304.20001220703125,306.6000061035156,658284.0
2023-02-20,309.3333435058594,321.0,309.3333435058594,313.26666259765625,1959342.0
2023-02-21,317.0,319.8999938964844,311.6666564941406,315.4166564941406,873762.0
2023-02-22,316.6499938964844,319.79998779296875,310.6666564941406,313.5,1109898.0
2023-02-23,314.6666564941406,318.3333435058594,311.5,315.5333251953125,528204.0
2023-02-24,316.6333312988281,318.26666259765625,300.0333251953125,301.9666748046875,703983.0
2023-02-27,302.0,305.4166564941406,298.3333435058594,301.75,912330.0
2023-02-28,301.6666564941406,310.0,298.3333435058594,307.9333190917969,677802.0
2023-03-01,307.6666564941406,317.6499938964844,307.0666809082031,315.5,759090.0
2023-03-02,315.5,320.4666748046875,314.0,316.9333190917969,574512.0
2023-03-03,319.9333190917969,323.3333435058594,314.5,318.1166687011719,822774.0
2023-03-06,318.75,334.01666259765625,307.79998779296875,334.01666259765625,1423296.0
2023-03-08,338.23333740234375,343.3333435058594,328.5,340.98333740234375,1214439.0
2023-03-09,341.3333435058594,341.6666564941406,332.6666564941406,337.5666809082031,727839.0
2023-03-10,332.3333435058594,334.0,325.0,332.73333740234375,1005069.0
2023-03-13,330.3333435058594,331.75,318.3333435058594,322.7166748046875,1094925.0
2023-03-14,323.0,323.3333435058594,310.3833312988281,317.4666748046875,795969.0
2023-03-15,319.0,324.8166809082031,312.6666564941406,321.4666748046875,911766.0
2023-03-16,307.0,318.0,305.3999938964844,315.1666564941406,1961544.0
2023-03-17,311.6666564941406,314.6666564941406,299.4166564941406,299.4666748046875,9926496.0
2023-03-20,284.5,298.0,284.5,296.29998779296875,2285634.0
2023-03-21,291.8500061035156,301.6833190917969,291.0,298.79998779296875,1656144.0
2023-03-22,298.79998779296875,305.0,295.0,297.51666259765625,1276542.0
2023-03-23,298.0,298.0,288.0,294.1499938964844,1072173.0
2023-03-24,295.29998779296875,304.0,291.5,301.54998779296875,963576.0
2023-03-27,300.0,304.29998779296875,292.6666564941406,296.29998779296875,798504.0
2023-03-28,296.29998779296875,298.3666687011719,288.3333435058594,293.9166564941406,779319.0
2023-03-29,293.9166564941406,308.6000061035156,292.0333251953125,308.4666748046875,2527590.0
2023-03-31,308.54998779296875,323.8833312988281,308.4666748046875,323.0666809082031,1532085.0
2023-04-03,321.6666564941406,333.3333435058594,312.0,328.04998779296875,560073.0
2023-04-05,327.3333435058594,327.3333435058594,314.8333435058594,322.3666687011719,811929.0
2023-04-06,320.0,324.6666564941406,312.25,322.0666809082031,1323363.0
2023-04-10,321.5,322.0666809082031,315.3333435058594,318.9333190917969,171252.0
2023-04-11,316.6666564941406,321.9666748046875,314.8833312988281,320.54998779296875,445011.0
2023-04-12,323.0,325.0,316.3333435058594,322.45001220703125,759948.0
2023-04-13,323.26666259765625,324.6666564941406,317.3333435058594,323.3999938964844,333621.0
2023-04-17,321.7833251953125,325.6666564941406,316.6833190917969,322.3333435058594,215298.0
2023-04-18,322.1333312988281,322.1333312988281,310.3666687011719,318.5666809082031,307182.0
2023-04-19,318.54998779296875,321.3333435058594,315.0333251953125,318.3166809082031,831948.0
2023-04-20,316.6666564941406,318.5,311.6666564941406,313.3999938964844,290109.0
2023-04-21,317.3333435058594,318.9333190917969,309.3333435058594,316.8333435058594,1151196.0
2023-04-24,316.2833251953125,316.8333435058594,309.6666564941406,312.9666748046875,267780.0
2023-04-25,315.3333435058594,315.3333435058594,309.1000061035156,311.6499938964844,655245.0
2023-04-26,310.3333435058594,312.6666564941406,303.3333435058594,304.5333251953125,661257.0
2023-04-27,302.5,313.5833435058594,299.3333435058594,312.9666748046875,887490.0
2023-04-28,311.6666564941406,314.9666748046875,306.3833312988281,314.29998779296875,364950.0
2023-05-02,314.6666564941406,316.6666564941406,308.3500061035156,311.8666687011719,224937.0
2023-05-03,310.0,315.1666564941406,309.6666564941406,312.8999938964844,241476.0
2023-05-04,314.1666564941406,315.0,307.0,313.4333190917969,563124.0
2023-05-05,313.29998779296875,313.29998779296875,307.51666259765625,309.6333312988281,224544.0
2023-05-08,310.0,311.6666564941406,306.3333435058594,307.8166809082031,245226.0
2023-05-09,307.79998779296875,311.6666564941406,306.01666259765625,310.0666809082031,209874.0
2023-05-10,308.3333435058594,312.9333190917969,307.3333435058594,311.01666259765625,254361.0
2023-05-11,311.6333312988281,314.98333740234375,309.3333435058594,312.51666259765625,431136.0
2023-05-12,313.3333435058594,314.0,306.6666564941406,310.29998779296875,176103.0
2023-05-15,310.0,321.6666564941406,306.0,317.6499938964844,750615.0
2023-05-16,318.0,321.3333435058594,310.4666748046875,319.3333435058594,408186.0
2023-05-17,319.0,319.3333435058594,312.51666259765625,316.25,330183.0
2023-05-18,316.26666259765625,321.6499938964844,310.3999938964844,319.9333190917969,653163.0
2023-05-19,319.8999938964844,319.8999938964844,312.0,317.3833312988281,343314.0
2023-05-22,314.0333251953125,320.0,312.3333435058594,315.8500061035156,372213.0
2023-05-23,315.6666564941406,331.6333312988281,312.1666564941406,331.3166809082031,1208073.0
2023-05-24,333.3333435058594,343.0,326.6666564941406,339.45001220703125,1332360.0
2023-05-25,338.73333740234375,346.6666564941406,335.01666259765625,344.5,976872.0
2023-05-26,344.0,345.29998779296875,337.6666564941406,342.3666687011719,1205718.0
2023-05-29,342.3833312988281,344.9666748046875,335.6666564941406,337.7166748046875,488139.0
2023-05-30,337.7166748046875,342.3166809082031,334.4333190917969,340.51666259765625,581313.0
2023-05-31,336.6666564941406,351.54998779296875,334.01666259765625,349.1666564941406,837870.0
2023-06-01,345.70001220703125,351.6666564941406,342.6666564941406,346.8333435058594,768156.0
2023-06-02,345.6666564941406,346.6166687011719,340.01666259765625,344.6666564941406,941310.0
2023-06-05,343.6666564941406,346.6166687011719,341.0,343.1666564941406,806916.0
2023-06-06,340.9666748046875,345.3333435058594,340.6666564941406,343.6666564941406,1182681.0
2023-06-07,343.3333435058594,349.3333435058594,341.0,345.20001220703125,608769.0
2023-06-08,345.1666564941406,346.5333251953125,338.3666687011719,341.76666259765625,389433.0
2023-06-09,341.76666259765625,344.9333190917969,338.0,341.3500061035156,307947.0
2023-06-12,341.6666564941406,344.29998779296875,334.8666687011719,340.4333190917969,275670.0
2023-06-13,342.3333435058594,349.6166687011719,335.0833435058594,348.2166748046875,562293.0
2023-06-14,349.6333312988281,365.6166687011719,345.0,364.8666687011719,1645026.0
2023-06-15,369.6666564941406,375.76666259765625,363.3333435058594,373.75,955350.0
2023-06-16,374.9666748046875,383.3333435058594,374.1666564941406,381.5,978009.0
2023-06-19,382.6666564941406,390.76666259765625,378.3500061035156,388.3500061035156,1046526.0
2023-06-20,390.3333435058594,393.23333740234375,383.6666564941406,391.8333435058594,815028.0
2023-06-21,393.3333435058594,400.3333435058594,384.3333435058594,392.8166809082031,796302.0
2023-06-22,391.5666809082031,395.8666687011719,381.6666564941406,394.26666259765625,727053.0
2023-06-23,395.0,396.5666809082031,386.0,393.95001220703125,457314.0
2023-06-26,388.3833312988281,399.6666564941406,383.3666687011719,397.0,460329.0
2023-06-27,395.6666564941406,399.6666564941406,388.4166564941406,396.1499938964844,468306.0
2023-06-28,394.0,397.8999938964844,390.3999938964844,396.51666259765625,364953.0
2023-06-30,396.6666564941406,398.3333435058594,391.75,396.23333740234375,266700.0
2023-07-03,389.5666809082031,400.0,389.5666809082031,397.23333740234375,911265.0
2023-07-04,398.3333435058594,398.3333435058594,391.7833251953125,395.4166564941406,1730685.0
2023-07-05,394.3666687011719,403.3166809082031,393.3333435058594,399.8500061035156,1065999.0
2023-07-06,398.1333312988281,399.5666809082031,395.1666564941406,397.1499938964844,362736.0
2023-07-07,396.6666564941406,401.3333435058594,389.8500061035156,399.04998779296875,1162614.0
2023-07-10,400.01666259765625,408.3333435058594,400.01666259765625,403.1333312988281,960099.0
2023-07-11,406.3166809082031,408.75,401.8500061035156,404.01666259765625,1164300.0
2023-07-12,405.6666564941406,414.01666259765625,402.75,408.79998779296875,5734362.0
2023-07-13,388.3666687011719,388.3666687011719,388.3666687011719,388.3666687011719,6218166.0
2023-07-14,407.7833251953125,407.7833251953125,407.7833251953125,407.7833251953125,1618002.0
2023-07-17,413.3333435058594,419.6666564941406,403.6666564941406,417.1499938964844,9571005.0
2023-07-18,417.1499938964844,425.0,416.6833190917969,424.25,1697625.0
2023-07-19,426.23333740234375,445.45001220703125,420.51666259765625,441.0,5730324.0
2023-07-20,446.3333435058594,457.8999938964844,442.6666564941406,446.1499938964844,1746582.0
2023-07-21,442.29998779296875,446.6333312988281,437.1000061035156,443.5,722961.0
2023-07-24,443.6666564941406,446.1000061035156,427.0333251953125,432.54998779296875,1233021.0
2023-07-25,433.0,438.29998779296875,428.3333435058594,435.01666259765625,813867.0
2023-07-26,435.3333435058594,443.0,431.6666564941406,440.1833190917969,703827.0
2023-07-27,439.98333740234375,440.8166809082031,433.7166748046875,439.04998779296875,681429.0
2023-07-28,438.9666748046875,443.29998779296875,435.3500061035156,439.3333435058594,747666.0
2023-07-31,436.6666564941406,447.0,436.6666564941406,443.6666564941406,1128981.0
2023-08-01,443.6666564941406,449.9666748046875,442.3500061035156,448.2833251953125,949980.0
2023-08-02,446.29998779296875,446.73333740234375,436.6666564941406,442.6166687011719,848049.0
2023-08-03,442.3333435058594,443.6666564941406,432.0,436.5833435058594,554820.0
2023-08-04,431.3333435058594,458.3999938964844,431.3333435058594,458.3999938964844,1652397.0
2023-08-07,459.3333435058594,464.3333435058594,452.6666564941406,455.7166748046875,663369.0
2023-08-08,457.48333740234375,457.48333740234375,443.3333435058594,449.1000061035156,471969.0
2023-08-09,449.0,453.3333435058594,443.3333435058594,446.8500061035156,328140.0
2023-08-10,448.29998779296875,448.29998779296875,437.45001220703125,441.20001220703125,378288.0
2023-08-11,442.3333435058594,447.6666564941406,428.3333435058594,431.29998779296875,642600.0
2023-08-14,414.0,431.0,410.3666687011719,425.3500061035156,1588197.0
2023-08-16,430.0,440.3333435058594,429.3333435058594,433.3833312988281,869739.0
2023-08-17,434.29998779296875,434.29998779296875,427.3333435058594,430.04998779296875,1652769.0
2023-08-18,428.3333435058594,435.0,415.0,430.98333740234375,723624.0
2023-08-21,428.3333435058594,436.6666564941406,427.3333435058594,434.6499938964844,609210.0
2023-08-22,434.6499938964844,436.0,431.0,432.6666564941406,270165.0
2023-08-23,431.6666564941406,433.3333435058594,426.3333435058594,427.3500061035156,237321.0
2023-08-24,427.5333251953125,431.3333435058594,417.6666564941406,419.75,593004.0
2023-08-25,416.6666564941406,424.79998779296875,408.0,418.8666687011719,646542.0
2023-08-28,418.6666564941406,425.98333740234375,411.01666259765625,417.3333435058594,643521.0
2023-08-29,415.0,418.3333435058594,404.9666748046875,406.3999938964844,510582.0
2023-08-30,407.0,412.29998779296875,399.0,406.54998779296875,518163.0
2023-08-31,408.3333435058594,411.6666564941406,404.0333251953125,409.01666259765625,397341.0
2023-09-01,407.6666564941406,418.1666564941406,401.6666564941406,415.73333740234375,1009785.0
2023-09-04,416.3333435058594,420.0,410.4666748046875,417.54998779296875,435537.0
2023-09-05,417.54998779296875,436.23333740234375,413.3333435058594,428.5666809082031,1015461.0
2023-09-06,428.5666809082031,433.3333435058594,425.0,431.3500061035156,388314.0
2023-09-07,431.0,433.1333312988281,425.4166564941406,427.51666259765625,261183.0
2023-09-08,425.0,433.3333435058594,421.6666564941406,430.3666687011719,364278.0
2023-09-11,432.3333435058594,440.3333435058594,430.0,436.79998779296875,2669805.0
2023-09-12,439.01666259765625,441.6666564941406,418.51666259765625,428.95001220703125,1247376.0
2023-09-13,425.0,433.3333435058594,423.3333435058594,432.8333435058594,804729.0
2023-09-14,428.6666564941406,439.9166564941406,426.5666809082031,436.9333190917969,528132.0
2023-09-15,436.9333190917969,438.3333435058594,429.3333435058594,436.1499938964844,448071.0
2023-09-18,431.7166748046875,433.3333435058594,422.3500061035156,427.0833435058594,1091607.0
2023-09-20,423.3500061035156,436.1666564941406,422.6666564941406,433.0833435058594,428781.0
2023-09-21,427.3333435058594,433.0,424.20001220703125,428.5666809082031,252987.0
2023-09-22,428.3333435058594,431.6666564941406,423.0,427.9666748046875,519810.0
2023-09-25,429.98333740234375,431.6499938964844,423.0,425.0333251953125,515475.0
2023-09-26,425.0333251953125,426.6499938964844,419.3333435058594,420.29998779296875,231522.0
2023-09-27,421.6499938964844,421.98333740234375,413.29998779296875,415.23333740234375,240828.0
2023-09-28,416.3333435058594,419.76666259765625,405.6666564941406,407.3500061035156,610218.0
2023-09-29,410.3500061035156,415.0,409.0,413.04998779296875,408738.0
2023-10-03,411.6666564941406,417.6666564941406,410.0,412.0333251953125,252402.0
2023-10-04,413.0,414.5,405.4333190917969,410.48333740234375,232509.0
2023-10-05,410.0,416.6666564941406,405.01666259765625,415.20001220703125,268254.0
2023-10-06,415.0,420.9166564941406,408.45001220703125,417.8166809082031,460212.0
2023-10-09,410.6666564941406,417.29998779296875,406.6333312988281,415.6000061035156,408546.0
2023-10-10,415.2833251953125,436.3666687011719,412.0,433.04998779296875,1343352.0
2023-10-11,436.6666564941406,449.9666748046875,433.6666564941406,438.3333435058594,1540902.0
2023-10-12,440.0,448.26666259765625,434.51666259765625,443.70001220703125,758313.0
2023-10-13,440.3166809082031,453.29998779296875,439.1000061035156,450.5333251953125,943578.0
2023-10-16,448.3333435058594,449.0,436.73333740234375,439.79998779296875,1089927.0
2023-10-17,439.3333435058594,446.9666748046875,438.0,440.4666748046875,494355.0
2023-10-18,443.3333435058594,444.6000061035156,436.0,442.23333740234375,455331.0
2023-10-19,436.6666564941406,444.3333435058594,430.6666564941406,442.3666687011719,729543.0
2023-10-20,441.6666564941406,449.0,436.3333435058594,437.9166564941406,555558.0
2023-10-23,439.3333435058594,439.9666748046875,418.5833435058594,420.5,856731.0
2023-10-25,422.3333435058594,427.6666564941406,408.0333251953125,412.04998779296875,445308.0
2023-10-26,408.3333435058594,421.3333435058594,397.5833435058594,416.76666259765625,1167720.0
2023-10-27,417.0,432.9333190917969,417.0,425.26666259765625,1060209.0
2023-10-30,425.20001220703125,439.9666748046875,424.3833312988281,436.25,1727178.0
2023-10-31,440.0,458.04998779296875,436.6666564941406,455.9666748046875,1796967.0
2023-11-01,466.6666564941406,478.75,446.8333435058594,448.95001220703125,5531133.0
2023-11-02,450.98333740234375,456.6666564941406,438.6666564941406,454.6000061035156,1487763.0
2023-11-03,455.6666564941406,464.1499938964844,453.8166809082031,458.3500061035156,1324515.0
2023-11-06,465.0,476.6666564941406,461.6833190917969,473.45001220703125,2914128.0
2023-11-07,475.0,485.54998779296875,473.3333435058594,478.75,2910666.0
2023-11-08,479.29998779296875,486.5666809082031,475.5,484.23333740234375,2381664.0
2023-11-09,484.23333740234375,493.26666259765625,469.3999938964844,480.0333251953125,2093466.0
2023-11-10,480.0333251953125,488.3333435058594,474.1499938964844,482.3500061035156,1235949.0
2023-11-13,481.6000061035156,488.0,478.75,482.3500061035156,973383.0
2023-11-15,485.6000061035156,489.6666564941406,481.70001220703125,483.0,864564.0
2023-11-16,484.95001220703125,485.3999938964844,475.3333435058594,476.8500061035156,495642.0
2023-11-17,475.3166809082031,481.98333740234375,468.0,470.5,590010.0
2023-11-20,470.0,472.4333190917969,458.9333190917969,463.1000061035156,1210371.0
2023-11-21,465.6666564941406,467.95001220703125,450.3333435058594,455.8500061035156,1015995.0
2023-11-22,453.3166809082031,457.3333435058594,445.5833435058594,448.0,1234839.0
2023-11-23,445.04998779296875,459.1833190917969,445.04998779296875,453.1833190917969,821790.0
2023-11-24,455.3333435058594,455.4666748046875,437.6666564941406,443.45001220703125,1327230.0
2023-11-28,440.0333251953125,449.0,440.0333251953125,445.9166564941406,1036236.0
2023-11-29,448.29998779296875,468.20001220703125,448.29998779296875,468.20001220703125,2605377.0
2023-11-30,479.8333435058594,479.8333435058594,460.0,466.73333740234375,1768893.0
2023-12-01,469.95001220703125,469.9666748046875,457.3333435058594,459.3333435058594,637470.0
2023-12-04,469.3333435058594,482.29998779296875,460.3999938964844,479.6833190917969,3940725.0
2023-12-05,481.6166687011719,503.6666564941406,475.3666687011719,503.6666564941406,6278007.0
2023-12-06,513.4666748046875,528.8499755859375,502.76666259765625,525.6500244140625,7209249.0
2023-12-07,526.6666870117188,555.0,523.683349609375,532.7999877929688,5722512.0
2023-12-08,536.3333129882812,540.6333618164062,527.3333129882812,534.316650390625,4535736.0
2023-12-11,541.683349609375,546.0,526.7166748046875,531.6500244140625,1965252.0
2023-12-12,533.9666748046875,535.0,507.0,509.3166809082031,1754541.0
2023-12-13,506.6666564941406,522.3333129882812,500.0,519.8499755859375,2185665.0
2023-12-14,527.0,527.7666625976562,517.2000122070312,522.816650390625,1461669.0
2023-12-15,526.6666870117188,527.0,517.3333129882812,522.7999877929688,1098219.0
2023-12-18,521.5,537.9666748046875,516.683349609375,530.8333129882812,2725725.0
2023-12-19,530.6500244140625,536.3333129882812,525.3333129882812,533.1333618164062,1588920.0
2023-12-20,533.6666870117188,536.25,504.6666564941406,509.8166809082031,2359281.0
2023-12-21,503.3333435058594,518.5166625976562,500.3333435058594,515.183349609375,2183085.0
2023-12-22,520.0,543.2333374023438,517.0,540.5499877929688,3842523.0
2023-12-26,547.6666870117188,547.6666870117188,532.3499755859375,539.2999877929688,1504227.0
2023-12-27,541.6666870117188,541.6666870117188,528.3333129882812,530.3666381835938,1525611.0
2023-12-28,531.6666870117188,532.9666748046875,509.6833190917969,518.7666625976562,2453937.0
2023-12-29,519.3333129882812,527.0,513.3499755859375,525.0,1267419.0
2024-01-01,524.6666870117188,530.3333129882812,518.4166870117188,522.4833374023438,1035420.0
2024-01-02,522.4833374023438,525.183349609375,511.6666564941406,521.1333618164062,901947.0
2024-01-03,521.1333618164062,537.6666870117188,517.3333129882812,531.5166625976562,3568917.0
2024-01-04,541.6666870117188,542.6666870117188,530.683349609375,533.933349609375,2508444.0
2024-01-05,538.316650390625,538.316650390625,525.183349609375,529.0999755859375,1129035.0
2024-01-08,533.3333129882812,538.0,524.6666870117188,533.0833129882812,1215888.0
2024-01-09,535.6666870117188,571.2666625976562,534.0166625976562,561.4666748046875,7569498.0
2024-01-10,567.0,570.3333129882812,550.183349609375,554.933349609375,1705356.0
2024-01-11,560.0,560.9666748046875,546.6666870117188,548.9500122070312,1171533.0
2024-01-12,548.3333129882812,557.5,544.0,546.7833251953125,660570.0
2024-01-15,546.7833251953125,546.7833251953125,546.7833251953125,546.7833251953125,0.0
2024-01-16,546.6666870117188,554.316650390625,528.7000122070312,533.2999877929688,1662417.0
2024-01-17,526.6666870117188,532.6666870117188,520.0,522.066650390625,3408279.0
2024-01-18,522.3333129882812,526.066650390625,507.4333190917969,519.9833374023438,1529979.0
2024-01-19,523.0,529.3333129882812,521.6500244140625,527.8833618164062,701097.0
2024-01-23,519.9833374023438,526.5,507.3333435058594,515.0833129882812,1044456.0
2024-01-24,513.4166870117188,536.6500244140625,508.6666564941406,529.8499755859375,1713282.0
2024-01-25,533.0,533.0,524.3333129882812,527.1500244140625,1034853.0
2024-01-29,529.3333129882812,530.9833374023438,518.3666381835938,522.7833251953125,518562.0
2024-01-30,523.0166625976562,528.3333129882812,516.0,525.2999877929688,1156530.0
2024-01-31,524.9666748046875,530.6666870117188,521.4166870117188,527.3666381835938,549171.0
2024-02-01,527.3499755859375,528.316650390625,520.2166748046875,523.4500122070312,568356.0
2024-02-02,523.7000122070312,526.9833374023438,512.683349609375,520.4666748046875,2303574.0
2024-02-05,518.3333129882812,520.0,505.0,507.1000061035156,1629618.0
2024-02-06,507.1000061035156,539.4666748046875,505.3333435058594,535.1500244140625,2304966.0
2024-02-07,539.6166381835938,552.316650390625,535.6666870117188,544.1333618164062,2462787.0
2024-02-08,552.4000244140625,570.8333129882812,548.5,554.8333129882812,3099306.0
2024-02-09,533.3333129882812,538.0,521.566650390625,534.5999755859375,3517395.0
2024-02-12,533.3333129882812,540.6666870117188,516.0,521.2833251953125,1948971.0
2024-02-13,520.0,520.0,503.3333435058594,512.9166870117188,1628778.0
2024-02-14,507.6833190917969,526.1166381835938,504.5333251953125,524.2333374023438,1321794.0
2024-02-15,524.0166625976562,535.6666870117188,524.0166625976562,533.7999877929688,884244.0
2024-02-16,538.3333129882812,545.0,525.0333251953125,540.5499877929688,1197690.0
2024-02-19,546.6333618164062,562.3333129882812,542.9666748046875,558.2333374023438,1873722.0
2024-02-20,541.6666870117188,550.6666870117188,534.0,549.1666870117188,2654859.0
2024-02-21,553.6166381835938,560.0,542.6666870117188,544.433349609375,1643496.0
2024-02-22,546.1333618164062,550.6666870117188,538.5,546.1166381835938,953244.0
2024-02-23,548.3499755859375,553.316650390625,544.4833374023438,549.1500244140625,850641.0
2024-02-26,548.0,566.566650390625,543.3499755859375,545.7000122070312,1761021.0
2024-02-27,546.0,548.3333129882812,537.0,540.9000244140625,1002006.0
2024-02-28,525.0166625976562,537.3333129882812,511.6666564941406,525.9666748046875,5162046.0
2024-02-29,521.066650390625,524.8833618164062,510.0,512.566650390625,1258530.0
2024-03-01,515.1666870117188,524.6666870117188,513.683349609375,522.0166625976562,960996.0
2024-03-04,540.6500244140625,547.0,529.25,533.3499755859375,1857867.0
2024-03-05,536.1666870117188,536.1666870117188,522.0333251953125,523.0,755967.0
2024-03-06,523.3333129882812,526.6666870117188,505.6833190917969,509.3666687011719,828000.0
2024-03-07,513.9666748046875,515.9833374023438,507.0,508.8333435058594,466332.0
2024-03-11,513.3333129882812,514.0,491.6833190917969,495.1666564941406,850260.0
2024-03-12,495.26666259765625,499.8833312988281,455.8333435058594,459.2833251953125,2861514.0
2024-03-13,461.3333435058594,464.1000061035156,427.0,449.4333190917969,4064748.0
2024-03-14,439.3500061035156,471.3333435058594,437.1000061035156,466.1499938964844,2951001.0
2024-03-15,465.1000061035156,473.3666687011719,461.9166564941406,466.9166564941406,2019630.0
2024-03-18,470.6666564941406,477.6666564941406,458.01666259765625,471.73333740234375,1690722.0
2024-03-19,469.6499938964844,469.6499938964844,447.1499938964844,452.5833435058594,1318863.0
2024-03-20,449.3333435058594,455.8666687011719,443.3333435058594,450.76666259765625,2903448.0
2024-03-21,455.6833190917969,459.6499938964844,451.01666259765625,456.6166687011719,1825680.0
2024-03-22,456.6166687011719,466.3166809082031,455.0666809082031,460.20001220703125,1550268.0
2024-03-26,461.6666564941406,463.3166809082031,446.70001220703125,449.4333190917969,1001634.0
2024-03-27,453.3333435058594,461.3333435058594,450.01666259765625,453.0666809082031,2103570.0
2024-03-28,455.98333740234375,457.3333435058594,440.3500061035156,446.1333312988281,745284.0
2024-04-01,453.3333435058594,465.3166809082031,449.3333435058594,462.4166564941406,768873.0
2024-04-02,463.29998779296875,467.6666564941406,456.6666564941406,465.1166687011719,1140519.0
2024-04-03,456.6666564941406,472.6666564941406,455.6666564941406,468.1833190917969,1293762.0
2024-04-04,474.0,474.0,458.3333435058594,460.26666259765625,724425.0
2024-04-05,460.0,466.98333740234375,458.3333435058594,462.6166687011719,1178889.0
2024-04-08,454.5333251953125,461.1333312988281,443.9666748046875,456.0666809082031,1204029.0
2024-04-09,457.6166687011719,459.1000061035156,449.3333435058594,450.1166687011719,440817.0
2024-04-10,451.6499938964844,456.5333251953125,441.6666564941406,447.9166564941406,2468556.0
2024-04-12,439.3166809082031,456.3833312988281,436.48333740234375,447.48333740234375,3259602.0
2024-04-15,438.9333190917969,449.9666748046875,431.2833251953125,446.8999938964844,1706286.0
2024-04-16,439.3333435058594,474.6666564941406,439.3166809082031,469.5,6360864.0
2024-04-18,461.6666564941406,473.1166687011719,460.6666564941406,468.29998779296875,2420601.0
2024-04-19,456.6666564941406,472.3166809082031,456.6666564941406,467.5,1583499.0
2024-04-22,468.3333435058594,491.3999938964844,468.3333435058594,488.79998779296875,3289581.0
2024-04-23,492.9666748046875,498.0,487.3333435058594,495.8833312988281,1779699.0
2024-04-24,497.6666564941406,512.9833374023438,494.8500061035156,502.9666748046875,2843811.0
2024-04-25,504.6499938964844,515.5,495.0,507.04998779296875,2414901.0
2024-04-26,505.6000061035156,535.0,500.6666564941406,527.9166870117188,4682421.0
2024-04-29,533.3333129882812,536.3333129882812,518.3333129882812,521.183349609375,2365923.0
2024-04-30,500.0,514.566650390625,497.8500061035156,503.5666809082031,4463667.0
2024-05-02,498.6833190917969,499.3500061035156,481.3666687011719,483.7833251953125,2504967.0
2024-05-03,487.0,488.3333435058594,474.6666564941406,482.4666748046875,1501734.0
2024-05-06,482.4666748046875,488.29998779296875,469.7166748046875,476.79998779296875,1085250.0
2024-05-07,476.48333740234375,489.3333435058594,466.6666564941406,482.45001220703125,1921125.0
2024-05-08,482.8333435058594,483.3333435058594,466.3333435058594,470.1833190917969,1059900.0
2024-05-09,470.3333435058594,470.6666564941406,446.7166748046875,451.1333312988281,842589.0
2024-05-10,451.1333312988281,457.5666809082031,447.6666564941406,453.79998779296875,755283.0
2024-05-13,451.1666564941406,455.3166809082031,438.8666687011719,443.6166687011719,585771.0
2024-05-14,444.8833312988281,448.7166748046875,440.3333435058594,445.0,679242.0
2024-05-15,444.1833190917969,463.3333435058594,444.0,459.5666809082031,2268552.0
2024-05-16,460.0,470.23333740234375,459.0333251953125,464.76666259765625,661380.0
2024-05-17,464.76666259765625,473.6333312988281,462.3500061035156,466.7166748046875,688848.0
2024-05-21,472.0,478.6333312988281,466.6666564941406,472.6166687011719,763062.0
2024-05-22,474.6666564941406,478.3166809082031,467.3333435058594,468.3666687011719,524214.0
2024-05-23,467.3333435058594,474.3333435058594,465.1333312988281,470.9666748046875,689634.0
2024-05-24,471.0,481.3333435058594,467.6666564941406,476.8999938964844,2050266.0
2024-05-27,476.3833312988281,486.6666564941406,471.3333435058594,479.6499938964844,1063977.0
2024-05-28,481.6666564941406,505.0,477.8666687011719,495.23333740234375,3707547.0
2024-05-29,495.3166809082031,495.4333190917969,480.70001220703125,483.6666564941406,1178007.0
2024-05-30,483.3333435058594,486.3333435058594,474.0666809082031,477.6833190917969,942714.0
2024-05-31,478.6666564941406,481.6666564941406,469.6666564941406,476.70001220703125,1398528.0
2024-06-03,486.6666564941406,496.0,483.3666687011719,487.4666748046875,2150847.0
2024-06-04,484.6833190917969,487.0,389.98333740234375,414.73333740234375,4780383.0
2024-06-05,429.3333435058594,451.0,410.6833190917969,447.8166809082031,1921998.0
2024-06-06,450.0,458.5333251953125,443.3333435058594,454.8333435058594,3750930.0
2024-06-07,454.3500061035156,468.8999938964844,452.8166809082031,467.0666809082031,1623954.0
2024-06-10,503.0,503.0,485.3333435058594,492.1000061035156,5531061.0
2024-06-11,492.6666564941406,502.4666748046875,487.0,490.9666748046875,1742799.0
2024-06-12,493.0833435058594,501.3333435058594,481.01666259765625,489.29998779296875,1395417.0
2024-06-13,489.6666564941406,497.6666564941406,480.0,493.73333740234375,1760196.0
2024-06-14,493.3333435058594,498.3166809082031,489.04998779296875,494.51666259765625,869679.0
2024-06-18,494.51666259765625,501.6666564941406,486.6666564941406,489.0833435058594,806640.0
2024-06-19,490.73333740234375,493.29998779296875,479.6166687011719,489.5666809082031,917280.0
2024-06-20,486.3500061035156,494.6666564941406,484.79998779296875,489.5666809082031,761397.0
2024-06-21,489.3333435058594,490.6666564941406,486.01666259765625,488.76666259765625,753861.0
2024-06-24,485.0,489.6666564941406,483.3333435058594,486.6333312988281,402462.0
2024-06-25,485.75,519.0,477.45001220703125,509.51666259765625,4972398.0
2024-06-26,508.3333435058594,525.0,502.2833251953125,518.8666381835938,1867014.0
2024-06-27,518.3333129882812,521.1666870117188,502.70001220703125,504.7833251953125,1083273.0
2024-06-28,508.3333435058594,535.0,507.6666564941406,530.4666748046875,3566985.0
2024-07-01,540.3333129882812,574.0,538.6666870117188,566.4500122070312,9376647.0
2024-07-02,583.2166748046875,588.1333618164062,542.0,553.6500244140625,14874084.0
2024-07-03,559.683349609375,565.6666870117188,541.6666870117188,544.1166381835938,4955160.0
2024-07-04,545.3333129882812,554.5999755859375,542.6666870117188,544.7999877929688,3085494.0
2024-07-05,543.6666870117188,552.9833374023438,542.0,549.433349609375,1381986.0
2024-07-08,551.566650390625,551.6666870117188,540.6666870117188,543.933349609375,837258.0
2024-07-09,544.3333129882812,559.3333129882812,543.3499755859375,549.6666870117188,3519486.0
2024-07-10,547.3333129882812,551.566650390625,543.0,547.9666748046875,2816454.0
2024-07-11,546.4666748046875,550.9500122070312,540.0,542.4166870117188,1181406.0
2024-07-12,543.3499755859375,546.2000122070312,528.6666870117188,530.9666748046875,1040784.0
2024-07-15,531.316650390625,534.9000244140625,518.0333251953125,519.9500122070312,939912.0
2024-07-16,521.4666748046875,524.6166381835938,514.3333129882812,519.7000122070312,1845885.0
2024-07-18,519.3333129882812,539.6666870117188,513.683349609375,533.5166625976562,4736178.0
2024-07-19,532.9166870117188,535.3333129882812,515.6666870117188,531.433349609375,2233107.0
2024-07-22,530.3333129882812,546.6666870117188,520.3833618164062,536.4833374023438,5744034.0
2024-07-23,536.0,539.3499755859375,518.2333374023438,536.9666748046875,1824234.0
2024-07-24,536.6666870117188,551.6666870117188,534.7333374023438,549.6333618164062,1708809.0
2024-07-25,541.6666870117188,551.6500244140625,541.316650390625,546.6500244140625,981588.0
2024-07-26,543.6666870117188,558.3333129882812,543.6666870117188,555.9833374023438,1682616.0
2024-07-29,558.3333129882812,570.0,557.0333251953125,566.8833618164062,2554689.0
2024-07-30,564.4666748046875,573.3333129882812,561.3499755859375,569.4000244140625,953571.0
2024-07-31,569.4000244140625,574.6333618164062,564.6666870117188,573.3666381835938,2917629.0
2024-08-01,573.3333129882812,576.6666870117188,568.3333129882812,574.0999755859375,1467687.0
2024-08-02,563.6666870117188,571.6666870117188,562.0833129882812,568.5499877929688,1896504.0
2024-08-05,551.6666870117188,565.2166748046875,544.6333618164062,561.9166870117188,1330791.0
2024-08-06,573.3333129882812,599.0999755859375,570.566650390625,587.2999877929688,7823577.0
2024-08-07,590.0,608.3333129882812,585.3666381835938,604.1666870117188,2878158.0
2024-08-08,602.3499755859375,613.0,583.3333129882812,597.4500122070312,2311179.0
2024-08-09,598.1666870117188,604.0,586.7166748046875,600.1500244140625,1187145.0
2024-08-12,596.6666870117188,604.933349609375,585.3499755859375,591.2833251953125,827526.0
2024-08-13,594.9000244140625,608.2999877929688,584.0,596.2833251953125,2243478.0
2024-08-14,598.6666870117188,598.6666870117188,584.6666870117188,588.0999755859375,1508019.0
2024-08-16,590.6666870117188,614.6666870117188,588.1333618164062,608.3833618164062,3062892.0
2024-08-19,610.4666748046875,615.0,597.3499755859375,600.3833618164062,931260.0
2024-08-20,601.6666870117188,610.3333129882812,592.0,607.2999877929688,702453.0
2024-08-21,604.683349609375,638.3333129882812,603.4166870117188,633.7833251953125,8285535.0
2024-08-22,637.6666870117188,646.1166381835938,625.0333251953125,636.566650390625,1936431.0
2024-08-23,633.3499755859375,648.3333129882812,629.683349609375,633.1500244140625,827589.0
2024-08-26,632.6666870117188,634.3333129882812,627.1500244140625,629.8833618164062,433539.0
2024-08-27,631.0,640.9000244140625,626.0833129882812,637.3499755859375,727203.0
2024-08-28,637.316650390625,642.9666748046875,621.7000122070312,640.0166625976562,1671675.0
2024-08-29,641.6666870117188,643.3333129882812,630.3499755859375,639.9833374023438,1259784.0
2024-08-30,640.9666748046875,652.3333129882812,638.7999877929688,647.3833618164062,1152168.0
2024-09-02,649.6500244140625,658.2999877929688,646.6666870117188,656.4833374023438,2777580.0
2024-09-03,653.3833618164062,664.066650390625,640.066650390625,650.183349609375,1876017.0
2024-09-04,646.7166748046875,657.816650390625,632.316650390625,642.6500244140625,1634181.0
2024-09-05,649.5166625976562,650.0,636.8666381835938,644.2999877929688,2758176.0
2024-09-06,640.0,643.3333129882812,630.0333251953125,640.3499755859375,2241381.0
2024-09-09,638.4500122070312,644.0,625.9166870117188,641.4000244140625,2202183.0
2024-09-10,643.3333129882812,648.6666870117188,639.25,646.9166870117188,1740573.0
2024-09-11,640.4000244140625,646.5166625976562,633.0,638.7333374023438,1559790.0
2024-09-12,638.7333374023438,644.6666870117188,638.4000244140625,643.7833251953125,1941219.0
2024-09-13,628.3666381835938,632.066650390625,616.6666870117188,620.316650390625,42290799.0
2024-09-16,620.5999755859375,624.7999877929688,614.4000244140625,617.4000244140625,2169822.0
2024-09-17,617.6666870117188,619.6666870117188,609.0,617.0999755859375,796005.0
2024-09-18,617.3333129882812,617.9500122070312,595.0,603.0499877929688,876675.0
2024-09-19,605.0,606.4666748046875,580.0,582.9500122070312,1514820.0
2024-09-20,582.9500122070312,590.0,574.7000122070312,576.8499755859375,1583238.0
2024-09-23,585.0,585.0,574.683349609375,580.4000244140625,1087845.0
2024-09-24,582.6666870117188,582.6666870117188,570.0,572.683349609375,1740597.0
2024-09-25,572.3333129882812,580.3666381835938,566.7833251953125,578.1166381835938,1290213.0
2024-09-26,575.3333129882812,578.8333129882812,568.0166625976562,570.6166381835938,2287560.0
2024-09-27,575.3333129882812,577.6666870117188,564.0,567.1666870117188,1131768.0
2024-09-30,566.6666870117188,571.8499755859375,554.6666870117188,561.1500244140625,1707420.0
2024-10-01,559.3333129882812,570.6666870117188,556.9500122070312,566.683349609375,902700.0
2024-10-03,558.5333251953125,565.0,550.0166625976562,554.75,1718004.0
2024-10-04,554.75,556.6666870117188,540.6666870117188,544.0333251953125,1501578.0
2024-10-07,544.3666381835938,547.0,531.25,543.433349609375,1766946.0
2024-10-08,540.0,566.6666870117188,535.5333251953125,563.3666381835938,1413192.0
2024-10-09,570.0,571.6666870117188,560.9666748046875,568.7166748046875,2880783.0
2024-10-10,571.6666870117188,582.6666870117188,564.9500122070312,580.0999755859375,1736862.0
2024-10-11,580.066650390625,583.3333129882812,567.1666870117188,581.1666870117188,1271322.0
2024-10-14,581.1666870117188,581.1666870117188,566.2000122070312,576.2000122070312,1240203.0
2024-10-15,575.0333251953125,580.3333129882812,565.0,576.683349609375,1283475.0
2024-10-16,573.3333129882812,592.7666625976562,572.0166625976562,588.2166748046875,1587255.0
2024-10-17,588.3333129882812,590.0,573.7000122070312,580.566650390625,727179.0
2024-10-18,573.3499755859375,596.9833374023438,567.5499877929688,588.3333129882812,1874736.0
2024-10-21,592.6666870117188,594.0,580.183349609375,591.8666381835938,1827921.0
2024-10-22,589.4166870117188,594.8333129882812,575.0166625976562,588.7666625976562,1177338.0
2024-10-23,587.066650390625,603.2999877929688,572.7000122070312,592.4833374023438,2593944.0
2024-10-24,596.5833129882812,599.3333129882812,580.2333374023438,593.2000122070312,1706895.0
2024-10-25,593.3333129882812,593.3333129882812,546.0,552.0499877929688,2126616.0
2024-10-28,548.3333129882812,589.0,548.3333129882812,585.9000244140625,2257674.0
2024-10-29,585.9000244140625,600.0,576.9500122070312,595.566650390625,1814706.0
2024-10-30,590.3333129882812,601.6666870117188,584.0833129882812,589.066650390625,1987452.0
2024-10-31,589.183349609375,600.3333129882812,584.7000122070312,597.75,953877.0
2024-11-01,598.3333129882812,608.2000122070312,597.2000122070312,603.7000122070312,175584.0
2024-11-04,603.0,603.3333129882812,588.2333374023438,597.1333618164062,855108.0
2024-11-05,603.0,621.0,598.2666625976562,618.6500244140625,3987189.0
2024-11-06,627.0999755859375,633.3333129882812,615.2666625976562,630.0333251953125,2496411.0
2024-11-07,630.0499877929688,637.3333129882812,622.0166625976562,633.5999755859375,2279919.0
2024-11-08,630.0833129882812,630.3833618164062,611.316650390625,621.4000244140625,1457607.0
2024-11-11,611.6666870117188,629.316650390625,611.6666870117188,618.933349609375,2190018.0
2024-11-12,620.0,625.183349609375,610.3333129882812,620.4666748046875,819159.0
2024-11-13,613.7000122070312,621.1666870117188,612.1666870117188,614.3333129882812,1463919.0
2024-11-14,612.6666870117188,617.9666748046875,609.3333129882812,614.5999755859375,898587.0
2024-11-18,613.3333129882812,619.6500244140625,608.5166625976562,618.183349609375,815415.0
2024-11-19,614.3499755859375,621.6666870117188,610.0,617.5333251953125,2226522.0
2024-11-21,617.5166625976562,618.316650390625,577.6666870117188,585.6333618164062,1678056.0
2024-11-22,585.4666748046875,600.0,581.683349609375,597.4833374023438,1371972.0
2024-11-25,600.4833374023438,606.5833129882812,583.9833374023438,587.2833251953125,1868106.0
2024-11-26,585.0,589.0,583.2666625976562,584.9666748046875,1146546.0
2024-11-27,587.3333129882812,588.3333129882812,583.0999755859375,584.1333618164062,785634.0
2024-11-28,584.1333618164062,600.1666870117188,584.1333618164062,597.683349609375,1719531.0
2024-11-29,600.0166625976562,613.5333251953125,595.5166625976562,603.433349609375,1381137.0
2024-12-02,606.6500244140625,628.316650390625,603.3333129882812,621.0499877929688,2222439.0
2024-12-03,621.6666870117188,626.5999755859375,617.0,622.316650390625,357378.0
2024-12-04,625.5999755859375,625.5999755859375,614.0166625976562,619.5499877929688,438192.0
2024-12-05,618.3333129882812,623.3333129882812,613.683349609375,622.9500122070312,1317216.0
2024-12-06,624.0,640.3333129882812,610.6666870117188,621.7000122070312,4915974.0
2024-12-09,618.0,623.0,610.816650390625,618.4833374023438,828084.0
2024-12-10,616.7166748046875,619.4500122070312,608.3499755859375,616.0999755859375,1132299.0
2024-12-11,613.7999877929688,619.6666870117188,608.8833618164062,611.9000244140625,372555.0
2024-12-12,611.3333129882812,611.7999877929688,603.6666870117188,608.5166625976562,823365.0
2024-12-13,606.7000122070312,608.2999877929688,596.3333129882812,606.2666625976562,515490.0
2024-12-16,606.2666625976562,619.3666381835938,605.683349609375,611.6166381835938,521652.0
2024-12-17,613.3333129882812,615.6333618164062,592.6500244140625,595.7000122070312,646917.0
2024-12-18,593.3333129882812,603.0,590.3499755859375,599.816650390625,2126148.0
2024-12-19,584.8333129882812,603.2666625976562,584.7666625976562,597.5999755859375,852081.0
2024-12-20,597.5999755859375,609.933349609375,569.3333129882812,586.2000122070312,2402604.0
2024-12-23,580.9666748046875,585.3333129882812,570.0166625976562,581.433349609375,1001769.0
2024-12-24,576.5999755859375,580.0,566.1166381835938,578.8333129882812,1109139.0
2024-12-26,576.8333129882812,578.8333129882812,567.4166870117188,573.433349609375,2879901.0
2024-12-27,578.6666870117188,585.6666870117188,571.5166625976562,582.8499755859375,1860681.0
2024-12-30,581.6666870117188,594.8333129882812,571.933349609375,591.2666625976562,418839.0
2024-12-31,587.9833374023438,600.0,580.2666625976562,593.9833374023438,880551.0
2025-01-01,586.8666381835938,608.3333129882812,586.8666381835938,603.2333374023438,845361.0
2025-01-02,603.0,618.683349609375,601.3833618164062,612.683349609375,754530.0
2025-01-03,611.1666870117188,625.0,608.566650390625,621.6166381835938,2510709.0
2025-01-06,623.0,634.0,607.6666870117188,619.1166381835938,1960917.0
2025-01-07,617.3833618164062,628.3333129882812,614.3333129882812,621.8499755859375,987075.0
2025-01-08,626.9500122070312,628.0,611.683349609375,618.5333251953125,1903611.0
2025-01-09,614.9833374023438,623.8333129882812,612.0166625976562,619.4833374023438,964644.0
2025-01-10,622.9833374023438,622.9833374023438,596.6666870117188,604.933349609375,1940754.0
2025-01-13,597.6666870117188,600.0,583.7999877929688,592.1333618164062,1470954.0
2025-01-14,599.6666870117188,609.3333129882812,593.3833618164062,608.816650390625,1586763.0
2025-01-15,616.0,618.6666870117188,606.7666625976562,613.6666870117188,1466439.0
2025-01-16,618.0,622.2666625976562,611.6666870117188,619.066650390625,1520778.0
2025-01-17,620.0,621.6666870117188,610.066650390625,618.5999755859375,1672287.0
2025-01-20,616.6500244140625,618.9000244140625,604.566650390625,607.0333251953125,984054.0
2025-01-21,612.6333618164062,624.4666748046875,602.2333374023438,611.25,2384856.0
2025-01-22,611.25,625.0,598.6166381835938,621.5166625976562,1892430.0
2025-01-23,621.683349609375,635.3333129882812,608.316650390625,620.4166870117188,2248950.0
2025-01-24,618.0,622.5,596.6500244140625,605.566650390625,2614179.0
2025-01-27,605.566650390625,616.6666870117188,574.3333129882812,606.0166625976562,3302316.0
2025-01-28,609.9000244140625,616.6666870117188,586.5999755859375,609.6166381835938,2567721.0
2025-01-29,614.7000122070312,623.0,604.0,617.2666625976562,2205048.0
2025-01-30,619.6666870117188,621.0,605.0999755859375,613.1166381835938,1847331.0
2025-01-31,611.7333374023438,618.3333129882812,600.0166625976562,608.2000122070312,2167422.0
2025-02-01,603.6666870117188,615.9833374023438,600.8499755859375,606.4166870117188,2724348.0
2025-02-03,599.9166870117188,613.316650390625,589.0,600.0,3336861.0
2025-02-04,604.1500244140625,607.9833374023438,593.8833618164062,600.4000244140625,2296356.0
2025-02-05,603.3333129882812,605.0,592.3833618164062,600.8666381835938,4361301.0
2025-02-06,599.9833374023438,611.8666381835938,590.2999877929688,607.2166748046875,4940151.0
2025-02-07,607.2166748046875,619.3333129882812,593.5166625976562,616.4500122070312,2943675.0
2025-02-10,613.3666381835938,621.6666870117188,602.6500244140625,617.183349609375,2079594.0
2025-02-11,620.2000122070312,620.3333129882812,602.0166625976562,608.5166625976562,1882215.0
2025-02-12,606.4833374023438,606.4833374023438,586.75,599.5,2254977.0
2025-02-13,599.0,613.3333129882812,593.5499877929688,606.9166870117188,2767902.0
2025-02-14,608.3333129882812,608.7333374023438,598.6500244140625,602.2999877929688,2209584.0
2025-02-17,596.683349609375,600.9833374023438,566.683349609375,593.9666748046875,3537876.0
2025-02-18,594.816650390625,608.3333129882812,588.3333129882812,605.1666870117188,4410012.0
2025-02-19,606.7000122070312,610.0,599.2333374023438,608.1333618164062,870681.0
2025-02-20,609.3333129882812,619.9000244140625,606.7000122070312,619.4000244140625,2019852.0
2025-02-21,621.6666870117188,626.6666870117188,613.683349609375,618.9666748046875,1881852.0
2025-02-24,615.0,615.0,605.8333129882812,609.3833618164062,1286232.0
2025-02-25,609.0,613.0,606.7166748046875,608.4833374023438,3302079.0
2025-02-27,609.8666381835938,615.2333374023438,602.3333129882812,604.2000122070312,1490649.0
2025-02-28,602.0,604.7166748046875,523.3333129882812,586.8499755859375,15186228.0
2025-03-03,580.3333129882812,587.4500122070312,564.4666748046875,583.1666870117188,3854940.0
2025-03-04,579.9833374023438,582.0,569.933349609375,577.316650390625,1889373.0
2025-03-05,575.0,589.9666748046875,575.0,586.7166748046875,2643276.0
2025-03-06,588.1666870117188,592.9666748046875,582.7333374023438,589.9500122070312,2542890.0
2025-03-07,588.8333129882812,588.9833374023438,580.1500244140625,583.2166748046875,1711248.0
2025-03-10,578.4666748046875,586.9000244140625,578.066650390625,583.8666381835938,1800171.0
2025-03-11,580.0,585.6500244140625,578.0,581.4166870117188,1785177.0
2025-03-12,578.7833251953125,584.6666870117188,567.433349609375,578.25,2031894.0
2025-03-13,581.6666870117188,581.6666870117188,566.25,572.8666381835938,1575459.0
2025-03-17,573.4000244140625,579.9500122070312,572.0,575.0166625976562,849168.0
2025-03-18,575.0166625976562,575.0166625976562,575.0166625976562,575.0166625976562,0.0
2025-03-19,582.316650390625,588.9666748046875,577.5,582.6666870117188,1730862.0
2025-03-20,584.9833374023438,588.9500122070312,580.5999755859375,583.4833374023438,1876332.0
2025-03-21,582.7333374023438,591.6666870117188,581.683349609375,587.0166625976562,1857861.0
2025-03-24,587.1666870117188,601.316650390625,587.1666870117188,598.7999877929688,1747227.0
2025-03-25,599.0,602.2999877929688,586.0,591.5999755859375,1779057.0
2025-03-26,590.0166625976562,599.4000244140625,587.433349609375,595.5,1094529.0
2025-03-27,594.7000122070312,598.2333374023438,589.3833618164062,594.566650390625,2009646.0
2025-03-28,594.6666870117188,606.6333618164062,593.4000244140625,602.7999877929688,3371958.0
2025-04-01,601.6666870117188,605.5999755859375,591.3333129882812,600.566650390625,1450620.0
2025-04-02,598.3333129882812,610.4833374023438,598.3333129882812,608.2000122070312,1956165.0
2025-04-03,605.3333129882812,628.3333129882812,605.316650390625,626.25,4828746.0
2025-04-04,623.3666381835938,626.2333374023438,614.0833129882812,616.7833251953125,4688307.0
2025-04-07,601.7333374023438,608.1166381835938,580.5,591.816650390625,2638569.0
2025-04-08,598.9666748046875,610.0,593.3499755859375,605.5833129882812,2181672.0
2025-04-09,603.3333129882812,608.4833374023438,600.566650390625,603.8666381835938,1226652.0
2025-04-11,606.8833618164062,634.9666748046875,606.816650390625,628.7833251953125,2499357.0
2025-04-15,637.8666381835938,646.6333618164062,627.2999877929688,644.433349609375,2186514.0
2025-04-16,646.6666870117188,670.3333129882812,642.3666381835938,666.933349609375,8263593.0
2025-04-17,668.1666870117188,669.0,655.7999877929688,657.7000122070312,5269704.0
2025-04-21,661.3333129882812,665.0,652.0999755859375,657.7999877929688,1659054.0
2025-04-22,657.3666381835938,663.0,653.6666870117188,655.3333129882812,6155892.0
2025-04-23,657.933349609375,661.2999877929688,652.0333251953125,654.4000244140625,10420380.0
2025-04-24,654.2666625976562,660.3333129882812,636.6666870117188,656.2000122070312,2066037.0
2025-04-25,657.3333129882812,659.3333129882812,632.7000122070312,655.6666870117188,2164914.0
2025-04-28,655.0,657.5333251953125,642.2999877929688,643.9000244140625,2323713.0
2025-04-29,643.2999877929688,647.9000244140625,635.7000122070312,639.4666748046875,2092635.0
2025-04-30,637.3333129882812,643.6666870117188,633.1666870117188,635.3333129882812,978204.0
2025-05-02,635.6666870117188,637.933349609375,620.7000122070312,622.1333618164062,1149504.0
2025-05-05,622.3333129882812,628.6666870117188,617.0333251953125,624.433349609375,2823660.0
2025-05-06,626.6666870117188,627.5999755859375,612.066650390625,616.9000244140625,1283520.0
2025-05-07,614.2333374023438,615.5999755859375,591.1666870117188,611.0333251953125,2047137.0
2025-05-08,613.3666381835938,617.9000244140625,593.3333129882812,599.6666870117188,1223604.0
2025-05-09,588.6666870117188,600.0,578.566650390625,586.6333618164062,1457928.0
2025-05-12,595.0,612.9666748046875,591.2000122070312,606.2999877929688,4758075.0
2025-05-13,602.0333251953125,610.4666748046875,599.3333129882812,606.3666381835938,2595978.0
2025-05-14,609.9666748046875,611.0,592.0333251953125,594.433349609375,3137241.0
2025-05-15,599.3333129882812,607.6666870117188,589.0,603.7000122070312,2564271.0
2025-05-16,608.0,609.6666870117188,583.9000244140625,595.0,6003825.0
2025-05-19,599.0,599.0,575.0333251953125,577.3666381835938,4501164.0
2025-05-20,580.7333374023438,581.4666748046875,567.3333129882812,568.933349609375,2641080.0
2025-05-21,570.9666748046875,577.066650390625,563.0999755859375,575.0,3111252.0
2025-05-22,574.9666748046875,574.9666748046875,565.5,570.433349609375,1675068.0
2025-05-23,572.2999877929688,572.933349609375,563.7666625976562,566.933349609375,1851780.0
2025-05-26,569.7666625976562,581.066650390625,568.3333129882812,579.9666748046875,1839168.0
2025-05-27,583.0,585.0,573.6333618164062,580.0999755859375,1649226.0
2025-05-28,580.0999755859375,584.6666870117188,575.1666870117188,582.3333129882812,1428114.0
2025-05-29,584.3333129882812,588.4000244140625,573.0,585.7000122070312,2511945.0
2025-05-30,582.6666870117188,582.6666870117188,549.0333251953125,557.0999755859375,4220214.0
2025-06-02,558.8666381835938,574.5,558.8666381835938,565.7333374023438,3009003.0
2025-06-03,573.3333129882812,574.9666748046875,561.0,562.9000244140625,1518441.0
2025-06-04,564.0,566.3333129882812,552.6333618164062,560.066650390625,1947249.0
2025-06-05,559.0,563.3333129882812,555.2666625976562,560.5333251953125,1256583.0
2025-06-06,560.0,573.3666381835938,555.6666870117188,570.1666870117188,2592675.0
2025-06-09,571.7666625976562,572.7333374023438,564.1333618164062,566.9000244140625,794079.0
2025-06-10,568.3333129882812,569.6666870117188,562.6666870117188,563.3333129882812,953061.0
2025-06-11,566.0,566.0,555.9666748046875,558.2333374023438,1105968.0
2025-06-12,563.2000122070312,566.7666625976562,553.3666381835938,560.0,2533473.0
2025-06-13,556.0333251953125,559.2666625976562,554.433349609375,557.6666870117188,509169.0
2025-06-16,558.0,561.2000122070312,555.8333129882812,560.0,583167.0
2025-06-17,560.0,562.0999755859375,550.433349609375,552.5999755859375,4249833.0
2025-06-18,552.5999755859375,556.6666870117188,550.0333251953125,553.8666381835938,1668519.0
2025-06-19,555.2999877929688,557.0,540.3333129882812,545.2000122070312,2254428.0
2025-06-20,544.0333251953125,551.3666381835938,539.1666870117188,549.8666381835938,1752162.0
2025-06-23,546.6666870117188,547.1666870117188,537.933349609375,538.2999877929688,2962773.0
2025-06-24,544.0,545.0,536.433349609375,537.6666870117188,3341463.0
2025-06-25,540.9000244140625,547.933349609375,538.3333129882812,544.3666381835938,3386763.0
2025-06-26,545.3666381835938,554.6666870117188,544.8333129882812,550.7999877929688,4276818.0
2025-06-27,552.6666870117188,557.2999877929688,542.1666870117188,549.2333374023438,2770161.0
2025-06-30,550.0,553.2999877929688,542.8333129882812,550.2000122070312,5592327.0
2025-07-01,548.0,552.3666381835938,541.7000122070312,543.0333251953125,2129982.0
2025-07-02,547.8666381835938,549.5999755859375,539.9666748046875,546.0333251953125,2414625.0
2025-07-03,546.0333251953125,555.2999877929688,541.8666381835938,553.7333374023438,7109295.0
2025-07-04,553.3333129882812,556.6666870117188,548.6333618164062,553.5999755859375,926250.0
2025-07-07,553.3333129882812,556.6666870117188,540.5999755859375,553.7000122070312,5263359.0
2025-07-08,551.6666870117188,557.2333374023438,543.0333251953125,546.066650390625,6943287.0
2025-07-09,546.6666870117188,555.6333618164062,543.3666381835938,553.5333251953125,2114226.0
2025-07-10,552.7666625976562,557.066650390625,551.1333618164062,554.5333251953125,1556079.0
2025-07-11,554.5333251953125,558.7000122070312,550.6666870117188,555.066650390625,1302141.0
2025-07-14,556.0999755859375,559.6666870117188,552.7000122070312,557.9000244140625,1059135.0
2025-07-15,562.8333129882812,584.0999755859375,557.3333129882812,581.5,5813967.0
2025-07-16,581.6666870117188,624.433349609375,581.5333251953125,619.8666381835938,15940632.0
2025-07-17,617.6666870117188,640.8666381835938,615.3666381835938,636.433349609375,12175707.0
2025-07-18,634.6666870117188,651.5,631.3666381835938,647.2333374023438,5900490.0
2025-07-21,645.9666748046875,650.3666381835938,640.566650390625,647.3333129882812,3264069.0
2025-07-22,649.0,653.933349609375,645.0,647.3333129882812,1813209.0
2025-07-23,646.0,649.3333129882812,622.4666748046875,645.0333251953125,9561297.0
2025-07-24,645.0333251953125,646.0333251953125,630.0,632.8333129882812,1374150.0
2025-07-25,634.433349609375,635.7999877929688,624.0,626.7666625976562,5045520.0
2025-07-28,629.3333129882812,629.3333129882812,607.6666870117188,620.433349609375,2036781.0
2025-07-29,615.3333129882812,632.8333129882812,614.2000122070312,629.0333251953125,2374419.0
2025-07-30,633.0,638.933349609375,627.6666870117188,633.2999877929688,3827943.0
2025-07-31,623.3333129882812,630.933349609375,620.0,624.566650390625,3248316.0
2025-08-01,623.2000122070312,631.8666381835938,616.6666870117188,620.3333129882812,976092.0
2025-08-04,623.6666870117188,623.6666870117188,617.0333251953125,620.3333129882812,529434.0
2025-08-05,619.6666870117188,620.933349609375,605.7000122070312,611.1333618164062,905745.0
2025-08-06,611.6333618164062,614.6333618164062,601.4000244140625,608.0,1123704.0
2025-08-07,606.5999755859375,608.7333374023438,595.7999877929688,606.7999877929688,1002120.0
2025-08-08,606.6666870117188,609.2000122070312,584.7666625976562,601.566650390625,906888.0
2025-08-11,602.1666870117188,604.1666870117188,591.6666870117188,594.433349609375,600321.0
2025-08-12,591.6666870117188,608.5,590.5,606.433349609375,1577970.0
2025-08-13,607.5999755859375,610.0,595.5999755859375,599.1666870117188,1685736.0
2025-08-14,602.0,602.0,585.1666870117188,588.2666625976562,1535868.0
2025-08-18,600.0,603.7999877929688,590.3333129882812,592.566650390625,3805179.0
2025-08-19,588.3666381835938,601.2000122070312,588.3666381835938,596.5999755859375,1035678.0
2025-08-20,599.566650390625,606.8333129882812,595.2333374023438,604.5999755859375,3308262.0
2025-08-21,606.6666870117188,610.7666625976562,597.0,602.9000244140625,1382856.0
2025-08-22,601.6666870117188,605.5333251953125,598.0,600.4000244140625,570960.0
2025-08-25,604.0333251953125,605.7999877929688,600.4000244140625,601.9000244140625,882306.0
2025-08-26,601.3666381835938,603.9666748046875,594.7000122070312,599.7666625976562,801201.0
2025-08-28,603.1333618164062,603.1333618164062,586.3333129882812,589.933349609375,1714365.0
2025-08-29,593.3333129882812,598.7999877929688,590.433349609375,592.5333251953125,692166.0
2025-09-01,597.9666748046875,601.0,591.9000244140625,597.933349609375,657303.0
2025-09-02,601.3333129882812,605.0,597.4000244140625,601.5999755859375,941370.0
2025-09-03,603.6666870117188,607.3333129882812,598.2666625976562,605.5,1499586.0
2025-09-04,614.9666748046875,615.0,601.0,603.4666748046875,1616610.0
2025-09-05,602.3333129882812,605.3666381835938,593.8666381835938,596.4000244140625,982551.0
2025-09-08,598.2999877929688,600.9666748046875,596.6666870117188,599.3333129882812,412254.0
2025-09-09,600.6666870117188,602.6333618164062,596.6666870117188,600.7000122070312,689235.0
2025-09-10,603.3333129882812,603.3333129882812,596.0,600.6666870117188,858057.0
2025-09-11,602.7000122070312,603.5,589.5,598.9000244140625,2427699.0
2025-09-12,598.7999877929688,602.0,585.5999755859375,592.7000122070312,1047249.0
2025-09-15,590.5999755859375,601.9000244140625,589.5,599.0,815908.0
2025-09-16,599.0,601.7000122070312,595.5,600.2999877929688,496016.0
2025-09-17,600.0,604.4000244140625,595.7000122070312,602.2999877929688,1274555.0
2025-09-18,602.2999877929688,607.0,600.2000122070312,606.0,1437044.0
2025-09-19,607.0,614.9000244140625,605.9000244140625,608.9000244140625,1423136.0
2025-09-22,608.0,608.0999755859375,592.0999755859375,597.4000244140625,1043197.0
2025-09-23,596.5,603.2999877929688,596.5,599.7999877929688,2129544.0
2025-09-24,600.0,605.7999877929688,596.0,600.7999877929688,595726.0
2025-09-25,600.0,604.5999755859375,597.0,600.0,648680.0
2025-09-26,596.5999755859375,598.9000244140625,586.7000122070312,589.0,450394.0
2025-09-29,590.0,603.0999755859375,587.7999877929688,597.0999755859375,615370.0
2025-09-30,597.2000122070312,600.9000244140625,570.0,575.7999877929688,1252621.0
2025-10-01,575.7999877929688,584.3499755859375,567.7999877929688,580.9500122070312,833268.0
2025-10-03,576.0999755859375,591.0499877929688,576.0999755859375,588.4500122070312,730453.0
2025-10-06,587.0,600.9500122070312,583.5,597.5499877929688,902590.0
2025-10-07,599.0,603.0,591.0,597.25,413182.0
2025-10-08,596.9500122070312,599.9000244140625,593.0999755859375,598.2000122070312,185683.0
2025-10-09,597.0,600.5,591.5999755859375,594.5499877929688,793782.0
2025-10-10,592.0,598.3499755859375,589.0,594.0999755859375,295918.0
2025-10-13,590.0,594.0499877929688,581.8499755859375,589.7999877929688,553234.0
2025-10-14,587.7999877929688,591.0,576.9500122070312,583.5999755859375,383700.0
2025-10-15,583.0,589.3499755859375,580.0999755859375,584.5999755859375,556159.0
2025-10-16,584.5999755859375,593.4500122070312,583.0999755859375,589.8499755859375,590961.0
2025-10-17,587.2000122070312,596.2000122070312,584.0999755859375,587.8499755859375,1918582.0
2025-10-20,591.2999877929688,594.0,587.0,590.25,254332.0
2025-10-21,593.0,594.1500244140625,587.0999755859375,588.7000122070312,88692.0
2025-10-23,588.75,598.3499755859375,585.7999877929688,593.5999755859375,1826678.0
2025-10-24,591.6500244140625,596.0,579.0,580.9500122070312,540478.0
2025-10-27,582.9000244140625,591.6500244140625,581.4000244140625,590.5,629426.0
2025-10-28,590.5,595.7000122070312,588.7000122070312,593.6500244140625,656009.0
2025-10-29,593.0,606.9500122070312,592.0,604.7000122070312,1773586.0
2025-10-30,605.0499877929688,613.4000244140625,603.25,609.5499877929688,1000569.0
2025-10-31,612.7999877929688,614.0499877929688,601.3499755859375,602.4000244140625,707902.0
2025-11-03,606.9500122070312,606.9500122070312,565.0499877929688,578.1500244140625,9149046.0
2025-11-04,582.0499877929688,582.5,572.0499877929688,575.5499877929688,1205332.0
2025-11-06,576.0,582.5999755859375,567.25,573.0,1036633.0
2025-11-07,573.2999877929688,580.0,565.7999877929688,578.9000244140625,952756.0
2025-11-10,579.9500122070312,584.4000244140625,576.7000122070312,580.0,1155667.0
2025-11-11,580.9500122070312,583.7000122070312,574.4000244140625,582.5,402988.0
2025-11-12,586.0,589.9000244140625,580.25,588.2999877929688,882672.0
2025-11-13,588.2999877929688,593.9000244140625,584.2000122070312,590.4500122070312,1688646.0
2025-11-14,589.5,592.75,581.5,587.7999877929688,488732.0
2025-11-17,587.7999877929688,590.5,584.6500244140625,586.9000244140625,1391118.0
2025-11-18,593.0,594.9500122070312,582.0,587.0499877929688,2112668.0
2025-11-19,585.0,589.9500122070312,578.6500244140625,582.9000244140625,468012.0
2025-11-20,581.2999877929688,586.5499877929688,579.5,584.25,524362.0
2025-11-21,582.5999755859375,583.7000122070312,575.0,579.2999877929688,745872.0
2025-11-24,579.2999877929688,580.4500122070312,568.0,569.75,439901.0
2025-11-25,568.0499877929688,571.5,565.5499877929688,569.3499755859375,680112.0
2025-11-26,568.0,575.4000244140625,567.5499877929688,569.6500244140625,1058621.0
2025-11-27,569.9500122070312,573.9000244140625,565.0999755859375,569.4500122070312,377745.0
2025-11-28,567.5,570.25,565.5999755859375,568.1500244140625,360701.0
2025-12-01,568.1500244140625,570.7999877929688,562.7999877929688,569.25,553676.0
2025-12-02,565.0999755859375,568.8499755859375,561.9000244140625,563.3499755859375,510611.0
2025-12-03,560.9000244140625,564.25,551.7999877929688,555.1500244140625,1166556.0
2025-12-04,552.0,558.3499755859375,521.0,528.75,1644469.0
2025-12-05,527.4500122070312,555.1500244140625,522.6500244140625,550.7999877929688,5471238.0
2025-12-08,552.9000244140625,556.9000244140625,542.0,547.8499755859375,1967581.0
2025-12-09,547.8499755859375,548.4000244140625,536.1500244140625,539.0,7237663.0
2025-12-10,537.0,541.7000122070312,526.4500122070312,528.75,2745190.0
2025-12-11,528.75,536.8499755859375,526.4500122070312,534.0499877929688,2804718.0
2025-12-12,534.0,539.4000244140625,530.0,536.8499755859375,4415565.0
2025-12-15,537.9000244140625,537.9000244140625,529.0499877929688,529.75,2829489.0
2025-12-16,530.9500122070312,540.1500244140625,529.0,537.8499755859375,6005311.0
2025-12-17,539.0,549.1500244140625,528.0,543.9000244140625,7343684.0
2025-12-18,543.7999877929688,562.4000244140625,541.0999755859375,550.2999877929688,4286293.0
2025-12-19,554.4500122070312,566.6500244140625,547.75,559.4000244140625,1887014.0
2025-12-22,559.0,563.0,548.7000122070312,550.1500244140625,726265.0
2025-12-23,550.1500244140625,558.0,545.25,553.3499755859375,3784328.0
2025-12-24,552.0499877929688,554.7000122070312,540.6500244140625,547.2000122070312,1918838.0
2025-12-26,547.5,550.9000244140625,544.3499755859375,546.5499877929688,405275.0
2025-12-29,548.0,549.0999755859375,538.0999755859375,542.0499877929688,744255.0
2025-12-30,541.0,550.0,537.6500244140625,546.2999877929688,1301863.0
2025-12-31,543.75,547.75,529.4500122070312,545.5,1204710.0
2026-01-01,549.0999755859375,554.5499877929688,545.5499877929688,552.5499877929688,587559.0
2026-01-02,553.0,559.2000122070312,545.6500244140625,557.0,2959410.0
2026-01-05,557.0,574.9000244140625,556.2000122070312,572.9500122070312,2007552.0
2026-01-06,573.0,580.9000244140625,567.5499877929688,574.5,2151546.0
2026-01-07,577.0,582.3499755859375,571.9500122070312,576.4500122070312,2185044.0
2026-01-08,578.7999877929688,578.7999877929688,560.5999755859375,563.9500122070312,2850633.0
2026-01-09,560.0,564.2000122070312,547.9500122070312,551.1500244140625,1458762.0
2026-01-12,550.0499877929688,555.5,541.0999755859375,551.4500122070312,1081441.0
2026-01-13,551.9500122070312,552.9500122070312,541.0499877929688,543.8499755859375,743171.0
2026-01-14,542.0499877929688,545.9000244140625,541.0499877929688,543.5499877929688,496759.0
2026-01-15,543.5499877929688,543.5499877929688,543.5499877929688,543.5499877929688,0.0
2026-01-16,543.0,544.9500122070312,518.0,521.5999755859375,1383796.0
2026-01-19,520.8499755859375,528.5499877929688,515.0,521.25,912310.0
2026-01-20,524.5999755859375,525.4000244140625,500.0,502.0,1898584.0
2026-01-21,501.0,510.1499938964844,493.25,505.0,6559276.0
2026-01-22,510.0,514.75,505.8999938964844,511.0,1031760.0
2026-01-23,513.0,515.6500244140625,504.8999938964844,511.5,3825228.0
2026-01-27,510.1000061035156,511.20001220703125,494.5,503.1000061035156,5253146.0
2026-01-28,505.0,509.1000061035156,492.6499938964844,505.75,5801369.0
2026-01-29,506.04998779296875,510.70001220703125,493.25,500.0,3505766.0
2026-01-30,500.0,504.8999938964844,495.20001220703125,500.3999938964844,3154894.0
2026-02-02,497.04998779296875,499.25,480.0,496.1000061035156,3620261.0
2026-02-03,515.0,515.0,500.0,505.95001220703125,1939120.0
2026-02-04,506.0,512.0,500.45001220703125,510.3999938964844,1039010.0
2026-02-05,511.0,517.0,500.8999938964844,515.5,2038927.0
2026-02-06,517.0,526.75,507.1000061035156,524.0499877929688,2288281.0
2026-02-09,528.0,534.9500122070312,501.75,531.5499877929688,15254059.0
2026-02-10,532.0499877929688,536.6500244140625,517.5999755859375,521.5499877929688,2795550.0
2026-02-11,524.4000244140625,526.5,518.0,521.75,2166386.0
2026-02-12,519.8499755859375,530.25,509.3999938964844,523.1500244140625,3753492.0
2026-02-13,520.0,523.9500122070312,511.79998779296875,521.25,3557112.0
2026-02-16,519.0499877929688,526.5,515.5499877929688,525.7000122070312,1260588.0
2026-02-17,524.9000244140625,535.9500122070312,521.8499755859375,530.2000122070312,1777456.0
2026-02-18,530.0499877929688,540.2999877929688,528.5999755859375,538.25,2103058.0
2026-02-19,538.25,538.9000244140625,526.0999755859375,532.9500122070312,1256192.0
2026-02-20,529.9500122070312,536.9500122070312,526.0,534.4000244140625,914955.0
2026-02-23,535.0,537.5999755859375,525.2999877929688,532.9500122070312,1836937.0
2026-02-24,530.0,532.7999877929688,518.7999877929688,522.4000244140625,1556379.0
2026-02-25,523.0,527.7999877929688,513.0,518.75,2476713.0
2026-02-26,516.6500244140625,519.5499877929688,504.1000061035156,516.9500122070312,4079114.0
2026-02-27,514.0,518.2000122070312,502.6499938964844,508.0,1817346.0
2026-03-02,500.0,505.5,496.04998779296875,502.79998779296875,1801918.0
2026-03-04,496.0,505.8999938964844,493.1000061035156,503.3999938964844,2283232.0
2026-03-05,506.0,508.8500061035156,497.5,499.79998779296875,2250312.0
2026-03-06,499.8999938964844,504.54998779296875,496.3999938964844,500.54998779296875,879648.0
2026-03-09,495.0,497.25,484.04998779296875,491.04998779296875,1891181.0
2026-03-10,497.0,504.0,491.6000061035156,500.1000061035156,1403136.0
2026-03-11,502.04998779296875,504.5,494.1000061035156,497.8500061035156,1081784.0
2026-03-12,494.0,494.54998779296875,487.20001220703125,490.6000061035156,1877473.0
2026-03-13,492.0,494.45001220703125,480.04998779296875,481.6000061035156,1946280.0
2026-03-16,484.8500061035156,487.0,476.45001220703125,483.79998779296875,1891383.0
2026-03-17,489.79998779296875,489.79998779296875,480.3999938964844,486.45001220703125,1422596.0
2026-03-18,488.0,493.04998779296875,484.1499938964844,490.1499938964844,796275.0
2026-03-19,483.5,485.79998779296875,472.04998779296875,474.29998779296875,959311.0
2026-03-20,478.0,482.45001220703125,472.75,474.6000061035156,1300103.0
2026-03-23,471.0,472.0,460.3999938964844,463.29998779296875,1603263.0
2026-03-24,473.04998779296875,476.25,464.20001220703125,472.79998779296875,1053615.0
2026-03-25,478.0,490.5,467.1000061035156,485.1000061035156,2614123.0
2026-03-27,484.95001220703125,485.0,472.0,476.45001220703125,1655613.0
2026-03-30,473.0,473.95001220703125,454.0,459.75,3158842.0
2026-04-01,473.79998779296875,478.0,465.20001220703125,470.1000061035156,1460492.0
2026-04-02,468.0,469.25,457.6000061035156,466.95001220703125,1979405.0
2026-04-06,469.0,473.54998779296875,461.5,471.70001220703125,1878287.0
2026-04-07,472.0,472.0,463.0,468.1000061035156,962590.0
2026-04-08,479.5,484.0,465.79998779296875,468.54998779296875,5346258.0
2026-04-09,469.79998779296875,470.04998779296875,456.79998779296875,459.70001220703125,1626345.0
2026-04-10,462.5,468.8999938964844,460.79998779296875,467.3500061035156,1135929.0
2026-04-13,459.8999938964844,461.95001220703125,450.6000061035156,460.1000061035156,1452733.0
2026-04-15,463.1000061035156,469.0,463.1000061035156,464.70001220703125,2716703.0
2026-04-16,470.0,470.3500061035156,460.6499938964844,464.95001220703125,945761.0
2026-04-17,464.95001220703125,473.70001220703125,463.54998779296875,468.29998779296875,2685076.0
2026-04-20,468.95001220703125,468.95001220703125,458.0,459.6499938964844,2341311.0
2026-04-21,460.04998779296875,469.8999938964844,458.79998779296875,468.1000061035156,5619268.0
2026-04-22,469.79998779296875,475.8500061035156,466.20001220703125,472.1000061035156,1656672.0
2026-04-23,471.8999938964844,472.3999938964844,466.6499938964844,469.25,758763.0
2026-04-24,472.0,472.0,456.1499938964844,462.95001220703125,2634632.0
2026-04-27,465.20001220703125,472.0,462.8999938964844,466.5,1626324.0
2026-04-28,468.8999938964844,468.8999938964844,461.1000061035156,463.8500061035156,1079986.0
2026-04-29,465.0,469.3999938964844,462.1000061035156,466.29998779296875,1582925.0
2026-04-30,465.20001220703125,465.8999938964844,455.5,459.45001220703125,1811550.0
2026-05-01,459.45001220703125,459.45001220703125,459.45001220703125,459.45001220703125,0.0
2026-05-04,463.0,465.54998779296875,451.6499938964844,456.25,1372925.0
2026-05-05,456.25,458.29998779296875,451.70001220703125,457.20001220703125,1819346.0
2026-05-06,458.0,462.20001220703125,455.0,460.04998779296875,1862719.0
2026-05-07,461.0,461.95001220703125,456.1499938964844,460.3500061035156,1741424.0
2026-05-08,460.0,463.75,457.1000061035156,461.6000061035156,1284672.0
2026-05-11,460.6000061035156,460.79998779296875,451.04998779296875,454.1000061035156,1388143.0
2026-05-12,455.0,456.29998779296875,438.0,441.04998779296875,2725068.0
2026-05-13,443.5,449.5,440.1499938964844,446.6499938964844,4447600.0
2026-05-14,447.95001220703125,451.8999938964844,445.04998779296875,449.95001220703125,1495969.0
2026-05-15,453.0,469.3999938964844,448.29998779296875,459.8500061035156,7192210.0
2026-05-18,462.1000061035156,462.5,450.1000061035156,456.75,3139729.0
2026-05-19,456.95001220703125,477.6499938964844,456.75,471.1000061035156,6838707.0
2026-05-20,471.8999938964844,472.04998779296875,462.0,467.1499938964844,2208498.0
2026-05-21,470.5,471.5,460.5,463.25,2183232.0
2026-05-22,464.0,468.45001220703125,460.3999938964844,463.45001220703125,1314806.0
2026-05-25,469.3500061035156,470.3999938964844,463.5,468.45001220703125,2069309.0
2026-05-26,467.0,469.5,462.5,465.75,1730797.0
2026-05-27,465.95001220703125,466.75,452.0,454.75,1174899.0
2026-05-28,454.75,454.75,454.75,454.75,0.0
2026-05-29,459.79998779296875,460.45001220703125,449.29998779296875,456.20001220703125,3322253.0
2026-06-01,457.45001220703125,460.6000061035156,444.6499938964844,449.25,3864370.0
2026-06-02,449.25,455.0,441.5,451.54998779296875,3878659.0
2026-06-03,451.0,451.75,430.3500061035156,441.6499938964844,6827656.0
2026-06-04,444.0,445.04998779296875,423.20001220703125,427.25,5421306.0
2026-06-05,425.0,429.25,408.1499938964844,420.45001220703125,5359917.0
2026-06-08,420.0,424.70001220703125,416.1000061035156,419.95001220703125,6882450.0
2026-06-09,422.95001220703125,425.3999938964844,420.1000061035156,422.04998779296875,1068516.0
2026-06-10,421.0,428.70001220703125,416.6000061035156,419.6000061035156,3020116.0
2026-06-11,419.6000061035156,423.5,413.75,419.1000061035156,4924164.0
2026-06-12,425.0,427.5,422.1000061035156,425.54998779296875,2390987.0
2026-06-15,435.0,435.04998779296875,423.3999938964844,425.70001220703125,1284383.0
2026-06-16,427.8500061035156,429.3500061035156,423.04998779296875,425.54998779296875,666560.0
2026-06-17,426.95001220703125,426.95001220703125,416.29998779296875,419.0,3265235.0
2026-06-18,421.0,427.29998779296875,419.0,424.20001220703125,2514438.0
2026-06-19,423.95001220703125,424.1000061035156,419.20001220703125,421.70001220703125,1950271.0
2026-06-22,425.0,425.0,416.70001220703125,418.25,1659660.0
2026-06-23,418.8999938964844,419.1000061035156,411.6000061035156,414.6000061035156,1307563.0
2026-06-24,417.70001220703125,418.79998779296875,410.3500061035156,414.20001220703125,2438885.0
2026-06-25,416.20001220703125,416.79998779296875,408.79998779296875,412.54998779296875,2591955.0
2026-06-26,412.54998779296875,412.54998779296875,412.54998779296875,412.54998779296875,0.0
2026-06-29,413.45001220703125,414.5,407.5,412.6000061035156,4242453.0
2026-06-30,413.0,413.3999938964844,406.3500061035156,411.04998779296875,2820164.0
2026-07-01,411.0,415.70001220703125,410.1499938964844,413.20001220703125,1345571.0
2026-07-02,414.29998779296875,417.1000061035156,409.6499938964844,413.45001220703125,6457579.0
2026-07-03,415.0,416.70001220703125,411.8999938964844,413.95001220703125,1312796.0
2026-07-06,415.0,417.5,412.45001220703125,415.5,2057384.0
2026-07-07,415.5,416.5,410.8500061035156,414.5,870717.0
2026-07-08,414.3999938964844,414.3999938964844,407.0,409.29998779296875,1737228.0
2026-07-09,409.79998779296875,414.5,408.6499938964844,412.25,1589218.0
2026-07-10,413.25,415.04998779296875,411.5,413.79998779296875,1343933.0
2026-07-13,412.0,412.1499938964844,406.54998779296875,408.8500061035156,2030352.0
2026-07-14,408.8500061035156,409.54998779296875,405.8500061035156,407.54998779296875,2782224.0
2026-07-15,407.5,408.75,328.20001220703125,347.8999938964844,81422871.0
2026-07-16,353.20001220703125,359.1000061035156,343.3500061035156,347.25,14748859.0
2026-07-17,349.8500061035156,351.0,334.0,337.70001220703125,7624401.0
2026-07-20,339.8999938964844,342.6000061035156,335.04998779296875,339.20001220703125,6763591.0
2026-07-21,340.0,344.5,336.3500061035156,340.25,4238561.0
2026-07-22,341.3999938964844,341.8999938964844,334.0,336.1499938964844,3209073.0
2026-07-23,336.0,342.29998779296875,334.3500061035156,337.6499938964844,3955640.0
2026-07-24,336.3500061035156,342.8999938964844,330.79998779296875,340.95001220703125,5715863.0
2026-07-27,343.45001220703125,348.0,341.1000061035156,346.8500061035156,6854453.0
2026-07-28,348.04998779296875,349.29998779296875,340.8500061035156,342.95001220703125,7391469.0
2026-07-29,346.75,360.95001220703125,341.1000061035156,357.1499938964844,17753509.0
2026-07-30,357.3500061035156,361.79998779296875,354.3500061035156,356.3500061035156,5222468.0
2026-07-31,357.45001220703125,360.6499938964844,353.1499938964844,354.6000061035156,2716085.0
2026-08-03,358.0,365.5,352.5,364.0,5089623.0
2026-08-04,363.45001220703125,365.6000061035156,356.75,359.8999938964844,4508428.0
2026-08-05,360.8999938964844,360.8999938964844,351.95001220703125,357.0,2193791.0
2026-08-06,356.5,358.5,349.54998779296875,355.0,1987849.0
2026-08-07,352.95001220703125,357.5,351.1000061035156,357.5,2796734.0
2026-08-10,357.5,357.79998779296875,351.0,355.0,6705159.0
2026-08-11,355.0,362.8999938964844,348.3999938964844,353.0,8725259.0
2026-08-12,352.95001220703125,353.6000061035156,342.1499938964844,352.6000061035156,4146144.0
2026-08-13,351.5,354.0,346.8999938964844,353.8500061035156,1531460.0
2026-08-14,353.8500061035156,353.8500061035156,347.20001220703125,352.0,2464334.0
2026-08-17,357.0,358.6000061035156,347.0,353.8999938964844,7402930.0
2026-08-18,352.5,353.8999938964844,345.79998779296875,351.6499938964844,3890440.0
2026-08-19,351.6499938964844,356.20001220703125,348.1000061035156,350.95001220703125,1841471.0
2026-08-20,352.95001220703125,354.3999938964844,349.70001220703125,352.29998779296875,1623228.0
2026-08-21,352.29998779296875,352.45001220703125,345.3999938964844,348.0,1622889.0
2026-08-24,350.0,351.3500061035156,346.04998779296875,350.0,1979677.0
2026-08-25,349.8500061035156,352.6000061035156,346.95001220703125,350.8999938964844,1493515.0
2026-08-26,350.0,351.0,345.6000061035156,348.1499938964844,1866976.0
2026-08-27,348.0,348.8500061035156,345.25,348.25,1056545.0
2026-08-28,349.0,349.79998779296875,345.3500061035156,348.45001220703125,1099007.0
2026-08-31,347.5,347.54998779296875,342.29998779296875,345.0,2180211.0
2026-09-01,345.0,347.95001220703125,342.5,345.79998779296875,2399142.0
2026-09-02,344.8999938964844,345.0,339.1000061035156,345.0,3980958.0
2026-09-03,347.0,347.1499938964844,340.29998779296875,342.8999938964844,2236883.0
2026-09-04,345.0,345.75,341.20001220703125,342.5,1749871.0
2026-09-07,344.0,344.0,336.1499938964844,340.8999938964844,1977606.0
2026-09-08,342.0,342.79998779296875,339.0,342.0,1412377.0
2026-09-09,341.54998779296875,341.54998779296875,338.70001220703125,341.0,967972.0
2026-09-10,340.95001220703125,342.0,337.75,339.75,1115935.0
2026-09-11,338.0,341.0,336.0,341.0,1986378.0
2026-09-14,341.0,341.0,341.0,341.0,0.0
2026-09-15,341.0,342.3999938964844,335.75,338.54998779296875,2567906.0
2026-09-16,339.04998779296875,367.3999938964844,337.5,365.0,28837966.0
2026-09-17,362.54998779296875,364.8999938964844,354.0,354.45001220703125,3350516.0
2026-09-18,353.04998779296875,367.0,353.04998779296875,367.0,1999903.0
2026-09-21,369.0,400.45001220703125,365.25,396.20001220703125,23162107.0
2026-09-22,394.0,412.79998779296875,394.0,404.0,15560500.0
2026-09-23,404.0,412.8999938964844,402.04998779296875,409.45001220703125,4117507.0
2026-09-24,405.0,409.8999938964844,402.6000061035156,404.8500061035156,3161150.0
2026-09-25,404.8500061035156,407.8999938964844,401.54998779296875,403.95001220703125,1648377.0
2026-09-28,400.5,403.04998779296875,385.20001220703125,390.79998779296875,3491544.0
2026-09-29,390.0,391.6000061035156,368.8999938964844,371.3999938964844,3725050.0
2026-09-30,369.70001220703125,372.25,363.0,363.0,1344954.0
2026-10-01,363.5,366.04998779296875,348.54998779296875,355.1499938964844,4327803.0
2026-10-02,355.1499938964844,355.1499938964844,355.1499938964844,355.1499938964844,0.0
2026-10-05,356.0,358.79998779296875,348.8500061035156,355.70001220703125,7070094.0
2026-10-06,355.70001220703125,364.5,350.5,363.0,6485464.0
2026-10-07,362.45001220703125,363.0,354.0,359.8500061035156,2583240.0
