date,open,high,low,close,volume
2005-01-03,6.976367950439453,6.976367950439453,6.781497001647949,6.859445095062256,447917.0
2005-01-04,6.8691887855529785,7.064058780670166,6.674317836761475,6.99585485458374,431332.0
2005-01-05,6.917905807495117,8.184564590454102,6.859445095062256,7.1517510414123535,2681327.0
2005-01-06,7.3661088943481445,8.379435539245605,7.3661088943481445,7.804567813873291,2652580.0
2005-01-07,7.794824123382568,7.794824123382568,7.210212230682373,7.599954128265381,672589.0
2005-01-10,7.619441032409668,7.6779022216796875,7.249186038970947,7.473288059234619,376039.0
2005-01-11,7.405083179473877,7.541491985321045,7.171237945556641,7.200469017028809,227248.0
2005-01-12,7.034829139709473,7.210212230682373,6.771752834320068,6.849701881408691,328043.0
2005-01-13,6.878931999206543,7.288160800933838,6.878931999206543,7.161495208740234,136244.0
2005-01-14,7.064058780670166,7.249186038970947,6.976367950439453,7.190724849700928,112089.0
2005-01-17,6.89841890335083,7.22969913482666,6.859445095062256,6.947136878967285,123753.0
2005-01-18,6.859445095062256,7.064058780670166,6.849701881408691,6.966623783111572,76691.0
2005-01-19,6.947136878967285,7.112777233123779,6.89841890335083,7.044571876525879,92071.0
2005-01-20,6.9373931884765625,7.161495208740234,6.9373931884765625,7.112777233123779,310503.0
2005-01-24,7.0153422355651855,7.093289852142334,6.917905807495117,6.966623783111572,145193.0
2005-01-25,6.888676166534424,7.210212230682373,6.888676166534424,7.05431604385376,64088.0
2005-01-27,7.112777233123779,7.405083179473877,7.0153422355651855,7.346621990203857,353367.0
2005-01-28,7.405083179473877,7.444056987762451,7.171237945556641,7.22969913482666,155503.0
2005-01-31,7.288160800933838,7.346621990203857,7.0153422355651855,7.142007827758789,218401.0
2005-02-01,7.122520923614502,7.210212230682373,7.044571876525879,7.064058780670166,104192.0
2005-02-02,7.190724849700928,7.190724849700928,7.05431604385376,7.103033065795898,91891.0
2005-02-03,7.112777233123779,7.307648181915283,7.044571876525879,7.171237945556641,217590.0
2005-02-04,7.258930206298828,7.258930206298828,7.0153422355651855,7.112777233123779,175028.0
2005-02-07,7.385595798492432,7.580465793609619,7.073802947998047,7.453801155090332,610718.0
2005-02-08,7.560978889465332,7.687644958496094,7.414825916290283,7.5902099609375,477711.0
2005-02-09,7.687644958496094,8.233283042907715,7.687644958496094,8.145590782165527,2345474.0
2005-02-10,8.330718040466309,8.574307441711426,8.106616973876953,8.389180183410645,2449235.0
2005-02-11,8.506101608276367,9.451224327087402,8.379435539245605,9.227123260498047,3102535.0
2005-02-14,9.451224327087402,9.714300155639648,8.993277549743652,9.158918380737305,1357834.0
2005-02-15,9.071227073669434,9.071227073669434,8.39892292022705,8.506101608276367,997446.0
2005-02-16,8.652255058288574,8.954303741455078,8.45738410949707,8.525588989257812,530598.0
2005-02-17,8.379435539245605,8.55482006072998,8.233283042907715,8.369691848754883,197772.0
2005-02-18,8.4768705368042,8.4768705368042,8.184564590454102,8.204051971435547,214485.0
2005-02-21,8.19430923461914,8.359949111938477,7.989695072174072,8.048155784606934,239769.0
2005-02-22,8.223539352416992,8.282000541687012,7.989695072174072,8.077386856079102,167624.0
2005-02-23,8.048155784606934,8.944561004638672,7.989695072174072,8.798407554626465,1036657.0
2005-02-24,8.769177436828613,9.061483383178711,8.184564590454102,8.593793869018555,924839.0
2005-02-25,8.749690055847168,8.905587196350098,8.282000541687012,8.428153991699219,241832.0
2005-02-28,8.574307441711426,8.67174243927002,8.204051971435547,8.330718040466309,190577.0
2005-03-01,8.369691848754883,8.866613388061523,8.243026733398438,8.379435539245605,385373.0
2005-03-02,8.545076370239258,9.646095275878906,8.369691848754883,8.925073623657227,1884901.0
2005-03-03,8.964048385620117,9.918913841247559,8.964048385620117,9.68506908416748,2873901.0
2005-03-04,9.938401222229004,10.016348838806152,9.266097068786621,9.353789329528809,672020.0
2005-03-07,9.314814567565918,10.815319061279297,9.168662071228027,10.25019359588623,2240214.0
2005-03-08,9.938401222229004,12.306078910827637,9.879940032958984,11.8968505859375,3852448.0
2005-03-09,12.062491416931152,12.627614974975586,10.766600608825684,12.120951652526855,3699459.0
2005-03-10,12.081977844238281,12.179412841796875,11.360956192016602,11.585058212280273,1266322.0
2005-03-11,11.740954399108887,12.25736141204834,11.59480094909668,11.701979637145996,801193.0
2005-03-14,11.692235946655273,11.692235946655273,11.058906555175781,11.312238693237305,328294.0
2005-03-15,11.205060005187988,11.283007621765137,10.932241439819336,11.097881317138672,386594.0
2005-03-16,10.766600608825684,11.468134880065918,10.766600608825684,11.12711238861084,760530.0
2005-03-17,11.205060005187988,11.692235946655273,10.951727867126465,11.497365951538086,902337.0
2005-03-18,11.672748565673828,12.081977844238281,11.224547386169434,11.93582534790039,970351.0
2005-03-21,11.53633975982666,12.25736141204834,11.497365951538086,11.867620468139648,424538.0
2005-03-22,11.887106895446777,11.887106895446777,10.717883110046387,11.302495002746582,509784.0
2005-03-23,11.302495002746582,11.6532621383667,10.717883110046387,10.776345252990723,273489.0
2005-03-24,11.097881317138672,11.097881317138672,10.717883110046387,10.893266677856445,482838.0
2005-03-28,10.698395729064941,11.097881317138672,10.620448112487793,10.844549179077148,143428.0
2005-03-29,11.302495002746582,11.302495002746582,10.240449905395508,10.347628593444824,513068.0
2005-03-30,10.532755851745605,10.717883110046387,9.811735153198242,10.600960731506348,134699.0
2005-03-31,10.717883110046387,10.91275405883789,10.620448112487793,10.786087989807129,310513.0
2005-04-01,10.717883110046387,11.205060005187988,10.620448112487793,11.107625007629395,205639.0
2005-04-04,11.302495002746582,11.302495002746582,10.46455192565918,10.561986923217773,289889.0
2005-04-05,10.561986923217773,10.717883110046387,10.425577163696289,10.5230131149292,318005.0
2005-04-06,10.474294662475586,10.600960731506348,10.425577163696289,10.46455192565918,46343.0
2005-04-07,10.717883110046387,10.717883110046387,10.435320854187012,10.454808235168457,41586.0
2005-04-08,10.630191802978516,10.630191802978516,10.386603355407715,10.415834426879883,99702.0
2005-04-11,10.386603355407715,10.620448112487793,10.055322647094727,10.240449905395508,85112.0
2005-04-12,9.938401222229004,10.5230131149292,9.938401222229004,10.201476097106934,24303.0
2005-04-13,10.513269424438477,10.5230131149292,10.289168357849121,10.347628593444824,74321.0
2005-04-15,10.143014907836914,10.620448112487793,9.84096622467041,10.415834426879883,122378.0
2005-04-18,10.084553718566895,10.795831680297852,10.084553718566895,10.337885856628418,331091.0
2005-04-19,10.57172966003418,10.688652992248535,10.435320854187012,10.532755851745605,231435.0
2005-04-20,10.328142166137695,10.815319061279297,10.328142166137695,10.5230131149292,345398.0
2005-04-21,10.454808235168457,10.600960731506348,10.454808235168457,10.5230131149292,108302.0
2005-04-22,10.5230131149292,10.815319061279297,10.5230131149292,10.72762680053711,102899.0
2005-04-25,10.542499542236328,10.91275405883789,10.532755851745605,10.815319061279297,377491.0
2005-04-26,10.581474304199219,11.166086196899414,10.581474304199219,10.903010368347168,214881.0
2005-04-27,10.639934539794922,11.779928207397461,10.639934539794922,11.1173677444458,422890.0
2005-04-28,11.302495002746582,11.341468811035156,10.91275405883789,11.010189056396484,194498.0
2005-04-29,11.010189056396484,11.058906555175781,10.46455192565918,10.747114181518555,177230.0
2005-05-02,10.639934539794922,10.815319061279297,10.191733360290527,10.454808235168457,130784.0
2005-05-03,10.337885856628418,10.620448112487793,10.337885856628418,10.513269424438477,130563.0
2005-05-04,10.454808235168457,10.717883110046387,10.269680976867676,10.55224323272705,116636.0
2005-05-05,10.5230131149292,10.717883110046387,10.513269424438477,10.649679183959961,84640.0
2005-05-06,10.698395729064941,11.058906555175781,10.493782043457031,10.532755851745605,563481.0
2005-05-09,10.873780250549316,10.873780250549316,10.191733360290527,10.25019359588623,193974.0
2005-05-10,10.328142166137695,10.5230131149292,10.328142166137695,10.435320854187012,248888.0
2005-05-11,10.474294662475586,10.717883110046387,10.376859664916992,10.474294662475586,134802.0
2005-05-12,10.5230131149292,10.57172966003418,10.376859664916992,10.513269424438477,93775.0
2005-05-13,10.57172966003418,11.458392143249512,10.445063591003418,11.214802742004395,638921.0
2005-05-16,11.302495002746582,11.633774757385254,11.058906555175781,11.497365951538086,857250.0
2005-05-17,11.692235946655273,11.75069808959961,10.825061798095703,11.205060005187988,404032.0
2005-05-18,10.91275405883789,11.010189056396484,10.737369537353516,10.91275405883789,102991.0
2005-05-19,10.834806442260742,11.244033813476562,10.834806442260742,10.893266677856445,134807.0
2005-05-20,11.692235946655273,11.984541893005371,10.922497749328613,11.1173677444458,57386.0
2005-05-23,11.146598815917969,11.292752265930176,11.146598815917969,11.195316314697266,135156.0
2005-05-24,11.302495002746582,11.302495002746582,10.854292869567871,11.23429012298584,158310.0
2005-05-25,10.903010368347168,11.292752265930176,10.815319061279297,11.107625007629395,224733.0
2005-05-26,10.717883110046387,11.47787857055664,10.630191802978516,10.864035606384277,88530.0
2005-05-27,10.776345252990723,11.12711238861084,10.649679183959961,10.922497749328613,103771.0
2005-05-30,10.776345252990723,11.068650245666504,10.620448112487793,10.659421920776367,47965.0
2005-05-31,10.659421920776367,11.068650245666504,10.620448112487793,10.717883110046387,138892.0
2005-06-01,10.639934539794922,11.292752265930176,10.639934539794922,11.17582893371582,298500.0
2005-06-02,11.019932746887207,11.156341552734375,10.717883110046387,10.737369537353516,77487.0
2005-06-03,10.97121524810791,11.818902015686035,10.786087989807129,11.818902015686035,563666.0
2005-06-06,12.958894729614258,13.416840553283691,12.40351390838623,12.481461524963379,976237.0
2005-06-07,12.471718788146973,13.056330680847168,12.471718788146973,13.017356872558594,580492.0
2005-06-08,13.134279251098633,13.134279251098633,12.374283790588379,12.423001289367676,494281.0
2005-06-09,12.481461524963379,12.481461524963379,11.887106895446777,11.965055465698242,157232.0
2005-06-10,12.081977844238281,12.237874031066895,11.6532621383667,11.711724281311035,237070.0
2005-06-13,11.789671897888184,12.306078910827637,11.507108688354492,12.306078910827637,287093.0
2005-06-14,12.442487716674805,12.861459732055664,11.906594276428223,12.081977844238281,753289.0
2005-06-15,12.276847839355469,12.686077117919922,11.984541893005371,12.686077117919922,553095.0
2005-06-16,12.666589736938477,12.861459732055664,12.052746772766113,12.150181770324707,786434.0
2005-06-17,12.364540100097656,12.364540100097656,11.546083450317383,11.877364158630371,344644.0
2005-06-20,12.315821647644043,12.315821647644043,11.312238693237305,11.779928207397461,202041.0
2005-06-21,11.497365951538086,11.85787582397461,11.497365951538086,11.575313568115234,102729.0
2005-06-22,11.740954399108887,11.740954399108887,11.12711238861084,11.17582893371582,76953.0
2005-06-23,11.448648452758789,11.448648452758789,11.136855125427246,11.17582893371582,161712.0
2005-06-24,11.321982383728027,11.614288330078125,11.302495002746582,11.370699882507324,94478.0
2005-06-27,11.672748565673828,11.672748565673828,11.107625007629395,11.244033813476562,152778.0
2005-06-28,11.302495002746582,11.487622261047363,10.922497749328613,11.136855125427246,188791.0
2005-06-29,11.399930953979492,11.701979637145996,11.399930953979492,11.701979637145996,443555.0
2005-06-30,11.779928207397461,12.286591529846191,11.779928207397461,12.237874031066895,863593.0
2005-07-01,11.721467018127441,12.315821647644043,11.721467018127441,12.130695343017578,266571.0
2005-07-04,12.666589736938477,12.744538307189941,12.666589736938477,12.744538307189941,601224.0
2005-07-05,13.2706880569458,13.387611389160156,13.056330680847168,13.153765678405762,1908394.0
2005-07-06,13.338892936706543,13.816326141357422,13.056330680847168,13.816326141357422,1380639.0
2005-07-07,13.962478637695312,14.361964225769043,13.260945320129395,13.504532814025879,1113200.0
2005-07-08,13.913761138916016,14.030684471130371,13.348636627197266,13.68966007232666,465626.0
2005-07-11,14.225554466247559,14.381450653076172,14.030684471130371,14.381450653076172,258941.0
2005-07-12,14.430169105529785,15.102472305297852,14.430169105529785,15.102472305297852,738074.0
2005-07-13,15.375290870666504,15.862467765808105,15.375290870666504,15.589649200439453,1220568.0
2005-07-14,15.443495750427246,15.979390144348145,14.810166358947754,14.810166358947754,411837.0
2005-07-15,14.420425415039062,15.550675392150879,14.069658279418945,15.550675392150879,1162894.0
2005-07-18,15.94041633605957,16.330156326293945,15.492213249206543,15.579904556274414,751324.0
2005-07-19,15.735801696777344,16.076824188232422,15.39477825164795,15.90144157409668,675114.0
2005-07-20,16.16451644897461,16.271696090698242,15.39477825164795,16.076824188232422,368721.0
2005-07-21,16.16451644897461,16.46656608581543,15.687084197998047,15.9599027633667,779763.0
2005-07-22,15.979390144348145,16.222978591918945,15.628623008728027,15.735801696777344,376542.0
2005-07-25,15.9599027633667,16.17426109313965,15.102472305297852,15.199908256530762,302169.0
2005-07-26,15.833236694335938,15.833236694335938,15.005037307739258,15.112215995788574,204356.0
2005-07-27,14.634782791137695,15.160932540893555,14.634782791137695,14.995292663574219,97895.0
2005-07-28,14.995292663574219,14.995292663574219,14.995292663574219,14.995292663574219,0.0
2005-07-29,15.199908256530762,15.589649200439453,14.420425415039062,14.527604103088379,411421.0
2005-08-01,14.245041847229004,14.420425415039062,13.806583404541016,13.84555721282959,249016.0
2005-08-02,14.030684471130371,14.322990417480469,13.2706880569458,14.069658279418945,389750.0
2005-08-03,14.595808982849121,14.780936241149902,14.225554466247559,14.761448860168457,298182.0
2005-08-04,15.102472305297852,15.501956939697266,14.722475051879883,15.33631706237793,726702.0
2005-08-05,15.375290870666504,15.385034561157227,14.907602310180664,15.024523735046387,255400.0
2005-08-08,15.053754806518555,15.053754806518555,14.810166358947754,14.819910049438477,228926.0
2005-08-09,15.053754806518555,15.053754806518555,14.664012908935547,14.85888385772705,192840.0
2005-08-10,15.024523735046387,16.34964370727539,15.005037307739258,16.34964370727539,1156043.0
2005-08-11,16.46656608581543,16.92451286315918,15.833236694335938,16.008621215820312,561957.0
2005-08-12,16.076824188232422,16.719898223876953,15.78451919555664,16.42759132385254,517030.0
2005-08-16,16.38861846923828,16.75887107849121,16.2034912109375,16.330156326293945,400886.0
2005-08-17,16.369131088256836,16.836820602416992,16.369131088256836,16.61271858215332,546383.0
2005-08-18,17.34348487854004,17.34348487854004,16.369131088256836,16.46656608581543,535740.0
2005-08-19,16.271696090698242,16.95374298095703,16.271696090698242,16.486053466796875,257981.0
2005-08-22,16.88553810119629,18.074249267578125,16.564001083374023,17.48963737487793,1271022.0
2005-08-23,17.538354873657227,17.928096771240234,16.564001083374023,16.719898223876953,518343.0
2005-08-24,15.492213249206543,18.074249267578125,15.404521942138672,17.7624568939209,1983002.0
2005-08-25,17.928096771240234,18.51270866394043,17.63578987121582,18.21065902709961,1281388.0
2005-08-26,18.405529022216797,18.405529022216797,17.333740234375,17.45066261291504,545572.0
2005-08-29,17.557842254638672,17.733226776123047,16.797847747802734,16.96348762512207,280796.0
2005-08-30,17.14861488342285,17.928096771240234,17.051177978515625,17.801429748535156,382186.0
2005-08-31,17.538354873657227,19.584495544433594,17.538354873657227,19.584495544433594,940485.0
2005-09-01,20.266544342041016,21.542945861816406,19.68193244934082,20.53936195373535,1757099.0
2005-09-02,20.831668853759766,21.201921463012695,19.584495544433594,20.334747314453125,1514343.0
2005-09-05,21.143461227416992,21.143461227416992,19.311677932739258,19.964494705200195,528950.0
2005-09-06,19.993724822998047,20.09115982055664,19.165525436401367,19.56500816345215,531270.0
2005-09-08,19.652700424194336,20.441926956176758,19.652700424194336,20.05218505859375,303021.0
2005-09-09,20.36397933959961,20.65628433227539,19.711162567138672,20.47115707397461,671004.0
2005-09-12,20.461414337158203,22.527042388916016,20.461414337158203,22.527042388916016,999355.0
2005-09-13,22.62447738647461,23.520883560180664,21.240896224975586,23.2578067779541,1761286.0
2005-09-14,23.559856414794922,24.884977340698242,22.429607391357422,22.96550178527832,1706183.0
2005-09-15,22.488069534301758,24.35882568359375,22.488069534301758,22.760887145996094,701029.0
2005-09-16,22.799861907958984,23.579343795776367,22.312685012817383,22.653709411621094,591510.0
2005-09-19,22.994731903076172,24.144468307495117,22.507556915283203,22.838836669921875,545962.0
2005-09-20,23.140884399414062,24.35882568359375,22.760887145996094,23.472164154052734,2430058.0
2005-09-21,25.333179473876953,25.81061363220215,22.604991912841797,24.729080200195312,4222519.0
2005-09-22,24.06652069091797,24.748567581176758,22.62447738647461,23.014219284057617,1642305.0
2005-09-23,23.481908798217773,23.579343795776367,21.864482879638672,23.238319396972656,826712.0
2005-09-26,25.313692092895508,25.313692092895508,22.799861907958984,23.326011657714844,656835.0
2005-09-27,21.435766220092773,23.569599151611328,21.435766220092773,22.1762752532959,351812.0
2005-09-28,22.604991912841797,24.047033309936523,21.767047882080078,23.355243682861328,2842260.0
2005-09-29,23.618318557739258,23.696266174316406,22.410120010375977,23.209089279174805,784330.0
2005-09-30,22.419864654541016,23.774215698242188,22.410120010375977,23.511138916015625,677921.0
2005-10-03,23.774215698242188,25.86907386779785,23.579343795776367,25.771638870239258,1438831.0
2005-10-04,26.307533264160156,28.353673934936523,25.91779136657715,27.69111442565918,3486477.0
2005-10-05,27.671627044677734,27.671627044677734,26.307533264160156,26.9700927734375,1040977.0
2005-10-06,26.307533264160156,26.40496826171875,25.625484466552734,25.625484466552734,297623.0
2005-10-07,24.84600257873535,25.284461975097656,24.349082946777344,24.349082946777344,342745.0
2005-10-10,24.319852828979492,24.319852828979492,23.131141662597656,23.657291412353516,492932.0
2005-10-11,23.82293128967285,24.163955688476562,23.38447380065918,23.550113677978516,270158.0
2005-10-13,23.87165069580078,24.55369758605957,22.419864654541016,23.170116424560547,375315.0
2005-10-14,22.994731903076172,23.774215698242188,22.010635375976562,22.84857940673828,965045.0
2005-10-17,22.975244522094727,23.11165428161621,22.224992752075195,22.497812271118164,216995.0
2005-10-18,22.760887145996094,22.994731903076172,21.37730598449707,21.552690505981445,159013.0
2005-10-19,21.37730598449707,21.37730598449707,20.48090171813965,20.48090171813965,109498.0
2005-10-20,21.0460262298584,21.426023483276367,19.45783042907715,19.45783042907715,538110.0
2005-10-21,19.097320556640625,19.097320556640625,18.493221282958984,18.493221282958984,53727.0
2005-10-24,18.454246520996094,18.707578659057617,17.56758689880371,17.56758689880371,1051143.0
2005-10-25,16.77836036682129,18.454246520996094,16.76861572265625,18.43475914001465,877110.0
2005-10-26,18.51270866394043,19.360395431518555,18.51270866394043,19.311677932739258,439527.0
2005-10-27,19.467573165893555,19.857315063476562,18.51270866394043,18.532194137573242,201282.0
2005-10-28,17.967069625854492,18.61988639831543,17.928096771240234,18.152196884155273,153024.0
2005-10-31,18.122966766357422,18.707578659057617,17.928096771240234,18.181428909301758,153809.0
2005-11-02,18.532194137573242,19.097320556640625,18.31783676147461,18.43475914001465,98963.0
2005-11-04,18.43475914001465,18.43475914001465,18.43475914001465,18.43475914001465,0.0
2005-11-07,19.097320556640625,19.097320556640625,18.122966766357422,18.483476638793945,203894.0
2005-11-08,18.51270866394043,18.51270866394043,18.132709503173828,18.308094024658203,211858.0
2005-11-09,19.048601150512695,19.048601150512695,17.928096771240234,18.09373664855957,109313.0
2005-11-10,18.122966766357422,18.853731155395508,17.928096771240234,18.23988914489746,369871.0
2005-11-11,18.31783676147461,19.155780792236328,18.31783676147461,19.155780792236328,466607.0
2005-11-14,19.652700424194336,20.110647201538086,19.155780792236328,19.204498291015625,301507.0
2005-11-16,19.214242935180664,19.876802444458008,19.155780792236328,19.253215789794922,294302.0
2005-11-17,19.204498291015625,19.467573165893555,18.99988555908203,19.155780792236328,258694.0
2005-11-18,19.438343048095703,19.662445068359375,18.347068786621094,18.61988639831543,97905.0
2005-11-21,18.629629135131836,19.097320556640625,18.31783676147461,18.522451400756836,83676.0
2005-11-22,18.31783676147461,19.448087692260742,18.31783676147461,19.448087692260742,283326.0
2005-11-23,19.925519943237305,20.422439575195312,19.68193244934082,20.422439575195312,343053.0
2005-11-24,21.016794204711914,21.445510864257812,20.69525909423828,21.445510864257812,426919.0
2005-11-25,22.410120010375977,22.507556915283203,21.82550811767578,22.24448013305664,728827.0
2005-11-28,21.289613723754883,21.57217788696289,20.198339462280273,20.23731231689453,385686.0
2005-11-29,20.36397933959961,20.461414337158203,19.90603256225586,20.23731231689453,138163.0
2005-11-30,20.65628433227539,21.221410751342773,20.558849334716797,20.860898971557617,196381.0
2005-12-01,21.162948608398438,21.903457641601562,20.948591232299805,21.903457641601562,473981.0
2005-12-02,22.70242691040039,23.00447654724121,22.439350128173828,22.984989166259766,815351.0
2005-12-05,23.67677879333496,24.13472557067871,22.312685012817383,23.277294158935547,1612161.0
2005-12-06,23.189603805541992,23.189603805541992,22.117813110351562,22.137300491333008,212515.0
2005-12-07,22.39063262939453,22.39063262939453,21.240896224975586,21.406536102294922,148226.0
2005-12-08,21.45525360107422,21.922943115234375,20.948591232299805,21.289613723754883,174726.0
2005-12-09,21.33833122253418,21.630638122558594,20.851154327392578,21.250640869140625,195837.0
2005-12-12,20.65628433227539,21.435766220092773,20.65628433227539,21.03628158569336,221572.0
2005-12-13,20.95833396911621,21.094743728637695,20.860898971557617,21.016794204711914,308963.0
2005-12-14,21.0460262298584,22.02037811279297,21.0460262298584,21.57217788696289,358335.0
2005-12-15,22.28345489501953,22.410120010375977,21.630638122558594,21.708585739135742,185687.0
2005-12-16,21.922943115234375,23.881393432617188,21.630638122558594,23.277294158935547,1551342.0
2005-12-19,23.54037094116211,24.06652069091797,22.994731903076172,23.00447654724121,1349315.0
2005-12-20,22.994731903076172,23.82293128967285,22.799861907958984,22.946014404296875,635293.0
2005-12-21,23.209089279174805,23.34549903869629,22.994731903076172,23.08242416381836,383993.0
2005-12-22,23.00447654724121,23.3065242767334,22.994731903076172,22.994731903076172,335935.0
2005-12-23,23.140884399414062,23.248064041137695,21.445510864257812,22.536785125732422,145101.0
2005-12-26,22.410120010375977,22.536785125732422,21.0460262298584,21.396793365478516,217472.0
2005-12-27,21.240896224975586,21.776790618896484,21.240896224975586,21.669612884521484,100369.0
2005-12-28,21.82550811767578,22.02037811279297,21.67935562133789,21.874225616455078,92943.0
2005-12-29,21.922943115234375,22.117813110351562,21.82550811767578,22.0690975189209,215635.0
2005-12-30,22.0690975189209,22.312685012817383,21.932687759399414,22.1762752532959,232215.0
2006-01-02,22.039865493774414,22.604991912841797,22.039865493774414,22.312685012817383,157186.0
2006-01-03,22.799861907958984,23.189603805541992,22.458837509155273,23.053192138671875,293579.0
2006-01-04,23.38447380065918,24.7095947265625,23.189603805541992,24.05677604675293,626831.0
2006-01-05,24.163955688476562,24.729080200195312,23.42344856262207,23.452678680419922,474638.0
2006-01-06,23.50139617919922,23.696266174316406,22.907039642333984,23.218833923339844,142063.0
2006-01-09,23.26755142211914,23.472164154052734,22.80960464477539,22.93627166748047,133036.0
2006-01-10,22.994731903076172,24.51472282409668,22.799861907958984,23.550113677978516,510046.0
2006-01-12,23.287038803100586,23.87165069580078,22.994731903076172,23.1506290435791,224056.0
2006-01-13,23.38447380065918,23.628061294555664,22.322429656982422,22.439350128173828,430208.0
2006-01-16,22.70242691040039,22.70242691040039,21.542945861816406,21.94243049621582,468531.0
2006-01-17,22.21525001525879,22.380889892578125,22.02037811279297,22.137300491333008,140287.0
2006-01-18,21.83525276184082,21.83525276184082,21.34807586669922,21.52345848083496,121029.0
2006-01-19,22.05935287475586,23.26755142211914,21.883970260620117,22.93627166748047,358956.0
2006-01-20,23.472164154052734,23.481908798217773,22.507556915283203,22.712169647216797,130163.0
2006-01-23,22.410120010375977,22.54652976989746,22.1275577545166,22.36140251159668,95653.0
2006-01-24,22.36140251159668,22.595247268676758,22.21525001525879,22.380889892578125,85087.0
2006-01-25,22.604991912841797,23.38447380065918,22.410120010375977,23.22857666015625,311375.0
2006-01-27,23.774215698242188,23.87165069580078,22.6634521484375,22.80960464477539,196905.0
2006-01-30,22.604991912841797,23.033706665039062,22.410120010375977,22.838836669921875,140575.0
2006-01-31,22.897296905517578,22.975244522094727,22.21525001525879,22.527042388916016,263523.0
2006-02-01,23.00447654724121,23.969085693359375,22.907039642333984,23.12139892578125,484362.0
2006-02-02,23.774215698242188,24.35882568359375,23.38447380065918,23.589088439941406,555871.0
2006-02-03,23.579343795776367,24.05677604675293,23.04344940185547,23.12139892578125,289915.0
2006-02-06,23.092166900634766,23.657291412353516,22.897296905517578,23.42344856262207,236013.0
2006-02-07,23.38447380065918,23.67677879333496,23.189603805541992,23.50139617919922,226273.0
2006-02-08,23.189603805541992,23.189603805541992,22.897296905517578,22.994731903076172,165981.0
2006-02-10,23.579343795776367,23.579343795776367,22.80960464477539,22.829092025756836,46133.0
2006-02-13,23.433191299438477,23.433191299438477,22.419864654541016,22.51729965209961,111509.0
2006-02-14,22.614734649658203,22.614734649658203,22.117813110351562,22.458837509155273,205500.0
2006-02-15,22.410120010375977,22.721912384033203,22.341915130615234,22.429607391357422,58017.0
2006-02-16,22.410120010375977,22.507556915283203,21.445510864257812,21.57217788696289,294667.0
2006-02-17,21.65012550354004,22.195762634277344,21.640380859375,21.806020736694336,374140.0
2006-02-20,21.630638122558594,21.728073120117188,20.071672439575195,20.685514450073242,918763.0
2006-02-21,21.435766220092773,22.760887145996094,21.18243408203125,21.854738235473633,7693243.0
2006-02-22,22.030122756958008,22.030122756958008,21.19217872619629,21.357818603515625,341842.0
2006-02-23,21.240896224975586,21.533203125,20.948591232299805,21.221410751342773,191881.0
2006-02-24,21.065513610839844,21.435766220092773,20.81218147277832,20.938846588134766,536145.0
2006-02-27,22.410120010375977,24.943437576293945,21.82550811767578,22.371145248413086,4725874.0
2006-02-28,22.566017150878906,22.897296905517578,22.54652976989746,22.614734649658203,1453005.0
2006-03-01,21.922943115234375,22.84857940673828,21.83525276184082,22.604991912841797,1122791.0
2006-03-02,22.78037452697754,22.907039642333984,22.24448013305664,22.527042388916016,641276.0
2006-03-03,22.39063262939453,22.70242691040039,21.630638122558594,21.815765380859375,404991.0
2006-03-06,22.410120010375977,22.975244522094727,22.39063262939453,22.419864654541016,423717.0
2006-03-07,22.70242691040039,23.140884399414062,22.1275577545166,22.80960464477539,554003.0
2006-03-08,22.984989166259766,24.943437576293945,22.799861907958984,23.725496292114258,1894185.0
2006-03-09,24.84600257873535,24.84600257873535,23.41370391845703,23.618318557739258,388770.0
2006-03-10,23.67677879333496,24.047033309936523,23.67677879333496,23.969085693359375,854177.0
2006-03-13,24.35882568359375,27.65213966369629,24.3295955657959,27.077272415161133,3121650.0
2006-03-14,27.281885147094727,29.7177677154541,26.317276000976562,26.99932289123535,8871860.0
2006-03-16,27.223424911499023,28.061368942260742,26.346506118774414,26.67778778076172,2787470.0
2006-03-17,27.340347290039062,27.359834671020508,26.307533264160156,26.385480880737305,587004.0
2006-03-20,26.648555755615234,26.648555755615234,26.112661361694336,26.463428497314453,452464.0
2006-03-21,26.502403259277344,26.502403259277344,25.781381607055664,26.122406005859375,870038.0
2006-03-22,26.112661361694336,26.307533264160156,25.91779136657715,26.122406005859375,232785.0
2006-03-23,26.112661361694336,26.112661361694336,25.333179473876953,25.57676887512207,109590.0
2006-03-24,25.362409591674805,25.664459228515625,25.333179473876953,25.52804946899414,149160.0
2006-03-27,25.3526668548584,25.625484466552734,25.333179473876953,25.401386260986328,338835.0
2006-03-28,25.333179473876953,26.307533264160156,25.00189971923828,25.38189697265625,904379.0
2006-03-29,25.625484466552734,25.674203872680664,25.333179473876953,25.53779411315918,292676.0
2006-03-30,25.68394660949707,26.015226364135742,25.34292221069336,25.362409591674805,480600.0
2006-03-31,25.508562088012695,26.25881576538086,25.167539596557617,25.3526668548584,900207.0
2006-04-03,25.60599708557129,25.908048629760742,24.592670440673828,24.836259841918945,380837.0
2006-04-04,24.943437576293945,25.303951263427734,24.35882568359375,25.050617218017578,284881.0
2006-04-05,25.284461975097656,27.671627044677734,25.138309478759766,26.69727325439453,894737.0
2006-04-07,26.69727325439453,27.661882400512695,25.76189422607422,27.018810272216797,961561.0
2006-04-10,26.112661361694336,26.67778778076172,25.72292137145996,26.307533264160156,205151.0
2006-04-12,25.76189422607422,26.989580154418945,25.76189422607422,26.599838256835938,1080193.0
2006-04-13,26.69727325439453,26.69727325439453,25.138309478759766,25.69369125366211,348200.0
2006-04-17,25.635229110717773,26.297788619995117,25.547536849975586,25.878816604614258,179483.0
2006-04-18,25.91779136657715,26.297788619995117,25.820356369018555,25.88856315612793,235546.0
2006-04-19,26.229583740234375,26.307533264160156,25.72292137145996,26.06394386291504,198218.0
2006-04-20,25.820356369018555,26.40496826171875,25.820356369018555,26.171123504638672,242011.0
2006-04-21,25.947021484375,26.229583740234375,25.547536849975586,26.073688507080078,221516.0
2006-04-24,25.742408752441406,26.297788619995117,25.3526668548584,25.644973754882812,220500.0
2006-04-25,25.57676887512207,25.72292137145996,23.80344581604004,24.836259841918945,597663.0
2006-04-26,24.592670440673828,25.52804946899414,24.592670440673828,25.34292221069336,162148.0
2006-04-27,24.943437576293945,25.69369125366211,24.193185806274414,24.407543182373047,153794.0
2006-04-28,24.35882568359375,24.55369758605957,23.637805938720703,23.842418670654297,172139.0
2006-05-02,24.543954849243164,24.651132583618164,24.086008071899414,24.39780044555664,278369.0
2006-05-03,24.06652069091797,25.81061363220215,24.06652069091797,25.644973754882812,437372.0
2006-05-04,25.91779136657715,26.502403259277344,25.430614471435547,25.95676612854004,3688498.0
2006-05-05,26.502403259277344,27.262399673461914,26.40496826171875,26.67778778076172,389786.0
2006-05-08,27.067527770996094,27.067527770996094,25.52804946899414,26.10291862487793,2347839.0
2006-05-09,26.502403259277344,26.89214324951172,25.635229110717773,26.14189338684082,3167901.0
2006-05-10,26.502403259277344,26.843427658081055,25.635229110717773,26.015226364135742,3760156.0
2006-05-11,26.093175888061523,28.061368942260742,25.586511611938477,27.067527770996094,863788.0
2006-05-12,26.453685760498047,26.89214324951172,25.820356369018555,26.52189064025879,266038.0
2006-05-15,26.502403259277344,26.89214324951172,25.95676612854004,26.093175888061523,404812.0
2006-05-16,25.333179473876953,26.307533264160156,24.807029724121094,26.054201126098633,225467.0
2006-05-17,26.668045043945312,26.668045043945312,26.112661361694336,26.453685760498047,103761.0
2006-05-18,26.307533264160156,26.463428497314453,25.333179473876953,25.596256256103516,875273.0
2006-05-19,25.820356369018555,25.820356369018555,24.748567581176758,24.77779769897461,149057.0
2006-05-22,23.598831176757812,26.307533264160156,20.305517196655273,24.93369483947754,537346.0
2006-05-23,23.969085693359375,24.729080200195312,23.00447654724121,24.35882568359375,137126.0
2006-05-24,24.495235443115234,24.9239501953125,23.287038803100586,24.748567581176758,165063.0
2006-05-25,24.25164794921875,24.748567581176758,23.87165069580078,24.592670440673828,263190.0
2006-05-26,24.55369758605957,25.508562088012695,20.851154327392578,24.339338302612305,448754.0
2006-05-29,23.969085693359375,24.651132583618164,23.969085693359375,24.35882568359375,212741.0
2006-05-30,24.35882568359375,24.39780044555664,23.969085693359375,24.349082946777344,411775.0
2006-05-31,22.907039642333984,23.969085693359375,22.897296905517578,23.60857582092285,263544.0
2006-06-01,23.67677879333496,23.82293128967285,22.799861907958984,23.277294158935547,182752.0
2006-06-02,23.287038803100586,24.193185806274414,23.1993465423584,23.861906051635742,377086.0
2006-06-05,24.35882568359375,24.943437576293945,23.793701171875,24.339338302612305,15831822.0
2006-06-06,23.189603805541992,23.579343795776367,22.410120010375977,22.575759887695312,96074.0
2006-06-07,21.240896224975586,22.02037811279297,21.143461227416992,21.37730598449707,507803.0
2006-06-08,19.9742374420166,20.227569580078125,17.34348487854004,18.77578353881836,373848.0
2006-06-09,18.51270866394043,19.779367446899414,18.51270866394043,19.048601150512695,111109.0
2006-06-12,19.487060546875,19.487060546875,17.7624568939209,18.54193878173828,60070.0
2006-06-13,18.122966766357422,18.493221282958984,17.538354873657227,17.772199630737305,78097.0
2006-06-14,17.294767379760742,18.51270866394043,14.225554466247559,15.433752059936523,779660.0
2006-06-15,16.154773712158203,18.415273666381836,16.154773712158203,18.161941528320312,626631.0
2006-06-16,18.99988555908203,20.266544342041016,18.80501365661621,18.92193603515625,215584.0
2006-06-19,18.902448654174805,19.097320556640625,18.220401763916016,18.717321395874023,124421.0
2006-06-20,19.292190551757812,19.876802444458008,18.707578659057617,19.233728408813477,198942.0
2006-06-21,19.56500816345215,19.652700424194336,19.292190551757812,19.52603530883789,115758.0
2006-06-22,19.516292572021484,20.20808219909668,19.516292572021484,19.730649948120117,59090.0
2006-06-23,19.711162567138672,19.779367446899414,19.10706329345703,19.360395431518555,308974.0
2006-06-26,19.75988006591797,19.75988006591797,19.136293411254883,19.30193328857422,69995.0
2006-06-27,19.487060546875,19.68193244934082,18.161941528320312,19.487060546875,197279.0
2006-06-28,18.122966766357422,19.448087692260742,18.122966766357422,19.029115676879883,2669709.0
2006-06-29,19.506547927856445,19.506547927856445,19.10706329345703,19.214242935180664,61348.0
2006-06-30,19.68193244934082,20.558849334716797,19.68193244934082,20.09115982055664,1025480.0
2006-07-03,20.28603172302246,20.422439575195312,19.68193244934082,20.10090446472168,209179.0
2006-07-04,19.915775299072266,20.646541595458984,19.876802444458008,20.451671600341797,481432.0
2006-07-05,20.36397933959961,20.461414337158203,19.983980178833008,20.071672439575195,407116.0
2006-07-06,19.886545181274414,20.071672439575195,18.132709503173828,19.740392684936523,77410.0
2006-07-07,19.740392684936523,19.9742374420166,19.389625549316406,19.516292572021484,23969.0
2006-07-10,19.438343048095703,19.67218780517578,18.99988555908203,19.34090805053711,50520.0
2006-07-11,19.204498291015625,19.389625549316406,18.99988555908203,19.126550674438477,62184.0
2006-07-12,18.32758140563965,19.487060546875,18.32758140563965,19.467573165893555,131405.0
2006-07-13,19.477317810058594,19.477317810058594,18.99988555908203,19.06808853149414,29614.0
2006-07-14,18.629629135131836,19.292190551757812,18.629629135131836,18.707578659057617,94077.0
2006-07-17,18.610143661499023,18.688091278076172,17.56758689880371,17.90860939025879,115209.0
2006-07-18,18.230146408081055,18.230146408081055,17.34348487854004,17.56758689880371,96633.0
2006-07-19,17.538354873657227,17.733226776123047,16.573745727539062,16.710155487060547,145342.0
2006-07-20,16.95374298095703,17.63578987121582,16.95374298095703,17.392202377319336,214121.0
2006-07-21,17.294767379760742,17.294767379760742,16.661436080932617,16.719898223876953,74310.0
2006-07-24,16.729642868041992,17.733226776123047,16.32041358947754,16.408105850219727,214993.0
2006-07-25,16.856307983398438,16.856307983398438,16.408105850219727,16.54451560974121,55939.0
2006-07-26,17.012203216552734,17.012203216552734,16.408105850219727,16.564001083374023,61333.0
2006-07-27,16.573745727539062,17.509124755859375,16.573745727539062,17.03169059753418,93749.0
2006-07-28,16.905025482177734,18.688091278076172,16.856307983398438,18.444503784179688,218539.0
2006-07-31,18.69783592224121,18.707578659057617,17.34348487854004,17.548097610473633,421248.0
2006-08-01,17.63578987121582,17.63578987121582,17.07066535949707,17.236305236816406,179267.0
2006-08-02,16.95374298095703,18.025531768798828,16.95374298095703,17.509124755859375,185512.0
2006-08-03,17.8696346282959,18.220401763916016,17.460407257080078,18.05476188659668,71303.0
2006-08-04,18.51270866394043,18.51270866394043,17.538354873657227,17.78194236755371,95853.0
2006-08-07,18.006044387817383,18.31783676147461,17.928096771240234,18.113222122192383,223394.0
2006-08-08,17.733226776123047,18.80501365661621,17.733226776123047,18.61988639831543,400963.0
2006-08-09,18.795270919799805,19.3798828125,18.51270866394043,19.136293411254883,409584.0
2006-08-10,19.56500816345215,19.68193244934082,19.30193328857422,19.428600311279297,66151.0
2006-08-11,19.487060546875,19.662445068359375,19.37013816833496,19.418855667114258,211755.0
2006-08-14,19.506547927856445,19.68193244934082,19.418855667114258,19.448087692260742,51372.0
2006-08-16,19.506547927856445,19.876802444458008,19.418855667114258,19.448087692260742,99460.0
2006-08-17,19.487060546875,19.68193244934082,19.35065269470215,19.418855667114258,210170.0
2006-08-18,19.584495544433594,21.0460262298584,19.35065269470215,19.428600311279297,366412.0
2006-08-21,19.68193244934082,19.993724822998047,19.389625549316406,19.448087692260742,34894.0
2006-08-22,19.75988006591797,19.75988006591797,19.40911293029785,19.487060546875,214018.0
2006-08-23,19.487060546875,19.818340301513672,19.30193328857422,19.487060546875,290361.0
2006-08-24,19.321420669555664,19.662445068359375,18.220401763916016,19.087575912475586,59993.0
2006-08-25,19.467573165893555,20.266544342041016,19.40911293029785,20.042442321777344,525687.0
2006-08-28,20.315261840820312,20.81218147277832,19.711162567138672,20.0814151763916,143772.0
2006-08-29,20.266544342041016,21.221410751342773,19.720905303955078,20.92910385131836,3919267.0
2006-08-30,20.851154327392578,22.371145248413086,20.65628433227539,20.81218147277832,1236466.0
2006-08-31,21.15320587158203,21.240896224975586,19.876802444458008,20.139877319335938,584782.0
2006-09-01,20.461414337158203,20.851154327392578,20.120391845703125,20.753719329833984,159705.0
2006-09-04,20.851154327392578,21.240896224975586,20.734233856201172,20.870641708374023,203257.0
2006-09-05,21.03628158569336,21.07525634765625,20.734233856201172,20.851154327392578,73843.0
2006-09-06,20.880386352539062,21.221410751342773,20.851154327392578,21.094743728637695,221008.0
2006-09-07,20.0814151763916,22.488069534301758,20.0814151763916,22.332172393798828,1121220.0
2006-09-08,22.380889892578125,22.604991912841797,21.435766220092773,21.971660614013672,3622008.0
2006-09-11,22.312685012817383,22.556272506713867,21.82550811767578,22.24448013305664,3697643.0
2006-09-12,22.556272506713867,22.946014404296875,21.874225616455078,22.410120010375977,4896956.0
2006-09-13,22.682939529418945,22.88755226135254,21.669612884521484,21.932687759399414,2390514.0
2006-09-14,22.507556915283203,22.507556915283203,21.474740982055664,22.156787872314453,4551537.0
2006-09-15,21.82550811767578,22.371145248413086,21.82550811767578,21.991147994995117,1898967.0
2006-09-18,22.293197631835938,22.604991912841797,21.94243049621582,22.20550537109375,5608783.0
2006-09-19,22.21525001525879,22.293197631835938,21.874225616455078,22.078840255737305,5508013.0
2006-09-20,21.815765380859375,22.02037811279297,21.435766220092773,21.75730323791504,5502666.0
2006-09-21,21.82550811767578,22.117813110351562,21.630638122558594,22.030122756958008,5674308.0
2006-09-22,21.94243049621582,22.108070373535156,21.728073120117188,21.864482879638672,3247534.0
2006-09-25,22.21525001525879,22.507556915283203,21.737817764282227,21.854738235473633,2967656.0
2006-09-26,22.147045135498047,22.147045135498047,21.533203125,21.708585739135742,436197.0
2006-09-27,22.000892639160156,22.21525001525879,21.728073120117188,21.971660614013672,204525.0
2006-09-28,22.000892639160156,22.21525001525879,21.533203125,21.689098358154297,186056.0
2006-09-29,21.728073120117188,21.922943115234375,21.630638122558594,21.78653335571289,145599.0
2006-10-03,22.02037811279297,22.02037811279297,21.728073120117188,21.903457641601562,49981.0
2006-10-04,22.09832763671875,22.09832763671875,21.747560501098633,21.83525276184082,93821.0
2006-10-05,22.09832763671875,22.09832763671875,21.630638122558594,21.806020736694336,82228.0
2006-10-06,21.922943115234375,22.994731903076172,21.922943115234375,22.0690975189209,312920.0
2006-10-09,22.02037811279297,22.21525001525879,21.552690505981445,21.67935562133789,222819.0
2006-10-10,21.98140525817871,22.117813110351562,21.82550811767578,21.864482879638672,95581.0
2006-10-11,21.82550811767578,22.302940368652344,21.82550811767578,22.137300491333008,147436.0
2006-10-12,21.922943115234375,22.371145248413086,21.922943115234375,22.24448013305664,178467.0
2006-10-13,22.410120010375977,22.507556915283203,22.02037811279297,22.137300491333008,161881.0
2006-10-16,22.21525001525879,22.332172393798828,21.971660614013672,22.108070373535156,291393.0
2006-10-17,22.02037811279297,22.36140251159668,22.02037811279297,22.273710250854492,187724.0
2006-10-18,22.21525001525879,22.39063262939453,22.166532516479492,22.234737396240234,45009.0
2006-10-19,22.302940368652344,22.458837509155273,22.25422477722168,22.410120010375977,193605.0
2006-10-20,22.039865493774414,22.799861907958984,22.039865493774414,22.507556915283203,267136.0
2006-10-23,22.273710250854492,22.575759887695312,22.21525001525879,22.410120010375977,49222.0
2006-10-26,22.166532516479492,22.488069534301758,22.02037811279297,22.40037727355957,103874.0
2006-10-27,22.341915130615234,22.58550453186035,22.24448013305664,22.371145248413086,75670.0
2006-10-30,22.21525001525879,24.319852828979492,22.117813110351562,23.355243682861328,444500.0
2006-10-31,24.115238189697266,24.144468307495117,23.179859161376953,23.403959274291992,271374.0
2006-11-01,23.34549903869629,23.38447380065918,22.614734649658203,22.829092025756836,65581.0
2006-11-02,22.916784286499023,23.54037094116211,22.897296905517578,23.394216537475586,214383.0
2006-11-03,23.189603805541992,23.472164154052734,23.189603805541992,23.442935943603516,147662.0
2006-11-06,23.569599151611328,23.579343795776367,22.410120010375977,23.34549903869629,355605.0
2006-11-07,23.34549903869629,23.54037094116211,22.410120010375977,22.527042388916016,67270.0
2006-11-08,22.70242691040039,22.897296905517578,22.147045135498047,22.419864654541016,67224.0
2006-11-09,22.556272506713867,23.170116424560547,22.234737396240234,22.371145248413086,63164.0
2006-11-10,22.96550178527832,23.579343795776367,22.429607391357422,23.38447380065918,270297.0
2006-11-13,23.481908798217773,24.55369758605957,23.481908798217773,24.36857032775879,304981.0
2006-11-14,24.55369758605957,25.040874481201172,24.55369758605957,24.690107345581055,347969.0
2006-11-15,24.55369758605957,25.34292221069336,24.378313064575195,24.97266960144043,254640.0
2006-11-16,25.040874481201172,25.23574447631836,24.748567581176758,24.953182220458984,177466.0
2006-11-17,24.573183059692383,24.884977340698242,24.573183059692383,24.758310317993164,69076.0
2006-11-20,24.748567581176758,25.138309478759766,24.163955688476562,24.3295955657959,287195.0
2006-11-21,24.310108184814453,24.534210205078125,23.80344581604004,24.163955688476562,413161.0
2006-11-22,24.17369842529297,25.216257095336914,24.17369842529297,24.943437576293945,109523.0
2006-11-23,24.84600257873535,25.138309478759766,24.84600257873535,24.84600257873535,75799.0
2006-11-24,25.060361862182617,25.23574447631836,24.84600257873535,24.97266960144043,336474.0
2006-11-27,24.943437576293945,26.015226364135742,24.85574722290039,25.3526668548584,213433.0
2006-11-28,25.216257095336914,26.307533264160156,25.216257095336914,25.498821258544922,167860.0
2006-11-29,26.24907112121582,27.769062042236328,25.966508865356445,27.330602645874023,523573.0
2006-11-30,27.330602645874023,27.866498947143555,26.044456481933594,27.27214241027832,1767577.0
2006-12-01,27.38906478881836,27.476755142211914,25.53779411315918,25.88856315612793,104597.0
2006-12-04,26.112661361694336,27.135732650756836,25.57676887512207,25.713176727294922,94108.0
2006-12-05,25.91779136657715,26.599838256835938,24.602415084838867,25.226001739501953,156016.0
2006-12-06,25.713176727294922,25.713176727294922,24.378313064575195,24.495235443115234,47292.0
2006-12-07,24.271135330200195,24.55369758605957,23.452678680419922,23.706010818481445,62169.0
2006-12-08,24.163955688476562,24.35882568359375,24.06652069091797,24.21267318725586,186739.0
2006-12-11,24.261390686035156,24.943437576293945,24.163955688476562,24.55369758605957,57864.0
2006-12-12,24.592670440673828,25.674203872680664,24.39780044555664,25.450101852416992,192404.0
2006-12-13,25.713176727294922,25.72292137145996,24.35882568359375,24.865489959716797,117837.0
2006-12-14,25.333179473876953,25.703433990478516,24.96292495727539,25.362409591674805,139779.0
2006-12-15,24.748567581176758,26.69727325439453,24.748567581176758,25.849586486816406,471682.0
2006-12-18,25.255231857299805,26.307533264160156,24.758310317993164,25.927534103393555,67685.0
2006-12-19,26.015226364135742,26.112661361694336,24.78754234313965,25.109079360961914,1091868.0
2006-12-20,25.138309478759766,26.005483627319336,25.040874481201172,25.752151489257812,83342.0
2006-12-21,26.093175888061523,26.307533264160156,25.177282333374023,25.333179473876953,24262.0
2006-12-22,25.060361862182617,26.10291862487793,24.943437576293945,26.02496910095215,411555.0
2006-12-26,25.333179473876953,26.112661361694336,25.333179473876953,25.372154235839844,45147.0
2006-12-27,25.34292221069336,26.015226364135742,25.333179473876953,25.372154235839844,129588.0
2006-12-28,25.72292137145996,25.898303985595703,25.333179473876953,25.333179473876953,101287.0
2006-12-29,25.38189697265625,26.580350875854492,25.38189697265625,26.424455642700195,297479.0
2007-01-02,26.307533264160156,26.794708251953125,25.625484466552734,25.898303985595703,25683.0
2007-01-03,26.307533264160156,26.502403259277344,26.307533264160156,26.3270206451416,57504.0
2007-01-04,27.281885147094727,27.281885147094727,25.450101852416992,26.083433151245117,141889.0
2007-01-05,25.81061363220215,27.281885147094727,25.53779411315918,27.164962768554688,197295.0
2007-01-08,26.21009635925293,27.671627044677734,26.21009635925293,27.53521728515625,119161.0
2007-01-09,26.755735397338867,27.476755142211914,26.69727325439453,27.38906478881836,115507.0
2007-01-10,26.794708251953125,26.89214324951172,26.307533264160156,26.668045043945312,122604.0
2007-01-11,26.502403259277344,26.921375274658203,25.91779136657715,26.190610885620117,561064.0
2007-01-12,26.190610885620117,26.502403259277344,25.91779136657715,26.200353622436523,166438.0
2007-01-15,26.502403259277344,27.184450149536133,26.093175888061523,27.018810272216797,461521.0
2007-01-16,26.843427658081055,27.476755142211914,26.716760635375977,27.077272415161133,53491.0
2007-01-17,27.08701515197754,27.135732650756836,26.89214324951172,27.04804039001465,66654.0
2007-01-18,27.203937530517578,27.476755142211914,26.843427658081055,26.931119918823242,77600.0
2007-01-19,26.89214324951172,27.281885147094727,26.89214324951172,27.155221939086914,91578.0
2007-01-22,27.12598991394043,27.12598991394043,26.512147903442383,26.882400512695312,1277237.0
2007-01-23,27.262399673461914,27.476755142211914,26.4829158782959,26.52189064025879,635909.0
2007-01-24,26.385480880737305,27.08701515197754,25.947021484375,26.054201126098633,48401.0
2007-01-25,25.742408752441406,27.184450149536133,25.362409591674805,27.038297653198242,12110512.0
2007-01-29,26.89214324951172,27.24291229248047,26.502403259277344,26.89214324951172,93359.0
2007-01-31,26.901887893676758,27.08701515197754,26.69727325439453,26.726503372192383,222203.0
2007-02-01,26.901887893676758,26.901887893676758,26.69727325439453,26.69727325439453,1393616.0
2007-02-02,26.833683013916016,27.077272415161133,26.69727325439453,26.804452896118164,1187757.0
2007-02-05,26.89214324951172,27.41829490661621,26.89214324951172,27.291629791259766,464518.0
2007-02-06,27.476755142211914,28.25623893737793,26.931119918823242,27.291629791259766,1719412.0
2007-02-07,27.369577407836914,28.11008644104004,27.369577407836914,27.87624168395996,286082.0
2007-02-08,27.866498947143555,27.973676681518555,27.476755142211914,27.82752227783203,182346.0
2007-02-09,27.671627044677734,28.032140731811523,26.69727325439453,26.89214324951172,137255.0
2007-02-12,26.794708251953125,26.794708251953125,25.52804946899414,26.122406005859375,135669.0
2007-02-13,25.3526668548584,26.463428497314453,25.3526668548584,25.88856315612793,281858.0
2007-02-14,24.183443069458008,27.27214241027832,22.6634521484375,27.135732650756836,465226.0
2007-02-15,28.236751556396484,28.236751556396484,26.112661361694336,26.70701789855957,50187.0
2007-02-19,26.307533264160156,27.4572696685791,25.937278747558594,27.164962768554688,166053.0
2007-02-20,26.044456481933594,27.262399673461914,25.76189422607422,26.073688507080078,55154.0
2007-02-21,26.69727325439453,26.69727325439453,25.138309478759766,25.401386260986328,131358.0
2007-02-22,25.34292221069336,26.24907112121582,24.163955688476562,24.25164794921875,281309.0
2007-02-23,24.261390686035156,25.820356369018555,24.261390686035156,24.7095947265625,64966.0
2007-02-26,25.333179473876953,25.498821258544922,24.78754234313965,25.294204711914062,240169.0
2007-02-27,24.96292495727539,25.313692092895508,24.573183059692383,24.680362701416016,34705.0
2007-02-28,22.410120010375977,25.91779136657715,22.21525001525879,25.245487213134766,120864.0
2007-03-01,25.60599708557129,26.093175888061523,24.456262588500977,25.128564834594727,58212.0
2007-03-02,25.138309478759766,25.518306732177734,24.35882568359375,24.836259841918945,97223.0
2007-03-05,24.35882568359375,24.84600257873535,24.24190330505371,24.456262588500977,137706.0
2007-03-06,23.38447380065918,24.9239501953125,23.38447380065918,24.310108184814453,109005.0
2007-03-07,24.163955688476562,24.904464721679688,23.83267593383789,23.891136169433594,103956.0
2007-03-08,24.349082946777344,24.35882568359375,22.46858024597168,24.047033309936523,80545.0
2007-03-09,23.589088439941406,24.261390686035156,23.481908798217773,24.09575080871582,61102.0
2007-03-12,24.349082946777344,24.524465560913086,23.87165069580078,24.35882568359375,69061.0
2007-03-13,23.793701171875,25.138309478759766,23.793701171875,24.017803192138672,253455.0
2007-03-14,23.87165069580078,24.310108184814453,23.403959274291992,23.959341049194336,994706.0
2007-03-15,24.163955688476562,24.183443069458008,23.433191299438477,23.481908798217773,33694.0
2007-03-16,23.774215698242188,24.047033309936523,23.38447380065918,23.667036056518555,1578026.0
2007-03-19,23.49165153503418,24.047033309936523,22.858322143554688,23.092166900634766,109575.0
2007-03-20,23.930110931396484,23.930110931396484,22.799861907958984,22.907039642333984,23882.0
2007-03-21,22.449094772338867,23.891136169433594,22.449094772338867,23.277294158935547,107666.0
2007-03-22,24.29062271118164,24.943437576293945,24.163955688476562,24.50497817993164,179308.0
2007-03-23,23.988571166992188,24.456262588500977,23.988571166992188,24.29062271118164,29547.0
2007-03-26,24.35882568359375,24.35882568359375,23.209089279174805,23.335756301879883,52891.0
2007-03-28,23.42344856262207,23.706010818481445,23.38447380065918,23.394216537475586,109041.0
2007-03-29,23.38447380065918,23.511138916015625,23.140884399414062,23.3065242767334,119320.0
2007-03-30,23.38447380065918,23.71575355529785,22.994731903076172,23.170116424560547,167495.0
2007-04-02,22.994731903076172,23.38447380065918,22.419864654541016,22.63422203063965,144249.0
2007-04-03,22.62447738647461,23.38447380065918,22.62447738647461,22.81934928894043,108230.0
2007-04-04,23.170116424560547,23.598831176757812,22.907039642333984,23.34549903869629,116533.0
2007-04-05,23.189603805541992,23.189603805541992,22.410120010375977,22.69268226623535,86364.0
2007-04-09,23.04344940185547,23.316268920898438,22.994731903076172,23.08242416381836,6907.0
2007-04-10,22.81934928894043,23.364986419677734,22.81934928894043,23.023963928222656,45235.0
2007-04-11,22.994731903076172,23.38447380065918,22.994731903076172,23.3065242767334,41879.0
2007-04-12,23.520883560180664,23.628061294555664,23.11165428161621,23.335756301879883,170456.0
2007-04-13,23.38447380065918,23.38447380065918,22.994731903076172,23.053192138671875,87257.0
2007-04-16,23.189603805541992,23.189603805541992,22.6634521484375,22.799861907958984,41335.0
2007-04-17,22.799861907958984,22.96550178527832,22.653709411621094,22.80960464477539,198444.0
2007-04-18,22.712169647216797,23.189603805541992,22.70242691040039,22.829092025756836,49088.0
2007-04-19,23.023963928222656,23.189603805541992,22.84857940673828,22.984989166259766,16221.0
2007-04-20,23.179859161376953,23.94959831237793,22.643964767456055,23.861906051635742,96910.0
2007-04-23,23.442935943603516,23.998315811157227,22.916784286499023,23.014219284057617,52439.0
2007-04-24,22.994731903076172,23.326011657714844,22.897296905517578,23.033706665039062,28890.0
2007-04-25,22.96550178527832,23.26755142211914,22.70242691040039,22.760887145996094,33817.0
2007-04-26,23.014219284057617,23.287038803100586,22.994731903076172,23.2578067779541,128900.0
2007-04-27,23.38447380065918,24.047033309936523,23.38447380065918,23.900880813598633,183424.0
2007-04-30,23.481908798217773,24.06652069091797,23.38447380065918,23.881393432617188,100949.0
2007-05-03,24.163955688476562,24.55369758605957,24.163955688476562,24.378313064575195,140400.0
2007-05-04,24.407543182373047,24.943437576293945,24.261390686035156,24.836259841918945,269758.0
2007-05-07,24.836259841918945,25.313692092895508,24.47574806213379,25.226001739501953,160367.0
2007-05-08,24.651132583618164,25.20651626586914,24.651132583618164,25.050617218017578,68116.0
2007-05-09,25.040874481201172,25.109079360961914,24.563440322875977,24.670618057250977,64027.0
2007-05-10,24.573183059692383,25.216257095336914,24.35882568359375,24.592670440673828,20003.0
2007-05-11,24.35882568359375,24.748567581176758,24.35882568359375,24.534210205078125,22250.0
2007-05-14,27.281885147094727,27.281885147094727,24.55369758605957,25.323436737060547,184881.0
2007-05-15,27.281885147094727,27.281885147094727,26.015226364135742,26.239328384399414,133216.0
2007-05-16,26.307533264160156,26.502403259277344,25.91779136657715,26.3757381439209,145096.0
2007-05-17,26.502403259277344,26.502403259277344,26.307533264160156,26.473175048828125,131815.0
2007-05-18,26.502403259277344,26.599838256835938,26.307533264160156,26.512147903442383,217605.0
2007-05-21,26.502403259277344,27.018810272216797,26.502403259277344,26.94086265563965,140970.0
2007-05-22,27.27214241027832,27.27214241027832,26.21009635925293,26.67778778076172,391018.0
2007-05-23,26.307533264160156,27.671627044677734,26.307533264160156,27.467012405395508,367484.0
2007-05-24,27.37932014465332,29.211105346679688,27.37932014465332,28.714187622070312,603189.0
2007-05-25,28.451108932495117,28.840850830078125,27.49624252319336,27.91521453857422,366730.0
2007-05-28,28.304956436157227,30.71160888671875,28.061368942260742,30.28289222717285,920046.0
2007-05-29,30.7895565032959,31.374168395996094,29.328027725219727,29.6105899810791,263148.0
2007-05-30,29.99058723449707,30.59468650817871,29.522897720336914,29.80545997619629,188668.0
2007-05-31,31.56903839111328,31.56903839111328,29.620332717895508,30.40955924987793,418092.0
2007-06-01,30.575199127197266,31.179298400878906,29.941869735717773,30.302379608154297,429741.0
2007-06-04,29.678794860839844,30.770069122314453,29.620332717895508,29.620332717895508,113465.0
2007-06-05,29.250078201293945,30.185457229614258,29.250078201293945,30.049047470092773,300240.0
2007-06-06,29.54238510131836,31.84185791015625,29.54238510131836,30.97468376159668,782806.0
2007-06-07,31.43263053894043,31.43263053894043,30.29263687133789,30.614173889160156,388929.0
2007-06-08,30.243919372558594,30.7895565032959,30.07828140258789,30.468021392822266,84994.0
2007-06-11,30.253662109375,31.364425659179688,30.253662109375,31.218271255493164,653946.0
2007-06-12,31.374168395996094,31.374168395996094,30.994171142578125,31.179298400878906,741969.0
2007-06-13,30.59468650817871,31.344940185546875,30.204944610595703,30.477764129638672,938268.0
2007-06-14,30.448532104492188,31.179298400878906,30.448532104492188,30.877248764038086,97859.0
2007-06-15,30.7895565032959,30.7895565032959,30.10750961303711,30.185457229614258,140077.0
2007-06-18,30.253662109375,31.179298400878906,30.253662109375,30.604429244995117,155482.0
2007-06-19,30.604429244995117,30.848018646240234,30.59468650817871,30.604429244995117,39836.0
2007-06-20,30.7895565032959,31.081863403320312,30.7895565032959,30.7895565032959,67429.0
2007-06-21,30.809043884277344,30.984426498413086,30.7895565032959,30.7895565032959,68311.0
2007-06-22,30.886991500854492,31.179298400878906,30.7895565032959,30.799299240112305,169548.0
2007-06-25,30.692121505737305,30.984426498413086,30.302379608154297,30.70186424255371,2312672.0
2007-06-26,30.692121505737305,31.12083625793457,30.59468650817871,30.96493911743164,2994330.0
2007-06-27,30.799299240112305,31.179298400878906,30.302379608154297,30.604429244995117,1887673.0
2007-06-28,31.09160614013672,31.13058090209961,30.59468650817871,30.779813766479492,69266.0
2007-06-29,30.75058364868164,32.543392181396484,30.497251510620117,31.452117919921875,629007.0
2007-07-02,30.399816513061523,31.783397674560547,30.399816513061523,31.57878303527832,118047.0
2007-07-03,31.7639102935791,32.2510871887207,31.179298400878906,32.15365219116211,334632.0
2007-07-04,31.30596351623535,32.543392181396484,31.30596351623535,31.56903839111328,155811.0
2007-07-05,31.44237518310547,31.56903839111328,31.179298400878906,31.189041137695312,47908.0
2007-07-06,31.19878578186035,31.910062789916992,31.179298400878906,31.208528518676758,56981.0
2007-07-09,31.822370529174805,31.822370529174805,31.179298400878906,31.685962677001953,88017.0
2007-07-10,34.08287048339844,34.08287048339844,31.56903839111328,32.03672790527344,126253.0
2007-07-11,32.15365219116211,32.543392181396484,31.56903839111328,31.627500534057617,194092.0
2007-07-12,32.00749969482422,32.03672790527344,31.189041137695312,31.266990661621094,117934.0
2007-07-13,31.208528518676758,32.3485221862793,31.179298400878906,31.715192794799805,1262211.0
2007-07-16,31.325450897216797,31.7639102935791,31.286476135253906,31.646987915039062,72838.0
2007-07-17,31.471603393554688,32.1439094543457,31.19878578186035,31.335193634033203,192091.0
2007-07-18,32.1439094543457,32.1439094543457,31.19878578186035,31.80288314819336,134520.0
2007-07-19,31.588525772094727,32.3485221862793,31.56903839111328,32.2998046875,219853.0
2007-07-20,32.91364669799805,33.3228759765625,31.773653030395508,32.67980194091797,450098.0
2007-07-23,31.822370529174805,32.73826217651367,31.822370529174805,32.07570266723633,217652.0
2007-07-24,32.93313217163086,32.93313217163086,31.666475296020508,31.715192794799805,341677.0
2007-07-25,31.179298400878906,31.73468017578125,31.081863403320312,31.150068283081055,168024.0
2007-07-26,31.374168395996094,32.15365219116211,31.033145904541016,31.325450897216797,141858.0
2007-07-27,30.984426498413086,31.179298400878906,29.83469009399414,30.6823787689209,153127.0
2007-07-30,31.939292907714844,31.939292907714844,30.809043884277344,31.150068283081055,67747.0
2007-07-31,31.54955291748047,31.754165649414062,30.604429244995117,31.520322799682617,58592.0
2007-08-01,31.7639102935791,31.7639102935791,30.40955924987793,30.584943771362305,1518782.0
2007-08-02,31.35468292236328,32.2510871887207,30.809043884277344,31.949037551879883,204335.0
2007-08-03,32.15365219116211,32.543392181396484,32.15365219116211,32.202369689941406,119740.0
2007-08-06,33.51774597167969,34.90132522583008,32.15365219116211,33.098777770996094,137049.0
2007-08-07,34.2972297668457,36.67464828491211,34.10235595703125,34.85261154174805,729273.0
2007-08-08,34.68696975708008,35.66132354736328,33.51774597167969,33.81005096435547,170225.0
2007-08-09,33.92697525024414,35.07670974731445,33.92697525024414,34.277740478515625,188442.0
2007-08-10,33.3228759765625,34.04389572143555,32.3485221862793,33.73210144042969,158910.0
2007-08-13,35.27157974243164,35.27157974243164,33.95620346069336,34.384918212890625,131205.0
2007-08-14,34.72594451904297,35.07670974731445,33.94646072387695,34.07312774658203,130604.0
2007-08-16,33.712615966796875,33.712615966796875,32.3485221862793,32.74800491333008,92620.0
2007-08-17,31.88083267211914,32.15365219116211,31.374168395996094,31.92955207824707,416599.0
2007-08-20,32.377750396728516,33.69313049316406,30.692121505737305,30.82853126525879,724747.0
2007-08-21,31.00391387939453,31.559295654296875,29.34751319885254,29.41571807861328,365919.0
2007-08-22,29.7177677154541,30.7895565032959,29.474180221557617,30.40955924987793,53497.0
2007-08-23,31.744422912597656,31.744422912597656,30.799299240112305,31.189041137695312,249396.0
2007-08-24,31.179298400878906,31.646987915039062,30.399816513061523,31.023401260375977,145532.0
2007-08-27,31.374168395996094,31.939292907714844,30.7895565032959,31.520322799682617,135433.0
2007-08-28,31.56903839111328,31.949037551879883,31.179298400878906,31.666475296020508,93313.0
2007-08-29,30.7895565032959,31.715192794799805,30.7895565032959,31.598270416259766,33073.0
2007-08-30,31.19878578186035,32.52390670776367,31.081863403320312,31.19878578186035,207968.0
2007-08-31,31.46186065673828,33.3228759765625,31.374168395996094,32.36800765991211,103951.0
2007-09-03,33.51774597167969,34.3946647644043,33.3228759765625,33.97569274902344,151238.0
2007-09-04,33.34236145019531,34.68696975708008,33.3228759765625,34.316715240478516,185384.0
2007-09-05,34.2972297668457,36.63567352294922,34.2972297668457,35.54439926147461,280586.0
2007-09-06,35.95362854003906,36.83054733276367,35.10594177246094,36.19721603393555,1453605.0
2007-09-07,37.02541732788086,37.21054458618164,36.00234603881836,36.245933532714844,991811.0
2007-09-10,35.27157974243164,37.99977111816406,35.27157974243164,36.051063537597656,1176919.0
2007-09-11,36.596702575683594,37.02541732788086,35.95362854003906,36.8695182800293,479908.0
2007-09-12,37.80489730834961,37.80489730834961,36.051063537597656,36.42131805419922,241108.0
2007-09-13,36.29465103149414,36.957210540771484,35.466453552246094,35.77824401855469,82757.0
2007-09-14,36.051063537597656,36.33362579345703,35.66132354736328,35.96337127685547,49417.0
2007-09-17,35.41773223876953,35.85619354248047,34.68696975708008,35.008506774902344,106696.0
2007-09-18,35.047481536865234,35.904911041259766,34.696712493896484,35.407989501953125,135997.0
2007-09-19,36.44080352783203,36.79157257080078,35.466453552246094,36.23619079589844,489858.0
2007-09-20,35.66132354736328,36.00234603881836,34.97927474975586,35.904911041259766,149663.0
2007-09-21,35.95362854003906,36.245933532714844,35.10594177246094,35.943885803222656,92959.0
2007-09-24,36.051063537597656,36.051063537597656,35.466453552246094,35.85619354248047,38635.0
2007-09-25,35.66132354736328,35.758758544921875,35.07670974731445,35.38850402832031,129244.0
2007-09-26,35.369014739990234,35.85619354248047,35.29106903076172,35.573631286621094,155846.0
2007-09-27,35.56388854980469,37.31772232055664,35.50542449951172,37.23977279663086,574868.0
2007-09-28,37.51259231567383,40.14334487915039,36.245933532714844,38.311561584472656,291901.0
2007-10-01,38.311561584472656,38.876686096191406,36.8695182800293,37.15208053588867,73335.0
2007-10-03,37.51259231567383,38.23361587524414,37.035160064697266,38.03874588012695,154430.0
2007-10-04,37.43464660644531,42.0920524597168,37.43464660644531,39.139766693115234,472513.0
2007-10-05,40.11411666870117,40.70846939086914,38.584381103515625,38.97412109375,154789.0
2007-10-08,38.7013053894043,39.16899490356445,37.142337799072266,37.88284683227539,145270.0
2007-10-09,37.23977279663086,45.463314056396484,37.02541732788086,44.186912536621094,874149.0
2007-10-10,44.82024002075195,46.379207611083984,41.37103271484375,42.98845672607422,918317.0
2007-10-11,43.65101623535156,44.82024002075195,42.49153518676758,42.852046966552734,1044395.0
2007-10-12,41.137184143066406,42.92025375366211,41.137184143066406,42.79358673095703,875929.0
2007-10-15,43.06640625,44.82024002075195,42.29666519165039,42.929996490478516,644299.0
2007-10-16,42.87153625488281,44.0407600402832,42.111541748046875,43.04691696166992,239820.0
2007-10-17,36.37260055541992,43.33922576904297,36.37260055541992,42.91050720214844,124826.0
2007-10-18,42.53050994873047,43.456146240234375,41.31256866455078,41.51718521118164,190598.0
2007-10-19,40.94231414794922,43.44640350341797,40.9130859375,42.705894470214844,175188.0
2007-10-22,40.922828674316406,42.968971252441406,40.922828674316406,42.83256149291992,874631.0
2007-10-23,43.26127624511719,43.26127624511719,42.286922454833984,42.83256149291992,382469.0
2007-10-24,43.44640350341797,45.20023727416992,42.67666244506836,44.03101348876953,782904.0
2007-10-25,45.40485382080078,49.30226516723633,44.43050003051758,45.91151809692383,1240192.0
2007-10-26,47.33407211303711,48.707908630371094,46.18433380126953,48.10381317138672,376788.0
2007-10-29,49.6920051574707,57.48683166503906,49.6920051574707,51.5140495300293,666149.0
2007-10-30,51.5140495300293,53.29711151123047,44.82024002075195,51.582252502441406,770916.0
2007-10-31,52.595577239990234,52.595577239990234,47.74330139160156,52.16686248779297,166151.0
2007-11-01,48.824832916259766,54.12531280517578,48.824832916259766,52.108402252197266,222665.0
2007-11-02,48.81509017944336,53.57967758178711,48.81509017944336,52.77096176147461,364113.0
2007-11-05,51.436100006103516,53.589420318603516,51.436100006103516,52.566349029541016,360049.0
2007-11-06,51.64071273803711,53.589420318603516,51.64071273803711,52.878143310546875,243807.0
2007-11-07,53.589420318603516,54.56377029418945,51.64071273803711,53.189937591552734,77307.0
2007-11-08,51.085330963134766,53.589420318603516,51.085330963134766,53.199676513671875,100441.0
2007-11-12,51.64071273803711,57.584266662597656,50.666358947753906,55.48940658569336,492444.0
2007-11-13,54.17403030395508,56.51247787475586,52.64429473876953,54.25197982788086,1219670.0
2007-11-14,54.56377029418945,57.2724723815918,54.368900299072266,55.64530563354492,513063.0
2007-11-15,51.95250701904297,59.240665435791016,51.95250701904297,58.36375045776367,440764.0
2007-11-16,56.892478942871094,60.117584228515625,56.892478942871094,59.406307220458984,234863.0
2007-11-19,59.825279235839844,60.79963302612305,58.87041091918945,59.766815185546875,149427.0
2007-11-20,57.68170166015625,59.91297149658203,57.68170166015625,58.79246520996094,152496.0
2007-11-21,56.53196334838867,59.4355354309082,56.53196334838867,58.97759246826172,440317.0
2007-11-22,58.461185455322266,59.04579544067383,57.19452667236328,58.461185455322266,709624.0
2007-11-23,56.53196334838867,59.2211799621582,56.53196334838867,59.14323043823242,256878.0
2007-11-26,59.4355354309082,59.62066650390625,57.89605712890625,58.66579818725586,64386.0
2007-11-27,59.4355354309082,60.02014923095703,57.87657165527344,58.50990295410156,275557.0
2007-11-28,60.02014923095703,60.69245529174805,58.65605545043945,59.81553649902344,130758.0
2007-11-29,61.18937301635742,61.95911407470703,59.240665435791016,60.92629623413086,175152.0
2007-11-30,60.429378509521484,63.508331298828125,60.429378509521484,62.57295227050781,91065.0
2007-12-03,63.5278205871582,65.47652435302734,63.332950592041016,64.29756164550781,131220.0
2007-12-04,66.0611343383789,66.0611343383789,62.35859680175781,63.332950592041016,2683683.0
2007-12-05,64.6970443725586,65.28165435791016,58.47092819213867,63.99551010131836,513853.0
2007-12-06,64.32678985595703,66.0611343383789,63.94679260253906,64.24884033203125,46902.0
2007-12-07,65.9344711303711,65.9344711303711,64.30730438232422,64.79447937011719,66746.0
2007-12-10,65.67139434814453,66.25601196289062,64.30730438232422,64.63858032226562,115851.0
2007-12-11,66.13908386230469,66.13908386230469,63.91756057739258,64.46319580078125,266407.0
2007-12-12,64.30730438232422,68.3021469116211,62.3878288269043,68.15599822998047,3400543.0
2007-12-13,67.23036193847656,67.42523193359375,65.86626434326172,67.03549194335938,156693.0
2007-12-14,67.23036193847656,72.88160705566406,67.23036193847656,71.51751708984375,530726.0
2007-12-17,73.99237060546875,75.80467224121094,69.56880950927734,72.94981384277344,1993538.0
2007-12-18,72.94981384277344,72.94981384277344,72.94981384277344,72.94981384277344,0.0
2007-12-19,73.27135467529297,78.18209075927734,72.92058563232422,76.04825592041016,396976.0
2007-12-20,77.93850708007812,78.18209075927734,73.27135467529297,76.2723617553711,300014.0
2007-12-24,77.9482421875,81.84565734863281,75.62928771972656,80.8031005859375,319832.0
2007-12-26,82.23539733886719,82.23539733886719,77.9482421875,79.29285430908203,285630.0
2007-12-27,79.8969497680664,84.76871490478516,76.77902221679688,81.25130462646484,609671.0
2007-12-28,82.60565185546875,82.60565185546875,77.55850219726562,78.52311706542969,290182.0
2007-12-31,81.45591735839844,81.45591735839844,78.5328598022461,79.30259704589844,165730.0
2008-01-01,79.8969497680664,81.26104736328125,76.97389221191406,77.39286804199219,207932.0
2008-01-02,77.9482421875,79.69233703613281,76.97389221191406,79.11746978759766,1415775.0
2008-01-03,79.70207977294922,79.70207977294922,75.99954223632812,76.90568542480469,692895.0
2008-01-04,77.92875671386719,78.3379898071289,75.20056915283203,76.2723617553711,310852.0
2008-01-07,75.99954223632812,77.9482421875,74.29441833496094,76.1651840209961,3237132.0
2008-01-08,76.97389221191406,78.5328598022461,75.02518463134766,77.93850708007812,542780.0
2008-01-09,78.14311981201172,78.92259979248047,77.36363220214844,77.98722076416016,265499.0
2008-01-10,77.9482421875,78.92259979248047,77.4026107788086,78.12362670898438,148498.0
2008-01-11,76.97389221191406,79.49746704101562,76.77902221679688,78.7569580078125,181387.0
2008-01-14,78.92259979248047,79.69233703613281,77.48055267333984,79.4682388305664,85569.0
2008-01-15,79.09798431396484,79.09798431396484,78.24055480957031,78.68875122070312,56391.0
2008-01-16,76.19441223144531,79.8774642944336,76.19441223144531,79.51695251464844,267521.0
2008-01-17,78.5523452758789,79.70207977294922,77.9482421875,79.22464752197266,607793.0
2008-01-18,78.92259979248047,80.34515380859375,78.14311981201172,79.02977752685547,368516.0
2008-01-21,77.9482421875,79.11746978759766,74.2457046508789,76.4867172241211,1473942.0
2008-01-22,64.7165298461914,75.60979461669922,62.35859680175781,66.26575469970703,336664.0
2008-01-23,76.20415496826172,77.75337219238281,64.32678985595703,76.01902770996094,201020.0
2008-01-24,76.97389221191406,78.14311981201172,73.19340515136719,74.32365417480469,375854.0
2008-01-25,72.5113525390625,77.75337219238281,72.2969970703125,77.22722625732422,182156.0
2008-01-28,76.57440948486328,76.57440948486328,73.66109466552734,76.11646270751953,75373.0
2008-01-29,77.53901672363281,77.53901672363281,74.05083465576172,75.56108093261719,35367.0
2008-01-30,75.41492462158203,75.99954223632812,73.07647705078125,75.2687759399414,86041.0
2008-01-31,75.98005676269531,77.16876220703125,72.10212707519531,76.53543090820312,247051.0
2008-02-01,76.77902221679688,76.97389221191406,74.84980010986328,76.62312316894531,49915.0
2008-02-04,76.21389770507812,78.3379898071289,75.02518463134766,77.93850708007812,153866.0
2008-02-05,76.31133270263672,78.5328598022461,76.31133270263672,78.17234802246094,69753.0
2008-02-06,77.75337219238281,78.12362670898438,73.29084014892578,77.58773803710938,47508.0
2008-02-07,77.9482421875,77.9482421875,76.97389221191406,77.68517303466797,87227.0
2008-02-08,76.99337768554688,77.75337219238281,75.80467224121094,76.8179931640625,304340.0
2008-02-11,76.78876495361328,77.71440124511719,74.05083465576172,75.4636459350586,240533.0
2008-02-12,76.3892822265625,76.3892822265625,70.54315948486328,73.05699157714844,2705005.0
2008-02-13,73.07647705078125,75.02518463134766,63.23551559448242,71.89751434326172,785788.0
2008-02-14,73.66109466552734,77.9482421875,72.2969970703125,77.5292739868164,604826.0
2008-02-15,92.03739166259766,92.03739166259766,75.02518463134766,77.55850219726562,69025.0
2008-02-18,76.3892822265625,78.14311981201172,75.99954223632812,77.88004302978516,93343.0
2008-02-19,77.9482421875,78.24055480957031,76.97389221191406,77.88978576660156,2021813.0
2008-02-20,78.92259979248047,78.92259979248047,74.20673370361328,75.87287902832031,2280831.0
2008-02-21,76.6036376953125,76.6036376953125,73.46622467041016,75.98005676269531,143115.0
2008-02-22,75.044677734375,77.16876220703125,74.4600601196289,76.26261901855469,138445.0
2008-02-25,75.99954223632812,76.53543090820312,68.21446228027344,75.99954223632812,379385.0
2008-02-26,77.16876220703125,77.16876220703125,75.99954223632812,76.08723449707031,138091.0
2008-02-27,75.22005462646484,76.8179931640625,75.22005462646484,76.2723617553711,87601.0
2008-02-28,76.75953674316406,76.75953674316406,75.22005462646484,76.00928497314453,53312.0
2008-02-29,76.19441223144531,76.76927947998047,74.5574951171875,76.12620544433594,836760.0
2008-03-03,73.45648193359375,77.26619720458984,73.45648193359375,75.69749450683594,57145.0
2008-03-04,74.05083465576172,75.82415771484375,72.6087875366211,74.60621643066406,105408.0
2008-03-05,75.31748962402344,75.38569641113281,74.10929870605469,74.78160095214844,72930.0
2008-03-07,73.85596466064453,73.85596466064453,68.28266143798828,71.94622802734375,149499.0
2008-03-10,70.56265258789062,72.46263885498047,66.6554946899414,68.11701965332031,444315.0
2008-03-11,66.84062194824219,70.1534194946289,66.84062194824219,67.92214965820312,493168.0
2008-03-12,70.1534194946289,70.73802947998047,65.28165435791016,68.71138000488281,534369.0
2008-03-13,68.2047119140625,68.5944595336914,64.30730438232422,65.69088745117188,1125895.0
2008-03-14,66.25601196289062,68.5944595336914,63.91756057739258,65.9344711303711,1106749.0
2008-03-17,62.35859680175781,65.28165435791016,60.604759216308594,62.339107513427734,1355263.0
2008-03-18,63.23551559448242,63.72269058227539,60.429378509521484,62.26116180419922,1517709.0
2008-03-19,63.91756057739258,63.91756057739258,61.4232177734375,62.017574310302734,772938.0
2008-03-24,60.83860778808594,62.329368591308594,59.825279235839844,61.520652770996094,661808.0
2008-03-25,60.721683502197266,70.7282943725586,60.721683502197266,68.88676452636719,170389.0
2008-03-26,68.2047119140625,68.2047119140625,66.46062469482422,67.22061920166016,180098.0
2008-03-27,67.81497192382812,69.95854949951172,65.11601257324219,67.27908325195312,314075.0
2008-03-28,67.19139099121094,68.19497680664062,64.81396484375,66.17806243896484,302775.0
2008-03-31,66.24626922607422,66.45088195800781,64.5021743774414,65.78832244873047,367305.0
2008-04-01,65.27191162109375,65.27191162109375,62.84577178955078,64.08320617675781,315799.0
2008-04-02,66.45088195800781,66.45088195800781,64.52165985107422,65.59345245361328,275126.0
2008-04-03,67.40574645996094,67.40574645996094,63.566795349121094,63.95653533935547,287765.0
2008-04-04,64.11243438720703,64.11243438720703,62.35859680175781,63.021156311035156,1445795.0
2008-04-07,65.86626434326172,65.86626434326172,62.35859680175781,63.332950592041016,105808.0
2008-04-08,63.32320785522461,63.332950592041016,62.57295227050781,63.01141357421875,152537.0
2008-04-09,64.30730438232422,64.30730438232422,62.35859680175781,62.89448928833008,388888.0
2008-04-10,63.3037223815918,63.332950592041016,62.35859680175781,63.28423309326172,90521.0
2008-04-11,63.83961486816406,64.11243438720703,62.63141632080078,63.86884307861328,120721.0
2008-04-15,63.35243606567383,64.30730438232422,62.66064453125,64.05397033691406,74351.0
2008-04-16,64.29756164550781,64.40473937988281,62.163726806640625,62.85551834106445,820944.0
2008-04-17,62.943206787109375,63.86884307861328,62.943206787109375,63.35243606567383,29357.0
2008-04-21,63.32320785522461,64.11243438720703,62.553466796875,63.41089630126953,78729.0
2008-04-22,62.35859680175781,64.09294128417969,62.35859680175781,63.23551559448242,35187.0
2008-04-23,63.332950592041016,63.332950592041016,62.378082275390625,63.01141357421875,315121.0
2008-04-24,62.943206787109375,63.13808059692383,62.2903938293457,62.6021842956543,558185.0
2008-04-25,63.06987380981445,63.06987380981445,61.96885681152344,62.66064453125,117965.0
2008-04-28,62.17346954345703,63.3037223815918,62.17346954345703,62.47551727294922,135725.0
2008-04-29,62.943206787109375,63.6837158203125,62.378082275390625,62.71910858154297,189684.0
2008-04-30,62.35859680175781,63.5278205871582,62.35859680175781,62.982181549072266,806581.0
2008-05-02,63.31346130371094,63.712947845458984,62.95295333862305,63.12833786010742,48832.0
2008-05-05,63.32320785522461,64.5021743774414,62.943206787109375,62.95295333862305,723582.0
2008-05-06,62.95295333862305,63.23551559448242,62.26116180419922,62.83603286743164,334503.0
2008-05-07,62.758079528808594,63.332950592041016,61.77398681640625,62.02731704711914,119140.0
2008-05-08,61.96885681152344,62.35859680175781,60.91655349731445,61.92013931274414,74536.0
2008-05-09,63.332950592041016,73.66109466552734,59.14323043823242,60.43912124633789,306577.0
2008-05-12,59.46476745605469,69.9195785522461,58.071441650390625,61.30629348754883,687261.0
2008-05-13,63.90782165527344,63.90782165527344,60.74116897583008,61.35501480102539,359330.0
2008-05-14,60.604759216308594,63.332950592041016,58.08118438720703,59.56220245361328,1084688.0
2008-05-15,59.825279235839844,62.74833679199219,58.461185455322266,62.192955017089844,261409.0
2008-05-16,62.35859680175781,63.898075103759766,61.23809051513672,62.417057037353516,39888.0
2008-05-20,61.44270324707031,63.332950592041016,61.38424301147461,62.53398132324219,596929.0
2008-05-21,61.40372848510742,64.30730438232422,61.40372848510742,63.69346237182617,79811.0
2008-05-22,62.35859680175781,64.30730438232422,62.35859680175781,63.790897369384766,37496.0
2008-05-23,63.72269058227539,66.645751953125,62.943206787109375,65.8272933959961,661613.0
2008-05-26,65.08678436279297,68.1072769165039,63.72269058227539,66.8698501586914,391890.0
2008-05-27,68.95497131347656,68.95497131347656,65.30113983154297,66.82113647460938,336695.0
2008-05-28,68.2047119140625,68.2047119140625,63.91756057739258,65.13550567626953,75203.0
2008-05-29,66.01242065429688,68.2047119140625,64.55088806152344,66.68472290039062,97623.0
2008-05-30,66.27549743652344,68.2047119140625,64.30730438232422,67.53240966796875,87719.0
2008-06-02,68.2047119140625,68.2047119140625,65.67139434814453,66.19754791259766,102493.0
2008-06-03,65.28165435791016,67.19139099121094,62.86526107788086,65.54473114013672,147174.0
2008-06-04,66.35344696044922,66.35344696044922,63.820125579833984,64.29756164550781,93292.0
2008-06-05,64.30730438232422,66.0611343383789,62.436546325683594,64.9308853149414,122045.0
2008-06-06,64.32678985595703,66.13908386230469,63.38166809082031,64.17089080810547,199260.0
2008-06-09,62.35859680175781,63.34269332885742,59.844764709472656,61.51091003417969,101698.0
2008-06-10,62.06629180908203,62.06629180908203,58.55862045288086,60.2345085144043,553864.0
2008-06-11,63.90782165527344,63.90782165527344,58.26631546020508,59.15297317504883,832726.0
2008-06-12,58.48067092895508,60.21501922607422,58.12015914916992,59.18220520019531,186970.0
2008-06-13,58.85092544555664,60.02014923095703,58.26631546020508,59.42579650878906,198839.0
2008-06-16,60.79963302612305,61.93962860107422,58.85092544555664,59.28938293457031,289089.0
2008-06-17,60.13706970214844,62.35859680175781,59.347843170166016,61.65706253051758,74865.0
2008-06-18,62.456031799316406,62.74833679199219,61.40372848510742,62.22218704223633,78349.0
2008-06-19,61.38424301147461,61.559627532958984,59.53297424316406,60.3416862487793,55375.0
2008-06-20,60.66322326660156,61.5791130065918,59.07502746582031,59.796051025390625,88540.0
2008-06-23,58.78272247314453,60.02014923095703,58.41246795654297,58.65605545043945,206891.0
2008-06-24,58.55862045288086,59.630409240722656,57.291961669921875,58.26631546020508,412873.0
2008-06-25,57.09709167480469,59.240665435791016,56.70734786987305,58.568363189697266,204725.0
2008-06-26,59.60117721557617,59.825279235839844,57.68170166015625,58.422210693359375,320510.0
2008-06-27,58.344261169433594,59.41604995727539,56.902217864990234,58.422210693359375,146132.0
2008-06-30,56.70734786987305,60.21501922607422,53.66736602783203,56.05453109741211,303524.0
2008-07-01,53.199676513671875,58.05195617675781,53.199676513671875,55.47966384887695,242299.0
2008-07-02,53.71608352661133,57.48683166503906,53.71608352661133,56.81452560424805,393840.0
2008-07-03,53.60890579223633,56.892478942871094,53.60890579223633,56.39555740356445,92179.0
2008-07-04,53.64788055419922,56.51247787475586,53.64788055419922,54.77812957763672,441888.0
2008-07-07,54.77812957763672,58.071441650390625,54.77812957763672,57.818111419677734,122979.0
2008-07-08,55.02172088623047,69.37393951416016,55.02172088623047,60.263736724853516,16191296.0
2008-07-09,59.4355354309082,61.286808013916016,58.071441650390625,58.44169616699219,284542.0
2008-07-10,58.26631546020508,59.19194793701172,57.106834411621094,58.32477569580078,149365.0
2008-07-11,58.26631546020508,58.45144271850586,57.710933685302734,58.042213439941406,410687.0
2008-07-14,58.675540924072266,58.675540924072266,56.92170715332031,57.467342376708984,126514.0
2008-07-15,55.538124084472656,57.48683166503906,55.538124084472656,56.92170715332031,111289.0
2008-07-16,53.64788055419922,57.87657165527344,53.64788055419922,56.38581466674805,160491.0
2008-07-17,53.64788055419922,57.48683166503906,53.64788055419922,55.30427932739258,163364.0
2008-07-18,53.64788055419922,56.122737884521484,53.589420318603516,54.43710708618164,616706.0
2008-07-21,53.7842903137207,56.51247787475586,52.84891128540039,54.46633529663086,453880.0
2008-07-22,54.183773040771484,55.14838409423828,53.589420318603516,54.41761779785156,679676.0
2008-07-23,55.14838409423828,57.82785415649414,52.61506652832031,55.03145980834961,844031.0
2008-07-24,56.902217864990234,57.457603454589844,54.39813232421875,56.346839904785156,400547.0
2008-07-25,56.415042877197266,58.1883659362793,55.19710159301758,57.28221893310547,307198.0
2008-07-28,53.969417572021484,58.85092544555664,53.969417572021484,57.68170166015625,325667.0
2008-07-29,56.55145263671875,59.367332458496094,55.65504837036133,57.36990737915039,470414.0
2008-07-30,57.48683166503906,58.461185455322266,57.145809173583984,57.91554641723633,1375163.0
2008-07-31,57.89605712890625,58.65605545043945,56.1422233581543,56.834014892578125,1010952.0
2008-08-01,53.64788055419922,58.26631546020508,53.64788055419922,57.89605712890625,391741.0
2008-08-04,56.902217864990234,61.4816780090332,56.902217864990234,60.54629898071289,349596.0
2008-08-05,58.65605545043945,61.77398681640625,55.664791107177734,59.445281982421875,549225.0
2008-08-06,58.65605545043945,61.559627532958984,58.65605545043945,60.390403747558594,190280.0
2008-08-07,58.85092544555664,61.3647575378418,58.85092544555664,61.05296325683594,1949950.0
2008-08-08,60.02014923095703,63.332950592041016,60.02014923095703,62.758079528808594,72766.0
2008-08-11,62.943206787109375,67.02574920654297,62.943206787109375,66.58728790283203,1131186.0
2008-08-12,62.35859680175781,69.52983856201172,62.35859680175781,68.9159927368164,285471.0
2008-08-13,69.17906951904297,69.17906951904297,65.28165435791016,68.0877914428711,104279.0
2008-08-14,68.1072769165039,68.1072769165039,66.645751953125,67.63958740234375,322834.0
2008-08-18,67.23036193847656,67.79548645019531,66.84062194824219,67.49343872070312,115302.0
2008-08-19,64.52165985107422,67.62010192871094,64.52165985107422,67.11344146728516,344295.0
2008-08-20,66.645751953125,67.42523193359375,66.09037017822266,66.860107421875,291773.0
2008-08-21,66.84062194824219,66.84062194824219,63.332950592041016,65.47652435302734,454717.0
2008-08-22,65.47652435302734,67.62010192871094,65.08678436279297,66.17806243896484,1404583.0
2008-08-25,63.35243606567383,68.16574096679688,63.35243606567383,66.35344696044922,285230.0
2008-08-26,66.25601196289062,69.55906677246094,64.58012390136719,66.31446838378906,152968.0
2008-08-27,62.943206787109375,67.15241241455078,62.943206787109375,66.12934875488281,164734.0
2008-08-28,66.12934875488281,66.12934875488281,66.12934875488281,66.12934875488281,0.0
2008-08-29,62.553466796875,66.40216064453125,62.553466796875,66.23651885986328,117529.0
2008-09-01,66.0611343383789,66.72370147705078,65.39857482910156,66.49959564208984,56637.0
2008-09-02,65.79806518554688,66.58728790283203,65.48626708984375,66.12934875488281,222522.0
2008-09-04,61.96885681152344,66.43138885498047,61.96885681152344,65.99293518066406,216974.0
2008-09-05,66.03191375732422,66.45088195800781,65.08678436279297,65.25242614746094,232236.0
2008-09-08,66.0611343383789,66.35344696044922,65.29139709472656,65.95396423339844,200630.0
2008-09-09,65.5155029296875,66.35344696044922,63.5180778503418,66.11959838867188,111935.0
2008-09-10,64.34627532958984,66.25601196289062,64.34627532958984,65.90524291992188,235181.0
2008-09-11,65.85652923583984,65.86626434326172,63.547306060791016,64.29756164550781,374043.0
2008-09-12,64.5021743774414,65.28165435791016,62.74833679199219,64.08320617675781,499572.0
2008-09-15,64.30730438232422,64.30730438232422,61.38424301147461,62.270904541015625,473426.0
2008-09-16,59.445281982421875,61.764244079589844,59.4355354309082,60.73142623901367,896558.0
2008-09-17,60.47809600830078,61.18937301635742,59.4355354309082,60.010406494140625,216312.0
2008-09-18,58.85092544555664,61.96885681152344,57.70118713378906,59.523231506347656,462640.0
2008-09-19,60.21501922607422,64.30730438232422,59.45502471923828,61.6375732421875,266053.0
2008-09-22,62.35859680175781,63.32320785522461,61.96885681152344,62.4462890625,39657.0
2008-09-23,61.02373123168945,62.35859680175781,59.825279235839844,61.5303955078125,48981.0
2008-09-24,61.598602294921875,62.35859680175781,60.79963302612305,61.208858489990234,32637.0
2008-09-25,61.22834777832031,61.22834777832031,59.240665435791016,60.21501922607422,227058.0
2008-09-26,59.630409240722656,60.994503021240234,58.87041091918945,60.36117172241211,40149.0
2008-09-29,60.283226013183594,60.29296875,57.68170166015625,59.03605270385742,273853.0
2008-09-30,57.66221618652344,60.409889221191406,57.19452667236328,59.81553649902344,226124.0
2008-10-01,59.00682067871094,62.309879302978516,58.461185455322266,60.29296875,317343.0
2008-10-03,60.21501922607422,60.21501922607422,57.291961669921875,57.96426773071289,158879.0
2008-10-06,56.92170715332031,57.68170166015625,47.93817138671875,48.824832916259766,94401.0
2008-10-07,44.43050003051758,54.47608184814453,44.43050003051758,50.646873474121094,872250.0
2008-10-08,45.2197265625,50.666358947753906,41.692569732666016,46.46689987182617,114522.0
2008-10-10,42.87153625488281,44.859214782714844,41.89718246459961,44.518192291259766,2016122.0
2008-10-13,45.209983825683594,49.30226516723633,42.111541748046875,46.66176986694336,550370.0
2008-10-14,49.10739517211914,49.30226516723633,46.18433380126953,46.78843307495117,1658095.0
2008-10-15,40.065399169921875,48.30842590332031,40.065399169921875,47.10022735595703,99717.0
2008-10-16,44.23563003540039,48.52278137207031,39.36386489868164,46.85663986206055,90613.0
2008-10-17,46.379207611083984,48.42534637451172,45.015113830566406,45.755619049072266,58069.0
2008-10-20,48.327911376953125,48.52278137207031,42.891021728515625,43.767940521240234,348934.0
2008-10-21,43.26127624511719,46.28177261352539,42.140769958496094,42.91050720214844,104854.0
2008-10-22,42.852046966552734,42.87153625488281,39.36386489868164,41.556156158447266,63683.0
2008-10-23,39.16899490356445,43.84588623046875,38.77925109863281,41.35154342651367,160357.0
2008-10-24,41.410003662109375,41.89718246459961,38.77925109863281,40.27001190185547,133760.0
2008-10-27,38.77925109863281,40.922828674316406,37.06439208984375,39.35411834716797,614915.0
2008-10-29,40.922828674316406,41.682823181152344,39.96796417236328,40.14334487915039,2994155.0
2008-10-31,38.99361038208008,42.87153625488281,38.99361038208008,41.828975677490234,566478.0
2008-11-03,42.87153625488281,45.40485382080078,40.133602142333984,41.75102996826172,37686.0
2008-11-04,41.117698669433594,42.286922454833984,40.18231964111328,41.760772705078125,33981.0
2008-11-05,42.53050994873047,43.06640625,41.92641067504883,42.29666519165039,29080.0
2008-11-06,42.0920524597168,43.65101623535156,40.72795867919922,41.682823181152344,374304.0
2008-11-07,40.27001190185547,42.26743698120117,39.9484748840332,41.66333770751953,570085.0
2008-11-10,41.89718246459961,43.06640625,40.53308868408203,42.140769958496094,113844.0
2008-11-11,41.29308319091797,42.852046966552734,40.93257141113281,41.17616271972656,33663.0
2008-11-12,40.922828674316406,40.922828674316406,39.54899215698242,39.97770690917969,55144.0
2008-11-14,40.72795867919922,40.72795867919922,38.77925109863281,39.8900146484375,368665.0
2008-11-17,39.9484748840332,39.9484748840332,39.36386489868164,39.57822036743164,391079.0
2008-11-18,38.99361038208008,39.85103988647461,38.019256591796875,39.042327880859375,1010439.0
2008-11-19,38.97412109375,39.32489013671875,37.61002731323242,38.555152893066406,1584199.0
2008-11-20,38.555152893066406,38.555152893066406,38.555152893066406,38.555152893066406,0.0
2008-11-21,37.9023323059082,38.77925109863281,37.23003005981445,38.02899932861328,1728736.0
2008-11-24,36.63567352294922,39.41258239746094,36.63567352294922,38.019256591796875,1404172.0
2008-11-25,38.19464111328125,40.922828674316406,38.19464111328125,38.876686096191406,658590.0
2008-11-26,37.61002731323242,40.338218688964844,37.22028732299805,38.98386764526367,1050553.0
2008-11-27,38.98386764526367,38.98386764526367,38.98386764526367,38.98386764526367,0.0
2008-11-28,37.99977111816406,44.0407600402832,37.99977111816406,43.31973648071289,129254.0
2008-12-01,43.82640075683594,44.43050003051758,41.43923568725586,42.257694244384766,249350.0
2008-12-02,40.56231689453125,42.67666244506836,39.55873489379883,40.36744689941406,137342.0
2008-12-03,39.9484748840332,40.53308868408203,38.97412109375,40.15309143066406,283536.0
2008-12-04,40.89360046386719,40.89360046386719,38.77925109863281,39.256683349609375,3105096.0
2008-12-05,38.97412109375,39.90950012207031,38.22386932373047,39.01309585571289,1194654.0
2008-12-08,39.55873489379883,41.507442474365234,38.63309860229492,39.35411834716797,787163.0
2008-12-10,40.922828674316406,40.922828674316406,38.24335861206055,38.72079086303711,1964000.0
2008-12-11,38.058231353759766,38.52592086791992,35.85619354248047,37.08387756347656,548122.0
2008-12-12,36.62593078613281,37.21054458618164,35.232608795166016,36.96695327758789,705632.0
2008-12-15,38.97412109375,38.97412109375,37.10336685180664,38.90591812133789,106034.0
2008-12-16,38.21412658691406,39.85103988647461,37.99977111816406,38.623355865478516,100964.0
2008-12-17,39.55873489379883,39.8412971496582,37.80489730834961,38.964378356933594,98244.0
2008-12-18,38.64284133911133,39.36386489868164,37.28849411010742,38.730533599853516,9667799.0
2008-12-19,38.94489288330078,39.61719512939453,38.02899932861328,38.584381103515625,8686076.0
2008-12-22,38.95463562011719,39.55873489379883,37.99977111816406,38.19464111328125,151166.0
2008-12-23,37.99977111816406,38.857200622558594,37.7366943359375,38.399253845214844,66546.0
2008-12-24,38.77925109863281,38.77925109863281,37.39567184448242,38.00951385498047,96941.0
2008-12-26,38.00951385498047,38.94489288330078,37.80489730834961,37.99977111816406,34448.0
2008-12-29,37.99977111816406,38.584381103515625,37.82438659667969,37.99977111816406,35367.0
2008-12-30,38.097206115722656,38.7110481262207,37.639259338378906,38.07771682739258,69025.0
2008-12-31,38.19464111328125,38.57463836669922,37.5223388671875,37.99002456665039,39693.0
2009-01-02,37.80489730834961,38.17515182495117,37.61002731323242,37.93156433105469,727087.0
2009-01-05,38.77925109863281,39.461299896240234,37.99977111816406,38.67207336425781,3849738.0
2009-01-06,38.38951110839844,38.555152893066406,37.951053619384766,38.00951385498047,2648634.0
2009-01-07,38.52592086791992,38.52592086791992,36.889007568359375,37.64900207519531,208779.0
2009-01-09,36.30439376831055,38.19464111328125,36.30439376831055,37.99977111816406,3662347.0
2009-01-12,37.99977111816406,38.759765625,37.035160064697266,37.99977111816406,55708.0
2009-01-13,37.980281829833984,38.19464111328125,37.81464385986328,38.00951385498047,71057.0
2009-01-14,37.99977111816406,38.935150146484375,37.43464660644531,37.97053909301758,82921.0
2009-01-15,37.02541732788086,37.99977111816406,37.02541732788086,37.88284683227539,1606296.0
2009-01-16,37.99977111816406,38.35053634643555,37.6295166015625,37.980281829833984,157314.0
2009-01-19,38.77925109863281,38.77925109863281,37.65874481201172,37.86336135864258,378071.0
2009-01-20,37.93156433105469,37.99002456665039,37.61002731323242,37.9023323059082,121034.0
2009-01-21,38.019256591796875,38.019256591796875,37.415157318115234,37.82438659667969,493932.0
2009-01-22,37.92182159423828,38.19464111328125,36.051063537597656,36.16798782348633,5519872.0
2009-01-23,36.83054733276367,37.7854118347168,33.51774597167969,37.532081604003906,317774.0
2009-01-27,37.02541732788086,37.80489730834961,34.90132522583008,37.17156982421875,3162908.0
2009-01-28,37.22028732299805,37.39567184448242,36.051063537597656,37.035160064697266,28511.0
2009-01-29,37.200801849365234,37.385929107666016,36.19721603393555,36.431060791015625,39821.0
2009-01-30,37.415157318115234,38.46746063232422,34.735687255859375,36.6649055480957,606771.0
2009-02-02,35.95362854003906,37.21054458618164,35.758758544921875,36.07054901123047,89572.0
2009-02-03,37.00592803955078,37.00592803955078,36.051063537597656,36.596702575683594,61009.0
2009-02-04,35.85619354248047,37.22028732299805,35.680809020996094,36.616188049316406,51146.0
2009-02-05,37.22028732299805,37.22028732299805,35.758758544921875,36.69413757324219,37768.0
2009-02-06,36.09978103637695,37.02541732788086,36.08029556274414,36.98644256591797,4687243.0
2009-02-09,36.07054901123047,37.61002731323242,36.07054901123047,36.499267578125,2998327.0
2009-02-10,36.34336853027344,37.57105255126953,36.138755798339844,37.23977279663086,75054.0
2009-02-11,36.97669982910156,36.98644256591797,35.56388854980469,36.216705322265625,3778178.0
2009-02-12,36.34336853027344,37.02541732788086,35.85619354248047,36.09978103637695,69040.0
2009-02-13,36.957210540771484,37.765926361083984,35.904911041259766,37.6782341003418,87206.0
2009-02-16,36.6649055480957,37.415157318115234,35.904911041259766,36.401832580566406,26340.0
2009-02-17,35.27157974243164,36.97669982910156,35.27157974243164,36.10952377319336,9724.0
2009-02-18,35.758758544921875,36.83054733276367,35.378761291503906,35.84645080566406,80976.0
2009-02-19,36.63567352294922,36.63567352294922,35.466453552246094,35.98286056518555,14727.0
2009-02-20,34.881839752197266,36.63567352294922,34.881839752197266,36.138755798339844,36721.0
2009-02-24,36.04132080078125,36.47977828979492,35.4274787902832,35.84645080566406,3529557.0
2009-02-25,36.051063537597656,36.41157531738281,35.5833740234375,36.09003829956055,43854.0
2009-02-26,35.67106628417969,37.40541458129883,35.67106628417969,36.07054901123047,15836.0
2009-02-27,36.051063537597656,36.392086029052734,35.5346565246582,36.16798782348633,27726.0
2009-03-02,36.04132080078125,36.44080352783203,35.485939025878906,36.012088775634766,34669.0
2009-03-03,35.85619354248047,36.245933532714844,35.50542449951172,36.03157424926758,87021.0
2009-03-04,37.02541732788086,37.02541732788086,35.515167236328125,36.00234603881836,387385.0
2009-03-05,36.04132080078125,36.22644805908203,35.485939025878906,35.943885803222656,181043.0
2009-03-06,35.85619354248047,36.20695877075195,35.369014739990234,35.95362854003906,197572.0
2009-03-09,35.85619354248047,36.051063537597656,35.50542449951172,35.66132354736328,433626.0
2009-03-12,36.00234603881836,36.03157424926758,35.49568176269531,35.66132354736328,202719.0
2009-03-13,36.051063537597656,36.22644805908203,35.573631286621094,35.865936279296875,360244.0
2009-03-16,36.051063537597656,36.09978103637695,35.593116760253906,35.98286056518555,154615.0
2009-03-17,35.95362854003906,36.245933532714844,35.71004104614258,35.99260330200195,98270.0
2009-03-18,35.95362854003906,36.09003829956055,35.54439926147461,35.91465377807617,148390.0
2009-03-19,35.95362854003906,36.051063537597656,35.466453552246094,35.934139251708984,153250.0
2009-03-20,36.00234603881836,36.04132080078125,35.38850402832031,35.82696533203125,161676.0
2009-03-23,35.95362854003906,36.051063537597656,35.81721878051758,36.051063537597656,43988.0
2009-03-24,36.051063537597656,36.051063537597656,35.81721878051758,36.012088775634766,43090.0
2009-03-25,36.245933532714844,36.245933532714844,35.56388854980469,35.80747604370117,149027.0
2009-03-26,36.03157424926758,36.051063537597656,35.81721878051758,36.02183532714844,155595.0
2009-03-27,36.051063537597656,36.216705322265625,35.87567901611328,36.06080627441406,31318.0
2009-03-30,36.83054733276367,36.83054733276367,35.81721878051758,35.95362854003906,137126.0
2009-03-31,36.00234603881836,36.051063537597656,35.797733306884766,35.89516830444336,158546.0
2009-04-01,35.95362854003906,36.051063537597656,35.758758544921875,35.88542175292969,34730.0
2009-04-02,35.87567901611328,36.051063537597656,35.81721878051758,36.012088775634766,116497.0
2009-04-06,35.95362854003906,36.051063537597656,35.29106903076172,35.63209533691406,524820.0
2009-04-08,35.95362854003906,36.20695877075195,35.07670974731445,35.700294494628906,178841.0
2009-04-09,36.012088775634766,36.012088775634766,35.56388854980469,35.84645080566406,153045.0
2009-04-13,36.051063537597656,37.02541732788086,35.369014739990234,36.09003829956055,77312.0
2009-04-15,36.09978103637695,42.48179244995117,36.051063537597656,36.38234329223633,908217.0
2009-04-16,37.00592803955078,43.660762786865234,36.83054733276367,41.43923568725586,9450957.0
2009-04-17,42.87153625488281,45.30741882324219,39.987449645996094,42.053077697753906,689139.0
2009-04-20,42.87153625488281,44.60588455200195,42.12128448486328,43.943321228027344,394903.0
2009-04-21,42.822818756103516,43.26127624511719,41.507442474365234,42.84230422973633,256123.0
2009-04-22,43.06640625,43.43666076660156,41.70231246948242,41.906925201416016,67773.0
2009-04-23,41.31256866455078,42.46230697631836,38.97412109375,40.776676177978516,41755140.0
2009-04-24,42.1505126953125,43.456146240234375,41.36128616333008,42.257694244384766,970238.0
2009-04-27,42.48179244995117,42.53050994873047,40.36744689941406,40.9618034362793,280519.0
2009-04-28,40.74744415283203,41.89718246459961,40.338218688964844,40.922828674316406,249237.0
2009-04-29,40.57206344604492,44.23563003540039,40.57206344604492,43.15409851074219,255672.0
2009-04-30,43.15409851074219,43.15409851074219,43.15409851074219,43.15409851074219,0.0
2009-05-04,44.82024002075195,46.28177261352539,43.06640625,45.1710090637207,365817.0
2009-05-05,46.28177261352539,48.327911376953125,44.72280502319336,44.829986572265625,68070.0
2009-05-06,45.59972381591797,45.59972381591797,44.23563003540039,44.82024002075195,902947.0
2009-05-07,44.82024002075195,45.57049560546875,44.72280502319336,45.122291564941406,60799.0
2009-05-08,45.40485382080078,49.08790969848633,44.82024002075195,47.35355758666992,409579.0
2009-05-11,47.74330139160156,48.30842590332031,46.564334869384766,47.840736389160156,168835.0
2009-05-12,47.723812103271484,48.30842590332031,47.158687591552734,47.79201889038086,80166.0
2009-05-13,48.707908630371094,50.56892395019531,47.480224609375,49.730979919433594,436094.0
2009-05-14,57.233497619628906,57.233497619628906,47.75304412841797,48.79560089111328,1150065.0
2009-05-15,50.15969467163086,51.6212272644043,47.947914123535156,49.312007904052734,234843.0
2009-05-18,52.8586540222168,52.8586540222168,52.8586540222168,52.8586540222168,51.0
2009-05-19,56.415042877197266,60.02014923095703,52.8099365234375,56.38581466674805,56271582.0
2009-05-20,58.461185455322266,59.98117446899414,56.53196334838867,58.948360443115234,187729.0
2009-05-21,59.4355354309082,60.409889221191406,55.73299789428711,58.461185455322266,192573.0
2009-05-22,57.70118713378906,57.70118713378906,56.13248062133789,56.580684661865234,68994.0
2009-05-25,56.53196334838867,56.902217864990234,54.368900299072266,55.771968841552734,872501.0
2009-05-26,58.461185455322266,62.35859680175781,55.849918365478516,56.23965835571289,148647.0
2009-05-27,58.26631546020508,58.65605545043945,57.291961669921875,58.28580093383789,166300.0
2009-05-28,58.26631546020508,58.461185455322266,56.70734786987305,56.999656677246094,111566.0
2009-05-29,56.51247787475586,58.44169616699219,55.9278678894043,56.17145538330078,110555.0
2009-06-01,58.461185455322266,66.645751953125,56.81452560424805,58.32477569580078,394389.0
2009-06-02,58.461185455322266,58.461185455322266,56.92170715332031,57.214012145996094,353444.0
2009-06-03,57.48683166503906,58.071441650390625,55.73299789428711,57.0093994140625,275254.0
2009-06-04,55.771968841552734,57.857086181640625,55.73299789428711,56.97042465209961,282597.0
2009-06-05,56.51247787475586,58.061702728271484,54.953514099121094,56.580684661865234,12980135.0
2009-06-08,58.461185455322266,62.35859680175781,57.48683166503906,57.89605712890625,707597.0
2009-06-09,58.071441650390625,58.85092544555664,57.38939666748047,58.36375045776367,331414.0
2009-06-10,59.2211799621582,60.400150299072266,56.73657989501953,58.246826171875,5153013.0
2009-06-11,58.071441650390625,58.25657272338867,55.9278678894043,56.55145263671875,214757.0
2009-06-12,57.48683166503906,59.41604995727539,55.771968841552734,58.36375045776367,475115.0
2009-06-15,58.071441650390625,58.45144271850586,57.09709167480469,57.749908447265625,87550.0
2009-06-16,56.902217864990234,58.071441650390625,56.726837158203125,57.438114166259766,267849.0
2009-06-17,57.48683166503906,57.87657165527344,56.31760787963867,56.55145263671875,1418130.0
2009-06-18,57.08734893798828,57.477088928222656,55.73299789428711,56.48324966430664,202026.0
2009-06-19,56.31760787963867,57.09709167480469,55.71350860595703,55.976585388183594,328879.0
2009-06-22,56.337093353271484,56.902217864990234,55.75248336791992,56.25914764404297,137229.0
2009-06-23,56.307865142822266,56.50273513793945,55.0704345703125,56.06427764892578,238276.0
2009-06-24,56.122737884521484,56.69760513305664,55.538124084472656,56.02530288696289,86041.0
2009-06-25,56.51247787475586,58.44169616699219,55.73299789428711,56.999656677246094,217144.0
2009-06-26,58.85092544555664,59.240665435791016,57.48683166503906,58.37349319458008,254861.0
2009-06-29,58.44169616699219,59.4355354309082,56.911964416503906,57.262733459472656,106681.0
2009-06-30,57.2237548828125,60.02014923095703,56.337093353271484,58.82169723510742,800279.0
2009-07-01,59.299129486083984,60.79963302612305,57.477088928222656,57.53554916381836,258289.0
2009-07-02,57.467342376708984,58.25657272338867,55.557613372802734,56.71709060668945,233267.0
2009-07-03,56.53196334838867,63.332950592041016,56.35658264160156,59.78630447387695,2515079.0
2009-07-06,61.38424301147461,61.38424301147461,56.902217864990234,57.99349594116211,324451.0
2009-07-07,57.233497619628906,59.04579544067383,55.79145812988281,58.246826171875,363651.0
2009-07-08,57.233497619628906,60.409889221191406,56.74632263183594,58.65605545043945,574612.0
2009-07-09,58.071441650390625,59.04579544067383,57.99349594116211,58.568363189697266,252931.0
2009-07-10,60.195533752441406,60.390403747558594,58.47092819213867,59.57194519042969,248749.0
2009-07-13,59.04579544067383,59.14323043823242,57.60375213623047,57.83759689331055,286959.0
2009-07-14,58.149391174316406,59.805789947509766,58.149391174316406,59.45502471923828,395441.0
2009-07-15,59.630409240722656,59.630409240722656,59.04579544067383,59.30887222290039,452171.0
2009-07-16,59.4355354309082,60.302711486816406,57.09709167480469,59.474510192871094,330850.0
2009-07-17,59.825279235839844,60.89706802368164,58.85092544555664,60.400150299072266,127530.0
2009-07-20,60.78014373779297,61.871421813964844,59.260154724121094,60.468353271484375,911338.0
2009-07-21,60.02014923095703,60.75091552734375,58.77297592163086,59.15297317504883,757210.0
2009-07-22,60.13706970214844,60.75091552734375,59.25040817260742,60.10784149169922,1132997.0
2009-07-23,60.409889221191406,60.79963302612305,58.695030212402344,59.68886947631836,85369.0
2009-07-24,60.78989028930664,60.89706802368164,56.902217864990234,57.82785415649414,1021493.0
2009-07-27,57.87657165527344,59.57194519042969,57.48683166503906,59.055538177490234,544268.0
2009-07-28,58.714515686035156,59.13349151611328,57.72067642211914,58.461185455322266,274946.0
2009-07-29,57.545291900634766,59.4355354309082,57.545291900634766,59.18220520019531,288016.0
2009-07-30,59.230926513671875,59.230926513671875,58.28580093383789,58.47092819213867,75147.0
2009-07-31,58.48067092895508,59.796051025390625,58.48067092895508,59.54271697998047,174485.0
2009-08-03,59.72784423828125,61.15039825439453,58.52939224243164,60.429378509521484,732778.0
2009-08-04,60.409889221191406,60.409889221191406,57.87657165527344,58.47092819213867,43269915.0
2009-08-05,58.85092544555664,62.329368591308594,58.45144271850586,60.575531005859375,3372129.0
2009-08-06,60.955528259277344,69.16932678222656,60.59502029418945,64.09294128417969,2896886.0
2009-08-07,64.09294128417969,68.584716796875,64.09294128417969,67.59087371826172,1292390.0
2009-08-10,70.54315948486328,77.8313217163086,65.88575744628906,67.45446014404297,1870595.0
2009-08-11,75.80467224121094,75.80467224121094,65.67139434814453,66.30472564697266,311550.0
2009-08-12,66.83087921142578,66.83087921142578,63.91756057739258,65.29139709472656,286061.0
2009-08-13,65.85652923583984,68.2047119140625,65.85652923583984,66.645751953125,410426.0
2009-08-14,65.28165435791016,68.2047119140625,64.9113998413086,67.79548645019531,148755.0
2009-08-17,66.5288314819336,66.84062194824219,66.08062744140625,66.25601196289062,127130.0
2009-08-18,66.0611343383789,68.5944595336914,65.28165435791016,66.34370422363281,360736.0
2009-08-19,67.9903564453125,68.00984191894531,66.25601196289062,67.62984466552734,129075.0
2009-08-20,67.62010192871094,67.62010192871094,66.645751953125,66.9770278930664,192886.0
2009-08-21,67.23036193847656,68.2047119140625,66.49959564208984,67.91240692138672,239897.0
2009-08-24,68.21446228027344,69.1303482055664,66.860107421875,67.61035919189453,388447.0
2009-08-25,68.85753631591797,68.85753631591797,67.24984741210938,67.85395050048828,130573.0
2009-08-26,67.23036193847656,75.58056640625,67.23036193847656,72.84263610839844,2480286.0
2009-08-27,72.84263610839844,74.05083465576172,68.98419952392578,69.18881225585938,4639965.0
2009-08-28,70.11444854736328,70.1534194946289,69.17906951904297,69.227783203125,187934.0
2009-08-31,69.12060546875,71.32264709472656,67.34728240966797,70.83546447753906,205423.0
2009-09-01,71.10828399658203,71.84879302978516,68.63343048095703,70.22162628173828,154810.0
2009-09-02,68.22420501708984,70.50418853759766,68.2047119140625,70.0267562866211,85636.0
2009-09-03,70.1534194946289,72.67699432373047,70.1534194946289,71.40059661865234,219986.0
2009-09-04,71.69290161132812,72.66725158691406,70.75752258300781,72.10212707519531,80417.0
2009-09-07,72.68673706054688,72.68673706054688,70.1534194946289,70.2605972290039,637694.0
2009-09-08,71.82930755615234,71.82930755615234,69.37393951416016,69.52983856201172,51177.0
2009-09-09,70.93290710449219,72.2969970703125,69.19855499267578,71.76110076904297,165602.0
2009-09-10,72.2969970703125,72.58930206298828,70.46521759033203,71.166748046875,166243.0
2009-09-11,72.0826416015625,73.3103256225586,71.32264709472656,73.06674194335938,31605139.0
2009-09-14,72.88160705566406,72.88160705566406,70.1534194946289,70.69905853271484,186431.0
2009-09-15,71.83905029296875,73.07647705078125,70.99136352539062,72.85237884521484,309400.0
2009-09-16,71.12777709960938,76.58415222167969,70.54315948486328,74.83031463623047,467325.0
2009-09-17,75.02518463134766,77.14927673339844,73.66109466552734,76.1749267578125,813416.0
2009-09-18,75.02518463134766,79.70207977294922,74.05083465576172,78.52311706542969,17940154.0
2009-09-22,78.3379898071289,79.8774642944336,76.58415222167969,77.2077407836914,368044.0
2009-09-23,77.93850708007812,78.37696075439453,76.23338317871094,77.84107208251953,753366.0
2009-09-24,76.40876770019531,78.92259979248047,76.40876770019531,77.24671173095703,164442.0
2009-09-25,77.74363708496094,78.14311981201172,76.11646270751953,76.33081817626953,347440.0
2009-09-29,77.55850219726562,77.55850219726562,74.83031463623047,75.07390594482422,93277.0
2009-09-30,75.41492462158203,75.80467224121094,73.33956146240234,74.16775512695312,189012.0
2009-10-01,75.39543914794922,76.77902221679688,74.2457046508789,74.5574951171875,200291.0
2009-10-05,75.5903091430664,75.5903091430664,72.1995620727539,73.15442657470703,138681.0
2009-10-06,73.93391418457031,73.93391418457031,70.66008758544922,71.42008209228516,111463.0
2009-10-07,73.03750610351562,73.07647705078125,70.75752258300781,71.4785385131836,186498.0
2009-10-08,72.16059112548828,72.16059112548828,71.03034210205078,71.18623352050781,178718.0
2009-10-09,71.41033935546875,73.83647918701172,71.39085388183594,73.45648193359375,294179.0
2009-10-12,75.02518463134766,75.22005462646484,72.13135528564453,74.69390869140625,194795.0
2009-10-13,74.69390869140625,74.69390869140625,74.69390869140625,74.69390869140625,0.0
2009-10-14,75.79492950439453,75.79492950439453,73.46622467041016,74.70365142822266,901798.0
2009-10-15,75.5708236694336,76.77902221679688,74.06057739257812,75.10313415527344,2420441.0
2009-10-16,76.24312591552734,80.67643737792969,76.05799865722656,78.02619171142578,1599825.0
2009-10-20,78.20157623291016,78.91285705566406,75.30775451660156,76.6036376953125,165904.0
2009-10-21,76.97389221191406,80.82258605957031,76.05799865722656,79.22464752197266,4567918.0
2009-10-22,79.8969497680664,79.8969497680664,74.05083465576172,75.32723236083984,224713.0
2009-10-23,75.03492736816406,78.72772979736328,74.92774963378906,77.35388946533203,233929.0
2009-10-26,77.16876220703125,78.3379898071289,74.30416870117188,76.98363494873047,168881.0
2009-10-27,76.0774917602539,77.73388671875,74.6549301147461,76.00928497314453,4074057.0
2009-10-28,76.22364044189453,77.92875671386719,75.23954772949219,77.34414672851562,360469.0
2009-10-29,77.55850219726562,77.55850219726562,75.90210723876953,76.00928497314453,5493373.0
2009-10-30,76.97389221191406,78.14311981201172,75.51235961914062,76.00928497314453,6821757.0
2009-11-03,76.01902770996094,76.3892822265625,74.07032012939453,74.92774963378906,296237.0
2009-11-04,76.97389221191406,76.97389221191406,73.29084014892578,73.88519287109375,2755084.0
2009-11-05,74.08006286621094,76.66210174560547,73.33956146240234,76.00928497314453,196884.0
2009-11-06,75.98979949951172,77.55850219726562,75.02518463134766,76.0774917602539,95494.0
2009-11-09,74.4405746459961,79.70207977294922,74.4405746459961,76.3990249633789,299660.0
2009-11-10,76.3892822265625,79.85797882080078,75.99954223632812,78.49388122558594,540312.0
2009-11-11,79.83849334716797,83.15129089355469,79.11746978759766,81.88462829589844,766472.0
2009-11-12,81.8359146118164,86.71742248535156,81.6215591430664,84.28153991699219,427109.0
2009-11-13,83.40462493896484,88.55895233154297,81.86514282226562,82.90770721435547,842815.0
2009-11-16,83.01488494873047,86.91229248046875,83.01488494873047,85.811279296875,592341.0
2009-11-17,85.74307250976562,86.50306701660156,83.46308135986328,84.76871490478516,345398.0
2009-11-18,86.52255249023438,87.4774169921875,83.81385040283203,85.96717071533203,547091.0
2009-11-19,85.93794250488281,86.70767974853516,85.37281799316406,85.74307250976562,893813.0
2009-11-20,84.82717895507812,85.74307250976562,84.23282623291016,85.37281799316406,475274.0
2009-11-23,85.34358978271484,86.52255249023438,84.57384490966797,84.91487121582031,147913.0
2009-11-24,84.32051849365234,86.71742248535156,84.32051849365234,85.17794799804688,486358.0
2009-11-25,85.74307250976562,87.30203247070312,85.15846252441406,86.16204071044922,202052.0
2009-11-26,87.49690246582031,87.49690246582031,84.77845764160156,85.36307525634766,267521.0
2009-11-27,86.3569107055664,86.3569107055664,81.31950378417969,82.8589859008789,158038.0
2009-11-30,83.79436492919922,85.70409393310547,82.06975555419922,82.87847137451172,155031.0
2009-12-01,83.40462493896484,83.75538635253906,81.45591735839844,81.68975830078125,337752.0
2009-12-02,83.46308135986328,91.19944763183594,81.84565734863281,88.74407958984375,837971.0
2009-12-03,88.66613006591797,90.58560943603516,86.71742248535156,87.63331604003906,337069.0
2009-12-04,86.38614654541016,88.47126007080078,85.75281524658203,86.50306701660156,159870.0
2009-12-07,87.39946746826172,89.4066390991211,85.16820526123047,87.80870056152344,264565.0
2009-12-08,88.57843780517578,92.56354522705078,88.57843780517578,91.40406036376953,703682.0
2009-12-09,91.58918762207031,91.58918762207031,87.70152282714844,88.6174087524414,692967.0
2009-12-10,87.00972747802734,91.19944763183594,87.00972747802734,90.35176086425781,282602.0
2009-12-11,91.19944763183594,92.32969665527344,89.65997314453125,90.7707290649414,231143.0
2009-12-14,90.61483764648438,92.13482666015625,86.73690795898438,87.33126831054688,1921351.0
2009-12-15,88.47126007080078,88.66613006591797,87.10716247558594,87.9548568725586,1515759.0
2009-12-16,87.39946746826172,87.39946746826172,86.71742248535156,86.73690795898438,60229.0
2009-12-17,87.08767700195312,87.30203247070312,85.37281799316406,85.91845703125,1598537.0
2009-12-18,86.4446029663086,87.06819152832031,84.96358489990234,85.74307250976562,1418135.0
2009-12-21,85.07077026367188,87.10716247558594,84.01846313476562,84.32051849365234,554655.0
2009-12-22,84.76871490478516,89.0948486328125,83.9892349243164,85.73332977294922,2537555.0
2009-12-23,85.74307250976562,87.30203247070312,84.76871490478516,85.35333251953125,366499.0
2009-12-24,87.63331604003906,92.50508117675781,86.71742248535156,91.21893310546875,2868990.0
2009-12-29,91.58918762207031,92.88507843017578,87.30203247070312,88.30561828613281,510810.0
2009-12-30,89.59176635742188,89.6404800415039,87.32152557373047,88.73433685302734,911276.0
2009-12-31,90.49790954589844,98.40966033935547,88.88048553466797,95.0773696899414,1258019.0
2010-01-04,90.61483764648438,95.48660278320312,90.61483764648438,92.89482116699219,1520526.0
2010-01-05,93.14815521240234,97.43531036376953,92.78764343261719,93.52815246582031,1630959.0
2010-01-06,93.54763793945312,94.31737518310547,88.71484375,92.1640625,7871171.0
2010-01-07,92.17379760742188,98.21479034423828,90.63432312011719,94.99942779541016,1655226.0
2010-01-08,94.51224517822266,98.3511962890625,94.51224517822266,96.9968490600586,1652963.0
2010-01-11,96.46095275878906,100.35836791992188,95.92505645751953,97.73735809326172,2338746.0
2010-01-12,100.03682708740234,101.13784790039062,97.09428405761719,98.11735534667969,2105715.0
2010-01-13,97.43531036376953,101.33271789550781,97.43531036376953,98.97478485107422,1690408.0
2010-01-14,99.18914031982422,100.55323791503906,98.40966033935547,99.35478210449219,922832.0
2010-01-15,100.35836791992188,101.13784790039062,98.99427032470703,100.5045166015625,427842.0
2010-01-18,100.16349792480469,101.9075927734375,99.3645248413086,101.07939147949219,1093120.0
2010-01-19,101.72245788574219,102.19014739990234,99.89067840576172,100.99169921875,2562228.0
2010-01-20,101.66400146484375,101.68348693847656,99.5788803100586,100.45580291748047,1740134.0
2010-01-21,100.94297790527344,101.13784790039062,96.71428680419922,97.99069213867188,1281629.0
2010-01-22,95.50608825683594,99.32555389404297,95.48660278320312,97.64966583251953,1782079.0
2010-01-25,98.60453033447266,98.60453033447266,96.48043823242188,97.24044036865234,845437.0
2010-01-27,96.57787322998047,98.21479034423828,93.7327651977539,95.34044647216797,1898280.0
2010-01-28,95.68147277832031,97.8250503540039,95.48660278320312,96.31480407714844,394533.0
2010-01-29,95.49634552001953,97.18197631835938,95.10660552978516,95.44762420654297,1166738.0
2010-02-01,97.1235122680664,97.1235122680664,94.57070922851562,95.94454956054688,660258.0
2010-02-02,96.46095275878906,98.21479034423828,95.9737777709961,97.44505310058594,250874.0
2010-02-03,98.21479034423828,102.50194549560547,97.63992309570312,100.9819564819336,1551762.0
2010-02-04,101.72245788574219,102.09271240234375,99.20863342285156,100.03682708740234,741733.0
2010-02-05,98.40966033935547,98.40966033935547,92.56354522705078,93.0117416381836,983154.0
2010-02-08,94.90199279785156,94.90199279785156,88.11074829101562,90.00099182128906,2323752.0
2010-02-09,91.49175262451172,94.51224517822266,89.6404800415039,91.91072845458984,1978866.0
2010-02-10,93.14815521240234,96.46095275878906,91.62816619873047,94.36609649658203,354640.0
2010-02-11,94.00558471679688,95.4573745727539,94.00558471679688,95.02865600585938,495159.0
2010-02-15,95.02865600585938,95.09686279296875,91.7840576171875,92.36866760253906,456554.0
2010-02-16,92.36866760253906,92.56354522705078,90.84867858886719,91.43328857421875,118232.0
2010-02-17,91.82303619384766,93.53789520263672,91.19944763183594,92.1640625,247451.0
2010-02-18,93.44046020507812,93.44046020507812,90.03022766113281,91.72560119628906,248441.0
2010-02-19,91.01432037353516,92.34918212890625,89.6404800415039,89.8353500366211,121809.0
2010-02-22,91.97892761230469,92.56354522705078,89.88407135009766,90.332275390625,375798.0
2010-02-23,91.58918762207031,91.58918762207031,87.91587829589844,88.69535827636719,556995.0
2010-02-24,88.76356506347656,88.86100006103516,85.76255798339844,86.69793701171875,2269038.0
2010-02-25,86.32768249511719,87.69178009033203,83.11231994628906,83.9892349243164,1250845.0
2010-02-26,83.9892349243164,91.20919036865234,83.9892349243164,89.75740814208984,4669749.0
2010-03-02,91.97892761230469,94.12250518798828,90.71227264404297,91.99842071533203,1950817.0
2010-03-03,91.58918762207031,93.5184097290039,88.98766326904297,89.95227813720703,1269575.0
2010-03-04,88.393310546875,91.38457489013672,88.393310546875,90.24458312988281,742420.0
2010-03-05,89.8353500366211,91.19944763183594,88.393310546875,89.98150634765625,581067.0
2010-03-08,91.00457763671875,93.63533020019531,90.07894134521484,92.6902084350586,1053278.0
2010-03-09,93.53789520263672,99.13068389892578,93.14815521240234,98.32196807861328,1807512.0
2010-03-10,98.32196807861328,99.3645248413086,96.53890228271484,97.79582214355469,3791931.0
2010-03-11,96.57787322998047,99.5788803100586,95.60352325439453,98.06863403320312,925609.0
2010-03-12,99.1696548461914,99.37427520751953,96.46095275878906,97.33787536621094,8041155.0
2010-03-15,97.43531036376953,98.0199203491211,93.54763793945312,95.95429229736328,796882.0
2010-03-16,96.55838775634766,97.43531036376953,96.45121002197266,97.04556274414062,156016.0
2010-03-17,96.12967681884766,99.9686279296875,96.12967681884766,99.159912109375,373601.0
2010-03-18,99.77375793457031,100.35836791992188,97.43531036376953,99.6470947265625,948413.0
2010-03-19,98.60453033447266,100.14401245117188,97.33787536621094,98.81888580322266,2899944.0
2010-03-22,98.07837677001953,98.31222534179688,95.70095825195312,97.18197631835938,536407.0
2010-03-23,96.85069274902344,97.9224853515625,95.49634552001953,96.45121002197266,5651662.0
2010-03-25,95.48660278320312,100.94297790527344,95.48660278320312,99.14042663574219,1001397.0
2010-03-26,99.9686279296875,101.70297241210938,98.99427032470703,100.91374206542969,1276026.0
2010-03-29,101.33271789550781,106.6332015991211,100.94297790527344,105.405517578125,6087639.0
2010-03-30,106.57473754882812,108.34806060791016,99.77375793457031,101.58605194091797,882154.0
2010-03-31,102.83322143554688,105.81474304199219,101.6250228881836,102.62861633300781,1450511.0
2010-04-01,101.72245788574219,103.4762954711914,101.72245788574219,102.19989776611328,369573.0
2010-04-05,102.19989776611328,105.23013305664062,98.99427032470703,103.0475845336914,816629.0
2010-04-06,103.28142547607422,105.23013305664062,102.31681823730469,105.16193389892578,610481.0
2010-04-07,105.23013305664062,107.17884063720703,105.03526306152344,106.60397338867188,3867437.0
2010-04-08,108.00703430175781,108.00703430175781,104.31423950195312,107.08140563964844,415367.0
2010-04-09,108.00703430175781,109.8095932006836,105.619873046875,108.9034423828125,2966984.0
2010-04-12,108.15319061279297,109.88754272460938,106.20448303222656,109.03984832763672,1473295.0
2010-04-13,110.06291961669922,110.06291961669922,105.66859436035156,108.17267608642578,1756237.0
2010-04-15,108.73780059814453,111.8557357788086,108.73780059814453,110.47215270996094,2864105.0
2010-04-16,110.80342864990234,111.6608657836914,108.15319061279297,108.85472869873047,358396.0
2010-04-19,108.1921615600586,109.51728820800781,107.17884063720703,108.4844741821289,236988.0
2010-04-20,108.1921615600586,111.46599578857422,107.19832611083984,109.56600189208984,223173.0
2010-04-21,108.73780059814453,112.05060577392578,107.45166015625,108.54293060302734,318965.0
2010-04-22,108.54293060302734,108.54293060302734,107.17884063720703,107.92908477783203,250817.0
2010-04-23,109.0008773803711,109.0008773803711,101.35220336914062,102.47270965576172,1176000.0
2010-04-26,104.22654724121094,109.08856964111328,102.30707550048828,107.32498931884766,900366.0
2010-04-27,108.1921615600586,108.99113464355469,104.25577545166016,105.22039031982422,3037225.0
2010-04-28,104.0511703491211,104.64552307128906,102.89168548583984,103.466552734375,2951522.0
2010-04-29,104.2752685546875,105.99987030029297,101.72245788574219,102.59938049316406,488893.0
2010-04-30,104.4896240234375,112.24547576904297,104.19731903076172,110.58907318115234,3714941.0
2010-05-03,113.0054702758789,114.29161834716797,109.47830963134766,111.94342803955078,1431678.0
2010-05-04,113.80443572998047,117.87723541259766,109.712158203125,115.59725189208984,2695018.0
2010-05-05,114.58392333984375,117.78954315185547,111.30035400390625,116.62032318115234,406900.0
2010-05-06,116.53263092041016,119.82594299316406,114.99314880371094,118.6372299194336,801485.0
2010-05-07,117.13672637939453,117.67261505126953,111.69009399414062,113.47315979003906,1286715.0
2010-05-10,112.44034576416016,115.93827056884766,109.1275405883789,109.99472045898438,1230914.0
2010-05-11,109.69267272949219,112.59624481201172,104.30449676513672,105.834228515625,12036473.0
2010-05-12,108.73780059814453,125.69154357910156,102.52143096923828,103.95372772216797,6834026.0
2010-05-13,104.73321533203125,108.9131851196289,104.73321533203125,106.97422790527344,2453766.0
2010-05-14,108.11421966552734,112.05060577392578,105.6296157836914,110.9593276977539,1959022.0
2010-05-17,110.88137817382812,111.0567626953125,106.80858612060547,107.6757583618164,504155.0
2010-05-18,106.20448303222656,108.15319061279297,105.23013305664062,106.91576385498047,1247063.0
2010-05-19,107.17884063720703,107.17884063720703,102.71630096435547,104.01219177246094,1001361.0
2010-05-20,102.94039916992188,106.19474029541016,102.94039916992188,104.56757354736328,2257544.0
2010-05-21,103.2424545288086,107.17884063720703,102.89168548583984,105.74654388427734,1240397.0
2010-05-24,108.93267059326172,108.93267059326172,104.25577545166016,106.16551208496094,412268.0
2010-05-25,103.6906509399414,106.20448303222656,102.30707550048828,104.09988403320312,454855.0
2010-05-26,105.75628662109375,105.75628662109375,102.30707550048828,103.1352767944336,766395.0
2010-05-27,102.89168548583984,105.19115447998047,102.89168548583984,103.93423461914062,279867.0
2010-05-28,106.00961303710938,111.83624267578125,104.4993667602539,108.65985870361328,1417904.0
2010-05-31,108.65985870361328,112.05060577392578,107.7829360961914,111.5536880493164,504893.0
2010-06-01,111.6608657836914,114.73981475830078,111.32958221435547,112.63521575927734,3799033.0
2010-06-02,113.0054702758789,114.97366333007812,111.2711181640625,113.74597930908203,1719068.0
2010-06-03,114.67161560058594,114.76905059814453,112.294189453125,113.14187622070312,1042122.0
2010-06-04,113.77520751953125,113.99931335449219,112.34291076660156,113.94084930419922,702768.0
2010-06-07,111.2711181640625,113.51213073730469,111.07624816894531,112.83982849121094,163123.0
2010-06-08,111.61214447021484,114.58392333984375,111.61214447021484,113.85315704345703,1683255.0
2010-06-09,114.38905334472656,114.38905334472656,111.46599578857422,113.34649658203125,3498464.0
2010-06-10,114.91519927978516,116.82493591308594,113.2198257446289,113.9213638305664,214737.0
2010-06-11,108.4747314453125,115.3634033203125,108.4747314453125,114.82750701904297,1036297.0
2010-06-14,114.82750701904297,114.97366333007812,112.63521575927734,113.38545989990234,228192.0
2010-06-15,113.60956573486328,114.58392333984375,112.63521575927734,113.75572204589844,209077.0
2010-06-16,113.99931335449219,114.97366333007812,113.2198257446289,114.7105941772461,154928.0
2010-06-17,114.77879333496094,115.55827331542969,114.0285415649414,115.06135559082031,1060719.0
2010-06-18,114.97366333007812,117.3121109008789,113.51213073730469,115.90904235839844,1005657.0
2010-06-21,107.17884063720703,117.85774993896484,107.17884063720703,116.5033950805664,1557736.0
2010-06-22,115.94801330566406,117.89672088623047,115.3731460571289,116.600830078125,1188624.0
2010-06-23,116.92237091064453,117.87723541259766,116.33775329589844,116.55211639404297,685177.0
2010-06-24,116.92237091064453,117.70185089111328,115.55827331542969,117.05877685546875,206742.0
2010-06-25,115.19776916503906,116.72750091552734,112.24547576904297,112.84957122802734,875375.0
2010-06-28,111.2711181640625,114.25263977050781,109.43933868408203,112.1967544555664,749179.0
2010-06-29,112.45008850097656,115.94801330566406,111.12496948242188,113.80443572998047,1599143.0
2010-06-30,111.07624816894531,114.60340881347656,111.07624816894531,112.32342529296875,1059082.0
2010-07-01,111.6608657836914,115.73365783691406,111.6608657836914,115.52903747558594,488257.0
2010-07-02,114.58392333984375,116.0551986694336,113.80443572998047,114.06751251220703,140606.0
2010-07-05,112.24547576904297,116.49365234375,112.24547576904297,113.7947006225586,111232.0
2010-07-06,114.73007202148438,114.73007202148438,113.3270034790039,113.86289978027344,74244.0
2010-07-07,113.99931335449219,116.12339782714844,113.46341705322266,115.41212463378906,975005.0
2010-07-08,116.53263092041016,117.67261505126953,115.4608383178711,116.46442413330078,291767.0
2010-07-09,115.38288879394531,116.7080078125,114.77879333496094,115.41212463378906,1614112.0
2010-07-12,113.25880432128906,116.6982650756836,113.25880432128906,116.08442687988281,351679.0
2010-07-13,116.33775329589844,116.89313507080078,114.21366882324219,116.30852508544922,383202.0
2010-07-14,116.82493591308594,117.89672088623047,115.16853332519531,116.23058319091797,1850012.0
2010-07-15,117.70185089111328,117.77980041503906,115.16853332519531,115.3731460571289,368916.0
2010-07-16,115.3731460571289,116.53263092041016,114.97366333007812,116.13314819335938,604472.0
2010-07-19,115.0516128540039,117.5069808959961,115.0516128540039,116.96134185791016,254476.0
2010-07-20,117.67261505126953,117.89672088623047,115.41212463378906,117.60441589355469,2104755.0
2010-07-21,114.018798828125,118.48133087158203,114.018798828125,116.95160675048828,1724267.0
2010-07-22,116.93211364746094,118.13056945800781,115.16853332519531,116.35724639892578,1925056.0
2010-07-23,117.91620635986328,126.76333618164062,117.89672088623047,123.32386779785156,8185159.0
2010-07-26,124.69770812988281,126.66590118408203,123.74284362792969,124.9023208618164,1259492.0
2010-07-27,125.10693359375,129.74485778808594,123.74284362792969,129.4915313720703,1894349.0
2010-07-28,129.67665100097656,130.93356323242188,127.73768615722656,129.3258819580078,1399338.0
2010-07-29,129.6084442138672,129.6084442138672,123.25566101074219,126.60743713378906,748624.0
2010-07-30,127.9520492553711,129.735107421875,125.69154357910156,128.8971710205078,1445959.0
2010-08-02,129.0043487548828,136.409423828125,127.65973663330078,135.01609802246094,1978235.0
2010-08-03,137.1889190673828,141.44683837890625,136.03916931152344,138.45556640625,4286859.0
2010-08-04,137.4032745361328,139.61505126953125,134.8699493408203,135.8930206298828,1572227.0
2010-08-05,135.43507385253906,136.93557739257812,133.4863739013672,135.62994384765625,1986302.0
2010-08-06,135.62994384765625,141.08631896972656,133.98329162597656,138.14378356933594,4070875.0
2010-08-09,139.52735900878906,141.08631896972656,137.75404357910156,140.72581481933594,1219896.0
2010-08-10,141.57350158691406,141.6514434814453,136.61404418945312,137.33506774902344,1651736.0
2010-08-11,139.29351806640625,145.66578674316406,137.39352416992188,141.32017517089844,2415197.0
2010-08-12,141.32017517089844,145.76321411132812,141.32017517089844,143.9314422607422,4916780.0
2010-08-13,144.593994140625,144.6719512939453,138.95249938964844,139.7709503173828,1361421.0
2010-08-16,139.33248901367188,140.24838256835938,133.58380126953125,135.29867553710938,1823738.0
2010-08-17,136.3899383544922,138.35813903808594,131.8397216796875,137.490966796875,1619433.0
2010-08-18,138.7478790283203,140.3068389892578,137.6858367919922,138.62120056152344,827261.0
2010-08-19,139.33248901367188,143.61964416503906,139.14736938476562,142.6355438232422,3332103.0
2010-08-20,143.6099090576172,151.80421447753906,141.1837615966797,150.196533203125,3340693.0
2010-08-23,150.2452392578125,151.99908447265625,146.64988708496094,149.55345153808594,3395878.0
2010-08-24,149.07601928710938,155.45803833007812,149.07601928710938,154.06471252441406,10441502.0
2010-08-25,155.0195770263672,155.31187438964844,146.1529541015625,146.69859313964844,1808502.0
2010-08-26,147.2344970703125,147.90679931640625,141.47605895996094,143.5417022705078,3337753.0
2010-08-27,143.61964416503906,146.26988220214844,143.2299041748047,145.2955322265625,667725.0
2010-08-30,146.1529541015625,147.27346801757812,141.30068969726562,143.3760528564453,2521293.0
2010-08-31,141.66119384765625,142.06068420410156,138.76736450195312,139.91709899902344,4121883.0
2010-09-01,140.501708984375,141.8463134765625,139.93658447265625,141.33966064453125,1179125.0
2010-09-02,144.10682678222656,146.68885803222656,141.6709442138672,145.56834411621094,766108.0
2010-09-03,147.1078338623047,149.03704833984375,142.7816925048828,143.34681701660156,1073773.0
2010-09-06,147.1078338623047,147.1078338623047,143.71707153320312,145.7437286376953,300645.0
2010-09-07,145.76321411132812,146.50372314453125,144.3991241455078,145.2078399658203,377029.0
2010-09-08,146.0262908935547,146.89346313476562,144.593994140625,145.4221954345703,406433.0
2010-09-09,147.1273193359375,151.04421997070312,146.1529541015625,149.65089416503906,1804802.0
2010-09-13,149.65089416503906,156.870849609375,149.65089416503906,154.85394287109375,3771979.0
2010-09-14,156.6759796142578,156.6857147216797,152.38882446289062,153.9088134765625,18034376.0
2010-09-15,154.66880798339844,155.78932189941406,152.992919921875,155.2826385498047,781000.0
2010-09-16,153.94778442382812,155.83802795410156,152.82728576660156,153.207275390625,1895760.0
2010-09-17,153.94778442382812,155.50674438476562,149.6898651123047,150.94677734375,1818344.0
2010-09-20,151.99908447265625,157.65032958984375,150.4401092529297,155.67239379882812,1267574.0
2010-09-21,156.11085510253906,156.8318634033203,150.2452392578125,151.6288299560547,3176117.0
2010-09-22,153.3534393310547,153.3534393310547,149.12474060058594,150.2647247314453,648378.0
2010-09-23,150.0503692626953,150.9175567626953,145.9580841064453,148.14064025878906,813965.0
2010-09-24,147.1468048095703,149.8165283203125,146.1529541015625,147.6826934814453,3967468.0
2010-09-27,148.1990966796875,151.74574279785156,148.1990966796875,150.08935546875,858908.0
2010-09-28,150.82984924316406,152.62266540527344,149.50473022460938,150.3037109375,1244892.0
2010-09-29,150.63497924804688,151.60934448242188,148.4914093017578,150.3037109375,968981.0
2010-09-30,150.3037109375,151.96011352539062,148.29653930664062,151.1806182861328,1959048.0
2010-10-01,151.4144744873047,155.7016143798828,151.0247344970703,154.5323944091797,1401494.0
2010-10-04,153.55804443359375,155.06829833984375,151.29754638671875,152.72984313964844,838951.0
2010-10-05,153.26573181152344,156.6759796142578,152.5934295654297,154.7370147705078,5519534.0
2010-10-06,154.92213439941406,156.656494140625,152.5934295654297,152.96368408203125,545423.0
2010-10-07,154.1426544189453,156.09136962890625,152.25241088867188,152.68112182617188,855737.0
2010-10-08,152.68112182617188,155.0195770263672,151.42420959472656,152.349853515625,3726380.0
2010-10-11,153.5093231201172,156.28623962402344,153.3534393310547,155.4385528564453,5040082.0
2010-10-12,155.896484375,156.07186889648438,150.08935546875,151.87240600585938,968894.0
2010-10-13,152.9734344482422,152.9734344482422,147.51705932617188,148.2770538330078,2555326.0
2010-10-14,148.92987060546875,150.4303741455078,148.10166931152344,149.80677795410156,786696.0
2010-10-15,152.85650634765625,152.85650634765625,147.71192932128906,148.37448120117188,723772.0
2010-10-18,149.27088928222656,150.5472869873047,146.1529541015625,149.99191284179688,567068.0
2010-10-19,150.63497924804688,151.01498413085938,147.90679931640625,148.20884704589844,326011.0
2010-10-20,151.0247344970703,151.0247344970703,147.1273193359375,147.54629516601562,292922.0
2010-10-21,147.3221893310547,150.4401092529297,147.1273193359375,149.6021728515625,886557.0
2010-10-22,150.0308837890625,150.0503692626953,147.56576538085938,147.9555206298828,1141280.0
2010-10-25,149.85549926757812,150.0503692626953,148.1114044189453,149.37806701660156,232954.0
2010-10-26,150.2452392578125,152.2913818359375,149.27088928222656,151.42420959472656,2346854.0
2010-10-27,153.55804443359375,159.28724670410156,152.38882446289062,157.8744354248047,8488385.0
2010-10-28,158.81954956054688,166.4195098876953,158.81954956054688,164.2661895751953,10096129.0
2010-10-29,165.4256591796875,172.85023498535156,162.7072296142578,171.7589569091797,3028163.0
2010-11-01,173.8245849609375,174.99380493164062,166.6143798828125,168.50462341308594,1240643.0
2010-11-02,170.3071746826172,170.3071746826172,161.06056213378906,165.3964385986328,1166343.0
2010-11-03,166.60462951660156,172.0707550048828,165.3964385986328,170.71640014648438,2445617.0
2010-11-04,173.43484497070312,174.40919494628906,171.48614501953125,174.08766174316406,767637.0
2010-11-08,172.10972595214844,174.21432495117188,169.5374298095703,170.07333374023438,1565808.0
2010-11-09,170.07333374023438,170.47280883789062,166.02976989746094,169.52769470214844,1326382.0
2010-11-10,169.52769470214844,172.63587951660156,167.82257080078125,169.52769470214844,226586.0
2010-11-11,171.0574188232422,171.44717407226562,166.6338653564453,168.3682098388672,4219810.0
2010-11-12,166.22463989257812,170.6871795654297,164.29541015625,165.88360595703125,3172181.0
2010-11-15,166.4195098876953,166.4195098876953,160.0082550048828,163.01901245117188,1031838.0
2010-11-16,164.66566467285156,166.02976989746094,159.89134216308594,162.74620056152344,580302.0
2010-11-18,163.49644470214844,165.3964385986328,159.01441955566406,162.39541625976562,1824169.0
2010-11-19,161.74261474609375,161.74261474609375,156.28623962402344,156.9390411376953,1297979.0
2010-11-22,156.63699340820312,164.41233825683594,154.72726440429688,163.2236328125,3018618.0
2010-11-23,163.6718292236328,163.68157958984375,157.84519958496094,161.56723022460938,4417371.0
2010-11-24,162.38568115234375,166.01028442382812,161.95697021484375,163.28208923339844,1581962.0
2010-11-25,163.51593017578125,163.61337280273438,148.686279296875,150.88832092285156,2794418.0
2010-11-26,150.1770477294922,154.5323944091797,146.1529541015625,147.09808349609375,2225507.0
2010-11-29,152.46676635742188,152.778564453125,147.99449157714844,150.25498962402344,1799573.0
2010-11-30,150.4401092529297,162.49285888671875,149.07601928710938,158.3421173095703,3940383.0
2010-12-01,158.6441650390625,162.13235473632812,158.6246795654297,159.95953369140625,1030884.0
2010-12-02,161.34312438964844,165.64002990722656,160.963134765625,165.33798217773438,2311928.0
2010-12-03,166.22463989257812,168.53384399414062,163.30157470703125,166.7507781982422,2622278.0
2010-12-06,169.34255981445312,169.34255981445312,159.0728759765625,161.6256866455078,1368774.0
2010-12-07,159.81338500976562,164.0810546875,151.80421447753906,153.62625122070312,2415330.0
2010-12-08,151.60934448242188,153.94778442382812,142.45042419433594,143.88272094726562,3524569.0
2010-12-09,147.1273193359375,147.1273193359375,136.41917419433594,140.7550506591797,2453068.0
2010-12-10,140.3068389892578,146.1529541015625,133.505859375,139.81967163085938,8028137.0
2010-12-13,142.91810607910156,143.81451416015625,137.5786590576172,140.27760314941406,6126028.0
2010-12-14,140.3068389892578,152.9734344482422,139.40069580078125,151.1319122314453,4566517.0
2010-12-15,151.47293090820312,153.9088134765625,148.3939666748047,151.3267822265625,2379286.0
2010-12-16,151.99908447265625,151.99908447265625,147.24423217773438,150.14781188964844,1019799.0
2010-12-20,150.0503692626953,150.59600830078125,141.48580932617188,149.114990234375,2537493.0
2010-12-21,149.27088928222656,150.0503692626953,145.22732543945312,145.94834899902344,2476956.0
2010-12-22,145.94834899902344,151.20010375976562,145.39295959472656,149.95294189453125,1063808.0
2010-12-23,151.80421447753906,164.61695861816406,150.25498962402344,151.81394958496094,1848077.0
2010-12-24,155.7016143798828,155.7016143798828,149.5826873779297,151.69703674316406,1884019.0
2010-12-27,151.99908447265625,151.99908447265625,149.68011474609375,150.9272918701172,422706.0
2010-12-28,151.0247344970703,151.99908447265625,150.08935546875,150.89805603027344,983421.0
2010-12-29,151.70677185058594,151.78472900390625,150.06011962890625,150.60574340820312,208800.0
2010-12-30,151.60934448242188,151.97959899902344,150.67396545410156,151.04421997070312,800295.0
2010-12-31,151.0247344970703,153.421630859375,150.6544647216797,152.2036895751953,2446997.0
2011-01-03,152.0965118408203,156.41290283203125,151.09292602539062,152.60317993164062,268044.0
2011-01-04,154.70777893066406,154.70777893066406,151.0247344970703,151.94061279296875,870110.0
2011-01-05,152.65188598632812,152.65188598632812,148.10166931152344,148.91038513183594,661279.0
2011-01-06,148.8811492919922,148.8811492919922,140.6965789794922,144.21400451660156,2080749.0
2011-01-07,144.21400451660156,144.21400451660156,137.0914764404297,138.86480712890625,3682884.0
2011-01-10,138.7478790283203,140.11196899414062,137.5786590576172,139.8391571044922,1546261.0
2011-01-11,140.11196899414062,141.86581420898438,137.3837890625,138.2606964111328,713247.0
2011-01-12,138.2606964111328,141.57350158691406,138.2606964111328,140.82325744628906,3371283.0
2011-01-13,140.6965789794922,147.01039123535156,139.21556091308594,144.15553283691406,2806231.0
2011-01-14,144.15553283691406,145.15911865234375,140.501708984375,141.44683837890625,439045.0
2011-01-17,141.47605895996094,145.9580841064453,139.91709899902344,145.5391082763672,584864.0
2011-01-18,146.1529541015625,148.95909118652344,145.76321411132812,148.48167419433594,584054.0
2011-01-19,148.4914093017578,149.85549926757812,143.2493896484375,145.55860900878906,1686909.0
2011-01-20,140.6965789794922,146.0847625732422,140.6965789794922,144.6816864013672,576993.0
2011-01-21,142.64529418945312,144.3991241455078,140.3750457763672,140.82325744628906,399059.0
2011-01-24,140.3068389892578,141.6709442138672,139.33248901367188,140.9109344482422,735831.0
2011-01-25,142.08016967773438,142.08016967773438,140.501708984375,141.24221801757812,1287792.0
2011-01-27,141.5052947998047,141.5052947998047,139.7709503173828,140.59915161132812,1268959.0
2011-01-28,142.02169799804688,142.02169799804688,129.0043487548828,136.30226135253906,4080250.0
2011-01-31,136.2145538330078,139.33248901367188,132.31715393066406,133.827392578125,1911057.0
2011-02-01,135.81507873535156,136.31199645996094,129.5987091064453,131.53765869140625,1072044.0
2011-02-02,136.2145538330078,136.2145538330078,127.17256164550781,128.91665649414062,1107309.0
2011-02-03,128.61460876464844,131.53765869140625,126.66590118408203,130.50485229492188,725835.0
2011-02-04,132.51202392578125,133.43765258789062,130.36843872070312,131.43048095703125,2020412.0
2011-02-07,131.4402313232422,133.47662353515625,130.61203002929688,132.74586486816406,4245704.0
2011-02-08,134.46072387695312,134.46072387695312,132.1807403564453,133.17457580566406,2320052.0
2011-02-09,134.46072387695312,134.46072387695312,126.66590118408203,132.79458618164062,1546544.0
2011-02-10,132.79458618164062,134.55816650390625,132.51202392578125,133.46688842773438,3155350.0
2011-02-11,133.49610900878906,136.409423828125,132.51202392578125,134.49969482421875,4566655.0
2011-02-14,135.7858428955078,137.1889190673828,134.80174255371094,136.09764099121094,910491.0
2011-02-15,137.16943359375,139.6248016357422,136.409423828125,138.71864318847656,1677682.0
2011-02-16,138.42633056640625,140.11196899414062,137.82223510742188,139.80992126464844,596570.0
2011-02-17,139.72222900390625,147.90679931640625,138.39710998535156,146.4062957763672,1170925.0
2011-02-18,146.5524444580078,147.7898712158203,144.41860961914062,146.61090087890625,1856667.0
2011-02-21,145.56834411621094,150.63497924804688,144.21400451660156,148.94935607910156,2280164.0
2011-02-22,149.85549926757812,151.0247344970703,145.39295959472656,147.71192932128906,926450.0
2011-02-23,144.22373962402344,149.0272979736328,144.22373962402344,148.1309051513672,1510822.0
2011-02-24,148.51089477539062,149.45602416992188,143.81451416015625,146.9129638671875,4157897.0
2011-02-25,149.05653381347656,149.54371643066406,141.32017517089844,146.59141540527344,808356.0
2011-02-28,146.59141540527344,151.0247344970703,142.08016967773438,145.33450317382812,1839050.0
2011-03-01,147.00064086914062,151.3072967529297,145.17860412597656,150.38165283203125,992715.0
2011-03-03,148.29653930664062,153.16830444335938,147.90679931640625,151.5411376953125,1314692.0
2011-03-04,155.50674438476562,160.2615966796875,152.01856994628906,155.96469116210938,4627906.0
2011-03-07,154.6395721435547,155.0877685546875,151.60934448242188,152.49600219726562,645761.0
2011-03-08,152.778564453125,152.778564453125,150.1185760498047,151.97959899902344,887209.0
2011-03-09,153.36317443847656,153.6944580078125,151.2196044921875,152.2913818359375,544376.0
2011-03-10,153.16830444335938,153.16830444335938,151.053955078125,151.99908447265625,324369.0
2011-03-11,153.635986328125,153.9088134765625,150.2452392578125,151.20010375976562,1213384.0
2011-03-14,150.2452392578125,150.2452392578125,146.747314453125,147.65345764160156,629838.0
2011-03-15,142.5673370361328,145.9580841064453,140.501708984375,141.37863159179688,1755026.0
2011-03-16,141.68067932128906,143.20066833496094,138.57249450683594,140.287353515625,3913088.0
2011-03-17,138.78684997558594,142.8206787109375,138.35813903808594,140.6965789794922,1209279.0
2011-03-18,140.9011993408203,145.37347412109375,140.287353515625,143.58067321777344,5855331.0
2011-03-21,144.5063018798828,145.75347900390625,143.42477416992188,144.17501831054688,257370.0
2011-03-22,145.2078399658203,151.80421447753906,144.3991241455078,151.1611328125,2027735.0
2011-03-23,151.4144744873047,152.564208984375,150.2452392578125,151.2390899658203,573247.0
2011-03-24,153.10984802246094,153.10984802246094,145.47091674804688,148.62782287597656,1580238.0
2011-03-25,148.67654418945312,151.99908447265625,146.1334686279297,150.88832092285156,1200565.0
2011-03-28,152.87599182128906,155.19496154785156,151.053955078125,154.54214477539062,1375215.0
2011-03-29,155.49700927734375,155.50674438476562,151.12216186523438,152.13548278808594,1819858.0
2011-03-30,154.88316345214844,154.88316345214844,149.5826873779297,150.4303741455078,614366.0
2011-03-31,147.15655517578125,156.6759796142578,147.15655517578125,155.11700439453125,5625722.0
2011-04-01,157.84519958496094,157.84519958496094,153.59701538085938,153.96726989746094,2232563.0
2011-04-04,157.84519958496094,165.58155822753906,154.72726440429688,155.94520568847656,1999598.0
2011-04-05,155.94520568847656,159.20928955078125,155.94520568847656,158.57595825195312,1972103.0
2011-04-06,158.7221221923828,159.7938995361328,157.28982543945312,158.3031463623047,1606163.0
2011-04-07,158.3031463623047,159.28724670410156,156.96827697753906,158.74160766601562,1061268.0
2011-04-08,157.84519958496094,159.59902954101562,156.28623962402344,159.46263122558594,2498139.0
2011-04-11,159.69647216796875,159.7744140625,157.2800750732422,158.1959686279297,1453513.0
2011-04-13,159.38467407226562,159.38467407226562,156.8903350830078,158.58570861816406,858405.0
2011-04-15,159.01441955566406,162.5220947265625,157.26058959960938,160.74876403808594,3816398.0
2011-04-18,160.68057250976562,161.50875854492188,158.0887908935547,159.9010772705078,1115406.0
2011-04-19,159.78416442871094,160.33953857421875,157.86468505859375,158.6636505126953,1031530.0
2011-04-20,158.25442504882812,161.35287475585938,158.25442504882812,160.85595703125,369316.0
2011-04-21,161.72312927246094,161.72312927246094,157.84519958496094,158.7318572998047,716916.0
2011-04-25,158.6246795654297,159.76466369628906,157.1728973388672,157.63084411621094,371128.0
2011-04-26,154.94161987304688,159.7938995361328,154.3570098876953,155.94520568847656,2748936.0
2011-04-27,159.76466369628906,159.76466369628906,156.01341247558594,157.66006469726562,1736470.0
2011-04-28,159.58929443359375,159.58929443359375,153.0124053955078,155.6139373779297,1759695.0
2011-04-29,159.345703125,159.345703125,150.48883056640625,151.00523376464844,3234469.0
2011-05-02,153.26573181152344,153.36317443847656,142.6258087158203,143.50271606445312,2351226.0
2011-05-03,146.1334686279297,146.1334686279297,138.9427490234375,139.3714599609375,2701992.0
2011-05-04,136.85763549804688,140.3068389892578,129.35511779785156,130.61203002929688,4880971.0
2011-05-05,130.6217803955078,130.9530487060547,118.25723266601562,118.59825897216797,11798946.0
2011-05-06,121.79413604736328,128.13717651367188,119.40696716308594,127.24076843261719,12045433.0
2011-05-09,127.153076171875,131.51817321777344,125.77924346923828,126.87051391601562,7234348.0
2011-05-10,127.10436248779297,128.7899932861328,126.08129119873047,126.65615844726562,5011694.0
2011-05-11,131.34278869628906,143.7852783203125,125.2238540649414,126.2274398803711,2028007.0
2011-05-12,122.36900329589844,126.66590118408203,122.36900329589844,125.78897857666016,1921551.0
2011-05-13,125.78897857666016,126.66590118408203,119.71875762939453,124.69770812988281,2151940.0
2011-05-16,127.62076568603516,127.62076568603516,118.87107849121094,120.15721893310547,5885099.0
2011-05-17,121.95977020263672,126.98744201660156,121.91105651855469,124.54180908203125,10109666.0
2011-05-18,124.95103454589844,132.84329223632812,124.95103454589844,129.83255004882812,9492159.0
2011-05-19,132.64842224121094,133.66175842285156,129.6084442138672,130.66075134277344,4176222.0
2011-05-20,130.8458709716797,134.84072875976562,130.5438232421875,133.75918579101562,2757208.0
2011-05-23,133.87611389160156,139.1376190185547,133.7007293701172,137.7248077392578,5579481.0
2011-05-24,138.348388671875,147.4683380126953,138.348388671875,145.54885864257812,7114392.0
2011-05-25,146.532958984375,152.87599182128906,135.4643096923828,136.45814514160156,14715440.0
2011-05-26,136.62379455566406,141.86581420898438,131.9663848876953,140.4335174560547,9210316.0
2011-05-27,137.3837890625,140.501708984375,135.24020385742188,136.50686645507812,7346228.0
2011-05-30,137.1889190673828,139.90736389160156,134.67507934570312,136.409423828125,10007830.0
2011-05-31,133.15509033203125,140.11196899414062,132.76535034179688,137.0232696533203,46269623.0
2011-06-01,137.4324951171875,139.4786376953125,136.41917419433594,136.9160919189453,2994674.0
2011-06-02,136.79917907714844,138.16326904296875,132.72637939453125,137.1109619140625,1916055.0
2011-06-03,138.55300903320312,139.0499267578125,135.43507385253906,136.64328002929688,3382028.0
2011-06-06,136.409423828125,137.44224548339844,135.7468719482422,136.84788513183594,2682005.0
2011-06-07,137.3837890625,137.88070678710938,132.90176391601562,133.34022521972656,2249949.0
2011-06-08,133.30123901367188,134.26585388183594,130.3099822998047,131.36228942871094,1330985.0
2011-06-09,131.6253662109375,131.73252868652344,123.21669006347656,124.80488586425781,3594174.0
2011-06-10,124.70745086669922,130.17356872558594,123.25566101074219,126.40282440185547,8183522.0
2011-06-13,126.40282440185547,126.40282440185547,122.39823150634766,123.67463684082031,5175926.0
2011-06-14,124.12284088134766,126.42230987548828,123.25566101074219,125.14591217041016,3307425.0
2011-06-15,125.30180358886719,125.56488037109375,122.83668518066406,123.71360778808594,2406129.0
2011-06-16,123.5479736328125,123.5479736328125,120.33260345458984,122.11567687988281,4417490.0
2011-06-17,122.2520751953125,124.30796813964844,120.43003845214844,120.86849975585938,1731040.0
2011-06-20,121.65772247314453,121.65772247314453,115.4803237915039,118.37416076660156,4510218.0
2011-06-21,122.7490005493164,124.71719360351562,114.94442749023438,117.35108184814453,2993545.0
2011-06-22,119.77722930908203,119.77722930908203,116.00647735595703,117.3023681640625,1273788.0
2011-06-23,116.52288818359375,118.87107849121094,115.3634033203125,115.76288604736328,4000562.0
2011-06-24,115.95775604248047,118.09159088134766,114.6521224975586,116.81519317626953,6623220.0
2011-06-27,115.94801330566406,117.91620635986328,114.0090560913086,117.06851959228516,3094894.0
2011-06-28,117.70185089111328,117.84800720214844,114.78853607177734,116.0551986694336,4112934.0
2011-06-29,117.14647674560547,119.63107299804688,115.49980926513672,117.28287506103516,2822529.0
2011-06-30,118.87107849121094,121.73567199707031,118.87107849121094,120.1669692993164,4480624.0
2011-07-01,122.35926055908203,129.91049194335938,118.28646087646484,127.60128021240234,9888684.0
2011-07-04,127.0556411743164,133.68124389648438,127.0556411743164,130.2222900390625,4254520.0
2011-07-05,131.50843811035156,133.78842163085938,130.5633087158203,132.70689392089844,3667689.0
2011-07-06,133.3791961669922,134.45098876953125,132.7848358154297,133.26226806640625,3087843.0
2011-07-07,134.26585388183594,134.6361083984375,128.82896423339844,131.77151489257812,2739391.0
2011-07-08,131.82997131347656,133.45713806152344,130.36843872070312,131.0504913330078,1433787.0
2011-07-11,126.66590118408203,131.27459716796875,126.3443603515625,128.00076293945312,1566095.0
2011-07-12,126.85102844238281,130.17356872558594,124.70745086669922,128.31256103515625,3271196.0
2011-07-13,130.55357360839844,133.68124389648438,129.3940887451172,132.96995544433594,1598111.0
2011-07-14,132.90176391601562,134.8309783935547,131.8592071533203,132.5022735595703,2438125.0
2011-07-15,132.32688903808594,134.64585876464844,131.14791870117188,133.14535522460938,1813146.0
2011-07-18,134.26585388183594,136.1073760986328,131.53765869140625,132.42433166503906,2153331.0
2011-07-19,132.9894561767578,133.9540557861328,132.41458129882812,132.93099975585938,581596.0
2011-07-20,134.46072387695312,134.46072387695312,132.7166290283203,133.2135467529297,679430.0
2011-07-21,131.00177001953125,134.69456481933594,130.7581787109375,134.09046936035156,1121929.0
2011-07-22,133.24278259277344,136.409423828125,133.24278259277344,136.18531799316406,2165662.0
2011-07-25,136.2145538330078,137.96839904785156,135.2791748046875,136.73097229003906,992237.0
2011-07-26,136.90635681152344,137.77352905273438,129.53050231933594,132.12228393554688,3594959.0
2011-07-27,133.08688354492188,133.08688354492188,127.20179748535156,129.949462890625,2936738.0
2011-07-28,127.60128021240234,132.0345916748047,126.04231262207031,129.7935791015625,4097159.0
2011-07-29,130.15408325195312,130.15408325195312,123.7525863647461,124.82437133789062,4430796.0
2011-08-01,126.26641845703125,127.58179473876953,121.4043960571289,122.30079650878906,3081778.0
2011-08-02,122.19361877441406,123.1582260131836,120.09876251220703,120.7028579711914,5956459.0
2011-08-03,118.48133087158203,119.79670715332031,114.74955749511719,115.90904235839844,4386715.0
2011-08-04,116.93211364746094,119.4556884765625,114.62289428710938,115.18801879882812,8377820.0
2011-08-05,113.99931335449219,119.26081848144531,108.26036834716797,118.73466491699219,2919480.0
2011-08-08,117.89672088623047,118.96851348876953,114.59366607666016,116.89313507080078,1082287.0
2011-08-09,113.02495574951172,117.78954315185547,109.712158203125,116.53263092041016,2445330.0
2011-08-10,118.87107849121094,128.99459838867188,117.5069808959961,126.69513702392578,5258211.0
2011-08-11,122.9633560180664,129.15049743652344,122.78797149658203,127.24076843261719,2556450.0
2011-08-12,128.22486877441406,129.42332458496094,120.13773345947266,121.0146484375,3084631.0
2011-08-16,122.95361328125,123.93771362304688,114.98340606689453,116.43518829345703,4945912.0
2011-08-17,118.48133087158203,121.10234832763672,116.73724365234375,120.60542297363281,1833324.0
2011-08-18,121.4043960571289,121.79413604736328,116.14288330078125,118.56902313232422,1369616.0
2011-08-19,118.09159088134766,119.84542846679688,116.32801818847656,119.11466217041016,781344.0
2011-08-22,119.4459457397461,119.4459457397461,114.5546875,116.80545043945312,3253209.0
2011-08-23,116.91262817382812,118.754150390625,115.75314331054688,117.43878173828125,1918016.0
2011-08-24,117.43878173828125,119.80645751953125,116.25006866455078,118.29620361328125,826014.0
2011-08-25,118.48133087158203,119.38748931884766,114.40853881835938,115.38288879394531,1515215.0
2011-08-26,116.52288818359375,117.87723541259766,111.28086853027344,115.38288879394531,1739405.0
2011-08-29,116.5033950805664,121.48233795166016,115.59725189208984,119.58235931396484,4111764.0
2011-08-30,122.18387603759766,123.74284362792969,119.99158477783203,123.37258911132812,2456984.0
2011-09-02,117.33159637451172,135.43507385253906,117.33159637451172,131.4792022705078,7640459.0
2011-09-05,130.55357360839844,134.26585388183594,127.12384033203125,131.3720245361328,3124596.0
2011-09-06,130.3489532470703,137.39352416992188,129.0043487548828,134.87969970703125,3414445.0
2011-09-07,135.44482421875,138.09506225585938,130.91407775878906,133.68124389648438,3809912.0
2011-09-08,135.43507385253906,135.90277099609375,131.5474090576172,132.06381225585938,2126303.0
2011-09-09,132.8920135498047,134.3340606689453,127.65973663330078,129.8812713623047,1511330.0
2011-09-12,126.95820617675781,129.78382873535156,126.76333618164062,127.8643569946289,826286.0
2011-09-13,128.41973876953125,132.49253845214844,128.2541046142578,130.2417755126953,1819402.0
2011-09-14,130.59254455566406,131.50843811035156,128.6438446044922,130.3489532470703,928344.0
2011-09-15,129.58895874023438,131.4402313232422,126.89974212646484,127.83512115478516,1469344.0
2011-09-16,129.06280517578125,133.29150390625,125.78897857666016,131.53765869140625,4267308.0
2011-09-19,132.53150939941406,132.53150939941406,126.67564392089844,127.4648666381836,2593094.0
2011-09-20,127.64025115966797,129.37460327148438,125.10693359375,126.87051391601562,2324583.0
2011-09-21,127.93255615234375,128.22486877441406,124.13258361816406,124.43463134765625,1136215.0
2011-09-22,122.86592102050781,123.73310089111328,117.3121109008789,118.46184539794922,2602968.0
2011-09-23,117.35108184814453,120.81977844238281,116.34750366210938,117.5069808959961,1759295.0
2011-09-26,118.27672576904297,119.3387680053711,114.77879333496094,117.01980590820312,1028497.0
2011-09-27,118.87107849121094,120.23516845703125,117.90646362304688,119.32901763916016,830751.0
2011-09-28,118.14031219482422,121.5018310546875,117.58493041992188,119.85517120361328,1850817.0
2011-09-29,119.08543395996094,121.38490295410156,116.55211639404297,120.05004119873047,2356117.0
2011-09-30,119.75773620605469,120.72234344482422,117.5264663696289,119.3387680053711,1465326.0
2011-10-03,117.45825958251953,120.61516571044922,116.93211364746094,119.82594299316406,1392990.0
2011-10-04,117.42903137207031,123.3433609008789,117.42903137207031,119.97209930419922,1766695.0
2011-10-05,118.91004943847656,120.60542297363281,115.0321273803711,116.14288330078125,2664239.0
2011-10-07,117.89672088623047,118.87107849121094,111.67060852050781,112.4013671875,5786449.0
2011-10-10,112.9859848022461,113.23931121826172,103.73936462402344,112.3916244506836,6343870.0
2011-10-11,113.02495574951172,118.13056945800781,113.02495574951172,116.42545318603516,6266131.0
2011-10-12,117.89672088623047,122.37874603271484,115.99673461914062,121.9305419921875,2883877.0
2011-10-13,121.98900604248047,124.42488861083984,118.48133087158203,119.29005432128906,1106759.0
2011-10-14,118.86133575439453,121.10234832763672,117.3998031616211,120.3813247680664,570855.0
2011-10-17,120.65414428710938,121.3946533203125,118.27672576904297,118.59825897216797,974497.0
2011-10-18,118.07210540771484,118.07210540771484,115.55827331542969,116.14288330078125,945617.0
2011-10-19,115.3731460571289,118.24748992919922,115.3731460571289,116.47416687011719,1238262.0
2011-10-20,115.94801330566406,118.94902038574219,115.5777587890625,118.51056671142578,1114323.0
2011-10-21,118.89056396484375,120.19619750976562,117.32185363769531,118.09159088134766,1377026.0
2011-10-24,118.67620086669922,119.37773895263672,113.02495574951172,113.48290252685547,1486134.0
2011-10-25,113.75572204589844,117.0977554321289,112.05060577392578,116.58134460449219,3124144.0
2011-10-28,118.09159088134766,120.7905502319336,117.0977554321289,120.3033676147461,4345914.0
2011-10-31,119.89414978027344,119.89414978027344,117.05877685546875,119.5531234741211,772799.0
2011-11-01,117.36082458496094,121.0146484375,117.36082458496094,118.46184539794922,953181.0
2011-11-02,117.27313232421875,118.67620086669922,115.97724914550781,116.3767318725586,832762.0
2011-11-03,115.86032104492188,117.78954315185547,114.63263702392578,115.3731460571289,1039838.0
2011-11-04,116.73724365234375,118.70543670654297,116.63980865478516,117.82852172851562,2810613.0
2011-11-08,117.89672088623047,118.81261444091797,114.09674835205078,114.5644302368164,2148045.0
2011-11-09,115.38288879394531,115.94801330566406,111.8557357788086,112.0895767211914,2622191.0
2011-11-11,111.6608657836914,112.6644515991211,102.42399597167969,108.08499145507812,4171177.0
2011-11-14,109.1275405883789,110.25779724121094,106.59422302246094,107.93883514404297,3576285.0
2011-11-15,107.82191467285156,109.5952377319336,106.93524932861328,107.52960205078125,2613190.0
2011-11-16,107.92908477783203,107.92908477783203,99.24760437011719,106.70140838623047,4664443.0
2011-11-17,103.86603546142578,106.93524932861328,102.50194549560547,104.41167449951172,2809833.0
2011-11-18,103.65167999267578,104.00244903564453,101.33271789550781,102.20964050292969,1317197.0
2011-11-21,101.83938598632812,101.83938598632812,97.63992309570312,98.39991760253906,1888976.0
2011-11-22,99.18914031982422,100.16349792480469,96.65582275390625,98.78965759277344,3091035.0
2011-11-23,95.50608825683594,98.65325164794922,95.50608825683594,97.55223083496094,3474387.0
2011-11-24,97.44505310058594,100.90400695800781,97.35736083984375,99.7640151977539,3114445.0
2011-11-25,98.0199203491211,101.71272277832031,97.46453857421875,98.22453308105469,1468045.0
2011-11-28,99.10144805908203,100.94297790527344,97.98094177246094,98.55581665039062,2044248.0
2011-11-29,98.99427032470703,99.5788803100586,97.59120178222656,97.90299987792969,4821999.0
2011-11-30,98.62401580810547,98.99427032470703,96.64608001708984,97.42556762695312,3733159.0
2011-12-01,101.13784790039062,106.78910064697266,99.3840103149414,101.5373306274414,1893384.0
2011-12-02,101.33271789550781,106.90602111816406,99.71529388427734,105.57115936279297,2051022.0
2011-12-05,105.22039031982422,112.3916244506836,104.25577545166016,111.13471221923828,2311205.0
2011-12-07,111.84599304199219,113.60956573486328,110.17984771728516,111.07624816894531,3069744.0
2011-12-08,111.2711181640625,111.2711181640625,105.23013305664062,107.53934478759766,1273075.0
2011-12-09,107.37371063232422,108.95216369628906,102.94039916992188,103.30091094970703,3889991.0
2011-12-12,103.76860046386719,106.08756256103516,101.91732788085938,102.42399597167969,1580643.0
2011-12-13,102.4434814453125,103.28142547607422,101.12810516357422,102.18040466308594,1402864.0
2011-12-14,102.51168823242188,103.05731964111328,99.03324890136719,100.7188720703125,4885610.0
2011-12-15,98.41940307617188,102.50194549560547,98.41940307617188,101.50810241699219,2446223.0
2011-12-16,102.20964050292969,102.48245239257812,99.4814453125,100.83580017089844,2870078.0
2011-12-19,98.75068664550781,99.5788803100586,95.89582824707031,97.25992584228516,1360933.0
2011-12-20,96.01274871826172,97.80555725097656,88.7051010131836,91.15072631835938,2585746.0
2011-12-21,93.52815246582031,93.53789520263672,87.88665008544922,89.90355682373047,8505612.0
2011-12-22,90.59535217285156,90.59535217285156,85.93794250488281,87.20459747314453,10696702.0
2011-12-23,87.69178009033203,87.69178009033203,85.87947845458984,86.70767974853516,3143218.0
2011-12-26,86.81485748291016,87.4676742553711,85.32410430908203,85.45076751708984,1442598.0
2011-12-27,86.81485748291016,87.22409057617188,84.22308349609375,84.94409942626953,4408663.0
2011-12-28,86.10358428955078,86.10358428955078,83.0733413696289,83.33641815185547,2793643.0
2011-12-29,83.00514221191406,83.41436767578125,81.30001831054688,81.41694641113281,6342151.0
2011-12-30,81.49488830566406,84.83692169189453,81.19284057617188,82.01129913330078,8412356.0
2012-01-02,82.27437591552734,83.40462493896484,81.13438415527344,81.84565734863281,1304588.0
2012-01-03,82.47898864746094,85.93794250488281,82.19642639160156,85.38256072998047,990334.0
2012-01-04,85.73332977294922,88.2763900756836,84.05744171142578,87.11690521240234,9190087.0
2012-01-05,88.22766876220703,96.87018585205078,87.87690734863281,95.40865325927734,8505689.0
2012-01-06,94.90199279785156,95.51583099365234,92.82662200927734,93.68405151367188,2568093.0
2012-01-09,94.99942779541016,96.26608276367188,92.17379760742188,95.31121826171875,1662846.0
2012-01-10,95.90557098388672,97.63018035888672,95.74967956542969,97.15274810791016,2088354.0
2012-01-11,97.43531036376953,101.313232421875,96.8896713256836,99.9686279296875,2832859.0
2012-01-12,100.8942642211914,101.96604919433594,99.59837341308594,101.37169647216797,1734494.0
2012-01-13,101.35220336914062,105.619873046875,100.4947738647461,104.34347534179688,2007157.0
2012-01-16,104.25577545166016,110.94957733154297,102.68707275390625,109.88754272460938,2523582.0
2012-01-17,110.33573913574219,112.05060577392578,105.79525756835938,106.46755981445312,1436486.0
2012-01-18,106.88653564453125,107.95832061767578,103.08655548095703,103.53475952148438,4684205.0
2012-01-19,103.96347045898438,107.7634506225586,101.6250228881836,106.7501220703125,1013416.0
2012-01-20,107.05216979980469,111.3685531616211,107.04242706298828,109.8193359375,2102225.0
2012-01-23,110.0434341430664,111.3685531616211,107.49063110351562,108.4747314453125,1047197.0
2012-01-24,108.64036560058594,111.70957946777344,105.7367935180664,110.94957733154297,5032426.0
2012-01-25,110.92035675048828,114.75930786132812,109.42959594726562,113.49264526367188,1308750.0
2012-01-27,113.49264526367188,119.84542846679688,111.7485580444336,116.47416687011719,3222250.0
2012-01-30,114.29161834716797,117.3121109008789,110.10189819335938,111.68035125732422,2032127.0
2012-01-31,111.68035125732422,115.80186462402344,107.49063110351562,113.5998306274414,3447307.0
2012-02-01,112.99571990966797,115.16853332519531,111.6608657836914,113.84341430664062,1823476.0
2012-02-02,114.17469024658203,117.46800994873047,114.04802703857422,116.32801818847656,2008517.0
2012-02-03,115.19776916503906,119.4556884765625,115.19776916503906,117.5264663696289,2393434.0
2012-02-06,119.62132263183594,119.9818344116211,115.58750915527344,117.05877685546875,3516851.0
2012-02-07,118.1597900390625,118.48133087158203,113.04444122314453,114.36956024169922,2915308.0
2012-02-08,115.3634033203125,115.75314331054688,113.03469848632812,114.30136108398438,2061172.0
2012-02-09,114.19418334960938,116.14288330078125,108.76703643798828,110.87163543701172,5166956.0
2012-02-10,109.7024154663086,114.4572525024414,109.7024154663086,111.84599304199219,3182080.0
2012-02-13,111.81675720214844,111.81675720214844,106.45781707763672,107.98755645751953,2391961.0
2012-02-14,107.6757583618164,109.03010559082031,106.60397338867188,107.23729705810547,1830701.0
2012-02-15,107.5685806274414,109.8095932006836,106.71115112304688,107.33473205566406,4994575.0
2012-02-16,107.5685806274414,113.02495574951172,106.30191802978516,111.71932220458984,2648382.0
2012-02-17,112.63521575927734,114.95417785644531,111.07624816894531,112.44034576416016,1783691.0
2012-02-21,113.01521301269531,116.53263092041016,112.63521575927734,115.5777587890625,4045715.0
2012-02-22,114.78853607177734,118.67620086669922,111.6608657836914,114.36956024169922,1656991.0
2012-02-23,113.04444122314453,117.11724090576172,113.02495574951172,114.15520477294922,3606823.0
2012-02-24,114.14546203613281,115.55827331542969,110.20907592773438,111.22240447998047,873184.0
2012-02-27,109.712158203125,110.7449722290039,104.30449676513672,106.03884887695312,1150476.0
2012-02-28,96.46095275878906,112.02136993408203,96.46095275878906,110.92035675048828,1199441.0
2012-02-29,112.35265350341797,114.58392333984375,104.89884948730469,106.69166564941406,3176543.0
2012-03-01,102.91117095947266,108.6793441772461,102.91117095947266,106.55525207519531,1022314.0
2012-03-02,106.60397338867188,108.32857513427734,103.72962951660156,105.32756805419922,1748057.0
2012-03-05,104.85013580322266,106.88653564453125,100.35836791992188,104.00244903564453,642431.0
2012-03-06,104.84039306640625,107.5685806274414,102.5409164428711,104.16808319091797,680410.0
2012-03-07,104.16808319091797,107.08140563964844,102.31681823730469,106.13628387451172,827949.0
2012-03-09,107.38345336914062,110.00446319580078,106.78910064697266,109.46856689453125,1123504.0
2012-03-12,110.29676818847656,113.78495025634766,110.248046875,113.06393432617188,1050255.0
2012-03-13,113.697265625,114.7105941772461,113.05419158935547,113.78495025634766,435042.0
2012-03-14,114.59366607666016,116.03571319580078,113.3075180053711,114.7105941772461,934183.0
2012-03-15,115.32443237304688,115.32443237304688,112.05060577392578,113.97007751464844,921667.0
2012-03-16,114.17469024658203,115.55827331542969,112.99571990966797,114.14546203613281,792674.0
2012-03-19,115.22699737548828,115.90904235839844,112.45983123779297,113.3075180053711,926599.0
2012-03-20,113.8141860961914,116.68852233886719,113.4244384765625,115.79212188720703,927158.0
2012-03-21,115.79212188720703,118.09159088134766,115.79212188720703,116.85417175292969,1476477.0
2012-03-22,116.72750091552734,120.03055572509766,113.2198257446289,114.74955749511719,2928579.0
2012-03-23,114.98340606689453,117.5069808959961,114.80802917480469,116.72750091552734,744996.0
2012-03-26,116.85417175292969,117.89672088623047,111.13471221923828,111.41727447509766,1266383.0
2012-03-27,112.44034576416016,117.3023681640625,111.6608657836914,116.78595733642578,1516211.0
2012-03-28,116.91262817382812,116.91262817382812,112.76188659667969,114.14546203613281,558560.0
2012-03-29,113.02495574951172,116.90288543701172,113.02495574951172,115.0321273803711,2536416.0
2012-03-30,116.89313507080078,117.5069808959961,113.07367706298828,117.06851959228516,817634.0
2012-04-02,117.69210815429688,117.69210815429688,114.81776428222656,115.27571105957031,248133.0
2012-04-03,115.1587905883789,118.19876861572266,114.04802703857422,117.55569458007812,1647467.0
2012-04-04,116.85417175292969,120.62490844726562,116.85417175292969,119.32901763916016,2759882.0
2012-04-09,119.08543395996094,120.81977844238281,115.94801330566406,116.40596008300781,1261714.0
2012-04-10,114.04802703857422,117.89672088623047,98.39017486572266,117.44851684570312,3585532.0
2012-04-11,117.5069808959961,118.16954040527344,115.21725463867188,116.71775817871094,4217121.0
2012-04-12,117.5069808959961,119.26081848144531,116.74698638916016,118.86133575439453,2389241.0
2012-04-13,119.82594299316406,119.90389251708984,115.59725189208984,117.69210815429688,1916979.0
2012-04-16,115.80186462402344,117.69210815429688,115.80186462402344,116.81519317626953,234268.0
2012-04-17,117.89672088623047,119.60183715820312,116.45468139648438,116.73724365234375,752170.0
2012-04-18,117.77005004882812,118.81261444091797,116.62032318115234,116.87364959716797,1429271.0
2012-04-19,116.92237091064453,117.5069808959961,115.55827331542969,115.88955688476562,241524.0
2012-04-20,115.75314331054688,117.3121109008789,114.97366333007812,116.66903686523438,454475.0
2012-04-23,115.3634033203125,117.25364685058594,115.07109832763672,115.63622283935547,824731.0
2012-04-24,115.3731460571289,116.93211364746094,115.02237701416016,116.84442138671875,521592.0
2012-04-25,115.78237915039062,116.90288543701172,115.43160247802734,116.19160461425781,370799.0
2012-04-26,116.6105728149414,116.63006591796875,112.05060577392578,112.53778076171875,1248905.0
2012-04-27,113.05419158935547,114.9346923828125,112.09931945800781,112.9859848022461,851416.0
2012-04-30,112.84957122802734,113.02495574951172,111.2711181640625,111.60240173339844,699269.0
2012-05-02,112.03111267089844,113.08341979980469,110.40394592285156,111.13471221923828,1435316.0
2012-05-03,103.99270629882812,111.1736831665039,103.99270629882812,108.66960144042969,711302.0
2012-05-04,108.54293060302734,108.73780059814453,106.22396850585938,107.26653289794922,752083.0
2012-05-07,107.26653289794922,107.26653289794922,103.49578094482422,106.14602661132812,580908.0
2012-05-08,103.28142547607422,106.68192291259766,98.40966033935547,99.17939758300781,3229994.0
2012-05-09,99.18914031982422,101.76143646240234,97.63018035888672,100.33888244628906,829139.0
2012-05-10,99.9686279296875,102.28758239746094,99.9686279296875,101.313232421875,1096040.0
2012-05-11,100.67015838623047,101.13784790039062,98.98452758789062,99.11119842529297,1235424.0
2012-05-14,99.18914031982422,100.16349792480469,98.99427032470703,99.35478210449219,4510125.0
2012-05-15,98.45838165283203,100.33888244628906,98.4486312866211,98.9358139038086,2046901.0
2012-05-16,98.78965759277344,98.96504211425781,92.5830307006836,93.38199615478516,2873480.0
2012-05-17,93.55738067626953,98.10761260986328,92.95328521728516,97.49376678466797,4280922.0
2012-05-18,97.03582763671875,97.03582763671875,94.31737518310547,95.50608825683594,675797.0
2012-05-21,94.51224517822266,98.0199203491211,93.53789520263672,97.05531311035156,497740.0
2012-05-22,95.7789077758789,97.8250503540039,95.7789077758789,96.54864501953125,307265.0
2012-05-23,95.70095825195312,96.26608276367188,94.71686553955078,95.50608825683594,456071.0
2012-05-24,97.43531036376953,97.43531036376953,94.90199279785156,95.9835205078125,1195901.0
2012-05-25,95.37942504882812,98.97478485107422,93.74250793457031,98.21479034423828,1903262.0
2012-05-28,98.77017211914062,101.313232421875,98.77017211914062,100.73836517333984,552751.0
2012-05-29,101.85887145996094,101.85887145996094,98.74093627929688,100.63118743896484,559930.0
2012-05-30,98.0296630859375,100.82605743408203,98.0296630859375,99.73477935791016,813662.0
2012-05-31,97.83479309082031,105.619873046875,97.8250503540039,102.70655822753906,1431113.0
2012-06-01,102.30707550048828,102.31681823730469,98.63375854492188,100.73836517333984,620529.0
2012-06-04,97.63018035888672,99.77375793457031,97.63018035888672,99.32555389404297,188550.0
2012-06-05,99.77375793457031,101.098876953125,97.53274536132812,97.83479309082031,1883849.0
2012-06-06,98.40966033935547,104.08039855957031,97.63018035888672,101.10861206054688,2137187.0
2012-06-07,100.73836517333984,103.99270629882812,100.6799087524414,102.1122055053711,537808.0
2012-06-08,101.12810516357422,102.42399597167969,99.3840103149414,100.11477661132812,454126.0
2012-06-11,100.34862518310547,102.1122055053711,99.82247161865234,100.6799087524414,737140.0
2012-06-12,99.9588851928711,101.527587890625,99.63734436035156,100.59220886230469,443976.0
2012-06-13,101.098876953125,103.08655548095703,99.88093566894531,102.1122055053711,839947.0
2012-06-14,101.54707336425781,102.58963775634766,99.54965209960938,101.55682373046875,815397.0
2012-06-15,100.94297790527344,103.08655548095703,100.76759338378906,101.89784240722656,691325.0
2012-06-18,102.89168548583984,103.61270904541016,97.45479583740234,98.2342758178711,1151138.0
2012-06-19,98.0199203491211,98.65325164794922,96.49993133544922,97.55223083496094,4434937.0
2012-06-20,98.0199203491211,98.39991760253906,96.50967407226562,98.10761260986328,620740.0
2012-06-21,97.90299987792969,101.13784790039062,97.47428131103516,100.47528839111328,684094.0
2012-06-22,99.32555389404297,100.35836791992188,98.50709533691406,100.04657745361328,161255.0
2012-06-25,100.01734161376953,102.1122055053711,99.8711929321289,100.56298065185547,459499.0
2012-06-26,100.01734161376953,103.4762954711914,100.01734161376953,102.16091918945312,1546030.0
2012-06-27,103.29116821289062,104.24604034423828,100.0660629272461,100.72862243652344,526190.0
2012-06-28,100.93323516845703,101.2157974243164,96.85069274902344,100.63118743896484,1958340.0
2012-06-29,100.94297790527344,103.74911499023438,100.56298065185547,103.28142547607422,723341.0
2012-07-02,102.81373596191406,104.97679901123047,102.81373596191406,104.31423950195312,617383.0
2012-07-03,104.8111572265625,108.15319061279297,104.8111572265625,107.5490951538086,1185278.0
2012-07-04,107.5490951538086,112.1967544555664,107.5490951538086,111.73880767822266,1643218.0
2012-07-05,112.01162719726562,112.83008575439453,109.63420867919922,110.09215545654297,1921228.0
2012-07-06,110.49163818359375,111.80701446533203,107.84140014648438,108.71831512451172,453151.0
2012-07-09,99.68606567382812,108.53318786621094,99.68606567382812,107.32498931884766,497812.0
2012-07-10,107.86088562011719,111.07624816894531,107.83164978027344,110.46240234375,354491.0
2012-07-11,110.35523223876953,110.44292449951172,108.73780059814453,109.27369689941406,515891.0
2012-07-12,108.15319061279297,109.99472045898438,106.8475570678711,107.62704467773438,442652.0
2012-07-13,108.52344512939453,111.84599304199219,107.7634506225586,110.4234390258789,3191779.0
2012-07-16,111.09573364257812,111.60240173339844,109.17626190185547,109.49779510498047,524435.0
2012-07-17,110.77420043945312,110.80342864990234,105.01577758789062,106.79884338378906,837319.0
2012-07-18,106.77935791015625,107.94857788085938,104.75270080566406,105.54192352294922,628642.0
2012-07-19,103.6711654663086,107.7634506225586,103.6711654663086,106.5357666015625,408943.0
2012-07-20,106.59422302246094,106.59422302246094,104.45064544677734,104.77218627929688,382002.0
2012-07-23,104.79167175292969,123.00233459472656,104.23628997802734,109.03984832763672,2903911.0
2012-07-24,109.79985046386719,111.07624816894531,106.89627838134766,109.6147232055664,1877835.0
2012-07-25,110.81317901611328,110.82292175292969,107.61729431152344,109.5952377319336,377301.0
2012-07-26,110.78394317626953,111.21266174316406,109.49779510498047,110.0239486694336,1165060.0
2012-07-27,109.32241821289062,110.98855590820312,108.85472869873047,109.13729095458984,1212142.0
2012-07-30,110.3649673461914,113.02495574951172,107.98755645751953,112.21623992919922,1577800.0
2012-07-31,112.54752349853516,113.35623931884766,111.67060852050781,112.64495849609375,1102608.0
2012-08-01,110.16036224365234,112.44034576416016,110.16036224365234,111.92393493652344,456354.0
2012-08-02,111.6608657836914,112.49880981445312,109.64395141601562,111.95317077636719,367987.0
2012-08-03,111.78752899169922,112.24547576904297,110.69625091552734,111.70957946777344,233714.0
2012-08-06,112.05060577392578,113.02495574951172,108.6793441772461,110.19933319091797,552556.0
2012-08-07,111.25163269042969,112.05060577392578,109.55625915527344,110.93009948730469,220859.0
2012-08-08,111.1541976928711,111.46599578857422,108.73780059814453,109.83882904052734,302806.0
2012-08-09,111.07624816894531,116.72750091552734,109.1275405883789,109.65369415283203,170302.0
2012-08-10,109.88754272460938,111.69983673095703,109.13729095458984,110.58907318115234,652720.0
2012-08-13,110.68650817871094,111.75830078125,109.8095932006836,110.66702270507812,454773.0
2012-08-14,110.57933044433594,111.04701232910156,108.3772964477539,109.56600189208984,253209.0
2012-08-16,109.13729095458984,110.8326644897461,109.1275405883789,110.43317413330078,476808.0
2012-08-17,110.87163543701172,116.89313507080078,110.49163818359375,115.9675064086914,2010872.0
2012-08-21,116.33775329589844,117.89672088623047,116.14288330078125,117.68236541748047,882575.0
2012-08-22,116.04544830322266,117.90646362304688,116.04544830322266,116.66903686523438,274069.0
2012-08-23,116.97108459472656,117.84800720214844,116.55211639404297,117.01006317138672,1342849.0
2012-08-24,117.34134674072266,121.30696105957031,116.19160461425781,119.64081573486328,1496551.0
2012-08-27,120.05004119873047,120.64440155029297,117.12698364257812,118.01364135742188,834605.0
2012-08-28,119.17312622070312,120.80029296875,117.3121109008789,120.52747344970703,2719820.0
2012-08-29,120.14747619628906,121.79413604736328,119.85517120361328,120.05004119873047,1847246.0
2012-08-30,117.38031005859375,121.79413604736328,117.38031005859375,121.27772521972656,3322204.0
2012-08-31,121.42388153076172,124.86334228515625,121.20951843261719,123.7720718383789,4030161.0
2012-09-03,122.76848602294922,123.37258911132812,119.3582534790039,120.5761947631836,3178508.0
2012-09-04,121.34593200683594,122.57361602783203,120.9172134399414,121.7161865234375,2433979.0
2012-09-05,121.2972183227539,123.03156280517578,120.75157928466797,122.4079818725586,3371637.0
2012-09-06,122.9633560180664,124.2982177734375,122.57361602783203,123.71360778808594,777521.0
2012-09-07,124.71719360351562,125.69154357910156,121.95002746582031,123.27515411376953,447789.0
2012-09-10,123.1582260131836,124.69770812988281,122.57361602783203,123.94745635986328,330296.0
2012-09-11,124.32745361328125,125.65257263183594,121.80387878417969,122.23258972167969,1828833.0
2012-09-12,123.69412231445312,125.16539764404297,122.50541687011719,122.83668518066406,1402309.0
2012-09-13,123.89873504638672,123.89873504638672,121.79413604736328,122.35926055908203,841440.0
2012-09-14,122.91464233398438,125.49667358398438,121.96952056884766,122.7490005493164,2218420.0
2012-09-17,121.4043960571289,123.74284362792969,119.5726089477539,121.09259796142578,545864.0
2012-09-18,120.66388702392578,122.09618377685547,118.88082122802734,121.07311248779297,486461.0
2012-09-20,119.26081848144531,121.96952056884766,116.1818618774414,120.55670928955078,531557.0
2012-09-21,116.92237091064453,121.98900604248047,116.92237091064453,121.30696105957031,393953.0
2012-09-24,120.72234344482422,122.76848602294922,120.62490844726562,121.57003021240234,1171254.0
2012-09-25,121.84284973144531,122.18387603759766,120.27413940429688,120.81977844238281,3989816.0
2012-09-26,120.43003845214844,121.98900604248047,119.54338073730469,121.7064437866211,339219.0
2012-09-27,121.75515747070312,121.79413604736328,116.92237091064453,117.83826446533203,3718698.0
2012-09-28,117.89672088623047,121.20951843261719,117.89672088623047,120.7905502319336,1102988.0
2012-10-01,120.81977844238281,122.22284698486328,120.34234619140625,121.45310974121094,584793.0
2012-10-03,122.01824188232422,124.78539276123047,121.87208557128906,123.5479736328125,1688099.0
2012-10-04,123.74284362792969,124.65872955322266,122.99259185791016,123.80130004882812,2539813.0
2012-10-05,124.55155944824219,126.70487213134766,122.58335876464844,125.98385620117188,3154056.0
2012-10-08,127.02640533447266,128.663330078125,126.29564666748047,127.51358032226562,5782446.0
2012-10-09,127.85460662841797,130.46588134765625,126.92897033691406,128.34178161621094,3394518.0
2012-10-10,127.76692199707031,127.76692199707031,123.78181457519531,126.98744201660156,1111219.0
2012-10-11,127.13359069824219,128.33204650878906,125.17513275146484,127.1433334350586,1260128.0
2012-10-12,127.0361557006836,127.2699966430664,124.91206359863281,125.45770263671875,1288690.0
2012-10-15,127.18231201171875,127.62076568603516,123.22643280029297,126.86077117919922,749225.0
2012-10-16,128.02999877929688,128.02999877929688,122.98284149169922,124.46385955810547,603908.0
2012-10-17,124.50283813476562,125.03873443603516,122.76848602294922,123.6648941040039,307101.0
2012-10-18,123.5382308959961,123.7525863647461,122.87566375732422,123.37258911132812,3894111.0
2012-10-19,123.6454086303711,124.91206359863281,122.89515686035156,123.7623291015625,370307.0
2012-10-22,123.46028137207031,124.69770812988281,122.82695007324219,123.11925506591797,397248.0
2012-10-23,123.42130279541016,123.74284362792969,120.85875701904297,121.12183380126953,350068.0
2012-10-25,120.81977844238281,122.75874328613281,119.27056121826172,120.03055572509766,1887272.0
2012-10-29,117.1951904296875,119.12440490722656,115.94801330566406,118.15005493164062,537336.0
2012-10-30,118.73466491699219,120.56645202636719,115.97724914550781,120.00132751464844,2747807.0
2012-10-31,119.28030395507812,122.1448974609375,119.28030395507812,121.82337188720703,2248902.0
2012-11-01,121.82337188720703,124.56129455566406,121.79413604736328,123.3433609008789,2116132.0
2012-11-02,124.64899444580078,125.78897857666016,122.00849151611328,122.64181518554688,1534951.0
2012-11-05,123.4407958984375,124.27873229980469,121.04388427734375,122.4274673461914,738259.0
2012-11-06,123.18746185302734,123.6551513671875,121.43362426757812,121.67721557617188,417610.0
2012-11-07,122.7295150756836,122.7295150756836,121.03414154052734,121.67721557617188,742133.0
2012-11-08,121.79413604736328,121.98900604248047,120.09876251220703,121.79413604736328,2695383.0
2012-11-09,120.82952880859375,122.66130828857422,120.23516845703125,120.93670654296875,1599512.0
2012-11-12,121.1120834350586,121.79413604736328,120.04029846191406,121.38490295410156,1898208.0
2012-11-15,121.97926330566406,123.73310089111328,119.85517120361328,122.98284149169922,3247411.0
2012-11-16,124.64899444580078,127.82537841796875,120.8977279663086,122.00849151611328,3564760.0
2012-11-19,122.38848876953125,122.89515686035156,120.04029846191406,121.7064437866211,428622.0
2012-11-20,120.81977844238281,123.57720184326172,120.44952392578125,120.99516296386719,2915046.0
2012-11-21,124.11309814453125,124.11309814453125,117.46800994873047,118.68595123291016,1653379.0
2012-11-22,119.29978942871094,121.76490020751953,119.26081848144531,121.17054748535156,1183457.0
2012-11-23,121.4043960571289,123.40181732177734,121.4043960571289,123.0510482788086,1728716.0
2012-11-26,124.0936050415039,124.23976135253906,122.08644104003906,122.45669555664062,1711556.0
2012-11-27,122.54438018798828,124.32745361328125,120.71260070800781,123.56745910644531,1539026.0
2012-11-29,125.10693359375,127.83512115478516,123.59668731689453,126.92897033691406,3905827.0
2012-11-30,127.84486389160156,132.12228393554688,127.84486389160156,130.61203002929688,2854473.0
2012-12-03,131.53765869140625,132.51202392578125,130.3002471923828,131.3330535888672,2991872.0
2012-12-04,128.02999877929688,134.26585388183594,128.02999877929688,133.42791748046875,1119589.0
2012-12-05,133.505859375,135.337646484375,133.38893127441406,134.46072387695312,1658172.0
2012-12-06,134.8504638671875,137.97813415527344,133.49610900878906,137.16943359375,2419841.0
2012-12-07,137.4324951171875,139.33248901367188,136.7699432373047,137.98788452148438,468264.0
2012-12-10,138.59197998046875,138.9427490234375,135.01609802246094,136.20481872558594,1753122.0
2012-12-11,136.7894287109375,138.45556640625,135.6591796875,137.6176300048828,3227536.0
2012-12-12,137.54942321777344,140.4530029296875,136.1463623046875,137.73455810546875,3726267.0
2012-12-13,136.62379455566406,140.29710388183594,134.28533935546875,139.5858154296875,4132049.0
2012-12-14,139.72222900390625,144.8278350830078,138.35813903808594,142.68426513671875,2736795.0
2012-12-17,142.6355438232422,144.20425415039062,140.11196899414062,142.58682250976562,1020425.0
2012-12-18,144.593994140625,149.85549926757812,142.41143798828125,147.97499084472656,2766327.0
2012-12-19,150.06011962890625,152.778564453125,118.39363861083984,149.18319702148438,4893067.0
2012-12-20,149.0272979736328,149.93345642089844,145.022705078125,146.9811553955078,1638379.0
2012-12-21,146.747314453125,146.747314453125,145.4221954345703,146.05552673339844,754013.0
2012-12-24,148.0919189453125,150.1185760498047,146.36732482910156,147.0201416015625,1313035.0
2012-12-26,147.13705444335938,147.9555206298828,145.54885864257812,146.1334686279297,438978.0
2012-12-27,146.2309112548828,148.53038024902344,141.4955596923828,143.06427001953125,1115622.0
2012-12-28,144.0873260498047,147.1273193359375,143.4929656982422,146.2991180419922,4463941.0
2012-12-31,148.33551025390625,150.3231964111328,146.1529541015625,147.59500122070312,1317597.0
2013-01-01,148.86166381835938,149.05653381347656,146.75706481933594,147.3221893310547,355543.0
2013-01-02,147.40013122558594,148.4914093017578,147.33192443847656,148.0626983642578,596816.0
2013-01-03,148.3452606201172,148.9785919189453,146.30885314941406,147.54629516601562,976642.0
2013-01-04,147.54629516601562,147.54629516601562,141.47605895996094,146.1529541015625,2945256.0
2013-01-07,146.35757446289062,147.18577575683594,143.81451416015625,146.41603088378906,1645117.0
2013-01-08,146.69859313964844,151.08319091796875,146.26014709472656,149.85549926757812,1063654.0
2013-01-09,151.99908447265625,154.29855346679688,150.55703735351562,152.3790740966797,2357897.0
2013-01-10,152.01856994628906,154.2498321533203,148.31602478027344,150.60574340820312,1747513.0
2013-01-11,149.66062927246094,151.74574279785156,148.69602966308594,150.34268188476562,514197.0
2013-01-14,150.34268188476562,155.00009155273438,148.69602966308594,154.717529296875,840947.0
2013-01-15,153.0806121826172,155.896484375,153.0806121826172,155.64315795898438,1455478.0
2013-01-16,155.7016143798828,156.88058471679688,151.3949737548828,152.14523315429688,671424.0
2013-01-17,148.20884704589844,153.24624633789062,148.20884704589844,150.02113342285156,1886492.0
2013-01-18,150.0308837890625,150.0308837890625,146.81552124023438,148.36474609375,1131196.0
2013-01-21,149.95294189453125,149.96267700195312,146.8350067138672,148.0919189453125,1522661.0
2013-01-22,148.65704345703125,148.6667938232422,146.59141540527344,147.40013122558594,478897.0
2013-01-23,148.02371215820312,148.03346252441406,144.6134796142578,145.65603637695312,870818.0
2013-01-24,143.4442596435547,146.03604125976562,143.2493896484375,145.11041259765625,899114.0
2013-01-25,145.0616912841797,148.78372192382812,142.55760192871094,147.8580780029297,1621439.0
2013-01-28,150.0016632080078,151.8821563720703,148.26730346679688,150.0503692626953,1986282.0
2013-01-29,150.06985473632812,151.36575317382812,149.57293701171875,150.69345092773438,1335681.0
2013-01-30,151.29754638671875,152.95394897460938,149.67037963867188,150.57652282714844,671260.0
2013-01-31,151.33651733398438,154.3375244140625,151.33651733398438,153.9088134765625,1912663.0
2013-02-01,154.18162536621094,155.31187438964844,148.94935607910156,151.482666015625,787604.0
2013-02-04,152.0770263671875,155.79905700683594,149.71910095214844,151.10267639160156,2127555.0
2013-02-05,151.37548828125,151.38523864746094,147.16629028320312,148.3062744140625,1104958.0
2013-02-06,148.0724334716797,152.72010803222656,144.41860961914062,150.25498962402344,3105506.0
2013-02-07,150.4303741455078,151.99908447265625,149.07601928710938,150.8590850830078,1014267.0
2013-02-08,150.07960510253906,152.9734344482422,145.2955322265625,147.62423706054688,1924369.0
2013-02-11,147.07859802246094,148.0626983642578,145.60733032226562,147.2344970703125,910250.0
2013-02-12,147.01039123535156,148.37448120117188,144.40887451171875,145.2760467529297,362358.0
2013-02-13,145.48065185546875,146.79603576660156,144.40887451171875,145.92886352539062,545854.0
2013-02-14,148.471923828125,149.4073028564453,141.87554931640625,142.5478515625,915941.0
2013-02-15,142.43093872070312,146.1529541015625,138.57249450683594,143.1616973876953,1016720.0
2013-02-18,142.45042419433594,146.28936767578125,142.26528930664062,146.1237335205078,580241.0
2013-02-19,146.64013671875,148.686279296875,145.50015258789062,146.47450256347656,1560117.0
2013-02-20,148.10166931152344,150.0503692626953,146.36732482910156,147.31243896484375,1052960.0
2013-02-21,144.20425415039062,146.73757934570312,133.505859375,136.26327514648438,144750032.0
2013-02-22,138.1535186767578,139.80992126464844,136.92584228515625,139.2447967529297,9377693.0
2013-02-25,142.06068420410156,142.06068420410156,137.4032745361328,138.97198486328125,6758792.0
2013-02-26,138.35813903808594,139.02069091796875,136.01968383789062,136.41917419433594,6636285.0
2013-02-27,137.39352416992188,139.33248901367188,136.7017364501953,137.39352416992188,6274681.0
2013-02-28,136.43865966796875,140.18992614746094,131.39151000976562,135.56175231933594,9013082.0
2013-03-01,134.0612335205078,138.3191680908203,132.00535583496094,136.39968872070312,1610093.0
2013-03-04,136.65301513671875,139.33248901367188,134.47047424316406,138.8355712890625,1182733.0
2013-03-05,139.33248901367188,141.0765838623047,139.0304412841797,140.0437774658203,2373651.0
2013-03-06,140.63812255859375,141.5247802734375,137.77352905273438,138.14378356933594,1397983.0
2013-03-07,137.92942810058594,140.4822235107422,137.0037841796875,139.92684936523438,1101992.0
2013-03-08,140.15093994140625,142.93759155273438,139.40069580078125,140.31658935546875,1572284.0
2013-03-11,140.501708984375,141.13504028320312,138.7478790283203,140.18992614746094,788235.0
2013-03-12,140.1996612548828,140.32632446289062,135.73712158203125,136.4484100341797,1195377.0
2013-03-13,136.2145538330078,136.8771209716797,133.88584899902344,134.26585388183594,453208.0
2013-03-14,136.7894287109375,136.7894287109375,130.7581787109375,133.4181671142578,811630.0
2013-03-15,133.85662841796875,138.06582641601562,133.49610900878906,136.0684051513672,3731593.0
2013-03-18,136.01968383789062,140.15093994140625,131.25509643554688,139.8391571044922,1198261.0
2013-03-19,139.90736389160156,140.6965789794922,134.67507934570312,135.766357421875,927261.0
2013-03-20,135.6396942138672,139.1376190185547,130.9530487060547,133.46688842773438,3775515.0
2013-03-21,136.2145538330078,137.16943359375,132.51202392578125,135.6786651611328,1351168.0
2013-03-22,136.0586700439453,138.35813903808594,134.8504638671875,136.1755828857422,2178784.0
2013-03-25,137.39352416992188,137.48121643066406,130.1443328857422,131.4402313232422,1983557.0
2013-03-26,131.66433715820312,133.97354125976562,129.44281005859375,131.5863800048828,2578423.0
2013-03-28,130.58279418945312,136.1755828857422,129.58895874023438,135.32789611816406,1330954.0
2013-04-01,135.2596893310547,141.0765838623047,134.84072875976562,139.81967163085938,969084.0
2013-04-02,139.5176239013672,141.1740264892578,138.0073699951172,139.3909454345703,2201234.0
2013-04-03,138.87454223632812,140.4822235107422,135.84429931640625,137.8319854736328,1115745.0
2013-04-04,137.77352905273438,137.77352905273438,130.816650390625,132.20997619628906,2306956.0
2013-04-05,132.5704803466797,134.8504638671875,132.13201904296875,133.613037109375,730997.0
2013-04-08,131.55715942382812,135.43507385253906,131.55715942382812,133.15509033203125,424071.0
2013-04-09,133.4863739013672,133.4863739013672,129.05307006835938,130.16383361816406,1479925.0
2013-04-10,128.7315216064453,132.31715393066406,126.08129119873047,128.6048583984375,5316727.0
2013-04-11,128.82896423339844,135.02584838867188,124.34693908691406,134.1684112548828,5373950.0
2013-04-12,134.17816162109375,136.31199645996094,132.541259765625,135.766357421875,1322929.0
2013-04-15,134.6555938720703,135.82481384277344,129.1115264892578,129.6864013671875,1510160.0
2013-04-16,129.02383422851562,129.97869873046875,127.93255615234375,129.1797332763672,3991381.0
2013-04-17,130.55357360839844,132.3950958251953,129.3940887451172,130.74844360351562,8396448.0
2013-04-18,132.20997619628906,135.62994384765625,131.00177001953125,134.49969482421875,5527251.0
2013-04-22,134.51918029785156,136.7894287109375,134.51918029785156,135.6591796875,2239870.0
2013-04-23,135.73712158203125,135.97097778320312,131.63510131835938,132.51202392578125,1759567.0
2013-04-25,131.55715942382812,139.11813354492188,131.55715942382812,138.01712036132812,7616782.0
2013-04-26,139.33248901367188,140.27760314941406,136.99404907226562,138.18275451660156,1942006.0
2013-04-29,138.348388671875,140.11196899414062,136.1073760986328,137.60789489746094,1990341.0
2013-04-30,137.5396728515625,146.64013671875,136.88687133789062,145.26629638671875,5925254.0
2013-05-02,145.17860412597656,149.07601928710938,142.3140106201172,148.4524383544922,4061161.0
2013-05-03,148.46217346191406,151.0247344970703,144.66220092773438,147.92628479003906,3905452.0
2013-05-06,146.6596221923828,148.32577514648438,142.25555419921875,144.7888641357422,1706763.0
2013-05-07,147.1273193359375,147.28321838378906,143.08375549316406,144.51605224609375,3263626.0
2013-05-08,144.20425415039062,148.10166931152344,141.72940063476562,144.09707641601562,4086850.0
2013-05-09,143.0545196533203,144.31143188476562,141.86581420898438,143.1227264404297,1856298.0
2013-05-10,143.43450927734375,151.31703186035156,141.42735290527344,148.2867889404297,10298279.0
2013-05-13,149.46575927734375,150.81036376953125,144.92527770996094,146.66937255859375,2373246.0
2013-05-14,145.6365509033203,148.2867889404297,145.19808959960938,145.57809448242188,1702847.0
2013-05-15,146.68885803222656,151.01498413085938,145.03245544433594,150.14781188964844,4264439.0
2013-05-16,150.0503692626953,153.9282989501953,150.02113342285156,153.09036254882812,2067510.0
2013-05-17,152.778564453125,154.86367797851562,151.36575317382812,154.19137573242188,989897.0
2013-05-20,153.94778442382812,157.24110412597656,152.98316955566406,156.2959747314453,3264135.0
2013-05-21,156.90008544921875,157.84519958496094,152.38882446289062,153.6749725341797,6750910.0
2013-05-22,153.75291442871094,154.67855834960938,152.9734344482422,153.75291442871094,3137989.0
2013-05-23,153.17803955078125,153.94778442382812,150.48883056640625,153.24624633789062,4365332.0
2013-05-24,154.88316345214844,154.88316345214844,152.76881408691406,153.16830444335938,2556814.0
2013-05-27,153.94778442382812,159.7938995361328,153.38265991210938,158.7708282470703,1515851.0
2013-05-28,158.809814453125,164.21746826171875,158.0010986328125,162.79490661621094,3650776.0
2013-05-29,161.74261474609375,162.13235473632812,157.65032958984375,160.8169708251953,1354139.0
2013-05-30,159.0533905029297,161.68414306640625,155.7211151123047,157.1144256591797,2409526.0
2013-05-31,158.58570861816406,160.963134765625,157.66006469726562,158.94622802734375,5816654.0
2013-06-03,158.81954956054688,160.76824951171875,156.28623962402344,157.20211791992188,626821.0
2013-06-04,155.896484375,159.39442443847656,152.9734344482422,157.18263244628906,2914816.0
2013-06-05,155.9354705810547,158.56622314453125,152.9734344482422,156.21803283691406,2003693.0
2013-06-06,155.04881286621094,156.6759796142578,151.4339599609375,152.33035278320312,8166197.0
2013-06-07,152.24266052246094,154.85394287109375,151.4144744873047,152.01856994628906,1697197.0
2013-06-10,153.75291442871094,154.51290893554688,150.25498962402344,151.81394958496094,2546992.0
2013-06-11,151.78472900390625,153.68470764160156,148.29653930664062,151.92112731933594,2494234.0
2013-06-12,148.686279296875,151.3462677001953,148.33551025390625,149.22216796875,1120892.0
2013-06-13,148.16012573242188,149.4073028564453,142.76220703125,143.96066284179688,1917554.0
2013-06-14,143.81451416015625,146.34783935546875,142.64529418945312,145.32476806640625,1511089.0
2013-06-17,143.8242645263672,150.8590850830078,143.8242645263672,150.0016632080078,2708725.0
2013-06-18,150.3231964111328,151.20985412597656,147.7509002685547,148.99807739257812,910316.0
2013-06-19,148.8811492919922,149.85549926757812,147.4683380126953,149.0272979736328,1041932.0
2013-06-20,148.12115478515625,148.12115478515625,141.87554931640625,143.30784606933594,2479624.0
2013-06-21,142.64529418945312,142.85964965820312,138.82582092285156,140.27760314941406,4415401.0
2013-06-24,138.7478790283203,139.22531127929688,123.56745910644531,130.9530487060547,3306404.0
2013-06-25,132.31715393066406,133.86636352539062,130.21253967285156,132.41458129882812,5149036.0
2013-06-26,134.26585388183594,134.8504638671875,132.2976531982422,134.10995483398438,3936309.0
2013-06-27,134.32431030273438,141.47605895996094,133.7007293701172,140.25811767578125,2550697.0
2013-06-28,141.45657348632812,142.6063232421875,136.02943420410156,138.05609130859375,2218656.0
2013-07-01,139.71249389648438,141.1740264892578,136.2145538330078,137.04275512695312,2063466.0
2013-07-02,136.0586700439453,136.5555877685547,130.88485717773438,132.1612548828125,1346888.0
2013-07-03,130.5633087158203,133.68124389648438,129.80331420898438,132.51202392578125,1049060.0
2013-07-04,135.80532836914062,135.80532836914062,132.1417694091797,132.6776580810547,1241285.0
2013-07-05,133.85662841796875,135.20123291015625,132.4633026123047,134.27560424804688,843759.0
2013-07-08,131.78125,134.24636840820312,131.28433227539062,132.3561248779297,1146632.0
2013-07-09,132.51202392578125,140.7745361328125,132.27816772460938,139.4494171142578,2164995.0
2013-07-10,138.2412109375,140.59915161132812,134.46072387695312,134.97714233398438,1715302.0
2013-07-11,136.6042938232422,137.3643035888672,133.29150390625,134.15867614746094,2654915.0
2013-07-12,134.07098388671875,135.337646484375,132.31715393066406,133.0186767578125,798488.0
2013-07-15,133.19406127929688,134.62635803222656,131.84945678710938,132.2489471435547,1179762.0
2013-07-16,130.5633087158203,130.5633087158203,125.10693359375,125.67205810546875,2776857.0
2013-07-17,123.74284362792969,126.82179260253906,121.4043960571289,122.68079376220703,5283751.0
2013-07-18,123.47002410888672,128.67306518554688,122.91464233398438,127.64999389648438,4802822.0
2013-07-19,128.63409423828125,130.3489532470703,126.06179809570312,128.5853729248047,3026243.0
2013-07-22,126.72435760498047,130.7386932373047,126.72435760498047,129.10177612304688,884325.0
2013-07-23,129.55972290039062,133.25253295898438,127.39666748046875,131.12843322753906,3970603.0
2013-07-24,131.53765869140625,131.53765869140625,118.91979217529297,126.51974487304688,12024809.0
2013-07-25,125.62334442138672,129.69613647460938,125.0094985961914,128.63409423828125,2954319.0
2013-07-26,125.88641357421875,129.29664611816406,123.74284362792969,124.93154907226562,1061648.0
2013-07-29,123.74284362792969,126.08129119873047,121.62849426269531,122.7295150756836,1330277.0
2013-07-30,121.79413604736328,124.71719360351562,121.6187515258789,123.62591552734375,981948.0
2013-07-31,122.2131118774414,126.08129119873047,121.79413604736328,123.23617553710938,3253086.0
2013-08-01,123.93771362304688,125.69154357910156,115.40237426757812,116.76647186279297,3726575.0
2013-08-02,116.56185913085938,122.57361602783203,115.98699188232422,121.56028747558594,2331008.0
2013-08-05,123.93771362304688,126.92897033691406,120.96593475341797,126.0228271484375,2354008.0
2013-08-06,125.55513763427734,125.69154357910156,122.50541687011719,124.66847229003906,1723358.0
2013-08-07,124.81462860107422,127.64025115966797,121.28746795654297,126.57820892333984,847906.0
2013-08-08,124.74642944335938,127.1433334350586,124.48335266113281,125.38949584960938,1353231.0
2013-08-12,125.53565216064453,127.37718200683594,119.91362762451172,121.65772247314453,2918490.0
2013-08-13,122.76848602294922,124.71719360351562,120.82952880859375,124.2884750366211,1767218.0
2013-08-14,124.31771087646484,124.53206634521484,122.91464233398438,124.2592544555664,1220917.0
2013-08-16,124.40540313720703,124.40540313720703,115.5777587890625,120.87824249267578,2623109.0
2013-08-19,119.84542846679688,120.80029296875,114.19418334960938,115.73365783691406,2565168.0
2013-08-20,114.6131591796875,114.6131591796875,102.95014953613281,106.61371612548828,4295424.0
2013-08-21,108.83523559570312,113.03469848632812,108.65010833740234,111.69983673095703,2887264.0
2013-08-22,111.13471221923828,112.07984161376953,104.01219177246094,108.16293334960938,2511707.0
2013-08-23,107.37371063232422,110.78394317626953,105.87320709228516,109.21524047851562,2100383.0
2013-08-26,108.15319061279297,110.29676818847656,104.4993667602539,105.24961853027344,1085689.0
2013-08-27,104.6065444946289,104.6065444946289,96.94812774658203,97.63018035888672,2493367.0
2013-08-28,95.8763427734375,100.48503875732422,90.439453125,99.0624771118164,3466428.0
2013-08-29,98.4486312866211,101.94656372070312,95.49634552001953,99.11119842529297,6872082.0
2013-08-30,99.11119842529297,102.2388687133789,94.1419906616211,101.03067016601562,3221824.0
2013-09-02,99.77375793457031,102.77476501464844,98.21479034423828,100.79682159423828,2219031.0
2013-09-03,101.0014419555664,102.69681549072266,97.24044036865234,98.17581939697266,1746825.0
2013-09-04,97.24044036865234,99.31581115722656,95.50608825683594,97.48402404785156,2658507.0
2013-09-05,99.3840103149414,100.94297790527344,96.46095275878906,97.35736083984375,4600544.0
2013-09-06,97.63018035888672,101.23528289794922,97.26966857910156,100.64093017578125,3645228.0
2013-09-10,102.87220001220703,111.46599578857422,101.14759063720703,110.6377944946289,3020075.0
2013-09-11,109.8290786743164,112.63521575927734,109.07882690429688,111.58291625976562,1557654.0
2013-09-12,111.44650268554688,111.8557357788086,105.90243530273438,107.29576110839844,1026983.0
2013-09-13,106.23371887207031,110.19933319091797,106.20448303222656,109.1275405883789,1065142.0
2013-09-16,111.6608657836914,112.89828491210938,108.39678192138672,110.7254867553711,1439211.0
2013-09-17,110.7254867553711,111.03727722167969,108.12395477294922,109.8193359375,638623.0
2013-09-18,107.773193359375,110.06291961669922,106.80858612060547,108.5136947631836,978567.0
2013-09-19,110.68650817871094,118.34492492675781,110.68650817871094,116.5033950805664,2917797.0
2013-09-20,116.72750091552734,126.39308166503906,113.14187622070312,123.90847778320312,4655068.0
2013-09-23,121.20951843261719,125.08744812011719,118.86133575439453,124.27873229980469,1594273.0
2013-09-24,121.5992660522461,124.30796813964844,115.41212463378906,116.71775817871094,1863492.0
2013-09-25,117.90646362304688,119.29978942871094,112.25521850585938,113.07367706298828,3643360.0
2013-09-26,113.4146957397461,114.77879333496094,110.68650817871094,112.12855529785156,1718617.0
2013-09-27,112.44034576416016,113.61930847167969,110.5306167602539,112.04086303710938,1003583.0
2013-09-30,110.10189819335938,113.55110931396484,110.10189819335938,111.82649993896484,1593590.0
2013-10-01,112.24547576904297,112.90803527832031,110.54035949707031,110.8424072265625,893023.0
2013-10-03,110.140869140625,112.37214660644531,110.140869140625,111.31009674072266,1168246.0
2013-10-04,111.07624816894531,111.7680435180664,107.47114562988281,108.64036560058594,1571848.0
2013-10-07,107.58806610107422,109.51728820800781,106.61371612548828,108.84497833251953,1436994.0
2013-10-08,111.651123046875,112.03111267089844,106.72089385986328,107.28601837158203,1941052.0
2013-10-09,106.73063659667969,109.90702819824219,106.60397338867188,109.13729095458984,2795449.0
2013-10-10,108.15319061279297,111.32958221435547,107.60755157470703,108.81575012207031,2280862.0
2013-10-11,110.5306167602539,111.46599578857422,108.93267059326172,110.7254867553711,3335777.0
2013-10-14,112.05060577392578,112.9859848022461,110.7449722290039,111.11522674560547,1193679.0
2013-10-15,111.48548126220703,111.98240661621094,108.98139190673828,109.54651641845703,1713829.0
2013-10-17,109.32241821289062,111.0665054321289,107.18858337402344,108.76703643798828,1873401.0
2013-10-18,107.7634506225586,109.11780548095703,106.8572998046875,107.36396789550781,2816386.0
2013-10-21,107.37371063232422,109.1275405883789,106.20448303222656,108.43575286865234,1621414.0
2013-10-22,108.71831512451172,112.24547576904297,107.74396514892578,108.82550048828125,1995790.0
2013-10-23,109.03984832763672,110.10189819335938,106.98397064208984,107.6562728881836,1920782.0
2013-10-24,107.5685806274414,108.98139190673828,106.4188461303711,107.07166290283203,4074010.0
2013-10-25,106.39935302734375,110.88137817382812,106.39935302734375,110.30651092529297,2625249.0
2013-10-28,111.18342590332031,111.2711181640625,107.17884063720703,108.6890869140625,1098924.0
2013-10-29,108.11421966552734,112.81060028076172,107.37371063232422,111.6608657836914,3081285.0
2013-10-30,112.6644515991211,121.19003295898438,112.4695816040039,120.39106750488281,2566995.0
2013-10-31,119.84542846679688,121.75515747070312,116.04544830322266,119.13414764404297,4150918.0
2013-11-01,119.84542846679688,126.66590118408203,119.84542846679688,125.70128631591797,3076497.0
2013-11-05,125.69154357910156,126.18846893310547,117.3121109008789,117.94544219970703,2081283.0
2013-11-06,118.84184265136719,120.32286071777344,116.92237091064453,117.34134674072266,641815.0
2013-11-07,117.3121109008789,117.89672088623047,110.35523223876953,110.60855865478516,3243105.0
2013-11-08,111.62188720703125,111.62188720703125,107.49063110351562,109.55625915527344,4762672.0
2013-11-11,111.44650268554688,111.44650268554688,105.89269256591797,106.7403793334961,1374358.0
2013-11-12,109.1275405883789,109.90702819824219,107.01319885253906,107.7829360961914,1636655.0
2013-11-13,108.15319061279297,110.06291961669922,107.37371063232422,107.93883514404297,1098020.0
2013-11-14,107.58806610107422,111.07624816894531,107.58806610107422,110.31625366210938,937945.0
2013-11-18,111.64137268066406,116.63980865478516,109.89728546142578,115.41212463378906,1795093.0
2013-11-19,115.92852783203125,115.94801330566406,112.65470123291016,114.15520477294922,678445.0
2013-11-20,113.23931121826172,114.68135833740234,111.07624816894531,112.05060577392578,791207.0
2013-11-21,112.05060577392578,112.05060577392578,108.73780059814453,109.41011047363281,668499.0
2013-11-22,109.51728820800781,112.44034576416016,108.73780059814453,110.96907043457031,690704.0
2013-11-25,111.54393768310547,113.0054702758789,111.07624816894531,111.80701446533203,541328.0
2013-11-26,111.46599578857422,113.38545989990234,110.69625091552734,111.31009674072266,944344.0
2013-11-27,110.68650817871094,114.29161834716797,110.27728271484375,113.74597930908203,619303.0
2013-11-28,112.25521850585938,115.3634033203125,111.18342590332031,112.09931945800781,3238143.0
2013-11-29,111.2711181640625,116.32801818847656,111.2711181640625,115.21725463867188,1305691.0
2013-12-02,115.21725463867188,117.87723541259766,113.99931335449219,117.12698364257812,1105528.0
2013-12-03,117.21467590332031,118.7444076538086,115.85057830810547,116.25006866455078,2348060.0
2013-12-04,114.09674835205078,117.43878173828125,113.35623931884766,114.29161834716797,1549746.0
2013-12-05,117.5069808959961,117.5069808959961,114.08700561523438,115.17827606201172,1368215.0
2013-12-06,114.25263977050781,116.92237091064453,114.25263977050781,114.90546417236328,1523580.0
2013-12-09,116.14288330078125,119.15364074707031,115.94801330566406,116.96134185791016,2574148.0
2013-12-10,117.11724090576172,117.88697814941406,115.55827331542969,116.86390686035156,4314683.0
2013-12-11,115.94801330566406,118.754150390625,114.34033203125,117.90646362304688,1900953.0
2013-12-12,118.6567153930664,120.21568298339844,117.70185089111328,118.38389587402344,1431390.0
2013-12-13,118.38389587402344,118.48133087158203,115.94801330566406,116.35724639892578,1191164.0
2013-12-16,116.1818618774414,121.4043960571289,115.31468963623047,120.17670440673828,2200362.0
2013-12-17,121.13157653808594,122.26182556152344,119.60183715820312,120.85875701904297,2546966.0
2013-12-18,121.00491333007812,123.93771362304688,118.93927764892578,123.11925506591797,2241230.0
2013-12-19,123.25566101074219,126.26641845703125,122.20336151123047,124.64899444580078,2787146.0
2013-12-20,124.73667907714844,129.37460327148438,124.73667907714844,128.6048583984375,2330192.0
2013-12-23,127.83512115478516,129.96896362304688,125.5843734741211,126.20795440673828,1396259.0
2013-12-24,125.96436309814453,131.25509643554688,124.7951431274414,130.12484741210938,1309417.0
2013-12-26,130.5633087158203,132.45355224609375,127.67922973632812,129.04331970214844,1262047.0
2013-12-27,130.47561645507812,132.51202392578125,127.83512115478516,131.5863800048828,642015.0
2013-12-30,131.73252868652344,132.70689392089844,129.78382873535156,131.82997131347656,540009.0
2013-12-31,131.92739868164062,132.2976531982422,129.25767517089844,131.06997680664062,942789.0
2014-01-01,131.92739868164062,132.02484130859375,130.36843872070312,130.9920196533203,262702.0
2014-01-02,130.9920196533203,132.0735626220703,127.2505111694336,128.3710174560547,524306.0
2014-01-03,128.22486877441406,132.51202392578125,127.3771743774414,131.43048095703125,834250.0
2014-01-06,131.5863800048828,132.2879180908203,127.49410247802734,128.13717651367188,1117659.0
2014-01-07,129.19921875,129.19921875,122.01823425292969,123.67463684082031,1614563.0
2014-01-08,121.98900604248047,125.30180358886719,120.88798522949219,122.32028198242188,2560052.0
2014-01-09,122.18387603759766,122.18387603759766,117.44851684570312,118.77364349365234,3638450.0
2014-01-10,118.77364349365234,120.80029296875,117.11724090576172,117.84800720214844,1418320.0
2014-01-13,118.86133575439453,120.39106750488281,116.5910873413086,118.62748718261719,1016264.0
2014-01-14,117.11724090576172,119.84542846679688,116.86390686035156,118.02339172363281,3524389.0
2014-01-15,117.5264663696289,122.37874603271484,117.5264663696289,120.82952880859375,1411249.0
2014-01-16,121.0146484375,122.9633560180664,117.3121109008789,117.92595672607422,1649802.0
2014-01-17,117.58493041992188,118.58851623535156,115.78237915039062,116.85416412353516,1289953.0
2014-01-20,116.92237091064453,119.5531234741211,115.94801330566406,118.95877075195312,453860.0
2014-01-21,117.3121109008789,121.34593200683594,117.3121109008789,120.27413940429688,584972.0
2014-01-22,119.84542846679688,122.18387603759766,119.37773895263672,121.66746520996094,432825.0
2014-01-23,121.66746520996094,122.75874328613281,119.6603012084961,120.3813247680664,597899.0
2014-01-24,119.4556884765625,121.58952331542969,117.99415588378906,120.66388702392578,1053514.0
2014-01-27,119.84542846679688,119.84542846679688,116.93211364746094,117.59467315673828,864902.0
2014-01-28,116.92237091064453,120.45927429199219,116.33775329589844,118.52030944824219,1022396.0
2014-01-29,120.04029846191406,124.11309814453125,118.57876586914062,119.97209167480469,2971602.0
2014-01-30,118.5495376586914,119.18286895751953,115.98699188232422,118.11107635498047,3651227.0
2014-01-31,118.88082122802734,123.16796875,118.00389862060547,121.8331069946289,1113405.0
2014-02-03,122.09618377685547,123.1582260131836,119.28030395507812,120.74183654785156,1613116.0
2014-02-04,119.73825073242188,121.1120834350586,117.4095458984375,119.92337799072266,1761686.0
2014-02-05,120.7028579711914,120.7028579711914,118.66645812988281,118.95877075195312,2689707.0
2014-02-06,117.89672088623047,119.64081573486328,114.06751251220703,116.53263092041016,2843409.0
2014-02-07,118.48133087158203,118.48133087158203,114.72032928466797,115.2464828491211,1093705.0
2014-02-10,115.18801879882812,116.92237091064453,114.0090560913086,115.11981964111328,844570.0
2014-02-11,116.14288330078125,116.14288330078125,113.29777526855469,114.0090560913086,825003.0
2014-02-12,114.38905334472656,114.76905059814453,113.04444122314453,113.66802978515625,1710776.0
2014-02-13,113.57059478759766,114.07725524902344,112.06034851074219,112.61573028564453,1062279.0
2014-02-14,112.60598754882812,113.02495574951172,107.49063110351562,108.52344512939453,3524471.0
2014-02-17,109.34190368652344,111.14445495605469,107.27627563476562,108.00703430175781,1153242.0
2014-02-18,107.11063385009766,110.08241271972656,106.92550659179688,108.97164916992188,2743204.0
2014-02-19,108.95216369628906,109.94599914550781,107.61729431152344,108.30908966064453,1859033.0
2014-02-20,108.15319061279297,112.69367980957031,108.15319061279297,111.71932220458984,4417156.0
2014-02-21,112.41111755371094,114.97366333007812,112.05060577392578,114.66187286376953,1328614.0
2014-02-24,114.77879333496094,115.55827331542969,111.55368041992188,112.43060302734375,712960.0
2014-02-25,113.95059204101562,115.89929962158203,112.49880981445312,115.07109832763672,1075816.0
2014-02-26,115.74340057373047,117.3121109008789,114.77879333496094,115.0516128540039,2198535.0
2014-02-28,116.86390686035156,116.86390686035156,114.58392333984375,115.21725463867188,4698296.0
2014-03-03,116.71775817871094,116.71775817871094,112.47931671142578,112.85931396484375,3742272.0
2014-03-04,113.80443572998047,113.80443572998047,110.29676818847656,112.84957122802734,3116929.0
2014-03-05,114.68135833740234,115.94801330566406,112.34291076660156,115.61673736572266,1350814.0
2014-03-06,116.51313781738281,121.69670104980469,114.97366333007812,120.80029296875,2544606.0
2014-03-07,118.18902587890625,124.57103729248047,118.18902587890625,121.20951843261719,7419599.0
2014-03-10,119.06594848632812,130.9530487060547,119.06594848632812,129.47203063964844,3914515.0
2014-03-11,129.6279296875,131.73252868652344,125.30180358886719,126.52948760986328,2759928.0
2014-03-12,126.0228271484375,127.83512115478516,124.17155456542969,125.70128631591797,2702639.0
2014-03-13,125.69154357910156,127.83512115478516,124.54180908203125,125.47718811035156,2696522.0
2014-03-14,125.10693359375,125.10693359375,121.24849700927734,122.6223373413086,1924841.0
2014-03-18,122.75874328613281,131.99560546875,121.42388153076172,127.64025115966797,7413816.0
2014-03-19,127.83512115478516,135.123291015625,127.50384521484375,132.22946166992188,4897485.0
2014-03-20,130.89459228515625,130.89459228515625,126.83154296875,127.53307342529297,2322351.0
2014-03-21,128.55615234375,131.98587036132812,127.66947937011719,130.0079345703125,4446688.0
2014-03-24,129.6084442138672,135.72738647460938,129.5987091064453,134.48020935058594,2266293.0
2014-03-25,134.46072387695312,146.14321899414062,133.0186767578125,137.2960968017578,8242304.0
2014-03-26,136.26327514648438,139.91709899902344,135.123291015625,138.38735961914062,5189422.0
2014-03-27,138.55300903320312,143.2299041748047,136.41917419433594,139.5858154296875,4934166.0
2014-03-28,139.91709899902344,145.17860412597656,138.7576141357422,143.9314422607422,3281151.0
2014-03-31,144.593994140625,151.92112731933594,143.9314422607422,149.56320190429688,3946515.0
2014-04-01,149.05653381347656,149.05653381347656,144.33091735839844,147.09808349609375,3025520.0
2014-04-02,148.58883666992188,151.7554931640625,146.80577087402344,149.0857696533203,2469125.0
2014-04-03,146.1529541015625,147.71192932128906,139.1376190185547,142.64529418945312,3158541.0
2014-04-04,142.64529418945312,144.1847686767578,139.61505126953125,142.53811645507812,1145667.0
2014-04-07,143.6975860595703,146.54270935058594,139.72222900390625,144.21400451660156,2374544.0
2014-04-09,146.9129638671875,154.5323944091797,144.65245056152344,153.3339385986328,4932323.0
2014-04-10,153.76266479492188,154.92213439941406,150.47909545898438,152.32061767578125,3922751.0
2014-04-11,151.04421997070312,151.5606231689453,147.73141479492188,149.97242736816406,2083777.0
2014-04-15,149.29037475585938,149.29037475585938,141.66119384765625,142.8498992919922,1555734.0
2014-04-16,143.51246643066406,144.20425415039062,140.6965789794922,141.46632385253906,2594926.0
2014-04-17,144.41860961914062,146.71807861328125,141.87554931640625,145.7242431640625,2824063.0
2014-04-21,145.17860412597656,148.900634765625,144.3601531982422,148.31602478027344,1676722.0
2014-04-22,149.27088928222656,153.65548706054688,147.88731384277344,152.4765167236328,1680278.0
2014-04-23,152.5836944580078,162.5026092529297,152.5836944580078,158.09852600097656,3500399.0
2014-04-24,158.09852600097656,158.09852600097656,158.09852600097656,158.09852600097656,0.0
2014-04-25,158.7708282470703,161.54774475097656,155.11700439453125,156.8513641357422,1420265.0
2014-04-28,156.870849609375,157.71853637695312,150.14781188964844,151.09292602539062,1411377.0
2014-04-29,151.12216186523438,153.55804443359375,143.5904083251953,145.2078399658203,2106895.0
2014-04-30,145.22732543945312,145.37347412109375,138.6017303466797,143.19093322753906,4404414.0
2014-05-02,144.19451904296875,145.56834411621094,141.7781219482422,144.35040283203125,1378258.0
2014-05-05,145.76321411132812,145.8509063720703,141.7781219482422,142.5673370361328,1248002.0
2014-05-06,142.2458038330078,143.0350341796875,140.11196899414062,140.6868438720703,853130.0
2014-05-07,139.33248901367188,142.61605834960938,135.82481384277344,137.06224060058594,3261579.0
2014-05-08,137.25711059570312,140.65760803222656,137.25711059570312,139.09864807128906,3569383.0
2014-05-09,139.04017639160156,151.2390899658203,139.04017639160156,150.2647247314453,4571017.0
2014-05-12,150.82984924316406,153.93804931640625,146.25039672851562,151.15139770507812,2701761.0
2014-05-13,151.3267822265625,154.7467498779297,148.3842315673828,153.6165008544922,2483966.0
2014-05-14,154.90264892578125,157.26058959960938,150.0503692626953,156.69546508789062,3121625.0
2014-05-15,156.8513641357422,159.59902954101562,155.91598510742188,158.78057861328125,3815100.0
2014-05-16,160.76824951171875,180.9665985107422,159.80364990234375,165.98104858398438,6997935.0
2014-05-19,170.10255432128906,180.21633911132812,167.80308532714844,177.7902069091797,4811089.0
2014-05-20,177.43943786621094,178.3845672607422,169.5374298095703,171.5835723876953,3520120.0
2014-05-21,170.7748565673828,173.4153594970703,168.17333984375,170.14154052734375,4037509.0
2014-05-22,172.4604949951172,186.68605041503906,171.48614501953125,183.7142791748047,7351400.0
2014-05-23,182.04812622070312,185.54605102539062,175.05227661132812,178.4527587890625,5833603.0
2014-05-26,182.97377014160156,185.45835876464844,175.6368865966797,182.47683715820312,1661599.0
2014-05-27,182.98350524902344,184.11375427246094,176.2799530029297,178.26763916015625,8715690.0
2014-05-28,178.26763916015625,182.5645294189453,177.13739013671875,181.19070434570312,4978179.0
2014-05-29,181.99940490722656,181.99940490722656,176.3871307373047,177.9363555908203,2841536.0
2014-05-30,177.9168701171875,187.79681396484375,172.21690368652344,184.58145141601562,6262231.0
2014-06-02,186.06246948242188,186.2963104248047,181.42454528808594,183.45120239257812,1158009.0
2014-06-03,185.9065704345703,188.63475036621094,182.80812072753906,186.59835815429688,2563388.0
2014-06-04,188.3814239501953,188.3814239501953,178.71583557128906,179.7681427001953,3197388.0
2014-06-05,180.2650604248047,185.87733459472656,179.57327270507812,185.13682556152344,2240953.0
2014-06-06,185.9065704345703,193.70138549804688,184.8932342529297,191.5675506591797,4154997.0
2014-06-09,193.94497680664062,198.7680206298828,191.9865264892578,196.28343200683594,2345150.0
2014-06-10,197.07264709472656,199.35264587402344,191.6649932861328,196.380859375,2238167.0
2014-06-11,196.17625427246094,196.17625427246094,190.98294067382812,193.9936981201172,1901707.0
2014-06-12,193.89625549316406,195.04600524902344,191.967041015625,194.2275390625,1156654.0
2014-06-13,194.64651489257812,194.67575073242188,180.06045532226562,181.7168426513672,2692930.0
2014-06-16,181.61941528320312,182.6230010986328,174.98406982421875,177.4004669189453,1959387.0
2014-06-17,177.17636108398438,180.24557495117188,176.3773956298828,177.73175048828125,4536168.0
2014-06-18,179.99224853515625,179.99224853515625,170.53128051757812,171.46665954589844,4148537.0
2014-06-19,171.68101501464844,174.0389404296875,168.7677001953125,170.6676788330078,3328182.0
2014-06-20,170.71640014648438,170.71640014648438,167.19898986816406,168.29026794433594,2095954.0
2014-06-23,168.39744567871094,169.63487243652344,164.509765625,165.55233764648438,5359073.0
2014-06-24,164.0810546875,168.92359924316406,164.0810546875,165.55233764648438,5637617.0
2014-06-25,167.19898986816406,167.19898986816406,164.73387145996094,165.64002990722656,5140302.0
2014-06-26,165.4451446533203,173.8050994873047,165.4451446533203,172.51895141601562,7668955.0
2014-06-27,175.169189453125,176.0558624267578,171.52511596679688,174.5066375732422,1925836.0
2014-06-30,173.6297149658203,177.52713012695312,172.7528076171875,176.36764526367188,1421461.0
2014-07-01,177.31277465820312,177.9168701171875,175.38356018066406,176.26046752929688,872173.0
2014-07-02,176.35791015625,184.34759521484375,176.1630401611328,183.6071014404297,2549163.0
2014-07-03,184.7373504638672,187.97219848632812,181.03480529785156,182.3501739501953,2897481.0
2014-07-04,181.03480529785156,186.88092041015625,181.03480529785156,185.92605590820312,1578011.0
2014-07-07,187.07579040527344,189.4044952392578,185.65322875976562,186.9783477783203,2284787.0
2014-07-08,185.12709045410156,188.99526977539062,176.3773956298828,178.67686462402344,1902657.0
2014-07-09,178.7061004638672,182.0286407470703,171.8563995361328,175.3153533935547,2299284.0
2014-07-10,173.6297149658203,184.15272521972656,172.4604949951172,176.679443359375,1760737.0
2014-07-11,176.74765014648438,183.85067749023438,165.24053955078125,168.00770568847656,2090956.0
2014-07-14,167.58872985839844,172.65536499023438,165.65951538085938,171.1548614501953,618836.0
2014-07-15,171.52511596679688,177.52713012695312,169.74205017089844,176.9132843017578,1406374.0
2014-07-16,179.0178985595703,181.99940490722656,170.53128051757812,179.2322540283203,2047810.0
2014-07-17,177.44918823242188,182.59376525878906,176.41636657714844,177.4686737060547,1429235.0
2014-07-18,177.13739013671875,177.13739013671875,173.04510498046875,174.60406494140625,1194956.0
2014-07-21,173.56150817871094,177.95584106445312,171.57383728027344,174.5066375732422,2306915.0
2014-07-22,173.6297149658203,176.92303466796875,173.6297149658203,175.19842529296875,825460.0
2014-07-23,176.35791015625,177.95584106445312,170.04409790039062,171.20358276367188,1609201.0
2014-07-24,172.40203857421875,174.19483947753906,169.7128143310547,170.9405059814453,1347473.0
2014-07-25,170.8430633544922,173.70767211914062,165.49386596679688,172.52870178222656,3087915.0
2014-07-28,174.40919494628906,178.67686462402344,174.40919494628906,176.88406372070312,5713339.0
2014-07-30,177.108154296875,179.9630126953125,175.69534301757812,178.1117401123047,6601646.0
2014-07-31,178.30661010742188,179.11532592773438,173.6297149658203,175.39329528808594,4128087.0
2014-08-01,173.87330627441406,174.66253662109375,171.29127502441406,172.53843688964844,1564843.0
2014-08-04,172.73330688476562,172.73330688476562,168.82615661621094,170.005126953125,3152383.0
2014-08-05,172.0707550048828,174.3312530517578,168.56307983398438,173.2107391357422,2185757.0
2014-08-06,173.33741760253906,175.9486846923828,173.11331176757812,174.67227172851562,8227125.0
2014-08-07,175.77330017089844,178.89122009277344,174.40919494628906,176.6599578857422,3720458.0
2014-08-08,174.8184356689453,175.47125244140625,169.93692016601562,171.7492218017578,1163156.0
2014-08-11,171.7492218017578,175.51995849609375,171.7492218017578,174.34100341796875,2190725.0
2014-08-12,175.19842529296875,176.0850830078125,172.9866485595703,175.15945434570312,1409058.0
2014-08-13,176.893798828125,179.16404724121094,172.0707550048828,174.64305114746094,1784147.0
2014-08-14,176.3384246826172,176.3384246826172,171.8856201171875,173.81484985351562,1280588.0
2014-08-18,174.0194549560547,174.5066375732422,171.20358276367188,172.7528076171875,1712361.0
2014-08-19,174.78919982910156,181.3855743408203,173.42510986328125,180.80096435546875,5299593.0
2014-08-20,182.14556884765625,183.7629852294922,181.7168426513672,182.603515625,5651190.0
2014-08-21,181.22967529296875,185.02964782714844,178.79379272460938,181.8240203857422,4201074.0
2014-08-22,182.2040252685547,182.98350524902344,181.15171813964844,182.5645294189453,3529233.0
2014-08-25,182.5645294189453,186.86143493652344,179.86558532714844,180.86915588378906,4107422.0
2014-08-26,182.0091552734375,182.0091552734375,175.7830352783203,177.71224975585938,1379730.0
2014-08-27,179.25173950195312,179.8558349609375,176.61123657226562,179.154296875,1439514.0
2014-08-28,179.475830078125,180.23582458496094,175.5297088623047,176.1922607421875,1989617.0
2014-09-01,175.0133056640625,184.93222045898438,175.0133056640625,183.7629852294922,2238813.0
2014-09-02,185.12709045410156,188.64450073242188,183.3732452392578,187.20245361328125,3942061.0
2014-09-03,188.24501037597656,191.9475555419922,187.07579040527344,189.57012939453125,7382180.0
2014-09-04,190.73936462402344,190.73936462402344,186.73477172851562,189.9014129638672,1302412.0
2014-09-05,191.89883422851562,193.7793426513672,189.54090881347656,192.94139099121094,4716159.0
2014-09-08,193.3116455078125,194.07164001464844,187.56297302246094,189.05372619628906,2453135.0
2014-09-09,190.349609375,190.95372009277344,187.08554077148438,190.12551879882812,1199852.0
2014-09-10,190.77833557128906,192.0937042236328,188.81988525390625,190.20346069335938,2646940.0
2014-09-11,190.95372009277344,191.752685546875,188.30348205566406,189.170654296875,3694097.0
2014-09-12,190.76858520507812,191.65524291992188,188.0696258544922,190.27166748046875,2390052.0
2014-09-15,191.5188446044922,191.5188446044922,188.47886657714844,189.3655242919922,1196003.0
2014-09-16,188.63475036621094,189.96961975097656,180.2553253173828,181.19070434570312,1480510.0
2014-09-17,181.65838623046875,186.27682495117188,177.65379333496094,185.33169555664062,2339259.0
2014-09-18,185.12709045410156,188.0404052734375,185.12709045410156,187.55322265625,1789566.0
2014-09-19,187.07579040527344,190.028076171875,184.19171142578125,188.22552490234375,3274495.0
2014-09-22,188.22552490234375,191.93780517578125,186.1306610107422,190.71986389160156,2488979.0
2014-09-23,192.4834442138672,194.61727905273438,189.43373107910156,190.41781616210938,6054011.0
2014-09-24,190.98294067382812,190.98294067382812,183.0127410888672,183.85067749023438,2038845.0
2014-09-25,186.0819549560547,186.0819549560547,173.44459533691406,179.2127685546875,5276680.0
2014-09-26,178.51123046875,186.34503173828125,178.19943237304688,184.60093688964844,2435323.0
2014-09-29,184.5717010498047,191.7332000732422,183.17837524414062,190.07679748535156,1266763.0
2014-09-30,190.09628295898438,191.538330078125,180.35275268554688,181.67787170410156,2849916.0
2014-10-01,182.3306884765625,182.47683715820312,176.35791015625,177.4102020263672,3589304.0
2014-10-07,177.4881591796875,183.7532501220703,171.50563049316406,172.91844177246094,2897702.0
2014-10-08,175.37380981445312,180.01173400878906,172.52870178222656,175.2081756591797,3628915.0
2014-10-09,175.18869018554688,178.50148010253906,174.62355041503906,175.66612243652344,4957863.0
2014-10-10,175.38356018066406,175.38356018066406,169.14768981933594,170.8430633544922,1358804.0
2014-10-13,169.34255981445312,170.89178466796875,166.67283630371094,170.39486694335938,1412696.0
2014-10-14,171.8174285888672,177.5076446533203,171.48614501953125,176.21176147460938,4973007.0
2014-10-15,176.21176147460938,176.21176147460938,176.21176147460938,176.21176147460938,0.0
2014-10-16,173.6297149658203,179.03738403320312,167.0625762939453,170.0343475341797,2123875.0
2014-10-17,170.42410278320312,176.6989288330078,170.31692504882812,175.38356018066406,2938057.0
2014-10-20,176.1630401611328,183.5486297607422,176.1630401611328,180.1968536376953,3655538.0
2014-10-21,179.2809600830078,179.2809600830078,173.85382080078125,175.39329528808594,2410209.0
2014-10-22,175.7830352783203,179.8558349609375,175.58816528320312,178.3845672607422,1527197.0
2014-10-27,180.2650604248047,182.44761657714844,174.1168975830078,174.9061279296875,1038350.0
2014-10-28,173.56150817871094,176.2994384765625,170.12203979492188,173.67843627929688,3068317.0
2014-10-29,174.21432495117188,175.77330017089844,171.87588500976562,174.16561889648438,1311382.0
2014-10-30,173.6297149658203,178.28712463378906,172.47998046875,176.8061065673828,10730940.0
2014-10-31,178.1020050048828,185.721435546875,174.47740173339844,185.19528198242188,9353606.0
2014-11-03,185.9065704345703,186.86143493652344,182.0091552734375,182.61325073242188,3748795.0
2014-11-05,181.8142852783203,187.8552703857422,181.8142852783203,184.7860565185547,5213500.0
2014-11-07,185.54605102539062,190.3885955810547,185.1660614013672,189.1901397705078,5552094.0
2014-11-10,189.9988555908203,191.36294555664062,187.660400390625,188.61526489257812,4379510.0
2014-11-11,188.82962036132812,204.029541015625,188.82962036132812,197.85214233398438,15191577.0
2014-11-12,198.79725646972656,205.0526123046875,197.01419067382812,202.50953674316406,6687406.0
2014-11-13,203.63978576660156,206.9525909423828,200.71673583984375,204.53619384765625,5330054.0
2014-11-14,204.53619384765625,207.53720092773438,200.71673583984375,203.26954650878906,20736533.0
2014-11-17,204.49722290039062,208.4920654296875,202.34390258789062,204.98440551757812,6181224.0
2014-11-18,205.7833709716797,207.49822998046875,202.66543579101562,204.46798706054688,3651427.0
2014-11-19,203.5618438720703,211.90231323242188,203.5618438720703,207.51771545410156,3527073.0
2014-11-20,210.18743896484375,210.26539611816406,202.66543579101562,204.59466552734375,1109253.0
2014-11-21,205.5885009765625,208.03411865234375,203.87364196777344,206.397216796875,1832231.0
2014-11-24,205.00389099121094,206.85516357421875,202.38287353515625,204.68235778808594,5744626.0
2014-11-25,204.0587615966797,206.79669189453125,194.87062072753906,199.70339965820312,3234925.0
2014-11-26,198.7680206298828,203.60081481933594,196.17625427246094,202.25621032714844,2657994.0
2014-11-27,202.27569580078125,203.44491577148438,197.98854064941406,202.15878295898438,3076779.0
2014-11-28,204.19517517089844,214.16281127929688,203.63978576660156,210.44078063964844,5666477.0
2014-12-01,211.23974609375,221.95762634277344,207.5566864013672,217.63150024414062,3988436.0
2014-12-02,218.26483154296875,220.90533447265625,211.65872192382812,216.4622802734375,2074838.0
2014-12-03,217.86534118652344,228.29092407226562,216.29664611816406,226.53709411621094,3375321.0
2014-12-04,227.57965087890625,238.24880981445312,226.4396514892578,234.6339569091797,5386994.0
2014-12-05,236.96266174316406,238.52163696289062,228.69041442871094,229.5965576171875,2657722.0
2014-12-08,230.726806640625,235.20883178710938,225.0755615234375,229.6160430908203,3005527.0
2014-12-09,229.3627166748047,231.07757568359375,218.64483642578125,223.29249572753906,3265402.0
2014-12-10,223.12686157226562,232.65602111816406,221.33404541015625,231.5550079345703,2563434.0
2014-12-11,233.05551147460938,233.05551147460938,220.69097900390625,223.8576202392578,3970336.0
2014-12-12,223.8576202392578,226.89759826660156,216.82278442382812,218.89816284179688,2692345.0
2014-12-15,218.25509643554688,223.19505310058594,217.47560119628906,218.98585510253906,1561441.0
2014-12-16,219.42431640625,222.67864990234375,209.77821350097656,211.30795288085938,4450819.0
2014-12-17,209.23257446289062,211.73666381835938,197.93983459472656,206.6407928466797,5825768.0
2014-12-18,209.4664306640625,219.42431640625,209.4664306640625,218.58636474609375,3869362.0
2014-12-19,218.65457153320312,220.20379638671875,211.07411193847656,213.6269073486328,1944125.0
2014-12-22,214.04588317871094,218.71302795410156,208.75514221191406,217.41714477539062,2567893.0
2014-12-23,219.03457641601562,219.2294464111328,211.93153381347656,214.7376708984375,1696618.0
2014-12-24,214.78639221191406,216.2479248046875,211.5320587158203,213.70486450195312,1027907.0
2014-12-26,212.62332153320312,216.11151123046875,210.24591064453125,212.68179321289062,716064.0
2014-12-29,213.39306640625,216.3551025390625,212.8181915283203,214.1822967529297,1032269.0
2014-12-30,212.80845642089844,217.0761260986328,212.1556396484375,215.57562255859375,1115632.0
2014-12-31,216.50125122070312,217.86534118652344,212.6720428466797,215.97509765625,1910549.0
2015-01-01,217.47560119628906,217.47560119628906,213.5782012939453,214.8156280517578,230491.0
2015-01-02,213.7730712890625,217.86534118652344,213.7730712890625,215.54638671875,1170068.0
2015-01-05,216.19920349121094,219.1709747314453,207.45925903320312,208.82334899902344,2785715.0
2015-01-06,208.4920654296875,211.5125732421875,201.73980712890625,203.72747802734375,2699693.0
2015-01-07,202.27569580078125,204.44850158691406,199.4695587158203,202.66543579101562,3076271.0
2015-01-08,204.61415100097656,207.48849487304688,202.36338806152344,205.27670288085938,2178650.0
2015-01-09,206.56285095214844,209.29104614257812,204.36080932617188,206.77720642089844,1674675.0
2015-01-12,206.56285095214844,208.5115509033203,201.5839080810547,202.83108520507812,1716246.0
2015-01-13,203.05517578125,205.2474822998047,201.16493225097656,202.56800842285156,1377123.0
2015-01-14,202.090576171875,205.55926513671875,198.7680206298828,201.53518676757812,1767193.0
2015-01-15,206.1243896484375,218.7422637939453,206.1243896484375,216.47201538085938,6809123.0
2015-01-16,216.8909912109375,227.9791259765625,216.8909912109375,227.0437469482422,6657545.0
2015-01-19,228.2324676513672,229.3822021484375,217.69970703125,222.65916442871094,3690936.0
2015-01-20,221.18789672851562,223.87710571289062,216.1602325439453,219.09303283691406,4134071.0
2015-01-21,221.5581512451172,226.04991149902344,213.78280639648438,215.61459350585938,4073851.0
2015-01-22,217.47560119628906,219.81405639648438,214.8448486328125,218.8104705810547,2308772.0
2015-01-23,220.7884063720703,222.46429443359375,210.0900115966797,213.47100830078125,4504014.0
2015-01-27,212.19461059570312,217.62176513671875,211.7464141845703,214.67921447753906,6903221.0
2015-01-28,214.55255126953125,226.79042053222656,213.7730712890625,225.8258056640625,2941577.0
2015-01-29,224.10121154785156,227.83297729492188,221.1781463623047,226.03042602539062,1557536.0
2015-01-30,226.8293914794922,227.7842559814453,220.2622528076172,222.61044311523438,2126303.0
2015-02-02,222.15249633789062,228.144775390625,221.4314727783203,225.83555603027344,1948508.0
2015-02-03,227.7842559814453,234.819091796875,226.04991149902344,228.60272216796875,3615060.0
2015-02-04,227.80374145507812,229.3627166748047,220.8566131591797,222.31814575195312,1380007.0
2015-02-05,222.3473663330078,231.6427001953125,222.3473663330078,225.49453735351562,2562464.0
2015-02-06,224.10121154785156,229.54783630371094,220.21353149414062,222.17198181152344,1398887.0
2015-02-09,222.17198181152344,226.8293914794922,220.39866638183594,223.61402893066406,1226844.0
2015-02-10,224.0719757080078,227.80374145507812,221.6653289794922,223.3704376220703,1861388.0
2015-02-11,222.542236328125,227.86221313476562,222.542236328125,225.8258056640625,1074969.0
2015-02-12,227.98887634277344,237.74215698242188,224.49095153808594,236.21241760253906,2390468.0
2015-02-13,237.71292114257812,247.87542724609375,237.01138305664062,245.53697204589844,4031423.0
2015-02-16,246.3164520263672,250.3015594482422,236.08575439453125,238.0149688720703,2120725.0
2015-02-18,237.15753173828125,246.51132202148438,236.76779174804688,243.72467041015625,2952112.0
2015-02-19,244.5626220703125,246.12158203125,234.23448181152344,239.26214599609375,1494519.0
2015-02-20,241.44468688964844,241.44468688964844,234.68267822265625,236.64112854003906,2492402.0
2015-02-23,237.73240661621094,239.43753051757812,232.03244018554688,235.89088439941406,2295374.0
2015-02-24,236.3780517578125,236.3780517578125,224.10121154785156,226.10836791992188,5105274.0
2015-02-25,226.8293914794922,232.19808959960938,226.80990600585938,229.98629760742188,2783097.0
2015-02-26,229.94732666015625,234.390380859375,224.33505249023438,228.11553955078125,3584111.0
2015-02-27,227.99862670898438,229.71348571777344,222.3473663330078,225.5237579345703,4603259.0
2015-03-02,240.6652069091797,242.0682830810547,233.95191955566406,236.972412109375,4132172.0
2015-03-03,237.92727661132812,242.8087921142578,237.92727661132812,241.69802856445312,2346556.0
2015-03-04,244.5626220703125,250.9348907470703,234.03961181640625,235.6472930908203,1953306.0
2015-03-05,236.1831817626953,236.1831817626953,228.51502990722656,231.5355224609375,1946594.0
2015-03-09,231.50628662109375,239.30111694335938,228.4857940673828,232.87039184570312,3558391.0
2015-03-10,233.12371826171875,236.70933532714844,228.77810668945312,232.2565460205078,2014418.0
2015-03-11,233.0652618408203,234.3026885986328,225.66017150878906,227.3360595703125,2329848.0
2015-03-12,228.19349670410156,237.34266662597656,227.6575927734375,234.93601989746094,2436780.0
2015-03-13,234.04934692382812,241.6005859375,229.67449951171875,231.50628662109375,3695934.0
2015-03-16,232.2857666015625,232.38320922851562,222.4155731201172,223.6432647705078,1917959.0
2015-03-17,224.61761474609375,232.87039184570312,224.22787475585938,229.4698944091797,3004531.0
2015-03-18,229.94732666015625,231.88629150390625,227.98887634277344,229.62579345703125,502969.0
2015-03-19,232.1298828125,236.53395080566406,228.9827117919922,231.0191192626953,2149251.0
2015-03-20,229.67449951171875,234.55601501464844,227.0437469482422,232.39295959472656,1250439.0
2015-03-23,233.84474182128906,234.6242218017578,229.05091857910156,233.93243408203125,853355.0
2015-03-24,234.819091796875,235.0139617919922,225.08529663085938,226.19606018066406,1470447.0
2015-03-25,226.19606018066406,226.89759826660156,216.42330932617188,218.235595703125,3466992.0
2015-03-26,217.1053466796875,218.94688415527344,209.00848388671875,213.40281677246094,4203081.0
2015-03-27,215.867919921875,215.867919921875,203.63978576660156,211.12281799316406,4265342.0
2015-03-30,211.4541015625,218.78123474121094,211.4541015625,218.3232879638672,1693385.0
2015-03-31,221.2755889892578,221.2755889892578,213.78280639648438,217.15406799316406,3356729.0
2015-04-01,219.2099609375,225.85504150390625,214.8448486328125,223.86737060546875,1503520.0
2015-04-06,225.0755615234375,228.34938049316406,219.638671875,226.10836791992188,1652388.0
2015-04-07,226.35195922851562,232.83140563964844,224.10121154785156,231.3211669921875,2022624.0
2015-04-08,233.62063598632812,235.2185821533203,225.08529663085938,226.42991638183594,1822676.0
2015-04-09,228.36888122558594,228.36888122558594,222.95147705078125,225.46530151367188,1741883.0
2015-04-10,225.46530151367188,226.24478149414062,219.66790771484375,221.44122314453125,2068038.0
2015-04-13,221.95762634277344,225.4847869873047,221.1781463623047,222.95147705078125,1598162.0
2015-04-15,224.10121154785156,224.6760711669922,212.42845153808594,214.2212677001953,4035764.0
2015-04-16,215.90689086914062,216.2674102783203,200.91160583496094,204.73106384277344,5112751.0
2015-04-17,205.5885009765625,205.74440002441406,197.6572723388672,199.83981323242188,4230088.0
2015-04-20,200.91160583496094,204.14645385742188,194.87062072753906,197.17982482910156,3625000.0
2015-04-21,198.34906005859375,202.6069793701172,196.81932067871094,200.2587890625,2088883.0
2015-04-22,201.3013458251953,205.5885009765625,197.85214233398438,203.01620483398438,2823914.0
2015-04-23,203.6690216064453,206.56285095214844,198.962890625,200.71673583984375,2679408.0
2015-04-24,201.6910858154297,204.14645385742188,192.92190551757812,202.65570068359375,2299094.0
2015-04-27,203.18185424804688,205.5690155029297,191.9475555419922,194.27626037597656,3282403.0
2015-04-28,194.4613800048828,196.0398406982422,187.34860229492188,193.16549682617188,6243368.0
2015-04-29,193.64292907714844,196.0398406982422,189.41424560546875,191.81114196777344,4024885.0
2015-04-30,191.36294555664062,191.36294555664062,184.32810974121094,188.99526977539062,6497726.0
2015-05-04,181.46351623535156,184.15272521972656,159.3262176513672,161.35287475585938,28038429.0
2015-05-05,159.80364990234375,165.97129821777344,155.56521606445312,164.9969482421875,30906640.0
2015-05-06,165.25027465820312,167.14053344726562,157.95237731933594,158.71237182617188,11106009.0
2015-05-07,156.870849609375,160.14466857910156,148.3062744140625,150.2257537841797,8459448.0
2015-05-08,151.2196044921875,156.3641815185547,149.3098602294922,153.95753479003906,8135095.0
2015-05-11,155.77957153320312,161.1580047607422,153.7139434814453,160.41749572753906,6004394.0
2015-05-12,160.37850952148438,160.37850952148438,156.11085510253906,157.24110412597656,5675252.0
2015-05-13,157.32879638671875,160.01800537109375,154.1426544189453,158.4492950439453,6032361.0
2015-05-14,158.04006958007812,161.74261474609375,156.31546020507812,159.30673217773438,4437703.0
2015-05-15,160.57337951660156,164.86053466796875,159.59902954101562,163.61337280273438,3439210.0
2015-05-18,162.8436279296875,165.05540466308594,162.1810760498047,164.5487518310547,2299433.0
2015-05-19,165.00669860839844,166.90667724609375,163.30157470703125,164.7825927734375,2779141.0
2015-05-20,166.51693725585938,167.9784698486328,161.70362854003906,162.94107055664062,7249338.0
2015-05-21,163.30157470703125,163.30157470703125,158.809814453125,160.66107177734375,3625908.0
2015-05-22,161.35287475585938,162.55133056640625,159.2190399169922,160.70005798339844,1985671.0
2015-05-25,160.66107177734375,163.2236328125,160.1836395263672,161.44056701660156,1513937.0
2015-05-26,163.30157470703125,164.47079467773438,161.02159118652344,162.88259887695312,2185501.0
2015-05-27,162.5220947265625,163.2041473388672,159.98876953125,162.57081604003906,3322399.0
2015-05-28,162.38568115234375,164.4415740966797,161.38209533691406,162.31747436523438,4665962.0
2015-05-29,162.3954315185547,165.64002990722656,159.72569274902344,160.4954376220703,7732469.0
2015-06-01,161.9862060546875,161.9862060546875,159.14108276367188,160.41749572753906,3210581.0
2015-06-02,160.4759521484375,161.25543212890625,156.28623962402344,157.3190460205078,5707915.0
2015-06-03,158.2349395751953,161.177490234375,157.01699829101562,159.92056274414062,6616980.0
2015-06-04,159.3262176513672,160.9046630859375,158.20570373535156,159.03390502929688,3890684.0
2015-06-05,159.7744140625,162.83389282226562,158.29339599609375,160.8754425048828,1693508.0
2015-06-08,160.8754425048828,162.6292724609375,156.870849609375,158.81954956054688,1433715.0
2015-06-09,159.7938995361328,161.14825439453125,156.71495056152344,159.24826049804688,2460925.0
2015-06-10,160.71954345703125,163.1651611328125,160.1836395263672,162.23953247070312,2127770.0
2015-06-11,162.7169647216797,163.28208923339844,151.60934448242188,154.29855346679688,3669188.0
2015-06-12,152.9734344482422,159.7451934814453,151.15139770507812,158.79031372070312,4681696.0
2015-06-15,159.40415954589844,160.76824951171875,156.31546020507812,160.03749084472656,3611267.0
2015-06-16,159.7938995361328,161.93748474121094,159.20928955078125,160.3882598876953,6024156.0
2015-06-17,161.7328643798828,164.4415740966797,159.89134216308594,161.9472198486328,6614963.0
2015-06-18,162.5220947265625,174.9743194580078,161.9472198486328,170.15127563476562,8024596.0
2015-06-19,170.9015350341797,179.9824981689453,170.5117950439453,172.47998046875,17643527.0
2015-06-22,173.04510498046875,176.74765014648438,170.0246124267578,173.67843627929688,6526509.0
2015-06-23,172.76254272460938,178.30661010742188,172.76254272460938,175.3640594482422,5831012.0
2015-06-24,175.96817016601562,176.1630401611328,172.7722930908203,173.78561401367188,2786859.0
2015-06-25,174.60406494140625,175.05227661132812,166.02976989746094,171.28152465820312,9090226.0
2015-06-26,172.3922882080078,174.1851043701172,170.40460205078125,172.10972595214844,4014001.0
2015-06-29,169.5374298095703,171.4763946533203,166.27334594726562,169.27435302734375,2348573.0
2015-06-30,169.27435302734375,170.67742919921875,165.2989959716797,166.3123321533203,4430385.0
2015-07-01,169.5374298095703,174.40919494628906,169.29385375976562,173.56150817871094,8333549.0
2015-07-02,175.38356018066406,181.52197265625,174.42868041992188,180.83018493652344,6562733.0
2015-07-03,180.2553253173828,182.2040252685547,175.83175659179688,176.68919372558594,3373510.0
2015-07-06,173.6297149658203,179.27122497558594,173.6297149658203,175.71482849121094,3526586.0
2015-07-07,176.35791015625,184.7178497314453,176.35791015625,183.31478881835938,4248352.0
2015-07-08,178.30661010742188,187.99168395996094,178.30661010742188,184.65939331054688,5325117.0
2015-07-09,184.10401916503906,184.10401916503906,179.2809600830078,181.02505493164062,2272784.0
2015-07-10,182.53530883789062,184.92247009277344,181.3271026611328,183.10043334960938,2198027.0
2015-07-13,184.7373504638672,186.49118041992188,179.68045043945312,180.1773681640625,2700360.0
2015-07-14,180.4501953125,181.0737762451172,175.77330017089844,176.83534240722656,2865337.0
2015-07-15,178.24815368652344,178.75482177734375,171.3497314453125,173.00613403320312,4638857.0
2015-07-16,173.43484497070312,175.50047302246094,172.4604949951172,173.2692108154297,3358956.0
2015-07-17,174.311767578125,176.35791015625,173.1035614013672,175.11073303222656,1629901.0
2015-07-20,176.1630401611328,177.33226013183594,173.04510498046875,173.4835662841797,1648103.0
2015-07-21,174.19483947753906,175.75381469726562,169.790771484375,171.18409729003906,1736849.0
2015-07-22,170.9015350341797,172.85023498535156,169.5374298095703,171.48614501953125,1514538.0
2015-07-23,173.29843139648438,176.02662658691406,170.5117950439453,171.33998107910156,1729214.0
2015-07-24,171.48614501953125,172.79177856445312,169.576416015625,171.41793823242188,1093597.0
2015-07-27,170.5117950439453,172.158447265625,164.77284240722656,165.2892608642578,2372830.0
2015-07-28,166.02976989746094,166.8092498779297,163.69131469726562,164.188232421875,2257851.0
2015-07-29,166.01028442382812,169.7322998046875,165.25027465820312,166.1466827392578,2152756.0
2015-07-30,166.6143798828125,172.20716857910156,166.4292449951172,167.86154174804688,2602126.0
2015-07-31,169.24513244628906,174.99380493164062,167.84205627441406,173.70767211914062,3393795.0
2015-08-03,175.38356018066406,179.4563446044922,169.9271697998047,178.832763671875,4049030.0
2015-08-04,179.2809600830078,179.86558532714844,175.38356018066406,176.893798828125,2313417.0
2015-08-05,178.1117401123047,179.2809600830078,175.3153533935547,176.0558624267578,1742356.0
2015-08-06,177.13739013671875,178.1117401123047,174.0194549560547,175.09124755859375,2250272.0
2015-08-07,175.77330017089844,176.22149658203125,173.9707489013672,175.06201171875,1733847.0
2015-08-10,174.99380493164062,176.74765014648438,171.48614501953125,172.93792724609375,1414225.0
2015-08-11,173.43484497070312,174.79893493652344,169.94667053222656,171.12562561035156,1042173.0
2015-08-12,171.12562561035156,171.12562561035156,171.12562561035156,171.12562561035156,0.0
2015-08-13,168.1928253173828,169.5374298095703,159.667236328125,160.74876403808594,4621353.0
2015-08-14,161.35287475585938,169.61538696289062,161.35287475585938,169.04051208496094,2216301.0
2015-08-17,169.14768981933594,172.36305236816406,165.56207275390625,166.5266876220703,1457726.0
2015-08-18,167.58872985839844,170.648193359375,166.6143798828125,166.97488403320312,1210906.0
2015-08-19,168.17333984375,170.49229431152344,166.6143798828125,168.11488342285156,1175656.0
2015-08-20,167.851806640625,170.12203979492188,164.3733673095703,165.79591369628906,2092285.0
2015-08-21,162.7169647216797,167.78359985351562,161.35287475585938,165.41592407226562,3609918.0
2015-08-24,161.54774475097656,163.4574737548828,154.00624084472656,160.62210083007812,3941322.0
2015-08-25,160.74876403808594,163.30157470703125,153.94778442382812,158.5175018310547,5423932.0
2015-08-26,158.80006408691406,161.35287475585938,156.7928924560547,158.29339599609375,3446994.0
2015-08-27,162.91183471679688,162.91183471679688,158.68313598632812,159.667236328125,2083084.0
2015-08-28,160.76824951171875,162.6097869873047,158.25442504882812,159.452880859375,2107849.0
2015-08-31,159.56980895996094,161.25543212890625,157.65032958984375,158.43955993652344,3307738.0
2015-09-01,158.70262145996094,163.10670471191406,157.84519958496094,159.53082275390625,1821280.0
2015-09-02,160.1836395263672,170.4143524169922,159.93031311035156,167.86154174804688,6938013.0
2015-09-03,168.95281982421875,170.29742431640625,165.76669311523438,168.75794982910156,2154008.0
2015-09-04,170.49229431152344,170.49229431152344,165.4451446533203,167.01385498046875,3299784.0
2015-09-07,165.64002990722656,167.58872985839844,156.0621337890625,156.5688018798828,1403459.0
2015-09-08,156.870849609375,162.3272247314453,156.4713592529297,159.9692840576172,2161085.0
2015-09-09,161.54774475097656,165.54258728027344,160.1836395263672,163.55490112304688,1586149.0
2015-09-10,162.5220947265625,172.06100463867188,159.24826049804688,169.7322998046875,4797537.0
2015-09-11,172.265625,175.28611755371094,170.33641052246094,171.31076049804688,2102128.0
2015-09-14,173.015869140625,173.015869140625,168.56307983398438,168.97230529785156,1092396.0
2015-09-15,168.97230529785156,168.97230529785156,168.97230529785156,168.97230529785156,0.0
2015-09-16,169.0892333984375,171.87588500976562,166.6143798828125,170.1999969482422,1464802.0
2015-09-18,173.04510498046875,177.9168701171875,170.9015350341797,177.03994750976562,5423829.0
2015-09-21,176.90354919433594,181.01531982421875,174.08766174316406,177.1861114501953,2436719.0
2015-09-22,177.7220001220703,179.86558532714844,172.14869689941406,173.46408081054688,1612120.0
2015-09-23,173.4153594970703,173.8050994873047,168.56307983398438,171.71998596191406,1776727.0
2015-09-24,172.4604949951172,175.48098754882812,168.67025756835938,170.82357788085938,9689824.0
2015-09-28,170.88204956054688,177.54661560058594,169.94667053222656,173.23023986816406,1767670.0
2015-09-29,171.28152465820312,183.68504333496094,169.75180053710938,182.44761657714844,4597204.0
2015-09-30,183.31478881835938,184.1429901123047,176.35791015625,180.2650604248047,3881970.0
2015-10-01,180.2650604248047,183.27581787109375,177.7220001220703,181.17120361328125,2499689.0
2015-10-05,181.5999298095703,185.1075897216797,180.74249267578125,184.15272521972656,3572252.0
2015-10-06,185.51683044433594,190.3885955810547,183.99684143066406,186.27682495117188,3277774.0
2015-10-07,186.2963104248047,190.70037841796875,182.88607788085938,189.67730712890625,1893061.0
2015-10-08,187.4655303955078,189.41424560546875,183.9286346435547,184.90298461914062,3201011.0
2015-10-09,185.71170043945312,188.63475036621094,183.66555786132812,186.7639923095703,1296870.0
2015-10-12,186.9783477783203,191.33370971679688,185.32196044921875,190.47628784179688,1277899.0
2015-10-13,189.64808654785156,197.4039306640625,188.18655395507812,196.32240295410156,2510486.0
2015-10-14,197.4234161376953,198.5536651611328,189.2193603515625,192.9901123046875,2056282.0
2015-10-15,195.26036071777344,195.844970703125,192.14242553710938,194.51010131835938,1508816.0
2015-10-16,194.51010131835938,194.51010131835938,194.51010131835938,194.51010131835938,0.0
2015-10-19,187.9527130126953,190.01834106445312,184.41580200195312,188.53732299804688,1954476.0
2015-10-20,189.78448486328125,190.56398010253906,187.4655303955078,189.66757202148438,1546210.0
2015-10-21,189.0244903564453,189.0244903564453,176.94252014160156,181.87274169921875,7413144.0
2015-10-23,189.0244903564453,189.0244903564453,182.78863525390625,184.5911865234375,4200058.0
2015-10-26,184.85426330566406,186.37425231933594,181.69735717773438,184.1819610595703,2538571.0
2015-10-27,183.7532501220703,185.9065704345703,180.8983917236328,184.08453369140625,2125256.0
2015-10-28,183.6265869140625,185.22451782226562,180.2553253173828,181.8142852783203,3206573.0
2015-10-29,182.08709716796875,184.15272521972656,175.77330017089844,183.47068786621094,6574300.0
2015-10-30,181.61941528320312,185.9065704345703,181.33685302734375,183.83119201660156,2435128.0
2015-11-02,185.02964782714844,188.05014038085938,181.51223754882812,183.19786071777344,2628379.0
2015-11-03,184.12350463867188,186.47169494628906,182.23326110839844,185.51683044433594,1455581.0
2015-11-04,186.30604553222656,187.6409149169922,185.03939819335938,186.4229736328125,864640.0
2015-11-05,185.9065704345703,185.9065704345703,175.0327911376953,178.08251953125,1997823.0
2015-11-06,177.88763427734375,182.9542694091797,177.31277465820312,181.6681365966797,1603489.0
2015-11-09,179.6707000732422,180.2553253173828,172.29486083984375,173.3958740234375,4726931.0
2015-11-10,171.48614501953125,173.03536987304688,167.58872985839844,168.69949340820312,2205863.0
2015-11-13,170.7066650390625,173.8050994873047,166.43899536132812,173.06459045410156,7325419.0
2015-11-16,172.47998046875,172.47998046875,167.3646240234375,170.53128051757812,2322730.0
2015-11-17,172.44100952148438,172.44100952148438,168.82615661621094,169.55691528320312,2160243.0
2015-11-18,170.31692504882812,170.99896240234375,165.64002990722656,165.912841796875,1505311.0
2015-11-19,166.68258666992188,168.5533447265625,164.12002563476562,166.05899047851562,7560046.0
2015-11-20,166.6436004638672,168.34872436523438,165.16258239746094,165.6205291748047,2281580.0
2015-11-23,166.22463989257812,166.5364227294922,161.74261474609375,162.37594604492188,2081812.0
2015-11-24,162.2297821044922,166.11746215820312,162.13235473632812,164.8897705078125,3175558.0
2015-11-26,165.64002990722656,166.3220672607422,164.0810546875,165.1820831298828,6051394.0
2015-11-27,165.56207275390625,172.265625,165.22105407714844,171.33998107910156,3165823.0
2015-11-30,171.33998107910156,171.33998107910156,171.33998107910156,171.33998107910156,0.0
2015-12-01,171.5348663330078,172.61639404296875,170.219482421875,171.57383728027344,1386022.0
2015-12-02,172.65536499023438,173.98048400878906,169.7322998046875,172.86972045898438,4608663.0
2015-12-03,171.31076049804688,172.34356689453125,166.71180725097656,167.56924438476562,2458580.0
2015-12-04,168.50462341308594,168.50462341308594,162.7169647216797,164.72413635253906,4087712.0
2015-12-07,165.83489990234375,168.27078247070312,164.9969482421875,166.94566345214844,1584153.0
2015-12-08,166.02976989746094,168.5533447265625,165.73745727539062,166.86770629882812,2643353.0
2015-12-09,166.5948944091797,168.16358947753906,165.11387634277344,166.30258178710938,2167540.0
2015-12-10,167.00411987304688,167.00411987304688,160.31031799316406,160.68057250976562,11353882.0
2015-12-11,160.76824951171875,161.42108154296875,156.4908447265625,157.40673828125,4855200.0
2015-12-14,157.26058959960938,157.26058959960938,152.82728576660156,155.24366760253906,4046346.0
2015-12-15,156.28623962402344,156.77340698242188,152.06729125976562,154.1036834716797,4814671.0
2015-12-16,155.6529083251953,156.63699340820312,152.5836944580078,154.89291381835938,4180727.0
2015-12-17,156.22776794433594,157.84519958496094,155.31187438964844,156.50059509277344,2765162.0
2015-12-18,157.299560546875,161.33338928222656,155.39956665039062,160.0472412109375,6228712.0
2015-12-21,159.98876953125,164.64617919921875,159.40415954589844,164.32464599609375,2651318.0
2015-12-22,165.25027465820312,166.56565856933594,164.0810546875,165.60104370117188,2533994.0
2015-12-23,165.94207763671875,167.39385986328125,163.94464111328125,165.86412048339844,1134640.0
2015-12-24,164.86053466796875,168.17333984375,164.5682373046875,166.3123321533203,1161452.0
2015-12-28,166.02976989746094,166.85797119140625,165.11387634277344,165.97129821777344,857302.0
2015-12-29,166.8092498779297,167.91026306152344,164.5974578857422,165.25027465820312,1575234.0
2015-12-30,166.02976989746094,168.1538543701172,164.77284240722656,165.75694274902344,1654015.0
2015-12-31,165.64002990722656,170.31692504882812,164.86053466796875,167.3354034423828,2754591.0
2016-01-01,167.39385986328125,169.5179443359375,166.6143798828125,168.69949340820312,596924.0
2016-01-04,166.9359130859375,171.0574188232422,162.55133056640625,163.86669921875,1399774.0
2016-01-05,165.43540954589844,169.790771484375,163.17491149902344,168.54359436035156,1721152.0
2016-01-06,168.54359436035156,173.72715759277344,168.25128173828125,170.04409790039062,3760259.0
2016-01-07,168.56307983398438,168.7677001953125,158.8975067138672,160.095947265625,1288331.0
2016-01-08,161.1580047607422,166.8092498779297,161.1580047607422,164.07131958007812,2641604.0
2016-01-11,163.10670471191406,164.02259826660156,158.2349395751953,159.40415954589844,1796073.0
2016-01-12,160.57337951660156,160.71954345703125,157.0657196044922,157.45545959472656,1066143.0
2016-01-13,158.04006958007812,159.70620727539062,153.24624633789062,157.1923828125,3291686.0
2016-01-14,155.4677734375,157.56263732910156,153.16830444335938,155.85751342773438,6189014.0
2016-01-15,155.88674926757812,158.7221221923828,148.4914093017578,149.05653381347656,1213979.0
2016-01-18,149.85549926757812,151.4144744873047,144.7888641357422,149.5144805908203,2506047.0
2016-01-19,151.4144744873047,152.778564453125,147.19552612304688,151.0734405517578,2222289.0
2016-01-20,150.25498962402344,150.25498962402344,145.1006622314453,146.18218994140625,2095852.0
2016-01-21,147.1273193359375,148.686279296875,143.60989379882812,144.40887451171875,3613536.0
2016-01-22,146.34783935546875,149.5144805908203,145.39295959472656,146.6596221923828,2694921.0
2016-01-25,147.48782348632812,149.4755096435547,145.56834411621094,146.0165557861328,1070756.0
2016-01-27,146.1529541015625,147.71192932128906,144.0873260498047,145.6170654296875,2180128.0
2016-01-28,145.37347412109375,147.30270385742188,143.63912963867188,146.2991180419922,4055896.0
2016-01-29,146.17245483398438,167.4523162841797,146.17245483398438,164.51951599121094,7232947.0
2016-02-01,165.24053955078125,165.484130859375,156.11085510253906,157.76724243164062,2799672.0
2016-02-02,157.76724243164062,164.1687469482422,154.3375244140625,156.12059020996094,2754381.0
2016-02-03,154.92213439941406,161.70362854003906,152.778564453125,156.7052001953125,2549040.0
2016-02-04,158.70262145996094,163.71080017089844,158.1277618408203,162.25901794433594,3193185.0
2016-02-05,163.69131469726562,165.2307891845703,161.78158569335938,163.96414184570312,2799057.0
2016-02-08,165.58155822753906,169.5374298095703,164.4805450439453,166.89694213867188,2050924.0
2016-02-09,165.64002990722656,165.64002990722656,158.1959686279297,159.39442443847656,1966243.0
2016-02-10,157.84519958496094,159.5405731201172,155.7016143798828,157.93289184570312,1370760.0
2016-02-11,157.84519958496094,158.2154541015625,149.9237060546875,151.90164184570312,2650840.0
2016-02-12,152.2913818359375,154.6590576171875,145.76321411132812,153.2949676513672,5211483.0
2016-02-15,158.6246795654297,160.19338989257812,151.82369995117188,158.46878051757812,1713085.0
2016-02-16,159.7938995361328,164.07131958007812,156.97802734375,157.6795654296875,1991110.0
2016-02-17,158.0498046875,163.10670471191406,155.91598510742188,162.5026092529297,2015557.0
2016-02-18,163.69131469726562,165.2113037109375,160.86569213867188,162.69747924804688,1179151.0
2016-02-19,162.69747924804688,164.23695373535156,158.0887908935547,161.00210571289062,1655318.0
2016-02-22,163.1456756591797,165.4451446533203,159.2580108642578,163.98362731933594,1376138.0
2016-02-23,165.6790008544922,166.28309631347656,156.28623962402344,157.71853637695312,2754448.0
2016-02-24,156.09136962890625,160.27133178710938,155.21444702148438,158.8292999267578,1674495.0
2016-02-25,160.1739044189453,160.1739044189453,152.5057373046875,155.10726928710938,4054700.0
2016-02-26,155.29238891601562,157.15341186523438,151.12216186523438,155.91598510742188,2486624.0
2016-02-29,156.5785369873047,158.4103240966797,150.66421508789062,156.97802734375,3836247.0
2016-03-01,156.8903350830078,168.34872436523438,156.31546020507812,165.65951538085938,5025524.0
2016-03-02,166.24412536621094,172.0317840576172,166.24412536621094,169.0697479248047,3735745.0
2016-03-03,172.25587463378906,172.65536499023438,167.41334533691406,171.1548614501953,2736856.0
2016-03-04,171.1158905029297,178.33584594726562,169.15744018554688,177.52713012695312,2475457.0
2016-03-08,177.52713012695312,181.21018981933594,174.51637268066406,179.68045043945312,2656136.0
2016-03-09,177.13739013671875,182.98350524902344,174.9061279296875,182.44761657714844,2620841.0
2016-03-10,182.78863525390625,183.91888427734375,179.2809600830078,180.1773681640625,1963287.0
2016-03-11,181.03480529785156,183.39273071289062,179.2809600830078,180.5768585205078,1695750.0
2016-03-14,180.83993530273438,185.3122100830078,180.83993530273438,183.55838012695312,1587561.0
2016-03-15,183.7629852294922,184.864013671875,179.475830078125,180.2553253173828,1087634.0
2016-03-16,180.44044494628906,180.86915588378906,173.1035614013672,177.58558654785156,2872572.0
2016-03-17,178.98866271972656,180.3917236328125,176.43585205078125,177.75123596191406,2240332.0
2016-03-18,178.1117401123047,179.0666046142578,173.85382080078125,177.322509765625,1779621.0
2016-03-21,177.13739013671875,182.39889526367188,175.7830352783203,181.53172302246094,1735135.0
2016-03-22,182.2040252685547,183.139404296875,179.69020080566406,181.9214630126953,2122146.0
2016-03-23,180.2553253173828,182.39889526367188,175.38356018066406,176.6599578857422,1398143.0
2016-03-28,174.13638305664062,179.9435272216797,174.13638305664062,176.4943084716797,1523580.0
2016-03-29,177.24456787109375,183.17837524414062,176.61123657226562,179.89480590820312,1709010.0
2016-03-30,181.96043395996094,186.43272399902344,181.26864624023438,184.7763214111328,2979433.0
2016-03-31,184.54248046875,188.05014038085938,183.47068786621094,185.7409210205078,4096518.0
2016-04-01,186.1209259033203,186.6373291015625,179.2809600830078,180.52813720703125,2158622.0
2016-04-04,180.2650604248047,180.81069946289062,177.74148559570312,179.93377685546875,1937598.0
2016-04-05,179.6707000732422,182.15530395507812,177.58558654785156,180.11891174316406,1651018.0
2016-04-06,180.93736267089844,182.0091552734375,176.64047241210938,180.5183868408203,1918267.0
2016-04-07,181.22967529296875,185.9065704345703,179.49533081054688,184.44503784179688,1901420.0
2016-04-08,185.71170043945312,186.6568145751953,181.7168426513672,184.33786010742188,1834714.0
2016-04-11,183.3732452392578,186.66656494140625,182.82760620117188,185.68246459960938,822822.0
2016-04-12,183.568115234375,191.752685546875,183.18812561035156,188.32296752929688,1734499.0
2016-04-13,190.1060333251953,195.8254852294922,189.7942352294922,192.1521759033203,3274295.0
2016-04-18,192.14242553710938,196.5659942626953,191.63575744628906,194.88035583496094,2767102.0
2016-04-20,193.5065155029297,195.64035034179688,191.36294555664062,193.54550170898438,2264184.0
2016-04-21,192.4737091064453,194.2470245361328,187.56297302246094,188.2352752685547,2387214.0
2016-04-22,187.8455352783203,189.65782165527344,185.1660614013672,186.0137481689453,1690044.0
2016-04-25,186.17938232421875,192.6685791015625,186.17938232421875,190.87576293945312,2513575.0
2016-04-26,190.06704711914062,193.70138549804688,189.9988555908203,192.61012268066406,1753984.0
2016-04-27,191.36294555664062,194.64651489257812,191.36294555664062,193.7793426513672,2351041.0
2016-04-28,193.798828125,193.95472717285156,186.1014404296875,187.90399169921875,4287839.0
2016-04-29,187.9527130126953,188.05014038085938,180.2553253173828,183.7337646484375,2788439.0
2016-05-02,187.6409149169922,212.8376922607422,187.6409149169922,211.0448760986328,18431080.0
2016-05-03,212.4479522705078,219.71661376953125,201.57415771484375,203.18185424804688,13290100.0
2016-05-04,203.05517578125,210.28488159179688,201.23313903808594,203.1428680419922,6394037.0
2016-05-05,204.2244110107422,207.1474609375,199.5572509765625,200.51211547851562,4850895.0
2016-05-06,202.95774841308594,206.2900390625,201.1551971435547,204.78953552246094,1939261.0
2016-05-09,205.3936309814453,206.17311096191406,202.8603057861328,204.42901611328125,2483858.0
2016-05-10,205.5885009765625,209.93411254882812,204.52645874023438,207.21566772460938,3880528.0
2016-05-11,203.63978576660156,211.99974060058594,201.9833984375,211.31768798828125,3293174.0
2016-05-12,213.38333129882812,218.97610473632812,211.65872192382812,218.1868896484375,5036623.0
2016-05-13,217.47560119628906,218.06021118164062,206.182861328125,208.5115509033203,3168851.0
2016-05-16,209.11566162109375,211.9607696533203,206.2900390625,208.83309936523438,2694372.0
2016-05-17,208.92079162597656,216.10177612304688,208.92079162597656,214.1238250732422,3717800.0
2016-05-18,214.2212677001953,223.52633666992188,209.01821899414062,221.33404541015625,4373209.0
2016-05-19,221.33404541015625,222.4740447998047,210.85000610351562,214.5233154296875,3193837.0
2016-05-20,217.27099609375,218.5279083251953,208.01463317871094,209.01821899414062,2995772.0
2016-05-23,212.40896606445312,218.83970642089844,210.05104064941406,217.30996704101562,4039505.0
2016-05-24,218.64483642578125,226.77093505859375,215.90689086914062,225.3776092529297,6325355.0
2016-05-25,227.02426147460938,230.2786102294922,221.04173278808594,222.59095764160156,3594436.0
2016-05-26,220.41815185546875,234.57550048828125,220.41815185546875,233.1821746826172,4595495.0
2016-05-27,232.87039184570312,237.7031707763672,228.4857940673828,232.6852569580078,3826266.0
2016-05-30,231.92526245117188,237.7031707763672,229.09963989257812,233.87396240234375,2653848.0
2016-05-31,232.71449279785156,234.3124237060547,228.67092895507812,230.0252685546875,4411660.0
2016-06-01,230.0447540283203,232.55859375,225.2704315185547,226.51760864257812,2813400.0
2016-06-02,226.73196411132812,227.99862670898438,223.74069213867188,225.38735961914062,2896239.0
2016-06-03,226.04991149902344,230.298095703125,226.04991149902344,228.32989501953125,3185431.0
2016-06-06,228.32989501953125,230.76577758789062,221.13917541503906,224.12069702148438,2723212.0
2016-06-07,226.04017639160156,230.2104034423828,223.623779296875,228.38836669921875,5231861.0
2016-06-08,230.45399475097656,236.65087890625,228.54425048828125,235.70574951171875,6409267.0
2016-06-09,235.79344177246094,238.7165069580078,231.9350128173828,233.2796173095703,4718233.0
2016-06-10,233.84474182128906,235.15037536621094,230.0252685546875,230.86322021484375,1690059.0
2016-06-13,228.9729766845703,232.67552185058594,224.10121154785156,225.89401245117188,2410153.0
2016-06-14,227.49195861816406,229.34323120117188,224.8806915283203,226.51760864257812,1834093.0
2016-06-15,227.02426147460938,229.53810119628906,225.0950469970703,226.05966186523438,1490501.0
2016-06-16,225.777099609375,227.30682373046875,223.3314666748047,226.04991149902344,3224483.0
2016-06-17,226.2252960205078,226.2252960205078,221.37301635742188,222.44480895996094,1990412.0
2016-06-20,221.0027618408203,223.63351440429688,219.92123413085938,221.9186553955078,2468478.0
2016-06-21,221.76275634765625,226.7806854248047,219.9796905517578,225.2704315185547,4015772.0
2016-06-22,225.44581604003906,226.66375732421875,222.93199157714844,225.17298889160156,1195146.0
2016-06-23,225.0560760498047,225.89401245117188,222.3863525390625,223.89659118652344,2122813.0
2016-06-24,221.13917541503906,224.6760711669922,213.5879364013672,223.4971160888672,2862360.0
2016-06-27,221.95762634277344,226.67349243164062,220.72994995117188,225.35812377929688,1445749.0
2016-06-28,225.46530151367188,225.85504150390625,222.48377990722656,224.6760711669922,1846830.0
2016-06-29,224.6663360595703,225.62120056152344,221.37301635742188,223.09762573242188,3078745.0
2016-06-30,224.68582153320312,236.70933532714844,224.47146606445312,234.604736328125,14278735.0
2016-07-01,236.70933532714844,242.61392211914062,235.4426727294922,239.0380401611328,3597017.0
2016-07-04,239.39854431152344,245.9267120361328,239.39854431152344,241.73699951171875,2843035.0
2016-07-05,241.6005859375,244.1533966064453,238.7165069580078,239.8564910888672,1700584.0
2016-07-07,241.6200714111328,241.6882781982422,235.5693359375,236.3780517578125,2740926.0
2016-07-08,236.94317626953125,240.1682891845703,233.65960693359375,235.9493408203125,1596474.0
2016-07-11,240.43136596679688,251.72412109375,237.7811279296875,249.36618041992188,3171145.0
2016-07-12,253.32205200195312,255.2415313720703,251.0420684814453,253.53640747070312,4302326.0
2016-07-13,251.8118133544922,253.3025665283203,248.0313262939453,250.65232849121094,1941175.0
2016-07-14,250.65232849121094,251.97744750976562,246.7159423828125,248.1482391357422,1956626.0
2016-07-15,250.2333526611328,251.9384765625,247.095947265625,247.77798461914062,2636882.0
2016-07-18,247.69029235839844,249.14207458496094,237.7616424560547,239.48623657226562,4999224.0
2016-07-19,237.93702697753906,240.26573181152344,231.2139892578125,234.3124237060547,5073715.0
2016-07-20,235.51087951660156,236.13446044921875,230.9216766357422,232.38320922851562,2279009.0
2016-07-21,233.43551635742188,237.9954833984375,226.21556091308594,227.3360595703125,4602089.0
2016-07-22,227.80374145507812,232.4806365966797,225.0755615234375,229.54783630371094,2687880.0
2016-07-25,230.9216766357422,234.46832275390625,228.99246215820312,233.6011505126953,2718757.0
2016-07-26,233.6011505126953,240.60675048828125,233.6011505126953,236.3585662841797,4409017.0
2016-07-27,237.72267150878906,248.05081176757812,235.20883178710938,245.31288146972656,7732469.0
2016-07-28,245.0692901611328,245.55645751953125,238.7165069580078,240.24623107910156,4616411.0
2016-07-29,240.99649047851562,257.61895751953125,239.9344482421875,249.47335815429688,9217649.0
2016-08-01,249.62925720214844,258.0866394042969,244.5626220703125,253.0492401123047,5786680.0
2016-08-02,253.31231689453125,254.83230590820312,246.51132202148438,250.15541076660156,2611927.0
2016-08-03,250.4087371826172,251.18821716308594,240.2754669189453,241.5713653564453,3511678.0
2016-08-04,244.5626220703125,247.42721557617188,239.19393920898438,246.1800537109375,2451041.0
2016-08-05,248.4600372314453,253.91641235351562,246.51132202148438,253.21487426757812,2490447.0
2016-08-08,254.40359497070312,256.2646179199219,247.68055725097656,251.24668884277344,2007691.0
2016-08-09,252.35745239257812,254.85179138183594,248.87901306152344,251.12001037597656,2207787.0
2016-08-10,251.58770751953125,253.40000915527344,244.06570434570312,248.82054138183594,2209820.0
2016-08-11,250.6230926513672,251.96771240234375,243.97801208496094,249.20054626464844,1618335.0
2016-08-12,248.8887481689453,254.89076232910156,247.48568725585938,252.5523223876953,2580938.0
2016-08-16,255.28050231933594,255.28050231933594,246.21902465820312,247.84619140625,3839752.0
2016-08-17,249.04464721679688,250.79847717285156,246.9010772705078,248.93746948242188,2156466.0
2016-08-18,249.73643493652344,251.77284240722656,247.92413330078125,250.106689453125,1727197.0
2016-08-19,251.1297607421875,251.1297607421875,246.0923614501953,247.6318359375,1137780.0
2016-08-22,247.48568725585938,250.38925170898438,246.32620239257812,248.81080627441406,1472510.0
2016-08-23,249.54156494140625,249.54156494140625,243.8415985107422,246.78414916992188,1236050.0
2016-08-24,247.85594177246094,247.85594177246094,243.432373046875,246.47235107421875,1360374.0
2016-08-25,247.48568725585938,249.43438720703125,241.66879272460938,243.37391662597656,1711304.0
2016-08-26,244.23133850097656,246.3749237060547,241.171875,245.156982421875,909521.0
2016-08-29,244.5626220703125,246.2092742919922,241.97084045410156,245.0985107421875,1716944.0
2016-08-30,246.0338897705078,248.6354217529297,245.36158752441406,247.3297882080078,1581413.0
2016-08-31,247.48568725585938,249.30772399902344,239.75906372070312,241.064697265625,4097949.0
2016-09-01,240.69444274902344,241.62982177734375,232.1103973388672,234.14678955078125,3642324.0
2016-09-02,234.93601989746094,239.1062469482422,232.61705017089844,237.0601043701172,2902428.0
2016-09-06,237.6739501953125,242.029296875,236.74830627441406,241.23033142089844,3612176.0
2016-09-07,241.24981689453125,241.7272491455078,234.29293823242188,235.23806762695312,2648762.0
2016-09-08,235.23806762695312,238.30728149414062,234.48780822753906,237.05035400390625,1270771.0
2016-09-09,237.74215698242188,240.4703369140625,234.55601501464844,238.25856018066406,2220221.0
2016-09-12,236.00779724121094,236.00779724121094,227.99862670898438,229.01194763183594,1663047.0
2016-09-14,229.75245666503906,229.75245666503906,221.1781463623047,225.2022247314453,3623794.0
2016-09-15,225.25094604492188,225.62120056152344,220.4766082763672,223.3704376220703,2561715.0
2016-09-16,226.4396514892578,227.02426147460938,219.4438018798828,220.8955841064453,4755652.0
2016-09-19,220.8955841064453,223.23403930664062,217.60226440429688,220.24276733398438,3717097.0
2016-09-20,222.15249633789062,225.54324340820312,217.98226928710938,222.113525390625,3047047.0
2016-09-21,223.7114715576172,226.16683959960938,220.50584411621094,222.43505859375,3963558.0
2016-09-22,225.46530151367188,232.46115112304688,224.93914794921875,231.28219604492188,7891692.0
2016-09-23,233.2601318359375,236.66061401367188,229.92784118652344,231.26271057128906,6342433.0
2016-09-26,230.9216766357422,233.0457763671875,224.10121154785156,225.96221923828125,2133718.0
2016-09-27,226.55657958984375,227.45298767089844,221.93814086914062,223.70172119140625,2449194.0
2016-09-28,224.12069702148438,230.9606475830078,224.12069702148438,229.92784118652344,2054496.0
2016-09-29,231.00936889648438,233.33807373046875,214.77664184570312,218.9371337890625,3766186.0
2016-09-30,218.83970642089844,227.99862670898438,218.7032928466797,226.56631469726562,2608387.0
2016-10-03,228.71963500976562,239.69085693359375,224.10121154785156,237.57650756835938,3611729.0
2016-10-04,238.26829528808594,240.6652069091797,234.14678955078125,236.44625854492188,2542091.0
2016-10-05,236.5729217529297,242.029296875,235.3062744140625,240.11956787109375,2329386.0
2016-10-06,240.2754669189453,244.5626220703125,233.32833862304688,235.09190368652344,3952063.0
2016-10-07,235.09190368652344,237.5667724609375,230.8047637939453,232.0908966064453,3060297.0
2016-10-10,234.3026885986328,234.61447143554688,229.07040405273438,229.56732177734375,1053930.0
2016-10-13,227.88169860839844,227.88169860839844,222.1330108642578,224.3545379638672,2308875.0
2016-10-14,225.0755615234375,226.420166015625,222.69813537597656,225.45555114746094,2497487.0
2016-10-17,224.54940795898438,227.6381072998047,218.99559020996094,220.49609375,2345202.0
2016-10-18,220.59353637695312,226.04017639160156,216.75457763671875,224.83197021484375,4104974.0
2016-10-19,226.634521484375,228.9729766845703,220.95404052734375,222.48377990722656,3278616.0
2016-10-20,225.0755615234375,225.95248413085938,220.7494354248047,222.04531860351562,5234108.0
2016-10-21,221.2755889892578,225.0755615234375,220.65199279785156,224.38377380371094,1974818.0
2016-10-24,225.7576141357422,227.99862670898438,223.78941345214844,224.99761962890625,2500859.0
2016-10-25,224.91966247558594,226.8293914794922,222.75660705566406,225.49453735351562,2477561.0
2016-10-26,225.13401794433594,225.13401794433594,218.17713928222656,219.80430603027344,3567715.0
2016-10-27,220.00892639160156,220.00892639160156,210.66488647460938,212.61358642578125,3206389.0
2016-10-28,211.4346160888672,216.20895385742188,208.31668090820312,210.42129516601562,3092698.0
2016-11-01,210.703857421875,214.0751190185547,204.63363647460938,205.34490966796875,2938087.0
2016-11-02,204.41928100585938,208.10232543945312,201.50596618652344,207.13772583007812,4529384.0
2016-11-03,205.101318359375,209.4859161376953,202.87979125976562,203.96133422851562,2413298.0
2016-11-04,204.0490264892578,205.59823608398438,197.8034210205078,200.8823699951172,2313242.0
2016-11-07,202.4998016357422,206.9136199951172,198.48545837402344,201.70083618164062,1898469.0
2016-11-08,202.46083068847656,207.6541290283203,202.26596069335938,205.87106323242188,2757470.0
2016-11-09,196.81932067871094,196.81932067871094,164.70465087890625,192.52243041992188,8264976.0
2016-11-10,194.87062072753906,202.18800354003906,186.802978515625,188.33270263671875,8335376.0
2016-11-11,186.37425231933594,186.37425231933594,160.27133178710938,171.8856201171875,12489415.0
2016-11-15,174.60406494140625,174.60406494140625,156.870849609375,163.1846466064453,11453974.0
2016-11-16,167.58872985839844,172.64561462402344,163.90567016601562,166.06874084472656,6927570.0
2016-11-17,167.3841094970703,172.45074462890625,163.19439697265625,164.6754150390625,7936424.0
2016-11-18,165.05540466308594,166.7020721435547,161.40158081054688,162.08363342285156,4764027.0
2016-11-21,163.66207885742188,163.66207885742188,154.92213439941406,161.46005249023438,6931445.0
2016-11-22,164.66566467285156,166.2148895263672,156.96827697753906,160.86569213867188,2800771.0
2016-11-23,163.68157958984375,167.3841094970703,159.20928955078125,166.09796142578125,6883567.0
2016-11-24,165.98104858398438,172.06100463867188,164.4805450439453,169.85897827148438,8630192.0
2016-11-25,171.48614501953125,182.18453979492188,170.9015350341797,178.1312255859375,6862563.0
2016-11-28,177.31277465820312,182.78863525390625,176.36764526367188,180.83993530273438,3789268.0
2016-11-29,181.03480529785156,182.97377014160156,176.1240692138672,177.04969787597656,4271085.0
2016-11-30,178.8132781982422,178.8132781982422,175.0327911376953,176.250732421875,4627218.0
2016-12-01,176.74765014648438,178.80352783203125,173.43484497070312,175.69534301757812,2797882.0
2016-12-02,171.70050048828125,176.20201110839844,171.70050048828125,174.51637268066406,3054580.0
2016-12-05,174.526123046875,176.74765014648438,173.72715759277344,174.70150756835938,4534916.0
2016-12-06,176.31893920898438,181.01531982421875,175.5686798095703,179.3881378173828,3098394.0
2016-12-07,180.2553253173828,180.2553253173828,173.6102294921875,175.0327911376953,11337784.0
2016-12-08,177.7220001220703,178.50148010253906,174.79893493652344,177.2932891845703,9262961.0
2016-12-09,174.99380493164062,177.8096923828125,170.99896240234375,173.38612365722656,6154493.0
2016-12-12,173.02561950683594,175.96817016601562,168.03692626953125,169.1087188720703,2340183.0
2016-12-13,169.34255981445312,171.09640502929688,163.3600311279297,164.4415740966797,2962950.0
2016-12-14,166.4195098876953,168.3682098388672,163.30157470703125,163.85696411132812,3539692.0
2016-12-15,164.47079467773438,168.8553924560547,161.9862060546875,166.09796142578125,3498895.0
2016-12-16,168.27078247070312,168.63128662109375,164.57797241210938,165.3184814453125,3533200.0
2016-12-19,166.02976989746094,166.02976989746094,160.76824951171875,161.56723022460938,3044055.0
2016-12-20,160.20314025878906,161.24569702148438,156.870849609375,157.97186279296875,5575668.0
2016-12-21,158.81954956054688,160.6708221435547,157.14366149902344,157.77699279785156,4070521.0
2016-12-22,157.96212768554688,159.9595489501953,153.55804443359375,154.2303466796875,5642513.0
2016-12-23,154.3375244140625,159.39442443847656,153.94778442382812,156.60777282714844,6656755.0
2016-12-26,156.12059020996094,156.28623962402344,151.61907958984375,153.02215576171875,2708597.0
2016-12-27,154.1426544189453,158.22518920898438,152.9734344482422,157.52366638183594,1643233.0
2016-12-28,157.84519958496094,161.63543701171875,156.60777282714844,158.7513427734375,2557830.0
2016-12-29,158.9364776611328,163.49644470214844,158.9364776611328,162.14208984375,4180040.0
2016-12-30,163.49644470214844,168.280517578125,162.91183471679688,166.3123321533203,3989431.0
2017-01-02,166.9359130859375,173.43484497070312,166.6143798828125,172.34356689453125,4089087.0
2017-01-03,173.43484497070312,176.92303466796875,171.5446014404297,174.0097198486328,3296058.0
2017-01-04,172.65536499023438,178.35533142089844,172.65536499023438,177.6830291748047,3478759.0
2017-01-05,179.22250366210938,180.06045532226562,177.13739013671875,178.2773895263672,6718411.0
2017-01-06,180.2553253173828,183.93836975097656,178.7255859375,180.81069946289062,4834792.0
2017-01-09,181.61941528320312,183.8604278564453,177.76097106933594,181.13223266601562,1909903.0
2017-01-10,182.37940979003906,183.568115234375,180.4501953125,183.07119750976562,1544619.0
2017-01-11,183.17837524414062,192.3275604248047,181.72659301757812,188.20603942871094,5868883.0
2017-01-12,189.41424560546875,190.3301239013672,181.8142852783203,183.68504333496094,5475864.0
2017-01-13,184.9127197265625,186.8711700439453,183.27581787109375,186.15989685058594,1453615.0
2017-01-16,187.4655303955078,188.74192810058594,184.0552978515625,187.231689453125,2129274.0
2017-01-17,187.4655303955078,190.2814178466797,184.93222045898438,186.14041137695312,1763775.0
2017-01-18,185.12709045410156,188.40090942382812,183.7142791748047,184.63015747070312,2074047.0
2017-01-19,184.93222045898438,184.98092651367188,182.80812072753906,183.7532501220703,2369171.0
2017-01-20,183.66555786132812,183.66555786132812,176.88406372070312,177.77072143554688,3239641.0
2017-01-23,177.81944274902344,181.3076171875,176.35791015625,179.3394317626953,2751343.0
2017-01-24,180.54762268066406,184.4840087890625,179.48558044433594,183.83119201660156,2810546.0
2017-01-25,184.1624755859375,186.06246948242188,182.3501739501953,185.39016723632812,3935267.0
2017-01-27,186.04296875,190.97320556640625,184.5619659423828,187.3583526611328,4225680.0
2017-01-30,187.56297302246094,191.5578155517578,182.55479431152344,190.59320068359375,2756849.0
2017-01-31,192.49319458007812,194.21780395507812,181.93121337890625,186.05271911621094,5109780.0
2017-02-01,184.87374877929688,191.9475555419922,182.2040252685547,190.9244842529297,4743988.0
2017-02-02,190.97320556640625,191.88909912109375,187.98193359375,189.16090393066406,2198633.0
2017-02-03,189.95986938476562,191.1388397216797,187.11476135253906,187.8455352783203,2287420.0
2017-02-06,189.0244903564453,190.95372009277344,186.1014404296875,187.91372680664062,1756976.0
2017-02-07,188.43988037109375,189.0244903564453,182.86659240722656,185.01991271972656,1627515.0
2017-02-08,185.9065704345703,187.65066528320312,182.96401977539062,186.03323364257812,2288400.0
2017-02-09,185.68246459960938,187.3583526611328,183.17837524414062,185.6142578125,7107120.0
2017-02-10,185.71170043945312,190.7490997314453,185.71170043945312,187.98193359375,5721442.0
2017-02-13,188.50808715820312,189.39474487304688,186.1014404296875,188.30348205566406,1452317.0
2017-02-14,188.71270751953125,188.71270751953125,184.54248046875,185.34144592285156,2947155.0
2017-02-15,182.2235107421875,187.660400390625,180.2553253173828,181.9214630126953,3353609.0
2017-02-16,182.59376525878906,185.49734497070312,180.70352172851562,183.59735107421875,2041580.0
2017-02-17,184.93222045898438,186.8711700439453,181.05429077148438,183.11016845703125,2290381.0
2017-02-20,183.61683654785156,184.30862426757812,182.0091552734375,183.5194091796875,1518612.0
2017-02-21,183.568115234375,185.47784423828125,182.23326110839844,184.83477783203125,1934278.0
2017-02-22,185.51683044433594,185.6727294921875,182.496337890625,184.04554748535156,3018259.0
2017-02-23,184.15272521972656,185.9552764892578,180.8594207763672,181.93121337890625,12154238.0
2017-02-27,181.91171264648438,183.52914428710938,181.2783966064453,181.9214630126953,1943556.0
2017-02-28,182.2040252685547,182.77890014648438,180.3722381591797,181.0737762451172,2763844.0
2017-03-01,181.42454528808594,182.29171752929688,177.6148223876953,180.38198852539062,3549047.0
2017-03-02,180.62557983398438,182.03839111328125,174.4189453125,175.2276611328125,2525778.0
2017-03-03,173.51280212402344,180.93736267089844,173.08407592773438,179.20301818847656,5167341.0
2017-03-06,178.52096557617188,182.78863525390625,178.52096557617188,181.95069885253906,2474077.0
2017-03-07,182.59376525878906,186.49118041992188,182.01889038085938,185.55580139160156,4526870.0
2017-03-08,186.1014404296875,188.33270263671875,183.8604278564453,187.13424682617188,3899099.0
2017-03-09,186.81271362304688,188.74192810058594,186.16964721679688,187.26092529296875,6747512.0
2017-03-10,186.78347778320312,188.1768035888672,186.07220458984375,186.94912719726562,2097519.0
2017-03-14,190.87576293945312,199.50852966308594,190.87576293945312,197.5111083984375,12343066.0
2017-03-15,195.8644561767578,212.40896606445312,195.8644561767578,208.16079711914062,7548013.0
2017-03-16,208.83309936523438,209.65155029296875,202.4315948486328,204.62388610839844,3872081.0
2017-03-17,205.97824096679688,206.6407928466797,203.65928649902344,205.90029907226562,5706314.0
2017-03-20,207.53720092773438,207.71258544921875,203.5423583984375,205.33517456054688,1778764.0
2017-03-21,205.91978454589844,207.05003356933594,198.962890625,204.5459442138672,2941803.0
2017-03-22,202.47056579589844,202.8992919921875,199.7910919189453,201.56442260742188,3606146.0
2017-03-23,201.6910858154297,204.62388610839844,199.07008361816406,201.2818603515625,2868836.0
2017-03-24,202.27569580078125,204.029541015625,200.37571716308594,201.0869903564453,3652018.0
2017-03-27,200.52186584472656,204.44850158691406,198.0177764892578,198.92391967773438,2886761.0
2017-03-28,200.71673583984375,210.37257385253906,199.937255859375,209.2130889892578,6314600.0
2017-03-29,210.07052612304688,210.07052612304688,203.91261291503906,206.99156188964844,3298116.0
2017-03-30,207.92694091796875,211.4346160888672,202.98696899414062,205.1403045654297,7316854.0
2017-03-31,207.05003356933594,211.26898193359375,205.00389099121094,210.07052612304688,3644028.0
2017-04-03,211.4346160888672,216.11151123046875,211.24949645996094,215.15664672851562,2805410.0
2017-04-05,215.33203125,218.15765380859375,212.14588928222656,215.82894897460938,3777511.0
2017-04-06,212.40896606445312,215.34176635742188,210.95718383789062,213.18844604492188,3173074.0
2017-04-07,211.82435607910156,214.77664184570312,210.47000122070312,212.0484619140625,1640360.0
2017-04-10,214.35768127441406,216.30638122558594,210.0023193359375,212.30178833007812,3987235.0
2017-04-11,212.40896606445312,214.35768127441406,209.31053161621094,211.2592315673828,2903777.0
2017-04-12,211.23974609375,212.08743286132812,206.50439453125,207.88796997070312,3952889.0
2017-04-13,207.53720092773438,208.4920654296875,203.85415649414062,204.77978515625,1472648.0
2017-04-17,206.17311096191406,210.96693420410156,202.77261352539062,210.15821838378906,1479166.0
2017-04-18,210.46026611328125,212.08743286132812,205.85157775878906,206.65054321289062,1304368.0
2017-04-19,205.00389099121094,214.04588317871094,203.63978576660156,213.3735809326172,3492312.0
2017-04-20,213.38333129882812,213.76332092285156,208.71617126464844,209.47616577148438,1904869.0
2017-04-21,211.62948608398438,211.62948608398438,204.6531219482422,205.2961883544922,3075214.0
2017-04-24,206.17311096191406,206.4167022705078,203.19158935546875,205.30593872070312,2118313.0
2017-04-25,207.08900451660156,213.18844604492188,206.26080322265625,212.52589416503906,3497643.0
2017-04-26,213.38333129882812,213.38333129882812,204.029541015625,205.33517456054688,4352292.0
2017-04-27,205.1792755126953,208.8915557861328,200.1321258544922,202.76287841796875,10449718.0
2017-04-28,203.05517578125,204.14645385742188,197.94956970214844,202.40235900878906,3570871.0
2017-05-02,203.4156951904297,203.92234802246094,195.99111938476562,196.55624389648438,3566458.0
2017-05-03,196.11778259277344,201.86647033691406,195.06549072265625,198.47572326660156,1955943.0
2017-05-04,200.1321258544922,200.1321258544922,197.5988006591797,198.6998291015625,1845368.0
2017-05-05,199.54751586914062,199.54751586914062,194.57830810546875,195.04600524902344,4535799.0
2017-05-08,196.37112426757812,196.90701293945312,194.3054962158203,194.64651489257812,1265044.0
2017-05-09,195.5429229736328,196.81932067871094,193.0680694580078,195.70855712890625,3249951.0
2017-05-10,196.02035522460938,198.56341552734375,196.02035522460938,197.13111877441406,2288107.0
2017-05-11,197.783935546875,199.47930908203125,196.39060974121094,197.74496459960938,2186286.0
2017-05-12,197.79367065429688,198.6121368408203,191.58705139160156,192.8829345703125,2419225.0
2017-05-15,192.92190551757812,195.630615234375,192.92190551757812,194.13011169433594,3628956.0
2017-05-16,194.85113525390625,197.98854064941406,194.55882263183594,196.87777709960938,4162792.0
2017-05-17,196.87777709960938,198.36854553222656,196.87777709960938,197.33572387695312,2242518.0
2017-05-18,197.2090606689453,197.2090606689453,192.94139099121094,193.82806396484375,1260246.0
2017-05-19,195.06549072265625,198.25161743164062,192.93165588378906,194.68548583984375,1960146.0
2017-05-22,195.26036071777344,197.24803161621094,193.3116455078125,194.36395263671875,1809600.0
2017-05-23,195.77676391601562,195.77676391601562,186.15989685058594,186.91989135742188,1766972.0
2017-05-24,186.68605041503906,187.80654907226562,181.97018432617188,184.09426879882812,3189731.0
2017-05-25,183.25633239746094,189.2583465576172,182.57427978515625,187.77732849121094,3845294.0
2017-05-26,189.0244903564453,194.08139038085938,188.60552978515625,192.2398681640625,3896677.0
2017-05-29,192.53216552734375,196.15675354003906,189.60911560058594,193.63319396972656,3185693.0
2017-05-30,193.84754943847656,197.19932556152344,191.5578155517578,195.78651428222656,1914223.0
2017-05-31,201.4962158203125,203.05517578125,197.94956970214844,198.7680206298828,8968289.0
2017-06-01,197.22854614257812,202.37313842773438,197.22854614257812,200.1808319091797,3958939.0
2017-06-02,200.40493774414062,201.5839080810547,195.21163940429688,199.92750549316406,2758250.0
2017-06-05,201.0869903564453,201.32083129882812,197.6377716064453,198.99212646484375,2418974.0
2017-06-06,199.35264587402344,200.50238037109375,193.0095977783203,194.25677490234375,2002533.0
2017-06-07,196.0398406982422,197.39419555664062,194.23728942871094,194.89984130859375,1887524.0
2017-06-08,196.42958068847656,196.71214294433594,193.6136932373047,194.88035583496094,1911683.0
2017-06-09,195.06549072265625,195.45523071289062,191.85986328125,193.2921600341797,3022620.0
2017-06-12,191.9475555419922,195.08497619628906,191.09986877441406,192.31781005859375,1509165.0
2017-06-13,192.53216552734375,193.89625549316406,188.63475036621094,189.22911071777344,2386578.0
2017-06-14,190.3301239013672,190.3301239013672,185.13682556152344,186.04296875,3317975.0
2017-06-15,185.12709045410156,190.86602783203125,184.15272521972656,189.813720703125,3225042.0
2017-06-16,190.4080810546875,192.92190551757812,190.4080810546875,191.80140686035156,2165693.0
2017-06-19,193.70138549804688,195.6111297607422,192.38601684570312,193.76959228515625,1647139.0
2017-06-20,193.1167755126953,194.87062072753906,191.0706329345703,193.4188232421875,2566015.0
2017-06-21,192.9024200439453,196.3516387939453,192.07421875,194.77317810058594,1971877.0
2017-06-22,194.99728393554688,199.33314514160156,192.14242553710938,193.3701171875,2741429.0
2017-06-23,194.64651489257812,195.26036071777344,187.231689453125,188.51783752441406,1587910.0
2017-06-27,189.98910522460938,193.798828125,189.2193603515625,192.81472778320312,3347734.0
2017-06-28,193.68190002441406,196.41983032226562,191.67474365234375,194.8218994140625,2340245.0
2017-06-29,195.15318298339844,196.82907104492188,191.9475555419922,192.5419158935547,1687653.0
2017-06-30,192.92190551757812,195.49420166015625,192.35678100585938,194.83163452148438,3232313.0
2017-07-03,194.9290771484375,201.4962158203125,193.8183135986328,200.4926300048828,16628617.0
2017-07-04,202.4315948486328,205.7833709716797,198.86546325683594,203.79568481445312,17248239.0
2017-07-05,205.97824096679688,214.55255126953125,204.7602996826172,213.52947998046875,21040596.0
2017-07-06,214.16281127929688,221.56788635253906,213.46127319335938,216.51100158691406,8835216.0
2017-07-07,217.28073120117188,221.0709686279297,211.4541015625,212.3505096435547,6835017.0
2017-07-10,200.50238037109375,208.00489807128906,200.50238037109375,205.68592834472656,1134521.0
2017-07-11,207.1474609375,207.1474609375,196.059326171875,197.57931518554688,6893230.0
2017-07-12,197.5988006591797,202.85057067871094,195.844970703125,201.33058166503906,6961706.0
2017-07-13,199.937255859375,203.0259552001953,198.75828552246094,199.99571228027344,3977382.0
2017-07-14,200.71673583984375,201.77877807617188,197.71572875976562,201.21365356445312,2663485.0
2017-07-17,201.77877807617188,203.6300506591797,195.6501007080078,196.53675842285156,3848348.0
2017-07-18,196.81932067871094,198.56341552734375,186.9783477783203,187.97219848632812,7108111.0
2017-07-19,190.46653747558594,191.323974609375,187.3583526611328,188.84910583496094,5631228.0
2017-07-20,190.3885955810547,190.77833557128906,186.1014404296875,187.02706909179688,3281603.0
2017-07-21,187.8552703857422,189.80398559570312,185.85784912109375,188.47886657714844,2467098.0
2017-07-24,188.82962036132812,190.27166748046875,187.3193817138672,187.88450622558594,1821239.0
2017-07-25,188.0404052734375,195.6501007080078,187.36810302734375,194.51010131835938,5595610.0
2017-07-26,195.26036071777344,195.80599975585938,190.03782653808594,191.38243103027344,3350787.0
2017-07-27,192.12294006347656,194.47113037109375,189.34603881835938,191.1973114013672,7354746.0
2017-07-28,189.78448486328125,190.6224365234375,188.2547607421875,189.0439910888672,2737262.0
2017-07-31,190.3885955810547,199.54751586914062,187.67015075683594,198.18341064453125,19179223.0
2017-08-01,199.9567413330078,203.05517578125,197.4039306640625,201.45724487304688,9605691.0
2017-08-02,201.44749450683594,202.1100616455078,196.52700805664062,198.43675231933594,2726542.0
2017-08-03,197.6182861328125,200.33673095703125,192.53216552734375,194.07164001464844,4064578.0
2017-08-04,194.68548583984375,196.42958068847656,191.58705139160156,193.34088134765625,2929317.0
2017-08-07,193.32139587402344,195.844970703125,191.97679138183594,192.55165100097656,2126462.0
2017-08-08,192.91217041015625,196.10804748535156,188.82962036132812,189.1901397705078,5401327.0
2017-08-09,189.9988555908203,189.9988555908203,182.30145263671875,183.7142791748047,4879011.0
2017-08-10,182.2040252685547,186.55938720703125,178.832763671875,181.96043395996094,5277896.0
2017-08-11,179.3199462890625,186.66656494140625,179.3199462890625,185.5265655517578,4238976.0
2017-08-14,186.1014404296875,191.83062744140625,186.1014404296875,189.6870574951172,4039126.0
2017-08-16,190.87576293945312,192.61985778808594,186.0234832763672,190.6029510498047,2323654.0
2017-08-17,191.00242614746094,194.67575073242188,188.4886016845703,190.33987426757812,3173834.0
2017-08-18,189.9014129638672,190.07679748535156,186.07220458984375,189.48243713378906,1646584.0
2017-08-21,189.48243713378906,192.53216552734375,185.32196044921875,186.98809814453125,2695901.0
2017-08-22,189.20962524414062,190.2132110595703,185.51683044433594,186.7639923095703,2711701.0
2017-08-23,188.22552490234375,190.86602783203125,187.17323303222656,189.27783203125,2250919.0
2017-08-24,189.20962524414062,192.62960815429688,188.83937072753906,189.9988555908203,2318266.0
2017-08-28,190.7490997314453,192.4347381591797,189.2193603515625,191.25576782226562,1271654.0
2017-08-29,189.9988555908203,191.752685546875,188.1475830078125,189.33628845214844,1895324.0
2017-08-30,190.57371520996094,191.90858459472656,189.41424560546875,190.05731201171875,1267856.0
2017-08-31,190.31063842773438,193.89625549316406,190.12551879882812,191.9475555419922,3458818.0
2017-09-01,194.47113037109375,200.12237548828125,191.9475555419922,198.6998291015625,7154090.0
2017-09-04,199.7423858642578,210.22642517089844,194.9290771484375,208.66744995117188,7904141.0
2017-09-05,209.39822387695312,211.05462646484375,204.03927612304688,209.193603515625,5116528.0
2017-09-06,207.47874450683594,209.34950256347656,204.886962890625,206.5238800048828,2272107.0
2017-09-07,208.30694580078125,213.9679412841797,207.8295135498047,209.8951416015625,5683961.0
2017-09-08,212.39923095703125,215.12741088867188,204.994140625,205.4813232421875,5054055.0
2017-09-11,207.1474609375,208.4628448486328,204.63363647460938,205.97824096679688,1515887.0
2017-09-12,207.2741241455078,210.24591064453125,205.00389099121094,209.03770446777344,2573076.0
2017-09-13,209.4859161376953,212.01922607421875,205.11106872558594,206.51412963867188,1992593.0
2017-09-14,206.77720642089844,211.2202606201172,206.77720642089844,209.77821350097656,1869070.0
2017-09-15,210.07052612304688,213.88998413085938,208.7843780517578,210.9376983642578,3310612.0
2017-09-18,212.9935760498047,217.28073120117188,210.46026611328125,211.346923828125,3354471.0
2017-09-19,211.0448760986328,212.40896606445312,207.0597686767578,208.3556671142578,1530400.0
2017-09-20,206.9525909423828,212.01922607421875,205.59823608398438,208.0633544921875,2380030.0
2017-09-21,209.64181518554688,210.46026611328125,205.00389099121094,207.68336486816406,4701611.0
2017-09-22,206.83567810058594,206.83567810058594,192.4152374267578,195.09471130371094,5796225.0
2017-09-25,196.21522521972656,196.21522521972656,188.72244262695312,191.3726806640625,3948394.0
2017-09-26,192.52243041992188,199.4305877685547,191.5188446044922,196.16650390625,2944322.0
2017-09-27,202.66543579101562,209.9146270751953,200.19058227539062,204.52645874023438,13730033.0
2017-09-28,204.61415100097656,208.2777099609375,201.31109619140625,205.44235229492188,10357898.0
2017-09-29,206.56285095214844,208.3556671142578,204.87722778320312,205.47157287597656,3314368.0
2017-10-03,206.75772094726562,211.55154418945312,205.84182739257812,206.83567810058594,2913743.0
2017-10-04,208.39463806152344,208.39463806152344,202.68492126464844,204.31210327148438,2466641.0
2017-10-05,204.41928100585938,208.90130615234375,203.7372283935547,206.05618286132812,3832147.0
2017-10-06,208.70643615722656,209.20335388183594,203.85415649414062,205.27670288085938,2102436.0
2017-10-09,205.2961883544922,209.7002716064453,202.733642578125,207.71258544921875,3352373.0
2017-10-10,208.31668090820312,212.7987060546875,207.05003356933594,210.6843719482422,3477296.0
2017-10-11,210.46026611328125,219.03457641601562,209.39822387695312,214.29920959472656,4544589.0
2017-10-12,214.9033203125,216.79356384277344,210.08026123046875,215.28330993652344,1685497.0
2017-10-13,215.27357482910156,217.47560119628906,212.32127380371094,213.49050903320312,3695405.0
2017-10-16,213.78280639648438,216.2284393310547,213.1592254638672,214.44537353515625,2499581.0
2017-10-17,214.34793090820312,217.55355834960938,213.93870544433594,215.90689086914062,4069910.0
2017-10-18,216.0627899169922,216.70587158203125,211.90231323242188,215.18588256835938,1924913.0
2017-10-19,215.15664672851562,215.87767028808594,208.96949768066406,211.39564514160156,147887.0
2017-10-23,212.3505096435547,221.67506408691406,211.30795288085938,216.52073669433594,7115782.0
2017-10-24,219.1709747314453,220.37918090820312,216.30638122558594,217.51458740234375,2278788.0
2017-10-25,218.83970642089844,219.90174865722656,204.73106384277344,212.3699951171875,3580401.0
2017-10-26,210.5382080078125,219.48277282714844,210.11924743652344,218.021240234375,6765170.0
2017-10-27,219.42431640625,228.4857940673828,219.42431640625,225.95248413085938,4265235.0
2017-10-30,226.06939697265625,233.69857788085938,226.06939697265625,230.15194702148438,6147022.0
2017-10-31,233.84474182128906,234.48780822753906,226.04991149902344,227.60887145996094,5589467.0
2017-11-01,227.60887145996094,236.1831817626953,227.4627227783203,233.31858825683594,12831713.0
2017-11-02,235.40370178222656,260.46405029296875,235.40370178222656,253.70205688476562,26418605.0
2017-11-03,251.5779571533203,255.10511779785156,250.43797302246094,253.40000915527344,5615525.0
2017-11-06,251.38308715820312,255.76768493652344,250.16514587402344,254.89076232910156,8552900.0
2017-11-07,254.9005126953125,257.4435729980469,248.77182006835938,249.62925720214844,4606954.0
2017-11-08,249.81439208984375,250.2138671875,246.85235595703125,248.12875366210938,4644558.0
2017-11-09,247.48568725585938,250.54515075683594,244.3287811279297,246.1995391845703,5720924.0
2017-11-10,245.52723693847656,248.34310913085938,243.1985321044922,244.67955017089844,2885314.0
2017-11-13,246.51132202148438,251.5779571533203,244.67955017089844,249.4246368408203,2179122.0
2017-11-14,249.4246368408203,249.73643493652344,242.82827758789062,243.5200653076172,2041929.0
2017-11-15,239.0380401611328,244.7574920654297,236.7385711669922,237.5862579345703,3407450.0
2017-11-16,237.96624755859375,242.41905212402344,234.6924285888672,238.9308624267578,2502460.0
2017-11-17,242.61392211914062,255.9528045654297,242.61392211914062,253.5169219970703,9805044.0
2017-11-20,253.2830810546875,253.2830810546875,245.9949188232422,249.36618041992188,3790920.0
2017-11-21,248.8497772216797,251.16873168945312,245.2446746826172,246.9010772705078,3042690.0
2017-11-22,248.84002685546875,248.84002685546875,242.56520080566406,243.60775756835938,2383304.0
2017-11-23,243.6272430419922,245.04005432128906,239.97341918945312,240.50930786132812,1729860.0
2017-11-24,242.0098114013672,242.99391174316406,240.1682891845703,241.56161499023438,2323105.0
2017-11-27,241.24981689453125,246.9108123779297,238.52163696289062,246.29696655273438,4576770.0
2017-11-28,244.7574920654297,250.55490112304688,244.7574920654297,248.64515686035156,5231820.0
2017-11-29,248.5477294921875,262.3348083496094,248.27490234375,261.05841064453125,9091447.0
2017-11-30,260.8343200683594,265.9204406738281,257.2292175292969,258.7004699707031,9147064.0
2017-12-01,260.3471374511719,264.9168701171875,256.8394775390625,258.7394714355469,4501258.0
2017-12-04,260.9317626953125,264.34197998046875,249.82412719726562,252.14308166503906,3395848.0
2017-12-05,253.33180236816406,268.5317077636719,252.2405242919922,267.4891357421875,6558515.0
2017-12-06,267.36248779296875,267.36248779296875,259.372802734375,261.6430358886719,5207716.0
2017-12-07,260.3471374511719,264.0886535644531,256.9856262207031,262.5881652832031,3401929.0
2017-12-08,262.1009826660156,271.4937438964844,262.1009826660156,268.0347900390625,3943380.0
2017-12-11,268.92144775390625,272.96502685546875,266.5927429199219,271.1527099609375,3023467.0
2017-12-12,271.8445129394531,271.8639831542969,265.0240478515625,265.7353210449219,2526106.0
2017-12-13,265.608642578125,273.7737121582031,262.6855773925781,267.1286315917969,3615224.0
2017-12-14,267.7814636230469,270.26605224609375,263.86456298828125,266.1835021972656,1949934.0
2017-12-15,269.3306884765625,275.1573181152344,269.3306884765625,274.14398193359375,5049940.0
2017-12-18,276.2875671386719,278.0803527832031,266.9727478027344,276.0926818847656,3138903.0
2017-12-19,275.9367980957031,284.3649597167969,274.767578125,283.6049499511719,4091704.0
2017-12-20,283.58544921875,285.0567321777344,278.66497802734375,279.63934326171875,3260927.0
2017-12-21,281.549072265625,284.4916076660156,278.9183044433594,280.2044677734375,2785976.0
2017-12-22,280.4188232421875,286.74237060546875,278.8890686035156,285.4854431152344,2036915.0
2017-12-26,286.4598083496094,288.1551818847656,284.0044250488281,284.988525390625,1330015.0
2017-12-27,284.988525390625,287.01519775390625,280.6136779785156,283.263916015625,3015097.0
2017-12-28,284.85211181640625,286.6254577636719,280.4772644042969,283.3126525878906,6809436.0
2017-12-29,282.9521179199219,291.6238708496094,282.5623779296875,288.68133544921875,2645924.0
2018-01-01,290.6300354003906,291.3315734863281,285.1931457519531,287.1321105957031,1092642.0
2018-01-02,288.9931335449219,289.4608154296875,282.97161865234375,285.1639099121094,1420686.0
2018-01-03,283.7121276855469,286.1675109863281,281.5880432128906,282.97161865234375,2552621.0
2018-01-04,283.5367431640625,288.9931335449219,282.4747009277344,286.2357177734375,2673614.0
2018-01-05,286.4598083496094,290.7469482421875,284.37469482421875,288.4182434082031,3591100.0
2018-01-08,289.3633728027344,296.10589599609375,288.4182434082031,294.2351379394531,2865039.0
2018-01-09,296.2033386230469,296.59307861328125,292.9684753417969,295.3848876953125,1356269.0
2018-01-10,296.7879333496094,301.25048828125,294.80999755859375,296.4176940917969,4224151.0
2018-01-11,295.2289733886719,295.2289733886719,291.4972229003906,293.26080322265625,3373802.0
2018-01-12,293.26080322265625,298.9704895019531,289.5777282714844,294.2351379394531,5079960.0
2018-01-15,294.97564697265625,296.9243469238281,291.6531066894531,292.2474670410156,1097143.0
2018-01-16,294.254638671875,298.346923828125,290.8249206542969,294.43975830078125,3112203.0
2018-01-17,295.61871337890625,295.61871337890625,290.3572082519531,293.2997741699219,2041133.0
2018-01-18,293.3192443847656,295.3166809082031,281.68548583984375,283.7900695800781,4088661.0
2018-01-19,286.84954833984375,286.84954833984375,274.4265441894531,278.2752380371094,2842840.0
2018-01-22,279.824462890625,290.152587890625,275.0403747558594,287.677734375,2549347.0
2018-01-23,286.30389404296875,291.21466064453125,284.1116027832031,286.2259521484375,4602802.0
2018-01-24,286.4598083496094,287.0249328613281,277.56396484375,280.2044677734375,2453361.0
2018-01-25,276.7747497558594,283.9264831542969,276.7747497558594,281.8218688964844,3041705.0
2018-01-29,287.4536437988281,295.4238586425781,277.16448974609375,278.9475402832031,4027800.0
2018-01-30,280.4188232421875,280.4188232421875,265.6281433105469,267.9178771972656,3896036.0
2018-01-31,263.6891784667969,273.793212890625,263.2799377441406,268.87274169921875,3878060.0
2018-02-01,267.57684326171875,277.10601806640625,265.6573791503906,268.9311828613281,3704257.0
2018-02-02,263.5235290527344,267.8301696777344,250.1846466064453,257.5994567871094,4947754.0
2018-02-05,253.33180236816406,264.6343078613281,253.33180236816406,262.2568664550781,3432728.0
2018-02-06,249.4441375732422,269.1650390625,248.5672149658203,265.48199462890625,6417617.0
2018-02-07,269.3111877441406,271.0455322265625,255.8651123046875,258.2425537109375,5578095.0
2018-02-08,258.3009948730469,264.34197998046875,258.3009948730469,260.658935546875,1806177.0
2018-02-09,259.372802734375,265.4137878417969,252.35745239257812,255.53384399414062,4429421.0
2018-02-12,255.6702423095703,261.4189147949219,252.50360107421875,258.3789367675781,3403232.0
2018-02-14,260.1327819824219,268.1614685058594,258.20355224609375,262.73431396484375,2747145.0
2018-02-15,264.0301818847656,270.8701477050781,262.4322509765625,265.0532531738281,2899436.0
2018-02-16,264.66351318359375,267.94708251953125,255.709228515625,256.9271545410156,2640490.0
2018-02-19,256.9271545410156,257.99896240234375,246.014404296875,251.3441162109375,3849579.0
2018-02-20,249.83387756347656,254.4912872314453,248.91798400878906,251.89950561523438,1846609.0
2018-02-21,253.52667236328125,254.03334045410156,244.5626220703125,245.89749145507812,3182881.0
2018-02-22,247.87542724609375,254.1112823486328,245.53697204589844,253.02975463867188,4378238.0
2018-02-23,252.64974975585938,260.3179016113281,252.35745239257812,257.78460693359375,2295230.0
2018-02-26,259.93792724609375,264.7901916503906,259.17791748046875,262.8609619140625,2170506.0
2018-02-27,262.5881652832031,264.4394226074219,260.5420227050781,262.7732849121094,2722072.0
2018-02-28,256.5569152832031,264.536865234375,256.5569152832031,259.92816162109375,2520667.0
2018-03-01,261.1266174316406,262.67584228515625,258.3984375,260.84405517578125,2687957.0
2018-03-05,260.73687744140625,267.74249267578125,259.9768981933594,266.8558349609375,3061852.0
2018-03-06,269.2137451171875,273.5885925292969,255.7774200439453,264.24456787109375,4767060.0
2018-03-07,263.6599426269531,265.6281433105469,255.6702423095703,258.21331787109375,3559079.0
2018-03-08,258.7881774902344,261.4286804199219,254.42308044433594,258.4471435546875,2593325.0
2018-03-09,259.5676574707031,264.93634033203125,259.5676574707031,260.873291015625,3048119.0
2018-03-12,262.19842529296875,266.9532470703125,260.2204895019531,261.84765625,6199010.0
2018-03-13,264.4394226074219,266.76812744140625,262.4517517089844,264.34197998046875,5220114.0
2018-03-14,262.705078125,269.3111877441406,262.705078125,268.17120361328125,3842929.0
2018-03-15,266.9922180175781,285.9433898925781,266.9922180175781,284.63775634765625,7293100.0
2018-03-16,284.5013427734375,287.2392883300781,279.8731689453125,281.7439270019531,6334331.0
2018-03-19,284.4136657714844,284.4136657714844,272.4486083984375,273.5983581542969,3397141.0
2018-03-20,269.5255432128906,272.81884765625,266.1932678222656,268.5024719238281,4886549.0
2018-03-21,269.5060729980469,275.41064453125,269.3111877441406,272.2245178222656,3219433.0
2018-03-22,271.3280944824219,274.7091064453125,269.51580810546875,273.0332336425781,2718095.0
2018-03-23,270.8896484375,274.9916687011719,265.0240478515625,271.66912841796875,2143596.0
2018-03-26,270.8701477050781,277.96343994140625,270.8701477050781,276.5408935546875,3634483.0
2018-03-27,278.66497802734375,292.0818176269531,278.2460021972656,283.2834167480469,6723183.0
2018-03-28,282.8936767578125,286.070068359375,279.41522216796875,280.5357360839844,3016155.0
2018-04-02,280.8085632324219,289.6751708984375,272.3511657714844,286.1187744140625,5422680.0
2018-04-03,286.1869812011719,289.6751708984375,282.3675231933594,288.5546569824219,1854599.0
2018-04-04,288.7982482910156,290.88336181640625,280.6136779785156,283.56597900390625,4543132.0
2018-04-05,284.2967529296875,301.46484375,284.0823974609375,299.740234375,7311810.0
2018-04-06,298.561279296875,309.9222412109375,293.47515869140625,308.9478759765625,11137441.0
2018-04-09,307.4571228027344,313.74169921875,302.8094482421875,303.8422546386719,7944789.0
2018-04-10,305.36224365234375,309.6104431152344,303.4135437011719,304.2027587890625,2221884.0
2018-04-11,304.582763671875,307.8858337402344,301.0751037597656,305.3525085449219,3178745.0
2018-04-12,303.9981689453125,313.49810791015625,302.35150146484375,310.2729797363281,4046710.0
2018-04-13,310.6237487792969,315.6708984375,308.4801940917969,313.1473388671875,4123135.0
2018-04-16,310.2729797363281,311.1986389160156,303.43304443359375,304.3879089355469,4714728.0
2018-04-17,306.9212341308594,308.8017272949219,303.00433349609375,304.7094421386719,3149977.0
2018-04-18,304.93353271484375,308.86993408203125,303.082275390625,305.878662109375,3401200.0
2018-04-19,305.9955749511719,310.32171630859375,305.1673889160156,307.6909484863281,2191607.0
2018-04-20,307.6714782714844,309.35711669921875,304.2027587890625,306.38531494140625,1139627.0
2018-04-23,306.5314636230469,314.1314392089844,304.4171447753906,309.72735595703125,1939143.0
2018-04-24,313.9365539550781,322.86163330078125,313.7806701660156,316.83038330078125,6402273.0
2018-04-25,317.4344787597656,321.3416442871094,311.052490234375,314.2678527832031,3789801.0
2018-04-26,317.6293640136719,323.3390808105469,314.7160339355469,319.3929443359375,6552111.0
2018-04-27,324.3621520996094,325.1903381347656,299.12640380859375,317.10321044921875,12501612.0
2018-04-30,317.05450439453125,322.9590759277344,309.66888427734375,313.8099060058594,5017703.0
2018-05-02,315.00836181640625,316.2652587890625,296.91461181640625,302.67303466796875,4929429.0
2018-05-03,302.6340637207031,309.2109375,301.572021484375,306.7555847167969,3481617.0
2018-05-04,309.7955627441406,313.1083679199219,306.5314636230469,311.7442626953125,4245375.0
2018-05-07,311.7929992675781,311.7929992675781,304.7873840332031,305.95660400390625,4344646.0
2018-05-08,305.1673889160156,306.3463439941406,299.71099853515625,300.94842529296875,3004403.0
2018-05-09,301.4551086425781,302.322265625,295.0438537597656,299.01922607421875,3097870.0
2018-05-10,301.25048828125,302.1566467285156,291.3315734863281,292.2669372558594,4231782.0
2018-05-11,290.7664489746094,293.4069519042969,287.12237548828125,289.8700256347656,8049048.0
2018-05-14,288.40850830078125,289.8797912597656,280.2726745605469,281.51983642578125,5931571.0
2018-05-15,284.95928955078125,292.305908203125,278.7624206542969,286.6546630859375,5304411.0
2018-05-16,284.2187805175781,288.8079833984375,277.242431640625,279.8049621582031,3548852.0
2018-05-17,282.16290283203125,286.1675109863281,280.2336730957031,282.4162292480469,4832965.0
2018-05-18,282.2408447265625,284.0141906738281,274.11474609375,274.9916687011719,3312341.0
2018-05-21,274.9624328613281,279.63934326171875,269.7691345214844,274.4557800292969,1684025.0
2018-05-22,277.018310546875,282.75726318359375,274.57269287109375,282.0264892578125,2264641.0
2018-05-23,281.2567443847656,285.6803283691406,280.896240234375,282.7864990234375,2858435.0
2018-05-24,283.2054748535156,289.38287353515625,282.9521179199219,288.02850341796875,2622555.0
2018-05-25,288.3987731933594,293.0854187011719,286.7521057128906,291.77001953125,2817479.0
2018-05-28,293.2802734375,303.0238037109375,291.6823425292969,300.2371520996094,2396975.0
2018-05-29,301.7668762207031,302.0397033691406,291.79925537109375,297.4115295410156,2395522.0
2018-05-30,294.4494934082031,298.15203857421875,287.570556640625,289.7628479003906,3256181.0
2018-05-31,287.0444030761719,294.27410888671875,281.46136474609375,283.40032958984375,4799594.0
2018-06-01,284.31622314453125,288.03826904296875,278.3629150390625,284.3357238769531,3072731.0
2018-06-04,284.5111083984375,287.0444030761719,279.2496032714844,281.67572021484375,2475493.0
2018-06-05,280.4188232421875,280.60394287109375,264.0496826171875,269.08709716796875,4782711.0
2018-06-06,269.1065673828125,280.4188232421875,268.7850341796875,278.742919921875,3776197.0
2018-06-07,280.06805419921875,287.1808166503906,276.9111328125,284.5695495605469,3717348.0
2018-06-08,284.31622314453125,286.52801513671875,278.3726806640625,281.79266357421875,1601185.0
2018-06-11,282.1726379394531,287.1321105957031,278.2752380371094,284.9982604980469,2601100.0
2018-06-12,285.01776123046875,295.112060546875,285.01776123046875,293.30950927734375,4555509.0
2018-06-13,294.2936096191406,297.9571838378906,291.6823425292969,293.7284851074219,5680327.0
2018-06-14,295.61871337890625,295.61871337890625,288.9346618652344,289.40234375,2923088.0
2018-06-15,289.96746826171875,291.8479919433594,284.1213684082031,285.5439147949219,3110171.0
2018-06-18,284.9008483886719,290.7469482421875,282.75726318359375,285.9531555175781,1939184.0
2018-06-19,284.2187805175781,289.38287353515625,282.91314697265625,285.845947265625,2260510.0
2018-06-20,286.4598083496094,291.8674621582031,286.4598083496094,290.5325927734375,2305750.0
2018-06-21,292.1110534667969,292.6956787109375,286.4890441894531,289.0710754394531,1471956.0
2018-06-22,289.00286865234375,292.5787353515625,284.7351989746094,291.1366882324219,1974161.0
2018-06-25,288.40850830078125,291.2926025390625,284.63775634765625,286.1187744140625,1751895.0
2018-06-26,285.5828857421875,287.22955322265625,277.69061279296875,279.8341979980469,2829456.0
2018-06-27,277.885498046875,280.0583190917969,264.34197998046875,267.9081115722656,3435212.0
2018-06-28,266.5635070800781,268.64862060546875,247.94363403320312,254.04307556152344,8389628.0
2018-06-29,253.33180236816406,262.0425109863281,249.82412719726562,253.22462463378906,7740956.0
2018-07-02,255.06614685058594,256.81024169921875,249.6584930419922,250.5938720703125,2366970.0
2018-07-03,251.33438110351562,259.4215087890625,251.0030975341797,252.7471923828125,4844362.0
2018-07-04,238.5313720703125,238.5313720703125,204.2244110107422,223.17556762695312,94382685.0
2018-07-05,231.89602661132812,232.74371337890625,222.3473663330078,224.51043701171875,34745494.0
2018-07-06,221.95762634277344,223.90634155273438,215.46844482421875,216.6571502685547,15112463.0
2018-07-09,218.25509643554688,223.69198608398438,216.6961212158203,222.327880859375,8817804.0
2018-07-10,223.12686157226562,237.5277862548828,222.542236328125,235.033447265625,24899736.0
2018-07-11,234.21499633789062,238.7165069580078,231.1262969970703,235.0139617919922,11767351.0
2018-07-12,236.82626342773438,241.05494689941406,235.0139617919922,236.4657440185547,8097701.0
2018-07-13,237.74215698242188,245.86825561523438,236.6313934326172,244.3287811279297,12773701.0
2018-07-16,243.58827209472656,249.23951721191406,226.6053009033203,236.23190307617188,17408971.0
2018-07-17,235.79344177246094,248.26516723632812,235.59857177734375,246.83287048339844,9442367.0
2018-07-18,247.2908172607422,251.38308715820312,236.8847198486328,241.30828857421875,9496824.0
2018-07-19,239.75906372070312,241.34725952148438,228.6806640625,230.44424438476562,7133415.0
2018-07-20,227.99862670898438,230.95091247558594,223.9647979736328,228.51502990722656,7256671.0
2018-07-23,229.1678466796875,237.5472869873047,228.02784729003906,236.44625854492188,6771893.0
2018-07-24,237.44984436035156,247.1836395263672,236.3780517578125,246.47235107421875,7229643.0
2018-07-25,243.6662139892578,252.16258239746094,243.6662139892578,250.14566040039062,5297674.0
2018-07-26,250.14566040039062,282.1531677246094,249.0543975830078,274.9624328613281,49192337.0
2018-07-27,275.9367980957031,281.3931579589844,273.44244384765625,275.6932067871094,11182517.0
2018-07-30,275.54705810546875,280.5942077636719,269.3209228515625,275.9367980957031,6928838.0
2018-07-31,275.76141357421875,275.76141357421875,268.08349609375,269.3404235839844,5306177.0
2018-08-01,270.96759033203125,277.3008728027344,270.3342590332031,271.7665710449219,6558705.0
2018-08-02,272.935791015625,274.5921936035156,269.6034851074219,271.3670654296875,4168822.0
2018-08-03,273.5983581542969,286.070068359375,272.6434631347656,279.20086669921875,8814715.0
2018-08-06,279.9706115722656,287.87261962890625,276.7162780761719,277.47625732421875,5730879.0
2018-08-07,278.0803527832031,282.5623779296875,274.2706604003906,275.9952392578125,3583002.0
2018-08-08,277.69061279296875,281.56854248046875,274.864990234375,278.0316467285156,3484214.0
2018-08-09,279.71728515625,280.798828125,274.2414245605469,275.9075622558594,2160972.0
2018-08-10,275.54705810546875,278.55780029296875,271.9516906738281,275.59576416015625,4832709.0
2018-08-13,272.81884765625,272.81884765625,260.0743103027344,262.8804626464844,5204571.0
2018-08-14,262.08148193359375,264.0301818847656,252.57180786132812,257.2486877441406,5916186.0
2018-08-16,256.6640930175781,263.0753173828125,254.67640686035156,257.18048095703125,7434774.0
2018-08-17,259.0999755859375,262.3640441894531,254.56922912597656,258.5640869140625,3665991.0
2018-08-20,259.17791748046875,261.9060974121094,255.9430694580078,259.45074462890625,4924539.0
2018-08-21,260.15228271484375,263.4942932128906,257.2486877441406,258.505615234375,6445107.0
2018-08-23,255.9430694580078,261.6430358886719,255.08563232421875,257.1025390625,3208590.0
2018-08-24,258.3984375,259.6358642578125,251.38308715820312,253.94564819335938,6090020.0
2018-08-27,257.2292175292969,265.9983825683594,255.8651123046875,264.6245422363281,8459643.0
2018-08-28,264.0496826171875,266.8070983886719,257.2486877441406,260.3471374511719,9222118.0
2018-08-29,261.11688232421875,264.5173645019531,259.1389465332031,262.8707275390625,4552651.0
2018-08-30,265.20916748046875,265.20916748046875,259.47998046875,261.5358581542969,3433406.0
2018-08-31,260.15228271484375,263.0655822753906,257.61895751953125,260.30816650390625,4061433.0
2018-09-03,262.8804626464844,266.49530029296875,254.5010223388672,255.99179077148438,7170424.0
2018-09-04,256.4497375488281,259.8891906738281,250.76925659179688,252.7958984375,5663434.0
2018-09-05,250.60360717773438,256.05023193359375,244.95236206054688,245.51748657226562,9941827.0
2018-09-06,246.12158203125,246.70619201660156,231.89602661132812,233.4939727783203,11319074.0
2018-09-07,235.79344177246094,239.30111694335938,230.05450439453125,236.2903594970703,10278912.0
2018-09-10,236.1831817626953,239.67137145996094,230.298095703125,232.34423828125,4161545.0
2018-09-11,233.84474182128906,235.87139892578125,229.01194763183594,231.2432098388672,4803889.0
2018-09-12,233.4550018310547,233.94216918945312,226.80990600585938,229.43092346191406,5043551.0
2018-09-14,222.93199157714844,238.911376953125,222.15249633789062,236.78729248046875,12712337.0
2018-09-17,236.758056640625,236.758056640625,230.64886474609375,233.29910278320312,4678555.0
2018-09-18,233.84474182128906,237.2939453125,230.0642547607422,231.6427001953125,3461702.0
2018-09-19,234.8385772705078,236.758056640625,227.66734313964844,232.29551696777344,3415512.0
2018-09-21,232.4806365966797,236.2903594970703,189.05372619628906,226.26426696777344,13499218.0
2018-09-24,224.90017700195312,226.38119506835938,217.68995666503906,221.22686767578125,10206751.0
2018-09-25,218.25509643554688,234.23448181152344,215.28330993652344,229.33348083496094,8261024.0
2018-09-26,231.04833984375,234.7996063232422,226.14735412597656,231.69142150878906,3074634.0
2018-09-27,230.58065795898438,231.50628662109375,221.76275634765625,224.0719757080078,8999668.0
2018-09-28,226.26426696777344,230.833984375,220.84686279296875,224.2863311767578,6487437.0
2018-10-01,224.10121154785156,224.68582153320312,215.60484313964844,222.0258331298828,9647088.0
2018-10-03,222.15249633789062,224.7735137939453,206.28028869628906,210.05104064941406,6883803.0
2018-10-04,216.30638122558594,219.80430603027344,206.0366973876953,213.22743225097656,11774976.0
2018-10-05,210.16795349121094,213.7730712890625,199.7423858642578,203.44491577148438,9027353.0
2018-10-08,200.48289489746094,202.412109375,175.83175659179688,183.28555297851562,19862204.0
2018-10-09,182.18453979492188,193.93524169921875,180.3722381591797,186.26707458496094,15524521.0
2018-10-10,188.24501037597656,214.2017822265625,188.24501037597656,210.4505157470703,15875774.0
2018-10-11,195.844970703125,210.85000610351562,193.9936981201172,203.90286254882812,13326113.0
2018-10-12,205.88079833984375,223.12686157226562,199.9567413330078,202.65570068359375,10744765.0
2018-10-15,205.3936309814453,205.3936309814453,194.00344848632812,203.21107482910156,7609849.0
2018-10-16,205.5885009765625,211.98025512695312,203.63978576660156,209.00848388671875,6028015.0
2018-10-17,213.38333129882812,213.99716186523438,194.4808807373047,196.08856201171875,7263167.0
2018-10-19,195.26036071777344,200.52186584472656,191.3044891357422,196.77059936523438,10247640.0
2018-10-22,200.31724548339844,205.00389099121094,195.844970703125,198.26136779785156,4845574.0
2018-10-23,198.26136779785156,201.59365844726562,193.42857360839844,195.90342712402344,8332877.0
2018-10-24,198.7680206298828,207.3423309326172,196.5075225830078,205.19876098632812,8718877.0
2018-10-25,201.3013458251953,213.23716735839844,199.47930908203125,211.3664093017578,7812265.0
2018-10-26,214.48434448242188,217.06637573242188,202.8603057861328,208.8525848388672,8670737.0
2018-10-29,206.51412963867188,213.4807586669922,200.61929321289062,211.2202606201172,9130324.0
2018-10-30,208.5115509033203,221.14891052246094,208.12181091308594,218.2063751220703,8506172.0
2018-10-31,219.745849609375,227.99862670898438,208.90130615234375,226.98529052734375,10557584.0
2018-11-01,227.60887145996094,237.74215698242188,226.66375732421875,236.44625854492188,8677039.0
2018-11-02,236.5924072265625,246.5210723876953,236.5924072265625,244.3677520751953,6976439.0
2018-11-05,241.64930725097656,244.28005981445312,234.93601989746094,242.76007080078125,3512058.0
2018-11-06,241.63955688476562,244.62107849121094,234.819091796875,236.44625854492188,3907331.0
2018-11-07,237.74215698242188,240.6554718017578,235.77395629882812,238.38522338867188,610558.0
2018-11-09,237.93702697753906,242.59442138671875,235.53036499023438,239.66162109375,4325670.0
2018-11-12,239.69085693359375,243.92929077148438,236.2903594970703,237.0990753173828,4586817.0
2018-11-13,235.79344177246094,239.71034240722656,227.99862670898438,237.0601043701172,5590976.0
2018-11-14,240.10008239746094,247.85594177246094,239.30111694335938,241.5128936767578,6399025.0
2018-11-15,241.63955688476562,246.5210723876953,235.98831176757812,245.63441467285156,4266610.0
2018-11-16,246.99850463867188,248.4600372314453,237.35240173339844,240.7041778564453,5781220.0
2018-11-19,243.58827209472656,243.58827209472656,235.79344177246094,237.82009887695312,3847280.0
2018-11-20,239.59341430664062,239.59341430664062,230.33706665039062,232.40269470214844,4371500.0
2018-11-21,230.9216766357422,235.59857177734375,226.9268341064453,231.0288543701172,5482981.0
2018-11-22,232.2857666015625,234.32217407226562,222.66891479492188,225.1632537841797,3726205.0
2018-11-26,225.0755615234375,229.52835083007812,211.0448760986328,216.19920349121094,10256482.0
2018-11-27,214.16281127929688,217.4853515625,210.5187225341797,214.4356231689453,6747959.0
2018-11-28,214.91305541992188,222.0940399169922,212.40896606445312,220.82737731933594,6108884.0
2018-11-29,221.1781463623047,231.09706115722656,221.1781463623047,229.54783630371094,8401543.0
2018-11-30,231.155517578125,232.58782958984375,223.69198608398438,225.17298889160156,6394550.0
2018-12-03,225.7576141357422,229.26527404785156,221.8114776611328,226.64427185058594,4716442.0
2018-12-04,226.6540069580078,228.6806640625,223.18531799316406,224.052490234375,4616278.0
2018-12-05,222.542236328125,223.90634155273438,216.3356170654297,218.88841247558594,5904856.0
2018-12-06,215.3515167236328,219.0150909423828,213.22743225097656,215.34176635742188,5089381.0
2018-12-07,216.8909912109375,217.58277893066406,210.67462158203125,213.16896057128906,3415024.0
2018-12-10,205.0526123046875,214.74742126464844,205.0526123046875,212.65255737304688,3850560.0
2018-12-11,208.5310516357422,226.9950408935547,208.09259033203125,223.03916931152344,6164310.0
2018-12-12,223.1171112060547,228.19349670410156,220.24276733398438,225.13401794433594,4379572.0
2018-12-13,226.80990600585938,238.47291564941406,225.95248413085938,228.38836669921875,11112393.0
2018-12-14,229.8109130859375,234.819091796875,226.4396514892578,229.67449951171875,10781517.0
2018-12-17,229.94732666015625,234.6242218017578,227.60887145996094,233.1139678955078,3868243.0
2018-12-18,233.43551635742188,235.40370178222656,229.96681213378906,233.87396240234375,3732953.0
2018-12-19,235.97857666015625,250.4087371826172,235.033447265625,248.4697723388672,13579209.0
2018-12-20,246.51132202148438,251.62667846679688,244.03646850585938,246.92056274414062,5238824.0
2018-12-21,247.1154327392578,248.09951782226562,232.38320922851562,233.94216918945312,12211271.0
2018-12-24,235.5401153564453,235.79344177246094,229.41143798828125,233.78627014160156,5704189.0
2018-12-26,233.64987182617188,239.49598693847656,229.69400024414062,237.75189208984375,5992586.0
2018-12-27,238.52163696289062,243.3251953125,236.865234375,239.04779052734375,4243266.0
2018-12-28,238.52163696289062,240.0611114501953,237.01138305664062,238.6093292236328,2729031.0
2018-12-31,239.768798828125,245.14723205566406,239.768798828125,241.62982177734375,5858538.0
2019-01-01,242.6041717529297,242.95494079589844,237.5862579345703,239.6421356201172,2801058.0
2019-01-02,239.71034240722656,243.97801208496094,229.2750244140625,232.94833374023438,8150541.0
2019-01-03,232.87039184570312,235.0139617919922,222.39608764648438,224.6663360595703,7929492.0
2019-01-04,224.10121154785156,228.3786163330078,220.7884063720703,226.56631469726562,8526785.0
2019-01-07,228.7001495361328,231.50628662109375,225.8258056640625,229.22630310058594,4619126.0
2019-01-08,229.3627166748047,233.2211456298828,227.18016052246094,232.4319305419922,3904257.0
2019-01-09,232.4319305419922,237.15753173828125,231.61346435546875,235.78370666503906,4281943.0
2019-01-10,235.40370178222656,237.9077911376953,229.94732666015625,231.18475341796875,4499231.0
2019-01-11,233.3965301513672,233.3965301513672,228.21298217773438,231.8375701904297,3453973.0
2019-01-14,232.0519256591797,232.10064697265625,223.07814025878906,227.81349182128906,2841326.0
2019-01-15,228.19349670410156,232.38320922851562,227.11195373535156,231.54525756835938,3991299.0
2019-01-16,231.89602661132812,233.78627014160156,228.9729766845703,231.54525756835938,6081029.0
2019-01-17,231.50628662109375,235.3257598876953,222.7371063232422,224.00376892089844,10575083.0
2019-01-18,225.85504150390625,227.49195861816406,220.4668731689453,221.33404541015625,5531054.0
2019-01-21,221.95762634277344,222.2986602783203,215.70228576660156,217.22227478027344,5588102.0
2019-01-22,216.50125122070312,218.76174926757812,212.23358154296875,213.607421875,7498811.0
2019-01-23,213.5782012939453,215.72177124023438,210.47000122070312,212.0289764404297,6367122.0
2019-01-24,214.1238250732422,218.44996643066406,211.6489715576172,217.1930389404297,4188091.0
2019-01-25,218.25509643554688,220.81764221191406,216.11151123046875,218.28431701660156,6112994.0
2019-01-28,219.03457641601562,219.03457641601562,203.27928161621094,205.72491455078125,12306863.0
2019-01-29,205.5885009765625,205.77362060546875,193.89625549316406,200.05416870117188,19258629.0
2019-01-30,199.7423858642578,202.0028839111328,195.3772735595703,197.73521423339844,8838910.0
2019-01-31,197.98854064941406,199.73263549804688,193.1849822998047,197.86187744140625,10373175.0
2019-02-01,197.98854064941406,206.36798095703125,196.81932067871094,204.0490264892578,10270101.0
2019-02-04,202.66543579101562,203.44491577148438,196.81932067871094,199.69366455078125,3978152.0
2019-02-05,198.7680206298828,209.2812957763672,198.4075164794922,208.14129638671875,5716008.0
2019-02-06,209.4859161376953,210.04129028320312,204.72132873535156,208.14129638671875,5796923.0
2019-02-07,208.12181091308594,216.30638122558594,208.12181091308594,214.5233154296875,7851650.0
2019-02-08,213.38333129882812,213.38333129882812,207.26438903808594,208.82334899902344,3361425.0
2019-02-11,211.82435607910156,211.82435607910156,204.63363647460938,205.83209228515625,2335482.0
2019-02-12,206.36798095703125,208.5115509033203,201.39878845214844,203.18185424804688,6049757.0
2019-02-14,203.05517578125,205.68592834472656,201.4962158203125,204.01004028320312,5375222.0
2019-02-15,202.8603057861328,203.68850708007812,194.28599548339844,195.26036071777344,6374788.0
2019-02-18,195.88394165039062,197.783935546875,193.85728454589844,195.4357452392578,5008784.0
2019-02-19,195.6501007080078,199.39161682128906,194.1398468017578,195.0557403564453,4985020.0
2019-02-20,196.81932067871094,206.47515869140625,196.4393310546875,204.80902099609375,9935782.0
2019-02-21,205.66644287109375,208.12181091308594,204.4777374267578,205.68592834472656,4013447.0
2019-02-22,206.17311096191406,210.44078063964844,204.9064483642578,209.25205993652344,2763490.0
2019-02-25,211.61000061035156,215.60484313964844,209.25205993652344,214.2212677001953,5280883.0
2019-02-26,212.40896606445312,222.4545440673828,210.5187225341797,220.1453399658203,7557686.0
2019-02-27,220.20379638671875,224.90992736816406,218.82022094726562,219.99917602539062,6533981.0
2019-02-28,219.58021545410156,223.82838439941406,219.2294464111328,222.59095764160156,4139295.0
2019-03-01,223.0099334716797,227.02426147460938,223.0099334716797,226.03042602539062,4289189.0
2019-03-05,227.02426147460938,241.1913604736328,226.83914184570312,239.45701599121094,10059761.0
2019-03-06,239.49598693847656,246.85235595703125,238.95034790039062,241.7272491455078,5793582.0
2019-03-07,242.56520080566406,243.22775268554688,237.74215698242188,239.51547241210938,2220601.0
2019-03-08,237.5667724609375,239.29136657714844,235.04319763183594,237.82009887695312,3476265.0
2019-03-11,239.6129150390625,247.4661865234375,237.4595947265625,245.42979431152344,4251903.0
2019-03-12,247.48568725585938,250.4087371826172,245.77081298828125,247.96311950683594,4893493.0
2019-03-13,249.43438720703125,252.7471923828125,246.7159423828125,249.4928436279297,5038486.0
2019-03-14,252.0651397705078,252.0651397705078,240.69444274902344,242.9646759033203,5046199.0
2019-03-15,243.20826721191406,247.9728546142578,242.65289306640625,246.92056274414062,5298885.0
2019-03-18,249.39541625976562,250.4087371826172,239.69085693359375,241.24008178710938,6658233.0
2019-03-19,241.63955688476562,243.17904663085938,237.30369567871094,237.91754150390625,4475985.0
2019-03-20,238.7165069580078,238.80419921875,232.83140563964844,235.1601104736328,6669743.0
2019-03-22,236.31959533691406,239.69085693359375,231.89602661132812,233.5621795654297,5917900.0
2019-03-25,232.1493682861328,235.78370666503906,230.18116760253906,233.78627014160156,5869540.0
2019-03-26,235.98831176757812,236.5729217529297,231.99346923828125,234.64370727539062,3298727.0
2019-03-27,235.5011444091797,246.18978881835938,233.2601318359375,242.7503204345703,15179446.0
2019-03-28,244.3677520751953,252.16258239746094,244.3677520751953,249.09336853027344,10449610.0
2019-04-01,249.43438720703125,251.38308715820312,239.1062469482422,240.8698272705078,4224828.0
2019-04-02,241.24981689453125,244.01698303222656,230.03501892089844,233.4939727783203,6964143.0
2019-04-03,233.84474182128906,238.911376953125,232.56832885742188,233.54269409179688,8845694.0
2019-04-04,235.79344177246094,237.72267150878906,232.99705505371094,235.40370178222656,3702230.0
2019-04-05,236.76779174804688,242.7503204345703,235.61805725097656,238.46316528320312,5106347.0
2019-04-08,239.69085693359375,243.39340209960938,235.29652404785156,241.9805908203125,4072963.0
2019-04-09,243.10108947753906,245.08877563476562,237.2744598388672,238.3170166015625,5304853.0
2019-04-10,238.2293243408203,241.13290405273438,230.77552795410156,233.2406463623047,8243002.0
2019-04-11,233.4550018310547,238.52163696289062,233.3965301513672,235.74472045898438,6868983.0
2019-04-12,236.5924072265625,239.2134246826172,236.38780212402344,238.7262420654297,3316041.0
2019-04-15,240.1488037109375,241.23033142089844,236.972412109375,237.92727661132812,2388051.0
2019-04-16,237.0601043701172,243.003662109375,234.50729370117188,239.6129150390625,4376796.0
2019-04-18,241.05494689941406,242.029296875,234.36114501953125,236.89447021484375,3374885.0
2019-04-22,236.47549438476562,236.8457489013672,226.8196563720703,227.69656372070312,3383193.0
2019-04-23,228.2714385986328,229.4893798828125,224.481201171875,227.2093963623047,9232228.0
2019-04-24,227.41400146484375,230.9216766357422,224.02325439453125,229.75245666503906,3740512.0
2019-04-25,230.9119415283203,232.67552185058594,223.3217315673828,224.70530700683594,3752869.0
2019-04-26,225.46530151367188,227.80374145507812,218.55714416503906,221.2755889892578,3760392.0
2019-04-30,220.9832763671875,221.94789123535156,211.62948608398438,216.49151611328125,6560234.0
2019-05-02,213.18844604492188,216.28689575195312,212.08743286132812,212.95460510253906,3274341.0
2019-05-03,213.67562866210938,214.16281127929688,208.22898864746094,210.39205932617188,5164642.0
2019-05-06,207.53720092773438,208.979248046875,204.61415100097656,206.3387451171875,4333136.0
2019-05-07,207.53720092773438,209.24232482910156,197.86187744140625,199.35264587402344,5189879.0
2019-05-08,198.18341064453125,205.0136260986328,197.2967529296875,200.1808319091797,8360644.0
2019-05-09,196.42958068847656,203.2500457763672,193.1167755126953,201.31109619140625,15833680.0
2019-05-10,199.7423858642578,204.59466552734375,197.24803161621094,198.56341552734375,6500692.0
2019-05-13,198.5341796875,200.73622131347656,191.0316619873047,192.44447326660156,4360539.0
2019-05-14,195.630615234375,202.42184448242188,193.27267456054688,198.46597290039062,6526992.0
2019-05-15,200.1321258544922,202.61671447753906,197.73521423339844,198.7680206298828,4689824.0
2019-05-16,199.7423858642578,200.1321258544922,194.3054962158203,195.3383026123047,2687968.0
2019-05-17,195.06549072265625,203.63978576660156,194.6952362060547,201.2623748779297,4624463.0
2019-05-20,208.70643615722656,218.64483642578125,208.70643615722656,213.8607635498047,5509594.0
2019-05-21,215.48793029785156,222.71762084960938,210.69410705566406,211.6392364501953,6271196.0
2019-05-22,211.4346160888672,211.4346160888672,204.12696838378906,207.49822998046875,6393878.0
2019-05-23,211.14231872558594,219.50225830078125,204.03927612304688,207.32284545898438,9824210.0
2019-05-24,208.12181091308594,216.6571502685547,202.47056579589844,215.8386993408203,10362737.0
2019-05-27,216.79356384277344,223.89659118652344,215.37100219726562,221.8114776611328,6234988.0
2019-05-28,222.3473663330078,225.9719696044922,218.85919189453125,221.34378051757812,7188785.0
2019-05-29,219.6191864013672,221.52891540527344,215.3515167236328,216.19920349121094,3612879.0
2019-05-30,217.2904815673828,220.59353637695312,215.69253540039062,219.7653350830078,3517764.0
2019-05-31,221.52891540527344,237.34266662597656,221.1781463623047,226.8878631591797,20138264.0
2019-06-03,228.9145050048828,232.24679565429688,226.16683959960938,227.9109344482422,9783481.0
2019-06-04,228.9729766845703,231.31141662597656,226.4396514892578,227.1022186279297,5305915.0
2019-06-06,227.19964599609375,227.41400146484375,206.182861328125,207.6346435546875,11824928.0
2019-06-07,209.29104614257812,215.72177124023438,207.0110626220703,212.91563415527344,10197766.0
2019-06-10,213.18844604492188,217.1833038330078,204.4387664794922,209.69052124023438,6951022.0
2019-06-11,210.46026611328125,217.47560119628906,208.31668090820312,216.2674102783203,6925795.0
2019-06-12,216.8909912109375,216.8909912109375,206.2120819091797,208.16079711914062,7217686.0
2019-06-13,206.75772094726562,213.45152282714844,202.08082580566406,211.21051025390625,9565700.0
2019-06-14,210.46026611328125,215.57562255859375,207.58592224121094,211.4248809814453,7851963.0
2019-06-17,199.54751586914062,205.5885009765625,194.87062072753906,198.36854553222656,164823582.0
2019-06-18,199.17726135253906,208.0438690185547,199.17726135253906,204.7992706298828,29222856.0
2019-06-19,205.73464965820312,209.5736083984375,202.87005615234375,207.09873962402344,15773245.0
2019-06-20,207.1474609375,216.07254028320312,204.01979064941406,213.3053741455078,9441885.0
2019-06-21,214.59152221679688,216.20895385742188,212.12640380859375,214.04588317871094,12582174.0
2019-06-24,215.7607421875,218.0407257080078,210.6161651611328,217.1248321533203,16615737.0
2019-06-25,216.0140838623047,218.6350860595703,214.6110076904297,218.05047607421875,12611244.0
2019-06-26,218.83970642089844,219.60943603515625,211.82435607910156,214.27972412109375,10148954.0
2019-06-27,215.62432861328125,215.62432861328125,211.6489715576172,214.0946044921875,6149747.0
2019-06-28,214.94229125976562,214.94229125976562,209.39822387695312,210.54795837402344,9396727.0
2019-07-01,211.23974609375,213.32485961914062,204.61415100097656,205.52029418945312,7406740.0
2019-07-02,206.1049041748047,210.05104064941406,206.1049041748047,208.07310485839844,8987214.0
2019-07-03,209.45668029785156,211.99974060058594,207.9366912841797,211.4346160888672,4672613.0
2019-07-04,211.41513061523438,212.50640869140625,206.19259643554688,207.1182403564453,5086959.0
2019-07-05,206.9525909423828,213.9679412841797,206.9525909423828,209.97308349609375,10641358.0
2019-07-08,208.70643615722656,209.75872802734375,198.7680206298828,201.21365356445312,5804482.0
2019-07-09,200.71673583984375,206.36798095703125,200.71673583984375,205.0818328857422,7432608.0
2019-07-10,206.17311096191406,207.99514770507812,199.76187133789062,201.53518676757812,6904329.0
2019-07-11,204.39979553222656,205.97824096679688,201.53518676757812,203.3572235107422,7196036.0
2019-07-12,204.886962890625,206.34849548339844,202.31466674804688,203.8638916015625,5778593.0
2019-07-15,205.73464965820312,207.1474609375,201.6910858154297,206.182861328125,4585909.0
2019-07-16,206.54336547851562,212.40896606445312,205.7833709716797,211.26898193359375,7271609.0
2019-07-17,211.3274383544922,215.32228088378906,209.72950744628906,211.26898193359375,8556620.0
2019-07-18,210.85000610351562,210.85000610351562,203.7567138671875,204.80902099609375,7643091.0
2019-07-19,206.2510528564453,208.70643615722656,202.66543579101562,206.87464904785156,13297269.0
2019-07-22,205.00389099121094,208.39463806152344,201.1162109375,202.3244171142578,3542114.0
2019-07-23,203.5423583984375,203.58132934570312,190.2229461669922,191.1291046142578,18067890.0
2019-07-24,189.60911560058594,190.3885955810547,177.1471405029297,180.32351684570312,15662058.0
2019-07-25,187.8552703857422,197.79367065429688,186.1014404296875,192.21063232421875,53014832.0
2019-07-26,192.1326904296875,196.39060974121094,189.3070526123047,190.2132110595703,10405314.0
2019-07-29,191.1291046142578,192.92190551757812,187.5727081298828,188.52757263183594,7274703.0
2019-07-30,188.53732299804688,191.44088745117188,187.874755859375,188.82962036132812,7533752.0
2019-07-31,188.60552978515625,190.0865478515625,186.88092041015625,188.8783416748047,7845964.0
2019-08-01,188.82962036132812,191.88909912109375,187.71885681152344,188.50808715820312,6542499.0
2019-08-02,189.39474487304688,191.3434600830078,187.07579040527344,190.67115783691406,6750479.0
2019-08-05,188.956298828125,191.3434600830078,184.38658142089844,189.13168334960938,8810194.0
2019-08-06,188.7906494140625,193.2239532470703,188.3424530029297,191.59678649902344,5850025.0
2019-08-07,191.65524291992188,196.42958068847656,191.65524291992188,194.45164489746094,7077737.0
2019-08-08,194.87062072753906,197.77418518066406,193.4188232421875,195.36753845214844,5379035.0
2019-08-09,196.80958557128906,207.53720092773438,196.5075225830078,203.08441162109375,8043742.0
2019-08-13,202.46083068847656,204.39004516601562,190.98294067382812,192.44447326660156,5510271.0
2019-08-14,194.67575073242188,205.38388061523438,193.906005859375,202.9674835205078,11219639.0
2019-08-16,202.66543579101562,207.18643188476562,198.70956420898438,201.13571166992188,5665733.0
2019-08-19,202.66543579101562,206.4849090576172,200.59007263183594,202.70440673828125,5419683.0
2019-08-20,203.7567138671875,205.03311157226562,198.8946990966797,200.55108642578125,4748099.0
2019-08-21,200.71673583984375,202.16851806640625,195.5039520263672,197.17982482910156,3430214.0
2019-08-22,196.66342163085938,196.66342163085938,191.2362823486328,192.24960327148438,3896631.0
2019-08-23,191.44088745117188,197.79367065429688,186.23785400390625,196.8875274658203,10089894.0
2019-08-26,201.70083618164062,207.4202880859375,197.4039306640625,198.6998291015625,11003444.0
2019-08-27,200.71673583984375,201.39878845214844,196.52700805664062,198.69007873535156,7235462.0
2019-08-28,200.40493774414062,201.2039031982422,190.99269104003906,193.24343872070312,5610445.0
2019-08-29,190.97320556640625,192.40550231933594,187.07579040527344,188.4691162109375,5780358.0
2019-08-30,189.60911560058594,191.16807556152344,183.66555786132812,188.2742462158203,9502571.0
2019-09-03,185.12709045410156,190.1547393798828,182.35992431640625,187.63116455078125,7140142.0
2019-09-04,187.4655303955078,192.40550231933594,184.34759521484375,191.85986328125,6339334.0
2019-09-05,192.3080596923828,194.8024139404297,189.62860107421875,190.98294067382812,5086975.0
2019-09-06,191.38243103027344,194.5003662109375,190.50550842285156,193.87677001953125,3284543.0
2019-09-09,191.99627685546875,197.4916229248047,191.99627685546875,196.66342163085938,5141257.0
2019-09-11,197.75469970703125,202.1100616455078,196.66342163085938,201.54493713378906,5666852.0
2019-09-12,202.412109375,206.55311584472656,201.1941680908203,202.25621032714844,5902152.0
2019-09-13,202.65570068359375,206.0172119140625,202.25621032714844,205.06234741210938,4125491.0
2019-09-16,202.68492126464844,208.5115509033203,202.38287353515625,205.30593872070312,4621276.0
2019-09-17,204.2633819580078,207.49822998046875,197.52085876464844,199.16751098632812,3374403.0
2019-09-18,201.65211486816406,203.08441162109375,199.37213134765625,202.06134033203125,2772306.0
2019-09-19,202.45108032226562,203.63978576660156,200.0736541748047,201.8372344970703,5004330.0
2019-09-20,203.46441650390625,226.6053009033203,197.6182861328125,222.42532348632812,11252943.0
2019-09-23,223.3217315673828,233.7765350341797,222.31814575195312,227.47247314453125,7884154.0
2019-09-24,224.68582153320312,228.4468231201172,220.39866638183594,227.15093994140625,5953226.0
2019-09-25,224.19863891601562,226.39093017578125,214.45510864257812,217.23202514648438,7060423.0
2019-09-26,217.67047119140625,220.69097900390625,213.714599609375,214.796142578125,7645657.0
2019-09-27,212.40896606445312,217.74842834472656,211.98025512695312,213.38333129882812,5833398.0
2019-09-30,213.38333129882812,215.1371612548828,205.72491455078125,208.70643615722656,5723515.0
2019-10-01,209.4859161376953,212.63307189941406,200.03468322753906,203.6690216064453,5988891.0
2019-10-03,204.61415100097656,206.3582305908203,196.81932067871094,201.1551971435547,4077079.0
2019-10-04,202.412109375,203.40594482421875,197.4039306640625,198.69007873535156,3631106.0
2019-10-07,196.64393615722656,209.5736083984375,196.64393615722656,206.94285583496094,8758749.0
2019-10-09,207.3423309326172,222.15249633789062,205.00389099121094,218.94688415527344,8480201.0
2019-10-10,217.47560119628906,217.47560119628906,209.24232482910156,210.8305206298828,4090924.0
2019-10-11,212.14588928222656,212.51614379882812,205.6956787109375,206.6992645263672,3797288.0
2019-10-14,208.12181091308594,209.15463256835938,202.02236938476562,203.57159423828125,3214928.0
2019-10-15,203.57159423828125,205.57875061035156,200.32699584960938,204.64337158203125,4158564.0
2019-10-16,205.91978454589844,207.06951904296875,200.61929321289062,202.57774353027344,4055470.0
2019-10-17,202.47056579589844,209.4859161376953,199.07981872558594,208.56027221679688,6022883.0
2019-10-18,206.97207641601562,215.60484313964844,206.19259643554688,213.6269073486328,5404154.0
2019-10-22,211.5417938232422,219.77508544921875,210.47975158691406,217.77764892578125,6801276.0
2019-10-23,218.25509643554688,219.42431640625,207.69309997558594,209.9828338623047,4962297.0
2019-10-24,211.62948608398438,213.13973999023438,206.56285095214844,208.66744995117188,4476831.0
2019-10-25,209.4859161376953,220.84686279296875,207.6151580810547,219.2586669921875,6992747.0
2019-10-27,220.20379638671875,220.20379638671875,215.1371612548828,216.4817657470703,353460.0
2019-10-29,203.74697875976562,225.66017150878906,203.74697875976562,223.82838439941406,7662863.0
2019-10-30,224.90017700195312,231.79859924316406,220.20379638671875,225.13401794433594,9194870.0
2019-10-31,227.21913146972656,227.41400146484375,220.00892639160156,221.88941955566406,5135479.0
2019-11-01,223.27301025390625,227.00477600097656,221.67506408691406,222.95147705078125,3906042.0
2019-11-04,223.12686157226562,224.72479248046875,220.7884063720703,221.9868621826172,3056248.0
2019-11-05,221.95762634277344,224.52992248535156,219.81405639648438,221.99661254882812,2709536.0
2019-11-06,221.5971221923828,224.61761474609375,220.20379638671875,222.04531860351562,5050915.0
2019-11-07,224.58837890625,230.24937438964844,221.76275634765625,224.57864379882812,8534909.0
2019-11-08,224.57864379882812,226.53709411621094,216.50125122070312,217.54380798339844,4506343.0
2019-11-11,217.22227478027344,223.41915893554688,216.73509216308594,218.24534606933594,4200525.0
2019-11-13,218.24534606933594,224.481201171875,218.24534606933594,220.50584411621094,5654659.0
2019-11-14,221.67506408691406,222.4740447998047,216.64739990234375,221.61660766601562,4486181.0
2019-11-15,221.37301635742188,223.6529998779297,218.88841247558594,219.86277770996094,2426784.0
2019-11-18,220.20379638671875,221.54840087890625,218.8299560546875,219.49252319335938,3133894.0
2019-11-19,219.3463592529297,220.20379638671875,217.84585571289062,219.4438018798828,3009047.0
2019-11-20,220.20379638671875,221.85044860839844,218.44996643066406,219.52174377441406,2028043.0
2019-11-21,220.88584899902344,223.0294189453125,218.26483154296875,219.9796905517578,3518950.0
2019-11-22,219.98944091796875,223.48736572265625,218.35252380371094,222.3863525390625,2384474.0
2019-11-25,223.1171112060547,225.0755615234375,221.0709686279297,223.38018798828125,4926325.0
2019-11-26,224.8417205810547,224.8806915283203,215.36126708984375,217.3586883544922,8024647.0
2019-11-27,217.86534118652344,223.74069213867188,217.86534118652344,221.470458984375,4949935.0
2019-11-28,221.74327087402344,225.85504150390625,219.96995544433594,223.05865478515625,6922362.0
2019-11-29,222.33763122558594,223.90634155273438,217.378173828125,219.6581573486328,2544555.0
2019-12-02,220.20379638671875,220.2622528076172,212.6720428466797,213.85101318359375,3904811.0
2019-12-03,213.38333129882812,214.91305541992188,209.5736083984375,212.4771728515625,4261966.0
2019-12-04,211.82435607910156,216.11151123046875,209.622314453125,212.23358154296875,2325399.0
2019-12-05,212.23358154296875,219.00534057617188,211.8828125,216.07254028320312,5689924.0
2019-12-06,215.9556121826172,216.07254028320312,208.31668090820312,209.1059112548828,2565148.0
2019-12-09,208.7454071044922,215.33203125,206.9525909423828,213.071533203125,3430871.0
2019-12-10,211.0448760986328,212.40896606445312,208.22898864746094,209.08642578125,2276700.0
2019-12-11,208.5115509033203,211.6489715576172,207.29360961914062,210.05104064941406,3173849.0
2019-12-12,211.3274383544922,216.30638122558594,210.85000610351562,214.3966522216797,4246899.0
2019-12-13,215.66331481933594,218.19662475585938,214.26998901367188,215.37100219726562,4505517.0
2019-12-16,214.94229125976562,216.9981689453125,213.83152770996094,214.56228637695312,2925115.0
2019-12-17,211.22999572753906,216.11151123046875,208.12181091308594,212.96435546875,8021666.0
2019-12-18,214.35768127441406,219.5607147216797,210.66488647460938,217.00791931152344,4286141.0
2019-12-19,217.00791931152344,221.5581512451172,216.92996215820312,220.62277221679688,5028238.0
2019-12-20,220.61302185058594,231.79859924316406,218.44996643066406,230.35655212402344,10163215.0
2019-12-23,229.92784118652344,230.69757080078125,225.6114501953125,226.56631469726562,3996030.0
2019-12-24,225.85504150390625,226.7124786376953,223.61402893066406,224.8806915283203,2931863.0
2019-12-26,224.08172607421875,227.5309295654297,223.69198608398438,225.29966735839844,2699586.0
2019-12-27,226.6929931640625,227.94015502929688,224.6760711669922,226.9560546875,2672291.0
2019-12-30,227.80374145507812,229.1678466796875,225.51402282714844,226.59555053710938,2195656.0
2019-12-31,226.0206756591797,229.45040893554688,224.90017700195312,228.21298217773438,3703482.0
2020-01-01,228.9145050048828,229.45040893554688,222.17198181152344,222.6299285888672,2196560.0
2020-01-02,223.12686157226562,226.8001708984375,223.12686157226562,226.13760375976562,3168384.0
2020-01-03,226.03042602539062,227.41400146484375,224.29608154296875,226.03042602539062,2353761.0
2020-01-06,224.33505249023438,224.49095153808594,216.73509216308594,217.68995666503906,5609275.0
2020-01-07,218.55714416503906,224.29608154296875,216.8715057373047,219.08328247070312,2259925.0
2020-01-08,214.35768127441406,220.97354125976562,213.6269073486328,220.2622528076172,2488271.0
2020-01-09,221.97711181640625,224.90992736816406,218.66432189941406,223.5360870361328,4429857.0
2020-01-10,224.06224060058594,224.9683837890625,219.50225830078125,220.3694305419922,3238158.0
2020-01-13,221.37301635742188,228.36888122558594,219.26841735839844,227.6283721923828,4603870.0
2020-01-14,226.848876953125,236.4560089111328,216.61817932128906,220.67147827148438,11214451.0
2020-01-15,219.69712829589844,219.81405639648438,210.47975158691406,214.13357543945312,9560897.0
2020-01-16,214.94229125976562,216.79356384277344,213.03256225585938,214.19203186035156,3540302.0
2020-01-17,214.26023864746094,216.68638610839844,211.3664093017578,211.9705047607422,4240326.0
2020-01-20,213.9679412841797,217.04689025878906,207.99514770507812,209.1741180419922,6226911.0
2020-01-21,208.70643615722656,215.0981903076172,207.1182403564453,212.29205322265625,5697452.0
2020-01-22,213.61717224121094,213.61717224121094,208.83309936523438,209.4956512451172,2393511.0
2020-01-23,210.80128479003906,212.20436096191406,209.58334350585938,211.24949645996094,2333040.0
2020-01-24,211.0448760986328,214.94229125976562,210.66488647460938,211.2202606201172,2219067.0
2020-01-27,209.8756561279297,213.5782012939453,208.77462768554688,210.47000122070312,2957203.0
2020-01-28,210.46026611328125,214.33819580078125,205.93927001953125,210.4310302734375,5549276.0
2020-01-29,211.82435607910156,218.44996643066406,211.39564514160156,215.77049255371094,6731533.0
2020-01-30,215.72177124023438,215.98484802246094,200.72647094726562,203.37672424316406,9032875.0
2020-01-31,199.4305877685547,205.57875061035156,198.11520385742188,198.87521362304688,10177347.0
2020-02-03,192.92190551757812,195.844970703125,188.15731811523438,192.52243041992188,6463098.0
2020-02-04,205.5885009765625,217.27099609375,200.91160583496094,204.51670837402344,31528888.0
2020-02-05,205.7833709716797,222.15249633789062,205.5885009765625,220.77867126464844,23348512.0
2020-02-06,220.69097900390625,240.56777954101562,220.28173828125,237.49856567382812,31541240.0
2020-02-07,238.96983337402344,239.49598693847656,232.5780792236328,238.34625244140625,7724083.0
2020-02-10,236.3780517578125,239.08676147460938,233.5621795654297,235.18934631347656,4832770.0
2020-02-11,236.65087890625,245.8877410888672,234.85806274414062,237.50830078125,11631840.0
2020-02-12,237.35240173339844,242.82827758789062,236.81651306152344,237.4790802001953,8940845.0
2020-02-13,240.6652069091797,249.82412719726562,236.38780212402344,246.00466918945312,12410234.0
2020-02-14,247.53439331054688,252.4548797607422,245.3518524169922,250.6815643310547,8635663.0
2020-02-17,251.18821716308594,253.33180236816406,247.59286499023438,249.2784881591797,5306659.0
2020-02-18,248.8497772216797,249.77540588378906,242.68211364746094,248.26516723632812,5270296.0
2020-02-19,247.49542236328125,254.12103271484375,246.61849975585938,251.58770751953125,6498152.0
2020-02-20,249.62925720214844,264.9071044921875,248.8497772216797,261.37994384765625,17032706.0
2020-02-24,261.1266174316406,266.38812255859375,256.10870361328125,260.25946044921875,11650874.0
2020-02-25,261.11688232421875,262.73431396484375,255.28050231933594,257.7943420410156,9680263.0
2020-02-26,256.2353820800781,256.8394775390625,247.10568237304688,248.84002685546875,9315406.0
2020-02-27,248.84002685546875,248.84002685546875,241.84417724609375,245.10826110839844,11647620.0
2020-02-28,236.76779174804688,245.91697692871094,227.39451599121094,233.12371826171875,68263144.0
2020-03-02,238.7165069580078,264.66351318359375,238.7165069580078,250.13592529296875,13413992.0
2020-03-03,250.55490112304688,254.25743103027344,243.78314208984375,244.9718475341797,8501584.0
2020-03-04,247.4661865234375,247.4661865234375,219.5607147216797,227.09246826171875,26657015.0
2020-03-05,229.3627166748047,233.64987182617188,219.68739318847656,228.90476989746094,18451432.0
2020-03-06,219.42431640625,220.00892639160156,194.6075439453125,215.39048767089844,17605691.0
2020-03-09,204.029541015625,206.22183227539062,190.39833068847656,192.46395874023438,18188971.0
2020-03-11,187.09527587890625,197.88136291503906,185.3804168701172,192.5614013671875,14345210.0
2020-03-12,186.68605041503906,186.68605041503906,161.85952758789062,163.96414184570312,15827157.0
2020-03-13,148.686279296875,171.18409729003906,139.6929931640625,160.963134765625,14103988.0
2020-03-16,153.55804443359375,166.2538604736328,145.92886352539062,148.8129425048828,15813430.0
2020-03-17,149.07601928710938,161.61595153808594,148.686279296875,151.3949737548828,17656438.0
2020-03-18,155.79905700683594,155.79905700683594,131.9468994140625,133.9345703125,17477319.0
2020-03-19,128.61460876464844,142.48939514160156,114.19418334960938,121.33618927001953,18719938.0
2020-03-20,124.13258361816406,129.5402374267578,111.03727722167969,113.2003402709961,21766088.0
2020-03-23,101.88809967041016,107.17884063720703,85.74307250976562,88.09126281738281,11334920.0
2020-03-24,87.30203247070312,101.05015563964844,85.94768524169922,94.49275970458984,18324009.0
2020-03-25,89.6404800415039,113.02495574951172,88.35433959960938,110.49163818359375,13457734.0
2020-03-26,114.77879333496094,132.5899658203125,108.34806060791016,126.938720703125,19072393.0
2020-03-27,132.7848358154297,158.67340087890625,132.55099487304688,141.32017517089844,20152971.0
2020-03-30,134.46072387695312,135.60072326660156,113.06393432617188,118.754150390625,18705667.0
2020-03-31,125.30180358886719,130.6217803955078,117.89672088623047,128.74127197265625,19371894.0
2020-04-01,125.7110366821289,130.3489532470703,118.29620361328125,121.14131927490234,14566228.0
2020-04-03,123.68437957763672,123.68437957763672,100.35836791992188,101.45938873291016,26790698.0
2020-04-07,104.3727035522461,109.98497772216797,97.45479583740234,104.88910675048828,34760386.0
2020-04-08,102.30707550048828,118.67620086669922,100.00759887695312,116.03570556640625,26753505.0
2020-04-09,121.98900604248047,132.64842224121094,118.49107360839844,131.72279357910156,17482271.0
2020-04-13,127.82537841796875,135.79559326171875,120.85875701904297,125.7110366821289,15848592.0
2020-04-15,126.86077117919922,137.77352905273438,124.82437133789062,129.15049743652344,16997200.0
2020-04-16,126.86077117919922,136.3899383544922,125.28231811523438,132.75559997558594,22650772.0
2020-04-17,141.28118896484375,159.30673217773438,137.3837890625,156.2959747314453,22884553.0
2020-04-20,157.84519958496094,160.37850952148438,132.90176391601562,133.49610900878906,38988900.0
2020-04-21,127.0556411743164,131.4792022705078,112.69367980957031,114.70084381103516,37973339.0
2020-04-22,116.72750091552734,121.38490295410156,110.29676818847656,118.10133361816406,47074891.0
2020-04-23,119.4556884765625,128.61460876464844,119.4556884765625,125.41873168945312,25187388.0
2020-04-24,118.87107849121094,136.2145538330078,112.8788070678711,130.21253967285156,66007078.0
2020-04-27,130.7581787109375,133.66175842285156,124.13258361816406,125.1166763305664,30305312.0
2020-04-28,128.41973876953125,136.79917907714844,126.91922760009766,135.49354553222656,24649950.0
2020-04-29,136.99404907226562,139.60531616210938,132.8920135498047,135.8540496826172,24473248.0
2020-04-30,139.3519744873047,155.80880737304688,138.35813903808594,152.19395446777344,34771661.0
2020-05-04,144.20425415039062,148.86166381835938,134.49969482421875,145.64630126953125,29957456.0
2020-05-05,149.78729248046875,153.47035217285156,141.4955596923828,144.12631225585938,26163924.0
2020-05-06,143.02528381347656,154.92213439941406,140.6478729248047,152.24266052246094,25532074.0
2020-05-07,150.2452392578125,157.26058959960938,145.2078399658203,147.24423217773438,20184197.0
2020-05-08,150.9272918701172,153.75291442871094,142.9083709716797,145.0616912841797,15570361.0
2020-05-11,148.0626983642578,149.64114379882812,141.48580932617188,143.45401000976562,13766164.0
2020-05-12,138.16326904296875,138.23147583007812,125.49667358398438,130.58279418945312,38395737.0
2020-05-13,137.01353454589844,140.8817138671875,129.31614685058594,130.8848419189453,30865033.0
2020-05-14,135.44482421875,140.3068389892578,125.13616180419922,126.31513214111328,51965854.0
2020-05-15,125.05821990966797,128.59512329101562,122.0377197265625,124.98027038574219,32669666.0
2020-05-18,125.30180358886719,125.57462310791016,111.77778625488281,112.27470397949219,36118323.0
2020-05-19,114.58392333984375,121.0146484375,112.35265350341797,114.40853881835938,46902063.0
2020-05-20,114.38905334472656,117.3023681640625,111.07624816894531,112.7911148071289,31786880.0
2020-05-21,113.2198257446289,116.11365509033203,111.11522674560547,112.06034851074219,23458867.0
2020-05-22,111.6608657836914,113.73623657226562,102.84296417236328,105.45423126220703,44794085.0
2020-05-26,107.19832611083984,108.8936996459961,103.6711654663086,104.84039306640625,21553675.0
2020-05-27,105.81474304199219,110.37471771240234,104.5870590209961,108.15319061279297,35686663.0
2020-05-28,110.10189819335938,113.59008026123047,109.03010559082031,110.58907318115234,35909718.0
2020-05-29,110.29676818847656,112.49880981445312,106.59422302246094,111.52445220947266,52742343.0
2020-06-01,113.99931335449219,117.76031494140625,112.14804077148438,113.01521301269531,47660217.0
2020-06-02,113.01521301269531,115.61673736572266,109.7219009399414,114.19418334960938,43884702.0
2020-06-03,117.11724090576172,124.91206359863281,116.47416687011719,120.20594024658203,64900364.0
2020-06-04,120.17670440673828,124.12284088134766,118.14031219482422,119.4556884765625,43446986.0
2020-06-05,121.48233795166016,122.0279769897461,117.00032043457031,119.82594299316406,34226016.0
2020-06-08,121.79413604736328,127.64025115966797,121.79413604736328,123.10951232910156,42807428.0
2020-06-09,124.11309814453125,126.85102844238281,119.4556884765625,120.74183654785156,33829097.0
2020-06-10,121.32644653320312,125.04847717285156,119.28030395507812,123.74284362792969,29463487.0
2020-06-11,119.89414978027344,131.73252868652344,119.89414978027344,124.30796813964844,78834902.0
2020-06-12,119.84542846679688,135.18174743652344,118.09159088134766,133.36944580078125,62866209.0
2020-06-15,134.46072387695312,137.88070678710938,129.3940887451172,131.10894775390625,58269452.0
2020-06-16,136.01968383789062,136.2145538330078,124.41514587402344,127.72794342041016,49514874.0
2020-06-17,126.47103118896484,129.69613647460938,124.91206359863281,126.28590393066406,32228040.0
2020-06-18,126.26641845703125,130.71920776367188,124.91206359863281,129.9007568359375,20756310.0
2020-06-19,130.01766967773438,134.87969970703125,127.74742889404297,128.3905029296875,35029627.0
2020-06-22,131.2258758544922,133.86636352539062,129.6864013671875,131.00177001953125,22841765.0
2020-06-23,133.0966339111328,133.68124389648438,130.57305908203125,133.28175354003906,17707425.0
2020-06-24,134.46072387695312,140.03402709960938,132.12228393554688,132.95046997070312,47148729.0
2020-06-25,131.64483642578125,135.3668670654297,130.17356872558594,134.5484161376953,20789342.0
2020-06-26,136.79917907714844,143.0350341796875,136.03916931152344,137.3643035888672,46059822.0
2020-06-29,136.37045288085938,136.75045776367188,133.33047485351562,134.57765197753906,19406481.0
2020-06-30,137.22789001464844,138.05609130859375,133.398681640625,134.38278198242188,14633073.0
2020-07-01,134.9771270751953,138.35813903808594,133.49610900878906,136.67250061035156,19160826.0
2020-07-02,137.8319854736328,139.04017639160156,134.70431518554688,136.00994873046875,13257540.0
2020-07-03,137.3253173828125,137.96839904785156,134.27560424804688,135.62994384765625,14183569.0
2020-07-06,137.48121643066406,138.93299865722656,134.6555938720703,135.94174194335938,13310118.0
2020-07-07,136.409423828125,141.9924774169922,135.40585327148438,141.05709838867188,48060904.0
2020-07-08,142.25555419921875,152.84677124023438,142.25555419921875,147.69244384765625,69896387.0
2020-07-09,149.60000610351562,153.8000030517578,142.8000030517578,144.27999877929688,30924865.0
2020-07-10,143.8000030517578,145.75999450683594,138.72000122070312,139.77999877929688,25107850.0
2020-07-13,141.1999969482422,142.57000732421875,136.39999389648438,137.8300018310547,19801490.0
2020-07-14,136.8000030517578,139.57000732421875,131.5,134.99000549316406,22900460.0
2020-07-15,136.39999389648438,137.60000610351562,130.1300048828125,130.91000366210938,20145055.0
2020-07-16,132.3800048828125,135.9199981689453,128.89999389648438,134.8000030517578,18430920.0
2020-07-17,135.8000030517578,139.17999267578125,135.2899932861328,137.64999389648438,15845655.0
2020-07-20,139.07000732421875,141.39999389648438,136.25,138.16000366210938,15304000.0
2020-07-21,140.60000610351562,140.77999877929688,135.41000366210938,135.88999938964844,11892635.0
2020-07-22,137.3800048828125,140.7899932861328,135.36000061035156,139.02000427246094,22858225.0
2020-07-23,139.52000427246094,142.6999969482422,138.58999633789062,140.6300048828125,20176900.0
2020-07-24,139.74000549316406,142.1999969482422,137.0,141.3699951171875,15248350.0
2020-07-27,142.39999389648438,142.58999633789062,135.8800048828125,136.5399932861328,14390240.0
2020-07-28,137.47999572753906,139.72000122070312,134.13999938964844,139.05999755859375,17310970.0
2020-07-29,139.0,145.91000366210938,138.32000732421875,144.91000366210938,28290470.0
2020-07-30,146.0,147.36000061035156,136.0,136.72000122070312,25095445.0
2020-07-31,137.0,138.99000549316406,134.44000244140625,138.25999450683594,18297860.0
2020-08-03,138.47999572753906,140.89999389648438,133.6999969482422,134.1999969482422,15999280.0
2020-08-04,134.60000610351562,135.5399932861328,129.1999969482422,130.94000244140625,21306715.0
2020-08-05,131.67999267578125,133.89999389648438,127.22000122070312,128.4600067138672,24257215.0
2020-08-06,128.8000030517578,133.1999969482422,128.61000061035156,132.14999389648438,21276985.0
2020-08-07,132.60000610351562,136.0,131.8000030517578,135.35000610351562,14479860.0
2020-08-10,135.60000610351562,137.32000732421875,134.02000427246094,134.8699951171875,13149795.0
2020-08-11,136.0,136.39999389648438,133.10000610351562,135.07000732421875,10408940.0
2020-08-12,134.0,134.39999389648438,130.0,132.97000122070312,20110705.0
2020-08-13,133.67999267578125,141.10000610351562,132.8800048828125,140.4600067138672,27781705.0
2020-08-14,141.60000610351562,146.1199951171875,135.33999633789062,137.27000427246094,60667095.0
2020-08-17,139.60000610351562,141.77999877929688,135.11000061035156,135.8000030517578,21394200.0
2020-08-18,136.89999389648438,138.8000030517578,134.6199951171875,138.25999450683594,22155020.0
2020-08-19,139.60000610351562,141.5800018310547,137.17999267578125,137.7899932861328,19863345.0
2020-08-20,137.27999877929688,139.3000030517578,135.61000061035156,137.55999755859375,14624945.0
2020-08-21,139.39999389648438,139.8000030517578,136.80999755859375,137.3000030517578,9103730.0
2020-08-24,138.0,138.1999969482422,136.11000061035156,136.86000061035156,11317105.0
2020-08-25,137.72000122070312,141.36000061035156,137.60000610351562,138.99000549316406,21874405.0
2020-08-26,140.0,146.1999969482422,138.6300048828125,145.27000427246094,42148055.0
2020-08-27,147.0,149.60000610351562,143.4199981689453,144.0800018310547,34442525.0
2020-08-28,145.74000549316406,156.74000549316406,145.0,154.5500030517578,67783000.0
2020-08-31,156.0399932861328,158.5800018310547,139.60000610351562,140.49000549316406,47226170.0
2020-09-01,141.8000030517578,144.0,135.47999572753906,141.25999450683594,33124360.0
2020-09-02,142.0,142.6300048828125,136.52999877929688,138.47999572753906,18654170.0
2020-09-03,139.99000549316406,142.47000122070312,138.60000610351562,139.5399932861328,18043260.0
2020-09-04,137.8000030517578,139.61000061035156,133.80999755859375,137.49000549316406,19787000.0
2020-09-07,138.60000610351562,138.74000549316406,135.10000610351562,137.50999450683594,13560900.0
2020-09-08,137.9600067138672,138.0,131.60000610351562,132.52999877929688,17598430.0
2020-09-09,131.1999969482422,131.1999969482422,126.0199966430664,127.7699966430664,28371765.0
2020-09-10,129.0,130.69000244140625,124.12999725341797,125.91000366210938,29577885.0
2020-09-11,126.5999984741211,129.5,125.38999938964844,128.72999572753906,18580305.0
2020-09-14,130.0,130.10000610351562,126.29000091552734,127.29000091552734,18452905.0
2020-09-15,127.81999969482422,131.0,127.05000305175781,130.47000122070312,15997600.0
2020-09-16,130.8699951171875,133.14999389648438,129.1199951171875,131.6699981689453,19950565.0
2020-09-17,130.8699951171875,132.1999969482422,129.3300018310547,130.8699951171875,13616760.0
2020-09-18,131.19000244140625,132.3300018310547,126.80000305175781,129.32000732421875,14308610.0
2020-09-21,129.8800048828125,130.57000732421875,126.19999694824219,127.48999786376953,16103830.0
2020-09-22,127.5,129.39999389648438,122.61000061035156,128.1300048828125,20122560.0
2020-09-23,129.0399932861328,130.10000610351562,121.38999938964844,122.62000274658203,17343095.0
2020-09-24,120.0,120.0,111.11000061035156,112.7699966430664,44394795.0
2020-09-25,114.4000015258789,118.76000213623047,114.22000122070312,118.05999755859375,21093985.0
2020-09-28,119.80000305175781,125.31999969482422,119.4000015258789,123.02999877929688,18254035.0
2020-09-29,124.41000366210938,125.2300033569336,120.83999633789062,121.9000015258789,14131620.0
2020-09-30,123.0,126.69999694824219,120.87999725341797,123.87000274658203,21418750.0
2020-10-01,125.4000015258789,132.92999267578125,125.02999877929688,131.74000549316406,31031565.0
2020-10-05,132.39999389648438,135.1999969482422,129.63999938964844,131.02000427246094,14426150.0
2020-10-06,132.39999389648438,132.99000549316406,129.2100067138672,130.89999389648438,12240375.0
2020-10-07,130.6199951171875,130.6999969482422,125.26000213623047,126.76000213623047,17276795.0
2020-10-08,128.0,130.63999938964844,126.61000061035156,127.80999755859375,16935265.0
2020-10-09,126.69999694824219,130.0,126.06999969482422,128.22000122070312,17527430.0
2020-10-12,129.0,133.36000061035156,128.33999633789062,132.3300018310547,30896760.0
2020-10-13,132.58999633789062,133.55999755859375,129.63999938964844,130.35000610351562,14237305.0
2020-10-14,129.8000030517578,134.39999389648438,127.97000122070312,133.0399932861328,16828665.0
2020-10-15,134.0,134.8000030517578,125.66999816894531,126.43000030517578,15350725.0
2020-10-16,127.4000015258789,129.80999755859375,125.30000305175781,129.4199981689453,13772355.0
2020-10-19,129.44000244140625,132.97999572753906,128.83999633789062,131.5500030517578,12763000.0
2020-10-20,130.8000030517578,132.35000610351562,129.39999389648438,131.72999572753906,8548565.0
2020-10-21,132.5800018310547,136.60000610351562,129.47999572753906,133.19000244140625,31740925.0
2020-10-22,132.94000244140625,140.74000549316406,131.25,140.02000427246094,28175610.0
2020-10-23,140.86000061035156,143.5800018310547,139.86000061035156,142.00999450683594,21913570.0
2020-10-26,141.39999389648438,141.60000610351562,137.2899932861328,138.0,10113485.0
2020-10-27,138.0,149.75999450683594,136.63999938964844,147.42999267578125,40165905.0
2020-10-28,145.8000030517578,146.0,141.39999389648438,142.44000244140625,17774320.0
2020-10-29,140.0,141.13999938964844,136.4499969482422,139.82000732421875,14687575.0
2020-10-30,141.39999389648438,146.0,134.0,138.69000244140625,42892115.0
2020-11-02,138.77999877929688,153.1699981689453,138.77999877929688,150.80999755859375,58773715.0
2020-11-03,150.8000030517578,154.55999755859375,150.0,152.57000732421875,16268300.0
2020-11-04,152.1999969482422,158.60000610351562,150.39999389648438,157.7899932861328,22749125.0
2020-11-05,158.63999938964844,164.97999572753906,155.89999389648438,163.0800018310547,26335845.0
2020-11-06,163.1999969482422,172.39999389648438,160.60000610351562,169.27999877929688,34200000.0
2020-11-09,169.61000061035156,171.75,165.1999969482422,167.05999755859375,24006055.0
2020-11-10,167.99000549316406,174.57000732421875,166.1999969482422,171.5500030517578,23825835.0
2020-11-11,171.5500030517578,178.10000610351562,169.4199981689453,176.6300048828125,31631290.0
2020-11-12,175.39999389648438,175.52999877929688,167.63999938964844,172.22999572753906,20465145.0
2020-11-13,170.8000030517578,176.0,169.49000549316406,175.2100067138672,18289185.0
2020-11-14,176.39999389648438,176.8699951171875,172.4199981689453,174.4600067138672,1279465.0
2020-11-17,174.66000366210938,175.9499969482422,171.39999389648438,172.1999969482422,15728460.0
2020-11-18,171.39999389648438,186.1999969482422,169.75999450683594,185.05999755859375,35810375.0
2020-11-19,183.44000244140625,199.67999267578125,180.27000427246094,182.36000061035156,63358800.0
2020-11-20,183.6199951171875,190.0,180.86000061035156,186.77999877929688,43910455.0
2020-11-23,188.5,195.91000366210938,188.17999267578125,194.92999267578125,33172945.0
2020-11-24,196.5399932861328,207.89999389648438,194.8000030517578,205.83999633789062,39408005.0
2020-11-25,206.9600067138672,217.52000427246094,206.60000610351562,213.0,43692190.0
2020-11-26,211.8699951171875,212.0,204.47999572753906,210.33999633789062,25519515.0
2020-11-27,212.0,218.3800048828125,210.82000732421875,214.0399932861328,67609335.0
2020-12-01,215.97999572753906,216.0,203.74000549316406,204.7100067138672,19857690.0
2020-12-02,206.74000549316406,209.0,204.0,206.10000610351562,18406465.0
2020-12-03,208.0,211.77999877929688,205.66000366210938,206.72999572753906,16262005.0
2020-12-04,208.1999969482422,209.05999755859375,197.25,200.6199951171875,25299565.0
2020-12-07,202.1999969482422,217.39999389648438,202.00999450683594,212.67999267578125,34630940.0
2020-12-08,215.0,216.05999755859375,209.14999389648438,213.35000610351562,20765030.0
2020-12-09,214.39999389648438,215.64999389648438,209.8000030517578,212.4600067138672,12326970.0
2020-12-10,210.39999389648438,212.39999389648438,205.0,209.9499969482422,13328860.0
2020-12-11,212.0,215.02000427246094,207.0,208.64999389648438,17879175.0
2020-12-14,212.0,214.75999450683594,209.27999877929688,214.0,14980145.0
2020-12-15,214.39999389648438,220.33999633789062,210.72000122070312,218.47999572753906,18580105.0
2020-12-16,220.57000732421875,221.60000610351562,213.0,214.61000061035156,17984290.0
2020-12-17,214.39999389648438,215.22000122070312,210.2899932861328,211.3000030517578,10168720.0
2020-12-18,211.3800048828125,212.33999633789062,203.2100067138672,205.55999755859375,17274385.0
2020-12-21,206.02000427246094,206.1999969482422,188.8800048828125,193.3699951171875,18966675.0
2020-12-22,193.77999877929688,195.22999572753906,183.6199951171875,187.58999633789062,22851915.0
2020-12-23,187.55999755859375,193.97999572753906,185.39999389648438,192.3300018310547,22133360.0
2020-12-24,194.8699951171875,205.9199981689453,194.02000427246094,199.32000732421875,33020905.0
2020-12-28,200.97000122070312,205.9600067138672,199.63999938964844,203.2100067138672,21567085.0
2020-12-29,205.5399932861328,209.9199981689453,204.39999389648438,206.97999572753906,20672180.0
2020-12-30,208.60000610351562,211.0,206.47999572753906,207.80999755859375,20204065.0
2020-12-31,208.60000610351562,210.1999969482422,206.6199951171875,209.3000030517578,11010990.0
2021-01-01,209.5800018310547,215.3800048828125,209.3000030517578,214.1699981689453,12981435.0
2021-01-04,216.8000030517578,217.60000610351562,212.72000122070312,215.35000610351562,11008350.0
2021-01-05,213.99000549316406,223.8800048828125,211.77000427246094,222.8300018310547,15930660.0
2021-01-06,223.58999633789062,241.6999969482422,223.3000030517578,239.44000244140625,44538525.0
2021-01-07,240.0,263.3800048828125,239.60000610351562,261.3599853515625,45813230.0
2021-01-08,261.239990234375,262.6700134277344,253.0,259.1400146484375,31324270.0
2021-01-11,260.8999938964844,262.9200134277344,248.1999969482422,250.3300018310547,15045560.0
2021-01-12,249.0,261.9800109863281,246.0399932861328,252.52000427246094,24395200.0
2021-01-13,254.8000030517578,256.1600036621094,235.50999450683594,243.3699951171875,26536710.0
2021-01-14,243.97999572753906,248.8000030517578,236.83999633789062,243.69000244140625,21198275.0
2021-01-15,243.8000030517578,250.50999450683594,238.24000549316406,240.91000366210938,17385480.0
2021-01-18,242.0,242.5500030517578,232.8300018310547,234.75999450683594,14423695.0
2021-01-19,236.60000610351562,248.6999969482422,235.0,245.6699981689453,21867515.0
2021-01-20,245.94000244140625,252.39999389648438,244.11000061035156,249.5399932861328,17042230.0
2021-01-21,251.13999938964844,255.27000427246094,238.83999633789062,241.2899932861328,16461875.0
2021-01-22,242.39999389648438,244.85000610351562,228.39999389648438,230.1300048828125,18964880.0
2021-01-25,237.60000610351562,252.9600067138672,237.60000610351562,240.2100067138672,36180365.0
2021-01-27,235.9600067138672,236.0,226.39999389648438,230.2100067138672,19598860.0
2021-01-28,220.8000030517578,230.57000732421875,219.49000549316406,222.22000122070312,24702255.0
2021-01-29,237.8000030517578,263.79998779296875,233.6199951171875,258.2699890136719,90681265.0
2021-02-01,256.5199890136719,268.9599914550781,253.25,266.3999938964844,30395260.0
2021-02-02,272.0,286.0,269.3399963378906,273.3299865722656,30730610.0
2021-02-03,274.20001220703125,295.2300109863281,271.3999938964844,293.05999755859375,28518195.0
2021-02-04,290.0400085449219,290.94000244140625,279.0,284.1300048828125,21005115.0
2021-02-05,285.7900085449219,294.20001220703125,274.4100036621094,276.8900146484375,16549455.0
2021-02-08,283.0,295.79998779296875,281.57000732421875,283.8999938964844,18317310.0
2021-02-09,286.0,288.75,278.0,282.6199951171875,11093915.0
2021-02-10,280.2200012207031,291.20001220703125,278.1600036621094,285.6199951171875,19081675.0
2021-02-11,284.0,289.6000061035156,281.6600036621094,288.25,8878860.0
2021-02-12,285.0199890136719,292.25,284.0,287.6499938964844,11134020.0
2021-02-15,290.0,306.989990234375,289.0,302.6700134277344,24556900.0
2021-02-16,301.6000061035156,303.79998779296875,292.2799987792969,295.55999755859375,11625195.0
2021-02-17,296.7900085449219,301.739990234375,289.6300048828125,291.94000244140625,13152705.0
2021-02-18,292.0,295.6000061035156,285.6700134277344,287.739990234375,9516035.0
2021-02-19,286.57000732421875,289.20001220703125,276.2099914550781,280.9200134277344,10103260.0
2021-02-22,282.79998779296875,284.9800109863281,269.6000061035156,272.0299987792969,12281580.0
2021-02-23,274.0,279.0,267.239990234375,275.489990234375,10273085.0
2021-02-24,275.6000061035156,281.20001220703125,274.010009765625,275.5899963378906,5331875.0
2021-02-25,278.3999938964844,280.95001220703125,274.30999755859375,276.05999755859375,10532480.0
2021-02-26,269.79998779296875,269.79998779296875,254.0,256.5899963378906,21843070.0
2021-03-01,261.0,269.1600036621094,260.6300048828125,266.7200012207031,9162830.0
2021-03-02,269.29998779296875,275.20001220703125,266.19000244140625,270.1099853515625,8570450.0
2021-03-03,273.0,275.7799987792969,266.260009765625,272.42999267578125,9383425.0
2021-03-04,269.3900146484375,274.3699951171875,266.20001220703125,267.8699951171875,8576470.0
2021-03-05,265.79998779296875,267.1400146484375,254.39999389648438,257.8399963378906,11926800.0
2021-03-08,261.3599853515625,267.3999938964844,251.02000427246094,253.1699981689453,19094895.0
2021-03-09,256.0,260.3399963378906,251.0,254.0500030517578,10348870.0
2021-03-10,258.2300109863281,265.9599914550781,257.989990234375,263.0799865722656,15206235.0
2021-03-12,268.20001220703125,268.3999938964844,262.1099853515625,265.0899963378906,12544700.0
2021-03-15,267.5899963378906,268.3699951171875,247.6300048828125,255.32000732421875,18506180.0
2021-03-16,257.79998779296875,266.3599853515625,256.1099853515625,264.5899963378906,12723425.0
2021-03-17,265.5899963378906,265.7900085449219,258.0,264.32000732421875,11266530.0
2021-03-18,267.6000061035156,273.5400085449219,260.6099853515625,265.1499938964844,14562505.0
2021-03-19,262.54998779296875,275.9100036621094,260.1199951171875,274.7900085449219,14402385.0
2021-03-22,273.7799987792969,277.989990234375,269.4100036621094,276.2799987792969,9335185.0
2021-03-23,279.79998779296875,286.79998779296875,278.29998779296875,281.260009765625,14529820.0
2021-03-24,282.6000061035156,285.3999938964844,274.55999755859375,280.3599853515625,10501700.0
2021-03-25,281.3800048828125,281.5199890136719,270.30999755859375,274.3999938964844,10425355.0
2021-03-26,276.0,294.29998779296875,276.0,285.8299865722656,18748345.0
2021-03-30,288.69000244140625,289.0,282.2200012207031,284.1199951171875,11173995.0
2021-03-31,284.6199951171875,288.6600036621094,282.8999938964844,284.4599914550781,8632980.0
2021-04-01,289.0,295.79998779296875,285.1000061035156,294.5400085449219,12254460.0
2021-04-05,292.989990234375,295.6600036621094,278.1099853515625,284.0299987792969,10865445.0
2021-04-06,286.3999938964844,291.79998779296875,283.0,287.8399963378906,9011680.0
2021-04-07,288.0,300.5,282.6400146484375,297.1199951171875,14184300.0
2021-04-08,297.9800109863281,302.0,294.6499938964844,298.8399963378906,11186950.0
2021-04-09,297.79998779296875,299.3599853515625,291.0,293.9200134277344,10218235.0
2021-04-12,282.0,283.17999267578125,258.5899963378906,260.17999267578125,24289800.0
2021-04-13,263.0,279.7200012207031,262.20001220703125,276.4599914550781,21252365.0
2021-04-15,275.0,277.6600036621094,262.20001220703125,276.1300048828125,17951785.0
2021-04-16,275.05999755859375,278.989990234375,273.1199951171875,275.6000061035156,12006190.0
2021-04-19,260.3999938964844,270.6700134277344,257.4599914550781,268.5299987792969,14272335.0
2021-04-20,275.79998779296875,277.20001220703125,264.5199890136719,269.010009765625,12498725.0
2021-04-22,263.6199951171875,266.3999938964844,258.239990234375,265.25,19593930.0
2021-04-23,263.0,277.57000732421875,262.29998779296875,276.1300048828125,17606370.0
2021-04-26,275.79998779296875,275.9100036621094,265.32000732421875,267.82000732421875,13382655.0
2021-04-27,270.8999938964844,271.57000732421875,263.82000732421875,265.0,8343800.0
2021-04-28,265.6000061035156,282.9599914550781,265.0,280.9599914550781,17059815.0
2021-04-29,284.20001220703125,286.8999938964844,278.0,283.260009765625,14470055.0
2021-04-30,286.0,289.0,267.1499938964844,269.010009765625,20775365.0
2021-05-03,266.79998779296875,266.8800048828125,255.1300048828125,259.7699890136719,14320405.0
2021-05-04,265.0,269.8399963378906,257.1099853515625,258.239990234375,13762810.0
2021-05-05,262.0,262.0,254.4199981689453,257.4100036621094,12337230.0
2021-05-06,259.20001220703125,263.3999938964844,254.60000610351562,262.2799987792969,11816670.0
2021-05-07,263.0,264.6000061035156,258.5,259.5299987792969,6920815.0
2021-05-10,259.79998779296875,268.20001220703125,259.2699890136719,266.54998779296875,9092755.0
2021-05-11,264.79998779296875,269.70001220703125,262.4800109863281,268.5,7293410.0
2021-05-12,269.0,271.20001220703125,265.7300109863281,268.7900085449219,7632385.0
2021-05-14,269.20001220703125,274.3999938964844,264.79998779296875,265.29998779296875,9702620.0
2021-05-17,265.8999938964844,279.6000061035156,264.04998779296875,277.80999755859375,9550025.0
2021-05-18,281.0,293.0,281.0,290.0400085449219,15594255.0
2021-05-19,287.6000061035156,291.9599914550781,281.0,282.2699890136719,6901040.0
2021-05-20,283.0,285.7200012207031,279.20001220703125,283.19000244140625,6123645.0
2021-05-21,286.6000061035156,297.6000061035156,284.010009765625,295.75,11258915.0
2021-05-24,295.20001220703125,296.6000061035156,289.4100036621094,291.8299865722656,6487950.0
2021-05-25,293.0,295.32000732421875,285.44000244140625,286.8599853515625,5680010.0
2021-05-26,287.6000061035156,291.1499938964844,285.70001220703125,286.54998779296875,6131915.0
2021-05-27,287.0799865722656,289.94000244140625,283.0,288.2900085449219,8648350.0
2021-05-28,289.489990234375,302.8800048828125,289.20001220703125,291.010009765625,17020950.0
2021-05-31,293.20001220703125,293.20001220703125,283.79998779296875,285.9599914550781,7634365.0
2021-06-01,287.0,287.0400085449219,277.6700134277344,282.260009765625,9322935.0
2021-06-02,280.0,287.2900085449219,278.0,286.010009765625,6900620.0
2021-06-03,287.0,289.20001220703125,282.0,283.5400085449219,5219995.0
2021-06-04,285.0199890136719,287.0,281.54998779296875,284.6400146484375,6313570.0
2021-06-07,284.5,302.8900146484375,282.3500061035156,297.489990234375,23267725.0
2021-06-08,301.20001220703125,305.9200134277344,294.30999755859375,297.82000732421875,20367070.0
2021-06-09,296.9800109863281,297.79998779296875,284.80999755859375,287.4100036621094,16223270.0
2021-06-10,288.0,294.9800109863281,286.6300048828125,294.0,9991650.0
2021-06-11,294.3999938964844,298.79998779296875,292.0,295.07000732421875,8790865.0
2021-06-14,294.0,296.7799987792969,285.4100036621094,295.3999938964844,8612805.0
2021-06-15,295.0,295.0,288.5,290.1300048828125,11778790.0
2021-06-16,291.29998779296875,292.79998779296875,285.2699890136719,286.7699890136719,9827690.0
2021-06-17,280.3999938964844,287.3999938964844,278.6000061035156,282.2799987792969,12356210.0
2021-06-18,284.7900085449219,284.7900085449219,268.79998779296875,276.0,14779290.0
2021-06-21,271.0,277.9800109863281,267.6700134277344,276.5799865722656,7416025.0
2021-06-22,278.0,280.3900146484375,272.20001220703125,274.3399963378906,7917570.0
2021-06-23,274.9800109863281,277.20001220703125,272.2300109863281,273.3599853515625,4924915.0
2021-06-24,274.20001220703125,275.20001220703125,270.67999267578125,272.7799987792969,4667625.0
2021-06-25,272.7799987792969,275.6000061035156,271.1300048828125,273.6199951171875,6516880.0
2021-06-28,276.3900146484375,277.79998779296875,272.5,274.510009765625,4102820.0
2021-06-29,274.4800109863281,279.20001220703125,269.6400146484375,271.57000732421875,5875000.0
2021-06-30,273.0,274.55999755859375,267.3900146484375,268.5299987792969,6968565.0
2021-07-01,269.94000244140625,273.04998779296875,266.0,271.1199951171875,5444075.0
2021-07-02,271.8999938964844,274.5199890136719,269.20001220703125,272.44000244140625,4228550.0
2021-07-05,273.0,275.6000061035156,272.5,274.9100036621094,2911235.0
2021-07-06,275.1000061035156,286.9599914550781,275.1000061035156,282.7300109863281,12255020.0
2021-07-07,283.989990234375,290.0,282.45001220703125,288.8699951171875,7910955.0
2021-07-08,289.07000732421875,289.4200134277344,284.44000244140625,286.30999755859375,6176635.0
2021-07-09,285.82000732421875,292.0,283.6000061035156,291.1400146484375,5637260.0
2021-07-12,292.7799987792969,293.5299987792969,289.3999938964844,290.4800109863281,4330990.0
2021-07-13,293.0,293.0,284.6099853515625,286.3599853515625,5529040.0
2021-07-14,287.0,287.3699951171875,283.0,284.17999267578125,6477460.0
2021-07-15,285.0,293.0,283.25,291.5799865722656,7322970.0
2021-07-16,292.0,294.1000061035156,288.79998779296875,289.8699951171875,3058730.0
2021-07-19,285.0,288.0,276.3800048828125,277.9700012207031,8523350.0
2021-07-20,279.6000061035156,281.9800109863281,270.20001220703125,279.17999267578125,6350305.0
2021-07-22,279.7799987792969,280.510009765625,274.0,279.05999755859375,8748020.0
2021-07-23,279.3999938964844,281.3900146484375,273.79998779296875,277.1199951171875,5276030.0
2021-07-26,276.9599914550781,281.0,265.1499938964844,274.0799865722656,4858020.0
2021-07-27,275.82000732421875,282.3999938964844,270.489990234375,273.1400146484375,8150250.0
2021-07-28,275.1000061035156,275.6000061035156,270.0199890136719,274.5899963378906,6667670.0
2021-07-29,272.79998779296875,276.70001220703125,270.79998779296875,274.20001220703125,3888435.0
2021-07-30,275.6000061035156,282.0199890136719,272.0199890136719,278.0199890136719,7132000.0
2021-08-02,279.20001220703125,286.0,267.1400146484375,275.1700134277344,16937480.0
2021-08-03,275.5199890136719,277.6000061035156,266.6000061035156,267.6700134277344,10852865.0
2021-08-04,270.0,271.739990234375,263.0199890136719,264.29998779296875,12098915.0
2021-08-05,264.44000244140625,267.54998779296875,262.0400085449219,266.3900146484375,7443930.0
2021-08-06,266.6000061035156,268.82000732421875,262.489990234375,263.19000244140625,6201995.0
2021-08-09,264.0,264.0799865722656,259.0,260.54998779296875,5444400.0
2021-08-10,262.42999267578125,262.42999267578125,254.07000732421875,255.10000610351562,6656495.0
2021-08-11,255.39999389648438,259.5899963378906,248.75999450683594,259.0,7777460.0
2021-08-12,260.29998779296875,263.8999938964844,257.45001220703125,261.8800048828125,4144010.0
2021-08-13,262.20001220703125,262.9599914550781,257.6600036621094,259.010009765625,4393670.0
2021-08-16,258.20001220703125,261.0,256.3699951171875,259.3299865722656,4215450.0
2021-08-17,259.3299865722656,259.3999938964844,253.0,256.07000732421875,5186305.0
2021-08-18,257.6000061035156,260.9700012207031,255.2899932861328,258.7699890136719,4998005.0
2021-08-20,256.0,257.20001220703125,250.0,250.89999389648438,4362450.0
2021-08-23,255.0800018310547,255.0800018310547,243.1999969482422,249.13999938964844,5190075.0
2021-08-24,248.0,256.3999938964844,246.25999450683594,255.91000366210938,4803725.0
2021-08-25,256.20001220703125,259.04998779296875,251.8800048828125,253.47000122070312,5152555.0
2021-08-26,255.1999969482422,259.42999267578125,251.38999938964844,253.08999633789062,6567660.0
2021-08-27,253.99000549316406,258.20001220703125,251.52999877929688,256.2799987792969,3930010.0
2021-08-30,258.79998779296875,267.8500061035156,256.6400146484375,266.989990234375,7071320.0
2021-08-31,267.0,271.3999938964844,264.1000061035156,270.5400085449219,7881915.0
2021-09-01,270.4800109863281,271.04998779296875,264.5400085449219,265.9800109863281,6179385.0
2021-09-02,266.3999938964844,269.79998779296875,265.32000732421875,268.6099853515625,3818570.0
2021-09-03,269.79998779296875,277.7200012207031,266.6199951171875,270.010009765625,8012625.0
2021-09-06,271.20001220703125,275.3999938964844,268.010009765625,269.2900085449219,3295350.0
2021-09-07,269.5,273.7900085449219,265.20001220703125,268.9599914550781,6181705.0
2021-09-08,268.7799987792969,276.2799987792969,267.6700134277344,273.010009765625,8546425.0
2021-09-09,272.6000061035156,272.6000061035156,267.0899963378906,269.6700134277344,3792220.0
2021-09-13,269.20001220703125,269.6700134277344,262.1499938964844,268.3399963378906,3625345.0
2021-09-14,269.6000061035156,274.20001220703125,268.8399963378906,270.55999755859375,3353550.0
2021-09-15,270.79998779296875,275.8699951171875,268.3999938964844,273.3599853515625,5161840.0
2021-09-16,273.3599853515625,282.3800048828125,272.6199951171875,281.2799987792969,10142820.0
2021-09-17,284.0,285.17999267578125,271.1199951171875,272.1600036621094,9870725.0
2021-09-20,270.0,274.30999755859375,262.1499938964844,264.0199890136719,4788450.0
2021-09-21,266.0,267.17999267578125,257.1499938964844,264.75,4585140.0
2021-09-22,265.3999938964844,270.7799987792969,265.3999938964844,269.29998779296875,3449740.0
2021-09-23,270.0,277.0,269.30999755859375,276.6199951171875,5925930.0
2021-09-24,279.0,281.3599853515625,270.2099914550781,271.1400146484375,5655830.0
2021-09-27,271.8999938964844,272.489990234375,262.79998779296875,264.8299865722656,5489955.0
2021-09-28,267.0,269.1300048828125,258.5199890136719,262.6400146484375,4231635.0
2021-09-29,260.0,262.239990234375,257.20001220703125,260.07000732421875,4532205.0
2021-09-30,260.3999938964844,265.3999938964844,258.6000061035156,259.7699890136719,7981880.0
2021-10-01,258.7699890136719,259.9100036621094,254.66000366210938,258.9100036621094,4632325.0
2021-10-04,260.2799987792969,270.79998779296875,259.2099914550781,270.1499938964844,6773440.0
2021-10-05,268.0,271.5,264.8599853515625,267.04998779296875,4110305.0
2021-10-06,268.6499938964844,268.8999938964844,259.69000244140625,260.6400146484375,3570155.0
2021-10-07,264.6400146484375,269.2799987792969,263.1600036621094,268.6400146484375,3739840.0
2021-10-08,268.6400146484375,270.67999267578125,264.69000244140625,266.19000244140625,2327330.0
2021-10-11,267.17999267578125,268.3800048828125,265.17999267578125,266.9800109863281,2474965.0
2021-10-12,267.3999938964844,268.3900146484375,264.0,264.92999267578125,2928570.0
2021-10-13,267.6000061035156,274.9599914550781,265.2099914550781,273.2799987792969,7442435.0
2021-10-14,275.69000244140625,279.82000732421875,271.3599853515625,276.7099914550781,8878410.0
2021-10-18,280.739990234375,283.3399963378906,276.04998779296875,279.0400085449219,5899405.0
2021-10-19,280.0400085449219,291.6000061035156,276.739990234375,285.489990234375,14910045.0
2021-10-20,287.55999755859375,294.92999267578125,281.3599853515625,287.739990234375,10061990.0
2021-10-21,290.30999755859375,300.0,288.2300109863281,298.1700134277344,11697925.0
2021-10-22,299.79998779296875,311.760009765625,297.07000732421875,303.7200012207031,19446090.0
2021-10-25,308.04998779296875,308.04998779296875,295.7099914550781,303.3800048828125,8858895.0
2021-10-26,300.0199890136719,317.6000061035156,299.32000732421875,305.17999267578125,9988515.0
2021-10-27,307.79998779296875,311.6000061035156,303.3999938964844,305.6700134277344,4678970.0
2021-10-28,305.5899963378906,305.5899963378906,293.9100036621094,297.739990234375,5604320.0
2021-10-29,300.0,300.0,285.0,287.239990234375,6972315.0
2021-11-01,291.0,291.0,277.8699951171875,286.1400146484375,8517215.0
2021-11-02,288.0,324.94000244140625,286.45001220703125,315.239990234375,16632400.0
2021-11-03,315.79998779296875,328.75,311.75,320.5299987792969,15816895.0
2021-11-04,322.0,325.19000244140625,321.6000061035156,323.42999267578125,1071505.0
2021-11-08,325.0400085449219,334.0,324.2099914550781,332.94000244140625,8351745.0
2021-11-09,335.3399963378906,339.2799987792969,316.2099914550781,323.2099914550781,12628955.0
2021-11-10,323.2099914550781,328.6000061035156,319.8999938964844,326.239990234375,6427920.0
2021-11-11,326.239990234375,328.6000061035156,320.239990234375,327.260009765625,5065025.0
2021-11-12,329.3800048828125,329.79998779296875,323.19000244140625,324.4800109863281,5511415.0
2021-11-15,324.0,325.20001220703125,315.5299987792969,323.32000732421875,3522305.0
2021-11-16,323.55999755859375,332.6000061035156,321.6199951171875,327.7900085449219,5549900.0
2021-11-17,325.6000061035156,329.9800109863281,322.1099853515625,326.1700134277344,3780655.0
2021-11-18,326.4200134277344,328.8800048828125,317.0400085449219,320.2799987792969,4825755.0
2021-11-22,321.8800048828125,321.9599914550781,309.6300048828125,312.3299865722656,5279665.0
2021-11-23,309.20001220703125,320.6300048828125,308.75,317.5899963378906,3311240.0
2021-11-24,317.760009765625,320.19000244140625,314.0,317.3800048828125,2310765.0
2021-11-25,318.0,318.0,306.010009765625,314.19000244140625,4290100.0
2021-11-26,308.3999938964844,311.3999938964844,286.8900146484375,289.3399963378906,6705735.0
2021-11-29,286.7099914550781,289.0,277.7099914550781,280.6499938964844,4893890.0
2021-11-30,280.6000061035156,289.2900085449219,279.0799865722656,281.3399963378906,8840830.0
2021-12-01,286.0,289.7900085449219,279.95001220703125,288.75,5539860.0
2021-12-02,288.0,291.989990234375,285.239990234375,289.7900085449219,3870920.0
2021-12-03,289.3399963378906,295.7799987792969,287.7699890136719,289.42999267578125,3863635.0
2021-12-06,290.0,295.0,288.3800048828125,290.0299987792969,2886375.0
2021-12-07,292.6000061035156,295.260009765625,288.3599853515625,292.7099914550781,3802710.0
2021-12-08,294.0,299.3699951171875,292.82000732421875,298.4700012207031,4314475.0
2021-12-09,300.0,301.8999938964844,297.3599853515625,298.80999755859375,2145005.0
2021-12-10,300.0,303.4100036621094,295.1099853515625,300.8699951171875,2745385.0
2021-12-13,304.0,306.3500061035156,281.82000732421875,295.1300048828125,9169260.0
2021-12-14,292.20001220703125,292.7300109863281,274.010009765625,276.82000732421875,9079580.0
2021-12-15,277.20001220703125,278.1300048828125,270.0,271.57000732421875,4271675.0
2021-12-16,274.2799987792969,276.54998779296875,265.20001220703125,266.3599853515625,6199315.0
2021-12-17,265.0,266.760009765625,253.14999389648438,254.74000549316406,5310545.0
2021-12-20,250.0,252.67999267578125,231.75999450683594,240.1199951171875,8903280.0
2021-12-21,245.0,245.0,233.2100067138672,234.75,6125145.0
2021-12-22,236.41000366210938,238.39999389648438,231.44000244140625,234.49000549316406,4092265.0
2021-12-23,236.39999389648438,243.97999572753906,235.72999572753906,242.05999755859375,6141175.0
2021-12-24,244.0,244.0,233.16000366210938,235.50999450683594,5577935.0
2021-12-27,235.50999450683594,245.60000610351562,234.22999572753906,243.74000549316406,8997655.0
2021-12-28,245.0,249.3699951171875,240.97999572753906,242.36000061035156,4005800.0
2021-12-29,243.25,244.99000549316406,240.4499969482422,242.3300018310547,5363660.0
2021-12-30,242.39999389648438,243.0,237.02000427246094,239.63999938964844,4008980.0
2021-12-31,240.94000244140625,246.3000030517578,240.3800048828125,243.39999389648438,5290815.0
2022-01-03,244.36000061035156,251.63999938964844,243.50999450683594,250.14999389648438,2860025.0
2022-01-04,251.39999389648438,255.24000549316406,246.25,250.58999633789062,6387390.0
2022-01-05,250.58999633789062,255.35000610351562,249.0,249.9600067138672,4206620.0
2022-01-06,249.8000030517578,249.8000030517578,241.8000030517578,243.25999450683594,4892065.0
2022-01-07,243.24000549316406,246.27000427246094,240.77999877929688,243.10000610351562,4311580.0
2022-01-10,244.02000427246094,248.60000610351562,241.63999938964844,244.5800018310547,4850740.0
2022-01-11,244.5,246.36000061035156,241.60000610351562,244.72000122070312,3000215.0
2022-01-12,245.22000122070312,249.8000030517578,244.8000030517578,249.0500030517578,6283615.0
2022-01-13,250.75999450683594,251.39999389648438,246.8000030517578,249.49000549316406,3167295.0
2022-01-14,248.10000610351562,252.9600067138672,245.82000732421875,248.05999755859375,4270915.0
2022-01-17,248.39999389648438,250.97999572753906,247.3800048828125,247.80999755859375,2446195.0
2022-01-18,247.0,253.39999389648438,237.25,240.77999877929688,7134135.0
2022-01-19,241.0,241.3000030517578,234.19000244140625,239.05999755859375,5312500.0
2022-01-20,239.60000610351562,246.85000610351562,239.41000366210938,244.19000244140625,6465015.0
2022-01-21,242.8000030517578,244.75999450683594,237.0,239.6999969482422,5834040.0
2022-01-24,239.02000427246094,240.60000610351562,228.17999267578125,230.9199981689453,9353860.0
2022-01-25,228.0,240.55999755859375,220.63999938964844,233.33999633789062,10473610.0
2022-01-27,235.99000549316406,249.52999877929688,234.02000427246094,248.22000122070312,14742195.0
2022-01-28,250.0,259.9700012207031,247.2100067138672,248.57000732421875,9290465.0
2022-01-31,251.8000030517578,254.39999389648438,245.0,245.67999267578125,4867125.0
2022-02-01,249.72000122070312,258.0,246.91000366210938,256.04998779296875,5528990.0
2022-02-02,258.20001220703125,260.8699951171875,254.1999969482422,256.760009765625,4547020.0
2022-02-03,257.3999938964844,257.3999938964844,251.0,252.63999938964844,2367305.0
2022-02-04,252.0,253.52000427246094,245.80999755859375,246.63999938964844,2633985.0
2022-02-07,247.0,250.1999969482422,242.1999969482422,243.75999450683594,2030295.0
2022-02-08,245.1199951171875,249.07000732421875,241.3300018310547,248.0500030517578,3807905.0
2022-02-09,248.0,250.8000030517578,246.60000610351562,249.02999877929688,2220130.0
2022-02-10,249.0,255.0,246.4199981689453,253.1199951171875,3166790.0
2022-02-11,250.60000610351562,252.8000030517578,245.63999938964844,247.11000061035156,2919870.0
2022-02-14,241.1999969482422,241.1999969482422,230.72000122070312,232.1699981689453,6578230.0
2022-02-15,234.1999969482422,244.17999267578125,228.6300048828125,241.60000610351562,4886570.0
2022-02-16,244.80999755859375,254.8800048828125,243.22000122070312,244.1199951171875,9347585.0
2022-02-17,246.39999389648438,256.4700012207031,245.8800048828125,255.49000549316406,11096160.0
2022-02-18,253.8000030517578,258.3900146484375,250.0800018310547,251.6199951171875,6084335.0
2022-02-21,248.8000030517578,250.50999450683594,242.02000427246094,244.0399932861328,4546015.0
2022-02-22,240.0,243.1999969482422,235.27000427246094,240.83999633789062,4408165.0
2022-02-23,243.60000610351562,244.36000061035156,234.30999755859375,235.02000427246094,4670295.0
2022-02-24,228.0,230.88999938964844,212.0,213.72000122070312,7525505.0
2022-02-25,223.1199951171875,231.8800048828125,220.4499969482422,225.5,9287685.0
2022-02-28,221.8000030517578,225.60000610351562,216.1999969482422,224.83999633789062,6854355.0
2022-03-02,220.60000610351562,229.4600067138672,213.1999969482422,219.11000061035156,8430100.0
2022-03-03,223.39999389648438,227.1999969482422,218.8000030517578,221.08999633789062,5518095.0
2022-03-04,219.8000030517578,223.3000030517578,216.1999969482422,217.8300018310547,5340955.0
2022-03-07,211.0,211.97000122070312,203.25999450683594,204.25999450683594,4901560.0
2022-03-08,203.1999969482422,209.9600067138672,200.39999389648438,208.32000732421875,12217785.0
2022-03-09,212.24000549316406,214.47000122070312,208.24000549316406,212.3699951171875,6415045.0
2022-03-10,219.60000610351562,220.0,211.02000427246094,215.89999389648438,8349665.0
2022-03-11,211.66000366210938,218.91000366210938,211.3000030517578,218.19000244140625,5890485.0
2022-03-14,218.99000549316406,223.1999969482422,215.52000427246094,222.5399932861328,6630425.0
2022-03-15,223.0,227.39999389648438,216.0,218.02999877929688,7772955.0
2022-03-16,221.74000549316406,226.0,219.0399932861328,221.89999389648438,7527250.0
2022-03-17,225.0,228.8800048828125,224.1300048828125,225.91000366210938,5977670.0
2022-03-21,226.11000061035156,228.27999877929688,216.9600067138672,217.27999877929688,6308350.0
2022-03-22,216.39999389648438,221.0,213.1999969482422,219.6300048828125,8069535.0
2022-03-23,220.60000610351562,222.0,217.6199951171875,219.24000549316406,4335075.0
2022-03-24,218.7899932861328,220.32000732421875,217.32000732421875,218.47999572753906,3329035.0
2022-03-25,219.97000122070312,222.47999572753906,217.2100067138672,220.60000610351562,3234280.0
2022-03-28,221.6999969482422,224.11000061035156,216.75,223.11000061035156,7168470.0
2022-03-29,223.11000061035156,225.39999389648438,219.8000030517578,224.67999267578125,6632010.0
2022-03-30,225.39999389648438,227.75999450683594,223.8000030517578,224.88999938964844,2494090.0
2022-03-31,225.39999389648438,228.8800048828125,223.8000030517578,226.97000122070312,4371685.0
2022-04-01,227.0,239.8000030517578,225.5800018310547,236.27000427246094,4473460.0
2022-04-04,236.8000030517578,238.0,234.0,235.8000030517578,2766255.0
2022-04-05,236.8000030517578,237.49000549316406,233.11000061035156,234.10000610351562,7478890.0
2022-04-06,231.8000030517578,236.0,231.00999450683594,233.41000366210938,5148520.0
2022-04-07,232.1999969482422,236.99000549316406,231.60000610351562,234.82000732421875,10215730.0
2022-04-08,237.8699951171875,242.6999969482422,233.36000061035156,241.44000244140625,12013760.0
2022-04-11,243.0,247.60000610351562,239.61000061035156,244.72000122070312,5541150.0
2022-04-12,244.99000549316406,244.99000549316406,234.02000427246094,236.17999267578125,5301495.0
2022-04-13,238.39999389648438,239.42999267578125,235.69000244140625,236.7899932861328,2337810.0
2022-04-18,232.39999389648438,234.9600067138672,224.22000122070312,232.85000610351562,7199895.0
2022-04-19,235.85000610351562,237.8000030517578,220.39999389648438,223.72000122070312,7289265.0
2022-04-20,222.5,226.75,218.41000366210938,222.85000610351562,3195385.0
2022-04-21,224.8000030517578,230.7899932861328,223.6199951171875,230.1699981689453,3891400.0
2022-04-22,228.0,228.0,220.08999633789062,221.60000610351562,4432385.0
2022-04-25,219.0,220.8000030517578,215.27000427246094,219.32000732421875,5391300.0
2022-04-26,221.58999633789062,232.1999969482422,220.60000610351562,231.4499969482422,7799210.0
2022-04-27,228.39999389648438,233.33999633789062,226.8000030517578,228.25,5002305.0
2022-04-28,229.60000610351562,232.60000610351562,227.1199951171875,228.36000061035156,12255960.0
2022-04-29,238.8800048828125,247.8000030517578,234.8300018310547,240.41000366210938,30651345.0
2022-05-02,237.94000244140625,247.39999389648438,236.99000549316406,246.0500030517578,9994595.0
2022-05-04,246.39999389648438,251.49000549316406,226.22000122070312,229.77999877929688,9729470.0
2022-05-05,233.97999572753906,238.99000549316406,229.6300048828125,232.30999755859375,5106630.0
2022-05-06,226.60000610351562,238.60000610351562,226.60000610351562,236.75999450683594,9524820.0
2022-05-09,235.60000610351562,235.60000610351562,227.1199951171875,231.39999389648438,7602625.0
2022-05-10,231.39999389648438,235.58999633789062,229.0,232.07000732421875,4513380.0
2022-05-11,231.0,232.8699951171875,219.44000244140625,224.0,8918120.0
2022-05-12,224.0,224.0,209.4199981689453,212.9499969482422,9397425.0
2022-05-13,216.39999389648438,218.97999572753906,209.52000427246094,212.32000732421875,8482405.0
2022-05-16,212.0,219.5,210.36000061035156,218.11000061035156,6833390.0
2022-05-17,219.39999389648438,224.16000366210938,216.39999389648438,221.75,4101275.0
2022-05-18,224.0,225.36000061035156,217.44000244140625,219.5399932861328,4296340.0
2022-05-19,213.8000030517578,217.32000732421875,212.8000030517578,215.6999969482422,8110880.0
2022-05-20,219.39999389648438,221.8000030517578,216.72000122070312,219.1999969482422,3296315.0
2022-05-23,220.0,229.5800018310547,220.0,227.3300018310547,6070490.0
2022-05-24,226.77000427246094,228.97999572753906,220.61000061035156,225.5500030517578,8069565.0
2022-05-25,227.1999969482422,229.27000427246094,220.5500030517578,223.44000244140625,5017540.0
2022-05-26,224.1999969482422,230.1999969482422,220.52000427246094,229.3300018310547,3514895.0
2022-05-27,232.3000030517578,232.3000030517578,226.24000549316406,228.49000549316406,2271910.0
2022-05-30,231.39999389648438,237.0,228.3800048828125,234.3800048828125,4176795.0
2022-05-31,234.3800048828125,239.13999938964844,229.0,235.24000549316406,13941420.0
2022-06-01,235.0399932861328,240.0,233.1999969482422,236.99000549316406,5176220.0
2022-06-02,237.10000610351562,239.1999969482422,235.0500030517578,238.5800018310547,2790370.0
2022-06-03,239.10000610351562,239.58999633789062,233.6699981689453,235.6999969482422,5396720.0
2022-06-06,235.1999969482422,238.94000244140625,230.89999389648438,237.16000366210938,2524525.0
2022-06-07,234.30999755859375,236.66000366210938,228.50999450683594,235.86000061035156,4116090.0
2022-06-08,236.0,239.42999267578125,232.44000244140625,235.0500030517578,3753885.0
2022-06-09,233.60000610351562,234.52999877929688,231.0,233.55999755859375,4476645.0
2022-06-10,231.60000610351562,233.52000427246094,230.52999877929688,233.05999755859375,2121945.0
2022-06-13,229.0,231.97999572753906,223.10000610351562,226.77999877929688,4399480.0
2022-06-14,224.77999877929688,229.72000122070312,224.1999969482422,227.88999938964844,3860780.0
2022-06-15,229.02000427246094,230.60000610351562,226.32000732421875,230.0,3345520.0
2022-06-16,231.60000610351562,235.0,224.72999572753906,228.5500030517578,6698850.0
2022-06-17,227.3000030517578,230.89999389648438,222.50999450683594,229.80999755859375,6730740.0
2022-06-20,230.0,232.3699951171875,223.2899932861328,227.77999877929688,4386785.0
2022-06-21,229.39999389648438,236.66000366210938,225.75999450683594,234.7899932861328,4280930.0
2022-06-22,233.5,239.8000030517578,233.00999450683594,234.32000732421875,4890975.0
2022-06-23,232.25,243.44000244140625,232.02000427246094,239.55999755859375,3954310.0
2022-06-24,242.08999633789062,251.14999389648438,240.60000610351562,249.05999755859375,4996020.0
2022-06-27,253.8000030517578,253.8000030517578,249.0800018310547,250.49000549316406,4127285.0
2022-06-28,248.60000610351562,252.69000244140625,247.86000061035156,250.2100067138672,3527135.0
2022-06-29,248.0,251.9600067138672,243.60000610351562,244.82000732421875,2727410.0
2022-06-30,247.0,259.44000244140625,245.8300018310547,256.2699890136719,9956150.0
2022-07-01,253.24000549316406,254.9600067138672,247.6999969482422,253.13999938964844,5358285.0
2022-07-04,250.1999969482422,257.82000732421875,250.0,252.97000122070312,2008615.0
2022-07-05,253.77000427246094,262.0899963378906,252.2100067138672,255.47999572753906,6272225.0
2022-07-06,254.6300048828125,259.260009765625,254.02000427246094,256.80999755859375,3157810.0
2022-07-07,256.0,264.30999755859375,251.60000610351562,261.6499938964844,4945940.0
2022-07-08,263.9599914550781,264.7099914550781,254.1999969482422,256.0899963378906,3652815.0
2022-07-11,255.1300048828125,256.0,248.02000427246094,251.22999572753906,3691540.0
2022-07-12,249.8000030517578,251.5,246.74000549316406,247.25999450683594,3442455.0
2022-07-13,248.82000732421875,254.97999572753906,248.07000732421875,253.77999877929688,3151325.0
2022-07-14,254.8000030517578,259.8900146484375,254.00999450683594,258.989990234375,3203265.0
2022-07-15,260.0,263.6000061035156,255.17999267578125,262.92999267578125,2703045.0
2022-07-18,266.3999938964844,283.7900085449219,264.6000061035156,279.4200134277344,5420345.0
2022-07-19,276.44000244140625,279.79998779296875,271.4700012207031,278.30999755859375,4993150.0
2022-07-20,282.0,286.25,280.30999755859375,281.6099853515625,4629925.0
2022-07-21,280.6000061035156,293.69000244140625,279.0799865722656,292.3800048828125,4855305.0
2022-07-22,293.3999938964844,299.9800109863281,291.29998779296875,299.2200012207031,4810415.0
2022-07-25,294.6000061035156,301.79998779296875,294.6000061035156,299.29998779296875,4721665.0
2022-07-26,299.20001220703125,301.7799987792969,294.739990234375,295.6700134277344,4102640.0
2022-07-27,292.20001220703125,294.79998779296875,287.0,290.1600036621094,6702695.0
2022-07-28,295.6000061035156,301.239990234375,288.6000061035156,292.19000244140625,8557735.0
2022-07-29,296.0,296.0,274.1000061035156,275.95001220703125,9296570.0
2022-08-01,276.0,279.6000061035156,272.2200012207031,274.9700012207031,4709025.0
2022-08-02,275.3999938964844,280.6700134277344,272.6300048828125,275.82000732421875,4861880.0
2022-08-03,277.0,279.2900085449219,269.6199951171875,272.04998779296875,3733035.0
2022-08-04,275.3999938964844,275.3999938964844,266.7099914550781,271.9800109863281,4646770.0
2022-08-05,273.92999267578125,275.760009765625,270.80999755859375,272.489990234375,3153135.0
2022-08-08,274.0,280.79998779296875,271.20001220703125,278.45001220703125,4775785.0
2022-08-10,279.0,281.9200134277344,277.0400085449219,279.2799987792969,4003980.0
2022-08-11,281.1300048828125,285.05999755859375,278.239990234375,281.2099914550781,5658525.0
2022-08-12,281.20001220703125,281.2099914550781,272.510009765625,273.5899963378906,5225265.0
2022-08-16,273.0,277.3999938964844,270.55999755859375,272.94000244140625,6555990.0
2022-08-17,272.79998779296875,273.79998779296875,270.20001220703125,271.1099853515625,6599875.0
2022-08-18,270.04998779296875,273.04998779296875,265.4100036621094,269.69000244140625,4383855.0
2022-08-19,270.010009765625,272.9800109863281,268.0,269.3699951171875,3815695.0
2022-08-22,272.9700012207031,272.9700012207031,261.0,262.57000732421875,4246725.0
2022-08-23,261.0899963378906,271.32000732421875,259.6400146484375,267.32000732421875,4383165.0
2022-08-24,269.20001220703125,269.94000244140625,265.4200134277344,268.6099853515625,2029850.0
2022-08-25,269.79998779296875,272.739990234375,264.0,264.94000244140625,3292195.0
2022-08-26,267.0,269.489990234375,264.8299865722656,266.6700134277344,2107620.0
2022-08-29,260.45001220703125,266.3599853515625,260.0,264.9800109863281,2128080.0
2022-08-30,266.3999938964844,271.80999755859375,266.0899963378906,270.92999267578125,5142225.0
2022-09-01,268.3999938964844,271.6000061035156,264.6000061035156,265.8500061035156,2217970.0
2022-09-02,268.0,268.0,261.32000732421875,261.7200012207031,2321585.0
2022-09-05,264.17999267578125,267.6000061035156,262.010009765625,264.1600036621094,2988435.0
2022-09-06,266.760009765625,278.30999755859375,263.489990234375,276.95001220703125,8058715.0
2022-09-07,275.20001220703125,278.1700134277344,272.20001220703125,273.32000732421875,3464835.0
2022-09-08,274.79998779296875,277.17999267578125,271.20001220703125,272.2900085449219,3184610.0
2022-09-09,273.989990234375,275.0,264.0,264.82000732421875,3022760.0
2022-09-12,266.25,266.8699951171875,262.0,265.70001220703125,4745365.0
2022-09-13,267.0,270.0,264.7300109863281,266.5199890136719,3598305.0
2022-09-14,264.6700134277344,270.8900146484375,263.0199890136719,266.92999267578125,3689160.0
2022-09-15,268.2699890136719,274.79998779296875,262.6000061035156,265.19000244140625,4760095.0
2022-09-16,265.9599914550781,267.6000061035156,253.60000610351562,256.80999755859375,5117185.0
2022-09-19,257.3999938964844,261.6600036621094,256.0199890136719,257.3800048828125,1969205.0
2022-09-20,259.0400085449219,263.70001220703125,258.0,259.2200012207031,3808500.0
2022-09-21,259.95001220703125,261.989990234375,252.60000610351562,254.55999755859375,3779985.0
2022-09-22,252.60000610351562,255.1999969482422,248.25,251.44000244140625,4041540.0
2022-09-23,251.0,251.3800048828125,239.30999755859375,240.6300048828125,5578410.0
2022-09-26,238.22999572753906,240.44000244140625,229.64999389648438,234.99000549316406,3960710.0
2022-09-27,236.02000427246094,237.8300018310547,229.1999969482422,233.00999450683594,3060765.0
2022-09-28,231.9499969482422,238.6999969482422,231.0,234.97999572753906,7037355.0
2022-09-29,238.0,242.52999877929688,237.39999389648438,241.85000610351562,8863220.0
2022-09-30,240.0,244.5500030517578,237.8000030517578,239.50999450683594,3689185.0
2022-10-03,240.0,243.39999389648438,231.52999877929688,233.92999267578125,3393565.0
2022-10-04,236.02000427246094,240.75,235.0800018310547,239.97000122070312,2886230.0
2022-10-06,242.16000366210938,243.60000610351562,238.39999389648438,239.5500030517578,4285510.0
2022-10-07,239.39999389648438,241.92999267578125,234.1199951171875,239.82000732421875,5047815.0
2022-10-10,236.7899932861328,238.5399932861328,232.8000030517578,235.5500030517578,3026365.0
2022-10-11,235.0,238.85000610351562,233.99000549316406,234.77000427246094,2086380.0
2022-10-12,235.9499969482422,243.57000732421875,234.3300018310547,242.39999389648438,2322665.0
2022-10-13,242.17999267578125,242.17999267578125,235.00999450683594,237.8000030517578,2016655.0
2022-10-14,240.0,243.16000366210938,236.07000732421875,236.77999877929688,3429520.0
2022-10-17,236.0399932861328,239.47000122070312,234.39999389648438,238.47999572753906,1567175.0
2022-10-18,241.9600067138672,246.1699981689453,240.32000732421875,244.8300018310547,4394830.0
2022-10-19,245.0,246.8000030517578,241.02999877929688,242.91000366210938,1833905.0
2022-10-20,242.55999755859375,245.69000244140625,239.0,243.16000366210938,3339120.0
2022-10-21,245.0,246.5500030517578,236.67999267578125,239.5399932861328,5002910.0
2022-10-24,243.0,243.0,238.4199981689453,239.8000030517578,395760.0
2022-10-25,240.0,248.0,237.0399932861328,243.4199981689453,4718435.0
2022-10-27,245.0,250.74000549316406,242.2100067138672,249.3800048828125,4543535.0
2022-10-28,250.6300048828125,256.7699890136719,248.80999755859375,254.94000244140625,2765695.0
2022-10-31,254.7899932861328,254.7899932861328,245.0,245.8300018310547,3104155.0
2022-11-01,246.3000030517578,247.25999450683594,240.60000610351562,241.5399932861328,6675575.0
2022-11-02,241.60000610351562,244.55999755859375,240.0,241.55999755859375,2733960.0
2022-11-03,240.39999389648438,248.6699981689453,239.1699981689453,248.0500030517578,3636250.0
2022-11-04,249.0,252.86000061035156,248.0800018310547,251.91000366210938,3337760.0
2022-11-07,252.8699951171875,258.79998779296875,251.33999633789062,257.8299865722656,2258285.0
2022-11-09,252.8000030517578,259.79998779296875,252.8000030517578,255.05999755859375,1989790.0
2022-11-10,253.9600067138672,258.0,247.49000549316406,249.02999877929688,3089160.0
2022-11-11,250.39999389648438,257.3999938964844,250.39999389648438,255.35000610351562,2488040.0
2022-11-14,255.97999572753906,257.1000061035156,251.0800018310547,253.14999389648438,1655990.0
2022-11-15,253.99000549316406,254.02000427246094,249.2100067138672,250.5399932861328,1474635.0
2022-11-16,250.39999389648438,250.9600067138672,245.05999755859375,246.72999572753906,2486780.0
2022-11-17,246.39999389648438,261.9599914550781,246.39999389648438,255.1300048828125,10895855.0
2022-11-18,255.10000610351562,256.8900146484375,248.39999389648438,250.25,5665580.0
2022-11-21,250.49000549316406,261.0,248.60000610351562,260.0299987792969,11427320.0
2022-11-22,260.989990234375,270.989990234375,258.20001220703125,269.29998779296875,9851655.0
2022-11-23,270.0,272.5899963378906,265.04998779296875,266.8500061035156,6956495.0
2022-11-24,268.19000244140625,268.19000244140625,261.0,262.3399963378906,3504165.0
2022-11-25,263.0,264.3999938964844,255.0399932861328,256.0299987792969,4325525.0
2022-11-28,254.8000030517578,258.9599914550781,249.39999389648438,252.9499969482422,22810780.0
2022-11-29,250.5500030517578,256.20001220703125,250.3000030517578,254.05999755859375,8742450.0
2022-11-30,254.49000549316406,275.0,254.39999389648438,270.0,11378515.0
2022-12-01,269.2900085449219,269.2900085449219,255.39999389648438,257.3699951171875,8011285.0
2022-12-02,257.3299865722656,259.6400146484375,253.60000610351562,258.07000732421875,5168550.0
2022-12-05,259.20001220703125,260.0,255.8000030517578,258.9700012207031,4417660.0
2022-12-06,259.0,267.79998779296875,258.0400085449219,265.30999755859375,10171880.0
2022-12-07,265.6000061035156,273.3500061035156,265.3999938964844,267.0400085449219,6943485.0
2022-12-08,266.9800109863281,271.0,265.0,267.6400146484375,2846375.0
2022-12-09,269.67999267578125,270.82000732421875,263.2900085449219,268.80999755859375,3202765.0
2022-12-12,268.0,275.19000244140625,265.6499938964844,272.7099914550781,5938835.0
2022-12-13,272.20001220703125,274.19000244140625,268.0,273.1700134277344,1977965.0
2022-12-14,273.19000244140625,276.0,271.0799865722656,275.7099914550781,4138030.0
2022-12-15,275.0799865722656,280.8399963378906,274.010009765625,278.6400146484375,3778060.0
2022-12-16,275.3999938964844,280.79998779296875,267.6199951171875,274.0899963378906,9071230.0
2022-12-19,274.7900085449219,277.3699951171875,272.3999938964844,274.45001220703125,3297195.0
2022-12-20,273.9800109863281,279.79998779296875,270.4800109863281,277.8500061035156,2851545.0
2022-12-21,277.3599853515625,283.8999938964844,272.04998779296875,273.8800048828125,4286630.0
2022-12-22,275.0,277.3999938964844,265.6700134277344,267.8800048828125,1549960.0
2022-12-23,265.3900146484375,265.3900146484375,258.1199951171875,260.29998779296875,1564975.0
2022-12-26,260.30999755859375,273.3999938964844,259.010009765625,270.2300109863281,1606850.0
2022-12-27,272.3999938964844,278.0,265.9100036621094,275.7799987792969,2420365.0
2022-12-28,272.7099914550781,279.3999938964844,270.5,277.7200012207031,2201075.0
2022-12-29,269.79998779296875,269.79998779296875,250.27000427246094,262.45001220703125,19945730.0
2022-12-30,266.0,276.9599914550781,265.0299987792969,275.3800048828125,7329350.0
2023-01-02,276.20001220703125,278.0,272.3999938964844,277.1600036621094,2184945.0
2023-01-03,273.760009765625,275.3900146484375,267.1199951171875,269.92999267578125,2678225.0
2023-01-04,269.6000061035156,270.5799865722656,263.57000732421875,265.6700134277344,2709675.0
2023-01-05,267.19000244140625,268.0,262.25,263.9800109863281,2309935.0
2023-01-06,264.9800109863281,265.1499938964844,257.3999938964844,258.92999267578125,1599915.0
2023-01-09,260.0,264.94000244140625,259.8999938964844,263.7200012207031,2348255.0
2023-01-10,264.5299987792969,267.5199890136719,263.7200012207031,266.7799987792969,2849300.0
2023-01-11,266.79998779296875,268.7699890136719,263.82000732421875,266.8999938964844,1445245.0
2023-01-12,268.29998779296875,268.45001220703125,261.0400085449219,262.5299987792969,2259350.0
2023-01-13,262.0,262.6000061035156,253.52000427246094,256.6400146484375,4597480.0
2023-01-16,257.79998779296875,260.30999755859375,253.8000030517578,254.5399932861328,2549280.0
2023-01-17,255.5500030517578,256.1300048828125,252.5800018310547,254.3300018310547,3167635.0
2023-01-18,255.60000610351562,258.3500061035156,251.22999572753906,256.79998779296875,2375830.0
2023-01-19,256.79998779296875,259.4700012207031,254.4600067138672,258.9599914550781,2489795.0
2023-01-20,258.79998779296875,258.79998779296875,253.27999877929688,255.4600067138672,1984570.0
2023-01-23,256.4200134277344,259.3900146484375,254.97999572753906,256.9200134277344,1269830.0
2023-01-24,257.5799865722656,258.55999755859375,252.60000610351562,253.05999755859375,1061495.0
2023-01-25,253.7100067138672,254.1300048828125,246.0,250.83999633789062,2130930.0
2023-01-27,251.0,256.79998779296875,246.00999450683594,248.2100067138672,2410525.0
2023-01-30,247.8000030517578,252.97999572753906,245.47999572753906,248.77000427246094,5905675.0
2023-01-31,249.52000427246094,259.0799865722656,246.67999267578125,257.32000732421875,6053500.0
2023-02-01,265.6000061035156,273.3800048828125,255.63999938964844,259.4700012207031,7936630.0
2023-02-02,258.5799865722656,259.9200134277344,250.60000610351562,252.89999389648438,2552580.0
2023-02-03,254.24000549316406,256.8399963378906,250.0,255.80999755859375,2600590.0
2023-02-06,252.0,259.5199890136719,252.0,258.7300109863281,2088355.0
2023-02-07,258.7799987792969,260.6000061035156,255.8000030517578,258.260009765625,1940780.0
2023-02-08,259.55999755859375,262.1600036621094,258.010009765625,261.5299987792969,1715770.0
2023-02-09,261.70001220703125,263.489990234375,259.7099914550781,263.010009765625,1437655.0
2023-02-10,264.0,264.0,253.5399932861328,255.72000122070312,3358630.0
2023-02-13,255.72000122070312,256.94000244140625,250.60000610351562,251.22000122070312,1789390.0
2023-02-14,252.39999389648438,254.89999389648438,249.97999572753906,254.0399932861328,1050085.0
2023-02-15,253.10000610351562,255.5800018310547,251.39999389648438,254.5399932861328,1236070.0
2023-02-16,256.3999938964844,256.4599914550781,249.27000427246094,251.74000549316406,3304915.0
2023-02-17,249.97999572753906,252.25999450683594,246.10000610351562,246.82000732421875,2077315.0
2023-02-20,251.75999450683594,251.75999450683594,246.83999633789062,247.44000244140625,2309105.0
2023-02-21,249.39999389648438,250.52999877929688,242.1999969482422,242.99000549316406,2163550.0
2023-02-22,242.1999969482422,244.25999450683594,239.02000427246094,241.61000061035156,3253235.0
2023-02-23,241.99000549316406,243.0500030517578,239.02000427246094,240.05999755859375,1641205.0
2023-02-24,240.55999755859375,244.39999389648438,240.17999267578125,243.69000244140625,2464105.0
2023-02-27,243.69000244140625,244.1199951171875,238.39999389648438,240.5800018310547,1437525.0
2023-02-28,241.0,242.52999877929688,238.0,240.6699981689453,13260610.0
2023-03-01,241.39999389648438,246.2899932861328,241.0,244.3300018310547,2913235.0
2023-03-02,244.60000610351562,244.97999572753906,238.60000610351562,241.9199981689453,2720640.0
2023-03-03,243.1300048828125,245.8000030517578,242.07000732421875,243.3800048828125,1836725.0
2023-03-06,244.0,249.80999755859375,244.0,249.3699951171875,3145920.0
2023-03-08,249.0,258.9800109863281,244.22000122070312,254.08999633789062,51702925.0
2023-03-09,255.99000549316406,262.94000244140625,255.0,258.0799865722656,8022010.0
2023-03-10,256.989990234375,257.0,251.69000244140625,253.92999267578125,1446625.0
2023-03-13,254.14999389648438,256.7699890136719,250.33999633789062,251.61000061035156,3683830.0
2023-03-14,250.2100067138672,251.60000610351562,244.60000610351562,247.8000030517578,3141790.0
2023-03-15,250.1999969482422,250.80999755859375,245.0800018310547,245.91000366210938,1987050.0
2023-03-16,246.39999389648438,252.1699981689453,245.74000549316406,250.0399932861328,3988570.0
2023-03-17,251.3000030517578,253.58999633789062,247.36000061035156,249.1999969482422,4182610.0
2023-03-20,254.97999572753906,254.97999572753906,240.7100067138672,243.94000244140625,3402415.0
2023-03-21,246.67999267578125,257.7300109863281,243.6199951171875,252.10000610351562,5079360.0
2023-03-22,252.38999938964844,252.9600067138672,248.33999633789062,249.22999572753906,1814750.0
2023-03-23,248.39999389648438,252.8300018310547,246.8000030517578,252.11000061035156,2141185.0
2023-03-24,250.86000061035156,251.86000061035156,245.0,246.63999938964844,4290270.0
2023-03-27,246.39999389648438,246.60000610351562,241.1300048828125,241.8800048828125,1948390.0
2023-03-28,242.2100067138672,246.86000061035156,240.42999267578125,245.17999267578125,2605125.0
2023-03-29,245.17999267578125,252.0,244.3000030517578,250.36000061035156,1649135.0
2023-03-31,250.60000610351562,256.3800048828125,250.60000610351562,251.8800048828125,4489935.0
2023-04-03,253.1999969482422,258.20001220703125,253.1999969482422,257.2900085449219,2297460.0
2023-04-05,256.20001220703125,258.8399963378906,254.88999938964844,257.80999755859375,1710530.0
2023-04-06,257.20001220703125,261.3999938964844,256.0299987792969,260.7699890136719,1428390.0
2023-04-10,260.7699890136719,261.3999938964844,257.010009765625,260.95001220703125,630385.0
2023-04-11,260.95001220703125,262.0,255.39999389648438,259.05999755859375,2316150.0
2023-04-12,259.79998779296875,262.3999938964844,257.7099914550781,261.79998779296875,2680600.0
2023-04-13,261.7900085449219,261.7900085449219,258.3999938964844,259.32000732421875,774615.0
2023-04-17,260.0,265.3999938964844,259.17999267578125,264.2699890136719,2927410.0
2023-04-18,265.45001220703125,269.0,263.79998779296875,267.8399963378906,2602290.0
2023-04-19,269.4700012207031,273.9800109863281,267.510009765625,273.30999755859375,2649705.0
2023-04-20,274.010009765625,274.7099914550781,267.1700134277344,267.8699951171875,1972785.0
2023-04-21,271.0799865722656,272.3500061035156,268.2099914550781,271.7699890136719,1533610.0
2023-04-24,272.20001220703125,282.3599853515625,271.239990234375,278.5199890136719,3484290.0
2023-04-25,279.94000244140625,293.8599853515625,279.0199890136719,286.54998779296875,11463135.0
2023-04-26,287.9700012207031,287.9700012207031,276.3999938964844,281.2300109863281,4680385.0
2023-04-27,280.0,282.3999938964844,276.3999938964844,281.1099853515625,5355815.0
2023-04-28,270.0,273.0,261.79998779296875,266.5199890136719,15378245.0
2023-05-02,269.7799987792969,270.6600036621094,264.3299865722656,265.05999755859375,4445290.0
2023-05-03,264.6099853515625,267.1400146484375,263.25,263.80999755859375,2404405.0
2023-05-04,265.20001220703125,266.20001220703125,263.20001220703125,265.5400085449219,2605540.0
2023-05-05,265.6000061035156,269.4700012207031,263.25,263.7699890136719,1867575.0
2023-05-08,265.79998779296875,271.0,263.7699890136719,269.5799865722656,3146345.0
2023-05-09,271.739990234375,280.0,269.1400146484375,269.6499938964844,4717955.0
2023-05-10,272.20001220703125,272.20001220703125,266.1000061035156,270.6099853515625,2721495.0
2023-05-11,270.2200012207031,273.9800109863281,268.010009765625,272.8599853515625,1675840.0
2023-05-12,272.989990234375,274.92999267578125,268.20001220703125,269.95001220703125,1868500.0
2023-05-15,270.6000061035156,273.5199890136719,267.2099914550781,268.1199951171875,3314115.0
2023-05-16,270.0,272.05999755859375,265.0,265.7200012207031,5037130.0
2023-05-17,265.79998779296875,270.1199951171875,265.0199890136719,268.8399963378906,1876620.0
2023-05-18,270.489990234375,271.3999938964844,265.8900146484375,269.2200012207031,3189190.0
2023-05-19,271.3800048828125,271.3800048828125,266.6000061035156,267.8599853515625,3457825.0
2023-05-22,267.20001220703125,267.5799865722656,261.20001220703125,263.8599853515625,3724060.0
2023-05-23,264.7900085449219,276.07000732421875,264.07000732421875,272.6600036621094,3621815.0
2023-05-24,272.5400085449219,278.0,271.239990234375,273.92999267578125,4991420.0
2023-05-25,273.92999267578125,277.6000061035156,271.6700134277344,275.07000732421875,2376370.0
2023-05-26,275.07000732421875,277.2300109863281,273.0,276.7200012207031,2622815.0
2023-05-29,277.6000061035156,284.67999267578125,276.7200012207031,281.760009765625,5878845.0
2023-05-30,282.29998779296875,284.239990234375,281.1400146484375,283.3599853515625,3948785.0
2023-05-31,283.5299987792969,283.9800109863281,278.2799987792969,279.95001220703125,6080605.0
2023-06-01,279.95001220703125,283.70001220703125,279.95001220703125,282.04998779296875,2902875.0
2023-06-02,283.07000732421875,284.8399963378906,280.8399963378906,282.6700134277344,3680045.0
2023-06-05,284.20001220703125,285.42999267578125,279.5299987792969,280.19000244140625,2510040.0
2023-06-06,281.489990234375,283.95001220703125,277.1499938964844,281.7799987792969,1777200.0
2023-06-07,280.0,285.20001220703125,278.0,281.6700134277344,3799040.0
2023-06-08,282.6000061035156,289.79998779296875,280.0,282.19000244140625,4030580.0
2023-06-09,282.0,287.760009765625,281.79998779296875,283.44000244140625,2435880.0
2023-06-12,285.0,292.25,283.3999938964844,290.4700012207031,2951100.0
2023-06-13,291.6199951171875,292.20001220703125,287.0,288.67999267578125,3300860.0
2023-06-14,290.0,290.0,280.45001220703125,281.55999755859375,3617290.0
2023-06-15,282.79998779296875,284.0,280.79998779296875,282.8399963378906,2747890.0
2023-06-16,281.29998779296875,282.20001220703125,278.0199890136719,280.29998779296875,6897545.0
2023-06-19,294.6000061035156,300.17999267578125,290.55999755859375,293.9700012207031,15970295.0
2023-06-20,294.0,314.5400085449219,291.2099914550781,311.92999267578125,13814600.0
2023-06-21,343.1199951171875,358.7099914550781,335.0,346.8699951171875,67327115.0
2023-06-22,353.0,353.0,338.3399963378906,343.75,20695285.0
2023-06-23,338.6099853515625,341.7099914550781,328.3699951171875,335.3299865722656,26775580.0
2023-06-26,333.739990234375,342.69000244140625,328.45001220703125,340.6700134277344,9027690.0
2023-06-27,340.79998779296875,345.7099914550781,332.0,339.2300109863281,9250910.0
2023-06-28,342.0,343.6700134277344,337.8299865722656,340.20001220703125,9058510.0
2023-06-30,340.2200012207031,353.3900146484375,339.55999755859375,347.0400085449219,13348225.0
2023-07-03,350.5400085449219,355.5799865722656,348.6199951171875,351.5899963378906,7848930.0
2023-07-04,354.3999938964844,358.6400146484375,348.0,355.5400085449219,8948575.0
2023-07-05,355.6000061035156,365.6000061035156,353.7799987792969,360.45001220703125,13158105.0
2023-07-06,360.32000732421875,360.32000732421875,353.45001220703125,354.2699890136719,4616375.0
2023-07-07,355.0,355.79998779296875,342.3999938964844,343.7200012207031,6705130.0
2023-07-10,345.7900085449219,346.0799865722656,340.7699890136719,344.6400146484375,6425075.0
2023-07-11,345.9800109863281,355.510009765625,345.2300109863281,352.1400146484375,6085610.0
2023-07-12,352.0199890136719,363.5899963378906,351.94000244140625,361.1000061035156,6537300.0
2023-07-13,363.5,365.8399963378906,356.6000061035156,357.79998779296875,6218315.0
2023-07-14,360.0,362.2699890136719,354.5299987792969,356.7799987792969,4492200.0
2023-07-17,357.2200012207031,358.4100036621094,351.0400085449219,353.8999938964844,4223875.0
2023-07-18,355.760009765625,360.239990234375,354.0,356.8299865722656,7805875.0
2023-07-19,356.79998779296875,358.94000244140625,354.55999755859375,357.1499938964844,5968125.0
2023-07-20,357.0,359.70001220703125,355.6000061035156,356.57000732421875,2878425.0
2023-07-21,355.69000244140625,373.6300048828125,355.0,366.29998779296875,15551270.0
2023-07-24,368.1600036621094,369.5899963378906,356.0,359.260009765625,30150490.0
2023-07-25,366.17999267578125,366.19000244140625,359.20001220703125,364.70001220703125,7020285.0
2023-07-26,365.20001220703125,367.0799865722656,361.739990234375,363.8299865722656,3995010.0
2023-07-27,367.6000061035156,369.82000732421875,357.30999755859375,362.3299865722656,11626560.0
2023-07-28,365.2099914550781,367.6600036621094,358.0,363.57000732421875,5905730.0
2023-07-31,366.2900085449219,379.6000061035156,363.6099853515625,378.6300048828125,7778860.0
2023-08-01,378.6300048828125,380.20001220703125,369.0,370.739990234375,5345210.0
2023-08-02,372.0,373.25,360.3299865722656,366.6300048828125,7630985.0
2023-08-03,365.79998779296875,367.7200012207031,358.29998779296875,363.69000244140625,3816705.0
2023-08-04,365.0,368.739990234375,360.4100036621094,367.3999938964844,5455600.0
2023-08-07,368.17999267578125,372.0,366.6300048828125,370.9599914550781,4926185.0
2023-08-08,370.9800109863281,374.95001220703125,368.0,372.2799987792969,9859755.0
2023-08-09,374.6000061035156,375.17999267578125,368.0,369.7799987792969,6340300.0
2023-08-10,370.92999267578125,374.7799987792969,368.0,370.1400146484375,5397960.0
2023-08-11,370.0,370.010009765625,360.82000732421875,361.5899963378906,5133290.0
2023-08-14,361.5899963378906,363.8599853515625,354.9100036621094,362.7099914550781,4598320.0
2023-08-16,362.760009765625,363.3299865722656,352.0199890136719,359.20001220703125,9040420.0
2023-08-17,362.3900146484375,374.0,362.3900146484375,368.8800048828125,6805160.0
2023-08-18,370.3999938964844,370.3999938964844,361.6099853515625,364.0899963378906,4286650.0
2023-08-21,364.0,371.0,362.92999267578125,368.6499938964844,6865250.0
2023-08-22,370.7900085449219,370.7900085449219,366.1400146484375,369.010009765625,4892080.0
2023-08-23,369.79998779296875,371.2699890136719,364.2300109863281,370.44000244140625,2475480.0
2023-08-24,371.0,386.3500061035156,371.0,375.1000061035156,8085270.0
2023-08-25,373.0,375.94000244140625,367.3999938964844,372.8299865722656,4806385.0
2023-08-28,373.989990234375,374.19000244140625,369.2300109863281,372.3699951171875,4670145.0
2023-08-29,373.3999938964844,375.6000061035156,369.3599853515625,374.45001220703125,2919905.0
2023-08-30,374.3999938964844,384.0,373.55999755859375,376.82000732421875,3644915.0
2023-08-31,379.0,387.79998779296875,377.82000732421875,385.6600036621094,12639870.0
2023-09-01,386.0,387.19000244140625,381.3699951171875,382.4100036621094,3756035.0
2023-09-04,383.3999938964844,389.0,377.8500061035156,378.7799987792969,7899565.0
2023-09-05,380.760009765625,385.989990234375,376.0400085449219,382.70001220703125,6793595.0
2023-09-06,383.9800109863281,385.3999938964844,376.3999938964844,378.5199890136719,6908360.0
2023-09-07,379.0,380.1600036621094,374.1300048828125,378.739990234375,6035475.0
2023-09-08,382.0,391.989990234375,380.55999755859375,390.7699890136719,7287555.0
2023-09-11,394.3599853515625,394.3599853515625,387.6300048828125,391.44000244140625,6565460.0
2023-09-12,393.9700012207031,393.9700012207031,378.2699890136719,382.2300109863281,6903070.0
2023-09-13,380.4100036621094,384.0,375.44000244140625,382.07000732421875,6517920.0
2023-09-14,384.0,385.54998779296875,381.1199951171875,383.0799865722656,5225585.0
2023-09-15,385.5899963378906,386.7300109863281,381.20001220703125,384.45001220703125,6773145.0
2023-09-18,383.2300109863281,384.9200134277344,380.2900085449219,382.5,3166810.0
2023-09-20,380.0,389.0,378.5899963378906,383.5799865722656,4028295.0
2023-09-21,382.94000244140625,384.79998779296875,378.20001220703125,380.05999755859375,2504980.0
2023-09-22,380.05999755859375,385.94000244140625,376.20001220703125,378.19000244140625,2804785.0
2023-09-25,378.19000244140625,391.8699951171875,372.1300048828125,389.1099853515625,10327105.0
2023-09-26,388.3999938964844,388.6199951171875,374.20001220703125,376.9200134277344,5973300.0
2023-09-27,379.6000061035156,382.67999267578125,376.04998779296875,378.4800109863281,3216495.0
2023-09-28,381.8599853515625,382.4800109863281,371.2699890136719,374.2900085449219,21636670.0
2023-09-29,374.5400085449219,386.19000244140625,373.1199951171875,383.8699951171875,6908925.0
2023-10-03,387.6000061035156,387.9800109863281,376.20001220703125,384.3900146484375,11039535.0
2023-10-04,381.79998779296875,383.989990234375,368.29998779296875,370.1199951171875,6700835.0
2023-10-05,370.3999938964844,374.5899963378906,364.6000061035156,367.5,7397385.0
2023-10-06,370.19000244140625,372.6000061035156,367.0,369.7699890136719,6311950.0
2023-10-09,368.010009765625,368.1700134277344,360.7300109863281,364.17999267578125,5354120.0
2023-10-10,368.0,379.3500061035156,363.0400085449219,378.57000732421875,8377560.0
2023-10-11,381.4100036621094,384.1000061035156,377.1099853515625,379.7200012207031,4561415.0
2023-10-12,381.7099914550781,381.7099914550781,375.0,375.6199951171875,3313985.0
2023-10-13,374.9700012207031,377.3500061035156,374.0799865722656,376.19000244140625,2983920.0
2023-10-16,376.19000244140625,377.0,371.1199951171875,373.510009765625,2463960.0
2023-10-17,375.69000244140625,378.5799865722656,374.3999938964844,377.69000244140625,3378270.0
2023-10-18,377.67999267578125,378.1700134277344,370.510009765625,373.239990234375,2524565.0
2023-10-19,367.3999938964844,378.0,364.69000244140625,375.7699890136719,3099700.0
2023-10-20,375.29998779296875,377.1499938964844,373.20001220703125,375.3399963378906,2206225.0
2023-10-23,374.9599914550781,383.20001220703125,373.20001220703125,376.0,10365280.0
2023-10-25,374.30999755859375,377.3699951171875,358.3999938964844,363.2300109863281,6849205.0
2023-10-26,363.2300109863281,363.7699890136719,352.1700134277344,359.5199890136719,4792965.0
2023-10-27,370.20001220703125,405.94000244140625,370.20001220703125,387.0400085449219,25056665.0
2023-10-30,387.0,387.0400085449219,373.04998779296875,378.44000244140625,10187990.0
2023-10-31,380.3999938964844,381.3900146484375,374.1400146484375,375.9700012207031,8455335.0
2023-11-01,376.79998779296875,381.3999938964844,375.2300109863281,380.45001220703125,3794295.0
2023-11-02,382.70001220703125,393.0,380.55999755859375,390.9700012207031,4288760.0
2023-11-03,392.5,405.5899963378906,390.4100036621094,402.7099914550781,9322270.0
2023-11-06,401.7900085449219,402.4800109863281,396.3999938964844,398.29998779296875,5634155.0
2023-11-07,399.9800109863281,401.0799865722656,390.8500061035156,397.44000244140625,8807090.0
2023-11-08,397.44000244140625,398.5299987792969,394.25,395.92999267578125,3525375.0
2023-11-09,394.0,394.0,388.0,388.67999267578125,4975345.0
2023-11-10,388.0,393.19000244140625,385.3800048828125,390.44000244140625,2430100.0
2023-11-13,391.4800109863281,394.6000061035156,386.0400085449219,393.55999755859375,2779500.0
2023-11-15,397.04998779296875,408.239990234375,395.0199890136719,407.1499938964844,6346865.0
2023-11-16,407.3599853515625,410.20001220703125,403.1000061035156,407.1499938964844,3184495.0
2023-11-17,403.7900085449219,403.7900085449219,396.2200012207031,398.9599914550781,5468870.0
2023-11-20,399.0,401.9599914550781,395.55999755859375,397.7900085449219,2862980.0
2023-11-21,400.0,403.9599914550781,396.0400085449219,399.9700012207031,5089455.0
2023-11-22,400.989990234375,402.0,390.6499938964844,395.4200134277344,2639075.0
2023-11-23,395.6000061035156,399.7799987792969,394.0,394.9700012207031,1529325.0
2023-11-24,394.9700012207031,396.0,388.2200012207031,389.5,2379295.0
2023-11-28,390.3599853515625,394.0,386.9100036621094,393.1400146484375,3604165.0
2023-11-29,393.1400146484375,396.2799987792969,392.0,394.8699951171875,3299720.0
2023-11-30,394.6099853515625,404.0,394.260009765625,401.44000244140625,11002290.0
2023-12-01,402.79998779296875,405.9800109863281,399.3999938964844,400.6499938964844,3034950.0
2023-12-04,405.0,421.6000061035156,401.45001220703125,418.8900146484375,9360830.0
2023-12-05,418.8900146484375,419.7699890136719,408.6099853515625,413.989990234375,8296900.0
2023-12-06,415.3999938964844,416.82000732421875,409.0,411.1400146484375,3598450.0
2023-12-07,412.19000244140625,414.0,406.0,406.9599914550781,3904160.0
2023-12-08,410.0,411.5,402.94000244140625,406.32000732421875,4218365.0
2023-12-11,406.32000732421875,413.5799865722656,403.0899963378906,409.4200134277344,4948465.0
2023-12-12,413.0,413.0,397.6099853515625,399.04998779296875,7159045.0
2023-12-13,401.989990234375,402.3399963378906,395.2099914550781,399.05999755859375,7973270.0
2023-12-14,401.20001220703125,426.0,401.0199890136719,423.6600036621094,11924520.0
2023-12-15,423.3999938964844,424.32000732421875,414.0199890136719,415.5400085449219,11228265.0
2023-12-18,415.3599853515625,415.7099914550781,408.5799865722656,409.6000061035156,4203410.0
2023-12-19,411.760009765625,416.5299987792969,408.0,411.9100036621094,11070960.0
2023-12-20,412.20001220703125,422.3900146484375,398.0,399.75,9435625.0
2023-12-21,399.4599914550781,409.5799865722656,394.3999938964844,403.3699951171875,9405990.0
2023-12-22,405.9800109863281,413.79998779296875,403.29998779296875,411.0899963378906,6928875.0
2023-12-26,414.3999938964844,415.3599853515625,405.6199951171875,407.1499938964844,4822975.0
2023-12-27,408.2099914550781,413.1000061035156,407.1600036621094,409.9800109863281,3750095.0
2023-12-28,412.9599914550781,412.9599914550781,407.2200012207031,409.1300048828125,3288345.0
2023-12-29,410.5,413.6000061035156,407.5899963378906,410.6600036621094,5291010.0
2024-01-01,411.1099853515625,412.0,408.2200012207031,409.7699890136719,1523610.0
2024-01-02,410.0,411.95001220703125,403.20001220703125,406.010009765625,5389635.0
2024-01-03,407.0,419.6000061035156,405.79998779296875,418.010009765625,6787670.0
2024-01-04,420.0,430.5,418.0400085449219,429.6300048828125,7695105.0
2024-01-05,430.6000061035156,435.3500061035156,423.8900146484375,434.4800109863281,8114435.0
2024-01-08,436.79998779296875,445.0,432.7099914550781,439.2699890136719,7487975.0
2024-01-09,441.32000732421875,444.6099853515625,430.1199951171875,433.57000732421875,5463445.0
2024-01-10,436.0,437.57000732421875,427.1400146484375,430.0,2470725.0
2024-01-11,443.5899963378906,457.9700012207031,440.79998779296875,455.95001220703125,14663945.0
2024-01-12,458.55999755859375,460.6199951171875,452.0199890136719,458.55999755859375,5187280.0
2024-01-15,458.55999755859375,458.55999755859375,458.55999755859375,458.55999755859375,0.0
2024-01-16,465.0,466.989990234375,459.010009765625,461.94000244140625,6647950.0
2024-01-17,458.79998779296875,463.57000732421875,448.0,457.6000061035156,5308645.0
2024-01-18,454.20001220703125,457.4599914550781,439.30999755859375,451.0799865722656,7883550.0
2024-01-19,454.20001220703125,464.3900146484375,454.20001220703125,460.3699951171875,5296785.0
2024-01-23,457.4100036621094,462.7900085449219,449.5199890136719,455.8999938964844,10999270.0
2024-01-24,446.7699890136719,463.0,441.9100036621094,460.489990234375,8501730.0
2024-01-25,463.55999755859375,470.5899963378906,458.3999938964844,461.42999267578125,5327820.0
2024-01-29,486.3999938964844,488.3999938964844,460.42999267578125,481.79998779296875,17895075.0
2024-01-30,481.79998779296875,499.30999755859375,481.79998779296875,490.5899963378906,14238795.0
2024-01-31,490.0,495.9200134277344,480.1000061035156,493.3599853515625,9573360.0
2024-02-01,482.20001220703125,487.7900085449219,477.7200012207031,479.44000244140625,10601720.0
2024-02-02,479.5,484.2300109863281,477.1199951171875,481.1000061035156,4405185.0
2024-02-05,483.79998779296875,486.4800109863281,469.44000244140625,471.4200134277344,1993400.0
2024-02-06,472.0,480.7799987792969,464.7300109863281,479.2900085449219,7511415.0
2024-02-07,479.5899963378906,491.8299865722656,479.2900085449219,482.7300109863281,5230250.0
2024-02-08,485.0,485.0,468.1600036621094,469.5899963378906,4430985.0
2024-02-09,469.5899963378906,470.80999755859375,458.29998779296875,466.82000732421875,2903050.0
2024-02-12,467.0,470.5899963378906,450.9700012207031,452.45001220703125,2845040.0
2024-02-13,453.3999938964844,468.70001220703125,447.04998779296875,466.1300048828125,8984610.0
2024-02-14,457.0,480.9200134277344,456.0400085449219,478.6600036621094,3686385.0
2024-02-15,487.44000244140625,492.67999267578125,482.3999938964844,487.5199890136719,5721585.0
2024-02-16,488.0,491.9599914550781,486.7699890136719,489.8800048828125,4596560.0
2024-02-19,489.8800048828125,492.3900146484375,483.30999755859375,487.9800109863281,3451410.0
2024-02-20,487.9800109863281,488.9700012207031,479.05999755859375,483.3299865722656,4396705.0
2024-02-21,482.760009765625,483.010009765625,469.010009765625,471.19000244140625,3665875.0
2024-02-22,471.82000732421875,479.94000244140625,466.6099853515625,479.0400085449219,2571220.0
2024-02-23,479.70001220703125,491.3999938964844,477.6199951171875,489.0899963378906,5723325.0
2024-02-26,489.9800109863281,507.0,489.5899963378906,497.0299987792969,5989015.0
2024-02-27,495.0,501.8699951171875,451.3999938964844,474.4800109863281,20513770.0
2024-02-28,478.3999938964844,487.5899963378906,461.5799865722656,469.760009765625,11119410.0
2024-02-29,479.79998779296875,491.0199890136719,470.2300109863281,487.7200012207031,20232355.0
2024-03-01,493.8999938964844,494.7699890136719,487.0,490.0899963378906,5500370.0
2024-03-04,492.0,493.0,483.79998779296875,489.29998779296875,2666695.0
2024-03-05,482.20001220703125,491.1700134277344,482.20001220703125,486.29998779296875,6190170.0
2024-03-06,488.79998779296875,490.6000061035156,469.7799987792969,474.9200134277344,6744720.0
2024-03-07,474.9200134277344,491.0799865722656,474.9200134277344,489.9100036621094,5963990.0
2024-03-11,489.20001220703125,499.9800109863281,484.1300048828125,496.19000244140625,11377355.0
2024-03-12,496.79998779296875,496.79998779296875,482.0400085449219,484.3500061035156,7206710.0
2024-03-13,486.9800109863281,487.94000244140625,460.0199890136719,464.2799987792969,8118855.0
2024-03-14,463.0,465.5899963378906,453.2300109863281,458.29998779296875,10111785.0
2024-03-15,458.79998779296875,463.0,450.20001220703125,453.3599853515625,7257360.0
2024-03-18,453.0,466.5799865722656,452.95001220703125,461.7900085449219,5870405.0
2024-03-19,464.6000061035156,468.5799865722656,455.510009765625,457.3999938964844,6619825.0
2024-03-20,458.0,465.5799865722656,456.0,462.8399963378906,4526425.0
2024-03-21,464.5400085449219,470.989990234375,458.0,462.1600036621094,8698620.0
2024-03-22,467.79998779296875,471.739990234375,461.0299987792969,466.1400146484375,6367775.0
2024-03-26,456.20001220703125,477.8800048828125,455.989990234375,474.510009765625,10693585.0
2024-03-27,482.0,486.0,469.0,477.2699890136719,77232200.0
2024-03-28,474.80999755859375,478.9100036621094,467.6499938964844,471.9599914550781,11625440.0
2024-04-01,474.20001220703125,487.3999938964844,473.2099914550781,486.3500061035156,4228910.0
2024-04-02,486.0,494.260009765625,485.989990234375,493.19000244140625,4433110.0
2024-04-03,495.3999938964844,513.3599853515625,491.760009765625,511.2900085449219,11588495.0
2024-04-04,514.989990234375,514.989990234375,497.20001220703125,499.8599853515625,7019985.0
2024-04-05,502.1099853515625,506.3999938964844,499.6199951171875,503.7699890136719,3253480.0
2024-04-08,508.5899963378906,516.0599975585938,505.3999938964844,513.8400268554688,3678905.0
2024-04-09,518.0,521.1300048828125,504.6199951171875,510.0799865722656,4766875.0
2024-04-10,511.989990234375,513.25,503.8999938964844,505.6099853515625,3504425.0
2024-04-12,503.989990234375,503.989990234375,495.7799987792969,497.1199951171875,4144555.0
2024-04-15,498.6000061035156,498.6000061035156,481.6099853515625,482.92999267578125,4750690.0
2024-04-16,480.0,484.79998779296875,473.6700134277344,480.1499938964844,4033025.0
2024-04-18,483.9800109863281,488.45001220703125,472.2200012207031,474.2900085449219,6791185.0
2024-04-19,469.9700012207031,475.7300109863281,465.0199890136719,473.30999755859375,4797160.0
2024-04-22,478.0,486.4599914550781,474.79998779296875,484.92999267578125,3489700.0
2024-04-23,488.3900146484375,491.2799987792969,483.4200134277344,485.3900146484375,2892585.0
2024-04-24,485.3999938964844,496.3399963378906,483.6000061035156,492.2099914550781,8459300.0
2024-04-25,491.79998779296875,500.8599853515625,484.45001220703125,498.3699951171875,14587660.0
2024-04-26,502.5,507.3900146484375,467.3999938964844,499.7200012207031,20810260.0
2024-04-29,513.989990234375,515.3900146484375,486.04998779296875,498.44000244140625,11904615.0
2024-04-30,498.6000061035156,515.760009765625,496.79998779296875,510.3399963378906,13426225.0
2024-05-02,509.30999755859375,519.7999877929688,507.0,516.4199829101562,9243475.0
2024-05-03,520.0,531.5999755859375,515.030029296875,517.7100219726562,7622145.0
2024-05-06,520.0,521.7899780273438,499.7699890136719,509.510009765625,4326785.0
2024-05-07,509.510009765625,513.0,488.3299865722656,497.1600036621094,7825870.0
2024-05-08,496.70001220703125,499.6000061035156,486.54998779296875,489.6000061035156,7324775.0
2024-05-09,489.6000061035156,494.8299865722656,470.8399963378906,472.17999267578125,4104015.0
2024-05-10,474.79998779296875,481.3399963378906,466.2200012207031,468.8699951171875,10984650.0
2024-05-13,469.0,470.92999267578125,455.75,460.3599853515625,8390345.0
2024-05-14,469.0,483.57000732421875,463.3599853515625,466.07000732421875,12376035.0
2024-05-15,467.6000061035156,468.3999938964844,460.6099853515625,464.0,4269680.0
2024-05-16,467.3999938964844,469.1600036621094,453.0,467.739990234375,12445545.0
2024-05-17,468.79998779296875,477.3299865722656,464.20001220703125,474.32000732421875,4729135.0
2024-05-21,474.0,477.8999938964844,469.7300109863281,474.6499938964844,3935580.0
2024-05-22,474.6499938964844,475.9700012207031,466.4200134277344,467.3500061035156,3465540.0
2024-05-23,469.20001220703125,481.94000244140625,465.70001220703125,480.0899963378906,5512760.0
2024-05-24,479.9700012207031,485.7900085449219,472.5400085449219,479.5,4877325.0
2024-05-27,482.0,484.70001220703125,475.20001220703125,476.0,3398210.0
2024-05-28,478.0,486.6000061035156,475.0,478.739990234375,6493910.0
2024-05-29,475.010009765625,479.5299987792969,471.6000061035156,474.92999267578125,2197930.0
2024-05-30,473.20001220703125,476.0,458.3999938964844,460.5400085449219,6688165.0
2024-05-31,463.7799987792969,477.4700012207031,462.7300109863281,470.80999755859375,12916455.0
2024-06-03,490.0,509.3900146484375,485.04998779296875,501.8299865722656,15161795.0
2024-06-04,508.0,508.0,438.6000061035156,452.1400146484375,17788625.0
2024-06-05,448.3800048828125,479.5799865722656,446.0,477.489990234375,7114095.0
2024-06-06,486.0,507.0,480.010009765625,494.9599914550781,10501485.0
2024-06-07,495.8699951171875,501.3900146484375,492.010009765625,499.5899963378906,3706890.0
2024-06-10,502.0,510.5,497.0400085449219,503.82000732421875,4849020.0
2024-06-11,502.989990234375,510.4100036621094,498.0,506.6000061035156,4681350.0
2024-06-12,506.95001220703125,516.6900024414062,506.1099853515625,513.3900146484375,3510365.0
2024-06-13,518.4000244140625,539.530029296875,516.219970703125,536.8599853515625,10022455.0
2024-06-14,542.4000244140625,549.4000244140625,539.010009765625,546.4299926757812,15318425.0
2024-06-18,549.7899780273438,568.22998046875,546.469970703125,565.9500122070312,12393205.0
2024-06-19,565.9600219726562,566.2000122070312,552.0,558.25,9175135.0
2024-06-20,560.9099731445312,570.9000244140625,552.9500122070312,561.0399780273438,6948810.0
2024-06-21,562.0,568.4000244140625,559.0,564.3300170898438,9672340.0
2024-06-24,563.8599853515625,578.0,555.969970703125,576.4500122070312,5367855.0
2024-06-25,576.6500244140625,600.0,572.3300170898438,597.969970703125,15844875.0
2024-06-26,597.1599731445312,611.8900146484375,591.719970703125,597.8099975585938,9032225.0
2024-06-27,597.4099731445312,599.3300170898438,584.7899780273438,590.2100219726562,12298175.0
2024-06-28,590.2100219726562,593.8599853515625,580.0,582.2999877929688,6005455.0
2024-07-01,580.4099731445312,588.4000244140625,580.4099731445312,584.8499755859375,6673330.0
2024-07-02,585.4000244140625,588.0,563.1300048828125,564.97998046875,12638725.0
2024-07-03,568.0,577.0,561.1099853515625,570.0900268554688,7945600.0
2024-07-04,573.5900268554688,573.5999755859375,564.0,566.75,3958315.0
2024-07-05,567.0,574.4500122070312,562.8599853515625,573.1699829101562,6163345.0
2024-07-08,571.2000122070312,571.2000122070312,559.219970703125,561.6199951171875,4065755.0
2024-07-09,561.780029296875,562.7899780273438,555.030029296875,558.4000244140625,6359760.0
2024-07-10,558.7899780273438,560.9299926757812,541.0,552.4199829101562,8300735.0
2024-07-11,552.4199829101562,557.0900268554688,542.8300170898438,547.7999877929688,5689115.0
2024-07-12,550.0,572.0,550.0,558.8800048828125,9030805.0
2024-07-15,562.5999755859375,577.7999877929688,561.4400024414062,576.4600219726562,7400215.0
2024-07-16,577.3800048828125,580.0,560.4000244140625,562.7000122070312,4907090.0
2024-07-18,555.4000244140625,574.7899780273438,555.4000244140625,573.4600219726562,4119020.0
2024-07-19,572.0,575.1699829101562,557.8699951171875,562.1699829101562,3677715.0
2024-07-22,559.97998046875,569.5900268554688,552.8099975585938,565.47998046875,2717785.0
2024-07-23,565.4000244140625,565.4000244140625,532.6799926757812,547.8400268554688,12227465.0
2024-07-24,547.7999877929688,552.0,533.0599975585938,544.8499755859375,5130575.0
2024-07-25,539.9000244140625,542.0,527.0999755859375,535.7999877929688,10445410.0
2024-07-26,541.1599731445312,608.7999877929688,538.0,585.0,32196680.0
2024-07-29,594.0,607.1500244140625,581.0,588.5999755859375,12753435.0
2024-07-30,588.5999755859375,596.280029296875,578.4000244140625,582.4099731445312,9486875.0
2024-07-31,586.780029296875,589.4099731445312,583.2100219726562,586.3900146484375,4655790.0
2024-08-01,586.5800170898438,599.7999877929688,583.989990234375,597.8499755859375,8859720.0
2024-08-02,589.0,604.5800170898438,584.0,598.4199829101562,8905205.0
2024-08-05,575.2000122070312,588.3699951171875,561.6199951171875,578.2899780273438,9480440.0
2024-08-06,584.030029296875,588.0900268554688,565.0,567.3599853515625,5917390.0
2024-08-07,578.02001953125,586.4199829101562,574.1099853515625,585.010009765625,3986695.0
2024-08-08,584.0,584.0,571.719970703125,574.4400024414062,4434050.0
2024-08-09,582.0,594.6699829101562,576.02001953125,591.6199951171875,4568775.0
2024-08-12,589.989990234375,603.0,585.52001953125,595.219970703125,5709795.0
2024-08-13,596.0,599.0900268554688,572.0999755859375,578.27001953125,7249815.0
2024-08-14,580.2000122070312,583.3200073242188,572.7999877929688,579.02001953125,3626125.0
2024-08-16,582.5999755859375,598.3800048828125,580.4099731445312,596.2999877929688,4976095.0
2024-08-19,605.5999755859375,617.0,602.6099853515625,615.1199951171875,9092170.0
2024-08-20,623.5999755859375,635.4000244140625,610.4600219726562,631.969970703125,12149555.0
2024-08-21,627.989990234375,638.0,623.3699951171875,631.8099975585938,5227030.0
2024-08-22,633.0,633.3900146484375,624.6599731445312,628.719970703125,4610695.0
2024-08-23,632.0,632.4600219726562,623.5399780273438,625.3099975585938,2466965.0
2024-08-26,628.0,635.9500122070312,622.2000122070312,632.4299926757812,3366050.0
2024-08-27,630.780029296875,653.780029296875,623.2000122070312,645.8900146484375,9915805.0
2024-08-28,645.0,649.5999755859375,638.3499755859375,640.3699951171875,3352220.0
2024-08-29,639.7999877929688,652.4000244140625,634.9099731445312,640.0999755859375,5976425.0
2024-08-30,640.1500244140625,644.8800048828125,635.4000244140625,640.9000244140625,11026125.0
2024-09-02,643.989990234375,651.6799926757812,642.8099975585938,645.0499877929688,3165735.0
2024-09-03,642.2000122070312,656.6099853515625,638.010009765625,654.3200073242188,7181415.0
2024-09-04,647.4099731445312,656.3900146484375,645.2000122070312,648.7899780273438,3467420.0
2024-09-05,649.3900146484375,658.7999877929688,645.8300170898438,649.0999755859375,3368300.0
2024-09-06,650.780029296875,653.3900146484375,644.0399780273438,647.1300048828125,3058060.0
2024-09-09,658.0,664.6400146484375,643.219970703125,663.1400146484375,8095085.0
2024-09-10,665.5800170898438,667.5800170898438,646.030029296875,652.010009765625,6190070.0
2024-09-11,653.010009765625,659.5999755859375,650.8200073242188,655.97998046875,2946285.0
2024-09-12,660.0,682.47998046875,659.1099853515625,680.1500244140625,9163615.0
2024-09-13,679.9400024414062,685.0,673.0,673.6500244140625,4786700.0
2024-09-16,675.5999755859375,687.969970703125,672.52001953125,683.7899780273438,4724820.0
2024-09-17,683.0,693.3499755859375,681.489990234375,684.9199829101562,8030320.0
2024-09-18,688.9000244140625,717.989990234375,688.0,714.9400024414062,10582475.0
2024-09-19,714.3099975585938,724.72998046875,700.0,705.0700073242188,6428925.0
2024-09-20,707.7999877929688,717.2000122070312,703.4000244140625,706.4199829101562,6407140.0
2024-09-23,710.1900024414062,722.4000244140625,708.0,713.5399780273438,2935070.0
2024-09-24,716.2999877929688,716.2999877929688,700.4000244140625,703.260009765625,6681865.0
2024-09-25,703.260009765625,707.9600219726562,691.5999755859375,704.8099975585938,3801635.0
2024-09-26,707.4199829101562,727.4000244140625,705.9099731445312,725.6900024414062,5359390.0
2024-09-27,723.5999755859375,730.4500122070312,719.1599731445312,724.2100219726562,4967200.0
2024-09-30,722.7899780273438,728.989990234375,713.5999755859375,715.3900146484375,4405700.0
2024-10-01,715.4000244140625,725.5599975585938,711.5599975585938,714.0800170898438,3381135.0
2024-10-03,714.0,714.97998046875,680.010009765625,681.9000244140625,8036680.0
2024-10-04,681.4000244140625,682.9000244140625,663.0999755859375,667.260009765625,8827525.0
2024-10-07,673.9600219726562,682.5999755859375,651.2000122070312,659.8699951171875,5480765.0
2024-10-08,655.5999755859375,674.6099853515625,655.5999755859375,665.8599853515625,9122180.0
2024-10-09,670.9000244140625,696.0,668.0,677.5900268554688,6569580.0
2024-10-10,680.0,683.1900024414062,665.1799926757812,667.530029296875,3740385.0
2024-10-11,670.0,671.5800170898438,661.6099853515625,668.239990234375,1799620.0
2024-10-14,673.5999755859375,686.0,670.75,679.0599975585938,3844085.0
2024-10-15,684.0,687.719970703125,673.719970703125,680.22998046875,5209855.0
2024-10-16,683.4000244140625,684.4000244140625,673.4199829101562,678.0800170898438,1607350.0
2024-10-17,675.7999877929688,677.1900024414062,649.1900024414062,651.719970703125,8237815.0
2024-10-18,637.5499877929688,674.780029296875,629.1500244140625,668.9299926757812,9380205.0
2024-10-21,671.3900146484375,676.7000122070312,654.4000244140625,662.6599731445312,5627980.0
2024-10-22,662.6599731445312,678.2000122070312,648.0,650.9000244140625,19691260.0
2024-10-23,640.0,652.0999755859375,634.010009765625,639.5499877929688,9660305.0
2024-10-24,638.0,653.2000122070312,637.1099853515625,649.02001953125,7501270.0
2024-10-25,650.8599853515625,650.8599853515625,605.5999755859375,618.530029296875,15251890.0
2024-10-28,632.7999877929688,668.8300170898438,628.7999877929688,651.8599853515625,21602980.0
2024-10-29,648.4199829101562,657.1300048828125,632.47998046875,653.1599731445312,10906400.0
2024-10-30,643.4099731445312,651.9400024414062,635.3900146484375,637.1599731445312,6964385.0
2024-10-31,637.0,637.0,617.52001953125,627.780029296875,8075010.0
2024-11-01,631.7999877929688,632.7999877929688,628.0,630.1900024414062,286730.0
2024-11-04,631.0800170898438,633.9299926757812,621.7899780273438,629.5800170898438,4842960.0
2024-11-05,631.52001953125,635.2000122070312,611.0,632.4600219726562,7606175.0
2024-11-06,637.4000244140625,640.0,627.260009765625,637.3400268554688,4294660.0
2024-11-07,638.780029296875,638.780029296875,611.5999755859375,614.030029296875,5846920.0
2024-11-08,617.0,617.0,599.4099731445312,601.5900268554688,3851745.0
2024-11-11,602.0,611.4099731445312,591.5599975585938,599.8900146484375,4101875.0
2024-11-12,602.8900146484375,605.0700073242188,584.530029296875,586.239990234375,5430660.0
2024-11-13,586.0999755859375,586.0999755859375,567.8499755859375,570.77001953125,6755505.0
2024-11-14,570.5599975585938,573.4000244140625,556.5999755859375,564.52001953125,7172685.0
2024-11-18,564.52001953125,573.3599853515625,560.0,569.6300048828125,4841895.0
2024-11-19,569.5999755859375,573.2000122070312,560.3400268554688,564.9500122070312,5942545.0
2024-11-21,567.1900024414062,567.4000244140625,553.5999755859375,560.4400024414062,4777400.0
2024-11-22,550.0,573.0,549.1099853515625,570.010009765625,8194990.0
2024-11-25,585.3900146484375,603.0,585.3900146484375,589.5599975585938,13791540.0
2024-11-26,592.9500122070312,615.8599853515625,589.7999877929688,609.27001953125,10105100.0
2024-11-27,605.780029296875,613.3400268554688,601.469970703125,603.7999877929688,4064750.0
2024-11-28,608.0,615.0,598.25,608.739990234375,12057145.0
2024-11-29,611.5,613.3099975585938,598.4400024414062,603.9299926757812,5600545.0
2024-12-02,603.9299926757812,622.969970703125,602.1400146484375,618.8400268554688,5433440.0
2024-12-03,626.2000122070312,641.3800048828125,625.010009765625,631.1099853515625,9872220.0
2024-12-04,629.1099853515625,634.6900024414062,623.9400024414062,626.4600219726562,5743725.0
2024-12-05,630.489990234375,631.8099975585938,614.5999755859375,625.260009765625,7117350.0
2024-12-06,625.4000244140625,629.6500244140625,618.719970703125,625.27001953125,3193785.0
2024-12-09,620.1199951171875,632.6699829101562,619.0999755859375,621.3800048828125,3963995.0
2024-12-10,625.0900268554688,639.4299926757812,621.7999877929688,637.2999877929688,5630900.0
2024-12-11,639.0999755859375,653.52001953125,635.5999755859375,649.6500244140625,7350105.0
2024-12-12,647.9000244140625,653.0,644.3099975585938,649.6199951171875,5108345.0
2024-12-13,648.4099731445312,650.9299926757812,623.52001953125,632.510009765625,6003130.0
2024-12-16,634.7999877929688,639.4000244140625,625.4000244140625,627.489990234375,2943305.0
2024-12-17,627.0,627.0,593.0499877929688,595.3800048828125,10413170.0
2024-12-18,595.3800048828125,606.5999755859375,581.77001953125,586.280029296875,7447675.0
2024-12-19,574.0,590.5,570.6599731445312,589.0900268554688,7354675.0
2024-12-20,590.6500244140625,592.1400146484375,568.72998046875,575.4500122070312,12499100.0
2024-12-23,581.2000122070312,590.7999877929688,574.5599975585938,576.5800170898438,4691250.0
2024-12-24,576.5999755859375,579.52001953125,571.02001953125,576.5900268554688,2020780.0
2024-12-26,578.4600219726562,587.1900024414062,574.22998046875,585.3800048828125,4462340.0
2024-12-27,587.3800048828125,587.969970703125,578.0999755859375,579.780029296875,1524915.0
2024-12-30,582.5599975585938,593.77001953125,579.0599975585938,583.7999877929688,3452720.0
2024-12-31,579.5800170898438,582.5399780273438,576.2100219726562,577.8300170898438,4075070.0
2025-01-01,579.7999877929688,586.2000122070312,576.5800170898438,583.72998046875,1297175.0
2025-01-02,587.4600219726562,613.780029296875,586.3200073242188,612.010009765625,7297085.0
2025-01-03,612.0,619.5999755859375,607.22998046875,609.6699829101562,3652225.0
2025-01-06,606.2000122070312,616.27001953125,591.0,593.9099731445312,5430225.0
2025-01-07,595.4099731445312,604.4000244140625,590.0,591.6799926757812,2781710.0
2025-01-08,594.0,594.0,568.1699829101562,579.75,4976035.0
2025-01-09,580.75,584.8300170898438,560.2000122070312,561.969970703125,5408205.0
2025-01-10,566.0,566.0,529.0,532.0,5999299.0
2025-01-13,530.0499877929688,540.7000122070312,518.75,521.0999755859375,5558523.0
2025-01-14,526.9500122070312,547.5,518.2999877929688,544.0999755859375,6987503.0
2025-01-15,545.0,545.9500122070312,529.0999755859375,533.2000122070312,4072535.0
2025-01-16,535.5499877929688,553.75,535.5499877929688,546.7999877929688,6194466.0
2025-01-17,546.5499877929688,547.5499877929688,523.8499755859375,526.5,5347916.0
2025-01-20,511.0,521.5,493.3500061035156,516.7000122070312,12701612.0
2025-01-21,518.0,530.75,513.4500122070312,520.2999877929688,7753705.0
2025-01-22,520.3499755859375,528.3499755859375,513.0499877929688,518.6500244140625,5895189.0
2025-01-23,518.6500244140625,533.4500122070312,511.6000061035156,529.7999877929688,5150004.0
2025-01-24,531.9500122070312,541.7999877929688,509.1499938964844,527.4500122070312,7602501.0
2025-01-27,525.9000244140625,530.6500244140625,508.1499938964844,511.6499938964844,8523575.0
2025-01-28,520.0499877929688,541.7999877929688,508.6000061035156,530.0999755859375,16222471.0
2025-01-29,531.1500244140625,555.6500244140625,530.25,553.5,9135552.0
2025-01-30,553.5,560.0,536.8499755859375,538.2999877929688,7172857.0
2025-01-31,546.4000244140625,550.9000244140625,536.2000122070312,543.75,4058608.0
2025-02-01,547.9000244140625,549.6500244140625,518.0,531.7999877929688,3874882.0
2025-02-03,525.0,558.0,516.0,546.1500244140625,7442129.0
2025-02-04,556.0,579.9000244140625,545.4000244140625,576.75,12290382.0
2025-02-05,577.0,590.7999877929688,568.4000244140625,571.2999877929688,6953215.0
2025-02-06,570.0,570.0,554.3499755859375,566.3499755859375,6345455.0
2025-02-07,567.9000244140625,579.0999755859375,554.8499755859375,559.5499877929688,5747620.0
2025-02-10,561.7000122070312,566.5999755859375,546.5,560.7999877929688,4253881.0
2025-02-11,566.0,566.0,534.0,538.5499877929688,6416783.0
2025-02-12,538.5499877929688,551.5,527.0,547.1500244140625,5467745.0
2025-02-13,547.0,560.25,538.0,548.6500244140625,5723009.0
2025-02-14,550.9500122070312,554.9500122070312,526.7999877929688,539.1500244140625,6763071.0
2025-02-17,537.0,553.0,525.0999755859375,550.3499755859375,4397756.0
2025-02-18,550.9500122070312,554.4500122070312,539.0999755859375,553.3499755859375,2988732.0
2025-02-19,547.7999877929688,559.75,546.5,557.7999877929688,4066886.0
2025-02-20,557.0,582.25,557.0,580.8499755859375,7590778.0
2025-02-21,580.8499755859375,594.7000122070312,576.7000122070312,585.0999755859375,9328402.0
2025-02-24,576.0,581.75,568.7999877929688,577.2000122070312,4523171.0
2025-02-25,581.7999877929688,586.75,571.5,574.25,6222936.0
2025-02-27,581.2999877929688,608.7999877929688,580.2999877929688,606.7999877929688,17099035.0
2025-02-28,609.9500122070312,620.0,602.25,617.2999877929688,23771834.0
2025-03-03,625.2999877929688,630.0,614.9000244140625,621.2999877929688,10284029.0
2025-03-04,618.5999755859375,635.4000244140625,613.4000244140625,632.9000244140625,5369562.0
2025-03-05,626.5999755859375,637.5,621.5,631.2999877929688,9532495.0
2025-03-06,638.7999877929688,650.7999877929688,637.0,644.3499755859375,8075827.0
2025-03-07,644.3499755859375,647.6500244140625,627.4500122070312,630.8499755859375,5829062.0
2025-03-10,631.5499877929688,641.5,622.8499755859375,625.5999755859375,4906168.0
2025-03-11,624.2000122070312,640.0,615.5499877929688,638.25,6734891.0
2025-03-12,639.0,647.25,629.0999755859375,636.9500122070312,5378060.0
2025-03-13,638.0,644.0,617.5,619.5499877929688,5273706.0
2025-03-17,613.4000244140625,629.5,613.4000244140625,623.25,4548324.0
2025-03-18,623.25,623.25,623.25,623.25,0.0
2025-03-19,645.7000122070312,677.5999755859375,637.6500244140625,667.9500122070312,9823834.0
2025-03-20,690.0,695.0,665.0,667.9000244140625,8747482.0
2025-03-21,669.0499877929688,679.0,667.6500244140625,676.7999877929688,6365496.0
2025-03-24,677.0,694.9000244140625,674.0,682.0,4983671.0
2025-03-25,688.0,688.0,667.7000122070312,678.3499755859375,5257157.0
2025-03-26,678.7999877929688,680.9000244140625,669.25,672.0,4792266.0
2025-03-27,670.0,684.4000244140625,666.2000122070312,678.5,4628163.0
2025-03-28,682.0,685.0,650.1500244140625,656.0,6806264.0
2025-04-01,652.0,653.9000244140625,633.9000244140625,637.4500122070312,7600903.0
2025-04-02,640.0,644.0,630.5,639.4000244140625,4387926.0
2025-04-03,633.0,660.5499877929688,632.0,654.1500244140625,3704676.0
2025-04-04,655.5,665.0,649.5,653.5999755859375,5191619.0
2025-04-07,596.0,629.9500122070312,589.25,614.0,15188995.0
2025-04-08,623.7000122070312,648.2999877929688,623.0499877929688,641.4500122070312,10415072.0
2025-04-09,647.9500122070312,647.9500122070312,619.0,624.5499877929688,9235529.0
2025-04-11,627.0,648.6500244140625,627.0,638.7999877929688,7102851.0
2025-04-15,651.9500122070312,674.5499877929688,649.1500244140625,672.0,6085948.0
2025-04-16,672.6500244140625,678.0,662.4500122070312,676.0499877929688,6571065.0
2025-04-17,677.0,695.6500244140625,668.5499877929688,691.75,5771289.0
2025-04-21,698.75,717.5,690.5,703.0,6740583.0
2025-04-22,703.0,709.9500122070312,700.0,703.5,3672514.0
2025-04-23,709.5,713.7999877929688,685.9000244140625,703.9000244140625,5442424.0
2025-04-24,704.0,705.5,694.5,696.6500244140625,5010172.0
2025-04-25,698.9000244140625,705.5999755859375,635.0,655.2000122070312,9784886.0
2025-04-28,622.7000122070312,630.4000244140625,596.1500244140625,622.0,32221482.0
2025-04-29,625.0,630.7999877929688,610.2000122070312,614.7000122070312,10387632.0
2025-04-30,614.7000122070312,621.7999877929688,606.5,611.7000122070312,7374108.0
2025-05-02,611.7000122070312,616.2999877929688,599.5,603.5999755859375,7749204.0
2025-05-05,610.1500244140625,630.9000244140625,607.2000122070312,628.8499755859375,8616953.0
2025-05-06,628.7999877929688,631.8499755859375,617.0499877929688,623.4500122070312,5098276.0
2025-05-07,618.2000122070312,638.0,617.25,636.6500244140625,5983998.0
2025-05-08,635.0,640.7999877929688,607.0,615.7999877929688,10052396.0
2025-05-09,600.0,612.3499755859375,596.6500244140625,601.4500122070312,5637324.0
2025-05-12,611.0499877929688,648.0,611.0,645.9500122070312,9560644.0
2025-05-13,641.5999755859375,647.7999877929688,631.9500122070312,633.5999755859375,5748439.0
2025-05-14,639.5,655.2999877929688,637.5999755859375,651.9500122070312,9324793.0
2025-05-15,654.7999877929688,679.9500122070312,644.1500244140625,674.7999877929688,9817422.0
2025-05-16,674.0,674.7999877929688,660.0499877929688,665.5,5415727.0
2025-05-19,670.0,683.9000244140625,666.0,677.7999877929688,4356035.0
2025-05-20,682.0499877929688,682.0499877929688,656.2000122070312,658.3499755859375,7035801.0
2025-05-21,658.3499755859375,661.6500244140625,638.7000122070312,658.0,7986603.0
2025-05-22,652.0,654.7000122070312,640.2999877929688,649.75,6840583.0
2025-05-23,651.0,663.5999755859375,646.1500244140625,659.8499755859375,3128629.0
2025-05-26,664.8499755859375,667.7999877929688,652.0999755859375,664.5,2963171.0
2025-05-27,667.7999877929688,670.0,657.0,661.9000244140625,2493252.0
2025-05-28,661.9000244140625,663.9000244140625,654.0,655.7000122070312,3244100.0
2025-05-29,655.7000122070312,659.7000122070312,648.0999755859375,652.25,4173868.0
2025-05-30,643.0999755859375,654.9500122070312,637.25,639.3499755859375,6693573.0
2025-06-02,638.2999877929688,647.9000244140625,625.0,642.5499877929688,4344402.0
2025-06-03,648.0,658.75,642.0999755859375,648.25,5336167.0
2025-06-04,649.9500122070312,661.8499755859375,640.0,641.2000122070312,6290382.0
2025-06-05,647.0,654.7999877929688,638.0999755859375,651.4500122070312,4542850.0
2025-06-06,654.0,690.9000244140625,644.2999877929688,688.25,20115034.0
2025-06-09,700.0,715.9000244140625,692.25,698.0,11413586.0
2025-06-10,705.0,705.9500122070312,690.7000122070312,700.4000244140625,6453133.0
2025-06-11,702.0999755859375,702.0999755859375,684.3499755859375,686.0499877929688,4586055.0
2025-06-12,689.0,690.0,666.5999755859375,668.0499877929688,4970089.0
2025-06-13,651.8499755859375,670.3499755859375,643.5,667.1500244140625,4687026.0
2025-06-16,669.0,681.25,668.5999755859375,676.1500244140625,6882573.0
2025-06-17,679.7999877929688,679.7999877929688,662.0,665.0,2390137.0
2025-06-18,663.0499877929688,673.5,659.1500244140625,662.0999755859375,3352972.0
2025-06-19,660.75,669.0,648.0,652.2000122070312,3342726.0
2025-06-20,652.0,670.9000244140625,650.5,666.3499755859375,7441267.0
2025-06-23,661.7999877929688,666.2000122070312,648.2999877929688,661.6500244140625,4243520.0
2025-06-24,674.0,682.0,673.4000244140625,676.0499877929688,4823566.0
2025-06-25,676.0499877929688,678.0,671.0,675.0999755859375,3211981.0
2025-06-26,675.1500244140625,707.5499877929688,674.25,703.2000122070312,19068571.0
2025-06-27,703.0499877929688,706.9000244140625,696.5999755859375,699.9500122070312,7554681.0
2025-06-30,700.0,714.0,699.9000244140625,706.8499755859375,3721603.0
2025-07-01,708.0,710.5499877929688,694.0,696.4500122070312,3524637.0
2025-07-02,695.75,698.8499755859375,675.0,676.9000244140625,3288839.0
2025-07-03,681.5999755859375,684.25,672.9500122070312,675.4000244140625,6014549.0
2025-07-04,675.9500122070312,684.4000244140625,670.0,676.1500244140625,3843226.0
2025-07-07,676.1500244140625,680.0,669.0,671.2999877929688,1770086.0
2025-07-08,672.0,677.4000244140625,667.2999877929688,668.9500122070312,2820100.0
2025-07-09,671.25,683.0,671.0,681.0499877929688,3560120.0
2025-07-10,684.0,687.3499755859375,671.0,671.75,3035156.0
2025-07-11,676.0,676.7000122070312,662.4000244140625,668.25,4931083.0
2025-07-14,670.0,672.9000244140625,662.5,669.75,2832157.0
2025-07-15,674.9000244140625,688.0,670.7000122070312,684.4500122070312,3786182.0
2025-07-16,674.0,674.0,654.5,668.3499755859375,9358644.0
2025-07-17,670.0,672.0,664.8499755859375,665.4500122070312,2671888.0
2025-07-18,670.0,670.5,644.5,645.5,6570609.0
2025-07-21,645.5,658.0,637.5,655.6500244140625,4980207.0
2025-07-22,658.0,659.9000244140625,639.0,640.1500244140625,4671422.0
2025-07-23,642.0,654.75,638.0499877929688,654.0499877929688,5191770.0
2025-07-24,660.0,660.0,631.75,633.5499877929688,7248079.0
2025-07-25,625.0,629.9500122070312,601.7000122070312,615.8499755859375,16922561.0
2025-07-28,615.8499755859375,638.8499755859375,611.0499877929688,633.4500122070312,11583112.0
2025-07-29,632.0,643.3499755859375,626.5499877929688,638.3499755859375,6858651.0
2025-07-30,635.0,638.3499755859375,626.0999755859375,632.7999877929688,6024759.0
2025-07-31,625.0,639.4500122070312,623.0499877929688,630.8499755859375,6481051.0
2025-08-01,630.0,632.0,612.25,614.2000122070312,3528632.0
2025-08-04,615.9000244140625,626.7999877929688,615.9000244140625,624.9000244140625,2955463.0
2025-08-05,630.5,633.2000122070312,621.1500244140625,630.0999755859375,3996694.0
2025-08-06,634.0,639.7999877929688,622.4000244140625,630.5999755859375,4763826.0
2025-08-07,626.8499755859375,629.7999877929688,618.2999877929688,627.3499755859375,3482599.0
2025-08-08,623.2999877929688,626.8499755859375,607.9500122070312,609.6500244140625,5493423.0
2025-08-11,610.4500122070312,623.5,609.1500244140625,617.5999755859375,3348109.0
2025-08-12,616.0,619.0,611.0,611.9000244140625,2787285.0
2025-08-13,612.0499877929688,621.3499755859375,610.3499755859375,619.25,5325700.0
2025-08-14,614.2999877929688,622.9000244140625,611.5,616.4500122070312,4279172.0
2025-08-18,627.0,637.5,625.4500122070312,626.7999877929688,5265058.0
2025-08-19,626.0,630.5499877929688,615.0999755859375,626.3499755859375,4765094.0
2025-08-20,623.3499755859375,624.9500122070312,613.2999877929688,616.2999877929688,5710611.0
2025-08-21,618.0,622.0,615.7999877929688,619.7999877929688,3993795.0
2025-08-22,619.7999877929688,622.0,612.5499877929688,615.8499755859375,3496256.0
2025-08-25,620.0,623.7999877929688,616.4000244140625,620.8499755859375,6850166.0
2025-08-26,619.9000244140625,620.4500122070312,593.0999755859375,594.7000122070312,18048586.0
2025-08-28,576.75,587.9500122070312,570.0,571.6500244140625,20025147.0
2025-08-29,570.5,588.6500244140625,566.5,580.25,12236788.0
2025-09-01,580.0,590.2000122070312,578.5999755859375,588.5999755859375,3886326.0
2025-09-02,590.0,596.4000244140625,582.25,584.5999755859375,4136915.0
2025-09-03,585.0,588.9000244140625,580.0,586.2999877929688,6612194.0
2025-09-04,596.0,596.0,583.9000244140625,585.7999877929688,5054056.0
2025-09-05,589.0,596.0,585.5999755859375,592.5,4166734.0
2025-09-08,596.0,604.0,592.8499755859375,596.75,2968301.0
2025-09-09,598.0,598.9500122070312,590.8499755859375,595.0,3947645.0
2025-09-10,598.5999755859375,606.7999877929688,596.7000122070312,604.7999877929688,4708224.0
2025-09-11,604.7999877929688,622.9000244140625,602.7999877929688,620.0499877929688,8412580.0
2025-09-12,623.2000122070312,633.7000122070312,619.25,632.8499755859375,10816255.0
2025-09-15,630.7999877929688,631.5999755859375,620.2000122070312,623.6500244140625,3643666.0
2025-09-16,623.6500244140625,628.4000244140625,614.0999755859375,618.0999755859375,4759255.0
2025-09-17,620.0,626.0,617.75,623.25,4633747.0
2025-09-18,620.0,631.0,620.0,626.9000244140625,4675034.0
2025-09-19,630.0,637.2999877929688,627.0999755859375,633.2000122070312,6415748.0
2025-09-22,638.0,638.0,625.4500122070312,627.8499755859375,2712596.0
2025-09-23,628.0,634.4000244140625,624.5,628.7999877929688,3586451.0
2025-09-24,628.2000122070312,630.0,620.2999877929688,625.1500244140625,2129098.0
2025-09-25,625.1500244140625,626.0,610.7999877929688,612.7000122070312,4280161.0
2025-09-26,610.0,617.4000244140625,603.75,606.0499877929688,3958021.0
2025-09-29,608.9000244140625,615.5,603.1500244140625,611.7999877929688,4098133.0
2025-09-30,611.7999877929688,620.7000122070312,611.1500244140625,616.0999755859375,5882401.0
2025-10-01,616.0499877929688,649.9500122070312,616.0499877929688,648.7000122070312,15107673.0
2025-10-03,645.0,650.0,636.0,645.7999877929688,7200543.0
2025-10-06,646.5,675.5,646.5,671.4500122070312,10343487.0
2025-10-07,670.2000122070312,673.0,663.5,666.7999877929688,3729360.0
2025-10-08,662.0,673.2999877929688,662.0,666.9000244140625,2870458.0
2025-10-09,666.9000244140625,672.0,660.0,669.0499877929688,2274108.0
2025-10-10,669.0,671.4000244140625,663.0,665.0499877929688,2480723.0
2025-10-13,660.0,674.2000122070312,658.75,672.1500244140625,2469940.0
2025-10-14,675.0499877929688,680.9500122070312,667.0,674.4500122070312,4731724.0
2025-10-15,675.5,682.4000244140625,672.5499877929688,677.1500244140625,4687947.0
2025-10-16,676.8499755859375,683.75,662.25,672.5,5309779.0
2025-10-17,672.2000122070312,679.6500244140625,670.0999755859375,675.5,3516617.0
2025-10-20,678.4000244140625,698.6500244140625,678.0999755859375,693.9500122070312,6170486.0
2025-10-21,695.5,697.5,690.2999877929688,695.25,674998.0
2025-10-23,695.25,717.75,695.25,709.6500244140625,8911040.0
2025-10-24,711.0499877929688,723.3499755859375,711.0499877929688,715.4500122070312,6036751.0
2025-10-27,721.0,730.2999877929688,718.25,719.5999755859375,8133230.0
2025-10-28,719.5,726.8499755859375,710.25,723.7000122070312,7071903.0
2025-10-29,723.7000122070312,741.9000244140625,717.4000244140625,738.4500122070312,10246214.0
2025-10-30,738.5,747.8499755859375,733.1500244140625,738.25,6357608.0
2025-10-31,733.4500122070312,769.7999877929688,727.0,748.9000244140625,18363853.0
2025-11-03,762.7999877929688,799.9000244140625,758.5,796.4500122070312,26222030.0
2025-11-04,792.4500122070312,814.1500244140625,792.25,796.5,8543137.0
2025-11-06,792.5999755859375,800.5999755859375,785.0,792.5,10930939.0
2025-11-07,792.5,820.0,780.7999877929688,816.3499755859375,9765252.0
2025-11-10,822.0,830.7000122070312,816.6500244140625,821.0999755859375,8623863.0
2025-11-11,821.0999755859375,833.2999877929688,804.0499877929688,832.2999877929688,7336169.0
2025-11-12,832.2999877929688,838.6500244140625,821.4000244140625,822.5,4239741.0
2025-11-13,826.0,826.3499755859375,809.75,814.0,6048569.0
2025-11-14,809.5,817.9500122070312,803.9000244140625,809.2999877929688,5672058.0
2025-11-17,809.0,828.3499755859375,808.5999755859375,817.9000244140625,7386312.0
2025-11-18,820.0,827.7000122070312,810.0,820.2000122070312,6684086.0
2025-11-19,824.1500244140625,826.7000122070312,815.7999877929688,818.0499877929688,3711577.0
2025-11-20,822.0,828.7000122070312,816.5,826.5999755859375,3187958.0
2025-11-21,825.0,832.0,810.5999755859375,823.2999877929688,3831244.0
2025-11-24,825.0,839.5,821.0999755859375,828.2000122070312,8140579.0
2025-11-25,828.2000122070312,841.8499755859375,827.2000122070312,838.25,5418151.0
2025-11-26,841.9500122070312,858.8499755859375,838.2999877929688,856.5999755859375,7052927.0
2025-11-27,860.0,869.5,857.25,867.6500244140625,6752154.0
2025-11-28,870.0499877929688,872.0,848.75,851.6500244140625,8198342.0
2025-12-01,857.8499755859375,865.0,849.4500122070312,851.5499877929688,6330770.0
2025-12-02,855.75,855.9500122070312,840.7999877929688,843.4000244140625,5587375.0
2025-12-03,843.4000244140625,846.4500122070312,818.9500122070312,828.0999755859375,9931005.0
2025-12-04,830.4500122070312,836.0,821.0,828.1500244140625,11436899.0
2025-12-05,828.1500244140625,857.0,828.1500244140625,854.9000244140625,12137708.0
2025-12-08,858.5,858.8499755859375,831.0,834.25,4117973.0
2025-12-09,830.0,849.0,817.7999877929688,846.7000122070312,5737027.0
2025-12-10,846.0,855.7999877929688,833.2999877929688,837.25,3699625.0
2025-12-11,841.7999877929688,850.5999755859375,835.7000122070312,847.1500244140625,4213992.0
2025-12-12,852.0,854.75,841.5,848.0,6036788.0
2025-12-15,852.0,870.5999755859375,845.8499755859375,855.3499755859375,7193809.0
2025-12-16,855.3499755859375,856.6500244140625,843.0,848.4000244140625,5171831.0
2025-12-17,856.0,875.4500122070312,855.0,864.2000122070312,11621162.0
2025-12-18,868.5,876.9000244140625,861.7999877929688,869.4500122070312,12481529.0
2025-12-19,869.0,913.5,850.5,901.7000122070312,35297309.0
2025-12-22,919.0,949.7999877929688,915.0,934.8499755859375,31894463.0
2025-12-23,938.7000122070312,959.9500122070312,931.7000122070312,957.7999877929688,14632455.0
2025-12-24,958.0,983.7000122070312,958.0,973.7000122070312,10574513.0
2025-12-26,976.5499877929688,978.75,956.7000122070312,960.25,4739099.0
2025-12-29,963.0,966.0,949.2000122070312,955.5,4897735.0
2025-12-30,960.9500122070312,984.5999755859375,960.9500122070312,979.4000244140625,17757531.0
2025-12-31,983.0,1000.2000122070312,979.4000244140625,996.2000122070312,9795995.0
2026-01-01,996.2000122070312,1025.5999755859375,996.0,1019.7000122070312,4289057.0
2026-01-02,1024.75,1025.0,1007.2000122070312,1010.3499755859375,5264026.0
2026-01-05,1013.5,1014.7999877929688,994.6500244140625,1003.3499755859375,4603571.0
2026-01-06,1002.5,1011.75,992.4500122070312,1002.6500244140625,4352915.0
2026-01-07,996.0499877929688,1003.0999755859375,990.25,995.8499755859375,4191098.0
2026-01-08,1001.4000244140625,1002.5499877929688,981.0999755859375,992.9000244140625,3804564.0
2026-01-09,987.0,993.2000122070312,961.0,975.4000244140625,6949168.0
2026-01-12,979.0,985.6500244140625,962.4500122070312,972.7999877929688,5510203.0
2026-01-13,975.0,987.6500244140625,969.2000122070312,979.0499877929688,3860197.0
2026-01-14,980.0,990.5,970.4000244140625,981.0999755859375,3846614.0
2026-01-15,981.0999755859375,981.0999755859375,981.0999755859375,981.0999755859375,0.0
2026-01-16,981.0,1022.0,981.0,995.4500122070312,13316550.0
2026-01-19,1002.0,1014.5,991.2000122070312,1010.3499755859375,4908985.0
2026-01-20,1005.0,1008.0499877929688,983.0,987.5,6129218.0
2026-01-21,982.5499877929688,997.5,972.5499877929688,986.0,7042588.0
2026-01-22,995.0499877929688,1009.7000122070312,986.0999755859375,1005.5,7210572.0
2026-01-23,1010.0,1020.8499755859375,973.6500244140625,1003.5499877929688,9023942.0
2026-01-27,1011.2000122070312,1019.9500122070312,984.2000122070312,1001.0499877929688,7984660.0
2026-01-28,1002.0,1020.7000122070312,999.5,1018.7999877929688,5587231.0
2026-01-29,1022.4000244140625,1028.4000244140625,1006.1500244140625,1022.7999877929688,6653822.0
2026-01-30,1025.0,1029.300048828125,1010.1500244140625,1020.0,6464610.0
2026-02-02,990.2000122070312,992.7000122070312,939.0,962.0999755859375,13566710.0
2026-02-03,1013.0,1041.5,997.2000122070312,1000.4000244140625,9880727.0
2026-02-04,1010.4000244140625,1011.2000122070312,995.5,998.7999877929688,4402517.0
2026-02-05,995.5,998.0,972.4000244140625,992.0,5775866.0
2026-02-06,994.0,1005.0,972.9000244140625,1002.5,3270421.0
2026-02-09,1005.0,1067.800048828125,1003.4000244140625,1062.699951171875,8667620.0
2026-02-10,1064.9000244140625,1066.800048828125,1036.5,1048.5999755859375,4345362.0
2026-02-11,1053.0,1059.300048828125,1041.5,1056.800048828125,4898578.0
2026-02-12,1053.5,1087.0999755859375,1049.699951171875,1082.800048828125,8462756.0
2026-02-13,1081.800048828125,1086.0,1060.0,1065.800048828125,4555743.0
2026-02-16,1065.800048828125,1088.300048828125,1052.800048828125,1085.4000244140625,5096496.0
2026-02-17,1080.0,1081.9000244140625,1060.0,1075.0,2832145.0
2026-02-18,1076.199951171875,1087.0999755859375,1072.0999755859375,1076.199951171875,2470593.0
2026-02-19,1078.0,1078.0,1048.0999755859375,1054.699951171875,2576169.0
2026-02-20,1056.800048828125,1066.0,1044.5999755859375,1059.300048828125,2295049.0
2026-02-23,1072.800048828125,1077.5,1056.9000244140625,1064.699951171875,2423932.0
2026-02-24,1064.699951171875,1066.0,1050.199951171875,1061.699951171875,2464507.0
2026-02-25,1065.0,1095.0,1055.800048828125,1085.9000244140625,3115583.0
2026-02-26,1089.0,1108.0,1085.0999755859375,1104.5999755859375,5231414.0
2026-02-27,1099.0,1103.9000244140625,1073.300048828125,1079.4000244140625,5601117.0
2026-03-02,1044.0,1071.0,1038.0,1052.5,6717872.0
2026-03-04,1042.300048828125,1042.5,987.4000244140625,1010.0,9200897.0
2026-03-05,1022.2999877929688,1046.4000244140625,1018.2999877929688,1039.5,5051614.0
2026-03-06,1043.9000244140625,1052.0,1000.0,1007.5,8166989.0
2026-03-09,957.5,993.0,934.2000122070312,987.2000122070312,11999852.0
2026-03-10,1010.0,1068.300048828125,1006.7000122070312,1062.9000244140625,14297519.0
2026-03-11,1062.9000244140625,1077.9000244140625,1028.699951171875,1031.699951171875,10731059.0
2026-03-12,1021.0999755859375,1046.699951171875,1006.0999755859375,1031.699951171875,7054662.0
2026-03-13,1021.2999877929688,1028.0,994.7000122070312,1003.5999755859375,6562852.0
2026-03-16,990.0,1002.9000244140625,969.2999877929688,992.0,10476354.0
2026-03-17,999.9000244140625,1012.0,983.2000122070312,1004.5999755859375,4175225.0
2026-03-18,1013.2999877929688,1028.9000244140625,1008.5,1021.5999755859375,3915253.0
2026-03-19,1000.0,1000.0,946.2999877929688,949.7999877929688,11956347.0
2026-03-20,962.0,966.9000244140625,922.2999877929688,938.5999755859375,28550627.0
2026-03-23,930.0,930.0999755859375,870.2000122070312,877.7000122070312,10556865.0
2026-03-24,907.0,931.9000244140625,896.2000122070312,903.5999755859375,13359073.0
2026-03-25,919.0,965.0,917.2999877929688,956.0,14265748.0
2026-03-27,950.0,951.0,900.0,903.7999877929688,12238678.0
2026-03-30,888.0,896.2999877929688,867.0,872.0999755859375,10949179.0
2026-04-01,915.5999755859375,926.2999877929688,895.75,900.5499877929688,11752172.0
2026-04-02,876.0,895.0,863.4500122070312,891.5999755859375,7230236.0
2026-04-06,895.0,931.0,885.6500244140625,928.0,5898399.0
2026-04-07,920.0,932.4000244140625,910.0499877929688,930.6500244140625,5503677.0
2026-04-08,975.0,1035.449951171875,975.0,1023.2000122070312,18256527.0
2026-04-09,1010.0999755859375,1015.0,990.4500122070312,996.2999877929688,7668209.0
2026-04-10,1016.0999755859375,1031.0,1011.25,1027.550048828125,8048521.0
2026-04-13,1000.1500244140625,1015.5,988.7999877929688,1004.0999755859375,8242484.0
2026-04-15,1030.0,1043.5,1016.4500122070312,1020.9500122070312,7869459.0
2026-04-16,1026.0999755859375,1034.3499755859375,1015.3499755859375,1022.75,5716035.0
2026-04-17,1022.0,1039.5,1013.1500244140625,1036.949951171875,4345572.0
2026-04-20,1040.0,1049.949951171875,1026.0,1045.1500244140625,4670588.0
2026-04-21,1054.0,1062.699951171875,1039.25,1045.300048828125,5699181.0
2026-04-22,1050.0,1053.699951171875,1029.4000244140625,1044.550048828125,4404420.0
2026-04-23,1044.9000244140625,1044.9000244140625,1006.3499755859375,1009.2999877929688,4658783.0
2026-04-24,1006.9500122070312,1030.4000244140625,983.5499877929688,1011.2999877929688,9263466.0
2026-04-27,1011.2999877929688,1012.0,963.75,974.6500244140625,15096574.0
2026-04-28,974.5,979.75,949.2999877929688,953.25,6752420.0
2026-04-29,965.0,975.2999877929688,954.9000244140625,956.8499755859375,5829309.0
2026-04-30,945.2000122070312,950.0,921.0,937.3499755859375,5990764.0
2026-05-01,937.3499755859375,937.3499755859375,937.3499755859375,937.3499755859375,0.0
2026-05-04,942.0,969.0,942.0,960.4500122070312,4018048.0
2026-05-05,955.6500244140625,966.9000244140625,937.2999877929688,964.4000244140625,4029508.0
2026-05-06,980.0,1007.4500122070312,976.0499877929688,1004.0999755859375,5858946.0
2026-05-07,1009.0,1023.75,1002.0499877929688,1015.6500244140625,4848929.0
2026-05-08,1013.0,1013.3499755859375,1001.25,1007.75,5755029.0
2026-05-11,990.0,990.8499755859375,970.4500122070312,975.9500122070312,5927270.0
2026-05-12,971.0,979.9500122070312,925.9500122070312,930.4500122070312,8674062.0
2026-05-13,925.2000122070312,938.4000244140625,915.0,920.5499877929688,10747950.0
2026-05-14,929.9000244140625,941.6500244140625,901.2999877929688,935.0999755859375,9220462.0
2026-05-15,921.0,945.9000244140625,921.0,937.9000244140625,5759607.0
2026-05-18,923.7999877929688,937.6500244140625,911.0,933.7000122070312,5232089.0
2026-05-19,940.0,941.8499755859375,924.7000122070312,927.3499755859375,3216479.0
2026-05-20,920.0,925.4500122070312,913.0,923.4500122070312,5764449.0
2026-05-21,935.0,941.9000244140625,910.0,914.75,4598094.0
2026-05-22,916.25,944.25,913.1500244140625,941.0,5414742.0
2026-05-25,956.9500122070312,970.5,956.9000244140625,961.9500122070312,6256205.0
2026-05-26,961.0,965.5999755859375,948.5999755859375,952.1500244140625,4350923.0
2026-05-27,947.0499877929688,968.0999755859375,946.5999755859375,963.2000122070312,3592277.0
2026-05-28,963.2000122070312,963.2000122070312,963.2000122070312,963.2000122070312,0.0
2026-05-29,961.0,975.5499877929688,942.9000244140625,947.1500244140625,11248568.0
2026-06-01,950.0499877929688,953.8499755859375,916.4000244140625,919.0499877929688,8308513.0
2026-06-02,908.5999755859375,917.9500122070312,900.2000122070312,911.7000122070312,7610958.0
2026-06-03,912.6500244140625,915.9000244140625,888.9000244140625,912.9500122070312,6951317.0
2026-06-04,907.9500122070312,919.9000244140625,903.0499877929688,915.7999877929688,3666582.0
2026-06-05,920.0999755859375,944.9000244140625,916.1500244140625,923.2999877929688,5769377.0
2026-06-08,909.0,911.3499755859375,892.0999755859375,896.6500244140625,4584431.0
2026-06-09,908.4000244140625,915.0,896.75,911.7000122070312,5892611.0
2026-06-10,907.8499755859375,914.75,894.2000122070312,897.3499755859375,4026258.0
2026-06-11,893.9500122070312,896.2999877929688,879.0999755859375,886.25,4640157.0
2026-06-12,908.0,959.0999755859375,901.5999755859375,954.9500122070312,9760441.0
2026-06-15,1005.0,1009.5,988.0,1000.6500244140625,12251483.0
2026-06-16,998.0,1010.0499877929688,992.0499877929688,1005.75,4544903.0
2026-06-17,1005.0,1015.75,1001.9500122070312,1007.5,4353419.0
2026-06-18,1010.0,1017.2999877929688,998.25,1002.7000122070312,3364449.0
2026-06-19,1001.6500244140625,1007.7000122070312,992.2999877929688,1001.9000244140625,2611538.0
2026-06-22,1003.9500122070312,1005.75,983.7999877929688,992.8499755859375,4287218.0
2026-06-23,984.5,1007.7000122070312,984.5,993.3499755859375,2904186.0
2026-06-24,993.3499755859375,1029.3499755859375,980.5499877929688,1019.0,7885319.0
2026-06-25,1030.0,1052.0,1026.0,1031.800048828125,8924791.0
2026-06-26,1031.800048828125,1031.800048828125,1031.800048828125,1031.800048828125,0.0
2026-06-29,1036.949951171875,1055.4000244140625,1029.75,1032.6500244140625,11369236.0
2026-06-30,1032.6500244140625,1048.0,1030.25,1042.1500244140625,5218792.0
2026-07-01,1050.0,1058.5999755859375,1038.0,1048.0999755859375,4722961.0
2026-07-02,1052.0,1071.0,1048.199951171875,1066.699951171875,5736423.0
2026-07-03,1081.5,1081.5,1060.0999755859375,1063.5999755859375,3603167.0
2026-07-06,1065.9000244140625,1076.0,1057.800048828125,1062.300048828125,4018215.0
2026-07-07,1070.0,1087.300048828125,1058.699951171875,1066.800048828125,8356697.0
2026-07-08,1058.0,1058.0,1005.0,1014.4000244140625,6535773.0
2026-07-09,1019.4000244140625,1039.800048828125,1015.0,1031.699951171875,3984489.0
2026-07-10,1049.0,1052.0,1039.0,1044.0999755859375,2773485.0
2026-07-13,1019.9000244140625,1053.0999755859375,1017.0,1048.0999755859375,3212203.0
2026-07-14,1040.0,1042.300048828125,1007.0,1013.9000244140625,6517181.0
2026-07-15,1028.0,1049.0,1025.199951171875,1033.800048828125,7089054.0
2026-07-16,1035.800048828125,1040.0,1020.0999755859375,1024.4000244140625,2703222.0
2026-07-17,1025.4000244140625,1038.9000244140625,1022.0,1034.9000244140625,3328041.0
2026-07-20,1040.0,1040.0,1018.0,1035.4000244140625,3238784.0
2026-07-21,1036.0,1067.4000244140625,1031.0,1061.5,7633092.0
2026-07-22,1058.0,1065.0,1046.800048828125,1058.800048828125,3460386.0
2026-07-23,1057.800048828125,1079.0,1022.2999877929688,1025.800048828125,6335830.0
2026-07-24,1018.0999755859375,1051.0,992.9000244140625,1005.0999755859375,11775846.0
2026-07-27,1020.0,1040.0,1002.2000122070312,1038.199951171875,9459410.0
2026-07-28,1045.0,1049.9000244140625,1036.4000244140625,1040.9000244140625,7160194.0
2026-07-29,1050.0,1052.800048828125,1034.0999755859375,1044.699951171875,4160322.0
2026-07-30,1038.0,1051.0,1019.5,1027.199951171875,5425880.0
2026-07-31,1029.199951171875,1054.5999755859375,1029.0999755859375,1046.699951171875,6318223.0
2026-08-03,1058.0,1095.0,1051.5999755859375,1090.199951171875,7047761.0
2026-08-04,1080.0,1091.699951171875,1075.0999755859375,1087.300048828125,3516949.0
2026-08-05,1097.699951171875,1122.4000244140625,1092.699951171875,1122.4000244140625,6684889.0
2026-08-06,1130.0,1153.699951171875,1120.0,1141.0,12605459.0
2026-08-07,1134.0,1134.0,1109.0,1115.0,3239689.0
2026-08-10,1115.0,1139.199951171875,1106.0999755859375,1137.800048828125,3535895.0
2026-08-11,1135.800048828125,1135.800048828125,1121.199951171875,1129.9000244140625,3789090.0
2026-08-12,1135.5,1135.5,1117.0,1117.199951171875,3582194.0
2026-08-13,1135.0,1149.0,1124.300048828125,1132.300048828125,3757182.0
2026-08-14,1130.0,1134.9000244140625,1118.0,1122.0,2463317.0
2026-08-17,1116.0,1129.699951171875,1112.199951171875,1122.0,2105094.0
2026-08-18,1114.0,1124.9000244140625,1098.5999755859375,1108.4000244140625,2672734.0
2026-08-19,1108.4000244140625,1113.0,1098.199951171875,1106.0,1912179.0
2026-08-20,1118.9000244140625,1135.4000244140625,1115.5,1128.199951171875,3313774.0
2026-08-21,1140.0,1140.0,1127.300048828125,1130.0,2514574.0
2026-08-24,1120.5,1137.300048828125,1112.0,1119.0,3112438.0
2026-08-25,1117.9000244140625,1138.5,1112.0,1138.5,2440583.0
2026-08-26,1141.4000244140625,1142.0,1105.0,1117.5,3752627.0
2026-08-27,1112.0,1127.5,1091.5,1101.0,4358707.0
2026-08-28,1105.0,1106.699951171875,1083.199951171875,1086.9000244140625,2207426.0
2026-08-31,1080.0,1109.9000244140625,1060.0999755859375,1109.9000244140625,5859843.0
2026-09-01,1099.0,1099.0,1050.5999755859375,1059.0999755859375,5673585.0
2026-09-02,1048.0,1048.0,1026.0999755859375,1047.0,6535021.0
2026-09-03,1056.0,1068.9000244140625,1038.5999755859375,1044.199951171875,6236042.0
2026-09-04,1044.199951171875,1052.800048828125,1037.0,1041.0,4135730.0
2026-09-07,1045.0,1046.0999755859375,1029.300048828125,1037.0,1812019.0
2026-09-08,1030.0,1031.9000244140625,1017.2000122070312,1029.0,2574351.0
2026-09-09,1018.2000122070312,1034.800048828125,1013.0,1029.0,3641454.0
2026-09-10,1030.0,1039.0,1020.9000244140625,1038.0,2757241.0
2026-09-11,1021.0,1034.5,1013.2000122070312,1028.5999755859375,3171217.0
2026-09-14,1028.5999755859375,1028.5999755859375,1028.5999755859375,1028.5999755859375,0.0
2026-09-15,1044.9000244140625,1044.9000244140625,979.7999877929688,979.7999877929688,5927612.0
2026-09-16,979.0,990.2999877929688,972.5999755859375,979.0,7221528.0
2026-09-17,979.0,1005.5,978.2999877929688,995.0,4285999.0
2026-09-18,1004.9000244140625,1019.0,1000.5,1010.0,4870631.0
2026-09-21,1019.0,1019.0,1005.2999877929688,1011.7999877929688,2189525.0
2026-09-22,1011.7999877929688,1016.5999755859375,995.5,1006.0,3773069.0
2026-09-23,1012.0,1018.0,1005.5,1010.7999877929688,2916356.0
2026-09-24,999.0,1008.5999755859375,983.4000244140625,990.0,4096126.0
2026-09-25,990.0,1002.0,986.4000244140625,994.0999755859375,2700614.0
2026-09-28,990.0,991.2999877929688,970.0,976.2999877929688,4953660.0
2026-09-29,975.0,986.2000122070312,967.9000244140625,971.5,6176420.0
2026-09-30,972.2000122070312,987.0,965.0999755859375,982.7000122070312,5552495.0
2026-10-01,973.5,975.0,936.0,945.0,5599670.0
2026-10-02,945.0,945.0,945.0,945.0,0.0
2026-10-05,964.0,973.5,954.0,971.4000244140625,5092892.0
2026-10-06,971.4000244140625,975.0,959.0999755859375,965.0499877929688,4433773.0
2026-10-07,959.0,960.0,930.0,941.8499755859375,5053789.0
