symbol,result_day,price_6d_before,price_on_result,price_3d_after,before_to_result_%,result_to_after_%,before_to_after_%,outcome
20MICRONS,2008-10-27,9.54,6.35,7.5,-33.49,18.15,-21.41,DOWN
20MICRONS,2009-01-29,6.46,6.35,6.98,-1.68,9.93,8.08,UP
20MICRONS,2009-05-05,9.54,9.76,9.5,2.28,-2.67,-0.46,DOWN
20MICRONS,2009-07-30,10.09,10.87,11.89,7.76,9.4,17.89,UP
20MICRONS,2009-10-30,17.07,16.89,16.39,-1.02,-2.96,-3.95,DOWN
20MICRONS,2010-01-29,20.52,23.3,21.24,13.56,-8.86,3.5,UP
20MICRONS,2010-06-01,17.3,18.35,18.26,6.03,-0.47,5.53,UP
20MICRONS,2010-08-10,22.65,23.57,22.93,4.03,-2.7,1.22,UP
20MICRONS,2010-11-11,23.93,24.97,24.19,4.35,-3.11,1.11,UP
20MICRONS,2011-02-08,18.83,17.68,19.05,-6.12,7.77,1.18,UP
20MICRONS,2011-05-19,18.32,19.67,18.85,7.38,-4.17,2.9,UP
20MICRONS,2011-08-04,22.91,23.67,22.97,3.34,-2.98,0.26,UP
20MICRONS,2011-10-24,25.9,28.0,31.08,8.09,10.98,19.96,UP
20MICRONS,2012-01-24,28.16,29.87,29.25,6.07,-2.06,3.88,UP
20MICRONS,2012-06-06,41.92,40.71,40.9,-2.88,0.45,-2.45,DOWN
20MICRONS,2012-06-15,39.78,39.6,38.59,-0.46,-2.53,-2.98,DOWN
20MICRONS,2012-08-13,46.2,55.2,53.95,19.5,-2.27,16.78,UP
20MICRONS,2012-10-30,51.93,52.6,68.74,1.3,30.67,32.36,UP
20MICRONS,2013-02-20,33.01,32.08,29.44,-2.81,-8.25,-10.83,DOWN
20MICRONS,2013-06-13,28.23,28.32,28.18,0.33,-0.49,-0.16,DOWN
20MICRONS,2013-08-13,28.18,28.27,28.09,0.33,-0.66,-0.33,DOWN
20MICRONS,2013-11-20,30.68,29.73,31.76,-3.08,6.83,3.54,UP
20MICRONS,2014-02-17,30.72,28.79,28.55,-6.3,-0.82,-7.07,DOWN
20MICRONS,2014-06-04,31.81,34.36,35.35,8.01,2.88,11.13,UP
20MICRONS,2014-08-12,29.73,29.68,29.45,-0.16,-0.79,-0.95,DOWN
20MICRONS,2014-11-20,28.98,28.74,29.35,-0.81,2.13,1.3,UP
20MICRONS,2015-02-18,36.1,34.5,34.26,-4.44,-0.68,-5.1,DOWN
20MICRONS,2015-05-28,31.76,31.01,30.35,-2.38,-2.13,-4.46,DOWN
20MICRONS,2015-05-29,31.76,31.48,30.58,-0.89,-2.85,-3.71,DOWN
20MICRONS,2015-08-10,27.18,27.18,26.05,0.0,-4.17,-4.17,DOWN
20MICRONS,2015-11-09,28.5,28.32,26.95,-0.66,-4.83,-5.46,DOWN
20MICRONS,2016-02-15,25.01,26.57,25.15,6.23,-5.33,0.57,UP
20MICRONS,2016-05-25,30.68,27.51,26.71,-10.31,-2.92,-12.92,DOWN
20MICRONS,2016-05-26,30.91,26.66,26.95,-13.74,1.06,-12.82,DOWN
20MICRONS,2016-08-11,28.13,37.38,36.43,32.89,-2.53,29.53,UP
20MICRONS,2016-11-09,39.41,38.51,34.12,-2.28,-11.4,-13.41,DOWN
20MICRONS,2017-02-10,38.08,35.87,34.03,-5.82,-5.13,-10.66,DOWN
20MICRONS,2017-05-29,37.85,35.21,36.01,-6.98,2.28,-4.86,DOWN
20MICRONS,2017-06-23,37.75,36.2,35.91,-4.12,-0.78,-4.87,DOWN
20MICRONS,2017-09-08,35.35,35.63,35.44,0.8,-0.53,0.27,UP
20MICRONS,2017-11-23,46.34,49.13,56.07,6.01,14.12,20.98,UP
20MICRONS,2018-02-26,49.58,48.34,47.68,-2.49,-1.38,-3.84,DOWN
20MICRONS,2018-05-28,40.45,40.12,40.88,-0.82,1.9,1.06,UP
20MICRONS,2018-08-17,46.87,43.45,46.3,-7.3,6.56,-1.22,DOWN
20MICRONS,2018-11-21,43.48,44.34,41.7,1.98,-5.94,-4.07,DOWN
20MICRONS,2019-02-19,34.38,32.56,33.18,-5.29,1.91,-3.48,DOWN
20MICRONS,2019-06-19,35.58,33.33,34.33,-6.33,3.02,-3.5,DOWN
20MICRONS,2019-08-13,32.13,33.09,33.37,2.98,0.87,3.87,UP
20MICRONS,2019-11-08,36.73,35.53,34.38,-3.26,-3.23,-6.39,DOWN
20MICRONS,2020-02-12,33.33,33.04,32.08,-0.86,-2.9,-3.74,DOWN
20MICRONS,2020-06-08,25.71,31.22,27.63,21.41,-11.5,7.46,UP
20MICRONS,2020-08-14,30.73,30.33,31.36,-1.28,3.4,2.08,UP
20MICRONS,2020-11-11,27.24,30.73,30.43,12.82,-0.96,11.73,UP
20MICRONS,2021-02-12,37.21,37.61,35.99,1.06,-4.31,-3.3,DOWN
20MICRONS,2021-06-30,61.89,59.14,58.85,-4.45,-0.5,-4.92,DOWN
20MICRONS,2021-08-10,65.48,59.29,58.89,-9.46,-0.66,-10.06,DOWN
20MICRONS,2021-10-21,61.89,58.55,56.88,-5.4,-2.85,-8.1,DOWN
20MICRONS,2022-01-21,89.82,93.75,90.36,4.38,-3.62,0.6,UP
20MICRONS,2022-05-04,84.95,78.56,85.84,-7.52,9.26,1.04,UP
20MICRONS,2022-07-22,69.81,80.48,90.31,15.28,12.22,29.37,UP
20MICRONS,2022-11-14,86.92,91.14,92.82,4.86,1.83,6.79,UP
20MICRONS,2023-01-27,88.34,77.48,77.58,-12.3,0.13,-12.19,DOWN
20MICRONS,2023-05-17,81.07,82.39,82.59,1.64,0.24,1.88,UP
20MICRONS,2023-07-21,91.69,99.4,115.02,8.42,15.71,25.46,UP
20MICRONS,2023-10-25,138.48,130.66,138.53,-5.65,6.02,0.04,UP
20MICRONS,2023-10-26,141.21,133.24,141.26,-5.64,6.02,0.04,UP
20MICRONS,2024-01-25,163.88,173.82,167.29,6.07,-3.76,2.08,UP
20MICRONS,2024-05-17,159.72,185.75,174.81,16.3,-5.89,9.45,UP
20MICRONS,2024-07-26,208.11,256.41,270.8,23.21,5.61,30.12,UP
20MICRONS,2024-10-25,290.59,287.25,270.38,-1.15,-5.87,-6.95,DOWN
20MICRONS,2025-01-23,228.52,207.84,184.52,-9.05,-11.22,-19.26,DOWN
ADANIENT,2007-07-27,19.99,19.32,19.71,-3.34,2.03,-1.38,DOWN
ADANIENT,2007-10-29,38.53,53.29,51.82,38.32,-2.77,34.49,UP
ADANIENT,2008-01-29,61.29,56.66,54.26,-7.54,-4.25,-11.47,DOWN
ADANIENT,2008-05-28,54.42,53.57,49.82,-1.57,-7.0,-8.46,DOWN
ADANIENT,2008-07-28,38.28,40.48,39.97,5.74,-1.25,4.42,UP
ADANIENT,2008-10-27,18.78,18.92,25.48,0.76,34.71,35.73,UP
ADANIENT,2009-01-30,18.28,17.88,17.0,-2.18,-4.96,-7.03,DOWN
ADANIENT,2009-05-20,27.24,38.4,40.12,40.94,4.49,47.27,UP
ADANIENT,2009-07-30,53.01,52.09,49.43,-1.73,-5.1,-6.74,DOWN
ADANIENT,2009-10-30,45.06,45.53,50.29,1.05,10.44,11.6,UP
ADANIENT,2010-01-27,60.72,56.7,58.31,-6.62,2.84,-3.97,DOWN
ADANIENT,2010-05-14,71.97,76.1,73.63,5.73,-3.25,2.3,UP
ADANIENT,2010-08-13,77.66,80.66,82.39,3.87,2.15,6.1,UP
ADANIENT,2010-10-28,86.32,88.0,98.94,1.95,12.43,14.61,UP
ADANIENT,2011-02-14,77.51,77.75,80.81,0.32,3.94,4.27,UP
ADANIENT,2011-05-12,79.24,82.06,81.74,3.57,-0.39,3.16,UP
ADANIENT,2011-08-10,86.43,78.22,73.29,-9.5,-6.3,-15.2,DOWN
ADANIENT,2011-11-14,60.22,59.32,45.68,-1.5,-22.99,-24.14,DOWN
ADANIENT,2012-02-09,56.69,50.91,46.27,-10.19,-9.11,-18.37,DOWN
ADANIENT,2012-05-24,29.92,31.48,34.67,5.23,10.13,15.9,UP
ADANIENT,2012-08-09,24.08,23.93,25.8,-0.63,7.81,7.14,UP
ADANIENT,2012-10-25,28.84,29.84,28.97,3.48,-2.91,0.47,UP
ADANIENT,2013-02-01,33.89,33.06,33.31,-2.46,0.75,-1.73,DOWN
ADANIENT,2013-05-23,30.41,29.47,29.85,-3.1,1.28,-1.86,DOWN
ADANIENT,2013-08-12,24.96,23.94,22.65,-4.11,-5.38,-9.26,DOWN
ADANIENT,2013-11-05,27.43,29.74,30.69,8.43,3.19,11.89,UP
ADANIENT,2014-02-03,35.33,33.24,32.01,-5.92,-3.7,-9.41,DOWN
ADANIENT,2014-05-21,67.68,72.9,69.16,7.71,-5.13,2.18,UP
ADANIENT,2014-06-17,71.6,68.32,63.51,-4.58,-7.03,-11.29,DOWN
ADANIENT,2014-08-12,62.34,68.87,71.15,10.48,3.31,14.14,UP
ADANIENT,2014-11-19,70.07,69.65,69.63,-0.61,-0.03,-0.64,DOWN
ADANIENT,2015-02-03,81.39,92.61,90.56,13.79,-2.22,11.26,UP
ADANIENT,2015-05-15,93.77,106.63,112.66,13.71,5.65,20.13,UP
ADANIENT,2015-08-12,49.87,46.6,46.75,-6.56,0.34,-6.25,DOWN
ADANIENT,2015-11-04,48.47,44.99,41.95,-7.19,-6.75,-13.45,DOWN
ADANIENT,2016-02-03,39.12,37.99,39.86,-2.9,4.93,1.89,UP
ADANIENT,2016-05-10,46.44,40.12,39.13,-13.61,-2.46,-15.74,DOWN
ADANIENT,2016-10-04,37.48,36.28,36.2,-3.2,-0.22,-3.42,DOWN
ADANIENT,2016-10-25,35.96,36.01,35.69,0.15,-0.89,-0.74,DOWN
ADANIENT,2017-02-15,49.0,49.22,51.97,0.44,5.58,6.04,UP
ADANIENT,2017-05-26,64.21,61.86,62.32,-3.66,0.73,-2.95,DOWN
ADANIENT,2017-08-23,62.56,59.02,63.79,-5.66,8.09,1.97,UP
ADANIENT,2017-11-20,83.87,86.02,81.78,2.56,-4.93,-2.49,DOWN
ADANIENT,2018-01-22,107.23,106.67,114.98,-0.53,7.79,7.23,UP
ADANIENT,2018-06-12,73.41,80.61,83.64,9.81,3.76,13.94,UP
ADANIENT,2018-08-23,123.13,133.55,145.49,8.46,8.94,18.16,UP
ADANIENT,2018-11-19,164.17,160.02,156.47,-2.53,-2.22,-4.69,DOWN
ADANIENT,2019-03-01,117.87,132.14,135.15,12.1,2.28,14.66,UP
ADANIENT,2019-05-29,152.67,153.16,157.01,0.32,2.51,2.85,UP
ADANIENT,2019-06-27,140.97,150.89,152.72,7.04,1.21,8.33,UP
ADANIENT,2019-08-08,127.53,129.61,129.36,1.63,-0.19,1.44,UP
ADANIENT,2019-11-13,198.91,196.24,199.16,-1.34,1.49,0.12,UP
ADANIENT,2020-02-05,227.63,233.91,242.08,2.76,3.49,6.35,UP
ADANIENT,2020-05-06,134.21,132.87,139.65,-1.0,5.1,4.05,UP
ADANIENT,2020-05-08,139.1,136.76,140.75,-1.68,2.92,1.18,UP
ADANIENT,2020-08-07,174.55,192.35,197.13,10.2,2.49,12.94,UP
ADANIENT,2020-11-05,317.94,351.74,358.47,10.63,1.91,12.75,UP
ADANIENT,2021-02-03,512.43,564.97,626.5,10.25,10.89,22.26,UP
ADANIENT,2021-05-05,1187.73,1263.86,1300.36,6.41,2.89,9.48,UP
ADANIENT,2021-08-04,1393.64,1426.37,1490.07,2.35,4.47,6.92,UP
ADANIENT,2021-10-28,1586.16,1395.43,1469.52,-12.02,5.31,-7.35,DOWN
ADANIENT,2022-02-15,1727.94,1740.36,1732.43,0.72,-0.46,0.26,UP
ADANIENT,2022-05-04,2279.11,2248.78,2192.76,-1.33,-2.49,-3.79,DOWN
ADANIENT,2022-08-05,2545.77,2693.5,2828.9,5.8,5.03,11.12,UP
ADANIENT,2022-11-04,3318.96,3826.29,3985.0,15.29,4.15,20.07,UP
ADANIENT,2023-02-14,1569.84,1746.52,1719.57,11.25,-1.54,9.54,UP
ADANIENT,2023-05-05,1844.54,1916.81,1888.71,3.92,-1.47,2.39,UP
ADANIENT,2023-08-04,2425.16,2538.41,2503.76,4.67,-1.37,3.24,UP
ADANIENT,2023-11-03,2200.26,2226.88,2256.94,1.21,1.35,2.58,UP
ADANIENT,2024-02-02,2899.58,3153.24,3225.55,8.75,2.29,11.24,UP
ADANIENT,2024-05-03,3039.49,2989.26,2856.74,-1.65,-4.43,-6.01,DOWN
ADANIENT,2024-08-01,2967.9,3214.22,3069.8,8.3,-4.49,3.43,UP
ADANIENT,2024-10-30,2821.14,2966.5,2894.67,5.15,-2.42,2.61,UP
ADANIENT,2025-01-31,2382.75,2285.64,2299.33,-4.08,0.6,-3.5,DOWN
ADANIPORTS,2008-01-29,148.79,151.63,148.85,1.9,-1.83,0.04,UP
ADANIPORTS,2008-05-28,159.43,151.67,138.11,-4.87,-8.94,-13.38,DOWN
ADANIPORTS,2008-07-28,84.29,106.12,104.24,25.9,-1.78,23.66,UP
ADANIPORTS,2008-10-27,72.51,61.52,64.25,-15.15,4.44,-11.38,DOWN
ADANIPORTS,2009-01-30,64.47,69.82,66.64,8.3,-4.56,3.37,UP
ADANIPORTS,2009-05-20,74.23,97.57,109.08,31.45,11.8,46.96,UP
ADANIPORTS,2009-07-30,101.11,101.31,109.19,0.2,7.78,8.0,UP
ADANIPORTS,2009-10-30,95.68,91.12,96.41,-4.76,5.8,0.76,UP
ADANIPORTS,2010-01-28,115.2,106.8,113.91,-7.29,6.65,-1.12,DOWN
ADANIPORTS,2010-05-17,119.32,128.31,118.77,7.53,-7.44,-0.47,DOWN
ADANIPORTS,2010-08-04,132.69,137.99,145.06,3.99,5.13,9.32,UP
ADANIPORTS,2010-10-25,148.36,150.56,141.49,1.48,-6.03,-4.63,DOWN
ADANIPORTS,2011-02-08,128.8,120.69,126.96,-6.3,5.2,-1.42,DOWN
ADANIPORTS,2011-05-09,132.85,120.38,122.87,-9.39,2.07,-7.51,DOWN
ADANIPORTS,2011-08-04,144.14,127.44,123.1,-11.58,-3.4,-14.59,DOWN
ADANIPORTS,2011-11-11,147.69,138.79,122.27,-6.03,-11.9,-17.21,DOWN
ADANIPORTS,2012-02-06,135.7,136.62,127.26,0.68,-6.85,-6.22,DOWN
ADANIPORTS,2012-05-14,114.72,106.22,105.2,-7.41,-0.96,-8.3,DOWN
ADANIPORTS,2012-08-01,108.16,112.45,115.38,3.97,2.61,6.68,UP
ADANIPORTS,2012-10-19,115.61,115.66,121.57,0.04,5.11,5.15,UP
ADANIPORTS,2013-01-28,123.01,127.19,140.03,3.4,10.09,13.84,UP
ADANIPORTS,2013-05-24,150.68,145.7,142.77,-3.3,-2.01,-5.25,DOWN
ADANIPORTS,2013-08-01,135.47,132.05,121.84,-2.53,-7.73,-10.07,DOWN
ADANIPORTS,2013-11-05,135.28,142.26,139.03,5.16,-2.27,2.77,UP
ADANIPORTS,2014-01-28,141.42,133.03,137.67,-5.93,3.49,-2.65,DOWN
ADANIPORTS,2014-05-19,191.77,217.02,210.84,13.17,-2.85,9.94,UP
ADANIPORTS,2014-08-07,247.0,250.29,255.18,1.33,1.95,3.31,UP
ADANIPORTS,2014-11-17,275.44,278.45,282.36,1.09,1.4,2.51,UP
ADANIPORTS,2015-01-28,308.78,319.03,315.88,3.32,-0.99,2.3,UP
ADANIPORTS,2015-05-05,297.45,322.28,315.13,8.35,-2.22,5.94,UP
ADANIPORTS,2015-08-12,319.95,313.01,338.01,-2.17,7.99,5.65,UP
ADANIPORTS,2015-11-04,293.68,273.06,260.42,-7.02,-4.63,-11.32,DOWN
ADANIPORTS,2016-02-15,199.15,180.33,198.49,-9.45,10.07,-0.33,DOWN
ADANIPORTS,2016-05-10,220.76,184.37,178.68,-16.48,-3.08,-19.06,DOWN
ADANIPORTS,2016-05-23,178.68,171.62,175.13,-3.95,2.04,-1.99,DOWN
ADANIPORTS,2016-10-03,260.7,250.66,251.03,-3.85,0.15,-3.71,DOWN
ADANIPORTS,2016-11-04,289.13,272.64,267.62,-5.7,-1.84,-7.44,DOWN
ADANIPORTS,2017-02-15,287.76,284.25,284.58,-1.22,0.12,-1.1,DOWN
ADANIPORTS,2017-05-25,330.31,322.91,322.54,-2.24,-0.12,-2.35,DOWN
ADANIPORTS,2017-08-23,376.7,366.05,364.43,-2.83,-0.44,-3.26,DOWN
ADANIPORTS,2017-11-20,410.79,378.98,387.06,-7.74,2.13,-5.77,DOWN
ADANIPORTS,2018-01-22,402.47,416.49,415.02,3.48,-0.35,3.12,UP
ADANIPORTS,2018-05-28,370.33,360.25,372.85,-2.72,3.5,0.68,UP
ADANIPORTS,2018-08-23,360.39,367.42,369.76,1.95,0.64,2.6,UP
ADANIPORTS,2018-10-25,318.54,292.02,308.27,-8.32,5.56,-3.22,DOWN
ADANIPORTS,2019-02-12,320.74,312.28,331.87,-2.64,6.27,3.47,UP
ADANIPORTS,2019-04-01,344.58,366.03,361.45,6.23,-1.25,4.89,UP
ADANIPORTS,2019-05-28,382.33,394.32,397.9,3.14,0.91,4.07,UP
ADANIPORTS,2019-08-08,360.97,357.53,343.09,-0.95,-4.04,-4.95,DOWN
ADANIPORTS,2019-10-18,382.34,403.18,381.62,5.45,-5.35,-0.19,DOWN
ADANIPORTS,2019-11-13,373.83,354.51,349.59,-5.17,-1.39,-6.48,DOWN
ADANIPORTS,2020-02-05,356.57,350.5,352.08,-1.7,0.45,-1.26,DOWN
ADANIPORTS,2020-05-06,262.11,261.14,280.04,-0.37,7.24,6.84,UP
ADANIPORTS,2020-06-03,305.07,328.22,331.85,7.59,1.1,8.78,UP
ADANIPORTS,2020-08-12,304.44,329.82,345.53,8.33,4.76,13.49,UP
ADANIPORTS,2020-11-04,352.24,349.06,354.81,-0.91,1.65,0.73,UP
ADANIPORTS,2021-02-09,524.65,562.54,596.03,7.22,5.95,13.61,UP
ADANIPORTS,2021-05-05,724.16,713.48,739.92,-1.47,3.71,2.18,UP
ADANIPORTS,2021-08-03,664.65,686.31,691.81,3.26,0.8,4.09,UP
ADANIPORTS,2021-10-27,771.19,726.02,685.67,-5.86,-5.56,-11.09,DOWN
ADANIPORTS,2022-02-01,704.66,719.11,707.62,2.05,-1.6,0.42,UP
ADANIPORTS,2022-05-25,724.95,689.08,715.17,-4.95,3.79,-1.35,DOWN
ADANIPORTS,2022-08-08,748.55,785.74,772.71,4.97,-1.66,3.23,UP
ADANIPORTS,2022-11-01,785.74,825.1,845.78,5.01,2.51,7.64,UP
ADANIPORTS,2023-02-07,585.15,542.17,572.36,-7.35,5.57,-2.19,DOWN
ADANIPORTS,2023-05-31,719.49,724.19,724.14,0.65,-0.01,0.65,UP
ADANIPORTS,2023-08-08,767.54,773.81,790.43,0.82,2.15,2.98,UP
ADANIPORTS,2023-11-09,758.91,795.52,800.01,4.82,0.56,5.42,UP
ADANIPORTS,2024-02-01,1122.03,1202.7,1256.23,7.19,4.45,11.96,UP
ADANIPORTS,2024-05-02,1304.58,1321.06,1270.59,1.26,-3.82,-2.61,DOWN
ADANIPORTS,2024-08-01,1471.41,1575.81,1480.63,7.1,-6.04,0.63,UP
ADANIPORTS,2024-10-29,1363.1,1360.32,1381.83,-0.2,1.58,1.37,UP
ADANIPORTS,2025-01-30,1092.31,1067.34,1075.07,-2.29,0.72,-1.58,DOWN
ALLCARGO,2007-07-25,19.97,18.69,18.7,-6.41,0.06,-6.35,DOWN
ALLCARGO,2007-10-30,19.29,18.63,17.62,-3.43,-5.44,-8.69,DOWN
ALLCARGO,2008-02-01,15.29,14.41,14.1,-5.73,-2.2,-7.8,DOWN
ALLCARGO,2008-04-25,15.65,15.35,15.22,-1.91,-0.88,-2.77,DOWN
ALLCARGO,2008-06-27,16.14,15.82,14.79,-1.99,-6.49,-8.35,DOWN
ALLCARGO,2008-07-24,15.42,15.36,15.88,-0.41,3.41,2.99,UP
ALLCARGO,2008-10-27,14.01,7.05,6.15,-49.64,-12.86,-56.12,DOWN
ALLCARGO,2009-01-30,12.76,13.18,12.98,3.33,-1.55,1.72,UP
ALLCARGO,2009-05-04,14.82,15.25,15.05,2.92,-1.32,1.56,UP
ALLCARGO,2009-07-31,15.54,15.36,15.57,-1.11,1.35,0.22,UP
ALLCARGO,2009-08-14,15.61,15.69,15.38,0.52,-2.02,-1.51,DOWN
ALLCARGO,2009-10-30,16.15,15.9,16.2,-1.54,1.84,0.27,UP
ALLCARGO,2010-01-27,19.88,18.07,18.43,-9.1,1.99,-7.29,DOWN
ALLCARGO,2010-04-08,17.97,17.98,17.91,0.05,-0.38,-0.32,DOWN
ALLCARGO,2010-05-05,17.89,18.2,17.97,1.77,-1.26,0.49,UP
ALLCARGO,2010-08-16,16.51,16.71,16.84,1.24,0.76,2.01,UP
ALLCARGO,2010-11-15,14.62,16.0,15.52,9.4,-2.96,6.17,UP
ALLCARGO,2011-02-07,12.78,13.87,13.11,8.57,-5.53,2.56,UP
ALLCARGO,2011-04-06,16.11,16.08,16.19,-0.24,0.73,0.49,UP
ALLCARGO,2011-05-13,16.43,16.5,16.03,0.42,-2.83,-2.42,DOWN
ALLCARGO,2011-05-18,16.59,16.03,15.89,-3.35,-0.9,-4.22,DOWN
ALLCARGO,2011-08-18,15.79,16.19,15.13,2.58,-6.59,-4.18,DOWN
ALLCARGO,2011-11-04,14.44,14.36,13.94,-0.55,-2.91,-3.44,DOWN
ALLCARGO,2012-02-22,14.27,14.05,13.42,-1.54,-4.49,-5.96,DOWN
ALLCARGO,2012-08-10,13.73,14.12,13.91,2.85,-1.53,1.28,UP
ALLCARGO,2012-11-19,12.97,12.98,13.09,0.12,0.81,0.93,UP
ALLCARGO,2013-02-20,13.03,12.87,13.04,-1.27,1.33,0.04,UP
ALLCARGO,2013-06-07,11.2,10.42,10.0,-6.91,-4.05,-10.68,DOWN
ALLCARGO,2013-08-23,7.78,7.47,7.96,-3.96,6.46,2.24,UP
ALLCARGO,2013-11-19,10.38,10.68,10.81,2.92,1.15,4.11,UP
ALLCARGO,2014-02-17,13.62,14.32,14.61,5.17,2.01,7.28,UP
ALLCARGO,2014-05-27,16.8,18.93,19.52,12.69,3.09,16.17,UP
ALLCARGO,2014-08-12,26.11,25.3,24.88,-3.13,-1.63,-4.71,DOWN
ALLCARGO,2014-11-19,28.55,34.34,34.68,20.29,1.0,21.49,UP
ALLCARGO,2015-02-18,33.12,35.22,33.94,6.35,-3.63,2.49,UP
ALLCARGO,2015-05-25,32.08,33.76,33.56,5.23,-0.61,4.59,UP
ALLCARGO,2015-08-11,31.42,35.06,33.22,11.58,-5.24,5.73,UP
ALLCARGO,2015-11-09,32.5,36.01,39.17,10.81,8.76,20.52,UP
ALLCARGO,2016-02-15,38.57,33.32,33.17,-13.62,-0.44,-14.0,DOWN
ALLCARGO,2016-05-23,30.6,33.46,32.89,9.34,-1.7,7.49,UP
ALLCARGO,2016-09-29,40.72,37.3,38.88,-8.39,4.23,-4.52,DOWN
ALLCARGO,2016-11-25,35.83,36.07,37.32,0.67,3.47,4.16,UP
ALLCARGO,2017-02-17,35.25,34.47,34.56,-2.21,0.24,-1.97,DOWN
ALLCARGO,2017-05-24,39.1,36.21,37.07,-7.39,2.38,-5.19,DOWN
ALLCARGO,2017-09-01,35.06,35.82,35.17,2.15,-1.81,0.3,UP
ALLCARGO,2017-11-22,35.8,36.1,35.68,0.86,-1.18,-0.33,DOWN
ALLCARGO,2018-03-20,33.13,32.11,31.35,-3.08,-2.35,-5.36,DOWN
ALLCARGO,2018-06-01,25.46,25.07,23.99,-1.54,-4.28,-5.76,DOWN
ALLCARGO,2018-08-27,25.71,25.84,25.34,0.5,-1.92,-1.43,DOWN
ALLCARGO,2018-11-21,22.84,23.16,23.3,1.37,0.61,1.99,UP
ALLCARGO,2019-02-14,21.82,22.83,22.45,4.66,-1.66,2.91,UP
ALLCARGO,2019-05-23,23.26,23.63,25.57,1.59,8.23,9.95,UP
ALLCARGO,2019-05-24,22.71,24.54,25.98,8.07,5.87,14.42,UP
ALLCARGO,2019-08-07,20.87,21.68,21.13,3.91,-2.53,1.29,UP
ALLCARGO,2019-11-08,23.21,22.74,21.13,-2.02,-7.08,-8.96,DOWN
ALLCARGO,2020-02-14,25.21,24.8,25.14,-1.64,1.35,-0.31,DOWN
ALLCARGO,2020-07-01,19.52,18.75,21.9,-3.95,16.83,12.22,UP
ALLCARGO,2020-09-16,26.9,29.32,27.36,8.99,-6.7,1.69,UP
ALLCARGO,2020-11-06,28.03,27.66,28.7,-1.29,3.76,2.42,UP
ALLCARGO,2021-02-12,30.42,30.46,30.48,0.12,0.08,0.19,UP
ALLCARGO,2021-06-24,33.51,34.06,38.26,1.66,12.33,14.2,UP
ALLCARGO,2021-08-13,46.28,50.73,52.32,9.62,3.14,13.05,UP
ALLCARGO,2021-11-01,64.62,65.03,82.55,0.62,26.94,27.73,UP
ALLCARGO,2022-02-11,80.34,84.97,84.83,5.76,-0.17,5.58,UP
ALLCARGO,2022-05-27,73.86,70.93,80.22,-3.97,13.1,8.61,UP
ALLCARGO,2022-08-11,74.11,72.39,73.95,-2.33,2.15,-0.23,DOWN
ALLCARGO,2022-11-10,102.1,100.4,112.13,-1.67,11.68,9.82,UP
ALLCARGO,2023-02-14,99.64,87.32,82.19,-12.36,-5.88,-17.51,DOWN
ALLCARGO,2023-05-31,69.72,64.37,66.77,-7.68,3.74,-4.23,DOWN
ALLCARGO,2023-08-10,73.34,71.29,66.98,-2.8,-6.05,-8.68,DOWN
ALLCARGO,2023-11-13,65.31,68.16,67.76,4.37,-0.59,3.76,UP
ALLCARGO,2024-02-12,76.65,73.13,73.22,-4.6,0.13,-4.48,DOWN
ALLCARGO,2024-05-27,67.66,66.31,65.3,-2.0,-1.53,-3.5,DOWN
ALLCARGO,2024-08-13,59.21,58.51,59.45,-1.18,1.6,0.41,UP
ALLCARGO,2024-11-13,55.97,52.57,54.16,-6.07,3.02,-3.23,DOWN
ALLCARGO,2025-02-14,40.16,34.25,32.28,-14.72,-5.75,-19.62,DOWN
ALMONDZ,2008-07-31,4.94,4.91,4.8,-0.65,-2.27,-2.9,DOWN
ALMONDZ,2008-10-31,1.89,1.94,1.94,2.56,0.0,2.56,UP
ALMONDZ,2009-01-23,2.48,2.36,2.75,-4.87,16.38,10.71,UP
ALMONDZ,2009-06-29,4.9,5.3,5.12,8.06,-3.35,4.44,UP
ALMONDZ,2009-07-29,3.73,3.95,4.27,6.06,8.16,14.72,UP
ALMONDZ,2009-08-20,4.83,4.34,4.4,-10.18,1.49,-8.85,DOWN
ALMONDZ,2009-11-03,7.32,6.21,7.31,-15.22,17.82,-0.11,DOWN
ALMONDZ,2010-01-29,9.72,8.66,8.61,-10.88,-0.56,-11.38,DOWN
ALMONDZ,2010-05-31,10.01,10.37,10.73,3.57,3.45,7.15,UP
ALMONDZ,2010-08-13,11.49,11.47,11.43,-0.21,-0.35,-0.57,DOWN
ALMONDZ,2010-11-11,11.45,11.23,10.57,-1.93,-5.9,-7.71,DOWN
ALMONDZ,2011-02-10,5.96,5.1,4.97,-14.54,-2.57,-16.74,DOWN
ALMONDZ,2011-05-31,5.06,4.52,4.49,-10.82,-0.54,-11.31,DOWN
ALMONDZ,2011-07-04,4.77,4.43,4.38,-7.2,-1.11,-8.23,DOWN
ALMONDZ,2011-08-09,4.1,3.59,3.84,-12.38,7.06,-6.19,DOWN
ALMONDZ,2011-11-14,3.74,4.47,3.47,19.6,-22.53,-7.35,DOWN
ALMONDZ,2012-02-13,2.27,2.38,2.29,4.78,-3.51,1.1,UP
ALMONDZ,2012-06-12,1.25,1.29,1.26,3.33,-2.58,0.67,UP
ALMONDZ,2012-08-21,1.27,1.39,1.33,9.87,-4.19,5.26,UP
ALMONDZ,2012-11-12,1.4,1.31,1.31,-6.55,0.0,-6.55,DOWN
ALMONDZ,2013-02-14,1.25,1.19,1.22,-4.67,2.1,-2.67,DOWN
ALMONDZ,2013-02-27,1.22,1.14,1.19,-6.16,4.38,-2.05,DOWN
ALMONDZ,2013-06-14,1.31,1.43,1.43,9.55,0.0,9.55,UP
ALMONDZ,2013-08-16,1.16,1.16,1.11,0.0,-4.32,-4.32,DOWN
ALMONDZ,2013-11-18,1.5,1.42,1.36,-5.0,-4.68,-9.44,DOWN
ALMONDZ,2014-02-07,1.17,1.06,1.11,-9.29,4.72,-5.0,DOWN
ALMONDZ,2014-05-28,1.25,1.65,1.63,32.0,-1.01,30.67,UP
ALMONDZ,2014-08-19,1.67,2.07,2.38,24.0,15.32,43.0,UP
ALMONDZ,2014-11-20,3.87,2.97,2.68,-23.28,-9.55,-30.6,DOWN
ALMONDZ,2015-02-18,2.48,1.73,1.93,-30.2,11.54,-22.15,DOWN
ALMONDZ,2015-05-28,1.67,1.72,1.77,3.0,2.91,6.0,UP
ALMONDZ,2015-08-12,1.58,1.22,1.5,-23.16,23.29,-5.26,DOWN
ALMONDZ,2015-11-09,1.62,1.67,1.62,3.09,-3.0,0.0,FLAT
ALMONDZ,2016-02-15,1.76,1.7,1.57,-3.32,-7.84,-10.9,DOWN
ALMONDZ,2016-05-26,1.78,2.12,2.25,18.69,6.3,26.17,UP
ALMONDZ,2016-08-16,2.05,1.76,1.77,-14.23,0.95,-13.41,DOWN
ALMONDZ,2016-11-15,2.68,2.08,2.08,-22.67,0.4,-22.36,DOWN
ALMONDZ,2017-02-13,2.74,2.68,2.58,-2.13,-3.73,-5.78,DOWN
ALMONDZ,2017-05-29,2.91,2.78,2.78,-4.58,0.3,-4.3,DOWN
ALMONDZ,2017-09-01,3.57,4.03,4.4,13.08,9.09,23.36,UP
ALMONDZ,2017-12-12,6.34,4.63,4.4,-26.94,-5.04,-30.62,DOWN
ALMONDZ,2017-12-19,4.88,4.57,4.39,-6.32,-3.83,-9.91,DOWN
ALMONDZ,2018-03-19,3.85,3.92,3.67,1.73,-6.38,-4.76,DOWN
ALMONDZ,2018-06-22,5.35,5.22,5.25,-2.49,0.64,-1.87,DOWN
ALMONDZ,2018-07-10,5.17,5.12,5.17,-0.97,0.98,0.0,FLAT
ALMONDZ,2018-09-05,6.51,6.17,6.25,-5.25,1.35,-3.97,DOWN
ALMONDZ,2018-11-26,4.14,4.12,3.9,-0.6,-5.26,-5.83,DOWN
ALMONDZ,2019-02-27,3.72,3.76,3.82,1.12,1.55,2.69,UP
ALMONDZ,2019-06-19,3.98,2.97,2.76,-25.31,-7.28,-30.75,DOWN
ALMONDZ,2019-09-13,1.67,1.67,1.72,0.0,3.0,3.0,UP
ALMONDZ,2020-01-02,1.71,1.97,1.99,15.12,1.27,16.59,UP
ALMONDZ,2020-02-13,2.58,2.78,2.8,7.74,0.6,8.39,UP
ALMONDZ,2020-02-20,2.75,2.84,2.91,3.33,2.35,5.76,UP
ALMONDZ,2020-08-07,1.75,1.66,1.63,-5.24,-1.51,-6.67,DOWN
ALMONDZ,2020-10-01,2.0,1.83,1.86,-8.33,1.36,-7.08,DOWN
ALMONDZ,2020-12-07,2.7,2.74,2.77,1.54,0.91,2.47,UP
ALMONDZ,2021-02-12,3.49,3.63,4.59,4.06,26.38,31.5,UP
ALMONDZ,2021-06-24,7.54,7.93,8.81,5.08,11.15,16.8,UP
ALMONDZ,2021-08-10,10.68,11.03,11.69,3.36,5.97,9.52,UP
ALMONDZ,2021-11-11,22.12,21.7,20.33,-1.88,-6.3,-8.06,DOWN
ALMONDZ,2022-02-10,18.88,16.32,16.98,-13.55,4.03,-10.07,DOWN
ALMONDZ,2022-05-25,16.67,15.77,15.99,-5.4,1.37,-4.1,DOWN
ALMONDZ,2022-08-10,12.88,12.91,13.23,0.19,2.45,2.65,UP
ALMONDZ,2022-11-10,13.41,13.17,13.27,-1.8,0.76,-1.06,DOWN
ALMONDZ,2023-02-13,10.56,11.71,11.57,10.89,-1.21,9.55,UP
ALMONDZ,2023-05-26,11.23,11.92,11.64,6.08,-2.31,3.64,UP
ALMONDZ,2023-08-10,16.32,15.22,15.56,-6.74,2.25,-4.65,DOWN
ALMONDZ,2023-11-07,13.93,14.16,13.62,1.61,-3.83,-2.27,DOWN
ALMONDZ,2024-02-13,19.07,19.08,19.33,0.09,1.31,1.4,UP
ALMONDZ,2024-05-30,19.99,19.55,17.78,-2.21,-9.04,-11.05,DOWN
ALMONDZ,2024-08-13,34.99,32.35,31.12,-7.55,-3.8,-11.06,DOWN
ALMONDZ,2024-11-11,31.87,30.0,28.75,-5.87,-4.17,-9.79,DOWN
ALMONDZ,2025-02-12,29.46,26.36,22.59,-10.52,-14.3,-23.32,DOWN
APOLLOHOSP,2007-07-23,223.14,221.31,226.55,-0.82,2.37,1.53,UP
APOLLOHOSP,2007-10-23,217.4,217.81,220.3,0.19,1.14,1.33,UP
APOLLOHOSP,2008-01-24,236.39,211.1,223.68,-10.7,5.96,-5.38,DOWN
APOLLOHOSP,2008-06-24,222.57,223.2,222.27,0.29,-0.42,-0.13,DOWN
APOLLOHOSP,2008-07-31,222.57,218.4,221.39,-1.87,1.37,-0.53,DOWN
APOLLOHOSP,2008-10-31,198.07,178.54,183.56,-9.86,2.81,-7.32,DOWN
APOLLOHOSP,2009-01-30,195.31,185.88,183.42,-4.83,-1.32,-6.09,DOWN
APOLLOHOSP,2009-06-29,234.64,259.25,275.54,10.48,6.28,17.43,UP
APOLLOHOSP,2009-07-20,248.32,258.95,265.1,4.28,2.38,6.76,UP
APOLLOHOSP,2009-10-29,256.38,248.87,248.24,-2.93,-0.25,-3.17,DOWN
APOLLOHOSP,2010-01-28,314.46,306.98,320.29,-2.38,4.34,1.85,UP
APOLLOHOSP,2010-05-28,312.0,355.0,343.78,13.78,-3.16,10.19,UP
APOLLOHOSP,2010-08-12,367.52,373.38,373.35,1.59,-0.01,1.59,UP
APOLLOHOSP,2011-02-11,439.8,426.67,436.05,-2.99,2.2,-0.85,DOWN
APOLLOHOSP,2011-05-25,458.51,449.13,452.18,-2.05,0.68,-1.38,DOWN
APOLLOHOSP,2011-08-10,504.87,491.26,500.19,-2.7,1.82,-0.93,DOWN
APOLLOHOSP,2011-11-04,484.41,509.97,522.12,5.28,2.38,7.78,UP
APOLLOHOSP,2012-02-10,563.8,589.74,590.31,4.6,0.1,4.7,UP
APOLLOHOSP,2012-06-01,594.8,605.95,636.71,1.87,5.08,7.05,UP
APOLLOHOSP,2012-08-13,592.1,584.16,595.15,-1.34,1.88,0.51,UP
APOLLOHOSP,2012-11-09,727.27,765.28,793.48,5.23,3.69,9.1,UP
APOLLOHOSP,2013-02-07,764.09,807.37,800.85,5.66,-0.81,4.81,UP
APOLLOHOSP,2013-05-20,895.64,948.29,903.49,5.88,-4.72,0.88,UP
APOLLOHOSP,2013-08-12,903.49,903.16,938.64,-0.04,3.93,3.89,UP
APOLLOHOSP,2013-11-19,850.69,829.65,836.06,-2.47,0.77,-1.72,DOWN
APOLLOHOSP,2014-02-12,889.72,895.36,880.63,0.63,-1.65,-1.02,DOWN
APOLLOHOSP,2014-05-28,870.06,887.09,883.74,1.96,-0.38,1.57,UP
APOLLOHOSP,2014-08-19,970.83,1127.6,1088.03,16.15,-3.51,12.07,UP
APOLLOHOSP,2014-11-19,1096.45,1163.71,1119.91,6.14,-3.76,2.14,UP
APOLLOHOSP,2015-02-19,1168.67,1255.51,1301.04,7.43,3.63,11.33,UP
APOLLOHOSP,2015-05-29,1246.95,1166.07,1166.31,-6.49,0.02,-6.47,DOWN
APOLLOHOSP,2015-08-11,1331.63,1379.2,1306.28,3.57,-5.29,-1.9,DOWN
APOLLOHOSP,2015-11-16,1319.46,1235.92,1274.16,-6.33,3.09,-3.43,DOWN
APOLLOHOSP,2016-02-15,1406.24,1395.28,1381.08,-0.78,-1.02,-1.79,DOWN
APOLLOHOSP,2016-05-26,1316.16,1305.54,1328.05,-0.81,1.72,0.9,UP
APOLLOHOSP,2016-09-27,1261.26,1317.13,1274.02,4.43,-3.27,1.01,UP
APOLLOHOSP,2016-11-17,1240.79,1133.7,1143.26,-8.63,0.84,-7.86,DOWN
APOLLOHOSP,2017-02-17,1203.5,1233.81,1286.43,2.52,4.27,6.89,UP
APOLLOHOSP,2017-06-05,1180.85,1232.84,1286.72,4.4,4.37,8.97,UP
APOLLOHOSP,2017-06-06,1176.68,1267.47,1311.94,7.72,3.51,11.5,UP
APOLLOHOSP,2017-08-31,1065.56,1050.14,1069.83,-1.45,1.88,0.4,UP
APOLLOHOSP,2017-11-21,972.08,1080.48,1116.96,11.15,3.38,14.9,UP
APOLLOHOSP,2018-03-16,1134.03,1045.23,1003.09,-7.83,-4.03,-11.55,DOWN
APOLLOHOSP,2018-04-23,1055.66,1104.28,1050.35,4.61,-4.88,-0.5,DOWN
APOLLOHOSP,2018-06-25,1007.77,1006.16,987.44,-0.16,-1.86,-2.02,DOWN
APOLLOHOSP,2018-08-24,1103.31,1168.17,1164.02,5.88,-0.35,5.5,UP
APOLLOHOSP,2018-11-22,1144.41,1189.68,1206.53,3.96,1.42,5.43,UP
APOLLOHOSP,2019-02-19,1232.39,1093.81,1123.0,-11.25,2.67,-8.88,DOWN
APOLLOHOSP,2019-05-30,1139.41,1178.65,1305.34,3.44,10.75,14.56,UP
APOLLOHOSP,2019-06-27,1324.39,1285.89,1328.61,-2.91,3.32,0.32,UP
APOLLOHOSP,2019-08-13,1283.68,1295.74,1453.92,0.94,12.21,13.26,UP
APOLLOHOSP,2019-11-14,1391.89,1396.02,1387.96,0.3,-0.58,-0.28,DOWN
APOLLOHOSP,2020-02-14,1618.24,1676.63,1751.49,3.61,4.46,8.23,UP
APOLLOHOSP,2020-06-26,1327.89,1368.0,1300.5,3.02,-4.93,-2.06,DOWN
APOLLOHOSP,2020-09-15,1625.31,1648.57,1804.85,1.43,9.48,11.05,UP
APOLLOHOSP,2020-11-12,2076.45,2083.21,2277.57,0.33,9.33,9.69,UP
APOLLOHOSP,2020-11-13,2095.21,2236.56,2259.16,6.75,1.01,7.83,UP
APOLLOHOSP,2021-02-15,2703.25,3050.76,3066.65,12.86,0.52,13.44,UP
APOLLOHOSP,2021-06-25,3198.78,3394.62,3573.13,6.12,5.26,11.7,UP
APOLLOHOSP,2021-08-16,4035.29,4289.02,4688.1,6.29,9.3,16.18,UP
APOLLOHOSP,2021-11-15,4383.94,5018.43,5519.84,14.47,9.99,25.91,UP
APOLLOHOSP,2022-02-11,4585.67,4459.35,4528.39,-2.75,1.55,-1.25,DOWN
APOLLOHOSP,2022-05-26,3689.04,3617.73,3930.34,-1.93,8.64,6.54,UP
APOLLOHOSP,2022-08-12,4257.02,4259.69,4225.68,0.06,-0.8,-0.74,DOWN
APOLLOHOSP,2022-11-11,4341.02,4378.95,4436.24,0.87,1.31,2.19,UP
APOLLOHOSP,2023-02-15,4274.16,4444.81,4566.33,3.99,2.73,6.84,UP
APOLLOHOSP,2023-05-31,4512.8,4583.76,4909.29,1.57,7.1,8.79,UP
APOLLOHOSP,2023-08-11,4955.01,4865.61,4852.32,-1.8,-0.27,-2.07,DOWN
APOLLOHOSP,2023-11-10,4855.55,5244.53,5304.39,8.01,1.14,9.24,UP
APOLLOHOSP,2024-02-09,6247.48,6395.92,6710.63,2.38,4.92,7.41,UP
APOLLOHOSP,2024-05-31,5936.98,5806.85,5901.77,-2.19,1.63,-0.59,DOWN
APOLLOHOSP,2024-08-14,6620.82,6479.75,6646.13,-2.13,2.57,0.38,UP
APOLLOHOSP,2024-11-07,6954.49,7395.07,6991.39,6.34,-5.46,0.53,UP
APOLLOHOSP,2025-02-11,6771.38,6292.01,6254.18,-7.08,-0.6,-7.64,DOWN
ASIANPAINT,2007-07-30,72.93,71.07,73.14,-2.54,2.9,0.29,UP
ASIANPAINT,2007-10-19,81.48,76.9,84.02,-5.62,9.26,3.11,UP
ASIANPAINT,2008-01-29,87.25,92.44,97.63,5.95,5.61,11.9,UP
ASIANPAINT,2008-05-09,106.84,102.01,102.5,-4.51,0.47,-4.06,DOWN
ASIANPAINT,2008-07-22,88.49,89.45,93.98,1.08,5.06,6.2,UP
ASIANPAINT,2008-10-24,79.47,80.42,80.9,1.2,0.6,1.8,UP
ASIANPAINT,2009-01-23,78.79,78.01,63.53,-0.98,-18.57,-19.37,DOWN
ASIANPAINT,2009-05-12,75.03,76.03,81.36,1.33,7.01,8.44,UP
ASIANPAINT,2009-07-27,101.78,115.82,119.47,13.79,3.15,17.38,UP
ASIANPAINT,2009-10-22,132.47,131.0,140.9,-1.11,7.56,6.36,UP
ASIANPAINT,2010-01-22,161.85,151.82,155.06,-6.2,2.14,-4.19,DOWN
ASIANPAINT,2010-05-28,177.92,180.65,178.89,1.53,-0.97,0.54,UP
ASIANPAINT,2010-07-27,214.48,211.38,225.69,-1.44,6.77,5.23,UP
ASIANPAINT,2010-10-27,228.49,216.95,235.26,-5.05,8.44,2.96,UP
ASIANPAINT,2011-01-24,237.07,227.94,224.31,-3.85,-1.6,-5.39,DOWN
ASIANPAINT,2011-05-10,238.57,234.04,240.77,-1.9,2.87,0.92,UP
ASIANPAINT,2011-07-26,277.57,275.03,274.58,-0.92,-0.16,-1.08,DOWN
ASIANPAINT,2011-10-21,277.89,264.2,269.04,-4.93,1.83,-3.18,DOWN
ASIANPAINT,2012-01-23,243.63,247.73,256.31,1.68,3.46,5.21,UP
ASIANPAINT,2012-05-09,309.96,325.95,324.94,5.16,-0.31,4.83,UP
ASIANPAINT,2012-07-23,328.53,319.16,307.34,-2.85,-3.7,-6.45,DOWN
ASIANPAINT,2012-10-29,346.29,349.16,344.46,0.83,-1.35,-0.53,DOWN
ASIANPAINT,2013-01-21,381.83,380.81,391.22,-0.27,2.73,2.46,UP
ASIANPAINT,2013-05-13,416.98,417.36,431.75,0.09,3.45,3.54,UP
ASIANPAINT,2013-07-26,466.62,454.3,454.35,-2.64,0.01,-2.63,DOWN
ASIANPAINT,2013-10-21,429.33,461.68,467.77,7.54,1.32,8.95,UP
ASIANPAINT,2014-01-21,443.15,429.88,428.84,-3.0,-0.24,-3.23,DOWN
ASIANPAINT,2014-05-15,453.56,474.54,474.41,4.63,-0.03,4.6,UP
ASIANPAINT,2014-07-22,532.89,545.64,576.2,2.39,5.6,8.13,UP
ASIANPAINT,2014-10-28,567.32,586.18,595.51,3.32,1.59,4.97,UP
ASIANPAINT,2015-01-29,760.66,798.82,738.46,5.02,-7.56,-2.92,DOWN
ASIANPAINT,2015-05-22,721.91,702.83,688.2,-2.64,-2.08,-4.67,DOWN
ASIANPAINT,2015-07-22,749.97,768.75,777.73,2.5,1.17,3.7,UP
ASIANPAINT,2015-10-26,793.13,745.41,758.05,-6.02,1.7,-4.42,DOWN
ASIANPAINT,2016-01-21,793.88,771.85,784.74,-2.77,1.67,-1.15,DOWN
ASIANPAINT,2016-05-16,812.62,870.75,874.54,7.15,0.44,7.62,UP
ASIANPAINT,2016-09-28,1070.57,1096.71,1096.25,2.44,-0.04,2.4,UP
ASIANPAINT,2016-10-25,1086.42,1047.32,983.14,-3.6,-6.13,-9.51,DOWN
ASIANPAINT,2017-01-25,884.48,900.64,894.2,1.83,-0.72,1.1,UP
ASIANPAINT,2017-06-05,1043.2,1070.0,1053.19,2.57,-1.57,0.96,UP
ASIANPAINT,2017-08-04,1065.35,1073.23,1071.61,0.74,-0.15,0.59,UP
ASIANPAINT,2017-10-26,1110.19,1104.62,1097.53,-0.5,-0.64,-1.14,DOWN
ASIANPAINT,2017-11-27,1088.65,1074.9,1065.84,-1.26,-0.84,-2.1,DOWN
ASIANPAINT,2018-01-23,1119.09,1087.35,1070.76,-2.84,-1.53,-4.32,DOWN
ASIANPAINT,2018-04-23,1080.2,1095.53,1074.15,1.42,-1.95,-0.56,DOWN
ASIANPAINT,2018-06-15,1199.72,1197.36,1187.18,-0.2,-0.85,-1.05,DOWN
ASIANPAINT,2018-08-02,1354.2,1324.55,1330.01,-2.19,0.41,-1.79,DOWN
ASIANPAINT,2018-10-24,1167.57,1108.37,1119.59,-5.07,1.01,-4.11,DOWN
ASIANPAINT,2019-01-23,1316.07,1307.27,1291.31,-0.67,-1.22,-1.88,DOWN
ASIANPAINT,2019-05-09,1369.62,1267.63,1235.85,-7.45,-2.51,-9.77,DOWN
ASIANPAINT,2019-07-24,1291.51,1396.06,1424.16,8.1,2.01,10.27,UP
ASIANPAINT,2019-10-23,1692.8,1663.34,1687.06,-1.74,1.43,-0.34,DOWN
ASIANPAINT,2020-01-22,1715.21,1677.59,1686.17,-2.19,0.51,-1.69,DOWN
ASIANPAINT,2020-06-24,1535.19,1654.04,1601.69,7.74,-3.16,4.33,UP
ASIANPAINT,2020-07-24,1602.87,1622.15,1648.78,1.2,1.64,2.86,UP
ASIANPAINT,2020-10-22,1962.59,1989.64,2082.4,1.38,4.66,6.1,UP
ASIANPAINT,2021-01-21,2565.64,2577.65,2312.18,0.47,-10.3,-9.88,DOWN
ASIANPAINT,2021-05-14,2436.54,2632.83,2672.07,8.06,1.49,9.67,UP
ASIANPAINT,2021-07-20,2860.34,3012.58,2919.27,5.32,-3.1,2.06,UP
ASIANPAINT,2021-10-21,3169.17,2862.81,2832.11,-9.67,-1.07,-10.64,DOWN
ASIANPAINT,2022-01-21,3299.9,3126.7,2975.95,-5.25,-4.82,-9.82,DOWN
ASIANPAINT,2022-05-10,3090.76,2946.73,2925.39,-4.66,-0.72,-5.35,DOWN
ASIANPAINT,2022-07-26,2897.93,2984.98,3201.28,3.0,7.25,10.47,UP
ASIANPAINT,2022-10-20,3119.13,3016.09,2962.32,-3.3,-1.78,-5.03,DOWN
ASIANPAINT,2023-01-19,2827.64,2756.23,2702.81,-2.53,-1.94,-4.41,DOWN
ASIANPAINT,2023-05-11,2817.35,3019.34,3017.75,7.17,-0.05,7.11,UP
ASIANPAINT,2023-07-25,3349.85,3291.77,3282.38,-1.73,-0.29,-2.01,DOWN
ASIANPAINT,2023-10-26,3014.08,2865.73,2900.0,-4.92,1.2,-3.79,DOWN
ASIANPAINT,2024-01-17,3168.64,3144.2,2962.28,-0.77,-5.79,-6.51,DOWN
ASIANPAINT,2024-05-09,2788.89,2628.1,2779.43,-5.77,5.76,-0.34,DOWN
ASIANPAINT,2024-07-18,2844.36,2870.36,2836.63,0.91,-1.18,-0.27,DOWN
ASIANPAINT,2024-11-11,2878.48,2490.02,2431.32,-13.5,-2.36,-15.53,DOWN
ASIANPAINT,2025-02-04,2198.77,2309.16,2227.41,5.02,-3.54,1.3,UP
AXISBANK,2007-07-12,110.1,114.36,115.63,3.87,1.11,5.03,UP
AXISBANK,2007-10-15,131.51,145.94,152.55,10.98,4.52,16.0,UP
AXISBANK,2008-01-09,173.1,195.0,225.71,12.65,15.75,30.39,UP
AXISBANK,2008-04-21,141.98,156.9,159.92,10.51,1.93,12.64,UP
AXISBANK,2008-07-14,107.61,113.69,113.88,5.65,0.17,5.83,UP
AXISBANK,2008-10-13,131.65,118.27,111.63,-10.16,-5.62,-15.21,DOWN
AXISBANK,2009-01-09,91.45,87.21,80.54,-4.64,-7.64,-11.93,DOWN
AXISBANK,2009-04-20,79.49,91.37,89.98,14.95,-1.53,13.19,UP
AXISBANK,2009-07-13,158.89,137.43,145.3,-13.51,5.73,-8.55,DOWN
AXISBANK,2009-10-12,183.62,184.37,183.02,0.41,-0.74,-0.33,DOWN
AXISBANK,2010-01-15,182.44,196.08,197.16,7.47,0.55,8.07,UP
AXISBANK,2010-04-20,215.3,215.95,224.84,0.3,4.12,4.43,UP
AXISBANK,2010-07-15,227.32,248.13,251.55,9.15,1.38,10.66,UP
AXISBANK,2010-10-14,287.07,287.38,269.85,0.11,-6.1,-6.0,DOWN
AXISBANK,2011-01-17,235.33,225.84,236.14,-4.03,4.56,0.35,UP
AXISBANK,2011-04-25,264.3,253.09,245.08,-4.24,-3.17,-7.27,DOWN
AXISBANK,2011-07-22,237.74,241.02,241.69,1.38,0.28,1.66,UP
AXISBANK,2011-10-24,205.05,217.17,215.46,5.91,-0.79,5.08,UP
AXISBANK,2012-01-20,174.79,187.53,197.68,7.29,5.41,13.09,UP
AXISBANK,2012-04-27,222.19,205.17,196.68,-7.66,-4.14,-11.48,DOWN
AXISBANK,2012-07-17,195.5,193.23,196.44,-1.16,1.66,0.48,UP
AXISBANK,2012-10-15,215.72,211.22,226.93,-2.09,7.44,5.2,UP
AXISBANK,2013-01-15,259.11,268.82,261.98,3.75,-2.55,1.11,UP
AXISBANK,2013-04-29,259.93,278.46,278.35,7.13,-0.04,7.09,UP
AXISBANK,2013-07-22,247.28,229.77,215.82,-7.08,-6.07,-12.72,DOWN
AXISBANK,2013-10-18,206.64,221.37,231.69,7.12,4.66,12.12,UP
AXISBANK,2014-01-16,232.0,225.19,227.56,-2.94,1.05,-1.91,DOWN
AXISBANK,2014-04-28,280.42,292.85,292.96,4.43,0.04,4.47,UP
AXISBANK,2014-07-23,367.35,386.92,382.41,5.33,-1.16,4.1,UP
AXISBANK,2014-10-20,366.79,404.18,412.83,10.19,2.14,12.55,UP
AXISBANK,2015-01-20,485.14,533.36,546.66,9.94,2.49,12.68,UP
AXISBANK,2015-05-12,549.75,514.93,543.66,-6.33,5.58,-1.11,DOWN
AXISBANK,2015-07-28,584.93,547.25,559.19,-6.44,2.18,-4.4,DOWN
AXISBANK,2015-10-29,496.69,457.25,462.81,-7.94,1.22,-6.82,DOWN
AXISBANK,2016-01-21,396.55,398.94,405.04,0.6,1.53,2.14,UP
AXISBANK,2016-04-27,434.14,453.89,460.03,4.55,1.35,5.96,UP
AXISBANK,2016-08-16,558.27,574.07,579.23,2.83,0.9,3.75,UP
AXISBANK,2016-10-25,510.78,520.72,479.19,1.95,-7.98,-6.18,DOWN
AXISBANK,2017-01-19,446.42,476.14,444.11,6.66,-6.73,-0.52,DOWN
AXISBANK,2017-05-16,503.11,493.56,493.76,-1.9,0.04,-1.86,DOWN
AXISBANK,2017-08-04,521.42,504.97,483.95,-3.15,-4.16,-7.19,DOWN
AXISBANK,2017-10-24,526.19,449.17,482.96,-14.64,7.52,-8.22,DOWN
AXISBANK,2018-01-24,559.73,604.21,590.09,7.95,-2.34,5.42,UP
AXISBANK,2018-05-28,529.62,542.79,542.54,2.49,-0.05,2.44,UP
AXISBANK,2018-06-29,509.89,507.65,511.58,-0.44,0.77,0.33,UP
AXISBANK,2018-08-13,571.21,601.17,623.44,5.25,3.7,9.14,UP
AXISBANK,2018-12-04,627.16,619.41,600.23,-1.24,-3.1,-4.29,DOWN
AXISBANK,2019-01-31,657.52,718.25,725.01,9.24,0.94,10.26,UP
AXISBANK,2019-05-10,747.72,730.52,717.5,-2.3,-1.78,-4.04,DOWN
AXISBANK,2019-09-09,657.89,668.24,670.93,1.57,0.4,1.98,UP
AXISBANK,2019-10-25,689.98,705.11,743.72,2.19,5.48,7.79,UP
AXISBANK,2020-01-24,733.67,733.77,731.63,0.01,-0.29,-0.28,DOWN
AXISBANK,2020-05-13,387.08,411.96,357.03,6.43,-13.33,-7.76,DOWN
AXISBANK,2020-07-09,431.12,451.52,415.64,4.73,-7.94,-3.59,DOWN
AXISBANK,2020-07-29,444.0,438.73,415.29,-1.19,-5.34,-6.47,DOWN
AXISBANK,2020-11-06,491.42,539.08,605.65,9.7,12.35,23.25,UP
AXISBANK,2021-01-28,665.46,667.4,710.68,0.29,6.49,6.8,UP
AXISBANK,2021-04-28,644.96,704.66,699.29,9.26,-0.76,8.42,UP
AXISBANK,2021-07-26,770.34,752.57,713.72,-2.31,-5.16,-7.35,DOWN
AXISBANK,2021-10-27,797.7,783.62,748.64,-1.77,-4.46,-6.15,DOWN
AXISBANK,2022-01-25,709.14,748.5,769.24,5.55,2.77,8.48,UP
AXISBANK,2022-04-29,797.85,725.01,698.89,-9.13,-3.6,-12.4,DOWN
AXISBANK,2022-07-26,682.17,704.04,722.28,3.21,2.59,5.88,UP
AXISBANK,2022-10-21,799.26,897.33,912.03,12.27,1.64,14.11,UP
AXISBANK,2023-01-23,930.96,929.52,870.77,-0.16,-6.32,-6.47,DOWN
AXISBANK,2023-04-28,865.79,857.07,863.0,-1.01,0.69,-0.32,DOWN
AXISBANK,2023-07-27,961.99,957.6,957.6,-0.46,0.0,-0.46,DOWN
AXISBANK,2023-10-26,1005.64,969.72,979.5,-3.57,1.01,-2.6,DOWN
AXISBANK,2024-01-24,1116.82,1056.61,1051.58,-5.39,-0.48,-5.84,DOWN
AXISBANK,2024-04-25,1049.38,1124.3,1163.11,7.14,3.45,10.84,UP
AXISBANK,2024-07-25,1301.88,1173.99,1168.1,-9.82,-0.5,-10.28,DOWN
AXISBANK,2024-10-18,1182.33,1194.91,1158.52,1.06,-3.05,-2.01,DOWN
AXISBANK,2025-01-16,1073.2,1036.31,968.62,-3.44,-6.53,-9.74,DOWN
BAJAJ-AUTO,2008-07-10,146.03,160.5,154.51,9.91,-3.73,5.81,UP
BAJAJ-AUTO,2008-10-23,170.4,170.64,171.0,0.14,0.21,0.35,UP
BAJAJ-AUTO,2009-01-16,131.13,148.72,145.93,13.41,-1.87,11.28,UP
BAJAJ-AUTO,2009-05-21,237.49,298.27,298.28,25.59,0.01,25.6,UP
BAJAJ-AUTO,2009-07-16,320.34,377.66,391.67,17.9,3.71,22.27,UP
BAJAJ-AUTO,2009-10-15,504.2,512.08,484.91,1.56,-5.31,-3.83,DOWN
BAJAJ-AUTO,2010-01-12,570.15,560.82,568.45,-1.64,1.36,-0.3,DOWN
BAJAJ-AUTO,2010-05-12,681.54,706.25,713.31,3.62,1.0,4.66,UP
BAJAJ-AUTO,2010-07-22,816.34,833.65,888.43,2.12,6.57,8.83,UP
BAJAJ-AUTO,2010-10-19,1039.01,1013.87,995.19,-2.42,-1.84,-4.22,DOWN
BAJAJ-AUTO,2011-01-19,874.12,884.9,875.22,1.23,-1.09,0.13,UP
BAJAJ-AUTO,2011-05-18,877.57,861.87,873.68,-1.79,1.37,-0.44,DOWN
BAJAJ-AUTO,2011-07-14,990.07,985.56,988.35,-0.46,0.28,-0.17,DOWN
BAJAJ-AUTO,2011-10-20,1092.72,1111.52,1206.65,1.72,8.56,10.43,UP
BAJAJ-AUTO,2012-01-19,1003.61,1011.09,1088.86,0.74,7.69,8.49,UP
BAJAJ-AUTO,2012-05-17,1045.84,1085.21,1038.3,3.76,-4.32,-0.72,DOWN
BAJAJ-AUTO,2012-07-18,1080.83,1078.35,1107.06,-0.23,2.66,2.43,UP
BAJAJ-AUTO,2012-10-29,1244.51,1283.22,1308.82,3.11,1.99,5.17,UP
BAJAJ-AUTO,2013-01-16,1558.75,1472.28,1459.23,-5.55,-0.89,-6.38,DOWN
BAJAJ-AUTO,2013-05-24,1280.84,1279.53,1293.64,-0.1,1.1,1.0,UP
BAJAJ-AUTO,2013-07-22,1357.95,1441.98,1453.97,6.19,0.83,7.07,UP
BAJAJ-AUTO,2013-11-05,1511.17,1519.45,1500.49,0.55,-1.25,-0.71,DOWN
BAJAJ-AUTO,2014-01-17,1386.86,1404.29,1416.09,1.26,0.84,2.11,UP
BAJAJ-AUTO,2014-05-20,1414.97,1355.59,1435.38,-4.2,5.89,1.44,UP
BAJAJ-AUTO,2014-07-17,1610.11,1549.25,1536.27,-3.78,-0.84,-4.59,DOWN
BAJAJ-AUTO,2014-10-16,1742.83,1754.0,1789.99,0.64,2.05,2.71,UP
BAJAJ-AUTO,2015-01-16,1818.45,1796.0,1815.67,-1.23,1.09,-0.15,DOWN
BAJAJ-AUTO,2015-05-21,1577.64,1707.06,1722.65,8.2,0.91,9.19,UP
BAJAJ-AUTO,2015-07-24,1926.75,1890.04,1890.42,-1.91,0.02,-1.89,DOWN
BAJAJ-AUTO,2015-10-21,1863.37,1906.47,1954.22,2.31,2.5,4.88,UP
BAJAJ-AUTO,2016-02-19,1763.31,1858.6,1768.99,5.4,-4.82,0.32,UP
BAJAJ-AUTO,2016-05-26,1904.86,1938.49,2026.08,1.77,4.52,6.36,UP
BAJAJ-AUTO,2016-10-04,2241.74,2243.75,2235.46,0.09,-0.37,-0.28,DOWN
BAJAJ-AUTO,2016-11-17,2221.12,1976.76,2015.29,-11.0,1.95,-9.27,DOWN
BAJAJ-AUTO,2017-02-01,2098.24,2212.71,2170.26,5.46,-1.92,3.43,UP
BAJAJ-AUTO,2017-05-29,2304.57,2200.15,2201.23,-4.53,0.05,-4.48,DOWN
BAJAJ-AUTO,2017-08-04,2246.56,2273.72,2239.32,1.21,-1.51,-0.32,DOWN
BAJAJ-AUTO,2017-10-17,2472.1,2578.48,2545.02,4.3,-1.3,2.95,UP
BAJAJ-AUTO,2018-03-13,2328.22,2350.53,2302.04,0.96,-2.06,-1.12,DOWN
BAJAJ-AUTO,2018-05-28,2204.79,2206.89,2175.37,0.1,-1.43,-1.33,DOWN
BAJAJ-AUTO,2018-08-07,2157.81,2168.66,2122.73,0.5,-2.12,-1.63,DOWN
BAJAJ-AUTO,2018-11-12,2097.83,2140.98,2154.34,2.06,0.62,2.69,UP
BAJAJ-AUTO,2019-01-31,2158.57,2062.07,2188.08,-4.47,6.11,1.37,UP
BAJAJ-AUTO,2019-05-17,2407.84,2453.97,2459.75,1.92,0.24,2.16,UP
BAJAJ-AUTO,2019-05-20,2394.36,2426.73,2474.11,1.35,1.95,3.33,UP
BAJAJ-AUTO,2019-07-26,2171.16,2161.13,2076.83,-0.46,-3.9,-4.34,DOWN
BAJAJ-AUTO,2019-10-23,2441.23,2610.08,2594.16,6.92,-0.61,6.26,UP
BAJAJ-AUTO,2020-01-30,2538.9,2595.93,2610.21,2.25,0.55,2.81,UP
BAJAJ-AUTO,2020-05-20,2266.98,2205.66,2211.79,-2.7,0.28,-2.43,DOWN
BAJAJ-AUTO,2020-06-03,2211.79,2400.25,2415.47,8.52,0.63,9.21,UP
BAJAJ-AUTO,2020-07-22,2500.37,2574.44,2604.71,2.96,1.18,4.17,UP
BAJAJ-AUTO,2020-10-22,2633.73,2592.38,2541.63,-1.57,-1.96,-3.5,DOWN
BAJAJ-AUTO,2021-01-21,3105.22,3193.52,3575.58,2.84,11.96,15.15,UP
BAJAJ-AUTO,2021-04-30,3174.64,3306.02,3314.68,4.14,0.26,4.41,UP
BAJAJ-AUTO,2021-07-22,3538.43,3437.7,3409.33,-2.85,-0.83,-3.65,DOWN
BAJAJ-AUTO,2021-10-28,3433.64,3301.64,3338.36,-3.84,1.11,-2.77,DOWN
BAJAJ-AUTO,2022-01-20,3069.14,2951.96,3095.02,-3.82,4.85,0.84,UP
BAJAJ-AUTO,2022-04-28,3319.53,3420.93,3119.82,3.05,-8.8,-6.02,DOWN
BAJAJ-AUTO,2022-10-14,3327.48,3305.12,3384.13,-0.67,2.39,1.7,UP
BAJAJ-AUTO,2023-01-25,3338.87,3441.11,3534.46,3.06,2.71,5.86,UP
BAJAJ-AUTO,2023-04-25,3938.15,4019.79,4102.55,2.07,2.06,4.17,UP
BAJAJ-AUTO,2023-07-25,4610.8,4625.87,4667.42,0.33,0.9,1.23,UP
BAJAJ-AUTO,2023-10-18,4805.75,4901.0,5156.72,1.98,5.22,7.3,UP
BAJAJ-AUTO,2024-01-24,6966.02,6881.02,7218.3,-1.22,4.9,3.62,UP
BAJAJ-AUTO,2024-04-18,8615.04,8606.27,8391.14,-0.1,-2.5,-2.6,DOWN
BAJAJ-AUTO,2024-07-16,9164.88,9346.6,9049.76,1.98,-3.18,-1.26,DOWN
BAJAJ-AUTO,2024-10-16,11434.31,11172.57,10098.83,-2.29,-9.61,-11.68,DOWN
BAJAJ-AUTO,2025-01-29,8144.61,8295.89,8805.38,1.86,6.14,8.11,UP
BAJAJFINSV,2008-07-09,49.83,49.86,44.46,0.06,-10.84,-10.79,DOWN
BAJAJFINSV,2008-10-22,18.23,14.43,10.97,-20.88,-23.98,-39.85,DOWN
BAJAJFINSV,2009-01-15,16.77,19.1,18.11,13.89,-5.19,7.98,UP
BAJAJFINSV,2009-05-20,24.32,25.04,29.0,2.97,15.8,19.24,UP
BAJAJFINSV,2009-07-15,33.62,34.21,34.97,1.74,2.23,4.0,UP
BAJAJFINSV,2009-10-14,28.81,33.29,31.85,15.53,-4.32,10.53,UP
BAJAJFINSV,2010-01-12,34.69,33.11,33.16,-4.55,0.13,-4.42,DOWN
BAJAJFINSV,2010-05-11,33.31,41.86,51.83,25.64,23.83,55.58,UP
BAJAJFINSV,2010-07-21,41.14,42.02,40.86,2.14,-2.76,-0.68,DOWN
BAJAJFINSV,2010-10-18,48.89,48.99,47.5,0.19,-3.04,-2.86,DOWN
BAJAJFINSV,2011-01-18,42.39,41.96,41.08,-1.02,-2.1,-3.09,DOWN
BAJAJFINSV,2011-05-17,47.25,48.06,47.96,1.71,-0.2,1.5,UP
BAJAJFINSV,2011-07-13,50.42,52.33,52.32,3.79,-0.02,3.77,UP
BAJAJFINSV,2011-10-19,51.05,52.87,52.39,3.57,-0.92,2.62,UP
BAJAJFINSV,2012-01-18,42.34,45.46,43.6,7.37,-4.11,2.97,UP
BAJAJFINSV,2012-05-18,69.73,66.22,64.14,-5.03,-3.14,-8.01,DOWN
BAJAJFINSV,2012-07-17,64.41,66.18,69.38,2.75,4.84,7.72,UP
BAJAJFINSV,2012-10-25,83.2,91.06,84.23,9.46,-7.51,1.24,UP
BAJAJFINSV,2012-10-29,83.94,84.91,85.16,1.15,0.3,1.46,UP
BAJAJFINSV,2013-01-15,90.73,86.42,83.34,-4.76,-3.55,-8.14,DOWN
BAJAJFINSV,2013-01-17,90.63,82.0,85.73,-9.53,4.55,-5.41,DOWN
BAJAJFINSV,2013-05-23,74.65,66.23,68.27,-11.28,3.08,-8.55,DOWN
BAJAJFINSV,2013-07-22,65.78,62.8,61.81,-4.54,-1.57,-6.04,DOWN
BAJAJFINSV,2013-11-05,63.16,66.03,66.53,4.54,0.77,5.34,UP
BAJAJFINSV,2014-01-16,73.2,70.79,67.55,-3.29,-4.58,-7.72,DOWN
BAJAJFINSV,2014-05-20,83.23,86.74,88.24,4.22,1.72,6.02,UP
BAJAJFINSV,2014-07-16,93.89,94.12,94.43,0.24,0.32,0.57,UP
BAJAJFINSV,2014-10-20,108.65,100.88,106.04,-7.15,5.12,-2.4,DOWN
BAJAJFINSV,2015-01-19,127.06,124.95,128.95,-1.66,3.2,1.49,UP
BAJAJFINSV,2015-05-25,143.45,147.15,151.96,2.58,3.26,5.93,UP
BAJAJFINSV,2015-07-27,171.0,170.67,182.26,-0.19,6.79,6.59,UP
BAJAJFINSV,2015-10-21,174.81,183.87,197.35,5.18,7.33,12.89,UP
BAJAJFINSV,2016-02-08,185.1,182.51,168.68,-1.4,-7.58,-8.87,DOWN
BAJAJFINSV,2016-05-26,185.03,178.37,181.21,-3.6,1.59,-2.07,DOWN
BAJAJFINSV,2016-08-16,265.72,273.73,268.62,3.02,-1.87,1.09,UP
BAJAJFINSV,2016-11-07,325.27,312.67,307.5,-3.87,-1.66,-5.47,DOWN
BAJAJFINSV,2017-01-31,304.96,323.06,340.39,5.94,5.36,11.62,UP
BAJAJFINSV,2017-05-29,415.03,397.93,418.59,-4.12,5.19,0.86,UP
BAJAJFINSV,2017-08-02,493.73,498.1,540.99,0.88,8.61,9.57,UP
BAJAJFINSV,2017-10-23,536.91,526.47,496.07,-1.94,-5.77,-7.61,DOWN
BAJAJFINSV,2018-06-21,604.89,596.6,605.84,-1.37,1.55,0.16,UP
BAJAJFINSV,2018-08-02,692.18,687.59,696.64,-0.66,1.32,0.64,UP
BAJAJFINSV,2018-10-25,563.46,534.63,536.97,-5.12,0.44,-4.7,DOWN
BAJAJFINSV,2019-02-01,638.18,607.27,618.39,-4.84,1.83,-3.1,DOWN
BAJAJFINSV,2019-07-25,782.58,675.75,705.22,-13.65,4.36,-9.89,DOWN
BAJAJFINSV,2019-09-04,716.45,699.74,729.72,-2.33,4.28,1.85,UP
BAJAJFINSV,2020-01-10,947.09,933.8,955.41,-1.4,2.31,0.88,UP
BAJAJFINSV,2020-02-06,985.81,958.45,969.6,-2.77,1.16,-1.64,DOWN
BAJAJFINSV,2020-05-29,468.75,439.13,526.97,-6.32,20.0,12.42,UP
BAJAJFINSV,2020-07-29,636.46,630.9,608.43,-0.87,-3.56,-4.4,DOWN
BAJAJFINSV,2020-11-05,562.49,603.64,666.69,7.32,10.45,18.53,UP
BAJAJFINSV,2021-01-20,893.13,891.06,917.04,-0.23,2.92,2.68,UP
BAJAJFINSV,2021-04-29,978.9,1114.2,1095.24,13.82,-1.7,11.89,UP
BAJAJFINSV,2021-07-22,1287.26,1302.73,1376.84,1.2,5.69,6.96,UP
BAJAJFINSV,2021-10-29,1852.66,1777.03,1745.95,-4.08,-1.75,-5.76,DOWN
BAJAJFINSV,2022-01-20,1788.41,1720.97,1548.46,-3.77,-10.02,-13.42,DOWN
BAJAJFINSV,2022-04-29,1579.06,1486.86,1409.89,-5.84,-5.18,-10.71,DOWN
BAJAJFINSV,2022-07-29,1268.47,1501.01,1520.59,18.33,1.3,19.88,UP
BAJAJFINSV,2022-10-24,1684.09,1697.56,1649.28,0.8,-2.84,-2.07,DOWN
BAJAJFINSV,2023-01-30,1351.77,1340.5,1268.73,-0.83,-5.35,-6.14,DOWN
BAJAJFINSV,2023-04-27,1328.03,1356.61,1343.64,2.15,-0.96,1.18,UP
BAJAJFINSV,2023-07-27,1640.86,1611.37,1569.25,-1.8,-2.61,-4.36,DOWN
BAJAJFINSV,2023-10-30,1631.53,1558.03,1572.5,-4.51,0.93,-3.62,DOWN
BAJAJFINSV,2024-01-30,1578.04,1587.42,1648.25,0.59,3.83,4.45,UP
BAJAJFINSV,2024-04-29,1615.81,1592.51,1624.1,-1.44,1.98,0.51,UP
BAJAJFINSV,2024-07-25,1607.39,1569.84,1640.45,-2.34,4.5,2.06,UP
BAJAJFINSV,2024-10-24,1859.56,1739.77,1764.33,-6.44,1.41,-5.12,DOWN
BAJAJFINSV,2025-01-30,1740.97,1742.86,1792.45,0.11,2.84,2.96,UP
BAJFINANCE,2007-07-11,3.25,3.23,3.23,-0.54,-0.07,-0.61,DOWN
BAJFINANCE,2007-10-18,3.1,2.88,2.9,-6.93,0.4,-6.56,DOWN
BAJFINANCE,2008-01-29,3.02,3.45,3.65,14.12,5.98,20.94,UP
BAJFINANCE,2008-05-21,2.61,2.46,2.33,-5.86,-5.05,-10.61,DOWN
BAJFINANCE,2008-07-09,1.13,1.24,1.17,9.54,-6.1,2.86,UP
BAJFINANCE,2008-10-22,0.75,0.62,0.6,-18.04,-2.88,-20.4,DOWN
BAJFINANCE,2009-01-15,0.59,0.52,0.51,-12.91,-1.01,-13.79,DOWN
BAJFINANCE,2009-05-20,0.81,1.1,1.11,34.56,1.46,36.52,UP
BAJFINANCE,2009-07-15,1.28,1.56,1.62,22.01,3.4,26.16,UP
BAJFINANCE,2009-10-14,2.36,2.85,2.51,20.74,-12.11,6.12,UP
BAJFINANCE,2010-01-12,3.01,3.03,2.97,0.61,-1.8,-1.19,DOWN
BAJFINANCE,2010-05-11,3.73,3.77,4.32,0.82,14.65,15.6,UP
BAJFINANCE,2010-07-21,4.74,4.88,4.8,3.04,-1.66,1.33,UP
BAJFINANCE,2010-10-18,6.92,6.75,6.85,-2.48,1.53,-0.98,DOWN
BAJFINANCE,2011-01-18,5.72,5.78,5.59,1.2,-3.4,-2.24,DOWN
BAJFINANCE,2011-05-17,5.69,5.54,5.5,-2.54,-0.72,-3.24,DOWN
BAJFINANCE,2011-07-13,5.58,6.18,6.51,10.73,5.3,16.59,UP
BAJFINANCE,2011-10-19,5.79,6.12,5.84,5.66,-4.51,0.9,UP
BAJFINANCE,2012-01-18,5.66,6.11,6.26,7.97,2.44,10.61,UP
BAJFINANCE,2012-05-17,7.73,7.76,7.78,0.51,0.13,0.65,UP
BAJFINANCE,2012-07-17,8.34,8.88,9.22,6.44,3.83,10.52,UP
BAJFINANCE,2012-10-22,11.02,11.88,12.18,7.85,2.52,10.57,UP
BAJFINANCE,2013-01-15,12.67,12.86,12.54,1.51,-2.46,-0.99,DOWN
BAJFINANCE,2013-06-14,13.69,13.55,13.46,-1.01,-0.69,-1.7,DOWN
BAJFINANCE,2013-07-22,13.71,12.76,12.39,-6.95,-2.86,-9.61,DOWN
BAJFINANCE,2013-10-23,12.33,12.23,12.12,-0.79,-0.85,-1.63,DOWN
BAJFINANCE,2014-01-15,14.79,14.79,14.93,0.05,0.94,0.99,UP
BAJFINANCE,2014-05-20,18.08,16.94,19.29,-6.31,13.91,6.72,UP
BAJFINANCE,2014-07-16,20.55,20.99,20.85,2.11,-0.63,1.47,UP
BAJFINANCE,2014-10-16,25.9,25.31,25.35,-2.27,0.13,-2.13,DOWN
BAJFINANCE,2015-01-15,33.51,37.01,37.44,10.43,1.15,11.7,UP
BAJFINANCE,2015-05-21,41.48,43.88,42.98,5.78,-2.05,3.61,UP
BAJFINANCE,2015-07-23,49.62,49.45,51.37,-0.34,3.87,3.52,UP
BAJFINANCE,2015-10-21,47.88,51.55,51.19,7.66,-0.7,6.92,UP
BAJFINANCE,2016-02-08,57.03,64.07,59.45,12.34,-7.22,4.23,UP
BAJFINANCE,2016-05-26,74.69,71.95,73.21,-3.67,1.75,-1.99,DOWN
BAJFINANCE,2016-08-08,100.15,96.88,96.62,-3.26,-0.27,-3.52,DOWN
BAJFINANCE,2016-11-08,103.55,94.98,82.85,-8.28,-12.77,-19.99,DOWN
BAJFINANCE,2017-02-01,89.76,102.94,103.66,14.68,0.71,15.5,UP
BAJFINANCE,2017-05-29,124.47,126.23,128.15,1.42,1.52,2.96,UP
BAJFINANCE,2017-07-27,149.25,162.56,166.13,8.92,2.2,11.31,UP
BAJFINANCE,2017-10-17,187.91,180.73,177.5,-3.82,-1.79,-5.54,DOWN
BAJFINANCE,2018-06-21,215.96,218.52,229.16,1.18,4.87,6.11,UP
BAJFINANCE,2018-08-02,262.29,260.24,266.4,-0.78,2.37,1.56,UP
BAJFINANCE,2018-10-25,223.88,226.41,228.48,1.13,0.91,2.06,UP
BAJFINANCE,2019-01-31,255.44,249.67,252.46,-2.26,1.12,-1.17,DOWN
BAJFINANCE,2019-09-03,308.34,316.51,327.63,2.65,3.51,6.26,UP
BAJFINANCE,2019-09-04,322.9,315.71,333.89,-2.23,5.76,3.4,UP
BAJFINANCE,2019-10-25,390.13,387.3,387.76,-0.73,0.12,-0.61,DOWN
BAJFINANCE,2020-01-29,402.0,429.24,423.44,6.78,-1.35,5.33,UP
BAJFINANCE,2020-05-29,198.88,190.2,234.82,-4.36,23.46,18.07,UP
BAJFINANCE,2020-09-18,340.63,338.3,315.81,-0.68,-6.65,-7.28,DOWN
BAJFINANCE,2020-11-02,322.93,332.94,363.82,3.1,9.27,12.66,UP
BAJFINANCE,2021-01-20,490.9,485.03,477.9,-1.19,-1.47,-2.65,DOWN
BAJFINANCE,2021-04-28,436.12,514.14,540.45,17.89,5.12,23.92,UP
BAJFINANCE,2021-07-22,600.14,604.16,607.66,0.67,0.58,1.25,UP
BAJFINANCE,2021-10-26,767.01,766.05,721.63,-0.13,-5.8,-5.92,DOWN
BAJFINANCE,2022-01-18,753.92,755.16,719.05,0.16,-4.78,-4.62,DOWN
BAJFINANCE,2022-04-26,708.1,706.06,650.6,-0.29,-7.86,-8.12,DOWN
BAJFINANCE,2022-07-27,593.68,626.01,710.64,5.45,13.52,19.7,UP
BAJFINANCE,2022-10-20,707.23,727.41,695.16,2.85,-4.43,-1.71,DOWN
BAJFINANCE,2023-01-27,587.09,563.8,569.33,-3.97,0.98,-3.02,DOWN
BAJFINANCE,2023-04-26,578.97,592.7,611.61,2.37,3.19,5.64,UP
BAJFINANCE,2023-07-26,729.28,730.58,717.52,0.18,-1.79,-1.61,DOWN
BAJFINANCE,2023-10-17,789.01,795.43,763.6,0.81,-4.0,-3.22,DOWN
BAJFINANCE,2024-01-29,723.27,706.84,662.77,-2.27,-6.23,-8.36,DOWN
BAJFINANCE,2024-04-25,683.51,716.99,680.49,4.9,-5.09,-0.44,DOWN
BAJFINANCE,2024-07-23,691.88,664.5,670.69,-3.96,0.93,-3.06,DOWN
BAJFINANCE,2024-10-22,712.08,659.64,682.58,-7.36,3.48,-4.14,DOWN
BAJFINANCE,2025-01-29,720.27,766.49,790.25,6.42,3.1,9.72,UP
BEL,2007-07-31,13.77,13.07,12.35,-5.06,-5.48,-10.26,DOWN
BEL,2007-08-09,12.09,12.16,12.36,0.57,1.64,2.22,UP
BEL,2007-10-29,13.18,14.16,13.67,7.47,-3.47,3.73,UP
BEL,2008-01-25,14.01,13.94,12.23,-0.47,-12.26,-12.67,DOWN
BEL,2008-04-25,8.92,9.01,9.97,1.07,10.59,11.77,UP
BEL,2008-06-27,8.8,7.71,7.48,-12.38,-2.98,-14.99,DOWN
BEL,2008-07-29,7.67,7.3,7.27,-4.77,-0.5,-5.25,DOWN
BEL,2008-10-24,5.44,4.52,4.62,-16.96,2.19,-15.14,DOWN
BEL,2009-01-23,5.85,5.93,6.17,1.37,4.05,5.48,UP
BEL,2009-04-24,7.16,7.08,7.32,-1.0,3.29,2.26,UP
BEL,2009-06-24,10.88,10.23,10.5,-5.93,2.56,-3.52,DOWN
BEL,2009-07-24,10.75,10.77,10.87,0.14,0.94,1.09,UP
BEL,2009-10-30,11.75,11.04,12.5,-6.04,13.21,6.38,UP
BEL,2010-01-29,15.7,15.02,15.39,-4.33,2.46,-1.98,DOWN
BEL,2010-04-30,14.67,14.11,13.99,-3.84,-0.87,-4.67,DOWN
BEL,2010-06-25,14.09,13.26,13.47,-5.85,1.58,-4.36,DOWN
BEL,2010-08-04,14.08,13.93,13.91,-1.12,-0.11,-1.24,DOWN
BEL,2010-10-29,13.82,12.76,13.59,-7.68,6.54,-1.65,DOWN
BEL,2011-01-28,13.25,13.17,13.66,-0.58,3.7,3.09,UP
BEL,2011-04-29,14.59,14.36,14.12,-1.59,-1.64,-3.21,DOWN
BEL,2011-06-29,12.39,12.53,13.02,1.11,3.88,5.04,UP
BEL,2011-07-29,13.48,13.77,13.01,2.12,-5.53,-3.52,DOWN
BEL,2011-10-28,12.05,12.45,12.38,3.34,-0.58,2.74,UP
BEL,2012-01-27,11.88,11.36,11.0,-4.35,-3.22,-7.43,DOWN
BEL,2012-05-02,11.74,11.63,11.37,-0.93,-2.22,-3.13,DOWN
BEL,2012-06-21,10.06,10.24,10.33,1.78,0.9,2.69,UP
BEL,2012-07-30,10.45,9.14,10.3,-12.5,12.7,-1.39,DOWN
BEL,2012-10-29,10.26,10.06,9.9,-1.91,-1.55,-3.44,DOWN
BEL,2013-01-28,10.5,10.48,10.3,-0.17,-1.76,-1.93,DOWN
BEL,2013-06-13,10.82,10.66,10.74,-1.4,0.73,-0.68,DOWN
BEL,2013-07-26,9.73,9.42,8.92,-3.14,-5.34,-8.31,DOWN
BEL,2013-10-25,8.81,8.74,8.84,-0.81,1.08,0.26,UP
BEL,2014-02-03,7.97,7.54,7.49,-5.42,-0.61,-5.99,DOWN
BEL,2014-06-05,13.11,14.73,15.23,12.34,3.44,16.2,UP
BEL,2014-08-11,14.47,14.9,14.53,2.95,-2.45,0.43,UP
BEL,2014-11-12,17.33,19.2,18.97,10.77,-1.2,9.44,UP
BEL,2015-01-27,27.4,28.32,27.82,3.36,-1.78,1.51,UP
BEL,2015-06-04,27.6,27.58,26.97,-0.07,-2.24,-2.31,DOWN
BEL,2015-07-27,30.41,30.68,32.73,0.9,6.67,7.63,UP
BEL,2015-11-06,30.64,31.3,31.08,2.16,-0.71,1.44,UP
BEL,2016-02-01,29.48,31.02,30.77,5.24,-0.81,4.38,UP
BEL,2016-05-30,27.72,30.02,29.34,8.29,-2.26,5.85,UP
BEL,2016-09-28,31.57,32.66,32.46,3.47,-0.63,2.82,UP
BEL,2016-11-07,32.11,33.2,34.76,3.38,4.72,8.26,UP
BEL,2017-01-31,37.61,39.27,39.45,4.41,0.47,4.91,UP
BEL,2017-06-06,44.33,43.46,43.23,-1.97,-0.53,-2.49,DOWN
BEL,2017-08-07,45.71,46.71,43.87,2.19,-6.08,-4.02,DOWN
BEL,2017-11-22,49.89,51.29,52.98,2.79,3.3,6.18,UP
BEL,2018-03-13,44.69,43.54,42.86,-2.57,-1.55,-4.08,DOWN
BEL,2018-04-23,40.94,39.43,37.65,-3.68,-4.52,-8.04,DOWN
BEL,2018-06-25,33.57,31.43,29.81,-6.38,-5.16,-11.21,DOWN
BEL,2018-08-13,34.33,33.71,33.77,-1.8,0.17,-1.63,DOWN
BEL,2018-10-29,23.95,24.91,28.11,3.97,12.85,17.33,UP
BEL,2019-02-01,23.87,24.39,23.61,2.17,-3.19,-1.09,DOWN
BEL,2019-05-30,29.47,33.06,32.99,12.17,-0.22,11.92,UP
BEL,2019-06-27,31.37,33.51,32.68,6.83,-2.48,4.18,UP
BEL,2019-07-30,29.3,28.69,27.8,-2.09,-3.1,-5.12,DOWN
BEL,2019-11-05,34.61,33.41,32.47,-3.47,-2.8,-6.17,DOWN
BEL,2020-01-30,29.95,29.89,25.17,-0.2,-15.78,-15.95,DOWN
BEL,2020-06-30,24.52,26.73,29.31,9.04,9.64,19.56,UP
BEL,2020-07-27,29.55,29.98,28.85,1.43,-3.77,-2.4,DOWN
BEL,2020-11-06,26.48,28.25,29.24,6.69,3.52,10.44,UP
BEL,2021-01-28,41.88,40.09,40.79,-4.27,1.75,-2.59,DOWN
BEL,2021-06-23,47.03,52.58,54.22,11.81,3.12,15.3,UP
BEL,2021-08-06,58.92,54.74,53.75,-7.1,-1.8,-8.77,DOWN
BEL,2021-10-29,64.18,64.95,62.91,1.2,-3.14,-1.98,DOWN
BEL,2022-01-28,65.36,65.03,66.17,-0.5,1.76,1.25,UP
BEL,2022-05-23,69.71,73.74,72.02,5.78,-2.33,3.31,UP
BEL,2022-07-18,75.21,81.08,85.63,7.82,5.6,13.86,UP
BEL,2022-10-27,101.84,103.67,104.29,1.79,0.6,2.41,UP
BEL,2023-01-30,98.86,85.5,89.49,-13.51,4.67,-9.48,DOWN
BEL,2023-05-22,104.47,107.54,106.71,2.94,-0.77,2.14,UP
BEL,2023-07-27,123.55,123.89,127.01,0.28,2.51,2.8,UP
BEL,2023-10-30,134.0,129.06,131.8,-3.69,2.12,-1.64,DOWN
BEL,2024-01-29,181.58,186.72,179.38,2.83,-3.93,-1.21,DOWN
BEL,2024-05-21,223.77,270.12,292.84,20.72,8.41,30.87,UP
BEL,2024-07-29,301.8,316.63,306.58,4.91,-3.17,1.58,UP
BEL,2024-10-25,281.13,269.08,285.08,-4.29,5.95,1.41,UP
BEL,2025-01-30,267.1,275.4,270.86,3.11,-1.65,1.41,UP
BHARTIARTL,2007-07-26,366.47,383.43,373.26,4.63,-2.65,1.85,UP
BHARTIARTL,2007-07-30,382.68,366.84,361.93,-4.14,-1.34,-5.42,DOWN
BHARTIARTL,2007-10-31,415.51,416.96,390.12,0.35,-6.44,-6.11,DOWN
BHARTIARTL,2008-01-30,348.96,356.23,382.33,2.08,7.33,9.56,UP
BHARTIARTL,2008-04-25,334.51,382.08,372.08,14.22,-2.62,11.23,UP
BHARTIARTL,2008-07-24,302.78,331.24,322.23,9.4,-2.72,6.42,UP
BHARTIARTL,2008-10-31,300.04,270.8,283.89,-9.75,4.83,-5.38,DOWN
BHARTIARTL,2009-01-22,257.96,256.49,270.14,-0.57,5.32,4.72,UP
BHARTIARTL,2009-04-29,298.04,311.81,310.98,4.62,-0.27,4.34,UP
BHARTIARTL,2009-07-23,323.22,337.22,356.74,4.33,5.79,10.37,UP
BHARTIARTL,2009-10-30,279.92,243.21,265.18,-13.11,9.03,-5.27,DOWN
BHARTIARTL,2010-01-22,264.14,267.54,260.48,1.29,-2.64,-1.38,DOWN
BHARTIARTL,2010-04-28,252.88,244.0,246.66,-3.51,1.09,-2.46,DOWN
BHARTIARTL,2010-08-11,272.77,266.3,264.72,-2.37,-0.59,-2.95,DOWN
BHARTIARTL,2010-11-10,279.35,272.47,257.98,-2.46,-5.32,-7.65,DOWN
BHARTIARTL,2011-02-02,277.51,268.93,278.14,-3.09,3.42,0.23,UP
BHARTIARTL,2011-05-05,320.88,298.18,304.88,-7.08,2.25,-4.99,DOWN
BHARTIARTL,2011-08-03,353.75,355.12,340.21,0.39,-4.2,-3.83,DOWN
BHARTIARTL,2011-11-04,324.45,331.84,330.42,2.28,-0.43,1.84,UP
BHARTIARTL,2012-02-08,305.45,295.67,290.41,-3.2,-1.78,-4.92,DOWN
BHARTIARTL,2012-05-02,261.01,265.56,263.98,1.74,-0.6,1.14,UP
BHARTIARTL,2012-08-08,250.61,229.15,217.2,-8.57,-5.21,-13.33,DOWN
BHARTIARTL,2012-11-07,226.55,227.3,234.77,0.33,3.28,3.63,UP
BHARTIARTL,2013-02-01,303.44,276.19,273.84,-8.98,-0.85,-9.75,DOWN
BHARTIARTL,2013-05-17,272.5,264.57,261.64,-2.91,-1.11,-3.98,DOWN
BHARTIARTL,2013-08-05,283.63,282.92,283.72,-0.25,0.28,0.03,UP
BHARTIARTL,2013-11-06,285.49,299.11,286.83,4.77,-4.11,0.47,UP
BHARTIARTL,2014-01-31,264.67,264.96,264.37,0.11,-0.22,-0.11,DOWN
BHARTIARTL,2014-05-02,284.98,273.88,261.6,-3.9,-4.48,-8.21,DOWN
BHARTIARTL,2014-05-05,284.98,269.42,259.07,-5.46,-3.84,-9.09,DOWN
BHARTIARTL,2014-08-11,319.68,316.65,307.19,-0.95,-2.99,-3.91,DOWN
BHARTIARTL,2014-11-05,351.92,326.45,326.83,-7.24,0.12,-7.13,DOWN
BHARTIARTL,2015-02-09,317.24,302.3,299.41,-4.71,-0.95,-5.62,DOWN
BHARTIARTL,2015-05-06,331.93,331.25,336.34,-0.2,1.54,1.33,UP
BHARTIARTL,2015-05-07,340.21,334.18,332.4,-1.77,-0.53,-2.3,DOWN
BHARTIARTL,2015-08-07,353.96,349.42,338.46,-1.28,-3.13,-4.38,DOWN
BHARTIARTL,2015-10-28,310.48,305.87,298.91,-1.48,-2.27,-3.73,DOWN
BHARTIARTL,2016-02-01,264.04,253.2,259.73,-4.11,2.58,-1.63,DOWN
BHARTIARTL,2016-05-02,301.43,305.44,302.54,1.33,-0.95,0.37,UP
BHARTIARTL,2016-09-29,275.84,270.57,277.68,-1.91,2.63,0.67,UP
BHARTIARTL,2016-11-04,272.28,262.85,257.97,-3.46,-1.86,-5.26,DOWN
BHARTIARTL,2017-01-30,271.77,296.24,302.79,9.0,2.21,11.42,UP
BHARTIARTL,2017-05-17,295.89,322.2,319.29,8.89,-0.9,7.91,UP
BHARTIARTL,2017-08-07,355.11,358.67,357.64,1.0,-0.29,0.71,UP
BHARTIARTL,2017-11-03,439.31,465.04,425.56,5.86,-8.49,-3.13,DOWN
BHARTIARTL,2018-01-23,433.47,422.81,378.56,-2.46,-10.47,-12.67,DOWN
BHARTIARTL,2018-06-15,328.57,327.1,321.61,-0.45,-1.68,-2.12,DOWN
BHARTIARTL,2018-08-02,304.66,324.67,332.42,6.57,2.39,9.11,UP
BHARTIARTL,2018-10-29,250.08,256.0,255.47,2.37,-0.2,2.16,UP
BHARTIARTL,2019-02-06,270.2,270.99,274.02,0.29,1.12,1.41,UP
BHARTIARTL,2019-05-09,306.18,301.54,321.76,-1.51,6.7,5.09,UP
BHARTIARTL,2019-08-02,324.06,328.4,349.96,1.34,6.56,7.99,UP
BHARTIARTL,2019-11-14,367.02,346.52,419.98,-5.59,21.2,14.43,UP
BHARTIARTL,2020-02-05,469.59,509.84,514.95,8.57,1.0,9.66,UP
BHARTIARTL,2020-05-19,512.56,572.4,567.05,11.67,-0.94,10.63,UP
BHARTIARTL,2020-05-26,529.67,534.6,528.24,0.93,-1.19,-0.27,DOWN
BHARTIARTL,2020-07-30,544.06,528.33,524.8,-2.89,-0.67,-3.54,DOWN
BHARTIARTL,2020-11-02,416.74,438.81,438.71,5.29,-0.02,5.27,UP
BHARTIARTL,2021-02-04,547.6,576.18,574.6,5.22,-0.27,4.93,UP
BHARTIARTL,2021-05-18,545.39,514.55,509.37,-5.66,-1.01,-6.61,DOWN
BHARTIARTL,2021-08-04,518.58,551.05,574.89,6.26,4.33,10.86,UP
BHARTIARTL,2021-11-03,680.44,683.27,697.05,0.42,2.02,2.44,UP
BHARTIARTL,2022-02-09,706.68,703.06,674.09,-0.51,-4.12,-4.61,DOWN
BHARTIARTL,2022-05-18,703.36,680.39,670.32,-3.27,-1.48,-4.7,DOWN
BHARTIARTL,2022-08-10,681.74,702.16,691.22,3.0,-1.56,1.39,UP
BHARTIARTL,2022-11-01,782.86,820.26,801.46,4.78,-2.29,2.38,UP
BHARTIARTL,2023-02-08,756.21,760.92,754.54,0.62,-0.84,-0.22,DOWN
BHARTIARTL,2023-05-16,779.23,772.94,791.01,-0.81,2.34,1.51,UP
BHARTIARTL,2023-08-04,878.77,873.37,867.53,-0.61,-0.67,-1.28,DOWN
BHARTIARTL,2023-10-31,932.17,901.79,917.92,-3.26,1.79,-1.53,DOWN
BHARTIARTL,2024-02-05,1144.55,1098.2,1126.4,-4.05,2.57,-1.59,DOWN
BHARTIARTL,2024-05-14,1265.71,1266.59,1325.91,0.07,4.68,4.76,UP
BHARTIARTL,2024-08-05,1493.52,1445.49,1439.76,-3.22,-0.4,-3.6,DOWN
BHARTIARTL,2024-10-28,1693.69,1649.56,1599.23,-2.61,-3.05,-5.58,DOWN
BHARTIARTL,2025-02-06,1627.15,1606.32,1682.68,-1.28,4.75,3.41,UP
BPCL,2007-07-27,12.02,11.25,11.13,-6.44,-1.0,-7.37,DOWN
BPCL,2007-08-07,11.02,11.45,11.4,3.91,-0.46,3.43,UP
BPCL,2007-10-31,13.16,12.83,12.92,-2.49,0.73,-1.78,DOWN
BPCL,2008-01-31,15.03,13.51,16.11,-10.11,19.2,7.15,UP
BPCL,2008-06-17,10.42,10.47,9.89,0.48,-5.55,-5.09,DOWN
BPCL,2008-07-28,10.63,12.18,12.26,14.59,0.61,15.3,UP
BPCL,2008-10-31,13.33,10.85,11.97,-18.55,10.28,-10.18,DOWN
BPCL,2009-01-29,14.85,14.73,14.65,-0.83,-0.53,-1.35,DOWN
BPCL,2009-05-29,16.82,17.57,17.4,4.45,-0.94,3.47,UP
BPCL,2009-07-28,17.25,17.47,17.92,1.32,2.55,3.9,UP
BPCL,2009-10-29,20.03,19.38,19.35,-3.24,-0.16,-3.39,DOWN
BPCL,2010-01-28,23.22,20.79,21.69,-10.47,4.32,-6.6,DOWN
BPCL,2010-05-27,20.87,21.96,22.11,5.23,0.68,5.94,UP
BPCL,2010-07-30,24.58,24.6,24.93,0.06,1.35,1.41,UP
BPCL,2010-11-10,29.48,29.52,28.8,0.13,-2.44,-2.32,DOWN
BPCL,2011-02-09,22.67,22.85,23.58,0.77,3.2,3.99,UP
BPCL,2011-05-30,24.44,24.5,24.56,0.25,0.22,0.47,UP
BPCL,2011-08-12,26.9,26.98,26.53,0.33,-1.67,-1.35,DOWN
BPCL,2011-10-31,25.85,24.83,25.14,-3.94,1.27,-2.72,DOWN
BPCL,2012-02-10,22.96,23.86,24.09,3.91,0.97,4.92,UP
BPCL,2012-05-28,28.91,28.56,27.82,-1.21,-2.58,-3.76,DOWN
BPCL,2012-08-10,28.68,28.52,27.81,-0.56,-2.47,-3.02,DOWN
BPCL,2012-11-09,27.33,27.37,26.62,0.15,-2.76,-2.62,DOWN
BPCL,2013-02-18,32.47,30.68,31.57,-5.51,2.89,-2.78,DOWN
BPCL,2013-06-07,31.04,30.43,29.34,-1.95,-3.59,-5.47,DOWN
BPCL,2013-08-16,21.15,23.47,23.01,11.0,-1.98,8.8,UP
BPCL,2013-11-21,28.58,27.85,27.32,-2.55,-1.89,-4.39,DOWN
BPCL,2014-02-18,29.84,29.86,30.38,0.06,1.76,1.82,UP
BPCL,2014-06-02,46.78,46.73,52.1,-0.12,11.5,11.37,UP
BPCL,2014-08-18,49.2,54.55,57.65,10.86,5.69,17.17,UP
BPCL,2014-11-17,65.44,62.59,62.05,-4.36,-0.86,-5.18,DOWN
BPCL,2015-02-18,61.36,62.9,63.76,2.51,1.37,3.91,UP
BPCL,2015-05-28,67.84,70.49,72.99,3.91,3.55,7.6,UP
BPCL,2015-08-17,82.36,74.58,77.76,-9.46,4.27,-5.59,DOWN
BPCL,2015-11-10,77.12,77.57,77.51,0.58,-0.07,0.51,UP
BPCL,2016-02-15,75.65,69.97,70.87,-7.5,1.28,-6.32,DOWN
BPCL,2016-05-27,85.02,91.22,88.97,7.29,-2.46,4.65,UP
BPCL,2016-09-27,107.08,111.76,112.1,4.37,0.3,4.68,UP
BPCL,2016-11-18,120.76,117.58,115.99,-2.64,-1.35,-3.95,DOWN
BPCL,2017-02-13,127.83,130.75,122.49,2.28,-6.32,-4.18,DOWN
BPCL,2017-06-06,144.69,139.08,135.08,-3.88,-2.87,-6.64,DOWN
BPCL,2017-08-21,138.64,143.31,146.32,3.37,2.1,5.55,UP
BPCL,2017-11-20,147.45,145.24,145.45,-1.49,0.14,-1.36,DOWN
BPCL,2018-03-19,130.6,128.03,123.26,-1.97,-3.73,-5.62,DOWN
BPCL,2018-04-23,120.49,113.35,114.58,-5.93,1.09,-4.91,DOWN
BPCL,2018-06-26,125.75,123.42,110.95,-1.86,-10.1,-11.77,DOWN
BPCL,2018-08-28,112.23,106.57,109.74,-5.05,2.97,-2.22,DOWN
BPCL,2018-11-20,88.25,97.86,99.21,10.89,1.38,12.41,UP
BPCL,2019-01-29,106.54,104.53,103.34,-1.89,-1.13,-3.0,DOWN
BPCL,2019-02-14,102.42,95.66,101.6,-6.6,6.21,-0.8,DOWN
BPCL,2019-05-21,111.2,117.26,123.84,5.45,5.61,11.36,UP
BPCL,2019-08-09,107.62,108.49,109.98,0.81,1.37,2.2,UP
BPCL,2019-10-18,157.09,166.84,164.51,6.21,-1.39,4.73,UP
BPCL,2019-11-08,168.86,161.21,165.03,-4.53,2.37,-2.27,DOWN
BPCL,2020-02-14,158.74,152.78,152.49,-3.76,-0.19,-3.94,DOWN
BPCL,2020-06-04,111.42,120.83,129.03,8.44,6.79,15.8,UP
BPCL,2020-08-14,138.51,139.77,136.54,0.9,-2.31,-1.43,DOWN
BPCL,2020-10-30,118.15,119.88,117.99,1.46,-1.58,-0.14,DOWN
BPCL,2021-02-09,132.92,141.83,141.41,6.7,-0.3,6.39,UP
BPCL,2021-05-27,158.85,166.47,167.53,4.79,0.64,5.47,UP
BPCL,2021-08-12,162.66,159.46,165.45,-1.97,3.76,1.72,UP
BPCL,2021-11-01,180.51,170.17,169.41,-5.72,-0.45,-6.15,DOWN
BPCL,2022-01-31,160.49,162.12,153.96,1.02,-5.04,-4.07,DOWN
BPCL,2022-05-26,137.35,134.23,134.99,-2.27,0.57,-1.72,DOWN
BPCL,2022-11-09,127.87,129.22,129.56,1.05,0.26,1.32,UP
BPCL,2023-01-31,145.85,144.55,137.58,-0.9,-4.82,-5.67,DOWN
BPCL,2023-05-23,150.34,154.38,153.41,2.69,-0.63,2.04,UP
BPCL,2023-07-26,159.58,163.06,158.97,2.18,-2.51,-0.38,DOWN
BPCL,2023-10-30,150.61,147.71,153.53,-1.92,3.93,1.94,UP
BPCL,2024-01-30,211.01,224.84,248.98,6.55,10.74,17.99,UP
BPCL,2024-05-10,283.01,275.87,278.73,-2.52,1.03,-1.51,DOWN
BPCL,2024-07-19,267.87,270.95,280.89,1.15,3.67,4.86,UP
BPCL,2024-10-25,315.43,281.92,286.53,-10.62,1.63,-9.16,DOWN
BPCL,2025-01-23,245.75,249.66,237.51,1.59,-4.87,-3.35,DOWN
BRITANNIA,2007-07-24,135.13,132.49,131.38,-1.95,-0.84,-2.78,DOWN
BRITANNIA,2007-10-23,109.65,108.97,119.45,-0.62,9.62,8.94,UP
BRITANNIA,2008-01-28,121.32,113.3,113.19,-6.61,-0.09,-6.7,DOWN
BRITANNIA,2008-05-29,112.37,113.63,113.23,1.12,-0.35,0.76,UP
BRITANNIA,2008-07-28,105.49,109.47,109.53,3.77,0.05,3.82,UP
BRITANNIA,2008-10-29,90.82,90.12,94.48,-0.78,4.84,4.02,UP
BRITANNIA,2009-01-29,103.89,106.29,109.75,2.31,3.26,5.64,UP
BRITANNIA,2009-05-27,133.37,137.9,133.44,3.39,-3.23,0.05,UP
BRITANNIA,2009-07-31,144.82,151.89,146.77,4.88,-3.37,1.35,UP
BRITANNIA,2009-10-29,142.92,136.54,134.75,-4.46,-1.31,-5.72,DOWN
BRITANNIA,2010-01-28,137.37,129.68,130.03,-5.59,0.27,-5.34,DOWN
BRITANNIA,2010-05-27,135.98,135.91,136.62,-0.05,0.52,0.47,UP
BRITANNIA,2010-08-09,162.07,177.07,172.89,9.25,-2.36,6.68,UP
BRITANNIA,2010-11-10,170.09,180.59,170.42,6.17,-5.63,0.19,UP
BRITANNIA,2011-02-09,154.86,146.38,149.26,-5.48,1.97,-3.62,DOWN
BRITANNIA,2011-05-27,157.37,161.0,173.39,2.3,7.7,10.18,UP
BRITANNIA,2011-08-08,201.13,198.04,194.1,-1.54,-1.99,-3.5,DOWN
BRITANNIA,2011-11-18,198.79,196.6,194.1,-1.1,-1.27,-2.36,DOWN
BRITANNIA,2012-02-13,198.29,216.11,220.93,8.99,2.23,11.42,UP
BRITANNIA,2012-05-29,220.54,219.91,219.6,-0.28,-0.14,-0.43,DOWN
BRITANNIA,2012-08-08,197.17,192.31,193.75,-2.46,0.75,-1.73,DOWN
BRITANNIA,2012-11-06,207.54,203.66,197.65,-1.87,-2.95,-4.76,DOWN
BRITANNIA,2013-02-21,205.1,213.93,207.79,4.3,-2.87,1.31,UP
BRITANNIA,2013-06-24,289.67,276.07,280.31,-4.69,1.54,-3.23,DOWN
BRITANNIA,2013-08-16,310.52,318.94,294.91,2.71,-7.53,-5.03,DOWN
BRITANNIA,2013-11-18,401.92,384.34,377.31,-4.38,-1.83,-6.12,DOWN
BRITANNIA,2014-02-19,387.02,392.06,382.49,1.3,-2.44,-1.17,DOWN
BRITANNIA,2014-02-21,386.2,384.57,380.71,-0.42,-1.0,-1.42,DOWN
BRITANNIA,2014-05-27,354.53,374.12,378.34,5.52,1.13,6.72,UP
BRITANNIA,2014-07-02,404.5,442.39,431.7,9.37,-2.42,6.73,UP
BRITANNIA,2014-08-19,490.93,557.57,542.9,13.57,-2.63,10.59,UP
BRITANNIA,2014-11-20,694.82,726.55,690.37,4.57,-4.98,-0.64,DOWN
BRITANNIA,2015-02-09,820.6,817.63,854.7,-0.36,4.53,4.16,UP
BRITANNIA,2015-05-25,983.46,1089.07,1154.34,10.74,5.99,17.37,UP
BRITANNIA,2015-08-07,1339.22,1399.02,1470.74,4.47,5.13,9.82,UP
BRITANNIA,2015-11-13,1387.95,1271.77,1248.62,-8.37,-1.82,-10.04,DOWN
BRITANNIA,2016-02-11,1235.36,1150.6,1147.06,-6.86,-0.31,-7.15,DOWN
BRITANNIA,2016-05-23,1290.38,1171.78,1198.82,-9.19,2.31,-7.1,DOWN
BRITANNIA,2016-05-26,1298.07,1198.82,1182.14,-7.65,-1.39,-8.93,DOWN
BRITANNIA,2016-09-29,1494.81,1445.3,1528.79,-3.31,5.78,2.27,UP
BRITANNIA,2016-11-09,1465.09,1374.32,1288.61,-6.2,-6.24,-12.05,DOWN
BRITANNIA,2017-02-22,1418.42,1424.69,1420.6,0.44,-0.29,0.15,UP
BRITANNIA,2017-05-25,1614.24,1547.46,1506.84,-4.14,-2.63,-6.65,DOWN
BRITANNIA,2017-08-21,1822.36,1871.29,1864.34,2.68,-0.37,2.3,UP
BRITANNIA,2017-11-20,2155.85,2107.27,2115.74,-2.25,0.4,-1.86,DOWN
BRITANNIA,2018-03-12,2187.19,2153.1,2153.74,-1.56,0.03,-1.53,DOWN
BRITANNIA,2018-05-25,2422.95,2578.12,2561.47,6.4,-0.65,5.72,UP
BRITANNIA,2018-08-24,2868.84,3008.28,2991.55,4.86,-0.56,4.28,UP
BRITANNIA,2018-11-26,2584.0,2668.34,2693.5,3.26,0.94,4.24,UP
BRITANNIA,2019-02-14,2813.15,2597.79,2552.45,-7.66,-1.75,-9.27,DOWN
BRITANNIA,2019-05-09,2572.43,2373.77,2396.16,-7.72,0.94,-6.85,DOWN
BRITANNIA,2019-08-13,2317.84,2244.13,2214.2,-3.18,-1.33,-4.47,DOWN
BRITANNIA,2019-11-13,2894.48,2921.19,2806.08,0.92,-3.94,-3.05,DOWN
BRITANNIA,2020-02-07,2868.44,2904.8,2802.42,1.27,-3.52,-2.3,DOWN
BRITANNIA,2020-06-03,2857.9,3170.85,3095.42,10.95,-2.38,8.31,UP
BRITANNIA,2020-07-16,3328.65,3481.99,3505.16,4.61,0.67,5.3,UP
BRITANNIA,2020-07-20,3366.28,3597.52,3457.46,6.87,-3.89,2.71,UP
BRITANNIA,2020-10-20,3444.01,3279.4,3202.43,-4.78,-2.35,-7.01,DOWN
BRITANNIA,2021-02-08,3231.36,3206.07,3195.97,-0.78,-0.32,-1.1,DOWN
BRITANNIA,2021-04-28,3511.61,3263.87,3226.81,-7.05,-1.14,-8.11,DOWN
BRITANNIA,2021-08-02,3239.31,3300.38,3400.67,1.89,3.04,4.98,UP
BRITANNIA,2021-11-09,3461.5,3410.51,3472.99,-1.47,1.83,0.33,UP
BRITANNIA,2022-01-31,3395.02,3329.24,3354.76,-1.94,0.77,-1.19,DOWN
BRITANNIA,2022-05-04,3103.79,3188.12,3062.5,2.72,-3.94,-1.33,DOWN
BRITANNIA,2022-08-04,3692.49,3616.34,3494.39,-2.06,-3.37,-5.37,DOWN
BRITANNIA,2022-11-07,3618.87,3965.22,3926.33,9.57,-0.98,8.5,UP
BRITANNIA,2023-02-01,4155.47,4187.18,4431.17,0.76,5.83,6.63,UP
BRITANNIA,2023-05-08,4302.72,4480.6,4516.41,4.13,0.8,4.97,UP
BRITANNIA,2023-08-07,4777.74,4540.38,4424.13,-4.97,-2.56,-7.4,DOWN
BRITANNIA,2023-11-02,4417.6,4411.27,4535.94,-0.14,2.83,2.68,UP
BRITANNIA,2024-02-07,4961.31,4948.15,4842.87,-0.27,-2.13,-2.39,DOWN
BRITANNIA,2024-05-06,4720.05,4931.93,4940.21,4.49,0.17,4.66,UP
BRITANNIA,2024-08-02,5680.26,5573.81,5761.3,-1.87,3.36,1.43,UP
BRITANNIA,2024-11-12,5552.44,4962.52,4847.82,-10.62,-2.31,-12.69,DOWN
BRITANNIA,2025-02-06,5009.7,4891.94,4840.61,-2.35,-1.05,-3.38,DOWN
CIPLA,2007-07-20,186.32,175.53,162.56,-5.79,-7.39,-12.75,DOWN
CIPLA,2007-10-24,163.52,173.77,162.95,6.26,-6.22,-0.35,DOWN
CIPLA,2008-01-24,181.84,152.22,169.31,-16.29,11.22,-6.89,DOWN
CIPLA,2008-04-25,193.5,197.96,188.07,2.3,-5.0,-2.81,DOWN
CIPLA,2008-07-18,186.74,189.92,205.42,1.7,8.16,10.0,UP
CIPLA,2008-10-22,176.47,163.51,142.98,-7.34,-12.55,-18.98,DOWN
CIPLA,2009-01-22,167.38,153.94,172.95,-8.03,12.35,3.33,UP
CIPLA,2009-04-24,212.98,214.0,214.41,0.48,0.19,0.67,UP
CIPLA,2009-07-15,228.88,242.37,252.17,5.89,4.04,10.18,UP
CIPLA,2009-07-29,251.63,244.06,251.9,-3.01,3.21,0.11,UP
CIPLA,2009-10-28,257.48,269.81,258.51,4.79,-4.19,0.4,UP
CIPLA,2010-01-28,307.22,285.15,281.47,-7.18,-1.29,-8.38,DOWN
CIPLA,2010-05-07,298.48,306.86,283.04,2.81,-7.76,-5.17,DOWN
CIPLA,2010-06-15,288.92,303.23,303.32,4.95,0.03,4.98,UP
CIPLA,2010-08-13,289.43,284.19,274.49,-1.81,-3.41,-5.16,DOWN
CIPLA,2010-11-11,317.43,300.33,307.02,-5.39,2.23,-3.28,DOWN
CIPLA,2011-02-04,301.77,293.49,282.0,-2.74,-3.92,-6.55,DOWN
CIPLA,2011-05-05,289.01,274.8,275.8,-4.92,0.36,-4.57,DOWN
CIPLA,2011-06-29,285.94,300.64,298.61,5.14,-0.68,4.43,UP
CIPLA,2011-08-05,278.74,279.01,272.2,0.1,-2.44,-2.34,DOWN
CIPLA,2011-11-14,264.05,262.46,283.14,-0.6,7.88,7.23,UP
CIPLA,2012-02-13,314.43,311.65,296.21,-0.88,-4.95,-5.79,DOWN
CIPLA,2012-05-11,289.38,290.52,293.16,0.39,0.91,1.31,UP
CIPLA,2012-06-07,279.04,280.59,277.12,0.56,-1.23,-0.69,DOWN
CIPLA,2012-07-31,298.76,308.46,320.65,3.25,3.95,7.33,UP
CIPLA,2012-11-05,331.69,348.42,360.51,5.04,3.47,8.69,UP
CIPLA,2013-02-06,364.64,371.14,361.98,1.78,-2.47,-0.73,DOWN
CIPLA,2013-06-14,344.16,346.31,347.78,0.63,0.42,1.05,UP
CIPLA,2013-08-12,369.63,382.7,381.96,3.54,-0.19,3.34,UP
CIPLA,2013-11-18,388.32,370.45,356.13,-4.6,-3.87,-8.29,DOWN
CIPLA,2014-02-18,381.83,342.54,340.06,-10.29,-0.73,-10.94,DOWN
CIPLA,2014-05-29,358.89,343.05,358.29,-4.41,4.44,-0.17,DOWN
CIPLA,2014-08-18,402.44,435.84,456.02,8.3,4.63,13.31,UP
CIPLA,2014-11-17,601.56,567.46,572.27,-5.67,0.85,-4.87,DOWN
CIPLA,2015-02-19,592.31,631.44,626.68,6.61,-0.75,5.8,UP
CIPLA,2015-05-29,623.95,601.84,587.68,-3.54,-2.35,-5.81,DOWN
CIPLA,2015-06-01,623.53,612.62,583.33,-1.75,-4.78,-6.45,DOWN
CIPLA,2015-08-17,661.7,652.42,641.71,-1.4,-1.64,-3.02,DOWN
CIPLA,2015-11-05,645.83,610.58,595.59,-5.46,-2.45,-7.78,DOWN
CIPLA,2016-02-11,521.5,501.83,486.24,-3.77,-3.11,-6.76,DOWN
CIPLA,2016-05-25,485.96,435.91,439.39,-10.3,0.8,-9.58,DOWN
CIPLA,2016-10-04,562.83,556.59,530.75,-1.11,-4.64,-5.7,DOWN
CIPLA,2016-11-11,521.4,510.18,508.08,-2.15,-0.41,-2.55,DOWN
CIPLA,2016-11-15,507.15,514.32,512.97,1.41,-0.26,1.15,UP
CIPLA,2017-02-13,565.99,542.48,544.3,-4.15,0.33,-3.83,DOWN
CIPLA,2017-05-26,521.49,455.2,480.75,-12.71,5.61,-7.81,DOWN
CIPLA,2017-08-22,505.87,522.55,536.42,3.3,2.66,6.04,UP
CIPLA,2017-11-08,586.41,581.74,562.59,-0.8,-3.29,-4.06,DOWN
CIPLA,2018-03-16,540.07,522.69,514.89,-3.22,-1.49,-4.66,DOWN
CIPLA,2018-05-25,517.41,501.43,491.11,-3.09,-2.06,-5.08,DOWN
CIPLA,2018-08-24,603.48,611.42,604.19,1.31,-1.18,0.12,UP
CIPLA,2018-11-19,494.76,495.98,486.31,0.25,-1.95,-1.71,DOWN
CIPLA,2019-02-12,478.47,510.11,508.09,6.61,-0.4,6.19,UP
CIPLA,2019-05-23,521.75,530.25,542.64,1.63,2.34,4.0,UP
CIPLA,2019-05-24,516.59,535.74,529.87,3.71,-1.1,2.57,UP
CIPLA,2019-08-08,492.11,475.06,451.69,-3.46,-4.92,-8.21,DOWN
CIPLA,2019-11-08,440.87,436.77,426.28,-0.93,-2.4,-3.31,DOWN
CIPLA,2020-02-06,435.87,415.19,425.53,-4.74,2.49,-2.37,DOWN
CIPLA,2020-05-18,564.82,572.98,588.39,1.44,2.69,4.17,UP
CIPLA,2020-06-03,598.98,611.86,606.04,2.15,-0.95,1.18,UP
CIPLA,2020-08-10,687.2,759.2,725.47,10.48,-4.44,5.57,UP
CIPLA,2020-11-09,719.98,728.28,705.86,1.15,-3.08,-1.96,DOWN
CIPLA,2021-01-29,794.7,788.11,810.39,-0.83,2.83,1.98,UP
CIPLA,2021-05-14,847.99,862.69,862.59,1.73,-0.01,1.72,UP
CIPLA,2021-08-06,842.7,869.61,873.01,3.19,0.39,3.6,UP
CIPLA,2021-10-27,869.51,885.15,872.44,1.8,-1.44,0.34,UP
CIPLA,2022-01-25,873.35,868.98,906.74,-0.5,4.34,3.82,UP
CIPLA,2022-05-11,937.06,899.64,895.61,-3.99,-0.45,-4.42,DOWN
CIPLA,2022-11-07,1113.81,1090.38,1081.22,-2.1,-0.84,-2.93,DOWN
CIPLA,2023-01-25,1030.8,998.16,981.48,-3.17,-1.67,-4.78,DOWN
CIPLA,2023-05-12,900.06,903.86,890.85,0.42,-1.44,-1.02,DOWN
CIPLA,2023-07-26,993.87,1038.57,1142.09,4.5,9.97,14.91,UP
CIPLA,2023-10-30,1189.04,1160.02,1174.65,-2.44,1.26,-1.21,DOWN
CIPLA,2024-01-23,1271.37,1369.54,1299.41,7.72,-5.12,2.21,UP
CIPLA,2024-05-13,1384.85,1375.03,1381.3,-0.71,0.46,-0.26,DOWN
CIPLA,2024-07-26,1464.45,1530.89,1501.05,4.54,-1.95,2.5,UP
CIPLA,2024-10-29,1493.63,1448.35,1528.72,-3.03,5.55,2.35,UP
CIPLA,2025-01-29,1399.77,1395.8,1411.05,-0.28,1.09,0.81,UP
COALINDIA,2011-02-14,102.44,100.66,101.41,-1.74,0.74,-1.01,DOWN
COALINDIA,2011-05-12,125.0,128.41,133.71,2.73,4.12,6.97,UP
COALINDIA,2011-05-26,125.67,130.8,137.36,4.08,5.01,9.3,UP
COALINDIA,2011-08-12,132.55,129.56,131.22,-2.26,1.28,-1.0,DOWN
COALINDIA,2011-11-14,109.71,108.77,102.66,-0.86,-5.62,-6.43,DOWN
COALINDIA,2012-02-13,110.2,113.31,107.74,2.83,-4.92,-2.23,DOWN
COALINDIA,2012-05-22,109.4,105.88,108.51,-3.21,2.48,-0.81,DOWN
COALINDIA,2012-06-01,107.2,111.35,111.44,3.87,0.08,3.95,UP
COALINDIA,2012-08-17,119.47,121.09,124.28,1.36,2.63,4.03,UP
COALINDIA,2012-11-12,121.51,119.44,121.71,-1.7,1.9,0.17,UP
COALINDIA,2013-02-13,121.09,120.48,118.91,-0.5,-1.31,-1.8,DOWN
COALINDIA,2013-05-21,106.08,109.9,110.85,3.61,0.86,4.5,UP
COALINDIA,2013-05-27,106.33,112.15,117.12,5.48,4.43,10.15,UP
COALINDIA,2013-08-05,100.88,94.03,96.19,-6.78,2.3,-4.64,DOWN
COALINDIA,2013-11-20,104.97,98.89,97.93,-5.79,-0.97,-6.71,DOWN
COALINDIA,2014-02-17,108.21,102.85,100.76,-4.95,-2.03,-6.88,DOWN
COALINDIA,2014-05-29,148.87,149.93,157.9,0.71,5.31,6.07,UP
COALINDIA,2014-08-18,145.7,145.98,146.18,0.19,0.14,0.33,UP
COALINDIA,2014-11-10,144.01,140.12,139.31,-2.7,-0.57,-3.26,DOWN
COALINDIA,2015-02-18,144.75,152.66,154.2,5.46,1.01,6.53,UP
COALINDIA,2015-05-28,153.06,162.38,162.44,6.09,0.04,6.13,UP
COALINDIA,2015-08-12,187.81,157.32,160.9,-16.24,2.28,-14.33,DOWN
COALINDIA,2015-11-13,138.02,143.04,141.92,3.64,-0.78,2.82,UP
COALINDIA,2016-02-15,138.19,137.34,134.53,-0.61,-2.05,-2.65,DOWN
COALINDIA,2016-05-30,129.29,135.57,142.42,4.86,5.06,10.16,UP
COALINDIA,2016-09-21,153.13,153.38,154.05,0.17,0.44,0.61,UP
COALINDIA,2016-12-15,141.47,134.45,134.66,-4.96,0.16,-4.81,DOWN
COALINDIA,2017-02-13,151.14,148.7,147.5,-1.61,-0.81,-2.41,DOWN
COALINDIA,2017-06-06,131.67,129.21,128.81,-1.87,-0.31,-2.17,DOWN
COALINDIA,2017-09-01,118.76,117.56,126.01,-1.02,7.19,6.1,UP
COALINDIA,2017-11-21,135.44,134.87,133.74,-0.42,-0.84,-1.25,DOWN
COALINDIA,2018-03-16,150.49,145.14,141.34,-3.55,-2.62,-6.08,DOWN
COALINDIA,2018-04-23,148.69,151.2,151.72,1.68,0.35,2.04,UP
COALINDIA,2018-08-24,147.47,151.82,149.37,2.95,-1.62,1.29,UP
COALINDIA,2018-09-04,152.94,145.87,149.5,-4.62,2.49,-2.25,DOWN
COALINDIA,2018-11-26,137.29,130.82,128.81,-4.71,-1.54,-6.18,DOWN
COALINDIA,2019-02-20,117.56,115.49,115.17,-1.76,-0.28,-2.03,DOWN
COALINDIA,2019-05-30,132.9,139.35,145.1,4.85,4.13,9.18,UP
COALINDIA,2019-07-01,140.06,137.31,138.33,-1.97,0.74,-1.24,DOWN
COALINDIA,2019-08-13,108.64,112.24,109.6,3.32,-2.36,0.89,UP
COALINDIA,2019-11-11,114.09,115.6,110.81,1.33,-4.15,-2.87,DOWN
COALINDIA,2020-02-11,98.42,98.8,96.27,0.39,-2.56,-2.18,DOWN
COALINDIA,2020-06-26,82.64,85.34,80.39,3.27,-5.81,-2.73,DOWN
COALINDIA,2020-09-02,84.35,81.86,79.25,-2.95,-3.19,-6.05,DOWN
COALINDIA,2020-11-11,69.97,75.58,76.33,8.03,0.99,9.1,UP
COALINDIA,2021-02-11,87.55,87.49,85.32,-0.07,-2.48,-2.55,DOWN
COALINDIA,2021-06-14,101.02,105.14,100.39,4.08,-4.52,-0.62,DOWN
COALINDIA,2021-08-10,94.95,93.82,94.85,-1.18,1.09,-0.1,DOWN
COALINDIA,2021-11-12,114.79,112.89,105.56,-1.65,-6.5,-8.04,DOWN
COALINDIA,2022-02-14,114.94,115.84,116.84,0.78,0.87,1.65,UP
COALINDIA,2022-05-25,136.32,133.48,138.28,-2.09,3.6,1.44,UP
COALINDIA,2022-08-10,157.15,162.39,166.93,3.34,2.79,6.22,UP
COALINDIA,2022-11-07,183.03,186.88,189.65,2.11,1.48,3.62,UP
COALINDIA,2023-01-31,180.98,179.26,174.52,-0.95,-2.65,-3.57,DOWN
COALINDIA,2023-05-08,189.29,190.19,192.88,0.47,1.42,1.9,UP
COALINDIA,2023-08-08,187.25,188.06,191.86,0.44,2.02,2.46,UP
COALINDIA,2023-11-10,256.68,268.77,287.39,4.71,6.93,11.96,UP
COALINDIA,2024-02-12,364.89,376.19,414.48,3.1,10.18,13.59,UP
COALINDIA,2024-05-02,387.69,399.08,400.92,2.94,0.46,3.41,UP
COALINDIA,2024-07-31,428.18,459.13,445.59,7.23,-2.95,4.07,UP
COALINDIA,2024-10-25,435.04,409.46,398.85,-5.88,-2.59,-8.32,DOWN
COALINDIA,2025-01-27,356.92,345.96,354.53,-3.07,2.48,-0.67,DOWN
DRREDDY,2007-07-23,118.15,117.42,117.02,-0.62,-0.34,-0.95,DOWN
DRREDDY,2007-10-24,109.42,110.69,108.46,1.16,-2.02,-0.88,DOWN
DRREDDY,2008-01-25,118.03,106.09,94.09,-10.12,-11.31,-20.29,DOWN
DRREDDY,2008-05-20,110.58,112.3,120.65,1.55,7.44,9.1,UP
DRREDDY,2008-07-21,114.59,119.76,113.07,4.52,-5.59,-1.33,DOWN
DRREDDY,2008-10-23,78.26,82.27,73.54,5.13,-10.61,-6.03,DOWN
DRREDDY,2009-01-20,82.77,82.68,76.37,-0.12,-7.63,-7.74,DOWN
DRREDDY,2009-05-18,97.36,108.3,112.78,11.24,4.13,15.83,UP
DRREDDY,2009-07-21,136.53,140.99,145.15,3.27,2.95,6.31,UP
DRREDDY,2009-10-23,175.08,170.91,178.04,-2.38,4.17,1.69,UP
DRREDDY,2010-01-20,215.42,213.98,199.82,-0.67,-6.62,-7.24,DOWN
DRREDDY,2010-05-06,221.94,221.31,212.76,-0.28,-3.86,-4.14,DOWN
DRREDDY,2010-07-22,259.86,247.85,238.84,-4.62,-3.64,-8.09,DOWN
DRREDDY,2010-10-25,284.57,294.15,295.46,3.37,0.45,3.83,UP
DRREDDY,2011-01-25,294.52,283.42,291.57,-3.77,2.88,-1.0,DOWN
DRREDDY,2011-05-13,283.64,296.49,285.2,4.53,-3.81,0.55,UP
DRREDDY,2011-07-20,278.98,283.27,287.15,1.54,1.37,2.93,UP
DRREDDY,2011-10-25,272.86,285.62,291.12,4.68,1.93,6.69,UP
DRREDDY,2012-02-03,298.2,302.11,293.24,1.31,-2.94,-1.66,DOWN
DRREDDY,2012-05-11,316.01,300.22,300.79,-5.0,0.19,-4.82,DOWN
DRREDDY,2012-07-19,299.97,301.76,296.76,0.6,-1.66,-1.07,DOWN
DRREDDY,2012-10-30,309.25,314.48,323.66,1.69,2.92,4.66,UP
DRREDDY,2013-02-21,347.47,332.15,322.66,-4.41,-2.86,-7.14,DOWN
DRREDDY,2013-05-27,379.04,381.35,384.39,0.61,0.8,1.41,UP
DRREDDY,2013-07-30,425.8,399.7,410.98,-6.13,2.82,-3.48,DOWN
DRREDDY,2013-11-06,440.59,440.17,453.56,-0.1,3.04,2.94,UP
DRREDDY,2014-02-11,487.06,488.4,473.64,0.28,-3.02,-2.76,DOWN
DRREDDY,2014-05-13,501.01,479.28,441.85,-4.34,-7.81,-11.81,DOWN
DRREDDY,2014-08-01,505.34,509.92,508.47,0.91,-0.28,0.62,UP
DRREDDY,2014-10-29,539.46,562.93,588.01,4.35,4.46,9.0,UP
DRREDDY,2015-01-29,611.1,621.65,570.61,1.73,-8.21,-6.63,DOWN
DRREDDY,2015-05-21,645.84,668.95,655.65,3.58,-1.99,1.52,UP
DRREDDY,2015-07-31,727.22,757.46,778.96,4.16,2.84,7.11,UP
DRREDDY,2015-10-29,802.73,784.45,805.6,-2.28,2.7,0.36,UP
DRREDDY,2016-02-10,566.5,536.13,531.3,-5.36,-0.9,-6.21,DOWN
DRREDDY,2016-02-15,577.76,531.3,576.74,-8.04,8.55,-0.18,DOWN
DRREDDY,2016-05-16,532.64,557.93,562.25,4.75,0.77,5.56,UP
DRREDDY,2016-05-19,533.09,562.25,562.16,5.47,-0.01,5.45,UP
DRREDDY,2016-10-03,594.66,590.62,575.03,-0.68,-2.64,-3.3,DOWN
DRREDDY,2016-12-22,588.21,562.92,567.14,-4.3,0.75,-3.58,DOWN
DRREDDY,2017-02-06,559.59,578.7,564.93,3.41,-2.38,0.95,UP
DRREDDY,2017-06-05,451.18,473.88,492.64,5.03,3.96,9.19,UP
DRREDDY,2017-08-01,507.64,457.77,421.63,-9.82,-7.9,-16.94,DOWN
DRREDDY,2017-11-01,444.99,443.21,450.37,-0.4,1.62,1.21,UP
DRREDDY,2018-01-30,468.84,434.17,399.79,-7.4,-7.92,-14.73,DOWN
DRREDDY,2018-04-23,393.46,402.05,391.0,2.18,-2.75,-0.63,DOWN
DRREDDY,2018-05-28,373.14,375.5,364.59,0.63,-2.91,-2.29,DOWN
DRREDDY,2018-08-13,433.17,425.68,448.96,-1.73,5.47,3.64,UP
DRREDDY,2018-10-29,484.69,481.01,467.46,-0.76,-2.82,-3.56,DOWN
DRREDDY,2019-02-06,506.36,529.77,496.66,4.62,-6.25,-1.92,DOWN
DRREDDY,2019-05-17,550.83,521.28,504.71,-5.36,-3.18,-8.37,DOWN
DRREDDY,2019-06-25,485.04,481.6,484.33,-0.71,0.57,-0.14,DOWN
DRREDDY,2019-07-29,500.05,507.85,484.85,1.56,-4.53,-3.04,DOWN
DRREDDY,2019-11-01,540.64,527.5,547.8,-2.43,3.85,1.32,UP
DRREDDY,2020-01-27,580.64,610.19,603.7,5.09,-1.06,3.97,UP
DRREDDY,2020-05-20,722.07,748.25,739.46,3.63,-1.17,2.41,UP
DRREDDY,2020-06-09,756.54,789.12,766.95,4.31,-2.81,1.38,UP
DRREDDY,2020-07-29,776.82,828.56,871.94,6.66,5.24,12.24,UP
DRREDDY,2020-10-28,976.65,953.51,935.73,-2.37,-1.87,-4.19,DOWN
DRREDDY,2021-01-29,978.48,886.43,895.46,-9.41,1.02,-8.49,DOWN
DRREDDY,2021-05-14,993.95,1000.86,1008.75,0.7,0.79,1.49,UP
DRREDDY,2021-07-27,1046.03,937.07,911.5,-10.42,-2.73,-12.86,DOWN
DRREDDY,2021-10-29,899.98,901.44,923.19,0.16,2.41,2.58,UP
DRREDDY,2022-01-28,906.42,816.19,854.26,-9.95,4.66,-5.75,DOWN
DRREDDY,2022-05-19,751.47,760.25,841.05,1.17,10.63,11.92,UP
DRREDDY,2022-07-28,868.57,829.86,795.84,-4.46,-4.1,-8.37,DOWN
DRREDDY,2022-10-31,847.2,863.69,894.12,1.95,3.52,5.54,UP
DRREDDY,2023-01-25,847.73,818.35,842.35,-3.47,2.93,-0.63,DOWN
DRREDDY,2023-05-10,964.34,948.16,880.22,-1.68,-7.17,-8.72,DOWN
DRREDDY,2023-07-26,1019.12,1075.0,1107.36,5.48,3.01,8.66,UP
DRREDDY,2023-10-27,1114.62,1059.62,1049.64,-4.93,-0.94,-5.83,DOWN
DRREDDY,2024-01-30,1109.22,1146.72,1185.7,3.38,3.4,6.89,UP
DRREDDY,2024-05-07,1227.44,1228.52,1162.44,0.09,-5.38,-5.3,DOWN
DRREDDY,2024-07-29,1310.52,1350.82,1360.28,3.07,0.7,3.8,UP
DRREDDY,2024-11-05,1295.02,1256.22,1267.52,-3.0,0.9,-2.12,DOWN
DRREDDY,2025-01-24,1286.38,1209.02,1166.36,-6.01,-3.53,-9.33,DOWN
EICHERMOT,2007-07-24,29.69,30.44,30.25,2.53,-0.62,1.9,UP
EICHERMOT,2007-10-22,40.37,41.23,39.31,2.13,-4.65,-2.62,DOWN
EICHERMOT,2008-01-29,26.37,24.17,25.29,-8.37,4.66,-4.1,DOWN
EICHERMOT,2008-04-28,23.97,23.76,25.23,-0.85,6.18,5.27,UP
EICHERMOT,2008-07-28,20.84,23.52,23.58,12.84,0.28,13.15,UP
EICHERMOT,2008-10-29,16.57,14.08,19.89,-15.02,41.27,20.05,UP
EICHERMOT,2008-11-07,14.08,19.12,19.1,35.82,-0.11,35.66,UP
EICHERMOT,2009-03-30,18.15,18.5,19.01,1.96,2.72,4.73,UP
EICHERMOT,2009-04-30,17.21,17.78,17.37,3.33,-2.29,0.96,UP
EICHERMOT,2009-07-27,29.22,31.28,32.48,7.06,3.83,11.16,UP
EICHERMOT,2009-11-03,47.01,42.49,47.41,-9.63,11.59,0.85,UP
EICHERMOT,2010-02-15,49.0,45.88,51.2,-6.36,11.59,4.5,UP
EICHERMOT,2010-04-28,60.89,61.41,71.58,0.86,16.56,17.56,UP
EICHERMOT,2010-07-26,84.55,88.39,88.89,4.54,0.56,5.13,UP
EICHERMOT,2010-11-09,114.58,123.86,114.15,8.1,-7.84,-0.37,DOWN
EICHERMOT,2011-02-07,93.89,96.57,95.35,2.86,-1.26,1.56,UP
EICHERMOT,2011-05-06,113.34,103.98,116.64,-8.26,12.17,2.91,UP
EICHERMOT,2011-08-01,120.07,122.67,120.69,2.16,-1.62,0.51,UP
EICHERMOT,2011-11-09,152.85,155.04,150.71,1.43,-2.79,-1.4,DOWN
EICHERMOT,2012-02-13,158.5,155.8,155.77,-1.7,-0.02,-1.72,DOWN
EICHERMOT,2012-05-15,199.78,183.06,192.28,-8.37,5.04,-3.76,DOWN
EICHERMOT,2012-08-21,190.49,203.45,199.19,6.8,-2.09,4.57,UP
EICHERMOT,2012-11-09,214.48,228.39,219.41,6.49,-3.93,2.3,UP
EICHERMOT,2013-02-19,250.11,259.08,255.09,3.59,-1.54,1.99,UP
EICHERMOT,2013-05-23,312.54,317.4,347.53,1.56,9.49,11.2,UP
EICHERMOT,2013-08-12,319.08,301.48,291.12,-5.52,-3.44,-8.76,DOWN
EICHERMOT,2013-11-22,386.26,386.18,412.69,-0.02,6.87,6.84,UP
EICHERMOT,2014-02-19,406.01,450.32,442.99,10.91,-1.63,9.11,UP
EICHERMOT,2014-05-14,591.1,599.55,587.43,1.43,-2.02,-0.62,DOWN
EICHERMOT,2014-08-18,786.46,922.88,923.34,17.35,0.05,17.4,UP
EICHERMOT,2014-11-20,1215.3,1353.59,1319.32,11.38,-2.53,8.56,UP
EICHERMOT,2015-02-23,1517.13,1476.83,1405.07,-2.66,-4.86,-7.39,DOWN
EICHERMOT,2015-05-12,1421.48,1590.55,1735.48,11.89,9.11,22.09,UP
EICHERMOT,2015-07-22,1925.68,1956.81,1793.5,1.62,-8.35,-6.86,DOWN
EICHERMOT,2015-11-09,1644.68,1478.75,1414.76,-10.09,-4.33,-13.98,DOWN
EICHERMOT,2016-02-08,1533.82,1704.22,1633.26,11.11,-4.16,6.48,UP
EICHERMOT,2016-05-16,1884.22,1776.78,1696.4,-5.7,-4.52,-9.97,DOWN
EICHERMOT,2016-11-03,2295.73,2288.13,2261.88,-0.33,-1.15,-1.47,DOWN
EICHERMOT,2017-02-06,2188.7,2219.71,2226.97,1.42,0.33,1.75,UP
EICHERMOT,2017-06-06,2625.78,2720.77,2774.23,3.62,1.97,5.65,UP
EICHERMOT,2017-08-18,2944.96,2947.05,2866.32,0.07,-2.74,-2.67,DOWN
EICHERMOT,2017-11-21,2860.32,2845.03,2881.67,-0.53,1.29,0.75,UP
EICHERMOT,2018-03-16,2591.7,2626.05,2616.86,1.33,-0.35,0.97,UP
EICHERMOT,2018-04-23,2932.23,2905.32,2918.41,-0.92,0.45,-0.47,DOWN
EICHERMOT,2018-06-15,2778.8,2765.83,2787.49,-0.47,0.78,0.31,UP
EICHERMOT,2018-08-24,2722.43,2710.92,2646.97,-0.42,-2.36,-2.77,DOWN
EICHERMOT,2018-11-26,2248.51,2239.39,2208.69,-0.41,-1.37,-1.77,DOWN
EICHERMOT,2019-02-19,1957.6,1916.51,1933.95,-2.1,0.91,-1.21,DOWN
EICHERMOT,2019-05-10,1931.1,1911.27,1877.82,-1.03,-1.75,-2.76,DOWN
EICHERMOT,2019-06-26,1852.85,1798.39,1842.85,-2.94,2.47,-0.54,DOWN
EICHERMOT,2019-07-31,1605.57,1546.41,1561.17,-3.68,0.95,-2.77,DOWN
EICHERMOT,2019-11-08,2131.95,2051.69,2039.25,-3.76,-0.61,-4.35,DOWN
EICHERMOT,2020-02-06,1910.05,1928.87,1798.14,0.99,-6.78,-5.86,DOWN
EICHERMOT,2020-06-12,1646.81,1607.18,1601.41,-2.41,-0.36,-2.76,DOWN
EICHERMOT,2020-08-13,2093.55,2066.3,2040.73,-1.3,-1.24,-2.52,DOWN
EICHERMOT,2020-11-12,1999.66,2241.21,2423.26,12.08,8.12,21.18,UP
EICHERMOT,2021-02-10,2769.49,2766.1,2640.97,-0.12,-4.52,-4.64,DOWN
EICHERMOT,2021-05-28,2412.68,2515.5,2552.97,4.26,1.49,5.81,UP
EICHERMOT,2021-08-12,2518.7,2510.15,2413.36,-0.34,-3.86,-4.18,DOWN
EICHERMOT,2021-11-04,2478.83,2553.37,2635.06,3.01,3.2,6.3,UP
EICHERMOT,2022-02-15,2495.57,2613.24,2589.49,4.71,-0.91,3.76,UP
EICHERMOT,2022-05-16,2266.39,2511.5,2542.72,10.82,1.24,12.19,UP
EICHERMOT,2022-08-11,2994.04,3047.29,3281.14,1.78,7.67,9.59,UP
EICHERMOT,2022-11-11,3601.37,3399.0,3382.97,-5.62,-0.47,-6.06,DOWN
EICHERMOT,2023-02-15,3162.45,3197.65,3177.71,1.11,-0.62,0.48,UP
EICHERMOT,2023-05-12,3224.84,3502.05,3504.36,8.6,0.07,8.67,UP
EICHERMOT,2023-08-04,3213.83,3244.39,3295.62,0.95,1.58,2.55,UP
EICHERMOT,2023-11-13,3347.03,3559.3,3774.01,6.34,6.03,12.76,UP
EICHERMOT,2024-02-13,3798.07,3763.17,3835.86,-0.92,1.93,0.99,UP
EICHERMOT,2024-05-13,4490.62,4547.45,4571.17,1.27,0.52,1.79,UP
EICHERMOT,2024-08-08,4845.49,4518.31,4740.78,-6.75,4.92,-2.16,DOWN
EICHERMOT,2024-11-13,4837.08,4529.96,4901.89,-6.35,8.21,1.34,UP
EICHERMOT,2025-02-11,5415.04,4908.7,4643.14,-9.35,-5.41,-14.25,DOWN
GRASIM,2007-07-30,394.32,386.78,381.04,-1.91,-1.48,-3.37,DOWN
GRASIM,2007-10-29,461.0,499.75,481.24,8.41,-3.7,4.39,UP
GRASIM,2008-01-22,436.28,375.89,397.41,-13.84,5.72,-8.91,DOWN
GRASIM,2008-04-29,347.87,324.91,312.59,-6.6,-3.79,-10.14,DOWN
GRASIM,2008-07-25,226.49,246.77,248.48,8.95,0.69,9.71,UP
GRASIM,2008-10-23,200.66,158.51,135.62,-21.0,-14.44,-32.41,DOWN
GRASIM,2009-02-02,159.24,160.03,178.72,0.49,11.68,12.23,UP
GRASIM,2009-05-19,232.41,306.76,288.25,31.99,-6.04,24.03,UP
GRASIM,2009-07-28,371.22,386.9,373.72,4.22,-3.41,0.67,UP
GRASIM,2009-10-29,310.94,290.19,295.59,-6.67,1.86,-4.93,DOWN
GRASIM,2010-01-22,387.11,356.81,352.95,-7.82,-1.08,-8.82,DOWN
GRASIM,2010-05-20,354.57,343.62,315.85,-3.09,-8.08,-10.92,DOWN
GRASIM,2010-08-02,248.9,252.84,256.19,1.58,1.33,2.93,UP
GRASIM,2010-10-28,309.28,316.83,329.03,2.44,3.85,6.39,UP
GRASIM,2011-01-25,339.92,329.21,317.16,-3.15,-3.66,-6.7,DOWN
GRASIM,2011-05-11,341.06,328.21,322.91,-3.77,-1.62,-5.32,DOWN
GRASIM,2011-06-29,284.23,291.84,298.34,2.68,2.23,4.96,UP
GRASIM,2011-08-01,308.75,305.55,299.85,-1.04,-1.87,-2.88,DOWN
GRASIM,2011-10-24,334.76,331.69,348.95,-0.92,5.2,4.24,UP
GRASIM,2012-01-24,350.5,349.9,363.66,-0.17,3.93,3.75,UP
GRASIM,2012-05-08,356.44,347.87,336.35,-2.41,-3.31,-5.64,DOWN
GRASIM,2012-05-09,360.77,346.49,328.5,-3.96,-5.19,-8.94,DOWN
GRASIM,2012-07-27,373.18,379.78,407.5,1.77,7.3,9.19,UP
GRASIM,2012-10-29,497.03,480.22,475.73,-3.38,-0.93,-4.29,DOWN
GRASIM,2013-01-31,431.74,426.96,427.62,-1.11,0.15,-0.95,DOWN
GRASIM,2013-05-10,418.8,428.64,430.89,2.35,0.53,2.89,UP
GRASIM,2013-08-07,383.79,344.29,350.67,-10.29,1.85,-8.63,DOWN
GRASIM,2013-11-05,392.23,400.22,384.43,2.04,-3.95,-1.99,DOWN
GRASIM,2014-02-03,372.47,360.58,361.73,-3.19,0.32,-2.88,DOWN
GRASIM,2014-05-08,383.31,376.93,418.32,-1.67,10.98,9.13,UP
GRASIM,2014-06-17,530.94,513.71,502.7,-3.24,-2.14,-5.32,DOWN
GRASIM,2014-08-05,472.91,478.67,468.28,1.22,-2.17,-0.98,DOWN
GRASIM,2014-10-29,474.64,499.09,510.99,5.15,2.38,7.66,UP
GRASIM,2015-02-02,551.34,551.19,562.65,-0.03,2.08,2.05,UP
GRASIM,2015-05-04,526.73,524.66,508.09,-0.39,-3.16,-3.54,DOWN
GRASIM,2015-08-07,538.52,551.24,529.86,2.36,-3.88,-1.61,DOWN
GRASIM,2015-10-30,530.01,540.94,538.82,2.06,-0.39,1.66,UP
GRASIM,2016-02-01,503.08,501.06,500.29,-0.4,-0.15,-0.55,DOWN
GRASIM,2016-05-09,595.54,602.45,620.63,1.16,3.02,4.21,UP
GRASIM,2016-05-16,599.23,621.89,619.66,3.78,-0.36,3.41,UP
GRASIM,2016-09-29,713.89,690.28,721.03,-3.31,4.45,1.0,UP
GRASIM,2016-11-07,702.76,673.47,674.72,-4.17,0.19,-3.99,DOWN
GRASIM,2016-11-08,707.71,667.68,659.1,-5.66,-1.28,-6.87,DOWN
GRASIM,2017-02-07,710.83,696.75,741.29,-1.98,6.39,4.29,UP
GRASIM,2017-06-19,816.51,819.15,859.47,0.32,4.92,5.26,UP
GRASIM,2017-09-01,1059.19,1108.13,1122.8,4.62,1.32,6.01,UP
GRASIM,2017-11-21,1164.76,1111.18,1142.51,-4.6,2.82,-1.91,DOWN
GRASIM,2018-02-28,1063.64,1096.02,1078.19,3.04,-1.63,1.37,UP
GRASIM,2018-06-25,981.06,957.05,954.25,-2.45,-0.29,-2.73,DOWN
GRASIM,2018-08-27,950.3,1025.42,1021.19,7.9,-0.41,7.46,UP
GRASIM,2018-11-26,773.4,808.45,814.71,4.53,0.77,5.34,UP
GRASIM,2019-02-21,687.47,715.16,746.91,4.03,4.44,8.65,UP
GRASIM,2019-05-24,784.3,870.32,870.75,10.97,0.05,11.02,UP
GRASIM,2019-06-24,859.76,847.94,881.56,-1.37,3.96,2.54,UP
GRASIM,2019-08-14,716.73,709.16,704.09,-1.06,-0.71,-1.76,DOWN
GRASIM,2019-11-14,742.09,708.63,759.03,-4.51,7.11,2.28,UP
GRASIM,2020-02-10,752.03,731.42,726.3,-2.74,-0.7,-3.42,DOWN
GRASIM,2020-06-15,605.52,561.83,577.47,-7.22,2.78,-4.63,DOWN
GRASIM,2020-08-13,611.6,610.05,644.09,-0.25,5.58,5.31,UP
GRASIM,2020-11-12,760.6,803.19,818.68,5.6,1.93,7.64,UP
GRASIM,2021-02-12,1154.36,1206.42,1202.87,4.51,-0.29,4.2,UP
GRASIM,2021-05-24,1327.73,1331.37,1376.44,0.27,3.39,3.67,UP
GRASIM,2021-08-13,1493.23,1462.66,1466.86,-2.05,0.29,-1.77,DOWN
GRASIM,2021-11-12,1744.71,1815.94,1751.64,4.08,-3.54,0.4,UP
GRASIM,2022-02-14,1695.6,1605.37,1672.11,-5.32,4.16,-1.39,DOWN
GRASIM,2022-05-24,1419.03,1370.66,1364.75,-3.41,-0.43,-3.83,DOWN
GRASIM,2022-08-12,1550.55,1595.39,1586.69,2.89,-0.55,2.33,UP
GRASIM,2022-11-14,1716.37,1719.18,1681.96,0.16,-2.16,-2.0,DOWN
GRASIM,2023-02-14,1590.96,1577.79,1615.4,-0.83,2.38,1.54,UP
GRASIM,2023-05-26,1677.09,1659.98,1689.53,-1.02,1.78,0.74,UP
GRASIM,2023-08-10,1790.46,1799.6,1796.24,0.51,-0.19,0.32,UP
GRASIM,2023-11-13,1874.64,1906.92,1948.15,1.72,2.16,3.92,UP
GRASIM,2024-02-09,2112.77,2152.37,2064.33,1.87,-4.09,-2.29,DOWN
GRASIM,2024-05-23,2354.4,2435.55,2422.2,3.45,-0.55,2.88,UP
GRASIM,2024-08-09,2746.42,2563.42,2503.29,-6.66,-2.35,-8.85,DOWN
GRASIM,2024-11-14,2636.36,2514.8,2525.66,-4.61,0.43,-4.2,DOWN
GRASIM,2025-02-10,2431.9,2464.29,2481.07,1.33,0.68,2.02,UP
HCLTECH,2007-08-13,45.64,48.56,46.01,6.4,-5.24,0.82,UP
HCLTECH,2007-10-16,47.18,46.4,46.31,-1.67,-0.18,-1.85,DOWN
HCLTECH,2008-01-17,46.51,41.49,35.62,-10.8,-14.14,-23.41,DOWN
HCLTECH,2008-04-15,38.29,38.3,43.2,0.04,12.8,12.84,UP
HCLTECH,2008-08-01,33.07,32.64,36.03,-1.31,10.37,8.93,UP
HCLTECH,2008-10-15,30.69,24.98,27.12,-18.6,8.58,-11.62,DOWN
HCLTECH,2009-01-23,17.76,17.41,18.08,-1.92,3.85,1.86,UP
HCLTECH,2009-04-22,21.22,20.72,21.31,-2.38,2.84,0.39,UP
HCLTECH,2009-08-25,43.48,51.3,51.17,17.97,-0.24,17.68,UP
HCLTECH,2009-10-28,52.0,52.33,47.29,0.63,-9.62,-9.05,DOWN
HCLTECH,2010-01-25,62.07,60.69,58.44,-2.22,-3.71,-5.85,DOWN
HCLTECH,2010-04-21,58.13,63.0,66.06,8.38,4.84,13.63,UP
HCLTECH,2010-07-29,62.75,63.87,66.36,1.78,3.9,5.75,UP
HCLTECH,2010-10-20,72.59,71.99,72.15,-0.83,0.23,-0.6,DOWN
HCLTECH,2011-01-19,80.78,86.34,86.7,6.89,0.42,7.34,UP
HCLTECH,2011-04-20,82.71,89.21,88.47,7.86,-0.83,6.96,UP
HCLTECH,2011-07-27,87.01,86.33,83.25,-0.78,-3.56,-4.31,DOWN
HCLTECH,2011-10-18,70.9,68.79,71.46,-2.97,3.89,0.8,UP
HCLTECH,2012-01-17,71.77,73.58,72.59,2.52,-1.35,1.13,UP
HCLTECH,2012-04-18,85.34,85.91,86.47,0.67,0.65,1.33,UP
HCLTECH,2012-07-25,83.54,89.61,90.18,7.27,0.63,7.95,UP
HCLTECH,2012-10-17,97.84,101.3,107.35,3.53,5.98,9.72,UP
HCLTECH,2013-01-17,111.69,123.66,122.9,10.72,-0.62,10.03,UP
HCLTECH,2013-04-17,130.44,132.35,129.33,1.46,-2.28,-0.86,DOWN
HCLTECH,2013-07-31,159.05,165.61,167.74,4.12,1.29,5.46,UP
HCLTECH,2013-10-17,195.48,191.31,196.24,-2.13,2.58,0.39,UP
HCLTECH,2014-01-16,221.7,247.37,256.17,11.58,3.56,15.54,UP
HCLTECH,2014-04-17,250.87,254.13,257.29,1.3,1.24,2.56,UP
HCLTECH,2014-08-01,275.99,271.03,278.98,-1.8,2.93,1.08,UP
HCLTECH,2014-10-20,313.2,269.73,270.89,-13.88,0.43,-13.51,DOWN
HCLTECH,2015-02-02,301.47,342.24,358.53,13.53,4.76,18.93,UP
HCLTECH,2015-04-21,351.6,323.75,327.51,-7.92,1.16,-6.85,DOWN
HCLTECH,2015-08-07,349.76,344.81,356.35,-1.42,3.35,1.89,UP
HCLTECH,2015-11-02,314.92,323.54,323.98,2.74,0.14,2.88,UP
HCLTECH,2016-01-20,299.08,310.84,309.66,3.93,-0.38,3.54,UP
HCLTECH,2016-04-29,314.7,279.02,274.11,-11.34,-1.76,-12.9,DOWN
HCLTECH,2016-11-07,294.69,311.01,300.53,5.54,-3.37,1.98,UP
HCLTECH,2016-12-01,290.56,305.65,297.2,5.19,-2.76,2.29,UP
HCLTECH,2017-01-25,318.84,320.17,308.71,0.42,-3.58,-3.18,DOWN
HCLTECH,2017-05-29,323.88,333.76,332.91,3.05,-0.25,2.79,UP
HCLTECH,2017-08-02,345.58,340.54,342.86,-1.46,0.68,-0.79,DOWN
HCLTECH,2017-09-05,335.76,332.76,332.61,-0.89,-0.05,-0.94,DOWN
HCLTECH,2017-11-27,325.82,333.85,328.93,2.46,-1.48,0.95,UP
HCLTECH,2018-01-23,352.68,386.08,393.34,9.47,1.88,11.53,UP
HCLTECH,2018-04-02,364.3,380.69,373.9,4.5,-1.78,2.64,UP
HCLTECH,2018-05-28,346.93,348.41,354.58,0.43,1.77,2.21,UP
HCLTECH,2018-08-02,375.6,374.88,378.12,-0.19,0.86,0.67,UP
HCLTECH,2018-10-25,391.63,392.19,392.99,0.14,0.2,0.35,UP
HCLTECH,2019-01-31,369.37,393.13,410.55,6.43,4.43,11.15,UP
HCLTECH,2019-05-10,454.56,425.79,418.27,-6.33,-1.77,-7.98,DOWN
HCLTECH,2019-08-07,401.84,401.47,421.04,-0.09,4.87,4.78,UP
HCLTECH,2019-10-23,427.45,430.73,444.64,0.77,3.23,4.02,UP
HCLTECH,2020-01-17,457.27,471.85,465.43,3.19,-1.36,1.78,UP
HCLTECH,2020-05-07,372.47,404.61,416.98,8.63,3.06,11.95,UP
HCLTECH,2020-05-08,388.8,409.87,418.05,5.42,2.0,7.52,UP
HCLTECH,2020-07-17,465.09,492.68,514.03,5.93,4.33,10.52,UP
HCLTECH,2020-10-16,675.63,657.82,692.73,-2.64,5.31,2.53,UP
HCLTECH,2021-01-15,769.03,790.8,798.35,2.83,0.95,3.81,UP
HCLTECH,2021-04-26,795.66,745.05,742.46,-6.36,-0.35,-6.69,DOWN
HCLTECH,2021-07-19,797.4,816.46,811.4,2.39,-0.62,1.76,UP
HCLTECH,2021-07-20,799.52,797.69,816.54,-0.23,2.36,2.13,UP
HCLTECH,2021-10-14,1047.43,1027.47,1012.49,-1.91,-1.46,-3.34,DOWN
HCLTECH,2022-01-14,1063.82,1107.12,992.86,4.07,-10.32,-6.67,DOWN
HCLTECH,2022-04-21,946.36,917.72,913.63,-3.03,-0.45,-3.46,DOWN
HCLTECH,2022-07-18,834.88,764.22,793.53,-8.46,3.84,-4.95,DOWN
HCLTECH,2022-10-12,798.51,817.18,853.75,2.34,4.47,6.92,UP
HCLTECH,2023-01-12,898.7,929.09,963.25,3.38,3.68,7.18,UP
HCLTECH,2023-01-13,905.21,934.42,966.8,3.23,3.47,6.8,UP
HCLTECH,2023-04-20,950.93,907.62,921.58,-4.55,1.54,-3.09,DOWN
HCLTECH,2023-07-12,1059.36,988.13,1026.57,-6.72,3.89,-3.1,DOWN
HCLTECH,2023-10-12,1112.43,1098.25,1146.17,-1.27,4.36,3.03,UP
HCLTECH,2024-01-12,1286.51,1396.0,1427.8,8.51,2.28,10.98,UP
HCLTECH,2024-04-26,1339.25,1345.64,1242.34,0.48,-7.68,-7.24,DOWN
HCLTECH,2024-07-12,1408.58,1443.6,1475.39,2.49,2.2,4.74,UP
HCLTECH,2024-10-14,1656.44,1730.37,1741.47,4.46,0.64,5.13,UP
HCLTECH,2025-01-14,1832.88,1701.97,1695.86,-7.14,-0.36,-7.48,DOWN
HDFCBANK,2007-07-10,49.01,49.08,52.37,0.15,6.71,6.87,UP
HDFCBANK,2007-10-12,60.2,61.18,62.47,1.63,2.1,3.76,UP
HDFCBANK,2008-01-21,75.36,64.36,64.5,-14.59,0.22,-14.4,DOWN
HDFCBANK,2008-04-24,55.66,61.61,66.47,10.69,7.89,19.43,UP
HDFCBANK,2008-07-28,44.43,48.41,47.16,8.96,-2.58,6.15,UP
HDFCBANK,2008-10-16,48.48,46.95,46.79,-3.15,-0.34,-3.48,DOWN
HDFCBANK,2009-01-14,44.84,41.98,40.42,-6.37,-3.73,-9.86,DOWN
HDFCBANK,2009-04-23,46.5,46.92,46.03,0.9,-1.89,-1.01,DOWN
HDFCBANK,2009-07-14,61.55,58.89,62.1,-4.31,5.44,0.89,UP
HDFCBANK,2009-10-14,71.73,73.57,73.1,2.56,-0.64,1.91,UP
HDFCBANK,2010-01-15,74.03,73.23,75.9,-1.09,3.66,2.53,UP
HDFCBANK,2010-04-26,84.9,86.0,85.83,1.29,-0.19,1.09,UP
HDFCBANK,2010-07-19,87.12,89.08,89.49,2.25,0.46,2.72,UP
HDFCBANK,2010-10-19,103.9,103.05,101.21,-0.82,-1.78,-2.59,DOWN
HDFCBANK,2011-01-27,91.76,89.21,88.72,-2.77,-0.55,-3.31,DOWN
HDFCBANK,2011-04-18,103.35,100.56,104.86,-2.7,4.28,1.46,UP
HDFCBANK,2011-07-19,110.57,111.88,109.84,1.18,-1.82,-0.66,DOWN
HDFCBANK,2011-10-19,100.2,107.72,106.08,7.51,-1.52,5.87,UP
HDFCBANK,2012-01-19,101.32,106.61,107.05,5.22,0.41,5.65,UP
HDFCBANK,2012-04-18,114.95,117.75,119.44,2.44,1.43,3.91,UP
HDFCBANK,2012-07-13,128.93,129.58,129.57,0.51,-0.01,0.5,UP
HDFCBANK,2012-10-12,139.35,139.32,138.65,-0.02,-0.48,-0.51,DOWN
HDFCBANK,2013-01-18,149.17,146.32,144.94,-1.92,-0.94,-2.84,DOWN
HDFCBANK,2013-04-25,141.61,152.21,150.61,7.48,-1.05,6.35,UP
HDFCBANK,2013-04-26,146.43,152.11,152.86,3.88,0.49,4.39,UP
HDFCBANK,2013-07-18,146.75,152.27,152.16,3.76,-0.07,3.69,UP
HDFCBANK,2013-10-15,141.18,145.22,149.41,2.86,2.88,5.83,UP
HDFCBANK,2014-01-17,147.56,148.02,150.71,0.31,1.82,2.13,UP
HDFCBANK,2014-04-22,164.58,161.94,161.68,-1.6,-0.16,-1.76,DOWN
HDFCBANK,2014-07-21,182.22,185.73,189.05,1.93,1.79,3.75,UP
HDFCBANK,2014-10-22,194.91,200.59,200.12,2.91,-0.24,2.67,UP
HDFCBANK,2015-02-18,233.46,241.25,239.62,3.34,-0.68,2.63,UP
HDFCBANK,2015-04-24,231.12,225.91,222.93,-2.25,-1.32,-3.54,DOWN
HDFCBANK,2015-07-21,247.9,248.33,250.54,0.17,0.89,1.07,UP
HDFCBANK,2015-10-23,245.32,250.69,251.37,2.19,0.27,2.47,UP
HDFCBANK,2016-02-15,238.65,220.18,223.77,-7.74,1.63,-6.24,DOWN
HDFCBANK,2016-04-29,246.76,256.08,254.95,3.78,-0.44,3.32,UP
HDFCBANK,2016-07-27,277.79,282.03,283.25,1.53,0.43,1.97,UP
HDFCBANK,2016-11-07,285.49,284.88,291.52,-0.21,2.33,2.11,UP
HDFCBANK,2017-01-24,284.47,289.01,292.98,1.6,1.37,2.99,UP
HDFCBANK,2017-06-19,380.04,385.99,387.16,1.57,0.3,1.87,UP
HDFCBANK,2017-08-02,399.29,411.22,410.51,2.99,-0.17,2.81,UP
HDFCBANK,2017-10-31,427.67,415.09,420.19,-2.94,1.23,-1.75,DOWN
HDFCBANK,2018-01-22,428.13,450.63,453.3,5.26,0.59,5.88,UP
HDFCBANK,2018-07-31,498.11,503.44,490.08,1.07,-2.65,-1.61,DOWN
HDFCBANK,2018-08-03,506.46,490.08,493.47,-3.24,0.69,-2.57,DOWN
HDFCBANK,2018-08-10,492.05,488.41,479.46,-0.74,-1.83,-2.56,DOWN
HDFCBANK,2018-10-23,457.78,458.48,453.01,0.15,-1.19,-1.04,DOWN
HDFCBANK,2019-01-21,487.82,496.2,485.6,1.72,-2.14,-0.46,DOWN
HDFCBANK,2019-04-23,521.46,518.64,526.87,-0.54,1.59,1.04,UP
HDFCBANK,2019-09-09,518.75,524.02,525.85,1.02,0.35,1.37,UP
HDFCBANK,2019-10-25,568.89,572.57,581.58,0.65,1.57,2.23,UP
HDFCBANK,2020-01-21,599.12,579.72,579.81,-3.24,0.02,-3.22,DOWN
HDFCBANK,2020-01-24,599.89,579.81,575.76,-3.35,-0.7,-4.02,DOWN
HDFCBANK,2020-04-20,414.12,440.19,444.89,6.29,1.07,7.43,UP
HDFCBANK,2020-07-29,530.43,495.98,466.81,-6.5,-5.88,-11.99,DOWN
HDFCBANK,2020-11-05,563.53,591.3,649.28,4.93,9.81,15.22,UP
HDFCBANK,2021-01-18,666.98,690.95,687.08,3.59,-0.56,3.01,UP
HDFCBANK,2021-04-19,667.52,658.01,658.83,-1.42,0.12,-1.3,DOWN
HDFCBANK,2021-07-19,702.78,688.28,675.06,-2.06,-1.92,-3.94,DOWN
HDFCBANK,2021-10-18,753.55,781.53,784.34,3.71,0.36,4.09,UP
HDFCBANK,2022-01-17,725.5,711.91,706.06,-1.87,-0.82,-2.68,DOWN
HDFCBANK,2022-04-18,725.64,652.93,643.06,-10.02,-1.51,-11.38,DOWN
HDFCBANK,2022-04-26,652.93,641.98,647.85,-1.68,0.91,-0.78,DOWN
HDFCBANK,2022-07-18,661.3,637.85,644.1,-3.55,0.98,-2.6,DOWN
HDFCBANK,2022-10-18,669.77,683.43,680.95,2.04,-0.36,1.67,UP
HDFCBANK,2023-01-16,754.69,750.38,778.22,-0.57,3.71,3.12,UP
HDFCBANK,2023-04-17,782.78,788.89,791.38,0.78,0.32,1.1,UP
HDFCBANK,2023-07-17,794.95,803.8,808.52,1.11,0.59,1.71,UP
HDFCBANK,2023-10-17,725.93,737.88,729.07,1.65,-1.19,0.43,UP
HDFCBANK,2024-01-16,796.41,803.92,704.1,0.94,-12.42,-11.59,DOWN
HDFCBANK,2024-04-22,735.55,723.99,723.3,-1.57,-0.1,-1.67,DOWN
HDFCBANK,2024-07-22,787.12,797.14,784.54,1.27,-1.58,-0.33,DOWN
HDFCBANK,2024-10-21,801.24,838.95,849.11,4.71,1.21,5.98,UP
HDFCBANK,2025-01-23,797.38,807.98,810.65,1.33,0.33,1.66,UP
HEROMOTOCO,2007-07-24,381.5,388.3,380.61,1.78,-1.98,-0.23,DOWN
HEROMOTOCO,2007-10-18,419.7,404.11,423.01,-3.71,4.68,0.79,UP
HEROMOTOCO,2008-01-31,337.13,385.62,405.47,14.38,5.15,20.27,UP
HEROMOTOCO,2008-04-24,411.99,430.33,480.5,4.45,11.66,16.63,UP
HEROMOTOCO,2008-07-29,399.66,409.54,442.61,2.47,8.08,10.75,UP
HEROMOTOCO,2008-10-21,473.37,469.44,414.56,-0.83,-11.69,-12.42,DOWN
HEROMOTOCO,2009-01-20,445.1,476.42,482.0,7.04,1.17,8.29,UP
HEROMOTOCO,2009-04-21,607.16,626.81,653.2,3.24,4.21,7.58,UP
HEROMOTOCO,2009-07-29,936.64,931.77,924.74,-0.52,-0.75,-1.27,DOWN
HEROMOTOCO,2009-10-21,941.55,929.52,922.62,-1.28,-0.74,-2.01,DOWN
HEROMOTOCO,2010-01-25,938.12,935.87,899.82,-0.24,-3.85,-4.08,DOWN
HEROMOTOCO,2010-04-19,1164.32,1138.22,1146.74,-2.24,0.75,-1.51,DOWN
HEROMOTOCO,2010-07-29,1165.13,1124.95,1116.61,-3.45,-0.74,-4.16,DOWN
HEROMOTOCO,2010-10-29,1130.96,1138.65,1140.11,0.68,0.13,0.81,UP
HEROMOTOCO,2011-02-02,1064.81,929.6,966.47,-12.7,3.97,-9.24,DOWN
HEROMOTOCO,2011-05-04,1125.94,1016.19,1107.79,-9.75,9.01,-1.61,DOWN
HEROMOTOCO,2011-07-21,1193.79,1134.77,1157.49,-4.94,2.0,-3.04,DOWN
HEROMOTOCO,2011-10-18,1268.96,1285.17,1328.17,1.28,3.35,4.67,UP
HEROMOTOCO,2012-01-19,1170.91,1232.91,1221.91,5.29,-0.89,4.36,UP
HEROMOTOCO,2012-05-09,1450.33,1211.62,1192.95,-16.46,-1.54,-17.75,DOWN
HEROMOTOCO,2012-07-19,1317.85,1351.73,1317.14,2.57,-2.56,-0.05,DOWN
HEROMOTOCO,2012-10-23,1170.45,1189.19,1239.75,1.6,4.25,5.92,UP
HEROMOTOCO,2013-01-17,1223.59,1204.39,1167.2,-1.57,-3.09,-4.61,DOWN
HEROMOTOCO,2013-05-07,1057.47,1129.99,1129.06,6.86,-0.08,6.77,UP
HEROMOTOCO,2013-08-23,1282.03,1257.73,1267.63,-1.9,0.79,-1.12,DOWN
HEROMOTOCO,2013-10-24,1399.75,1421.18,1407.19,1.53,-0.98,0.53,UP
HEROMOTOCO,2014-01-31,1401.49,1343.89,1356.86,-4.11,0.96,-3.18,DOWN
HEROMOTOCO,2014-06-05,1602.3,1762.24,1819.29,9.98,3.24,13.54,UP
HEROMOTOCO,2014-08-06,1775.2,1817.27,1843.13,2.37,1.42,3.83,UP
HEROMOTOCO,2014-10-20,2010.15,2078.57,2181.34,3.4,4.94,8.52,UP
HEROMOTOCO,2015-02-03,2025.58,1989.91,1964.37,-1.76,-1.28,-3.02,DOWN
HEROMOTOCO,2015-05-07,1666.67,1665.96,1745.1,-0.04,4.75,4.71,UP
HEROMOTOCO,2015-08-04,1863.94,1877.39,1904.58,0.72,1.45,2.18,UP
HEROMOTOCO,2015-10-21,1816.5,1876.64,1874.71,3.31,-0.1,3.2,UP
HEROMOTOCO,2016-02-12,1798.65,1781.08,1806.34,-0.98,1.42,0.43,UP
HEROMOTOCO,2016-05-06,2104.46,2097.68,2149.39,-0.32,2.47,2.13,UP
HEROMOTOCO,2016-09-30,2591.25,2499.82,2556.61,-3.53,2.27,-1.34,DOWN
HEROMOTOCO,2016-11-07,2426.56,2459.47,2303.35,1.36,-6.35,-5.08,DOWN
HEROMOTOCO,2017-02-09,2407.01,2391.0,2316.2,-0.66,-3.13,-3.77,DOWN
HEROMOTOCO,2017-02-10,2364.39,2393.57,2268.53,1.23,-5.22,-4.05,DOWN
HEROMOTOCO,2017-05-29,2658.48,2728.56,2778.84,2.64,1.84,4.53,UP
HEROMOTOCO,2017-08-02,2783.22,2853.42,2966.05,2.52,3.95,6.57,UP
HEROMOTOCO,2017-11-03,2814.58,2768.21,2718.31,-1.65,-1.8,-3.42,DOWN
HEROMOTOCO,2018-02-15,2657.75,2687.91,2649.96,1.13,-1.41,-0.29,DOWN
HEROMOTOCO,2018-04-02,2639.4,2778.4,2882.15,5.27,3.73,9.2,UP
HEROMOTOCO,2018-05-28,2713.67,2743.19,2701.36,1.09,-1.53,-0.45,DOWN
HEROMOTOCO,2018-08-02,2396.74,2515.15,2541.39,4.94,1.04,6.04,UP
HEROMOTOCO,2018-10-17,2228.51,2163.62,2099.42,-2.91,-2.97,-5.79,DOWN
HEROMOTOCO,2019-02-07,2012.15,2264.96,2198.6,12.56,-2.93,9.27,UP
HEROMOTOCO,2019-05-06,2051.23,1987.93,1993.0,-3.09,0.25,-2.84,DOWN
HEROMOTOCO,2019-07-31,1963.93,1873.9,1908.22,-4.58,1.83,-2.84,DOWN
HEROMOTOCO,2019-10-24,2128.09,2144.23,2148.65,0.76,0.21,0.97,UP
HEROMOTOCO,2020-02-07,1974.27,1943.37,1927.15,-1.57,-0.83,-2.39,DOWN
HEROMOTOCO,2020-06-10,1896.09,1874.83,1920.55,-1.12,2.44,1.29,UP
HEROMOTOCO,2020-08-14,2232.04,2314.03,2420.71,3.67,4.61,8.45,UP
HEROMOTOCO,2020-10-29,2623.16,2388.48,2424.3,-8.95,1.5,-7.58,DOWN
HEROMOTOCO,2021-02-05,2803.95,2830.19,2920.77,0.94,3.2,4.17,UP
HEROMOTOCO,2021-05-07,2408.45,2409.04,2391.65,0.02,-0.72,-0.7,DOWN
HEROMOTOCO,2021-08-13,2403.3,2363.57,2356.24,-1.65,-0.31,-1.96,DOWN
HEROMOTOCO,2021-11-15,2282.83,2296.26,2289.1,0.59,-0.31,0.27,UP
HEROMOTOCO,2022-02-11,2371.5,2317.87,2376.02,-2.26,2.51,0.19,UP
HEROMOTOCO,2022-05-04,1994.39,2099.75,2172.3,5.28,3.46,8.92,UP
HEROMOTOCO,2022-08-12,2472.61,2437.31,2566.41,-1.43,5.3,3.79,UP
HEROMOTOCO,2022-11-04,2303.92,2284.64,2393.71,-0.84,4.77,3.9,UP
HEROMOTOCO,2023-02-07,2384.71,2340.85,2279.7,-1.84,-2.61,-4.4,DOWN
HEROMOTOCO,2023-05-05,2268.4,2306.52,2341.66,1.68,1.52,3.23,UP
HEROMOTOCO,2023-08-10,2741.05,2779.92,2730.34,1.42,-1.78,-0.39,DOWN
HEROMOTOCO,2023-11-02,2876.02,2794.76,2866.32,-2.83,2.56,-0.34,DOWN
HEROMOTOCO,2024-02-12,4319.55,4292.27,4410.8,-0.63,2.76,2.11,UP
HEROMOTOCO,2024-05-08,4171.29,4317.46,4571.65,3.5,5.89,9.6,UP
HEROMOTOCO,2024-08-13,4886.45,4944.51,4891.16,1.19,-1.08,0.1,UP
HEROMOTOCO,2024-11-18,4539.66,4461.42,4519.01,-1.72,1.29,-0.45,DOWN
HEROMOTOCO,2025-02-06,3938.08,3987.33,3851.12,1.25,-3.42,-2.21,DOWN
HINDALCO,2007-07-31,142.74,131.16,125.49,-8.11,-4.32,-12.08,DOWN
HINDALCO,2007-10-31,142.54,151.65,141.93,6.39,-6.41,-0.43,DOWN
HINDALCO,2008-01-30,115.15,136.02,138.03,18.13,1.48,19.87,UP
HINDALCO,2008-04-30,149.03,149.6,140.34,0.39,-6.19,-5.83,DOWN
HINDALCO,2008-06-20,137.02,124.41,114.61,-9.21,-7.88,-16.36,DOWN
HINDALCO,2008-07-28,109.86,112.79,109.09,2.67,-3.28,-0.7,DOWN
HINDALCO,2008-10-31,55.53,52.28,53.02,-5.84,1.4,-4.51,DOWN
HINDALCO,2009-01-30,40.96,42.3,38.28,3.27,-9.5,-6.54,DOWN
HINDALCO,2009-06-30,72.81,74.71,72.42,2.61,-3.07,-0.53,DOWN
HINDALCO,2009-07-31,78.47,86.68,95.8,10.46,10.52,22.08,UP
HINDALCO,2009-11-03,123.63,95.27,109.87,-22.94,15.32,-11.13,DOWN
HINDALCO,2010-01-25,145.61,139.14,128.79,-4.44,-7.44,-11.55,DOWN
HINDALCO,2010-05-11,151.16,148.54,142.82,-1.73,-3.85,-5.52,DOWN
HINDALCO,2010-06-04,129.71,129.01,116.2,-0.54,-9.93,-10.41,DOWN
HINDALCO,2010-08-03,135.95,144.65,143.34,6.4,-0.91,5.43,UP
HINDALCO,2010-11-09,185.41,203.24,196.51,9.62,-3.32,5.99,UP
HINDALCO,2011-02-14,208.35,193.16,186.2,-7.29,-3.6,-10.63,DOWN
HINDALCO,2011-05-09,190.3,178.45,171.89,-6.23,-3.68,-9.67,DOWN
HINDALCO,2011-06-03,164.31,166.6,161.76,1.39,-2.91,-1.55,DOWN
HINDALCO,2011-08-12,142.12,132.3,121.24,-6.91,-8.36,-14.69,DOWN
HINDALCO,2011-11-11,120.93,114.57,109.85,-5.26,-4.12,-9.16,DOWN
HINDALCO,2012-02-09,136.38,141.63,143.41,3.85,1.26,5.16,UP
HINDALCO,2012-05-08,105.76,104.82,100.73,-0.88,-3.91,-4.76,DOWN
HINDALCO,2012-06-27,109.18,104.15,107.71,-4.61,3.42,-1.35,DOWN
HINDALCO,2012-08-14,105.18,106.91,100.01,1.65,-6.45,-4.91,DOWN
HINDALCO,2012-11-06,102.58,101.59,102.36,-0.97,0.76,-0.22,DOWN
HINDALCO,2013-02-08,104.98,99.1,99.83,-5.59,0.73,-4.91,DOWN
HINDALCO,2013-06-11,91.61,85.24,93.64,-6.95,9.86,2.22,UP
HINDALCO,2013-08-19,78.14,86.77,93.95,11.04,8.28,20.23,UP
HINDALCO,2013-11-18,106.96,108.93,109.39,1.84,0.42,2.27,UP
HINDALCO,2014-02-19,95.7,90.48,89.2,-5.45,-1.42,-6.79,DOWN
HINDALCO,2014-06-02,139.18,137.35,155.48,-1.32,13.2,11.71,UP
HINDALCO,2014-08-19,168.38,165.54,167.05,-1.69,0.91,-0.79,DOWN
HINDALCO,2014-11-24,144.85,152.54,158.94,5.31,4.2,9.73,UP
HINDALCO,2015-02-18,134.95,139.65,142.6,3.48,2.11,5.66,UP
HINDALCO,2015-06-01,126.07,118.19,111.7,-6.25,-5.49,-11.4,DOWN
HINDALCO,2015-06-02,123.86,113.5,110.64,-8.36,-2.52,-10.67,DOWN
HINDALCO,2015-08-14,100.1,85.78,79.33,-14.31,-7.51,-20.75,DOWN
HINDALCO,2015-11-10,75.57,73.98,75.47,-2.1,2.02,-0.12,DOWN
HINDALCO,2016-02-09,66.37,65.34,56.85,-1.55,-13.0,-14.35,DOWN
HINDALCO,2016-05-30,81.17,96.1,99.0,18.4,3.01,21.97,UP
HINDALCO,2016-07-21,126.77,124.99,122.89,-1.4,-1.68,-3.06,DOWN
HINDALCO,2016-09-29,140.5,140.92,144.91,0.3,2.83,3.14,UP
HINDALCO,2016-09-30,145.24,143.46,147.73,-1.23,2.98,1.71,UP
HINDALCO,2016-11-29,147.83,164.78,158.54,11.47,-3.79,7.24,UP
HINDALCO,2017-02-17,172.58,172.53,169.15,-0.03,-1.96,-1.99,DOWN
HINDALCO,2017-06-19,189.91,188.69,180.0,-0.64,-4.61,-5.22,DOWN
HINDALCO,2017-09-26,235.47,221.4,227.07,-5.97,2.56,-3.57,DOWN
HINDALCO,2017-11-08,252.36,248.25,246.22,-1.63,-0.82,-2.43,DOWN
HINDALCO,2018-02-15,230.65,237.35,234.8,2.91,-1.07,1.8,UP
HINDALCO,2018-04-02,202.62,199.37,202.1,-1.61,1.37,-0.26,DOWN
HINDALCO,2018-06-21,231.22,209.8,210.41,-9.27,0.29,-9.0,DOWN
HINDALCO,2018-09-04,217.3,221.88,228.91,2.11,3.17,5.34,UP
HINDALCO,2018-11-19,226.54,222.41,206.9,-1.82,-6.97,-8.67,DOWN
HINDALCO,2019-02-26,175.08,186.41,186.08,6.48,-0.18,6.29,UP
HINDALCO,2019-05-21,182.33,185.94,185.75,1.98,-0.1,1.87,UP
HINDALCO,2019-06-25,183.66,192.1,196.42,4.6,2.25,6.95,UP
HINDALCO,2019-08-16,171.42,171.74,169.11,0.18,-1.53,-1.35,DOWN
HINDALCO,2019-11-15,192.47,179.33,182.2,-6.82,1.6,-5.33,DOWN
HINDALCO,2019-12-04,189.79,192.08,189.93,1.21,-1.12,0.08,UP
HINDALCO,2020-02-13,187.5,186.5,176.09,-0.53,-5.58,-6.09,DOWN
HINDALCO,2020-06-15,142.56,139.26,144.04,-2.31,3.43,1.04,UP
HINDALCO,2020-08-14,170.02,176.66,187.98,3.9,6.41,10.56,UP
HINDALCO,2020-11-11,172.57,195.9,200.94,13.52,2.57,16.44,UP
HINDALCO,2021-02-10,245.15,268.24,279.76,9.42,4.29,14.12,UP
HINDALCO,2021-06-09,378.94,367.85,379.03,-2.93,3.04,0.03,UP
HINDALCO,2021-08-11,430.88,419.21,427.04,-2.71,1.87,-0.89,DOWN
HINDALCO,2021-08-12,425.02,422.69,422.06,-0.55,-0.15,-0.7,DOWN
HINDALCO,2021-11-17,449.13,430.57,435.21,-4.13,1.08,-3.1,DOWN
HINDALCO,2022-02-11,495.58,524.63,511.68,5.86,-2.47,3.25,UP
HINDALCO,2022-05-30,414.81,402.87,396.25,-2.88,-1.64,-4.47,DOWN
HINDALCO,2022-08-11,404.47,422.91,428.23,4.56,1.26,5.87,UP
HINDALCO,2022-08-12,400.46,425.59,427.35,6.28,0.41,6.72,UP
HINDALCO,2022-11-11,411.01,419.35,436.47,2.03,4.08,6.2,UP
HINDALCO,2023-02-10,454.03,422.57,423.35,-6.93,0.18,-6.76,DOWN
HINDALCO,2023-05-25,397.74,394.37,403.01,-0.85,2.19,1.32,UP
HINDALCO,2023-08-08,451.3,443.64,451.15,-1.7,1.69,-0.03,DOWN
HINDALCO,2023-11-10,465.64,472.61,495.19,1.5,4.78,6.35,UP
HINDALCO,2024-02-13,569.43,500.89,506.39,-12.04,1.1,-11.07,DOWN
HINDALCO,2024-05-24,641.89,661.09,692.56,2.99,4.76,7.89,UP
HINDALCO,2024-08-13,603.21,613.67,650.66,1.74,6.03,7.87,UP
HINDALCO,2024-11-11,682.31,647.2,619.55,-5.15,-4.27,-9.2,DOWN
HINDALCO,2025-02-13,593.13,595.01,603.85,0.32,1.49,1.81,UP
HINDUNILVR,2007-07-30,131.43,141.45,136.47,7.62,-3.52,3.84,UP
HINDUNILVR,2007-10-31,148.28,142.3,132.85,-4.03,-6.64,-10.41,DOWN
HINDUNILVR,2008-02-13,145.87,134.36,151.53,-7.89,12.78,3.88,UP
HINDUNILVR,2008-04-28,164.03,174.89,177.15,6.62,1.29,8.0,UP
HINDUNILVR,2008-07-25,155.44,164.95,168.8,6.12,2.34,8.6,UP
HINDUNILVR,2008-10-24,177.75,162.6,159.22,-8.52,-2.08,-10.42,DOWN
HINDUNILVR,2009-01-27,180.08,181.91,187.87,1.02,3.28,4.33,UP
HINDUNILVR,2009-07-28,194.71,201.75,212.58,3.61,5.37,9.18,UP
HINDUNILVR,2009-11-03,204.66,199.16,200.95,-2.69,0.9,-1.82,DOWN
HINDUNILVR,2010-01-27,189.67,191.18,174.89,0.8,-8.52,-7.79,DOWN
HINDUNILVR,2010-05-25,176.95,169.95,174.23,-3.96,2.52,-1.54,DOWN
HINDUNILVR,2010-07-27,197.64,194.5,187.81,-1.59,-3.44,-4.97,DOWN
HINDUNILVR,2010-10-25,223.03,228.78,217.58,2.58,-4.9,-2.44,DOWN
HINDUNILVR,2011-01-25,227.63,212.72,204.61,-6.55,-3.81,-10.11,DOWN
HINDUNILVR,2011-05-09,215.21,214.87,227.44,-0.16,5.85,5.68,UP
HINDUNILVR,2011-07-28,253.05,246.19,246.88,-2.71,0.28,-2.44,DOWN
HINDUNILVR,2011-10-31,252.75,286.57,291.49,13.38,1.72,15.33,UP
HINDUNILVR,2012-02-06,300.11,297.87,302.72,-0.74,1.63,0.87,UP
HINDUNILVR,2012-05-09,321.39,332.89,333.89,3.58,0.3,3.89,UP
HINDUNILVR,2012-05-10,327.08,333.43,332.81,1.94,-0.18,1.75,UP
HINDUNILVR,2012-07-23,342.58,344.01,358.69,0.42,4.27,4.7,UP
HINDUNILVR,2012-10-29,445.05,424.08,427.17,-4.71,0.73,-4.02,DOWN
HINDUNILVR,2013-01-22,401.62,382.23,378.73,-4.83,-0.91,-5.7,DOWN
HINDUNILVR,2013-04-30,384.06,464.01,455.55,20.82,-1.82,18.62,UP
HINDUNILVR,2013-05-13,454.95,462.74,463.18,1.71,0.09,1.81,UP
HINDUNILVR,2013-07-29,550.79,512.61,509.92,-6.93,-0.52,-7.42,DOWN
HINDUNILVR,2013-11-01,489.29,493.23,477.88,0.81,-3.11,-2.33,DOWN
HINDUNILVR,2014-01-28,449.65,461.48,461.8,2.63,0.07,2.7,UP
HINDUNILVR,2014-04-29,485.29,455.61,451.31,-6.12,-0.94,-7.0,DOWN
HINDUNILVR,2014-07-31,519.32,562.76,577.72,8.36,2.66,11.25,UP
HINDUNILVR,2014-10-29,595.3,593.38,611.42,-0.32,3.04,2.71,UP
HINDUNILVR,2015-01-19,714.52,737.62,780.68,3.23,5.84,9.26,UP
HINDUNILVR,2015-05-08,708.82,739.81,695.06,4.37,-6.05,-1.94,DOWN
HINDUNILVR,2015-07-21,760.55,744.35,757.3,-2.13,1.74,-0.43,DOWN
HINDUNILVR,2015-10-16,686.39,655.58,665.56,-4.49,1.52,-3.04,DOWN
HINDUNILVR,2016-01-18,681.98,682.06,653.14,0.01,-4.24,-4.23,DOWN
HINDUNILVR,2016-05-10,727.54,726.27,700.46,-0.17,-3.55,-3.72,DOWN
HINDUNILVR,2016-09-28,768.73,755.32,739.65,-1.74,-2.07,-3.78,DOWN
HINDUNILVR,2016-10-27,720.28,715.43,722.15,-0.67,0.94,0.26,UP
HINDUNILVR,2017-01-24,710.48,738.68,732.84,3.97,-0.79,3.15,UP
HINDUNILVR,2017-06-08,916.11,938.86,946.8,2.48,0.85,3.35,UP
HINDUNILVR,2017-08-09,1016.99,1026.86,1001.18,0.97,-2.5,-1.55,DOWN
HINDUNILVR,2017-10-27,1094.95,1091.66,1096.89,-0.3,0.48,0.18,UP
HINDUNILVR,2018-01-22,1198.03,1181.55,1196.94,-1.38,1.3,-0.09,DOWN
HINDUNILVR,2018-05-28,1400.15,1380.14,1405.07,-1.43,1.81,0.35,UP
HINDUNILVR,2018-08-03,1467.07,1548.81,1543.67,5.57,-0.33,5.22,UP
HINDUNILVR,2018-10-15,1369.2,1340.87,1386.64,-2.07,3.41,1.27,UP
HINDUNILVR,2019-01-18,1578.15,1540.95,1561.36,-2.36,1.32,-1.06,DOWN
HINDUNILVR,2019-05-09,1552.97,1505.3,1500.66,-3.07,-0.31,-3.37,DOWN
HINDUNILVR,2019-07-23,1527.93,1506.93,1540.12,-1.37,2.2,0.8,UP
HINDUNILVR,2019-10-14,1746.05,1792.5,1872.24,2.66,4.45,7.23,UP
HINDUNILVR,2020-01-31,1839.97,1819.71,1932.46,-1.1,6.2,5.03,UP
HINDUNILVR,2020-04-30,2134.49,1963.5,1798.19,-8.01,-8.42,-15.76,DOWN
HINDUNILVR,2020-06-03,1769.21,1896.86,1888.99,7.22,-0.41,6.77,UP
HINDUNILVR,2020-07-21,2040.17,2087.68,1989.78,2.33,-4.69,-2.47,DOWN
HINDUNILVR,2020-10-20,1934.16,1965.55,1939.09,1.62,-1.35,0.25,UP
HINDUNILVR,2021-01-27,2123.47,2176.91,2047.0,2.52,-5.97,-3.6,DOWN
HINDUNILVR,2021-04-29,2182.51,2191.75,2191.79,0.42,0.0,0.43,UP
HINDUNILVR,2021-07-22,2234.29,2180.6,2147.82,-2.4,-1.5,-3.87,DOWN
HINDUNILVR,2021-10-19,2420.75,2335.24,2250.24,-3.53,-3.64,-7.04,DOWN
HINDUNILVR,2022-01-20,2226.29,2086.66,2147.05,-6.27,2.89,-3.56,DOWN
HINDUNILVR,2022-04-28,1997.31,2068.26,2003.4,3.55,-3.14,0.3,UP
HINDUNILVR,2022-07-19,2318.03,2390.02,2457.64,3.11,2.83,6.02,UP
HINDUNILVR,2022-10-21,2388.58,2470.02,2344.47,3.41,-5.08,-1.85,DOWN
HINDUNILVR,2023-01-19,2429.77,2482.7,2436.56,2.18,-1.86,0.28,UP
HINDUNILVR,2023-04-28,2335.46,2302.39,2348.72,-1.42,2.01,0.57,UP
HINDUNILVR,2023-07-21,2507.66,2459.76,2440.21,-1.91,-0.79,-2.69,DOWN
HINDUNILVR,2023-10-19,2414.8,2406.96,2340.08,-0.32,-2.78,-3.09,DOWN
HINDUNILVR,2024-01-19,2413.29,2441.08,2310.62,1.15,-5.34,-4.25,DOWN
HINDUNILVR,2024-04-24,2087.72,2150.71,2118.22,3.02,-1.51,1.46,UP
HINDUNILVR,2024-07-23,2519.48,2657.93,2604.8,5.5,-2.0,3.39,UP
HINDUNILVR,2024-10-23,2672.44,2555.08,2474.85,-4.39,-3.14,-7.39,DOWN
HINDUNILVR,2025-01-22,2301.62,2277.32,2325.82,-1.06,2.13,1.05,UP
ICICIBANK,2007-07-23,142.68,142.33,138.58,-0.25,-2.63,-2.87,DOWN
ICICIBANK,2007-10-19,160.1,150.06,161.37,-6.27,7.54,0.79,UP
ICICIBANK,2008-01-21,210.54,172.13,166.06,-18.24,-3.52,-21.13,DOWN
ICICIBANK,2008-04-28,122.77,131.44,137.5,7.06,4.61,12.0,UP
ICICIBANK,2008-07-28,92.22,99.08,95.19,7.44,-3.93,3.21,UP
ICICIBANK,2008-10-27,58.44,47.21,64.33,-19.21,36.25,10.08,UP
ICICIBANK,2009-01-27,63.29,56.92,62.17,-10.06,9.22,-1.77,DOWN
ICICIBANK,2009-04-27,65.85,69.83,71.84,6.06,2.88,9.11,UP
ICICIBANK,2009-07-27,112.61,114.89,114.78,2.03,-0.09,1.93,UP
ICICIBANK,2009-10-30,135.13,119.88,128.04,-11.29,6.81,-5.24,DOWN
ICICIBANK,2010-01-21,127.43,129.26,119.35,1.43,-7.67,-6.35,DOWN
ICICIBANK,2010-04-26,139.83,145.55,143.56,4.09,-1.36,2.67,UP
ICICIBANK,2010-08-02,140.42,144.53,146.97,2.92,1.69,4.66,UP
ICICIBANK,2010-10-29,173.76,178.9,190.54,2.96,6.5,9.65,UP
ICICIBANK,2011-01-24,155.24,166.73,156.67,7.4,-6.04,0.92,UP
ICICIBANK,2011-04-28,167.68,171.9,164.26,2.52,-4.45,-2.04,DOWN
ICICIBANK,2011-07-29,162.23,161.57,156.14,-0.41,-3.36,-3.75,DOWN
ICICIBANK,2011-10-31,140.9,145.11,136.83,2.99,-5.7,-2.89,DOWN
ICICIBANK,2012-01-31,131.29,140.59,142.8,7.09,1.57,8.77,UP
ICICIBANK,2012-04-27,136.8,134.15,133.64,-1.94,-0.38,-2.31,DOWN
ICICIBANK,2012-07-27,151.23,147.64,152.62,-2.38,3.38,0.92,UP
ICICIBANK,2012-10-29,166.93,169.94,168.17,1.8,-1.04,0.74,UP
ICICIBANK,2013-01-31,187.84,189.45,185.46,0.86,-2.11,-1.27,DOWN
ICICIBANK,2013-05-15,185.13,189.47,192.42,2.35,1.56,3.94,UP
ICICIBANK,2013-08-05,150.64,145.94,141.51,-3.12,-3.04,-6.07,DOWN
ICICIBANK,2013-11-05,165.3,177.24,169.78,7.22,-4.21,2.71,UP
ICICIBANK,2014-02-05,164.73,156.25,155.33,-5.14,-0.59,-5.7,DOWN
ICICIBANK,2014-05-02,210.15,202.53,205.48,-3.63,1.46,-2.22,DOWN
ICICIBANK,2014-08-06,242.2,241.55,240.51,-0.27,-0.43,-0.7,DOWN
ICICIBANK,2014-11-05,262.57,278.98,281.35,6.25,0.85,7.15,UP
ICICIBANK,2015-02-04,320.06,287.64,267.11,-10.13,-7.14,-16.54,DOWN
ICICIBANK,2015-04-30,261.18,276.37,260.52,5.82,-5.74,-0.26,DOWN
ICICIBANK,2015-08-03,255.19,265.63,264.06,4.09,-0.59,3.48,UP
ICICIBANK,2015-11-03,242.24,237.24,226.75,-2.07,-4.42,-6.4,DOWN
ICICIBANK,2016-02-01,192.11,184.39,173.14,-4.02,-6.1,-9.88,DOWN
ICICIBANK,2016-05-24,189.95,190.63,206.42,0.36,8.28,8.67,UP
ICICIBANK,2016-07-13,215.0,226.26,228.21,5.24,0.86,6.15,UP
ICICIBANK,2016-08-02,232.76,212.53,213.09,-8.69,0.26,-8.45,DOWN
ICICIBANK,2016-11-16,241.47,230.64,226.31,-4.49,-1.88,-6.28,DOWN
ICICIBANK,2017-02-01,223.14,243.46,251.52,9.11,3.31,12.72,UP
ICICIBANK,2017-06-16,277.42,274.22,279.61,-1.16,1.97,0.79,UP
ICICIBANK,2017-08-03,298.1,284.03,283.84,-4.72,-0.07,-4.78,DOWN
ICICIBANK,2017-11-01,256.03,301.03,303.63,17.58,0.86,18.59,UP
ICICIBANK,2018-02-16,319.43,308.38,306.6,-3.46,-0.58,-4.01,DOWN
ICICIBANK,2018-07-10,266.45,262.61,257.18,-1.44,-2.07,-3.48,DOWN
ICICIBANK,2018-07-19,258.14,250.89,263.52,-2.81,5.03,2.08,UP
ICICIBANK,2018-08-10,286.77,315.63,321.11,10.07,1.73,11.97,UP
ICICIBANK,2018-11-26,356.99,343.82,349.46,-3.69,1.64,-2.11,DOWN
ICICIBANK,2019-01-31,354.48,351.63,340.25,-0.8,-3.24,-4.01,DOWN
ICICIBANK,2019-05-09,393.17,367.99,367.02,-6.4,-0.26,-6.65,DOWN
ICICIBANK,2019-06-25,399.63,418.4,421.73,4.7,0.8,5.53,UP
ICICIBANK,2019-09-09,391.13,382.47,399.84,-2.21,4.54,2.23,UP
ICICIBANK,2019-09-27,373.91,434.46,413.28,16.19,-4.88,10.53,UP
ICICIBANK,2019-10-31,440.17,447.86,452.98,1.75,1.14,2.91,UP
ICICIBANK,2019-12-19,516.04,522.47,523.35,1.25,0.17,1.42,UP
ICICIBANK,2020-01-27,514.59,519.62,514.74,0.98,-0.94,0.03,UP
ICICIBANK,2020-05-11,367.68,309.65,316.66,-15.78,2.26,-13.88,DOWN
ICICIBANK,2020-05-15,325.7,312.11,295.62,-4.17,-5.28,-9.24,DOWN
ICICIBANK,2020-10-16,374.79,383.1,406.51,2.22,6.11,8.46,UP
ICICIBANK,2020-11-05,383.05,424.11,467.97,10.72,10.34,22.17,UP
ICICIBANK,2021-02-01,534.56,583.99,607.68,9.25,4.06,13.68,UP
ICICIBANK,2021-04-26,556.33,571.7,601.06,2.76,5.13,8.04,UP
ICICIBANK,2021-07-26,645.55,654.54,666.89,1.39,1.89,3.31,UP
ICICIBANK,2021-10-25,705.5,816.47,774.75,15.73,-5.11,9.82,UP
ICICIBANK,2022-01-24,795.42,774.51,757.73,-2.63,-2.17,-4.74,DOWN
ICICIBANK,2022-04-25,739.4,729.65,724.75,-1.32,-0.67,-1.98,DOWN
ICICIBANK,2022-07-25,728.68,776.89,790.18,6.62,1.71,8.44,UP
ICICIBANK,2022-10-24,849.23,903.92,885.92,6.44,-1.99,4.32,UP
ICICIBANK,2023-01-23,852.35,850.64,797.46,-0.2,-6.25,-6.44,DOWN
ICICIBANK,2023-04-24,877.28,882.89,896.16,0.64,1.5,2.15,UP
ICICIBANK,2023-07-24,936.86,968.03,966.33,3.33,-0.18,3.15,UP
ICICIBANK,2023-10-23,935.96,914.95,898.03,-2.24,-1.85,-4.05,DOWN
ICICIBANK,2024-01-23,987.32,1012.45,1000.01,2.55,-1.23,1.29,UP
ICICIBANK,2024-04-29,1050.04,1141.44,1123.63,8.7,-1.56,7.01,UP
ICICIBANK,2024-07-29,1228.51,1193.14,1190.58,-2.88,-0.21,-3.09,DOWN
ICICIBANK,2024-10-28,1254.82,1282.95,1282.36,2.24,-0.05,2.19,UP
ICICIBANK,2025-01-27,1216.07,1218.55,1245.99,0.2,2.25,2.46,UP
INDUSINDBK,2007-07-25,47.78,47.78,44.02,0.0,-7.88,-7.88,DOWN
INDUSINDBK,2007-11-02,73.61,86.8,82.95,17.92,-4.44,12.69,UP
INDUSINDBK,2008-01-30,71.53,83.7,90.38,17.02,7.99,26.36,UP
INDUSINDBK,2008-06-24,64.27,55.99,48.69,-12.88,-13.04,-24.24,DOWN
INDUSINDBK,2008-07-25,44.79,52.27,50.28,16.7,-3.81,12.25,UP
INDUSINDBK,2008-10-16,44.87,41.52,38.61,-7.47,-7.0,-13.94,DOWN
INDUSINDBK,2009-01-15,38.97,33.47,33.3,-14.11,-0.53,-14.56,DOWN
INDUSINDBK,2009-05-05,39.2,41.88,41.03,6.84,-2.03,4.68,UP
INDUSINDBK,2009-07-08,77.99,75.46,70.56,-3.26,-6.49,-9.53,DOWN
INDUSINDBK,2009-10-14,101.53,112.32,123.79,10.63,10.21,21.93,UP
INDUSINDBK,2010-01-15,129.51,128.56,137.76,-0.74,7.16,6.37,UP
INDUSINDBK,2010-04-16,163.25,159.94,175.81,-2.03,9.92,7.69,UP
INDUSINDBK,2010-07-09,188.2,196.94,191.27,4.65,-2.88,1.63,UP
INDUSINDBK,2010-10-11,242.26,251.6,247.76,3.85,-1.53,2.27,UP
INDUSINDBK,2011-01-17,210.81,207.66,220.02,-1.5,5.95,4.36,UP
INDUSINDBK,2011-04-18,247.53,251.37,251.7,1.55,0.13,1.68,UP
INDUSINDBK,2011-07-08,250.86,265.16,256.17,5.7,-3.39,2.11,UP
INDUSINDBK,2011-10-18,232.28,246.58,252.2,6.15,2.28,8.58,UP
INDUSINDBK,2012-01-10,208.85,240.63,258.47,15.21,7.42,23.76,UP
INDUSINDBK,2012-04-19,305.14,318.47,308.92,4.37,-3.0,1.24,UP
INDUSINDBK,2012-07-10,312.2,318.93,312.85,2.16,-1.91,0.21,UP
INDUSINDBK,2012-10-10,336.94,332.02,335.68,-1.46,1.1,-0.37,DOWN
INDUSINDBK,2013-01-09,392.86,403.35,408.55,2.67,1.29,3.99,UP
INDUSINDBK,2013-04-23,371.79,428.04,443.4,15.13,3.59,19.26,UP
INDUSINDBK,2013-07-12,441.13,469.67,423.95,6.47,-9.73,-3.9,DOWN
INDUSINDBK,2013-10-15,370.99,380.56,397.42,2.58,4.43,7.12,UP
INDUSINDBK,2014-01-13,386.59,385.84,400.41,-0.19,3.78,3.58,UP
INDUSINDBK,2014-04-21,482.74,472.98,464.58,-2.02,-1.78,-3.76,DOWN
INDUSINDBK,2014-04-23,457.8,464.58,461.26,1.48,-0.71,0.75,UP
INDUSINDBK,2014-07-10,549.14,504.06,507.63,-8.21,0.71,-7.56,DOWN
INDUSINDBK,2014-10-20,585.94,627.31,655.09,7.06,4.43,11.8,UP
INDUSINDBK,2015-01-14,750.61,767.77,779.52,2.29,1.53,3.85,UP
INDUSINDBK,2015-07-14,845.47,868.74,879.83,2.75,1.28,4.06,UP
INDUSINDBK,2015-10-12,904.08,891.81,904.27,-1.36,1.4,0.02,UP
INDUSINDBK,2016-04-25,914.79,927.45,977.15,1.38,5.36,6.82,UP
INDUSINDBK,2016-07-12,1064.96,1066.71,1068.23,0.16,0.14,0.31,UP
INDUSINDBK,2016-10-21,1153.12,1160.66,1139.43,0.65,-1.83,-1.19,DOWN
INDUSINDBK,2017-01-11,1043.39,1169.67,1154.21,12.1,-1.32,10.62,UP
INDUSINDBK,2017-06-16,1444.88,1420.99,1416.67,-1.65,-0.3,-1.95,DOWN
INDUSINDBK,2017-06-19,1447.48,1432.79,1413.17,-1.02,-1.37,-2.37,DOWN
INDUSINDBK,2017-07-17,1446.96,1498.87,1484.55,3.59,-0.96,2.6,UP
INDUSINDBK,2017-10-13,1607.12,1665.69,1625.67,3.64,-2.4,1.15,UP
INDUSINDBK,2018-01-11,1551.4,1618.06,1584.09,4.3,-2.1,2.11,UP
INDUSINDBK,2018-05-18,1794.16,1836.65,1763.99,2.37,-3.96,-1.68,DOWN
INDUSINDBK,2018-08-10,1940.25,1898.48,1902.99,-2.15,0.24,-1.92,DOWN
INDUSINDBK,2018-10-17,1542.09,1538.26,1412.86,-0.25,-8.15,-8.38,DOWN
INDUSINDBK,2019-01-16,1513.18,1464.22,1445.9,-3.24,-1.25,-4.45,DOWN
INDUSINDBK,2019-05-23,1322.56,1533.32,1553.36,15.94,1.31,17.45,UP
INDUSINDBK,2019-09-09,1302.12,1287.13,1348.45,-1.15,4.76,3.56,UP
INDUSINDBK,2019-11-04,1226.44,1303.81,1332.35,6.31,2.19,8.64,UP
INDUSINDBK,2020-01-23,1350.28,1284.05,1209.76,-4.91,-5.79,-10.41,DOWN
INDUSINDBK,2020-04-30,400.99,451.36,410.24,12.56,-9.11,2.31,UP
INDUSINDBK,2020-09-29,540.5,517.02,579.98,-4.34,12.18,7.3,UP
INDUSINDBK,2020-11-05,571.59,688.78,805.25,20.5,16.91,40.88,UP
INDUSINDBK,2021-01-29,913.72,815.76,1010.95,-10.72,23.93,10.64,UP
INDUSINDBK,2021-05-03,819.52,880.84,891.78,7.48,1.24,8.82,UP
INDUSINDBK,2021-05-04,828.73,877.51,892.99,5.89,1.76,7.75,UP
INDUSINDBK,2021-07-27,1006.85,940.81,945.82,-6.56,0.53,-6.06,DOWN
INDUSINDBK,2021-10-28,1164.32,1139.42,1174.84,-2.14,3.11,0.9,UP
INDUSINDBK,2021-11-10,1190.87,1000.1,1009.11,-16.02,0.9,-15.26,DOWN
INDUSINDBK,2022-01-31,849.92,844.97,928.54,-0.58,9.89,9.25,UP
INDUSINDBK,2022-05-02,930.0,986.43,886.93,6.07,-10.09,-4.63,DOWN
INDUSINDBK,2022-07-22,795.37,913.14,949.32,14.81,3.96,19.36,UP
INDUSINDBK,2023-01-18,1198.96,1194.51,1176.64,-0.37,-1.5,-1.86,DOWN
INDUSINDBK,2023-04-24,1083.46,1076.33,1118.08,-0.66,3.88,3.2,UP
INDUSINDBK,2023-07-18,1349.8,1372.76,1389.65,1.7,1.23,2.95,UP
INDUSINDBK,2023-10-18,1402.68,1402.48,1416.95,-0.01,1.03,1.02,UP
INDUSINDBK,2024-01-18,1619.52,1592.61,1472.1,-1.66,-7.57,-9.1,DOWN
INDUSINDBK,2024-04-25,1472.19,1477.28,1496.63,0.35,1.31,1.66,UP
INDUSINDBK,2024-07-26,1454.54,1401.63,1425.49,-3.64,1.7,-2.0,DOWN
INDUSINDBK,2024-10-24,1344.12,1277.98,1036.47,-4.92,-18.9,-22.89,DOWN
INDUSINDBK,2025-01-31,969.38,989.6,1045.46,2.09,5.64,7.85,UP
INFY,2007-07-11,156.1,154.67,155.17,-0.91,0.32,-0.59,DOWN
INFY,2007-10-11,160.44,158.46,149.6,-1.23,-5.59,-6.75,DOWN
INFY,2008-01-11,137.43,127.19,120.24,-7.45,-5.47,-12.51,DOWN
INFY,2008-04-15,119.45,121.45,132.34,1.68,8.96,10.79,UP
INFY,2008-07-11,142.19,136.79,126.24,-3.8,-7.71,-11.21,DOWN
INFY,2008-10-10,114.04,99.94,108.93,-12.36,8.99,-4.48,DOWN
INFY,2009-01-13,93.05,100.94,104.17,8.48,3.2,11.95,UP
INFY,2009-04-15,112.91,112.65,114.53,-0.23,1.67,1.43,UP
INFY,2009-07-10,148.89,142.63,148.48,-4.2,4.1,-0.28,DOWN
INFY,2009-10-09,191.13,180.46,186.94,-5.58,3.59,-2.19,DOWN
INFY,2010-01-12,217.47,215.34,222.73,-0.98,3.43,2.42,UP
INFY,2010-04-13,222.91,231.57,229.07,3.88,-1.08,2.76,UP
INFY,2010-07-13,229.72,234.19,232.53,1.94,-0.71,1.22,UP
INFY,2010-10-15,255.68,257.6,252.76,0.75,-1.88,-1.14,DOWN
INFY,2011-01-13,293.58,271.99,281.99,-7.35,3.68,-3.95,DOWN
INFY,2011-04-15,278.62,253.69,246.71,-8.95,-2.75,-11.45,DOWN
INFY,2011-07-12,251.2,238.6,233.46,-5.02,-2.16,-7.06,DOWN
INFY,2011-10-12,211.62,229.01,234.76,8.22,2.51,10.93,UP
INFY,2012-01-12,245.32,222.45,228.79,-9.32,2.85,-6.74,DOWN
INFY,2012-04-13,245.67,206.49,203.8,-15.95,-1.3,-17.04,DOWN
INFY,2012-07-12,216.04,197.3,189.19,-8.67,-4.11,-12.43,DOWN
INFY,2012-10-12,224.42,208.71,206.52,-7.0,-1.05,-7.98,DOWN
INFY,2013-01-11,205.01,237.82,242.67,16.01,2.04,18.37,UP
INFY,2013-04-12,252.55,201.39,200.27,-20.26,-0.56,-20.7,DOWN
INFY,2013-07-12,218.93,248.75,244.02,13.62,-1.9,11.46,UP
INFY,2013-10-14,267.57,294.89,295.78,10.21,0.3,10.54,UP
INFY,2014-01-10,310.6,316.91,331.26,2.03,4.53,6.65,UP
INFY,2014-04-17,293.9,284.85,283.12,-3.08,-0.61,-3.67,DOWN
INFY,2014-07-11,290.45,300.94,292.16,3.61,-2.92,0.59,UP
INFY,2014-10-13,339.04,356.66,352.37,5.2,-1.2,3.93,UP
INFY,2015-01-19,378.22,383.34,400.47,1.35,4.47,5.88,UP
INFY,2015-04-28,388.74,357.52,363.39,-8.03,1.64,-6.52,DOWN
INFY,2015-07-21,351.72,411.88,402.61,17.1,-2.25,14.47,UP
INFY,2015-10-13,437.46,406.97,409.03,-6.97,0.51,-6.5,DOWN
INFY,2016-01-18,397.23,422.86,424.78,6.45,0.46,6.94,UP
INFY,2016-04-18,448.56,462.76,452.5,3.16,-2.22,0.88,UP
INFY,2016-10-04,391.5,396.53,382.67,1.28,-3.49,-2.25,DOWN
INFY,2016-12-22,381.89,376.14,381.58,-1.51,1.45,-0.08,DOWN
INFY,2017-01-17,370.66,364.95,362.39,-1.54,-0.7,-2.23,DOWN
INFY,2017-06-21,371.47,365.87,359.55,-1.51,-1.73,-3.21,DOWN
INFY,2017-07-17,362.79,381.65,375.99,5.2,-1.48,3.64,UP
INFY,2017-10-25,364.18,362.75,366.16,-0.39,0.94,0.54,UP
INFY,2018-01-12,399.31,424.11,453.07,6.21,6.83,13.46,UP
INFY,2018-06-08,484.41,495.52,501.32,2.29,1.17,3.49,UP
INFY,2018-08-03,553.27,549.59,549.04,-0.67,-0.1,-0.76,DOWN
INFY,2018-10-19,564.42,550.8,523.6,-2.41,-4.94,-7.23,DOWN
INFY,2019-01-21,556.75,606.85,599.54,9.0,-1.2,7.68,UP
INFY,2019-07-12,609.5,603.65,659.63,-0.96,9.27,8.22,UP
INFY,2019-09-04,666.61,682.18,688.66,2.34,0.95,3.31,UP
INFY,2019-10-11,659.13,676.78,640.78,2.68,-5.32,-2.78,DOWN
INFY,2019-10-18,650.41,637.79,534.37,-1.94,-16.21,-17.84,DOWN
INFY,2020-01-10,617.93,620.83,645.56,0.47,3.98,4.47,UP
INFY,2020-04-21,535.13,532.56,553.42,-0.48,3.92,3.42,UP
INFY,2020-05-08,569.02,567.05,583.83,-0.35,2.96,2.6,UP
INFY,2020-07-15,677.03,708.4,796.51,4.63,12.44,17.65,UP
INFY,2020-10-14,900.04,969.31,959.85,7.7,-0.98,6.64,UP
INFY,2021-01-15,1087.56,1158.91,1154.17,6.56,-0.41,6.12,UP
INFY,2021-04-15,1215.87,1172.52,1164.42,-3.56,-0.69,-4.23,DOWN
INFY,2021-07-14,1360.63,1373.44,1342.78,0.94,-2.23,-1.31,DOWN
INFY,2021-10-13,1474.38,1488.67,1587.04,0.97,6.61,7.64,UP
INFY,2022-01-12,1668.77,1649.7,1704.22,-1.14,3.31,2.12,UP
INFY,2022-04-13,1635.33,1536.44,1395.1,-6.05,-9.2,-14.69,DOWN
INFY,2022-07-25,1270.15,1335.19,1347.45,5.12,0.92,6.09,UP
INFY,2022-10-13,1269.3,1260.87,1335.28,-0.66,5.9,5.2,UP
INFY,2023-01-12,1341.88,1329.14,1382.01,-0.95,3.98,2.99,UP
INFY,2023-04-17,1277.92,1129.58,1098.25,-11.61,-2.77,-14.06,DOWN
INFY,2023-07-20,1212.99,1318.71,1214.18,8.72,-7.93,0.1,UP
INFY,2023-10-12,1314.02,1333.26,1312.29,1.46,-1.57,-0.13,DOWN
INFY,2024-01-11,1373.1,1376.97,1503.54,0.28,9.19,9.5,UP
INFY,2024-04-19,1377.57,1300.53,1318.5,-5.59,1.38,-4.29,DOWN
INFY,2024-07-18,1557.69,1652.53,1726.65,6.09,4.49,10.85,UP
INFY,2024-10-17,1835.55,1849.98,1740.47,0.79,-5.92,-5.18,DOWN
INFY,2025-01-16,1837.81,1833.35,1711.9,-0.24,-6.62,-6.85,DOWN
ITC,2007-07-27,28.16,31.53,30.56,11.98,-3.1,8.51,UP
ITC,2007-10-26,33.52,32.97,32.72,-1.64,-0.75,-2.37,DOWN
ITC,2008-01-18,40.2,38.9,35.64,-3.25,-8.37,-11.35,DOWN
ITC,2008-05-23,41.39,39.07,40.6,-5.61,3.91,-1.92,DOWN
ITC,2008-07-30,35.53,35.24,35.15,-0.82,-0.27,-1.08,DOWN
ITC,2008-10-24,30.26,29.74,29.04,-1.73,-2.36,-4.05,DOWN
ITC,2009-01-19,31.75,31.94,31.93,0.59,-0.03,0.56,UP
ITC,2009-05-22,34.96,34.36,34.45,-1.71,0.27,-1.45,DOWN
ITC,2009-07-23,41.41,43.8,45.94,5.75,4.9,10.93,UP
ITC,2009-10-23,49.32,49.6,49.39,0.58,-0.42,0.15,UP
ITC,2010-01-22,47.31,47.49,48.47,0.38,2.07,2.46,UP
ITC,2010-05-21,50.8,51.72,51.3,1.8,-0.81,0.98,UP
ITC,2010-07-22,59.02,58.86,60.16,-0.27,2.2,1.93,UP
ITC,2010-10-29,68.94,67.7,69.42,-1.81,2.54,0.69,UP
ITC,2011-01-21,68.47,66.79,66.35,-2.45,-0.65,-3.09,DOWN
ITC,2011-05-20,72.68,73.77,74.78,1.5,1.37,2.88,UP
ITC,2011-07-28,83.34,83.54,82.93,0.24,-0.73,-0.49,DOWN
ITC,2011-10-24,83.11,83.82,86.33,0.85,3.0,3.87,UP
ITC,2012-01-20,83.01,81.53,83.46,-1.78,2.36,0.54,UP
ITC,2012-05-28,97.03,95.2,92.9,-1.88,-2.43,-4.26,DOWN
ITC,2012-07-26,105.32,103.05,106.64,-2.16,3.49,1.26,UP
ITC,2012-10-19,117.12,122.9,120.65,4.94,-1.83,3.02,UP
ITC,2013-01-18,116.08,118.75,120.94,2.3,1.84,4.18,UP
ITC,2013-05-21,138.72,136.74,136.28,-1.43,-0.33,-1.76,DOWN
ITC,2013-07-25,154.55,150.58,147.1,-2.57,-2.31,-4.82,DOWN
ITC,2013-11-06,137.6,133.72,132.86,-2.82,-0.64,-3.45,DOWN
ITC,2014-01-17,132.41,136.3,137.34,2.93,0.77,3.72,UP
ITC,2014-05-23,154.46,143.95,143.85,-6.8,-0.07,-6.87,DOWN
ITC,2014-07-31,150.86,152.2,152.18,0.89,-0.01,0.88,UP
ITC,2014-11-07,149.68,152.03,157.95,1.57,3.89,5.53,UP
ITC,2015-01-22,148.68,149.89,154.87,0.82,3.32,4.17,UP
ITC,2015-05-22,138.8,140.7,135.81,1.37,-3.48,-2.16,DOWN
ITC,2015-05-25,139.53,135.42,137.41,-2.94,1.47,-1.52,DOWN
ITC,2015-07-30,137.24,137.87,143.96,0.46,4.42,4.9,UP
ITC,2015-11-03,155.56,146.12,147.36,-6.07,0.85,-5.27,DOWN
ITC,2016-01-25,136.98,135.01,139.72,-1.43,3.49,2.01,UP
ITC,2016-05-23,139.35,151.35,158.16,8.61,4.5,13.5,UP
ITC,2016-10-04,166.45,161.85,160.34,-2.76,-0.93,-3.67,DOWN
ITC,2016-10-26,165.04,160.21,161.01,-2.93,0.5,-2.44,DOWN
ITC,2017-02-06,172.72,185.74,186.31,7.54,0.31,7.87,UP
ITC,2017-02-17,186.31,179.94,176.78,-3.42,-1.75,-5.11,DOWN
ITC,2017-06-09,210.84,208.56,204.37,-1.08,-2.01,-3.07,DOWN
ITC,2017-06-19,208.56,211.9,212.17,1.6,0.13,1.73,UP
ITC,2017-08-01,199.87,196.19,191.35,-1.84,-2.47,-4.26,DOWN
ITC,2017-10-31,182.01,181.09,180.89,-0.51,-0.11,-0.62,DOWN
ITC,2018-01-23,182.39,188.52,187.87,3.36,-0.34,3.01,UP
ITC,2018-04-02,176.56,176.01,176.97,-0.31,0.54,0.23,UP
ITC,2018-06-08,188.82,186.22,186.18,-1.38,-0.02,-1.4,DOWN
ITC,2018-08-03,199.63,211.27,209.19,5.83,-0.99,4.79,UP
ITC,2018-10-29,201.19,197.06,192.82,-2.06,-2.15,-4.16,DOWN
ITC,2019-01-24,204.39,193.86,193.55,-5.15,-0.16,-5.31,DOWN
ITC,2019-05-13,211.48,201.09,204.88,-4.91,1.88,-3.12,DOWN
ITC,2019-06-25,194.96,197.44,194.14,1.27,-1.67,-0.42,DOWN
ITC,2019-08-02,189.89,187.51,179.82,-1.25,-4.1,-5.3,DOWN
ITC,2019-10-25,172.73,175.6,183.9,1.66,4.72,6.46,UP
ITC,2020-01-31,168.65,166.71,153.45,-1.16,-7.95,-9.02,DOWN
ITC,2020-06-26,132.29,138.38,143.84,4.61,3.94,8.74,UP
ITC,2020-07-24,144.78,149.07,146.91,2.97,-1.45,1.47,UP
ITC,2020-11-06,122.37,129.92,138.39,6.16,6.52,13.09,UP
ITC,2021-02-11,161.88,169.13,163.0,4.48,-3.62,0.69,UP
ITC,2021-06-01,161.85,164.72,159.75,1.77,-3.02,-1.3,DOWN
ITC,2021-07-26,162.4,166.26,162.24,2.38,-2.42,-0.1,DOWN
ITC,2021-10-27,193.66,187.75,178.62,-3.05,-4.86,-7.77,DOWN
ITC,2022-02-03,168.74,184.6,182.08,9.4,-1.36,7.91,UP
ITC,2022-05-18,209.44,215.12,221.33,2.71,2.89,5.68,UP
ITC,2022-08-01,248.24,253.98,255.64,2.31,0.65,2.98,UP
ITC,2022-10-20,272.65,288.84,286.03,5.94,-0.97,4.91,UP
ITC,2023-02-03,280.21,314.4,310.19,12.2,-1.34,10.7,UP
ITC,2023-05-18,357.08,352.34,360.27,-1.33,2.25,0.89,UP
ITC,2023-08-14,390.51,385.57,379.09,-1.26,-1.68,-2.92,DOWN
ITC,2023-10-19,384.76,386.6,371.41,0.48,-3.93,-3.47,DOWN
ITC,2024-01-29,400.51,386.09,380.16,-3.6,-1.53,-5.08,DOWN
ITC,2024-05-23,374.46,384.62,373.85,2.71,-2.8,-0.16,DOWN
ITC,2024-08-01,438.48,438.17,431.6,-0.07,-1.5,-1.57,DOWN
ITC,2024-10-24,437.72,418.64,433.06,-4.36,3.44,-1.06,DOWN
ITC,2025-02-06,402.04,406.56,385.55,1.12,-5.17,-4.1,DOWN
JIOFIN,2023-10-17,219.31,220.61,213.87,0.59,-3.05,-2.48,DOWN
JIOFIN,2024-01-15,243.27,254.65,242.87,4.68,-4.63,-0.16,DOWN
JIOFIN,2024-04-19,367.13,369.52,381.26,0.65,3.17,3.85,UP
JIOFIN,2024-07-15,352.2,354.85,338.22,0.75,-4.68,-3.97,DOWN
JIOFIN,2024-10-18,343.26,329.84,314.21,-3.91,-4.74,-8.46,DOWN
JIOFIN,2025-01-17,288.8,278.57,262.39,-3.54,-5.81,-9.14,DOWN
JSWSTEEL,2007-07-24,59.28,60.26,59.16,1.65,-1.82,-0.19,DOWN
JSWSTEEL,2007-10-25,74.87,80.4,77.87,7.39,-3.15,4.01,UP
JSWSTEEL,2008-01-28,90.03,77.53,79.45,-13.88,2.48,-11.75,DOWN
JSWSTEEL,2008-05-05,73.02,73.67,72.45,0.9,-1.66,-0.77,DOWN
JSWSTEEL,2008-07-31,64.12,61.11,69.32,-4.69,13.43,8.11,UP
JSWSTEEL,2008-10-24,21.59,16.98,25.47,-21.38,50.01,17.94,UP
JSWSTEEL,2009-01-28,17.43,16.98,16.32,-2.62,-3.86,-6.38,DOWN
JSWSTEEL,2009-05-07,26.18,35.62,34.65,36.08,-2.72,32.37,UP
JSWSTEEL,2009-07-20,42.91,50.18,51.52,16.92,2.68,20.06,UP
JSWSTEEL,2009-10-23,75.83,70.82,61.86,-6.61,-12.65,-18.43,DOWN
JSWSTEEL,2010-01-20,93.73,95.86,87.65,2.27,-8.56,-6.48,DOWN
JSWSTEEL,2010-05-03,99.57,101.53,95.96,1.97,-5.48,-3.62,DOWN
JSWSTEEL,2010-07-27,92.45,97.48,93.7,5.44,-3.88,1.35,UP
JSWSTEEL,2010-10-26,110.59,102.79,112.54,-7.06,9.48,1.76,UP
JSWSTEEL,2011-01-27,85.16,80.76,75.42,-5.16,-6.61,-11.43,DOWN
JSWSTEEL,2011-05-16,74.77,77.36,77.57,3.47,0.28,3.75,UP
JSWSTEEL,2011-07-26,75.16,74.01,65.73,-1.53,-11.19,-12.55,DOWN
JSWSTEEL,2011-10-21,51.94,49.36,56.62,-4.96,14.7,9.01,UP
JSWSTEEL,2011-11-14,54.31,55.83,55.23,2.79,-1.07,1.69,UP
JSWSTEEL,2012-01-20,53.71,55.03,56.63,2.45,2.91,5.44,UP
JSWSTEEL,2012-02-13,60.29,69.24,73.27,14.85,5.83,21.54,UP
JSWSTEEL,2012-05-23,55.53,49.11,51.72,-11.56,5.31,-6.87,DOWN
JSWSTEEL,2012-06-04,51.65,51.79,55.15,0.27,6.49,6.78,UP
JSWSTEEL,2012-07-26,57.85,55.33,57.42,-4.37,3.78,-0.75,DOWN
JSWSTEEL,2012-10-29,62.43,63.39,65.72,1.54,3.67,5.27,UP
JSWSTEEL,2013-01-29,74.35,74.61,75.52,0.35,1.22,1.57,UP
JSWSTEEL,2013-02-13,72.04,69.34,69.04,-3.75,-0.43,-4.16,DOWN
JSWSTEEL,2013-05-28,60.18,61.8,58.78,2.69,-4.87,-2.31,DOWN
JSWSTEEL,2013-08-06,48.18,44.55,45.22,-7.53,1.5,-6.14,DOWN
JSWSTEEL,2013-08-12,48.32,45.22,42.59,-6.43,-5.81,-11.86,DOWN
JSWSTEEL,2013-11-08,74.19,75.72,72.8,2.06,-3.85,-1.87,DOWN
JSWSTEEL,2014-01-31,86.89,80.17,74.01,-7.73,-7.69,-14.83,DOWN
JSWSTEEL,2014-05-30,106.09,105.87,111.3,-0.21,5.13,4.91,UP
JSWSTEEL,2014-08-08,104.06,101.8,103.72,-2.16,1.88,-0.33,DOWN
JSWSTEEL,2014-10-28,96.38,106.67,111.32,10.68,4.36,15.5,UP
JSWSTEEL,2015-02-02,87.56,87.89,86.09,0.38,-2.06,-1.69,DOWN
JSWSTEEL,2015-05-21,78.19,81.44,80.86,4.15,-0.71,3.42,UP
JSWSTEEL,2015-08-03,75.49,74.47,80.56,-1.35,8.18,6.72,UP
JSWSTEEL,2015-11-02,81.75,80.0,77.84,-2.14,-2.7,-4.78,DOWN
JSWSTEEL,2016-02-01,91.55,93.8,90.24,2.46,-3.79,-1.43,DOWN
JSWSTEEL,2016-05-23,113.28,117.73,117.77,3.93,0.03,3.96,UP
JSWSTEEL,2016-09-22,157.09,158.2,157.99,0.71,-0.13,0.57,UP
JSWSTEEL,2016-11-10,146.65,157.63,152.42,7.49,-3.31,3.94,UP
JSWSTEEL,2017-02-01,174.24,177.07,172.63,1.62,-2.51,-0.93,DOWN
JSWSTEEL,2017-06-12,174.78,180.43,178.66,3.23,-0.98,2.22,UP
JSWSTEEL,2017-08-18,209.15,215.14,217.59,2.86,1.14,4.04,UP
JSWSTEEL,2017-11-01,235.47,240.28,243.23,2.04,1.23,3.3,UP
JSWSTEEL,2018-02-28,277.36,283.35,266.38,2.16,-5.99,-3.96,DOWN
JSWSTEEL,2018-04-02,261.75,269.14,279.9,2.83,4.0,6.93,UP
JSWSTEEL,2018-06-08,301.23,311.53,311.3,3.42,-0.07,3.34,UP
JSWSTEEL,2018-08-03,286.39,309.32,314.31,8.01,1.62,9.75,UP
JSWSTEEL,2018-10-29,333.34,311.79,314.31,-6.46,0.81,-5.71,DOWN
JSWSTEEL,2019-02-19,241.04,244.71,262.13,1.52,7.12,8.75,UP
JSWSTEEL,2019-05-24,253.06,264.11,257.27,4.37,-2.59,1.67,UP
JSWSTEEL,2019-06-24,248.75,236.41,254.34,-4.96,7.58,2.25,UP
JSWSTEEL,2019-07-26,247.83,232.56,221.15,-6.16,-4.91,-10.77,DOWN
JSWSTEEL,2019-10-24,204.57,207.55,218.17,1.46,5.12,6.65,UP
JSWSTEEL,2020-01-24,258.4,253.24,243.32,-2.0,-3.92,-5.84,DOWN
JSWSTEEL,2020-05-26,162.34,164.15,171.56,1.12,4.51,5.68,UP
JSWSTEEL,2020-05-26,162.34,164.15,171.56,1.12,4.51,5.68,UP
JSWSTEEL,2020-07-24,189.33,192.95,204.76,1.91,6.12,8.15,UP
JSWSTEEL,2020-10-30,306.37,290.84,299.16,-5.07,2.86,-2.35,DOWN
JSWSTEEL,2021-01-22,373.1,353.33,354.18,-5.3,0.24,-5.07,DOWN
JSWSTEEL,2021-05-24,665.53,641.39,641.77,-3.63,0.06,-3.57,DOWN
JSWSTEEL,2021-07-23,665.67,681.97,685.92,2.45,0.58,3.04,UP
JSWSTEEL,2021-10-22,647.66,634.69,650.94,-2.0,2.56,0.51,UP
JSWSTEEL,2022-01-21,653.74,633.22,595.06,-3.14,-6.03,-8.98,DOWN
JSWSTEEL,2022-05-27,570.44,521.21,541.26,-8.63,3.85,-5.11,DOWN
JSWSTEEL,2022-07-22,572.19,570.68,590.52,-0.27,3.48,3.2,UP
JSWSTEEL,2022-10-21,635.24,609.47,665.86,-4.06,9.25,4.82,UP
JSWSTEEL,2023-01-20,748.02,726.46,710.0,-2.88,-2.27,-5.08,DOWN
JSWSTEEL,2023-05-19,696.23,679.82,681.93,-2.36,0.31,-2.05,DOWN
JSWSTEEL,2023-07-21,789.24,773.8,792.49,-1.96,2.42,0.41,UP
JSWSTEEL,2023-10-20,770.85,757.02,716.98,-1.79,-5.29,-6.99,DOWN
JSWSTEEL,2024-01-25,818.91,802.58,805.48,-1.99,0.36,-1.64,DOWN
JSWSTEEL,2024-05-17,821.12,892.85,902.25,8.74,1.05,9.88,UP
JSWSTEEL,2024-07-19,917.64,882.0,873.96,-3.88,-0.91,-4.76,DOWN
JSWSTEEL,2024-10-25,971.29,935.94,949.28,-3.64,1.43,-2.27,DOWN
JSWSTEEL,2025-01-24,899.2,924.63,929.74,2.83,0.55,3.4,UP
KOTAKBANK,2007-07-24,34.1,36.38,35.19,6.68,-3.27,3.19,UP
KOTAKBANK,2007-10-26,44.78,50.58,49.29,12.97,-2.55,10.09,UP
KOTAKBANK,2008-01-21,60.76,47.46,51.86,-21.88,9.26,-14.65,DOWN
KOTAKBANK,2008-05-09,38.99,36.37,35.69,-6.71,-1.87,-8.45,DOWN
KOTAKBANK,2008-07-28,23.2,28.47,26.17,22.72,-8.07,12.81,UP
KOTAKBANK,2008-10-31,20.87,16.63,21.12,-20.32,26.99,1.18,UP
KOTAKBANK,2009-01-22,16.65,13.66,13.58,-17.96,-0.6,-18.44,DOWN
KOTAKBANK,2009-05-12,20.9,23.9,24.96,14.39,4.42,19.44,UP
KOTAKBANK,2009-07-28,33.26,32.72,32.35,-1.63,-1.12,-2.74,DOWN
KOTAKBANK,2009-10-27,40.84,37.61,35.22,-7.91,-6.36,-13.76,DOWN
KOTAKBANK,2010-01-21,40.15,41.7,37.79,3.86,-9.39,-5.9,DOWN
KOTAKBANK,2010-05-11,36.48,36.86,37.44,1.06,1.57,2.65,UP
KOTAKBANK,2010-07-21,37.64,38.81,37.76,3.11,-2.71,0.32,UP
KOTAKBANK,2010-10-20,49.74,49.61,49.65,-0.28,0.09,-0.19,DOWN
KOTAKBANK,2011-01-20,41.91,41.43,40.06,-1.14,-3.29,-4.4,DOWN
KOTAKBANK,2011-05-05,45.29,41.73,41.75,-7.86,0.04,-7.83,DOWN
KOTAKBANK,2011-07-21,48.54,47.12,46.14,-2.93,-2.07,-4.94,DOWN
KOTAKBANK,2011-10-25,46.73,49.07,49.96,5.01,1.81,6.91,UP
KOTAKBANK,2012-01-23,46.78,47.25,48.8,1.01,3.28,4.32,UP
KOTAKBANK,2012-05-08,57.73,54.99,53.67,-4.74,-2.4,-7.03,DOWN
KOTAKBANK,2012-07-19,60.17,57.48,53.93,-4.47,-6.16,-10.36,DOWN
KOTAKBANK,2012-10-25,62.32,62.0,59.83,-0.51,-3.51,-4.0,DOWN
KOTAKBANK,2013-01-22,62.29,63.5,65.92,1.94,3.82,5.83,UP
KOTAKBANK,2013-05-09,70.07,71.68,72.33,2.3,0.91,3.22,UP
KOTAKBANK,2013-07-22,75.2,69.5,67.96,-7.58,-2.21,-9.62,DOWN
KOTAKBANK,2013-10-25,67.14,69.92,73.22,4.14,4.71,9.05,UP
KOTAKBANK,2014-01-21,71.11,70.06,67.92,-1.48,-3.05,-4.48,DOWN
KOTAKBANK,2014-05-07,81.73,80.36,84.39,-1.68,5.01,3.25,UP
KOTAKBANK,2014-07-16,86.6,87.87,93.45,1.47,6.34,7.9,UP
KOTAKBANK,2014-09-11,104.93,105.72,102.01,0.75,-3.51,-2.79,DOWN
KOTAKBANK,2014-10-28,98.45,107.5,111.02,9.2,3.27,12.77,UP
KOTAKBANK,2015-01-22,138.12,137.77,134.15,-0.26,-2.63,-2.88,DOWN
KOTAKBANK,2015-05-07,133.24,129.88,130.94,-2.52,0.81,-1.73,DOWN
KOTAKBANK,2015-08-03,144.0,137.15,140.45,-4.76,2.41,-2.47,DOWN
KOTAKBANK,2015-11-03,131.52,135.74,130.45,3.2,-3.89,-0.82,DOWN
KOTAKBANK,2016-01-18,138.12,132.62,131.32,-3.99,-0.98,-4.93,DOWN
KOTAKBANK,2016-05-20,144.41,139.52,141.63,-3.38,1.51,-1.93,DOWN
KOTAKBANK,2016-08-26,155.97,155.25,160.44,-0.46,3.34,2.87,UP
KOTAKBANK,2016-10-25,152.95,156.39,162.92,2.25,4.17,6.51,UP
KOTAKBANK,2016-11-15,159.0,156.99,154.94,-1.26,-1.3,-2.55,DOWN
KOTAKBANK,2017-01-25,144.35,158.11,153.93,9.53,-2.65,6.63,UP
KOTAKBANK,2017-05-17,180.31,189.13,187.15,4.89,-1.05,3.79,UP
KOTAKBANK,2017-07-26,194.4,196.28,203.27,0.97,3.56,4.56,UP
KOTAKBANK,2017-10-31,211.2,203.94,202.04,-3.44,-0.93,-4.34,DOWN
KOTAKBANK,2018-01-23,206.59,213.97,221.86,3.57,3.69,7.39,UP
KOTAKBANK,2018-08-03,261.02,260.67,256.45,-0.13,-1.62,-1.75,DOWN
KOTAKBANK,2018-08-10,254.84,255.89,247.91,0.41,-3.12,-2.72,DOWN
KOTAKBANK,2018-10-25,234.05,236.05,223.7,0.85,-5.23,-4.42,DOWN
KOTAKBANK,2019-01-21,243.49,252.33,252.36,3.63,0.01,3.64,UP
KOTAKBANK,2019-05-07,270.8,280.31,278.32,3.51,-0.71,2.77,UP
KOTAKBANK,2019-09-09,288.96,293.04,295.61,1.41,0.88,2.3,UP
KOTAKBANK,2019-11-04,316.4,312.9,315.48,-1.1,0.82,-0.29,DOWN
KOTAKBANK,2020-02-20,341.55,335.79,331.91,-1.69,-1.15,-2.82,DOWN
KOTAKBANK,2020-03-04,333.77,320.25,314.32,-4.05,-1.85,-5.83,DOWN
KOTAKBANK,2020-06-09,248.64,259.74,254.9,4.47,-1.87,2.52,UP
KOTAKBANK,2020-10-01,254.02,259.92,263.84,2.32,1.51,3.87,UP
KOTAKBANK,2020-11-09,308.19,344.19,349.49,11.68,1.54,13.4,UP
KOTAKBANK,2021-01-25,371.23,357.39,341.16,-3.73,-4.54,-8.1,DOWN
KOTAKBANK,2021-05-03,345.4,343.65,356.16,-0.5,3.64,3.12,UP
KOTAKBANK,2021-07-26,348.55,346.67,326.96,-0.54,-5.68,-6.19,DOWN
KOTAKBANK,2021-10-26,400.85,440.57,404.74,9.91,-8.13,0.97,UP
KOTAKBANK,2022-01-28,379.73,378.27,387.1,-0.39,2.33,1.94,UP
KOTAKBANK,2022-05-04,344.5,353.82,352.2,2.7,-0.46,2.24,UP
KOTAKBANK,2022-07-25,356.23,357.79,364.36,0.44,1.84,2.28,UP
KOTAKBANK,2022-10-24,365.68,378.0,375.69,3.37,-0.61,2.74,UP
KOTAKBANK,2023-01-23,354.97,355.66,341.57,0.19,-3.96,-3.77,DOWN
KOTAKBANK,2023-05-02,377.57,383.05,384.56,1.45,0.39,1.85,UP
KOTAKBANK,2023-07-24,372.65,378.29,373.6,1.51,-1.24,0.25,UP
KOTAKBANK,2023-10-23,351.61,347.37,339.78,-1.21,-2.19,-3.37,DOWN
KOTAKBANK,2024-01-23,365.83,356.1,363.76,-2.66,2.15,-0.56,DOWN
KOTAKBANK,2024-05-06,327.75,324.13,327.88,-1.11,1.16,0.04,UP
KOTAKBANK,2024-07-22,368.07,351.11,354.62,-4.61,1.0,-3.65,DOWN
KOTAKBANK,2024-10-21,376.05,357.43,352.03,-4.95,-1.51,-6.39,DOWN
KOTAKBANK,2025-01-20,350.84,383.66,378.53,9.36,-1.34,7.89,UP
KOTAKBANK,2025-01-29,378.22,383.63,380.18,1.43,-0.9,0.52,UP
LT,2007-07-19,414.45,414.82,465.49,0.09,12.22,12.32,UP
LT,2007-10-26,554.52,675.68,740.31,21.85,9.57,33.5,UP
LT,2008-01-28,687.26,670.38,636.26,-2.46,-5.09,-7.42,DOWN
LT,2008-05-29,522.13,502.86,496.73,-3.69,-1.22,-4.87,DOWN
LT,2008-07-28,444.47,474.58,454.59,6.78,-4.21,2.28,UP
LT,2008-10-15,380.36,314.27,284.83,-17.38,-9.37,-25.12,DOWN
LT,2009-01-30,240.42,242.21,229.95,0.74,-5.06,-4.36,DOWN
LT,2009-05-28,477.69,472.21,495.92,-1.15,5.02,3.82,UP
LT,2009-07-16,496.32,483.93,516.72,-2.5,6.78,4.11,UP
LT,2009-10-22,585.8,569.12,550.47,-2.85,-3.28,-6.03,DOWN
LT,2010-01-21,591.53,538.82,515.47,-8.91,-4.33,-12.86,DOWN
LT,2010-05-17,536.43,568.09,580.53,5.9,2.19,8.22,UP
LT,2010-07-27,669.7,658.86,634.34,-1.62,-3.72,-5.28,DOWN
LT,2010-10-18,727.47,717.52,727.42,-1.37,1.38,-0.01,DOWN
LT,2011-01-17,657.3,598.0,589.62,-9.02,-1.4,-10.3,DOWN
LT,2011-05-19,542.09,567.8,584.76,4.74,2.99,7.87,UP
LT,2011-08-08,614.33,580.75,584.01,-5.46,0.56,-4.93,DOWN
LT,2011-10-21,509.77,479.67,509.02,-5.91,6.12,-0.15,DOWN
LT,2012-01-23,421.19,458.84,496.27,8.94,8.16,17.83,UP
LT,2012-05-14,412.08,416.48,417.97,1.07,0.36,1.43,UP
LT,2012-07-23,504.62,495.05,473.51,-1.9,-4.35,-6.16,DOWN
LT,2012-10-22,599.59,607.22,613.27,1.27,1.0,2.28,UP
LT,2013-01-24,561.14,575.97,579.46,2.64,0.61,3.26,UP
LT,2013-06-14,520.21,523.55,522.48,0.64,-0.2,0.44,UP
LT,2013-07-25,527.75,465.69,463.26,-11.76,-0.52,-12.22,DOWN
LT,2013-10-21,468.21,512.42,534.62,9.44,4.33,14.18,UP
LT,2014-01-23,553.14,571.88,544.5,3.39,-4.79,-1.56,DOWN
LT,2014-06-05,873.14,931.13,962.75,6.64,3.4,10.26,UP
LT,2014-06-17,970.05,932.63,912.37,-3.86,-2.17,-5.95,DOWN
LT,2014-07-31,916.24,832.06,824.95,-9.19,-0.86,-9.96,DOWN
LT,2014-08-01,915.47,813.13,821.21,-11.18,0.99,-10.3,DOWN
LT,2014-11-12,925.37,901.92,903.24,-2.53,0.15,-2.39,DOWN
LT,2015-02-19,878.56,949.47,962.07,8.07,1.33,9.51,UP
LT,2015-06-03,904.66,924.37,938.4,2.18,1.52,3.73,UP
LT,2015-06-04,914.17,929.29,931.77,1.65,0.27,1.93,UP
LT,2015-08-04,974.51,992.06,1024.87,1.8,3.31,5.17,UP
LT,2015-11-05,842.97,773.06,761.46,-8.29,-1.5,-9.67,DOWN
LT,2016-02-01,622.71,633.63,641.34,1.75,1.22,2.99,UP
LT,2016-05-30,708.77,839.78,834.22,18.48,-0.66,17.7,UP
LT,2016-10-03,855.77,840.73,831.47,-1.76,-1.1,-2.84,DOWN
LT,2016-11-24,786.34,771.53,773.13,-1.88,0.21,-1.68,DOWN
LT,2017-02-03,828.76,846.45,861.4,2.13,1.77,3.94,UP
LT,2017-06-19,1016.52,1003.71,992.62,-1.26,-1.1,-2.35,DOWN
LT,2017-06-20,992.73,1000.68,984.79,0.8,-1.59,-0.8,DOWN
LT,2017-08-09,1032.91,1001.54,1007.65,-3.04,0.61,-2.45,DOWN
LT,2017-11-22,1063.26,1074.24,1076.05,1.03,0.17,1.2,UP
LT,2018-02-28,1133.9,1158.11,1127.57,2.13,-2.64,-0.56,DOWN
LT,2018-06-22,1179.94,1142.03,1083.07,-3.21,-5.16,-8.21,DOWN
LT,2018-08-10,1126.7,1111.1,1095.93,-1.38,-1.37,-2.73,DOWN
LT,2018-11-20,1216.54,1257.38,1265.3,3.36,0.63,4.01,UP
LT,2019-01-28,1172.67,1157.14,1169.47,-1.32,1.07,-0.27,DOWN
LT,2019-05-13,1213.33,1172.45,1189.8,-3.37,1.48,-1.94,DOWN
LT,2019-06-26,1339.42,1380.26,1385.11,3.05,0.35,3.41,UP
LT,2019-07-24,1300.18,1250.44,1236.15,-3.83,-1.14,-4.92,DOWN
LT,2019-10-24,1290.91,1290.91,1316.91,0.0,2.01,2.01,UP
LT,2020-01-23,1192.98,1200.82,1213.75,0.66,1.08,1.74,UP
LT,2020-06-08,852.02,878.61,850.37,3.12,-3.21,-0.19,DOWN
LT,2020-07-23,833.69,837.67,834.88,0.48,-0.33,0.14,UP
LT,2020-11-03,877.43,873.74,902.88,-0.42,3.33,2.9,UP
LT,2021-01-27,1255.57,1277.94,1361.58,1.78,6.54,8.44,UP
LT,2021-05-17,1259.19,1303.22,1324.83,3.5,1.66,5.21,UP
LT,2021-07-27,1521.24,1511.37,1522.02,-0.65,0.7,0.05,UP
LT,2021-10-28,1717.09,1724.26,1725.59,0.42,0.08,0.5,UP
LT,2022-01-31,1904.13,1814.5,1837.74,-4.71,1.28,-3.49,DOWN
LT,2022-05-13,1556.42,1458.39,1494.5,-6.3,2.48,-3.98,DOWN
LT,2022-07-28,1653.65,1733.83,1725.94,4.85,-0.46,4.37,UP
LT,2022-11-01,1806.51,1948.68,1939.68,7.87,-0.46,7.37,UP
LT,2023-01-31,2165.74,2044.89,2085.46,-5.58,1.98,-3.71,DOWN
LT,2023-05-11,2268.11,2158.23,2143.84,-4.84,-0.67,-5.48,DOWN
LT,2023-07-26,2382.08,2547.2,2580.99,6.93,1.33,8.35,UP
LT,2023-11-01,2879.97,2818.64,2896.67,-2.13,2.77,0.58,UP
LT,2024-01-31,3549.47,3387.62,3253.27,-4.56,-3.97,-8.34,DOWN
LT,2024-05-09,3499.14,3188.73,3289.97,-8.87,3.18,-5.98,DOWN
LT,2024-07-25,3568.1,3551.02,3713.41,-0.48,4.57,4.07,UP
LT,2024-10-31,3390.36,3554.12,3507.51,4.83,-1.31,3.46,UP
LT,2025-01-31,3437.31,3500.25,3374.41,1.83,-3.6,-1.83,DOWN
MARUTI,2007-07-26,712.79,729.07,733.55,2.28,0.61,2.91,UP
MARUTI,2007-10-29,940.61,1039.56,879.41,10.52,-15.41,-6.51,DOWN
MARUTI,2008-01-29,701.75,753.99,791.34,7.45,4.95,12.77,UP
MARUTI,2008-04-24,660.77,652.69,638.8,-1.22,-2.13,-3.33,DOWN
MARUTI,2008-07-21,493.41,565.41,540.94,14.59,-4.33,9.63,UP
MARUTI,2008-10-24,597.52,473.8,495.76,-20.71,4.64,-17.03,DOWN
MARUTI,2009-01-29,492.59,479.26,513.85,-2.71,7.22,4.32,UP
MARUTI,2009-04-24,752.76,706.85,716.53,-6.1,1.37,-4.81,DOWN
MARUTI,2009-07-23,976.61,1140.64,1222.73,16.8,7.2,25.2,UP
MARUTI,2009-10-26,1347.02,1339.52,1217.35,-0.56,-9.12,-9.63,DOWN
MARUTI,2010-01-25,1247.63,1276.54,1226.44,2.32,-3.92,-1.7,DOWN
MARUTI,2010-04-26,1192.64,1177.23,1138.13,-1.29,-3.32,-4.57,DOWN
MARUTI,2010-07-26,1212.89,1051.67,1057.23,-13.29,0.53,-12.83,DOWN
MARUTI,2010-11-01,1333.36,1337.8,1337.18,0.33,-0.05,0.29,UP
MARUTI,2011-01-31,1116.9,1111.22,1080.49,-0.51,-2.77,-3.26,DOWN
MARUTI,2011-04-25,1133.66,1176.5,1154.15,3.78,-1.9,1.81,UP
MARUTI,2011-07-26,1041.95,1043.9,1070.25,0.19,2.52,2.72,UP
MARUTI,2011-10-31,951.48,1004.6,1008.35,5.58,0.37,5.98,UP
MARUTI,2012-01-23,872.25,1036.16,1080.79,18.79,4.31,23.91,UP
MARUTI,2012-05-03,1217.47,1151.63,1165.92,-5.41,1.24,-4.23,DOWN
MARUTI,2012-07-30,1024.42,999.78,1004.64,-2.41,0.49,-1.93,DOWN
MARUTI,2012-10-30,1238.7,1249.53,1317.0,0.87,5.4,6.32,UP
MARUTI,2013-01-28,1390.27,1444.8,1420.95,3.92,-1.65,2.21,UP
MARUTI,2013-05-07,1503.2,1520.85,1552.43,1.17,2.08,3.28,UP
MARUTI,2013-07-25,1276.8,1270.37,1206.05,-0.5,-5.06,-5.54,DOWN
MARUTI,2013-11-05,1363.36,1466.87,1428.28,7.59,-2.63,4.76,UP
MARUTI,2014-02-03,1603.32,1462.58,1481.74,-8.78,1.31,-7.58,DOWN
MARUTI,2014-04-25,1748.81,1767.74,1737.74,1.08,-1.7,-0.63,DOWN
MARUTI,2014-08-01,2250.17,2336.87,2382.96,3.85,1.97,5.9,UP
MARUTI,2014-11-05,2876.79,2985.02,3021.37,3.76,1.22,5.03,UP
MARUTI,2015-01-27,3282.39,3347.11,3310.3,1.97,-1.1,0.85,UP
MARUTI,2015-04-30,3142.94,3381.55,3298.69,7.59,-2.45,4.96,UP
MARUTI,2015-07-28,3790.15,3809.11,3931.19,0.5,3.2,3.72,UP
MARUTI,2015-10-27,4060.23,4105.88,4062.06,1.12,-1.07,0.04,UP
MARUTI,2016-02-15,3399.56,3388.47,3335.52,-0.33,-1.56,-1.88,DOWN
MARUTI,2016-04-27,3395.5,3523.74,3497.67,3.78,-0.74,3.01,UP
MARUTI,2016-10-04,5119.92,5222.06,5225.55,2.0,0.07,2.06,UP
MARUTI,2016-11-04,5395.91,5244.91,4958.15,-2.8,-5.47,-8.11,DOWN
MARUTI,2017-01-25,5212.31,5334.73,5419.04,2.35,1.58,3.97,UP
MARUTI,2017-05-18,6194.53,6280.31,6324.26,1.38,0.7,2.09,UP
MARUTI,2017-08-02,6899.79,7167.0,7206.67,3.87,0.55,4.45,UP
MARUTI,2017-10-31,7260.05,7624.74,7632.31,5.02,0.1,5.13,UP
MARUTI,2018-01-30,8657.97,8887.88,8348.43,2.66,-6.07,-3.58,DOWN
MARUTI,2018-06-11,8179.66,8378.19,8318.16,2.43,-0.72,1.69,UP
MARUTI,2018-08-10,8489.39,8494.82,8619.32,0.06,1.47,1.53,UP
MARUTI,2018-10-30,6381.85,6273.93,6684.68,-1.69,6.55,4.75,UP
MARUTI,2019-01-28,6893.12,6099.72,6221.6,-11.51,2.0,-9.74,DOWN
MARUTI,2019-05-24,6070.31,6645.05,6456.09,9.47,-2.84,6.36,UP
MARUTI,2019-07-26,5510.74,5438.88,5124.16,-1.3,-5.79,-7.02,DOWN
MARUTI,2019-10-25,6625.51,7096.8,7178.3,7.11,1.15,8.34,UP
MARUTI,2020-01-29,6936.74,6659.04,6659.99,-4.0,0.01,-3.99,DOWN
MARUTI,2020-05-14,4600.57,4857.8,4564.52,5.59,-6.04,-0.78,DOWN
MARUTI,2020-05-18,4420.95,4484.4,4797.06,1.44,6.97,8.51,UP
MARUTI,2020-07-29,5823.65,5875.23,5856.28,0.89,-0.32,0.56,UP
MARUTI,2020-10-30,6528.45,6675.66,6665.02,2.25,-0.16,2.09,UP
MARUTI,2021-01-28,7593.32,7273.1,7336.55,-4.22,0.87,-3.38,DOWN
MARUTI,2021-04-28,6241.11,6300.58,6323.63,0.95,0.37,1.32,UP
MARUTI,2021-07-28,6867.73,6867.25,6782.82,-0.01,-1.23,-1.24,DOWN
MARUTI,2021-10-28,7321.65,7108.43,7515.52,-2.91,5.73,2.65,UP
MARUTI,2022-01-25,7972.48,8297.62,8292.51,4.08,-0.06,4.01,UP
MARUTI,2022-05-02,7624.27,7364.09,7021.19,-3.41,-4.66,-7.91,DOWN
MARUTI,2022-07-27,8406.86,8351.16,8684.22,-0.66,3.99,3.3,UP
MARUTI,2022-10-31,8454.01,9250.34,8970.23,9.42,-3.03,6.11,UP
MARUTI,2023-01-24,8136.23,8445.66,8560.42,3.8,1.36,5.21,UP
MARUTI,2023-04-27,8427.36,8294.34,8541.29,-1.58,2.98,1.35,UP
MARUTI,2023-07-31,9485.73,9534.96,9353.17,0.52,-1.91,-1.4,DOWN
MARUTI,2023-10-30,10556.65,10190.12,10097.9,-3.47,-0.91,-4.35,DOWN
MARUTI,2024-01-31,9837.3,9983.53,10220.35,1.49,2.37,3.89,UP
MARUTI,2024-04-29,12457.19,12436.51,12242.75,-0.17,-1.56,-1.72,DOWN
MARUTI,2024-08-01,12237.95,13092.35,12001.21,6.98,-8.33,-1.93,DOWN
MARUTI,2024-10-29,12045.53,10927.72,10991.04,-9.28,0.58,-8.75,DOWN
MARUTI,2025-01-29,11756.46,11849.65,12778.2,0.79,7.84,8.69,UP
NESTLEIND,2010-06-16,116.87,121.32,124.14,3.81,2.33,6.22,UP
NESTLEIND,2023-10-27,1124.6,1162.99,1160.79,3.41,-0.19,3.22,UP
NESTLEIND,2024-02-08,1218.52,1178.18,1194.86,-3.31,1.42,-1.94,DOWN
NESTLEIND,2024-04-26,1200.77,1210.62,1225.03,0.82,1.19,2.02,UP
NESTLEIND,2024-07-25,1276.87,1214.84,1203.58,-4.86,-0.93,-5.74,DOWN
NESTLEIND,2024-10-17,1232.15,1164.91,1150.98,-5.46,-1.2,-6.59,DOWN
NESTLEIND,2025-01-31,1076.89,1132.84,1126.1,5.2,-0.59,4.57,UP
NTPC,2007-07-30,71.53,75.44,75.05,5.46,-0.52,4.91,UP
NTPC,2007-10-29,93.62,108.34,106.9,15.73,-1.33,14.19,UP
NTPC,2008-01-30,91.23,93.64,101.01,2.65,7.86,10.72,UP
NTPC,2008-05-29,85.66,80.6,75.26,-5.91,-6.63,-12.14,DOWN
NTPC,2008-07-29,85.43,84.01,83.21,-1.65,-0.95,-2.59,DOWN
NTPC,2008-10-24,78.45,61.69,66.72,-21.37,8.16,-14.95,DOWN
NTPC,2009-01-27,85.05,89.89,91.01,5.7,1.25,7.02,UP
NTPC,2009-05-22,90.63,103.95,96.96,14.69,-6.72,6.99,UP
NTPC,2009-07-27,98.5,102.94,104.21,4.51,1.24,5.8,UP
NTPC,2009-10-23,103.29,103.51,102.88,0.21,-0.61,-0.4,DOWN
NTPC,2010-01-29,110.52,103.24,101.1,-6.58,-2.08,-8.52,DOWN
NTPC,2010-05-17,99.06,99.75,100.02,0.69,0.27,0.96,UP
NTPC,2010-07-26,97.06,98.65,97.55,1.64,-1.12,0.5,UP
NTPC,2010-10-26,101.82,100.76,95.88,-1.04,-4.85,-5.83,DOWN
NTPC,2011-01-31,92.59,92.81,89.49,0.24,-3.57,-3.34,DOWN
NTPC,2011-05-10,90.37,90.12,87.37,-0.28,-3.05,-3.31,DOWN
NTPC,2011-07-25,94.76,91.67,88.02,-3.27,-3.97,-7.11,DOWN
NTPC,2011-10-25,84.38,87.06,88.95,3.18,2.16,5.41,UP
NTPC,2012-01-27,82.5,87.29,87.47,5.81,0.2,6.02,UP
NTPC,2012-05-11,80.38,75.85,72.21,-5.64,-4.79,-10.16,DOWN
NTPC,2012-07-27,80.43,78.46,80.63,-2.45,2.77,0.25,UP
NTPC,2012-10-29,86.8,86.14,84.96,-0.77,-1.37,-2.13,DOWN
NTPC,2013-01-21,78.41,82.98,82.34,5.83,-0.77,5.01,UP
NTPC,2013-05-10,84.38,81.62,82.83,-3.28,1.48,-1.84,DOWN
NTPC,2013-08-08,68.82,72.19,75.98,4.9,5.25,10.41,UP
NTPC,2013-11-05,77.65,78.75,81.58,1.41,3.6,5.06,UP
NTPC,2014-01-29,69.92,68.35,69.55,-2.26,1.77,-0.53,DOWN
NTPC,2014-05-16,63.79,72.65,80.4,13.89,10.68,26.05,UP
NTPC,2014-08-05,82.22,77.67,76.15,-5.54,-1.95,-7.39,DOWN
NTPC,2014-11-24,80.0,79.97,78.91,-0.03,-1.33,-1.36,DOWN
NTPC,2015-02-04,80.03,80.25,78.0,0.28,-2.8,-2.53,DOWN
NTPC,2015-06-04,75.44,76.93,78.11,1.97,1.53,3.54,UP
NTPC,2015-07-30,77.3,76.34,75.95,-1.24,-0.52,-1.74,DOWN
NTPC,2015-11-04,75.68,77.05,76.19,1.81,-1.11,0.68,UP
NTPC,2016-02-01,75.88,80.02,71.83,5.45,-10.23,-5.34,DOWN
NTPC,2016-05-30,79.11,82.98,83.76,4.89,0.94,5.88,UP
NTPC,2016-10-03,91.66,87.98,87.02,-4.02,-1.1,-5.07,DOWN
NTPC,2016-11-07,88.62,90.61,90.44,2.24,-0.19,2.04,UP
NTPC,2017-02-10,100.81,99.52,100.29,-1.28,0.78,-0.51,DOWN
NTPC,2017-06-19,93.62,95.49,94.3,2.0,-1.24,0.73,UP
NTPC,2017-08-01,97.33,98.01,105.22,0.7,7.35,8.11,UP
NTPC,2017-11-21,106.34,109.94,108.35,3.39,-1.45,1.89,UP
NTPC,2018-02-01,103.78,101.59,99.34,-2.11,-2.22,-4.28,DOWN
NTPC,2018-06-21,97.92,94.86,95.08,-3.12,0.23,-2.9,DOWN
NTPC,2018-07-04,95.08,93.43,92.42,-1.74,-1.08,-2.8,DOWN
NTPC,2018-08-03,93.7,95.6,96.7,2.02,1.15,3.2,UP
NTPC,2018-11-22,97.53,90.5,88.92,-7.21,-1.75,-8.83,DOWN
NTPC,2019-02-01,86.81,86.87,87.25,0.07,0.43,0.5,UP
NTPC,2019-05-27,95.84,101.72,103.17,6.14,1.43,7.65,UP
NTPC,2019-06-25,100.99,105.73,107.94,4.69,2.09,6.88,UP
NTPC,2019-08-13,94.0,91.3,92.67,-2.87,1.49,-1.42,DOWN
NTPC,2019-11-11,94.69,92.16,91.46,-2.67,-0.76,-3.42,DOWN
NTPC,2020-02-07,88.57,90.09,91.03,1.72,1.04,2.77,UP
NTPC,2020-06-29,72.94,74.43,73.25,2.04,-1.58,0.43,UP
NTPC,2020-08-14,67.57,71.47,76.52,5.77,7.07,13.25,UP
NTPC,2020-11-03,69.48,69.48,70.58,0.0,1.57,1.57,UP
NTPC,2021-02-04,73.81,80.08,80.8,8.49,0.91,9.47,UP
NTPC,2021-06-21,99.02,98.35,98.35,-0.67,0.0,-0.67,DOWN
NTPC,2021-08-02,98.77,98.14,97.1,-0.63,-1.06,-1.69,DOWN
NTPC,2021-10-28,125.3,117.68,117.08,-6.09,-0.51,-6.56,DOWN
NTPC,2022-01-31,115.58,121.7,120.49,5.3,-1.0,4.25,UP
NTPC,2022-05-20,130.99,131.91,134.6,0.71,2.04,2.76,UP
NTPC,2022-07-29,133.01,134.87,140.77,1.39,4.38,5.83,UP
NTPC,2022-10-31,150.03,155.56,160.1,3.68,2.92,6.71,UP
NTPC,2023-01-30,151.61,151.74,149.99,0.09,-1.15,-1.07,DOWN
NTPC,2023-05-19,165.57,159.81,161.33,-3.48,0.95,-2.56,DOWN
NTPC,2023-07-31,179.91,201.35,202.97,11.92,0.8,12.81,UP
NTPC,2023-10-30,223.95,219.36,219.97,-2.05,0.28,-1.77,DOWN
NTPC,2024-01-29,292.01,306.4,304.0,4.93,-0.79,4.11,UP
NTPC,2024-05-27,344.57,352.39,342.9,2.27,-2.69,-0.48,DOWN
NTPC,2024-07-29,347.62,375.51,403.68,8.02,7.5,16.13,UP
NTPC,2024-10-24,407.63,395.77,396.01,-2.91,0.06,-2.85,DOWN
NTPC,2025-01-27,315.3,311.49,312.26,-1.21,0.25,-0.97,DOWN
ONGC,2007-07-25,67.14,68.63,66.47,2.22,-3.15,-1.0,DOWN
ONGC,2007-10-30,81.79,90.89,101.95,11.13,12.17,24.65,UP
ONGC,2008-01-21,98.58,84.54,71.72,-14.25,-15.16,-27.25,DOWN
ONGC,2008-06-25,66.87,65.52,61.71,-2.02,-5.82,-7.72,DOWN
ONGC,2008-07-28,71.47,76.59,75.43,7.16,-1.52,5.53,UP
ONGC,2008-10-31,60.56,51.33,57.93,-15.24,12.86,-4.34,DOWN
ONGC,2009-01-28,52.75,50.47,50.33,-4.33,-0.27,-4.59,DOWN
ONGC,2009-06-24,88.68,82.72,83.9,-6.73,1.43,-5.4,DOWN
ONGC,2009-07-23,81.81,86.03,86.73,5.16,0.82,6.02,UP
ONGC,2009-10-29,93.89,92.67,90.28,-1.3,-2.59,-3.85,DOWN
ONGC,2010-01-21,96.68,92.21,89.7,-4.63,-2.72,-7.23,DOWN
ONGC,2010-05-28,90.48,91.57,95.64,1.2,4.44,5.69,UP
ONGC,2010-07-29,102.9,100.83,102.86,-2.01,2.01,-0.04,DOWN
ONGC,2010-10-28,110.46,106.64,108.82,-3.45,2.04,-1.48,DOWN
ONGC,2011-01-28,97.12,94.95,99.03,-2.24,4.3,1.96,UP
ONGC,2011-05-30,91.84,93.04,94.23,1.31,1.28,2.61,UP
ONGC,2011-07-28,92.24,92.93,92.68,0.75,-0.27,0.47,UP
ONGC,2011-11-04,93.08,93.04,89.3,-0.04,-4.03,-4.06,DOWN
ONGC,2012-02-09,93.82,96.87,95.08,3.25,-1.85,1.34,UP
ONGC,2012-05-30,84.82,87.29,87.97,2.92,0.77,3.72,UP
ONGC,2012-08-13,97.18,97.15,97.67,-0.04,0.53,0.5,UP
ONGC,2012-11-08,93.64,92.5,88.4,-1.21,-4.43,-5.59,DOWN
ONGC,2013-02-11,118.11,109.65,114.59,-7.16,4.51,-2.98,DOWN
ONGC,2013-06-14,116.73,112.17,111.3,-3.91,-0.77,-4.65,DOWN
ONGC,2013-08-14,99.61,104.1,92.47,4.5,-11.16,-7.16,DOWN
ONGC,2013-11-19,100.13,100.13,100.43,0.0,0.31,0.31,UP
ONGC,2014-02-19,101.28,102.55,103.57,1.25,1.0,2.26,UP
ONGC,2014-06-02,151.71,148.59,155.87,-2.06,4.91,2.75,UP
ONGC,2014-06-18,163.83,164.63,162.74,0.49,-1.15,-0.67,DOWN
ONGC,2014-08-18,148.77,160.39,158.38,7.81,-1.25,6.46,UP
ONGC,2014-11-19,146.92,142.94,141.73,-2.71,-0.85,-3.53,DOWN
ONGC,2015-02-18,134.56,125.59,122.66,-6.66,-2.33,-8.84,DOWN
ONGC,2015-05-29,121.74,126.15,117.74,3.63,-6.67,-3.28,DOWN
ONGC,2015-08-14,103.63,103.42,99.67,-0.2,-3.62,-3.82,DOWN
ONGC,2015-11-09,94.66,95.56,89.84,0.95,-5.98,-5.09,DOWN
ONGC,2016-02-15,85.86,78.21,81.62,-8.91,4.37,-4.93,DOWN
ONGC,2016-05-30,83.49,83.62,83.37,0.16,-0.3,-0.14,DOWN
ONGC,2016-10-03,103.47,103.35,106.88,-0.12,3.42,3.3,UP
ONGC,2016-11-07,115.48,107.86,111.41,-6.6,3.29,-3.52,DOWN
ONGC,2017-02-02,122.07,121.61,118.38,-0.37,-2.66,-3.02,DOWN
ONGC,2017-06-12,106.56,103.19,102.37,-3.16,-0.8,-3.94,DOWN
ONGC,2017-08-01,99.98,102.52,101.91,2.54,-0.6,1.93,UP
ONGC,2017-10-31,105.66,117.59,119.97,11.3,2.02,13.55,UP
ONGC,2018-02-14,118.03,116.16,115.87,-1.59,-0.24,-1.83,DOWN
ONGC,2018-04-23,115.54,114.62,114.46,-0.79,-0.14,-0.93,DOWN
ONGC,2018-06-22,106.67,101.01,98.92,-5.31,-2.07,-7.27,DOWN
ONGC,2018-08-08,104.9,109.21,105.12,4.1,-3.74,0.21,UP
ONGC,2018-11-19,99.79,98.61,97.14,-1.18,-1.49,-2.65,DOWN
ONGC,2019-02-27,88.78,94.43,102.53,6.36,8.58,15.49,UP
ONGC,2019-05-31,115.93,114.47,112.77,-1.26,-1.48,-2.73,DOWN
ONGC,2019-08-14,87.41,84.44,83.25,-3.39,-1.42,-4.76,DOWN
ONGC,2019-09-09,82.56,86.68,86.31,4.99,-0.43,4.54,UP
ONGC,2019-11-15,96.89,90.8,89.56,-6.29,-1.36,-7.57,DOWN
ONGC,2020-02-14,71.84,69.19,68.12,-3.68,-1.55,-5.17,DOWN
ONGC,2020-07-01,61.63,57.89,60.26,-6.07,4.1,-2.22,DOWN
ONGC,2020-09-02,57.93,57.78,55.01,-0.25,-4.79,-5.03,DOWN
ONGC,2020-11-14,48.93,52.28,51.92,6.84,-0.69,6.1,UP
ONGC,2021-02-15,70.27,70.84,81.02,0.82,14.37,15.31,UP
ONGC,2021-06-25,91.56,88.49,86.15,-3.36,-2.65,-5.92,DOWN
ONGC,2021-06-28,88.01,89.55,86.99,1.75,-2.86,-1.16,DOWN
ONGC,2021-08-16,85.38,84.54,80.66,-0.99,-4.59,-5.53,DOWN
ONGC,2021-11-15,113.03,117.31,114.7,3.78,-2.22,1.48,UP
ONGC,2021-12-10,111.0,113.74,110.97,2.47,-2.44,-0.03,DOWN
ONGC,2022-02-14,130.74,128.12,132.39,-2.0,3.34,1.27,UP
ONGC,2022-02-18,130.35,129.43,125.22,-0.71,-3.25,-3.94,DOWN
ONGC,2022-08-12,105.67,108.43,108.11,2.62,-0.3,2.31,UP
ONGC,2022-11-15,109.94,113.53,113.05,3.26,-0.42,2.83,UP
ONGC,2023-02-15,121.13,123.52,129.67,1.97,4.98,7.05,UP
ONGC,2023-05-29,141.76,136.68,132.09,-3.58,-3.36,-6.82,DOWN
ONGC,2023-08-11,147.95,152.33,152.8,2.96,0.31,3.28,UP
ONGC,2023-11-10,160.52,168.88,173.97,5.21,3.01,8.38,UP
ONGC,2024-02-12,228.41,228.98,246.21,0.25,7.52,7.79,UP
ONGC,2024-05-21,243.46,252.33,255.17,3.64,1.12,4.81,UP
ONGC,2024-08-06,299.9,275.76,299.59,-8.05,8.64,-0.11,DOWN
ONGC,2024-11-12,240.86,232.55,227.56,-3.45,-2.15,-5.52,DOWN
ONGC,2025-01-31,244.67,244.26,236.35,-0.17,-3.24,-3.4,DOWN
POWERGRID,2007-10-31,42.7,46.01,46.73,7.73,1.57,9.42,UP
POWERGRID,2008-01-30,30.53,33.58,34.15,10.01,1.69,11.87,UP
POWERGRID,2008-06-19,26.42,27.55,25.17,4.26,-8.63,-4.73,DOWN
POWERGRID,2008-07-30,29.52,30.31,30.28,2.67,-0.1,2.56,UP
POWERGRID,2008-10-31,24.97,21.72,22.52,-13.01,3.65,-9.84,DOWN
POWERGRID,2009-01-28,24.34,28.32,26.0,16.36,-8.18,6.84,UP
POWERGRID,2009-06-16,37.84,38.43,33.8,1.57,-12.05,-10.67,DOWN
POWERGRID,2009-07-29,34.48,36.73,36.7,6.53,-0.09,6.44,UP
POWERGRID,2009-10-28,35.22,33.88,32.25,-3.8,-4.83,-8.45,DOWN
POWERGRID,2010-01-25,37.53,36.47,35.65,-2.82,-2.25,-5.01,DOWN
POWERGRID,2010-05-26,32.89,32.64,32.67,-0.77,0.1,-0.67,DOWN
POWERGRID,2010-08-06,31.74,31.49,31.68,-0.8,0.6,-0.2,DOWN
POWERGRID,2010-10-20,34.94,33.28,33.12,-4.75,-0.48,-5.21,DOWN
POWERGRID,2011-02-08,30.82,30.55,30.94,-0.88,1.26,0.37,UP
POWERGRID,2011-05-24,32.67,31.71,31.34,-2.95,-1.16,-4.08,DOWN
POWERGRID,2011-08-02,34.82,34.64,32.83,-0.51,-5.23,-5.71,DOWN
POWERGRID,2011-10-24,32.15,32.75,34.09,1.87,4.07,6.02,UP
POWERGRID,2012-02-09,33.47,35.37,35.83,5.68,1.31,7.06,UP
POWERGRID,2012-05-29,34.05,35.16,33.95,3.27,-3.45,-0.29,DOWN
POWERGRID,2012-07-25,36.77,36.28,38.7,-1.34,6.68,5.26,UP
POWERGRID,2012-11-01,39.26,38.72,39.61,-1.39,2.31,0.89,UP
POWERGRID,2013-02-12,36.81,37.36,35.52,1.48,-4.93,-3.52,DOWN
POWERGRID,2013-06-20,36.31,35.58,34.66,-1.99,-2.6,-4.54,DOWN
POWERGRID,2013-08-06,36.34,31.45,31.97,-13.46,1.66,-12.03,DOWN
POWERGRID,2013-11-21,32.44,31.77,32.06,-2.05,0.91,-1.15,DOWN
POWERGRID,2014-02-06,32.56,32.73,32.52,0.52,-0.62,-0.1,DOWN
POWERGRID,2014-06-05,43.05,43.76,46.88,1.64,7.13,8.89,UP
POWERGRID,2014-08-05,46.48,45.67,45.48,-1.74,-0.42,-2.15,DOWN
POWERGRID,2014-11-17,50.46,51.11,50.9,1.28,-0.41,0.86,UP
POWERGRID,2015-02-18,49.26,53.89,54.29,9.4,0.74,10.22,UP
POWERGRID,2015-06-02,50.06,49.85,50.69,-0.42,1.68,1.26,UP
POWERGRID,2015-08-12,49.32,47.57,48.31,-3.55,1.54,-2.06,DOWN
POWERGRID,2015-11-04,47.34,46.39,45.98,-2.02,-0.88,-2.88,DOWN
POWERGRID,2016-01-27,48.84,48.88,51.88,0.07,6.15,6.23,UP
POWERGRID,2016-05-30,51.48,53.95,53.4,4.8,-1.02,3.73,UP
POWERGRID,2016-10-04,62.98,64.88,63.42,3.02,-2.24,0.71,UP
POWERGRID,2016-11-11,62.71,65.63,69.14,4.66,5.35,10.26,UP
POWERGRID,2017-02-13,72.3,72.78,72.46,0.67,-0.44,0.22,UP
POWERGRID,2017-06-19,74.64,76.51,72.87,2.51,-4.76,-2.36,DOWN
POWERGRID,2017-08-21,78.31,79.36,79.59,1.33,0.3,1.63,UP
POWERGRID,2017-11-08,77.53,76.18,77.22,-1.75,1.37,-0.4,DOWN
POWERGRID,2018-02-05,71.11,71.91,71.6,1.13,-0.43,0.7,UP
POWERGRID,2018-04-23,73.2,76.64,76.72,4.71,0.1,4.81,UP
POWERGRID,2018-06-22,73.7,73.27,69.38,-0.58,-5.31,-5.86,DOWN
POWERGRID,2018-08-10,69.94,70.62,69.57,0.98,-1.5,-0.53,DOWN
POWERGRID,2018-11-19,72.08,71.33,67.6,-1.04,-5.22,-6.21,DOWN
POWERGRID,2019-02-06,69.79,70.24,68.56,0.65,-2.38,-1.75,DOWN
POWERGRID,2019-05-30,70.58,74.11,74.79,5.0,0.92,5.96,UP
POWERGRID,2019-08-02,82.62,81.61,77.07,-1.22,-5.56,-6.71,DOWN
POWERGRID,2019-09-09,80.33,79.59,79.49,-0.93,-0.12,-1.05,DOWN
POWERGRID,2019-11-08,77.8,75.17,73.74,-3.38,-1.9,-5.22,DOWN
POWERGRID,2019-11-20,75.21,76.92,77.9,2.27,1.27,3.57,UP
POWERGRID,2020-01-31,79.21,73.29,74.27,-7.48,1.34,-6.24,DOWN
POWERGRID,2020-06-22,67.63,72.63,72.94,7.4,0.42,7.85,UP
POWERGRID,2020-08-11,72.61,71.92,71.33,-0.95,-0.82,-1.76,DOWN
POWERGRID,2020-11-12,73.67,78.83,77.71,7.0,-1.42,5.48,UP
POWERGRID,2021-02-12,87.66,90.78,98.2,3.55,8.18,12.03,UP
POWERGRID,2021-06-18,105.06,101.3,100.98,-3.58,-0.32,-3.89,DOWN
POWERGRID,2021-08-11,101.13,102.23,104.75,1.09,2.47,3.58,UP
POWERGRID,2021-11-10,110.76,108.78,111.08,-1.78,2.11,0.29,UP
POWERGRID,2022-02-10,130.67,129.48,124.23,-0.91,-4.06,-4.93,DOWN
POWERGRID,2022-05-23,148.3,140.96,142.59,-4.95,1.16,-3.85,DOWN
POWERGRID,2022-08-08,134.27,139.26,143.12,3.72,2.77,6.59,UP
POWERGRID,2022-11-07,143.73,144.49,135.65,0.53,-6.12,-5.62,DOWN
POWERGRID,2023-02-01,146.07,140.52,140.84,-3.8,0.23,-3.58,DOWN
POWERGRID,2023-05-22,160.57,155.66,158.05,-3.06,1.54,-1.57,DOWN
POWERGRID,2023-08-01,164.36,167.25,164.29,1.76,-1.77,-0.04,DOWN
POWERGRID,2023-11-08,182.53,186.91,191.69,2.4,2.56,5.02,UP
POWERGRID,2024-02-08,238.67,254.23,248.75,6.52,-2.15,4.22,UP
POWERGRID,2024-05-23,289.41,299.37,292.73,3.44,-2.22,1.15,UP
POWERGRID,2024-07-26,319.35,322.11,325.86,0.86,1.16,2.04,UP
POWERGRID,2024-11-07,300.49,295.3,304.5,-1.73,3.12,1.33,UP
POWERGRID,2025-02-04,271.78,273.41,269.35,0.6,-1.49,-0.9,DOWN
RACE,2023-05-30,241.35,237.7,238.05,-1.51,0.15,-1.37,DOWN
RACE,2023-08-14,247.7,271.3,267.95,9.53,-1.23,8.18,UP
RACE,2023-11-07,249.6,262.6,279.2,5.21,6.32,11.86,UP
RACE,2024-02-12,362.15,356.05,355.2,-1.68,-0.24,-1.92,DOWN
RACE,2024-05-29,356.45,359.95,369.15,0.98,2.56,3.56,UP
RACE,2024-08-13,407.65,421.25,410.6,3.34,-2.53,0.72,UP
RACE,2024-11-12,387.75,369.05,363.6,-4.82,-1.48,-6.23,DOWN
RACE,2025-02-11,328.3,300.1,282.0,-8.59,-6.03,-14.1,DOWN
RELIABLE,2024-08-12,112.97,100.04,94.13,-11.45,-5.9,-16.67,DOWN
RELIABLE,2024-08-28,90.4,91.51,97.09,1.23,6.1,7.41,UP
RELIABLE,2024-11-14,79.59,85.47,76.54,7.39,-10.44,-3.83,DOWN
RELIABLE,2025-01-20,68.79,71.57,68.44,4.04,-4.37,-0.51,DOWN
RELIABLE,2025-02-17,68.96,81.19,80.46,17.74,-0.9,16.69,UP
RELIANCE,2007-07-30,189.17,184.83,180.01,-2.29,-2.61,-4.84,DOWN
RELIANCE,2007-09-10,196.04,198.51,202.7,1.26,2.11,3.4,UP
RELIANCE,2007-10-18,261.77,258.25,259.92,-1.35,0.65,-0.71,DOWN
RELIANCE,2008-01-17,303.29,299.58,235.68,-1.22,-21.33,-22.29,DOWN
RELIANCE,2008-04-21,241.76,264.29,258.2,9.32,-2.31,6.8,UP
RELIANCE,2008-07-24,195.32,231.96,209.35,18.76,-9.75,7.18,UP
RELIANCE,2008-10-23,152.78,122.37,120.78,-19.9,-1.31,-20.95,DOWN
RELIANCE,2009-01-22,118.57,114.2,128.04,-3.68,12.12,7.99,UP
RELIANCE,2009-04-23,183.92,177.25,174.58,-3.63,-1.51,-5.08,DOWN
RELIANCE,2009-07-24,194.51,202.69,194.01,4.21,-4.29,-0.26,DOWN
RELIANCE,2009-10-07,214.57,211.18,217.99,-1.58,3.22,1.59,UP
RELIANCE,2009-10-29,220.74,202.25,194.29,-8.38,-3.94,-11.98,DOWN
RELIANCE,2010-01-22,226.93,213.21,209.83,-6.05,-1.58,-7.54,DOWN
RELIANCE,2010-04-23,220.66,220.16,205.8,-0.23,-6.52,-6.73,DOWN
RELIANCE,2010-07-27,215.23,214.71,205.78,-0.24,-4.16,-4.39,DOWN
RELIANCE,2010-11-01,220.48,222.8,225.22,1.05,1.08,2.15,UP
RELIANCE,2011-01-21,206.94,201.12,192.13,-2.81,-4.47,-7.16,DOWN
RELIANCE,2011-04-21,204.89,212.08,200.98,3.51,-5.24,-1.91,DOWN
RELIANCE,2011-07-25,179.61,181.59,172.23,1.11,-5.15,-4.11,DOWN
RELIANCE,2011-10-17,165.15,171.5,172.51,3.85,0.59,4.46,UP
RELIANCE,2012-01-20,151.57,163.04,162.69,7.57,-0.21,7.33,UP
RELIANCE,2012-05-04,151.45,149.42,142.98,-1.34,-4.32,-5.6,DOWN
RELIANCE,2012-07-20,150.3,150.61,149.9,0.2,-0.47,-0.27,DOWN
RELIANCE,2012-10-15,178.77,171.53,169.08,-4.05,-1.43,-5.42,DOWN
RELIANCE,2013-01-18,177.16,187.61,192.37,5.9,2.54,8.59,UP
RELIANCE,2013-04-17,161.92,161.25,167.5,-0.42,3.88,3.44,UP
RELIANCE,2013-07-19,183.51,194.83,191.8,6.17,-1.55,4.52,UP
RELIANCE,2013-10-15,178.03,183.04,192.61,2.81,5.23,8.19,UP
RELIANCE,2014-01-17,179.43,186.61,184.02,4.0,-1.39,2.56,UP
RELIANCE,2014-04-21,202.94,202.4,203.99,-0.27,0.79,0.52,UP
RELIANCE,2014-07-21,205.87,212.5,221.75,3.22,4.35,7.71,UP
RELIANCE,2014-10-13,201.44,204.04,198.31,1.29,-2.81,-1.55,DOWN
RELIANCE,2015-01-19,183.25,187.37,188.24,2.25,0.47,2.73,UP
RELIANCE,2015-04-20,190.66,188.65,186.81,-1.06,-0.97,-2.02,DOWN
RELIANCE,2015-07-27,220.37,216.84,215.72,-1.6,-0.52,-2.11,DOWN
RELIANCE,2015-10-20,192.34,206.35,203.36,7.28,-1.45,5.73,UP
RELIANCE,2016-01-27,219.32,215.55,222.22,-1.72,3.1,1.32,UP
RELIANCE,2016-04-25,228.45,221.8,217.4,-2.91,-1.99,-4.84,DOWN
RELIANCE,2016-09-29,233.87,233.92,239.13,0.02,2.23,2.25,UP
RELIANCE,2016-10-25,231.34,231.39,230.1,0.02,-0.56,-0.54,DOWN
RELIANCE,2017-01-17,235.06,227.11,223.74,-3.38,-1.48,-4.82,DOWN
RELIANCE,2017-06-19,291.34,307.38,312.48,5.51,1.66,7.26,UP
RELIANCE,2017-07-26,334.15,356.76,355.1,6.77,-0.47,6.27,UP
RELIANCE,2017-10-17,365.24,384.45,413.21,5.26,7.48,13.13,UP
RELIANCE,2018-01-24,405.82,424.9,417.89,4.7,-1.65,2.97,UP
RELIANCE,2018-06-13,416.68,440.8,446.54,5.79,1.3,7.17,UP
RELIANCE,2018-08-07,509.65,524.17,533.02,2.85,1.69,4.59,UP
RELIANCE,2018-10-19,487.83,487.48,462.89,-0.07,-5.04,-5.11,DOWN
RELIANCE,2018-10-22,481.5,470.37,456.27,-2.31,-3.0,-5.24,DOWN
RELIANCE,2019-01-17,491.66,502.15,546.72,2.13,8.88,11.2,UP
RELIANCE,2019-05-06,615.04,613.01,556.15,-0.33,-9.28,-9.58,DOWN
RELIANCE,2019-07-19,567.26,552.85,557.32,-2.54,0.81,-1.75,DOWN
RELIANCE,2019-10-18,606.82,630.69,639.64,3.93,1.42,5.41,UP
RELIANCE,2020-01-17,689.32,704.01,682.79,2.13,-3.01,-0.95,DOWN
RELIANCE,2020-04-30,607.2,652.8,650.46,7.51,-0.36,7.12,UP
RELIANCE,2020-06-03,640.13,693.0,705.51,8.26,1.81,10.21,UP
RELIANCE,2020-07-30,904.49,951.82,970.66,5.23,1.98,7.32,UP
RELIANCE,2020-10-30,950.96,927.29,863.51,-2.49,-6.88,-9.2,DOWN
RELIANCE,2021-01-22,884.91,925.08,846.97,4.54,-8.44,-4.29,DOWN
RELIANCE,2021-04-30,860.44,900.21,866.63,4.62,-3.73,0.72,UP
RELIANCE,2021-07-23,944.79,953.71,922.75,0.94,-3.25,-2.33,DOWN
RELIANCE,2021-10-22,1220.59,1190.0,1190.0,-2.51,0.0,-2.51,DOWN
RELIANCE,2022-01-21,1148.28,1122.26,1058.97,-2.27,-5.64,-7.78,DOWN
RELIANCE,2022-05-06,1258.36,1186.94,1109.33,-5.68,-6.54,-11.84,DOWN
RELIANCE,2022-07-25,1087.82,1096.24,1112.86,0.77,1.52,2.3,UP
RELIANCE,2022-10-21,1082.73,1123.08,1113.79,3.73,-0.83,2.87,UP
RELIANCE,2023-01-20,1123.08,1109.93,1082.62,-1.17,-2.46,-3.6,DOWN
RELIANCE,2023-04-21,1066.31,1067.38,1073.33,0.1,0.56,0.66,UP
RELIANCE,2023-07-21,1246.41,1249.83,1243.66,0.27,-0.49,-0.22,DOWN
RELIANCE,2023-10-27,1148.15,1119.4,1135.01,-2.5,1.39,-1.14,DOWN
RELIANCE,2024-01-19,1343.7,1351.16,1336.95,0.56,-1.05,-0.5,DOWN
RELIANCE,2024-04-22,1461.95,1462.22,1442.58,0.02,-1.34,-1.32,DOWN
RELIANCE,2024-07-19,1565.35,1536.62,1477.88,-1.84,-3.82,-5.59,DOWN
RELIANCE,2024-10-14,1374.65,1360.77,1344.81,-1.01,-1.17,-2.17,DOWN
RELIANCE,2025-01-16,1254.66,1255.61,1262.79,0.08,0.57,0.65,UP
SBIN,2007-07-30,117.25,116.79,117.89,-0.39,0.93,0.54,UP
SBIN,2007-10-29,123.39,156.66,153.6,26.97,-1.95,24.49,UP
SBIN,2008-01-24,178.78,173.42,174.98,-3.0,0.9,-2.12,DOWN
SBIN,2008-05-27,133.85,115.66,114.98,-13.59,-0.59,-14.1,DOWN
SBIN,2008-07-28,103.41,112.79,112.77,9.06,-0.01,9.05,UP
SBIN,2008-10-27,112.95,83.77,98.7,-25.83,17.82,-12.61,DOWN
SBIN,2009-01-27,92.63,86.54,91.59,-6.57,5.82,-1.13,DOWN
SBIN,2009-05-11,101.74,100.11,100.84,-1.6,0.73,-0.88,DOWN
SBIN,2009-05-14,105.23,100.84,139.56,-4.17,38.4,32.63,UP
SBIN,2009-07-30,137.04,139.38,150.27,1.71,7.82,9.66,UP
SBIN,2009-11-03,190.48,170.13,178.39,-10.68,4.85,-6.35,DOWN
SBIN,2010-01-25,173.4,169.21,166.38,-2.41,-1.67,-4.05,DOWN
SBIN,2010-05-14,187.97,180.87,180.05,-3.78,-0.45,-4.22,DOWN
SBIN,2010-08-12,212.9,228.42,231.21,7.29,1.22,8.6,UP
SBIN,2010-11-08,261.56,280.99,260.54,7.43,-7.28,-0.39,DOWN
SBIN,2011-01-24,205.16,221.09,214.95,7.77,-2.78,4.77,UP
SBIN,2011-05-17,215.2,198.09,192.85,-7.95,-2.65,-10.39,DOWN
SBIN,2011-08-16,185.74,182.59,169.34,-1.7,-7.26,-8.83,DOWN
SBIN,2011-11-09,158.43,154.75,143.75,-2.32,-7.11,-9.27,DOWN
SBIN,2012-02-13,174.79,176.96,195.34,1.24,10.38,11.75,UP
SBIN,2012-05-18,153.18,161.28,162.48,5.28,0.74,6.07,UP
SBIN,2012-08-10,170.21,159.75,160.32,-6.15,0.35,-5.81,DOWN
SBIN,2012-11-09,179.02,182.37,178.43,1.87,-2.16,-0.33,DOWN
SBIN,2013-02-14,198.76,187.51,192.39,-5.66,2.61,-3.2,DOWN
SBIN,2013-05-29,199.77,181.73,178.59,-9.03,-1.73,-10.6,DOWN
SBIN,2013-08-16,141.62,135.51,133.56,-4.31,-1.44,-5.69,DOWN
SBIN,2013-11-22,146.42,149.95,152.17,2.41,1.48,3.93,UP
SBIN,2014-02-17,131.8,127.14,127.75,-3.53,0.48,-3.08,DOWN
SBIN,2014-06-03,235.21,231.6,239.89,-1.53,3.58,1.99,UP
SBIN,2014-08-11,213.39,211.4,206.85,-0.93,-2.15,-3.06,DOWN
SBIN,2014-11-18,239.86,257.92,267.48,7.53,3.71,11.52,UP
SBIN,2015-02-16,254.17,268.53,264.68,5.65,-1.43,4.13,UP
SBIN,2015-05-25,251.68,243.1,246.12,-3.41,1.24,-2.21,DOWN
SBIN,2015-08-13,253.04,229.9,252.51,-9.15,9.83,-0.21,DOWN
SBIN,2015-11-09,210.17,218.19,220.15,3.82,0.89,4.75,UP
SBIN,2016-02-15,149.13,148.82,141.68,-0.21,-4.8,-4.99,DOWN
SBIN,2016-05-30,151.92,176.3,177.81,16.05,0.85,17.04,UP
SBIN,2016-08-16,209.07,221.64,232.2,6.02,4.76,11.06,UP
SBIN,2016-09-14,228.7,231.35,229.64,1.16,-0.74,0.41,UP
SBIN,2016-11-15,218.14,249.89,247.74,14.56,-0.86,13.57,UP
SBIN,2016-11-16,226.99,249.0,231.17,9.7,-7.16,1.84,UP
SBIN,2017-02-16,249.0,242.98,243.16,-2.42,0.07,-2.34,DOWN
SBIN,2017-05-29,276.66,257.41,260.54,-6.96,1.21,-5.83,DOWN
SBIN,2017-08-31,248.26,251.75,250.66,1.41,-0.43,0.97,UP
SBIN,2017-11-22,298.29,303.91,304.23,1.88,0.1,1.99,UP
SBIN,2018-02-21,261.72,247.71,248.76,-5.35,0.42,-4.95,DOWN
SBIN,2018-08-03,260.77,271.23,279.8,4.01,3.16,7.3,UP
SBIN,2018-11-29,256.91,259.59,256.1,1.04,-1.34,-0.32,DOWN
SBIN,2018-12-07,259.59,249.62,258.54,-3.84,3.58,-0.4,DOWN
SBIN,2019-02-06,254.33,261.99,254.24,3.01,-2.96,-0.04,DOWN
SBIN,2019-04-01,275.36,292.53,291.67,6.24,-0.29,5.92,UP
SBIN,2019-05-24,286.19,322.08,316.01,12.54,-1.89,10.42,UP
SBIN,2019-09-09,248.8,251.97,264.39,1.28,4.93,6.27,UP
SBIN,2019-10-31,249.66,283.15,289.32,13.41,2.18,15.88,UP
SBIN,2020-02-06,286.82,291.81,293.98,1.74,0.75,2.5,UP
SBIN,2020-06-11,158.53,160.57,156.71,1.29,-2.4,-1.14,DOWN
SBIN,2020-07-16,173.93,168.81,176.2,-2.94,4.38,1.3,UP
SBIN,2020-10-16,173.57,177.6,184.67,2.32,3.98,6.4,UP
SBIN,2020-11-20,205.57,220.02,220.25,7.03,0.1,7.14,UP
SBIN,2021-02-04,249.84,321.86,357.84,28.82,11.18,43.23,UP
SBIN,2021-05-24,326.7,373.47,385.39,14.32,3.19,17.96,UP
SBIN,2021-05-26,346.46,374.83,384.62,8.19,2.61,11.01,UP
SBIN,2021-08-05,389.22,404.18,390.09,3.84,-3.49,0.22,UP
SBIN,2021-11-04,474.89,485.23,479.69,2.18,-1.14,1.01,UP
SBIN,2022-02-07,478.82,487.79,494.47,1.87,1.37,3.27,UP
SBIN,2022-05-16,442.69,416.21,409.35,-5.98,-1.65,-7.53,DOWN
SBIN,2022-11-07,530.24,570.56,558.62,7.6,-2.09,5.35,UP
SBIN,2023-02-06,501.63,506.69,511.71,1.01,0.99,2.01,UP
SBIN,2023-05-18,531.59,533.44,540.32,0.35,1.29,1.64,UP
SBIN,2023-05-19,532.75,534.33,541.34,0.3,1.31,1.61,UP
SBIN,2023-08-04,583.92,542.96,543.38,-7.01,0.08,-6.94,DOWN
SBIN,2023-11-06,531.45,543.95,547.74,2.35,0.7,3.07,UP
SBIN,2024-02-05,580.32,608.92,662.53,4.93,8.8,14.17,UP
SBIN,2024-05-09,782.52,776.41,774.9,-0.78,-0.2,-0.97,DOWN
SBIN,2024-08-05,830.5,781.59,778.12,-5.89,-0.44,-6.31,DOWN
SBIN,2024-11-08,789.82,811.92,778.7,2.8,-4.09,-1.41,DOWN
SBIN,2025-02-06,734.35,724.39,704.02,-1.36,-2.81,-4.13,DOWN
SHRIRAMFIN,2007-07-31,24.77,24.35,24.87,-1.73,2.16,0.39,UP
SHRIRAMFIN,2007-10-25,33.52,35.87,40.3,6.99,12.35,20.21,UP
SHRIRAMFIN,2008-01-23,61.64,59.55,59.63,-3.39,0.13,-3.27,DOWN
SHRIRAMFIN,2008-05-26,48.72,52.38,52.24,7.52,-0.28,7.22,UP
SHRIRAMFIN,2008-07-31,43.11,45.16,47.24,4.76,4.59,9.57,UP
SHRIRAMFIN,2008-10-24,37.23,32.0,33.24,-14.06,3.87,-10.73,DOWN
SHRIRAMFIN,2009-01-23,30.24,29.96,29.09,-0.93,-2.93,-3.83,DOWN
SHRIRAMFIN,2009-05-13,35.79,39.7,42.2,10.93,6.29,17.91,UP
SHRIRAMFIN,2009-07-24,48.12,46.78,47.88,-2.77,2.34,-0.49,DOWN
SHRIRAMFIN,2009-10-28,61.97,62.57,60.62,0.97,-3.12,-2.19,DOWN
SHRIRAMFIN,2010-01-18,78.88,82.19,79.68,4.21,-3.06,1.02,UP
SHRIRAMFIN,2010-04-29,88.26,83.43,94.0,-5.48,12.67,6.5,UP
SHRIRAMFIN,2010-07-22,95.17,95.27,106.03,0.11,11.29,11.41,UP
SHRIRAMFIN,2010-10-27,121.35,129.26,137.97,6.52,6.73,13.69,UP
SHRIRAMFIN,2011-01-31,118.8,109.88,107.16,-7.5,-2.48,-9.8,DOWN
SHRIRAMFIN,2011-04-29,132.08,123.99,107.24,-6.12,-13.5,-18.8,DOWN
SHRIRAMFIN,2011-07-26,109.41,109.16,103.14,-0.23,-5.52,-5.74,DOWN
SHRIRAMFIN,2011-11-09,98.78,92.61,88.85,-6.24,-4.07,-10.06,DOWN
SHRIRAMFIN,2012-02-10,96.58,92.85,89.11,-3.85,-4.03,-7.73,DOWN
SHRIRAMFIN,2012-05-08,93.8,82.34,82.28,-12.22,-0.07,-12.28,DOWN
SHRIRAMFIN,2012-07-24,91.63,91.73,91.33,0.11,-0.44,-0.33,DOWN
SHRIRAMFIN,2012-10-30,103.24,100.42,102.63,-2.73,2.2,-0.59,DOWN
SHRIRAMFIN,2013-01-28,124.76,126.18,129.42,1.14,2.57,3.74,UP
SHRIRAMFIN,2013-05-13,124.39,123.33,128.73,-0.85,4.38,3.49,UP
SHRIRAMFIN,2013-07-26,107.93,105.63,104.2,-2.13,-1.36,-3.46,DOWN
SHRIRAMFIN,2013-11-22,91.76,94.34,96.7,2.81,2.5,5.38,UP
SHRIRAMFIN,2014-01-31,102.34,103.57,101.13,1.21,-2.36,-1.18,DOWN
SHRIRAMFIN,2014-05-05,134.4,121.2,118.25,-9.82,-2.43,-12.02,DOWN
SHRIRAMFIN,2014-07-31,149.64,149.81,147.94,0.11,-1.24,-1.13,DOWN
SHRIRAMFIN,2014-10-27,150.51,149.39,151.69,-0.74,1.54,0.79,UP
SHRIRAMFIN,2015-02-05,193.75,193.47,191.64,-0.15,-0.94,-1.09,DOWN
SHRIRAMFIN,2015-05-04,172.21,138.44,128.89,-19.61,-6.9,-25.16,DOWN
SHRIRAMFIN,2015-08-03,148.08,154.49,151.26,4.33,-2.09,2.14,UP
SHRIRAMFIN,2015-11-02,159.46,158.26,154.49,-0.75,-2.38,-3.12,DOWN
SHRIRAMFIN,2016-02-02,127.23,135.43,142.24,6.45,5.02,11.8,UP
SHRIRAMFIN,2016-05-25,185.75,193.1,202.88,3.95,5.07,9.22,UP
SHRIRAMFIN,2016-07-28,202.55,209.4,218.04,3.38,4.12,7.65,UP
SHRIRAMFIN,2016-11-21,164.77,141.26,148.61,-14.27,5.2,-9.81,DOWN
SHRIRAMFIN,2017-02-03,162.2,164.35,162.76,1.32,-0.96,0.35,UP
SHRIRAMFIN,2017-06-08,173.9,170.5,165.56,-1.96,-2.9,-4.8,DOWN
SHRIRAMFIN,2017-08-07,166.4,169.49,160.17,1.86,-5.5,-3.75,DOWN
SHRIRAMFIN,2017-11-06,198.89,224.36,216.71,12.81,-3.41,8.96,UP
SHRIRAMFIN,2018-02-08,237.61,230.35,232.18,-3.05,0.8,-2.28,DOWN
SHRIRAMFIN,2018-08-03,244.15,247.91,246.87,1.54,-0.42,1.12,UP
SHRIRAMFIN,2018-10-29,174.72,187.55,209.95,7.34,11.94,20.16,UP
SHRIRAMFIN,2019-01-30,190.43,176.28,178.02,-7.43,0.99,-6.51,DOWN
SHRIRAMFIN,2019-07-24,189.61,161.83,169.2,-14.65,4.55,-10.76,DOWN
SHRIRAMFIN,2019-10-31,188.45,199.14,199.23,5.67,0.05,5.72,UP
SHRIRAMFIN,2020-02-04,189.72,184.35,214.85,-2.83,16.54,13.24,UP
SHRIRAMFIN,2020-02-05,189.69,199.01,212.0,4.92,6.53,11.77,UP
SHRIRAMFIN,2020-06-11,108.36,112.05,115.14,3.41,2.75,6.26,UP
SHRIRAMFIN,2020-07-16,133.13,121.51,122.49,-8.73,0.81,-7.99,DOWN
SHRIRAMFIN,2020-09-18,113.5,116.57,110.53,2.71,-5.18,-2.61,DOWN
SHRIRAMFIN,2020-10-30,126.22,125.02,142.23,-0.95,13.77,12.69,UP
SHRIRAMFIN,2021-01-29,226.54,234.47,266.05,3.5,13.47,17.44,UP
SHRIRAMFIN,2021-04-30,241.79,245.22,234.65,1.42,-4.31,-2.96,DOWN
SHRIRAMFIN,2021-07-30,255.44,254.49,241.93,-0.37,-4.93,-5.29,DOWN
SHRIRAMFIN,2021-11-02,277.7,288.55,304.76,3.91,5.61,9.74,UP
SHRIRAMFIN,2022-01-24,228.16,212.39,228.63,-6.91,7.64,0.21,UP
SHRIRAMFIN,2022-04-28,207.27,212.4,213.72,2.47,0.62,3.11,UP
SHRIRAMFIN,2022-07-28,261.93,271.77,256.54,3.76,-5.6,-2.06,DOWN
SHRIRAMFIN,2022-10-20,225.46,226.17,226.41,0.31,0.11,0.42,UP
SHRIRAMFIN,2023-01-31,240.21,241.95,240.53,0.73,-0.59,0.14,UP
SHRIRAMFIN,2023-04-28,251.87,250.61,249.68,-0.5,-0.37,-0.87,DOWN
SHRIRAMFIN,2023-07-27,340.64,345.58,353.6,1.45,2.32,3.81,UP
SHRIRAMFIN,2023-10-26,360.23,342.9,358.59,-4.81,4.58,-0.46,DOWN
SHRIRAMFIN,2024-01-25,445.01,444.52,475.28,-0.11,6.92,6.8,UP
SHRIRAMFIN,2024-04-26,458.85,483.45,499.61,5.36,3.34,8.88,UP
SHRIRAMFIN,2024-07-26,554.79,568.98,570.33,2.56,0.24,2.8,UP
SHRIRAMFIN,2024-10-25,633.87,601.59,619.71,-5.09,3.01,-2.23,DOWN
SHRIRAMFIN,2025-01-24,535.52,516.57,542.08,-3.54,4.94,1.23,UP
SUNPHARMA,2007-07-23,88.59,86.17,83.8,-2.74,-2.75,-5.41,DOWN
SUNPHARMA,2007-10-25,83.89,88.54,93.11,5.53,5.17,10.99,UP
SUNPHARMA,2008-01-30,84.48,100.7,96.18,19.19,-4.49,13.84,UP
SUNPHARMA,2008-05-30,114.42,122.3,119.38,6.88,-2.39,4.33,UP
SUNPHARMA,2008-07-28,113.18,121.94,123.03,7.73,0.89,8.7,UP
SUNPHARMA,2008-10-27,114.91,103.35,96.92,-10.05,-6.22,-15.65,DOWN
SUNPHARMA,2009-01-30,94.75,94.36,91.91,-0.41,-2.6,-3.0,DOWN
SUNPHARMA,2009-06-01,113.35,106.87,114.59,-5.71,7.22,1.1,UP
SUNPHARMA,2009-07-29,110.32,104.29,103.0,-5.47,-1.24,-6.64,DOWN
SUNPHARMA,2009-10-28,119.97,122.28,123.48,1.93,0.98,2.93,UP
SUNPHARMA,2009-11-06,122.28,124.65,127.67,1.94,2.42,4.4,UP
SUNPHARMA,2010-01-29,130.91,130.88,133.41,-0.02,1.93,1.91,UP
SUNPHARMA,2010-05-24,141.45,137.56,145.29,-2.75,5.62,2.71,UP
SUNPHARMA,2010-07-28,153.11,160.59,157.84,4.89,-1.72,3.09,UP
SUNPHARMA,2010-11-01,191.63,196.19,200.76,2.38,2.33,4.76,UP
SUNPHARMA,2011-01-31,218.69,197.4,195.81,-9.74,-0.81,-10.46,DOWN
SUNPHARMA,2011-05-30,196.68,207.95,214.26,5.73,3.04,8.94,UP
SUNPHARMA,2011-07-28,224.87,232.6,234.5,3.43,0.82,4.28,UP
SUNPHARMA,2011-08-23,213.16,211.13,208.37,-0.96,-1.3,-2.25,DOWN
SUNPHARMA,2011-11-14,229.55,230.36,222.09,0.35,-3.59,-3.25,DOWN
SUNPHARMA,2012-02-13,250.88,249.46,244.03,-0.57,-2.18,-2.73,DOWN
SUNPHARMA,2012-06-01,256.59,256.63,259.18,0.02,0.99,1.01,UP
SUNPHARMA,2012-06-07,260.4,260.89,261.48,0.19,0.22,0.42,UP
SUNPHARMA,2012-08-10,295.8,304.62,300.63,2.98,-1.31,1.63,UP
SUNPHARMA,2012-11-08,315.01,316.1,310.5,0.35,-1.77,-1.43,DOWN
SUNPHARMA,2013-02-08,325.84,338.59,351.91,3.91,3.93,8.0,UP
SUNPHARMA,2013-02-26,357.63,362.78,362.75,1.44,-0.01,1.43,UP
SUNPHARMA,2013-06-06,483.65,462.03,445.82,-4.47,-3.51,-7.82,DOWN
SUNPHARMA,2013-08-14,498.74,499.69,460.48,0.19,-7.85,-7.67,DOWN
SUNPHARMA,2013-08-19,473.83,472.06,455.81,-0.37,-3.44,-3.8,DOWN
SUNPHARMA,2013-11-21,545.2,529.88,522.36,-2.81,-1.42,-4.19,DOWN
SUNPHARMA,2014-02-19,554.63,568.31,565.85,2.47,-0.43,2.02,UP
SUNPHARMA,2014-05-29,526.0,534.85,549.94,1.68,2.82,4.55,UP
SUNPHARMA,2014-08-18,691.9,744.19,784.13,7.56,5.37,13.33,UP
SUNPHARMA,2014-11-19,837.83,776.45,763.39,-7.33,-1.68,-8.88,DOWN
SUNPHARMA,2015-02-18,859.89,838.29,829.93,-2.51,-1.0,-3.48,DOWN
SUNPHARMA,2015-06-04,891.04,759.51,740.42,-14.76,-2.51,-16.9,DOWN
SUNPHARMA,2015-08-11,758.96,768.83,819.93,1.3,6.65,8.03,UP
SUNPHARMA,2015-08-12,758.19,791.11,827.69,4.34,4.62,9.17,UP
SUNPHARMA,2015-11-09,815.2,693.68,676.91,-14.91,-2.42,-16.96,DOWN
SUNPHARMA,2016-02-15,785.87,779.14,797.69,-0.86,2.38,1.5,UP
SUNPHARMA,2016-05-31,718.97,698.99,675.72,-2.78,-3.33,-6.02,DOWN
SUNPHARMA,2016-09-21,722.19,714.67,703.01,-1.04,-1.63,-2.66,DOWN
SUNPHARMA,2016-11-10,655.21,611.3,612.4,-6.7,0.18,-6.53,DOWN
SUNPHARMA,2017-02-17,601.48,619.83,615.11,3.05,-0.76,2.27,UP
SUNPHARMA,2017-06-19,481.46,481.6,494.31,0.03,2.64,2.67,UP
SUNPHARMA,2017-08-21,422.83,422.6,443.2,-0.05,4.87,4.82,UP
SUNPHARMA,2017-11-21,491.95,497.03,507.61,1.03,2.13,3.18,UP
SUNPHARMA,2018-02-22,530.98,500.17,503.26,-5.8,0.62,-5.22,DOWN
SUNPHARMA,2018-04-23,473.89,475.04,473.52,0.24,-0.32,-0.08,DOWN
SUNPHARMA,2018-06-19,494.86,517.26,533.24,4.53,3.09,7.76,UP
SUNPHARMA,2018-08-31,590.88,603.08,613.14,2.06,1.67,3.77,UP
SUNPHARMA,2018-11-22,481.9,487.32,450.3,1.12,-7.6,-6.56,DOWN
SUNPHARMA,2019-02-20,397.07,391.33,404.07,-1.45,3.26,1.76,UP
SUNPHARMA,2019-05-29,378.82,392.67,386.18,3.66,-1.65,1.94,UP
SUNPHARMA,2019-06-25,354.77,357.41,371.5,0.74,3.94,4.71,UP
SUNPHARMA,2019-08-13,389.75,406.98,394.71,4.42,-3.02,1.27,UP
SUNPHARMA,2019-11-08,404.17,393.64,382.54,-2.61,-2.82,-5.35,DOWN
SUNPHARMA,2020-02-06,419.75,401.61,390.32,-4.32,-2.81,-7.01,DOWN
SUNPHARMA,2020-05-27,413.95,423.53,437.15,2.31,3.22,5.6,UP
SUNPHARMA,2020-06-03,431.28,447.25,459.32,3.7,2.7,6.5,UP
SUNPHARMA,2020-08-03,456.12,487.87,499.94,6.96,2.47,9.61,UP
SUNPHARMA,2020-11-04,442.73,474.92,480.09,7.27,1.09,8.44,UP
SUNPHARMA,2021-01-29,559.66,551.66,592.13,-1.43,7.34,5.8,UP
SUNPHARMA,2021-05-28,652.04,635.8,643.11,-2.49,1.15,-1.37,DOWN
SUNPHARMA,2021-07-30,652.46,734.72,745.92,12.61,1.52,14.32,UP
SUNPHARMA,2021-11-02,774.01,776.11,761.45,0.27,-1.89,-1.62,DOWN
SUNPHARMA,2022-01-31,780.49,794.29,840.97,1.77,5.88,7.75,UP
SUNPHARMA,2022-05-31,884.54,825.59,829.91,-6.66,0.52,-6.18,DOWN
SUNPHARMA,2022-07-29,834.28,904.83,860.51,8.46,-4.9,3.14,UP
SUNPHARMA,2022-11-01,941.01,997.7,1000.88,6.02,0.32,6.36,UP
SUNPHARMA,2023-01-31,991.68,995.68,989.57,0.4,-0.61,-0.21,DOWN
SUNPHARMA,2023-05-26,901.48,940.51,945.8,4.33,0.56,4.92,UP
SUNPHARMA,2023-08-03,1078.31,1110.34,1117.79,2.97,0.67,3.66,UP
SUNPHARMA,2023-11-01,1092.29,1086.21,1119.1,-0.56,3.03,2.45,UP
SUNPHARMA,2024-01-31,1299.71,1380.34,1424.47,6.2,3.2,9.6,UP
SUNPHARMA,2024-05-22,1492.53,1506.48,1434.79,0.93,-4.76,-3.87,DOWN
SUNPHARMA,2024-08-01,1589.94,1683.95,1676.44,5.91,-0.45,5.44,UP
SUNPHARMA,2024-08-02,1635.45,1700.1,1702.85,3.95,0.16,4.12,UP
SUNPHARMA,2024-10-28,1875.55,1868.23,1815.21,-0.39,-2.84,-3.22,DOWN
SUNPHARMA,2025-01-31,1800.19,1712.18,1733.09,-4.89,1.22,-3.73,DOWN
TATACONSUM,2007-07-17,62.83,60.66,57.09,-3.46,-5.89,-9.14,DOWN
TATACONSUM,2007-10-29,60.14,61.64,60.87,2.49,-1.24,1.22,UP
TATACONSUM,2008-01-28,58.52,59.53,62.09,1.71,4.31,6.1,UP
TATACONSUM,2008-05-30,69.08,64.83,58.55,-6.14,-9.69,-15.24,DOWN
TATACONSUM,2008-07-28,55.13,59.15,57.12,7.29,-3.43,3.61,UP
TATACONSUM,2008-10-27,45.58,40.51,41.75,-11.13,3.05,-8.41,DOWN
TATACONSUM,2009-01-30,47.95,47.72,44.85,-0.48,-6.01,-6.46,DOWN
TATACONSUM,2009-06-10,56.87,64.2,60.08,12.88,-6.43,5.63,UP
TATACONSUM,2009-07-28,59.51,63.24,67.01,6.26,5.97,12.6,UP
TATACONSUM,2009-10-28,69.91,67.55,67.23,-3.38,-0.48,-3.84,DOWN
TATACONSUM,2010-01-28,81.47,73.28,74.24,-10.06,1.32,-8.88,DOWN
TATACONSUM,2010-05-25,88.81,84.87,85.08,-4.44,0.25,-4.2,DOWN
TATACONSUM,2010-07-29,97.61,93.63,95.0,-4.07,1.46,-2.67,DOWN
TATACONSUM,2010-10-28,105.66,105.33,102.23,-0.31,-2.95,-3.25,DOWN
TATACONSUM,2011-01-28,85.73,81.52,79.52,-4.91,-2.45,-7.24,DOWN
TATACONSUM,2011-06-03,70.05,76.46,80.22,9.15,4.91,14.52,UP
TATACONSUM,2011-08-10,85.44,88.83,82.0,3.96,-7.69,-4.03,DOWN
TATACONSUM,2011-10-31,72.92,77.12,75.54,5.77,-2.05,3.6,UP
TATACONSUM,2012-01-25,80.96,79.33,89.74,-2.01,13.12,10.85,UP
TATACONSUM,2012-05-24,89.83,91.28,91.62,1.62,0.36,1.99,UP
TATACONSUM,2012-07-24,95.32,102.78,100.49,7.82,-2.23,5.42,UP
TATACONSUM,2012-10-31,133.74,127.13,134.33,-4.94,5.66,0.44,UP
TATACONSUM,2013-02-01,123.19,124.3,120.44,0.89,-3.1,-2.23,DOWN
TATACONSUM,2013-06-11,124.51,120.74,118.5,-3.03,-1.86,-4.83,DOWN
TATACONSUM,2013-08-05,134.82,122.86,126.05,-8.87,2.59,-6.51,DOWN
TATACONSUM,2013-11-19,137.75,124.37,122.0,-9.71,-1.9,-11.43,DOWN
TATACONSUM,2014-01-31,127.51,121.31,123.08,-4.86,1.45,-3.48,DOWN
TATACONSUM,2014-05-29,131.73,128.11,129.32,-2.74,0.94,-1.83,DOWN
TATACONSUM,2014-06-19,145.71,140.16,143.94,-3.81,2.7,-1.21,DOWN
TATACONSUM,2014-08-06,133.53,134.25,132.59,0.53,-1.24,-0.71,DOWN
TATACONSUM,2014-11-10,137.3,137.69,134.6,0.29,-2.25,-1.97,DOWN
TATACONSUM,2015-02-02,138.65,142.8,135.08,2.99,-5.41,-2.58,DOWN
TATACONSUM,2015-06-03,129.88,119.89,117.71,-7.69,-1.82,-9.37,DOWN
TATACONSUM,2015-08-10,124.37,123.26,115.32,-0.89,-6.44,-7.28,DOWN
TATACONSUM,2015-11-06,120.55,111.64,113.55,-7.4,1.71,-5.81,DOWN
TATACONSUM,2016-02-15,108.67,94.03,92.74,-13.47,-1.37,-14.65,DOWN
TATACONSUM,2016-05-30,106.49,104.63,105.78,-1.75,1.1,-0.67,DOWN
TATACONSUM,2016-10-03,128.37,128.33,136.03,-0.04,6.01,5.97,UP
TATACONSUM,2016-11-18,109.89,108.27,106.06,-1.48,-2.04,-3.49,DOWN
TATACONSUM,2017-02-03,115.71,127.88,131.75,10.52,3.03,13.87,UP
TATACONSUM,2017-06-16,139.37,142.61,141.35,2.33,-0.88,1.42,UP
TATACONSUM,2017-08-22,152.42,176.23,179.43,15.62,1.82,17.72,UP
TATACONSUM,2017-11-21,217.59,253.56,258.71,16.53,2.03,18.9,UP
TATACONSUM,2018-02-20,258.29,244.0,251.28,-5.53,2.99,-2.71,DOWN
TATACONSUM,2018-06-19,244.78,247.89,245.57,1.27,-0.94,0.32,UP
TATACONSUM,2018-08-13,219.85,219.76,227.67,-0.04,3.6,3.56,UP
TATACONSUM,2018-11-12,204.02,201.16,207.48,-1.4,3.14,1.7,UP
TATACONSUM,2019-02-12,187.25,174.78,171.22,-6.65,-2.04,-8.56,DOWN
TATACONSUM,2019-05-06,195.73,189.87,186.07,-2.99,-2.0,-4.93,DOWN
TATACONSUM,2019-07-31,237.15,238.29,247.1,0.48,3.7,4.19,UP
TATACONSUM,2019-08-01,236.68,245.06,256.23,3.54,4.56,8.26,UP
TATACONSUM,2019-10-31,264.1,300.23,284.6,13.68,-5.21,7.76,UP
TATACONSUM,2020-02-05,360.56,373.72,371.54,3.65,-0.58,3.05,UP
TATACONSUM,2020-05-15,323.24,333.56,341.66,3.19,2.43,5.7,UP
TATACONSUM,2020-06-09,343.65,363.92,351.37,5.9,-3.45,2.25,UP
TATACONSUM,2020-08-04,389.65,429.05,494.73,10.11,15.31,26.97,UP
TATACONSUM,2020-11-09,470.16,486.38,485.33,3.45,-0.22,3.23,UP
TATACONSUM,2021-02-03,547.2,553.45,569.62,1.14,2.92,4.1,UP
TATACONSUM,2021-05-07,640.93,600.05,610.59,-6.38,1.76,-4.73,DOWN
TATACONSUM,2021-08-04,738.52,727.97,733.82,-1.43,0.8,-0.64,DOWN
TATACONSUM,2021-10-22,813.74,762.99,785.53,-6.24,2.96,-3.47,DOWN
TATACONSUM,2022-02-02,663.4,712.33,676.21,7.38,-5.07,1.93,UP
TATACONSUM,2022-05-05,788.7,744.85,715.54,-5.56,-3.94,-9.28,DOWN
TATACONSUM,2022-08-11,784.87,747.98,767.37,-4.7,2.59,-2.23,DOWN
TATACONSUM,2022-10-21,732.45,736.56,744.69,0.56,1.1,1.67,UP
TATACONSUM,2023-02-02,716.5,712.87,704.22,-0.51,-1.21,-1.71,DOWN
TATACONSUM,2023-04-25,689.71,710.26,738.69,2.98,4.0,7.1,UP
TATACONSUM,2023-07-27,841.15,830.99,837.54,-1.21,0.79,-0.43,DOWN
TATACONSUM,2023-10-31,878.79,880.31,893.21,0.17,1.47,1.64,UP
TATACONSUM,2024-02-07,1097.72,1140.05,1097.03,3.86,-3.77,-0.06,DOWN
TATACONSUM,2024-04-24,1105.29,1085.25,1073.87,-1.81,-1.05,-2.84,DOWN
TATACONSUM,2024-07-30,1171.34,1176.16,1174.93,0.41,-0.1,0.31,UP
TATACONSUM,2024-10-18,1096.67,1076.1,998.64,-1.88,-7.2,-8.94,DOWN
TATACONSUM,2025-01-30,952.23,951.54,1020.04,-0.07,7.2,7.12,UP
TATASTEEL,2007-07-30,32.68,29.4,29.22,-10.03,-0.6,-10.57,DOWN
TATASTEEL,2007-08-29,24.96,30.15,31.6,20.8,4.8,26.6,UP
TATASTEEL,2007-10-26,38.16,45.13,52.97,18.27,17.36,38.81,UP
TATASTEEL,2008-01-31,40.85,43.19,47.78,5.73,10.62,16.96,UP
TATASTEEL,2008-06-26,48.1,44.24,40.8,-8.02,-7.78,-15.18,DOWN
TATASTEEL,2008-07-31,40.09,39.34,40.59,-1.87,3.18,1.25,UP
TATASTEEL,2008-08-28,36.38,34.35,35.39,-5.57,3.02,-2.72,DOWN
TATASTEEL,2008-10-24,16.16,10.69,12.6,-33.85,17.84,-22.05,DOWN
TATASTEEL,2008-12-02,9.37,8.94,10.96,-4.58,22.65,17.02,UP
TATASTEEL,2009-01-28,12.52,10.64,10.36,-15.03,-2.65,-17.29,DOWN
TATASTEEL,2009-02-27,10.25,10.38,9.41,1.2,-9.35,-8.26,DOWN
TATASTEEL,2009-06-25,25.04,24.01,23.46,-4.11,-2.3,-6.32,DOWN
TATASTEEL,2009-07-29,25.69,27.57,30.24,7.33,9.69,17.72,UP
TATASTEEL,2009-08-27,27.04,27.16,26.0,0.45,-4.27,-3.84,DOWN
TATASTEEL,2009-10-27,35.32,31.22,29.39,-11.62,-5.84,-16.78,DOWN
TATASTEEL,2009-11-26,34.12,33.89,36.26,-0.68,6.98,6.26,UP
TATASTEEL,2010-01-28,39.75,36.49,35.74,-8.19,-2.07,-10.09,DOWN
TATASTEEL,2010-02-16,34.3,34.29,34.95,-0.02,1.94,1.92,UP
TATASTEEL,2010-05-26,33.06,30.2,31.21,-8.65,3.35,-5.58,DOWN
TATASTEEL,2010-08-12,34.25,32.94,32.54,-3.81,-1.22,-4.99,DOWN
TATASTEEL,2010-11-12,38.62,38.45,39.5,-0.43,2.72,2.27,UP
TATASTEEL,2011-02-15,40.57,39.07,40.44,-3.72,3.53,-0.32,DOWN
TATASTEEL,2011-05-25,36.36,35.56,36.7,-2.22,3.23,0.93,UP
TATASTEEL,2011-08-12,36.05,30.7,29.9,-14.85,-2.6,-17.06,DOWN
TATASTEEL,2011-11-11,30.51,27.79,26.24,-8.93,-5.56,-13.99,DOWN
TATASTEEL,2012-02-09,30.44,29.23,31.54,-3.99,7.92,3.61,UP
TATASTEEL,2012-05-18,26.87,25.85,25.62,-3.77,-0.93,-4.66,DOWN
TATASTEEL,2012-08-13,26.41,26.31,26.26,-0.39,-0.16,-0.55,DOWN
TATASTEEL,2012-11-09,26.44,25.98,24.62,-1.74,-5.24,-6.88,DOWN
TATASTEEL,2013-02-13,26.26,25.01,25.63,-4.75,2.46,-2.41,DOWN
TATASTEEL,2013-05-28,20.98,21.41,19.41,2.05,-9.34,-7.48,DOWN
TATASTEEL,2013-06-10,19.41,19.33,17.7,-0.39,-8.41,-8.77,DOWN
TATASTEEL,2013-08-19,14.27,16.94,18.81,18.71,11.04,31.81,UP
TATASTEEL,2013-11-21,24.18,26.25,26.88,8.55,2.39,11.15,UP
TATASTEEL,2014-02-17,26.38,25.66,25.16,-2.71,-1.95,-4.6,DOWN
TATASTEEL,2014-05-20,28.82,32.05,32.81,11.21,2.37,13.84,UP
TATASTEEL,2014-08-18,38.91,38.26,37.57,-1.68,-1.8,-3.45,DOWN
TATASTEEL,2014-11-24,33.47,33.37,32.22,-0.32,-3.44,-3.75,DOWN
TATASTEEL,2015-02-09,27.33,24.32,25.57,-11.01,5.14,-6.44,DOWN
TATASTEEL,2015-05-21,25.17,23.96,23.3,-4.8,-2.75,-7.41,DOWN
TATASTEEL,2015-08-13,18.9,16.83,18.18,-10.94,8.03,-3.79,DOWN
TATASTEEL,2015-11-06,17.84,15.87,16.04,-11.05,1.09,-10.08,DOWN
TATASTEEL,2016-02-18,16.99,18.08,18.27,6.43,1.08,7.57,UP
TATASTEEL,2016-05-26,23.71,23.43,24.09,-1.17,2.81,1.61,UP
TATASTEEL,2016-10-03,27.41,28.21,28.73,2.92,1.83,4.8,UP
TATASTEEL,2016-11-15,29.7,28.96,28.38,-2.49,-2.02,-4.47,DOWN
TATASTEEL,2017-02-20,34.5,35.89,35.79,4.03,-0.27,3.75,UP
TATASTEEL,2017-06-19,37.36,38.28,37.95,2.47,-0.88,1.57,UP
TATASTEEL,2017-06-20,37.46,38.49,37.38,2.74,-2.89,-0.23,DOWN
TATASTEEL,2017-08-18,45.38,46.92,47.59,3.4,1.43,4.88,UP
TATASTEEL,2017-11-01,53.95,53.05,53.01,-1.67,-0.07,-1.74,DOWN
TATASTEEL,2018-02-27,51.08,52.88,51.63,3.53,-2.36,1.09,UP
TATASTEEL,2018-03-12,53.14,49.03,48.16,-7.73,-1.79,-9.38,DOWN
TATASTEEL,2018-04-23,46.76,47.75,45.52,2.11,-4.68,-2.67,DOWN
TATASTEEL,2018-06-19,46.34,43.69,44.23,-5.72,1.23,-4.55,DOWN
TATASTEEL,2018-08-24,46.39,46.12,47.61,-0.58,3.23,2.63,UP
TATASTEEL,2018-11-22,47.2,43.24,41.98,-8.39,-2.91,-11.06,DOWN
TATASTEEL,2019-02-14,37.23,38.66,37.73,3.84,-2.4,1.34,UP
TATASTEEL,2019-06-26,37.84,40.91,40.62,8.11,-0.71,7.34,UP
TATASTEEL,2019-08-08,35.52,30.21,29.98,-14.96,-0.75,-15.6,DOWN
TATASTEEL,2019-11-08,31.29,32.72,32.23,4.57,-1.51,3.0,UP
TATASTEEL,2020-02-07,36.88,38.72,36.83,5.01,-4.89,-0.13,DOWN
TATASTEEL,2020-06-29,26.35,26.38,27.53,0.09,4.38,4.48,UP
TATASTEEL,2020-08-13,32.54,34.84,36.65,7.08,5.18,12.62,UP
TATASTEEL,2020-11-13,35.89,41.04,43.62,14.35,6.3,21.55,UP
TATASTEEL,2021-02-09,53.65,58.98,57.4,9.92,-2.67,6.98,UP
TATASTEEL,2021-05-06,81.94,92.86,104.08,13.33,12.08,27.02,UP
TATASTEEL,2021-08-12,122.13,123.78,129.67,1.35,4.76,6.18,UP
TATASTEEL,2021-11-11,113.28,112.07,105.97,-1.07,-5.45,-6.46,DOWN
TATASTEEL,2022-02-04,93.85,101.44,105.41,8.08,3.91,12.31,UP
TATASTEEL,2022-05-04,105.24,108.77,107.99,3.36,-0.72,2.61,UP
TATASTEEL,2022-07-25,80.33,87.32,91.21,8.7,4.46,13.54,UP
TATASTEEL,2022-10-31,91.71,92.3,92.71,0.64,0.44,1.09,UP
TATASTEEL,2023-02-06,109.66,106.75,101.11,-2.65,-5.28,-7.79,DOWN
TATASTEEL,2023-05-02,96.48,100.25,98.75,3.91,-1.5,2.36,UP
TATASTEEL,2023-07-24,109.95,108.4,112.44,-1.41,3.72,2.26,UP
TATASTEEL,2023-11-01,112.63,109.44,112.06,-2.83,2.4,-0.5,DOWN
TATASTEEL,2024-01-24,126.61,126.85,126.42,0.19,-0.33,-0.15,DOWN
TATASTEEL,2024-01-25,128.82,125.53,127.6,-2.55,1.64,-0.95,DOWN
TATASTEEL,2024-05-29,163.64,163.54,163.54,-0.06,0.0,-0.06,DOWN
TATASTEEL,2024-07-31,153.21,158.3,143.45,3.32,-9.38,-6.37,DOWN
TATASTEEL,2024-11-06,143.68,147.09,138.84,2.37,-5.6,-3.37,DOWN
TATASTEEL,2025-01-27,124.74,120.99,125.54,-3.0,3.76,0.64,UP
TCS,2007-07-16,191.26,186.25,195.14,-2.62,4.78,2.03,UP
TCS,2007-10-15,177.53,177.76,185.98,0.13,4.63,4.76,UP
TCS,2008-01-16,163.92,156.8,137.9,-4.34,-12.05,-15.87,DOWN
TCS,2008-04-21,145.95,165.46,148.36,13.37,-10.33,1.65,UP
TCS,2008-07-16,139.03,121.93,136.12,-12.3,11.63,-2.1,DOWN
TCS,2008-10-22,99.61,91.88,83.49,-7.77,-9.13,-16.19,DOWN
TCS,2009-01-15,85.63,86.31,83.95,0.8,-2.74,-1.96,DOWN
TCS,2009-04-20,102.77,95.5,96.64,-7.08,1.19,-5.97,DOWN
TCS,2009-07-17,132.91,148.65,159.67,11.84,7.42,20.13,UP
TCS,2009-10-16,196.47,205.72,215.2,4.71,4.6,9.53,UP
TCS,2010-01-15,246.41,272.97,268.83,10.78,-1.52,9.1,UP
TCS,2010-04-19,276.48,280.8,271.81,1.56,-3.2,-1.69,DOWN
TCS,2010-07-15,269.25,275.41,291.31,2.29,5.77,8.19,UP
TCS,2010-10-21,350.45,348.1,375.07,-0.67,7.75,7.03,UP
TCS,2011-01-17,404.09,402.24,428.69,-0.46,6.58,6.09,UP
TCS,2011-04-21,417.44,422.29,418.22,1.16,-0.96,0.19,UP
TCS,2011-07-14,421.86,400.78,406.61,-5.0,1.46,-3.61,DOWN
TCS,2011-10-17,374.96,400.6,373.65,6.84,-6.73,-0.35,DOWN
TCS,2012-01-17,420.04,395.87,387.1,-5.75,-2.21,-7.84,DOWN
TCS,2012-05-04,421.09,459.12,440.69,9.03,-4.01,4.65,UP
TCS,2012-07-12,454.52,450.2,431.95,-0.95,-4.05,-4.96,DOWN
TCS,2012-10-19,470.83,470.92,480.28,0.02,1.99,2.01,UP
TCS,2013-01-14,475.47,488.39,498.46,2.72,2.06,4.83,UP
TCS,2013-04-26,544.03,502.29,525.97,-7.67,4.71,-3.32,DOWN
TCS,2013-07-29,644.99,659.95,673.37,2.32,2.03,4.4,UP
TCS,2013-10-21,771.52,768.42,745.07,-0.4,-3.04,-3.43,DOWN
TCS,2014-01-16,829.79,873.52,847.5,5.27,-2.98,2.13,UP
TCS,2014-04-21,796.93,827.21,824.24,3.8,-0.36,3.43,UP
TCS,2014-07-18,884.04,917.64,972.13,3.8,5.94,9.96,UP
TCS,2014-10-21,1039.09,930.78,948.07,-10.42,1.86,-8.76,DOWN
TCS,2015-01-19,962.91,962.41,963.39,-0.05,0.1,0.05,UP
TCS,2015-04-20,1023.3,932.77,943.69,-8.85,1.17,-7.78,DOWN
TCS,2015-07-10,999.17,959.09,986.77,-4.01,2.89,-1.24,DOWN
TCS,2015-10-14,1048.81,964.79,966.75,-8.01,0.2,-7.82,DOWN
TCS,2016-01-15,923.11,880.23,887.63,-4.65,0.84,-3.84,DOWN
TCS,2016-04-20,964.19,956.21,956.56,-0.83,0.04,-0.79,DOWN
TCS,2016-10-03,947.98,953.36,944.29,0.57,-0.95,-0.39,DOWN
TCS,2016-10-05,963.0,943.34,940.94,-2.04,-0.25,-2.29,DOWN
TCS,2016-10-14,950.77,935.37,946.8,-1.62,1.22,-0.42,DOWN
TCS,2017-01-12,943.15,929.22,903.22,-1.48,-2.8,-4.23,DOWN
TCS,2017-05-17,935.13,975.99,1006.2,4.37,3.1,7.6,UP
TCS,2017-06-19,996.52,977.4,962.59,-1.92,-1.52,-3.41,DOWN
TCS,2017-07-14,943.58,963.63,984.59,2.13,2.18,4.35,UP
TCS,2017-10-17,989.18,1045.79,1043.11,5.72,-0.26,5.45,UP
TCS,2018-01-11,1066.46,1127.84,1152.23,5.75,2.16,8.04,UP
TCS,2018-04-23,1277.49,1380.94,1433.85,8.1,3.83,12.24,UP
TCS,2018-05-25,1414.63,1452.71,1423.66,2.69,-2.0,0.64,UP
TCS,2018-07-10,1512.55,1531.96,1618.56,1.28,5.65,7.01,UP
TCS,2018-10-15,1721.33,1595.95,1566.23,-7.28,-1.86,-9.01,DOWN
TCS,2019-01-11,1558.66,1511.57,1534.22,-3.02,1.5,-1.57,DOWN
TCS,2019-01-16,1553.41,1534.22,1569.2,-1.24,2.28,1.02,UP
TCS,2019-04-23,1660.29,1771.73,1840.38,6.71,3.87,10.85,UP
TCS,2019-07-09,1856.1,1768.08,1746.74,-4.74,-1.21,-5.89,DOWN
TCS,2019-10-10,1743.93,1665.13,1692.42,-4.52,1.64,-2.95,DOWN
TCS,2020-01-17,1880.86,1884.89,1874.53,0.21,-0.55,-0.34,DOWN
TCS,2020-04-16,1418.55,1471.59,1490.11,3.74,1.26,5.04,UP
TCS,2020-04-30,1517.42,1727.48,1632.42,13.84,-5.5,7.58,UP
TCS,2020-07-09,1799.3,1895.88,1868.02,5.37,-1.47,3.82,UP
TCS,2020-10-07,2091.46,2358.37,2439.44,12.76,3.44,16.64,UP
TCS,2021-01-08,2478.2,2701.67,2734.61,9.02,1.22,10.35,UP
TCS,2021-04-12,2745.06,2815.79,2771.21,2.58,-1.58,0.95,UP
TCS,2021-07-08,2916.02,2839.98,2778.14,-2.61,-2.18,-4.73,DOWN
TCS,2021-10-08,3297.8,3437.64,3192.68,4.24,-7.13,-3.19,DOWN
TCS,2022-01-12,3399.69,3377.94,3517.31,-0.64,4.13,3.46,UP
TCS,2022-04-12,3305.37,3235.9,3043.73,-2.1,-5.94,-7.92,DOWN
TCS,2022-07-08,2883.48,2882.02,2681.94,-0.05,-6.94,-6.99,DOWN
TCS,2022-10-11,2658.76,2716.28,2742.47,2.16,0.96,3.15,UP
TCS,2023-01-10,2893.56,2915.7,2993.9,0.77,2.68,3.47,UP
TCS,2023-04-13,2903.57,2893.46,2803.4,-0.35,-3.11,-3.45,DOWN
TCS,2023-07-12,3024.67,2979.92,3191.82,-1.48,7.11,5.53,UP
TCS,2023-10-11,3220.42,3308.44,3229.76,2.73,-2.38,0.29,UP
TCS,2024-01-11,3392.21,3432.46,3548.01,1.19,3.37,4.59,UP
TCS,2024-04-12,3652.3,3702.36,3573.37,1.37,-3.48,-2.16,DOWN
TCS,2024-07-11,3695.57,3656.85,3894.27,-1.05,6.49,5.38,UP
TCS,2024-10-10,4005.56,3949.04,3845.73,-1.41,-2.62,-3.99,DOWN
TCS,2025-01-09,3851.04,3782.11,3963.97,-1.79,4.81,2.93,UP
TECHM,2007-07-19,248.6,245.37,233.48,-1.3,-4.85,-6.08,DOWN
TECHM,2007-10-19,251.48,220.97,207.37,-12.13,-6.15,-17.54,DOWN
TECHM,2008-01-22,164.73,116.89,120.26,-29.04,2.88,-27.0,DOWN
TECHM,2008-05-20,148.37,150.0,137.26,1.1,-8.5,-7.49,DOWN
TECHM,2008-07-21,115.32,113.65,118.14,-1.45,3.95,2.44,UP
TECHM,2008-10-21,70.71,68.99,56.34,-2.43,-18.34,-20.33,DOWN
TECHM,2009-01-23,40.82,35.36,38.91,-13.39,10.06,-4.68,DOWN
TECHM,2009-04-27,56.56,55.5,55.39,-1.87,-0.2,-2.06,DOWN
TECHM,2009-07-22,118.74,130.14,133.63,9.6,2.68,12.53,UP
TECHM,2009-10-20,155.31,159.07,158.64,2.42,-0.27,2.14,UP
TECHM,2010-01-22,182.69,192.19,168.4,5.2,-12.38,-7.82,DOWN
TECHM,2010-04-30,140.26,130.79,124.39,-6.75,-4.89,-11.31,DOWN
TECHM,2010-07-26,130.23,125.17,119.25,-3.88,-4.73,-8.43,DOWN
TECHM,2010-10-26,128.29,133.46,123.77,4.03,-7.26,-3.53,DOWN
TECHM,2011-01-21,116.51,117.18,114.67,0.58,-2.14,-1.58,DOWN
TECHM,2011-06-03,111.55,116.59,118.91,4.51,1.99,6.6,UP
TECHM,2011-08-12,131.94,125.91,112.71,-4.57,-10.48,-14.57,DOWN
TECHM,2011-11-16,107.14,103.68,99.34,-3.23,-4.19,-7.28,DOWN
TECHM,2011-11-22,104.22,101.82,95.55,-2.3,-6.16,-8.32,DOWN
TECHM,2012-02-08,111.23,110.94,111.31,-0.26,0.33,0.07,UP
TECHM,2012-06-05,113.87,114.17,115.82,0.26,1.44,1.71,UP
TECHM,2012-08-10,123.51,137.2,145.03,11.08,5.71,17.42,UP
TECHM,2012-11-05,156.39,163.9,163.76,4.8,-0.08,4.72,UP
TECHM,2013-02-06,171.81,168.03,171.42,-2.2,2.02,-0.22,DOWN
TECHM,2013-05-29,156.08,168.68,161.29,8.08,-4.38,3.34,UP
TECHM,2013-08-16,211.58,227.2,212.67,7.38,-6.4,0.51,UP
TECHM,2013-11-21,290.25,285.48,296.1,-1.64,3.72,2.02,UP
TECHM,2013-11-22,285.92,287.11,290.92,0.42,1.33,1.75,UP
TECHM,2014-02-05,299.41,316.82,315.49,5.81,-0.42,5.37,UP
TECHM,2014-02-07,295.88,313.94,322.98,6.1,2.88,9.16,UP
TECHM,2014-05-22,316.43,300.97,319.33,-4.88,6.1,0.92,UP
TECHM,2014-07-03,347.53,363.93,362.59,4.72,-0.37,4.34,UP
TECHM,2014-07-04,352.52,364.35,355.99,3.36,-2.29,0.98,UP
TECHM,2014-08-05,378.29,380.2,380.37,0.51,0.04,0.55,UP
TECHM,2014-10-30,399.03,430.93,453.7,7.99,5.29,13.7,UP
TECHM,2015-02-02,479.33,503.14,498.39,4.97,-0.94,3.98,UP
TECHM,2015-05-27,430.48,381.72,382.76,-11.33,0.27,-11.09,DOWN
TECHM,2015-07-28,348.14,368.29,373.32,5.79,1.37,7.23,UP
TECHM,2015-11-04,379.01,381.9,374.51,0.76,-1.93,-1.19,DOWN
TECHM,2016-02-19,303.85,309.87,296.89,1.98,-4.19,-2.29,DOWN
TECHM,2016-05-25,340.32,371.77,382.35,9.24,2.85,12.35,UP
TECHM,2016-05-30,334.73,382.35,384.18,14.23,0.48,14.77,UP
TECHM,2016-10-03,327.58,303.15,303.19,-7.46,0.01,-7.45,DOWN
TECHM,2016-11-08,313.92,327.26,309.42,4.25,-5.45,-1.43,DOWN
TECHM,2017-02-07,339.83,339.29,360.22,-0.16,6.17,6.0,UP
TECHM,2017-06-19,278.72,280.63,278.83,0.69,-0.64,0.04,UP
TECHM,2017-06-20,286.29,284.16,274.33,-0.74,-3.46,-4.18,DOWN
TECHM,2017-08-18,290.52,316.34,317.33,8.89,0.31,9.23,UP
TECHM,2017-11-06,351.41,339.65,361.63,-3.35,6.47,2.91,UP
TECHM,2018-02-02,444.91,456.93,444.87,2.7,-2.64,-0.01,DOWN
TECHM,2018-04-23,495.36,517.82,509.78,4.53,-1.55,2.91,UP
TECHM,2018-06-20,523.06,509.38,513.51,-2.62,0.81,-1.83,DOWN
TECHM,2018-08-03,476.8,499.96,493.28,4.86,-1.34,3.46,UP
TECHM,2018-11-12,543.67,546.58,539.3,0.53,-1.33,-0.8,DOWN
TECHM,2019-02-12,565.13,607.38,606.1,7.48,-0.21,7.25,UP
TECHM,2019-05-21,616.54,583.16,555.1,-5.41,-4.81,-9.97,DOWN
TECHM,2019-05-24,595.46,555.1,557.36,-6.78,0.41,-6.4,DOWN
TECHM,2019-07-30,506.9,493.44,490.28,-2.65,-0.64,-3.28,DOWN
TECHM,2019-11-05,560.11,595.95,594.48,6.4,-0.25,6.14,UP
TECHM,2020-01-31,592.63,613.94,627.39,3.6,2.19,5.87,UP
TECHM,2020-04-30,404.9,426.73,395.95,5.39,-7.21,-2.21,DOWN
TECHM,2020-06-03,406.57,432.2,460.91,6.3,6.64,13.36,UP
TECHM,2020-07-27,468.48,523.38,531.41,11.72,1.53,13.43,UP
TECHM,2020-10-26,647.97,645.22,657.95,-0.43,1.97,1.54,UP
TECHM,2021-01-29,834.0,786.51,802.91,-5.69,2.09,-3.73,DOWN
TECHM,2021-04-26,812.48,787.16,799.19,-3.12,1.53,-1.64,DOWN
TECHM,2021-07-29,889.42,947.38,1030.08,6.52,8.73,15.81,UP
TECHM,2021-10-25,1201.91,1280.28,1288.01,6.52,0.6,7.16,UP
TECHM,2022-02-01,1351.95,1277.46,1228.63,-5.51,-3.82,-9.12,DOWN
TECHM,2022-05-13,1071.81,1020.48,994.35,-4.79,-2.56,-7.23,DOWN
TECHM,2022-11-01,909.39,935.38,920.31,2.86,-1.61,1.2,UP
TECHM,2023-01-30,936.0,920.71,903.43,-1.63,-1.88,-3.48,DOWN
TECHM,2023-04-27,900.98,891.43,923.82,-1.06,3.63,2.53,UP
TECHM,2023-07-26,1108.61,1042.51,1017.25,-5.96,-2.42,-8.24,DOWN
TECHM,2023-10-26,1092.12,1017.2,1033.35,-6.86,1.59,-5.38,DOWN
TECHM,2024-01-24,1232.98,1297.78,1214.73,5.26,-6.4,-1.48,DOWN
TECHM,2024-04-25,1102.23,1097.16,1164.64,-0.46,6.15,5.66,UP
TECHM,2024-07-25,1397.56,1436.41,1443.97,2.78,0.53,3.32,UP
TECHM,2024-10-21,1546.3,1597.14,1629.58,3.29,2.03,5.39,UP
TECHM,2025-01-17,1556.16,1572.74,1595.14,1.07,1.42,2.5,UP
TITAN,2007-07-27,58.86,51.08,49.87,-13.22,-2.36,-15.27,DOWN
TITAN,2007-10-29,70.7,79.61,74.34,12.59,-6.62,5.14,UP
TITAN,2008-01-21,71.02,56.43,49.34,-20.55,-12.57,-30.53,DOWN
TITAN,2008-04-25,49.87,50.64,56.23,1.54,11.04,12.75,UP
TITAN,2008-07-31,51.61,51.37,57.62,-0.47,12.16,11.63,UP
TITAN,2008-10-20,37.49,38.75,44.62,3.37,15.14,19.02,UP
TITAN,2009-01-30,41.76,41.88,36.66,0.27,-12.46,-12.22,DOWN
TITAN,2009-04-29,36.02,34.05,36.24,-5.46,6.43,0.62,UP
TITAN,2009-07-27,55.56,61.46,55.53,10.61,-9.65,-0.06,DOWN
TITAN,2009-10-23,66.42,62.58,57.47,-5.78,-8.16,-13.47,DOWN
TITAN,2010-01-29,71.54,69.02,79.69,-3.51,15.45,11.4,UP
TITAN,2010-05-03,95.0,100.7,99.86,6.0,-0.83,5.12,UP
TITAN,2010-07-27,122.54,130.95,129.81,6.86,-0.86,5.94,UP
TITAN,2010-10-25,152.18,152.21,161.04,0.02,5.8,5.82,UP
TITAN,2011-01-28,159.84,160.45,163.6,0.38,1.96,2.35,UP
TITAN,2011-04-29,187.73,186.44,177.36,-0.69,-4.87,-5.52,DOWN
TITAN,2011-07-28,214.44,212.11,212.9,-1.09,0.37,-0.72,DOWN
TITAN,2011-10-24,202.43,210.81,202.2,4.14,-4.08,-0.11,DOWN
TITAN,2012-01-31,178.57,188.89,183.03,5.78,-3.1,2.5,UP
TITAN,2012-05-04,213.88,224.25,227.51,4.85,1.45,6.37,UP
TITAN,2012-08-03,209.04,214.25,210.69,2.49,-1.66,0.79,UP
TITAN,2012-10-31,261.47,243.18,271.93,-6.99,11.82,4.0,UP
TITAN,2013-02-04,257.39,267.66,246.65,3.99,-7.85,-4.17,DOWN
TITAN,2013-05-08,256.17,259.13,267.66,1.15,3.29,4.48,UP
TITAN,2013-08-06,245.93,245.65,251.32,-0.12,2.31,2.19,UP
TITAN,2013-11-22,220.21,215.2,215.43,-2.28,0.11,-2.17,DOWN
TITAN,2014-01-31,213.12,209.52,208.91,-1.69,-0.29,-1.97,DOWN
TITAN,2014-05-09,241.01,262.43,288.16,8.89,9.8,19.56,UP
TITAN,2014-08-21,332.31,349.31,344.26,5.11,-1.44,3.59,UP
TITAN,2014-11-05,381.53,357.16,355.02,-6.39,-0.6,-6.95,DOWN
TITAN,2015-01-28,375.53,412.42,412.37,9.82,-0.01,9.81,UP
TITAN,2015-05-13,365.92,349.73,360.54,-4.42,3.09,-1.47,DOWN
TITAN,2015-08-04,321.86,302.74,320.04,-5.94,5.71,-0.57,DOWN
TITAN,2015-11-04,326.17,333.45,339.59,2.23,1.84,4.11,UP
TITAN,2016-02-01,329.05,344.9,346.87,4.82,0.57,5.42,UP
TITAN,2016-05-20,360.69,353.02,351.57,-2.13,-0.41,-2.53,DOWN
TITAN,2016-10-03,394.44,392.13,384.65,-0.59,-1.91,-2.48,DOWN
TITAN,2016-11-08,360.25,357.94,323.03,-0.64,-9.75,-10.33,DOWN
TITAN,2017-02-13,366.23,413.1,408.91,12.8,-1.02,11.65,UP
TITAN,2017-05-17,450.52,464.6,464.26,3.13,-0.07,3.05,UP
TITAN,2017-06-16,510.27,498.02,504.48,-2.4,1.3,-1.13,DOWN
TITAN,2017-08-09,522.65,599.98,610.88,14.8,1.82,16.88,UP
TITAN,2017-11-08,615.58,720.29,741.41,17.01,2.93,20.44,UP
TITAN,2018-02-12,796.75,784.0,778.33,-1.6,-0.72,-2.31,DOWN
TITAN,2018-06-18,868.26,869.91,841.51,0.19,-3.26,-3.08,DOWN
TITAN,2018-08-08,887.97,910.02,889.24,2.48,-2.28,0.14,UP
TITAN,2018-11-20,870.84,890.99,891.92,2.31,0.1,2.42,UP
TITAN,2019-02-06,940.29,1030.76,1028.18,9.62,-0.25,9.35,UP
TITAN,2019-05-09,1127.6,1074.94,1123.9,-4.67,4.55,-0.33,DOWN
TITAN,2019-08-07,1055.13,1005.52,1040.13,-4.7,3.44,-1.42,DOWN
TITAN,2019-11-06,1302.88,1130.32,1129.93,-13.24,-0.03,-13.27,DOWN
TITAN,2020-02-05,1168.35,1251.31,1229.17,7.1,-1.77,5.21,UP
TITAN,2020-06-09,937.52,974.87,955.9,3.98,-1.95,1.96,UP
TITAN,2020-08-11,1057.38,1046.49,1083.68,-1.03,3.55,2.49,UP
TITAN,2020-10-29,1221.63,1156.36,1177.71,-5.34,1.85,-3.6,DOWN
TITAN,2021-02-11,1496.88,1496.44,1444.57,-0.03,-3.47,-3.49,DOWN
TITAN,2021-04-30,1453.4,1464.0,1401.92,0.73,-4.24,-3.54,DOWN
TITAN,2021-08-04,1701.07,1770.48,1770.04,4.08,-0.03,4.05,UP
TITAN,2021-10-28,2372.38,2336.72,2414.24,-1.5,3.32,1.76,UP
TITAN,2022-02-03,2338.04,2434.9,2404.11,4.14,-1.26,2.83,UP
TITAN,2022-05-04,2414.19,2252.9,2147.87,-6.68,-4.66,-11.03,DOWN
TITAN,2022-08-08,2322.18,2415.87,2440.55,4.03,1.02,5.1,UP
TITAN,2022-11-07,2701.65,2706.73,2618.12,0.19,-3.27,-3.09,DOWN
TITAN,2023-02-03,2326.67,2431.82,2435.42,4.52,0.15,4.67,UP
TITAN,2023-05-09,2608.3,2713.49,2737.98,4.03,0.9,4.97,UP
TITAN,2023-08-03,2979.76,2874.52,2893.49,-3.53,0.66,-2.9,DOWN
TITAN,2024-02-02,3732.05,3578.07,3542.52,-4.13,-0.99,-5.08,DOWN
TITAN,2024-05-03,3575.45,3500.32,3228.87,-2.1,-7.75,-9.69,DOWN
TITAN,2024-08-02,3384.48,3440.67,3305.42,1.66,-3.93,-2.34,DOWN
TITAN,2024-11-05,3262.49,3210.02,3166.3,-1.61,-1.36,-2.95,DOWN
TITAN,2025-02-04,3305.08,3575.17,3403.36,8.17,-4.81,2.97,UP
TRENT,2007-07-19,57.97,57.94,57.29,-0.05,-1.11,-1.16,DOWN
TRENT,2007-10-18,42.81,40.0,38.98,-6.57,-2.54,-8.94,DOWN
TRENT,2008-01-18,52.84,50.72,47.53,-4.02,-6.29,-10.05,DOWN
TRENT,2008-07-02,37.86,34.38,36.03,-9.2,4.8,-4.84,DOWN
TRENT,2008-07-30,39.2,38.0,38.72,-3.05,1.88,-1.22,DOWN
TRENT,2008-10-22,32.0,30.04,23.6,-6.11,-21.45,-26.25,DOWN
TRENT,2009-01-30,26.4,25.2,24.79,-4.56,-1.6,-6.09,DOWN
TRENT,2009-06-17,39.91,39.97,39.28,0.15,-1.73,-1.58,DOWN
TRENT,2009-07-28,40.7,40.08,41.29,-1.54,3.04,1.45,UP
TRENT,2009-10-27,54.71,52.41,53.47,-4.2,2.02,-2.26,DOWN
TRENT,2010-01-27,66.91,65.83,64.28,-1.61,-2.36,-3.93,DOWN
TRENT,2010-06-01,66.2,65.32,69.65,-1.32,6.63,5.22,UP
TRENT,2010-07-28,89.03,87.18,84.68,-2.08,-2.86,-4.89,DOWN
TRENT,2010-10-27,97.94,98.41,97.21,0.48,-1.22,-0.75,DOWN
TRENT,2011-01-25,84.66,86.99,81.3,2.75,-6.54,-3.96,DOWN
TRENT,2011-05-26,96.1,96.12,98.25,0.02,2.22,2.23,UP
TRENT,2011-07-27,117.34,116.0,117.34,-1.14,1.16,0.0,UP
TRENT,2011-11-02,99.91,102.87,100.21,2.96,-2.59,0.29,UP
TRENT,2012-02-06,85.21,89.74,87.38,5.31,-2.63,2.55,UP
TRENT,2012-05-28,86.57,87.77,88.71,1.38,1.07,2.47,UP
TRENT,2012-07-27,101.49,95.93,100.82,-5.47,5.09,-0.66,DOWN
TRENT,2012-10-29,110.88,108.28,107.45,-2.35,-0.77,-3.1,DOWN
TRENT,2013-01-31,113.51,111.24,112.98,-2.0,1.56,-0.47,DOWN
TRENT,2013-06-06,104.69,101.83,97.17,-2.74,-4.58,-7.19,DOWN
TRENT,2013-08-05,97.94,97.46,96.34,-0.49,-1.15,-1.63,DOWN
TRENT,2013-11-06,89.13,90.86,90.07,1.93,-0.86,1.05,UP
TRENT,2014-02-03,105.52,104.27,102.05,-1.19,-2.12,-3.29,DOWN
TRENT,2014-05-29,96.12,96.8,101.48,0.71,4.84,5.58,UP
TRENT,2014-08-14,117.55,108.45,111.97,-7.74,3.25,-4.74,DOWN
TRENT,2014-11-10,130.3,132.58,140.99,1.75,6.35,8.21,UP
TRENT,2015-01-30,140.2,142.62,143.98,1.73,0.95,2.7,UP
TRENT,2015-05-28,127.13,119.48,116.61,-6.02,-2.41,-8.28,DOWN
TRENT,2015-06-04,121.79,113.0,109.3,-7.22,-3.27,-10.25,DOWN
TRENT,2015-08-07,118.13,120.31,128.58,1.84,6.88,8.85,UP
TRENT,2015-11-06,137.66,137.65,136.79,-0.01,-0.62,-0.63,DOWN
TRENT,2016-02-09,152.41,144.6,139.69,-5.13,-3.39,-8.35,DOWN
TRENT,2016-05-27,174.17,176.73,166.92,1.47,-5.55,-4.17,DOWN
TRENT,2016-10-03,209.33,220.18,214.06,5.19,-2.78,2.26,UP
TRENT,2016-11-07,195.26,192.79,196.89,-1.26,2.12,0.83,UP
TRENT,2017-01-24,210.31,242.74,239.29,15.42,-1.42,13.78,UP
TRENT,2017-06-19,246.54,242.94,241.31,-1.46,-0.67,-2.12,DOWN
TRENT,2017-08-04,257.29,276.39,271.34,7.42,-1.83,5.46,UP
TRENT,2017-11-21,302.02,332.8,339.63,10.19,2.05,12.45,UP
TRENT,2018-02-15,307.07,315.09,315.38,2.61,0.09,2.71,UP
TRENT,2018-04-23,346.86,346.71,346.71,-0.04,0.0,-0.04,DOWN
TRENT,2018-05-28,328.89,329.69,326.27,0.24,-1.04,-0.8,DOWN
TRENT,2018-08-24,356.06,366.18,366.53,2.84,0.09,2.94,UP
TRENT,2018-11-26,329.97,330.32,338.85,0.11,2.58,2.69,UP
TRENT,2019-02-12,349.22,337.96,319.61,-3.22,-5.43,-8.48,DOWN
TRENT,2019-05-06,352.24,372.68,366.68,5.8,-1.61,4.1,UP
TRENT,2019-07-31,416.88,395.21,442.32,-5.2,11.92,6.1,UP
TRENT,2019-11-08,538.33,513.18,495.54,-4.67,-3.44,-7.95,DOWN
TRENT,2020-02-06,578.68,589.46,672.8,1.86,14.14,16.26,UP
TRENT,2020-05-26,438.69,456.73,465.98,4.11,2.02,6.22,UP
TRENT,2020-07-21,609.69,606.51,574.56,-0.52,-5.27,-5.76,DOWN
TRENT,2020-08-13,545.85,572.22,586.5,4.83,2.5,7.45,UP
TRENT,2020-11-06,668.29,670.82,699.43,0.38,4.26,4.66,UP
TRENT,2021-02-04,655.9,666.3,674.9,1.59,1.29,2.9,UP
TRENT,2021-04-30,743.66,772.81,792.06,3.92,2.49,6.51,UP
TRENT,2021-08-10,952.22,941.47,878.81,-1.13,-6.66,-7.71,DOWN
TRENT,2021-11-02,1015.98,1032.7,1095.52,1.65,6.08,7.83,UP
TRENT,2022-02-10,1092.53,1070.68,1076.65,-2.0,0.56,-1.45,DOWN
TRENT,2022-04-27,1243.22,1219.87,1215.09,-1.88,-0.39,-2.26,DOWN
TRENT,2022-08-11,1304.09,1335.48,1469.56,2.41,10.04,12.69,UP
TRENT,2022-11-10,1552.12,1465.78,1411.22,-5.56,-3.72,-9.08,DOWN
TRENT,2023-02-08,1192.43,1231.74,1301.9,3.3,5.7,9.18,UP
TRENT,2023-04-28,1388.84,1362.98,1400.05,-1.86,2.72,0.81,UP
TRENT,2023-08-09,1703.32,1783.42,1924.76,4.7,7.93,13.0,UP
TRENT,2023-11-07,2114.43,2417.92,2483.11,14.35,2.7,17.44,UP
TRENT,2024-02-07,3047.29,3598.45,3792.51,18.09,5.39,24.46,UP
TRENT,2024-04-30,4158.15,4398.84,4497.74,5.79,2.25,8.17,UP
TRENT,2024-08-09,5758.96,6262.48,6425.14,8.74,2.6,11.57,UP
TRENT,2024-11-08,7113.73,6286.03,6484.92,-11.64,3.16,-8.84,DOWN
TRENT,2025-02-06,5499.89,5266.27,5217.62,-4.25,-0.92,-5.13,DOWN
ULTRACEMCO,2007-07-20,829.45,908.09,846.68,9.48,-6.76,2.08,UP
ULTRACEMCO,2007-10-22,1027.88,941.07,908.27,-8.45,-3.48,-11.64,DOWN
ULTRACEMCO,2008-01-21,834.64,735.61,729.04,-11.87,-0.89,-12.65,DOWN
ULTRACEMCO,2008-04-22,737.08,759.82,719.07,3.08,-5.36,-2.44,DOWN
ULTRACEMCO,2008-07-18,511.75,500.12,530.57,-2.27,6.09,3.68,UP
ULTRACEMCO,2008-10-20,414.79,338.91,324.31,-18.29,-4.31,-21.81,DOWN
ULTRACEMCO,2009-01-19,367.79,352.91,360.51,-4.05,2.15,-1.98,DOWN
ULTRACEMCO,2009-04-21,490.75,525.15,527.0,7.01,0.35,7.39,UP
ULTRACEMCO,2009-07-21,673.82,724.28,723.53,7.49,-0.1,7.38,UP
ULTRACEMCO,2009-10-16,783.04,768.75,725.63,-1.82,-5.61,-7.33,DOWN
ULTRACEMCO,2010-01-18,924.41,935.98,882.5,1.25,-5.71,-4.53,DOWN
ULTRACEMCO,2010-04-29,1031.76,947.79,865.18,-8.14,-8.72,-16.14,DOWN
ULTRACEMCO,2010-07-29,797.87,817.03,809.99,2.4,-0.86,1.52,UP
ULTRACEMCO,2010-10-26,1063.75,1033.41,1033.17,-2.85,-0.02,-2.87,DOWN
ULTRACEMCO,2011-01-25,949.43,961.03,941.96,1.22,-1.98,-0.79,DOWN
ULTRACEMCO,2011-04-26,1005.6,994.52,1023.08,-1.1,2.87,1.74,UP
ULTRACEMCO,2011-07-27,936.61,964.7,966.43,3.0,0.18,3.18,UP
ULTRACEMCO,2011-10-20,1049.17,1057.1,1071.56,0.76,1.37,2.13,UP
ULTRACEMCO,2012-01-23,1099.99,1151.0,1161.72,4.64,0.93,5.61,UP
ULTRACEMCO,2012-05-04,1334.78,1289.3,1297.47,-3.41,0.63,-2.8,DOWN
ULTRACEMCO,2012-07-20,1482.9,1479.88,1527.77,-0.2,3.24,3.03,UP
ULTRACEMCO,2012-10-22,1940.53,1919.42,1931.66,-1.09,0.64,-0.46,DOWN
ULTRACEMCO,2013-01-21,1787.35,1833.05,1850.51,2.56,0.95,3.53,UP
ULTRACEMCO,2013-04-23,1722.96,1770.56,1820.52,2.76,2.82,5.66,UP
ULTRACEMCO,2013-04-26,1800.21,1811.18,1786.74,0.61,-1.35,-0.75,DOWN
ULTRACEMCO,2013-08-01,1829.56,1733.4,1592.91,-5.26,-8.11,-12.94,DOWN
ULTRACEMCO,2013-10-21,1883.67,1867.7,1860.07,-0.85,-0.41,-1.25,DOWN
ULTRACEMCO,2014-01-22,1571.36,1615.88,1620.99,2.83,0.32,3.16,UP
ULTRACEMCO,2014-04-25,2097.68,1982.88,1932.87,-5.47,-2.52,-7.86,DOWN
ULTRACEMCO,2014-07-21,2372.67,2405.23,2377.59,1.37,-1.15,0.21,UP
ULTRACEMCO,2014-10-21,2375.19,2296.81,2358.88,-3.3,2.7,-0.69,DOWN
ULTRACEMCO,2015-01-27,2938.1,2987.25,3005.33,1.67,0.61,2.29,UP
ULTRACEMCO,2015-04-30,2672.73,2557.22,2493.67,-4.32,-2.48,-6.7,DOWN
ULTRACEMCO,2015-07-21,3027.78,3085.29,3066.63,1.9,-0.6,1.28,UP
ULTRACEMCO,2015-10-21,2790.2,2780.36,2792.74,-0.35,0.45,0.09,UP
ULTRACEMCO,2016-01-21,2576.49,2586.76,2640.99,0.4,2.1,2.5,UP
ULTRACEMCO,2016-04-27,3268.81,3063.55,3048.48,-6.28,-0.49,-6.74,DOWN
ULTRACEMCO,2016-09-28,3839.09,3823.64,3781.09,-0.4,-1.11,-1.51,DOWN
ULTRACEMCO,2016-10-18,3811.65,3871.86,3831.58,1.58,-1.04,0.52,UP
ULTRACEMCO,2017-02-09,3637.97,3611.7,3566.65,-0.72,-1.25,-1.96,DOWN
ULTRACEMCO,2017-06-19,3957.71,3943.85,3905.64,-0.35,-0.97,-1.32,DOWN
ULTRACEMCO,2017-08-04,3900.82,3937.87,3857.31,0.95,-2.05,-1.12,DOWN
ULTRACEMCO,2017-10-24,3864.21,4078.5,4283.77,5.55,5.03,10.86,UP
ULTRACEMCO,2018-01-22,4250.63,4177.78,4206.68,-1.71,0.69,-1.03,DOWN
ULTRACEMCO,2018-06-27,3519.76,3640.51,3644.51,3.43,0.11,3.54,UP
ULTRACEMCO,2018-08-03,4007.95,4032.09,4105.96,0.6,1.83,2.45,UP
ULTRACEMCO,2018-10-22,3568.68,3350.52,3238.54,-6.11,-3.34,-9.25,DOWN
ULTRACEMCO,2019-01-25,3721.25,3396.53,3330.16,-8.73,-1.95,-10.51,DOWN
ULTRACEMCO,2019-01-28,3695.61,3264.61,3404.8,-11.66,4.29,-7.87,DOWN
ULTRACEMCO,2019-06-26,4364.61,4447.76,4379.31,1.91,-1.54,0.34,UP
ULTRACEMCO,2019-08-08,4216.19,4105.86,4098.83,-2.62,-0.17,-2.78,DOWN
ULTRACEMCO,2019-10-22,3954.6,4121.52,4070.41,4.22,-1.24,2.93,UP
ULTRACEMCO,2020-01-24,4337.87,4503.14,4430.83,3.81,-1.61,2.14,UP
ULTRACEMCO,2020-05-20,3248.64,3422.4,3672.15,5.35,7.3,13.04,UP
ULTRACEMCO,2020-06-03,3672.15,3739.95,3664.59,1.85,-2.02,-0.21,DOWN
ULTRACEMCO,2020-07-28,3748.88,4011.97,4006.08,7.02,-0.15,6.86,UP
ULTRACEMCO,2020-10-21,4264.36,4504.06,4364.24,5.62,-3.1,2.34,UP
ULTRACEMCO,2021-01-25,5304.97,5223.39,5183.35,-1.54,-0.77,-2.29,DOWN
ULTRACEMCO,2021-05-10,6109.34,6230.14,6196.08,1.98,-0.55,1.42,UP
ULTRACEMCO,2021-07-22,6936.29,7257.52,7391.06,4.63,1.84,6.56,UP
ULTRACEMCO,2021-10-18,7190.86,7234.56,6970.28,0.61,-3.65,-3.07,DOWN
ULTRACEMCO,2022-01-17,7389.68,7694.88,7299.29,4.13,-5.14,-1.22,DOWN
ULTRACEMCO,2022-04-29,6694.07,6482.63,6214.2,-3.16,-4.14,-7.17,DOWN
ULTRACEMCO,2022-10-19,5975.56,6291.86,6288.12,5.29,-0.06,5.23,UP
ULTRACEMCO,2023-01-23,7128.2,6735.69,6603.78,-5.51,-1.96,-7.36,DOWN
ULTRACEMCO,2023-04-28,7351.32,7430.38,7377.33,1.08,-0.71,0.35,UP
ULTRACEMCO,2023-07-21,8096.89,7984.01,8213.27,-1.39,2.87,1.44,UP
ULTRACEMCO,2023-10-19,8241.57,8414.99,8155.98,2.1,-3.08,-1.04,DOWN
ULTRACEMCO,2024-01-19,9799.85,9970.99,9848.15,1.75,-1.23,0.49,UP
ULTRACEMCO,2024-04-29,9250.11,9843.31,9696.96,6.41,-1.49,4.83,UP
ULTRACEMCO,2024-05-03,9541.43,9696.96,9403.67,1.63,-3.02,-1.44,DOWN
ULTRACEMCO,2024-07-19,11492.81,11121.43,11314.16,-3.23,1.73,-1.55,DOWN
ULTRACEMCO,2024-10-21,11349.36,10800.84,10974.04,-4.83,1.6,-3.31,DOWN
ULTRACEMCO,2025-01-23,10455.38,11348.96,11225.2,8.55,-1.09,7.36,UP
WIPRO,2007-07-19,46.03,45.49,45.52,-1.17,0.07,-1.11,DOWN
WIPRO,2007-10-19,43.95,45.02,43.8,2.45,-2.73,-0.35,DOWN
WIPRO,2008-01-18,44.1,41.09,39.01,-6.84,-5.05,-11.54,DOWN
WIPRO,2008-04-21,37.16,41.13,40.67,10.67,-1.12,9.43,UP
WIPRO,2008-07-18,39.34,33.4,37.19,-15.11,11.36,-5.47,DOWN
WIPRO,2008-10-22,26.6,25.48,20.02,-4.22,-21.4,-24.72,DOWN
WIPRO,2009-01-21,21.91,20.03,20.61,-8.57,2.89,-5.93,DOWN
WIPRO,2009-04-22,24.51,25.63,29.72,4.58,15.98,21.28,UP
WIPRO,2009-07-22,36.89,41.57,42.41,12.69,2.03,14.97,UP
WIPRO,2009-10-27,52.74,55.81,55.83,5.81,0.04,5.85,UP
WIPRO,2010-01-20,63.93,66.95,64.05,4.72,-4.33,0.19,UP
WIPRO,2010-04-23,66.54,63.76,63.65,-4.19,-0.16,-4.34,DOWN
WIPRO,2010-07-23,62.29,63.91,64.28,2.6,0.57,3.18,UP
WIPRO,2010-10-22,76.0,69.56,66.75,-8.47,-4.04,-12.17,DOWN
WIPRO,2011-01-21,70.28,70.65,68.28,0.53,-3.36,-2.85,DOWN
WIPRO,2011-04-27,69.33,70.21,69.67,1.28,-0.78,0.49,UP
WIPRO,2011-07-20,65.15,62.7,64.46,-3.77,2.81,-1.07,DOWN
WIPRO,2011-10-31,56.2,57.61,58.27,2.52,1.15,3.69,UP
WIPRO,2012-01-20,61.52,65.02,66.25,5.7,1.89,7.7,UP
WIPRO,2012-04-30,67.08,63.96,65.52,-4.65,2.43,-2.33,DOWN
WIPRO,2012-07-24,56.75,55.17,53.34,-2.77,-3.32,-6.0,DOWN
WIPRO,2012-11-02,54.7,58.16,58.68,6.33,0.89,7.28,UP
WIPRO,2013-01-18,63.1,63.38,64.41,0.44,1.62,2.07,UP
WIPRO,2013-04-22,64.6,54.41,52.94,-15.77,-2.71,-18.05,DOWN
WIPRO,2013-07-29,63.66,66.37,70.98,4.25,6.95,11.5,UP
WIPRO,2013-10-22,79.41,83.73,78.25,5.44,-6.55,-1.46,DOWN
WIPRO,2014-01-17,87.98,89.9,94.5,2.18,5.12,7.41,UP
WIPRO,2014-06-19,86.28,87.84,86.87,1.8,-1.1,0.68,UP
WIPRO,2014-07-24,87.53,95.19,90.88,8.76,-4.52,3.84,UP
WIPRO,2014-10-28,94.6,91.37,93.02,-3.42,1.81,-1.67,DOWN
WIPRO,2015-01-19,91.34,96.4,98.95,5.55,2.64,8.34,UP
WIPRO,2015-04-22,103.89,90.63,88.84,-12.76,-1.97,-14.48,DOWN
WIPRO,2015-07-23,96.15,99.26,93.8,3.23,-5.5,-2.45,DOWN
WIPRO,2015-10-21,98.63,97.37,96.91,-1.28,-0.48,-1.75,DOWN
WIPRO,2016-01-18,93.65,92.2,92.81,-1.56,0.67,-0.9,DOWN
WIPRO,2016-02-15,94.87,89.4,92.05,-5.76,2.96,-2.98,DOWN
WIPRO,2016-04-21,93.45,95.03,94.28,1.69,-0.79,0.89,UP
WIPRO,2016-05-23,91.77,91.8,92.67,0.04,0.94,0.98,UP
WIPRO,2016-09-28,81.95,82.4,81.59,0.55,-0.98,-0.44,DOWN
WIPRO,2016-10-17,81.69,80.43,84.39,-1.54,4.92,3.31,UP
WIPRO,2016-10-21,81.47,85.04,80.33,4.38,-5.54,-1.4,DOWN
WIPRO,2017-01-25,82.18,80.7,78.02,-1.8,-3.31,-5.06,DOWN
WIPRO,2017-05-17,87.07,87.36,89.18,0.32,2.09,2.42,UP
WIPRO,2017-08-17,98.35,98.68,99.33,0.33,0.66,0.99,UP
WIPRO,2017-10-23,100.42,101.6,103.45,1.18,1.82,3.02,UP
WIPRO,2018-02-12,103.2,99.2,99.91,-3.88,0.71,-3.19,DOWN
WIPRO,2018-06-27,89.61,87.91,89.47,-1.9,1.78,-0.15,DOWN
WIPRO,2018-08-07,93.78,95.26,95.74,1.57,0.5,2.09,UP
WIPRO,2018-09-06,101.88,110.28,111.22,8.24,0.86,9.17,UP
WIPRO,2018-10-25,109.54,109.37,112.44,-0.16,2.81,2.65,UP
WIPRO,2019-01-18,111.84,118.84,120.7,6.26,1.56,7.92,UP
WIPRO,2019-04-23,129.13,133.63,135.33,3.48,1.27,4.8,UP
WIPRO,2019-07-17,121.88,119.17,121.56,-2.22,2.0,-0.26,DOWN
WIPRO,2019-10-15,109.12,111.85,114.26,2.5,2.15,4.71,UP
WIPRO,2020-01-14,115.75,118.07,115.27,2.0,-2.37,-0.42,DOWN
WIPRO,2020-04-15,87.34,85.98,83.47,-1.56,-2.92,-4.43,DOWN
WIPRO,2020-04-17,88.45,86.19,82.3,-2.55,-4.52,-6.96,DOWN
WIPRO,2020-07-14,102.62,103.71,120.46,1.06,16.16,17.38,UP
WIPRO,2020-10-13,153.92,173.28,156.55,12.58,-9.66,1.71,UP
WIPRO,2021-01-13,187.27,211.56,198.91,12.97,-5.98,6.21,UP
WIPRO,2021-04-15,197.32,198.96,217.16,0.83,9.15,10.06,UP
WIPRO,2021-07-15,245.83,266.04,262.43,8.22,-1.35,6.76,UP
WIPRO,2021-10-13,298.81,310.71,328.7,3.98,5.79,10.0,UP
WIPRO,2022-01-13,329.6,300.15,292.55,-8.93,-2.53,-11.24,DOWN
WIPRO,2022-04-29,251.57,237.38,233.81,-5.64,-1.5,-7.06,DOWN
WIPRO,2022-10-12,184.06,190.33,175.0,3.41,-8.05,-4.92,DOWN
WIPRO,2023-01-13,180.51,183.78,188.11,1.81,2.36,4.21,UP
WIPRO,2023-04-27,168.75,175.11,180.11,3.77,2.86,6.74,UP
WIPRO,2023-07-13,184.23,184.42,195.13,0.1,5.81,5.92,UP
WIPRO,2023-10-18,190.71,190.57,179.2,-0.07,-5.96,-6.03,DOWN
WIPRO,2024-01-12,211.59,217.69,225.62,2.88,3.64,6.63,UP
WIPRO,2024-04-19,223.01,212.2,215.56,-4.84,1.58,-3.34,DOWN
WIPRO,2024-07-19,251.01,261.16,234.4,4.04,-10.25,-6.62,DOWN
WIPRO,2024-10-17,248.95,247.83,255.65,-0.45,3.16,2.69,UP
WIPRO,2025-01-17,274.0,264.3,289.75,-3.54,9.63,5.75,UP
