an_dt,attFileSize,attchmntFile,attchmntText,bflag,csvName,desc,difference,dt,exchdisstime,fileSize,hasXbrl,old_new,orgid,seq_id,smIndustry,sm_isin,sm_name,sort_date,symbol
22-Aug-2026 08:19:20,138.05 KB,https://nsearchives.nseindia.com/corporate/ADANIGREEN_22082026081440_Letters.pdf,Adani Green Energy Limited has informed the Exchange about Schedule of meet,,,Analysts/Institutional Investor Meet/Con. Call Updates,00:00:01,22082026081920,22-Aug-2026 08:19:21,138.05 KB,True,,,106753246,,INE364U01010,Adani Green Energy Limited,2026-08-22 08:19:20,ADANIGREEN
11-Aug-2026 15:07:44,7.93 MB,https://nsearchives.nseindia.com/corporate/ADANIGREEN_11082026150733_Letter.pdf,Adani Green Energy Limited has informed the Exchange about Newspaper Publication for Notice of Extra Ordinary General Meeting,,,Copy of Newspaper Publication,00:00:00,11082026150744,11-Aug-2026 15:07:44,7.93 MB,True,,,106736592,,INE364U01010,Adani Green Energy Limited,2026-08-11 15:07:44,ADANIGREEN
11-Aug-2026 07:24:24,2.56 MB,https://nsearchives.nseindia.com/corporate/ADANIGREEN_11082026072414_AGELCriminal.pdf,Adani Green Energy Limited has informed the Exchange about General Updates,,,General Updates,00:00:01,11082026072424,11-Aug-2026 07:24:25,2.56 MB,True,,,106735929,,INE364U01010,Adani Green Energy Limited,2026-08-11 07:24:24,ADANIGREEN
11-Aug-2026 07:22:18,2.01 MB,https://nsearchives.nseindia.com/corporate/ADANIGREEN_11082026072202_AGELCivil.pdf,Adani Green Energy Limited has informed the Exchange about General Updates,,,General Updates,00:00:02,11082026072218,11-Aug-2026 07:22:20,2.01 MB,True,,,106735928,,INE364U01010,Adani Green Energy Limited,2026-08-11 07:22:18,ADANIGREEN
10-Aug-2026 18:30:24,407.87 KB,https://nsearchives.nseindia.com/corporate/ADANIGREEN_10082026183017_Letter.pdf,"Adani Green Energy Limited has informed the Exchange regarding Notice of Extraordinary General Meeting to be held on September 03, 2026",,,Shareholders meeting,00:00:01,10082026183024,10-Aug-2026 18:30:25,407.87 KB,True,,,106735107,,INE364U01010,Adani Green Energy Limited,2026-08-10 18:30:24,ADANIGREEN
07-Aug-2026 15:16:06,196.89 KB,https://nsearchives.nseindia.com/corporate/ADANIGREEN_07082026151256_Letter.pdf,Adani Green Energy Limited has informed the Exchange about Schedule of meet,,,Analysts/Institutional Investor Meet/Con. Call Updates,00:00:01,07082026151606,07-Aug-2026 15:16:07,196.89 KB,True,,,106731092,,INE364U01010,Adani Green Energy Limited,2026-08-07 15:16:06,ADANIGREEN
01-Aug-2026 15:17:42,136.82 KB,https://nsearchives.nseindia.com/corporate/ADANIGREEN_01082026151714_Letter_6.pdf,Adani Green Energy Limited has informed the Exchange about ESG Rating,,,General Updates,00:00:00,01082026151742,01-Aug-2026 15:17:42,136.82 KB,True,,,106720775,,INE364U01010,Adani Green Energy Limited,2026-08-01 15:17:42,ADANIGREEN
28-Jul-2026 18:39:09,197.66 KB,https://nsearchives.nseindia.com/corporate/ADANIGREEN_28072026183540_Letter.pdf,Adani Green Energy Limited has informed the Exchange about Schedule of meet,,,Analysts/Institutional Investor Meet/Con. Call Updates,00:00:00,28072026183909,28-Jul-2026 18:39:09,197.66 KB,True,,,106714102,,INE364U01010,Adani Green Energy Limited,2026-07-28 18:39:09,ADANIGREEN
27-Jul-2026 15:07:14,382.46 KB,https://nsearchives.nseindia.com/corporate/ADANIGREEN_27072026150703_Letter.pdf,Adani Green Energy Limited has informed the Exchange about Transcript,,,Analysts/Institutional Investor Meet/Con. Call Updates,00:00:02,27072026150714,27-Jul-2026 15:07:16,382.46 KB,True,,,106711832,,INE364U01010,Adani Green Energy Limited,2026-07-27 15:07:14,ADANIGREEN
23-Jul-2026 12:20:37,195.94 KB,https://nsearchives.nseindia.com/corporate/ADANIGREEN_23072026122024_Letter.pdf,Adani Green Energy Limited has informed the Exchange about Link of Recording,,,Analysts/Institutional Investor Meet/Con. Call Updates,00:00:01,23072026122037,23-Jul-2026 12:20:38,195.94 KB,True,,,106707753,,INE364U01010,Adani Green Energy Limited,2026-07-23 12:20:37,ADANIGREEN
22-Jul-2026 14:37:46,12.01 MB,https://nsearchives.nseindia.com/corporate/ADANIGREEN_22072026143730_OutcomeBM22072026.pdf,Adani Green Energy Limited has informed the Exchange about change in Senior Management Personnel - Chief People Officer,,,Change in Management,00:00:01,22072026143746,22-Jul-2026 14:37:47,12.01 MB,True,,,106706412,,INE364U01010,Adani Green Energy Limited,2026-07-22 14:37:46,ADANIGREEN
22-Jul-2026 14:33:34,3.46 MB,https://nsearchives.nseindia.com/corporate/ADANIGREEN_22072026143314_OutcomeBM22072026Presentation.pdf,"Adani Green Energy Limited has informed the Exchange about presentation on operational & financial highlights for the quarter ended June 30, 2026",,,General Updates,00:00:00,22072026143334,22-Jul-2026 14:33:34,3.46 MB,True,,,106706403,,INE364U01010,Adani Green Energy Limited,2026-07-22 14:33:34,ADANIGREEN
22-Jul-2026 14:13:08,12.01 MB,https://nsearchives.nseindia.com/corporate/ADANIGREEN_22072026141111_OutcomeBM22072026.pdf,"Adani Green Energy Limited has submitted to the Exchange, the financial results for the period ended Jun 30, 2026.",,,Outcome of Board Meeting,00:00:01,22072026141308,22-Jul-2026 14:13:09,12.01 MB,True,,,106706388,,INE364U01010,Adani Green Energy Limited,2026-07-22 14:13:08,ADANIGREEN
13-Jul-2026 19:38:12,371.61 KB,https://nsearchives.nseindia.com/corporate/ADANIGREEN_13072026193751_Letter.pdf,Adani Green Energy Limited has informed the Exchange about Schedule of meet,,,Analysts/Institutional Investor Meet/Con. Call Updates,00:00:01,13072026193812,13-Jul-2026 19:38:13,371.61 KB,True,,,106696113,,INE364U01010,Adani Green Energy Limited,2026-07-13 19:38:12,ADANIGREEN
10-Jul-2026 20:56:25,2.24 MB,https://nsearchives.nseindia.com/corporate/ADANIGREEN_10072026205521_Letters.pdf,Adani Green Energy Limited has informed the Exchange regarding 'Provisional operational update: Q1 FY27'.,,,Updates,00:00:01,10072026205625,10-Jul-2026 20:56:26,2.24 MB,True,,,106694231,,INE364U01010,Adani Green Energy Limited,2026-07-10 20:56:25,ADANIGREEN
10-Jul-2026 12:20:42,136.80 KB,https://nsearchives.nseindia.com/corporate/ADANIGREEN_10072026122017_Draft_-_SE_Intimation.pdf,Adani Green Energy Limited has informed the Exchange about ESG Rating,,,General Updates,00:00:01,10072026122042,10-Jul-2026 12:20:43,136.80 KB,True,,,106693262,,INE364U01010,Adani Green Energy Limited,2026-07-10 12:20:42,ADANIGREEN
08-Jul-2026 11:27:52,136.76 KB,https://nsearchives.nseindia.com/corporate/ADANIGREEN_08072026112550_Letter.pdf,Adani Green Energy Limited has informed the Exchange regarding 'ESG Rating - Crisil'.,,,Updates,00:00:01,08072026112752,08-Jul-2026 11:27:53,136.76 KB,True,,,106690185,,INE364U01010,Adani Green Energy Limited,2026-07-08 11:27:52,ADANIGREEN
03-Jul-2026 18:11:35,486.43 KB,https://nsearchives.nseindia.com/corporate/ADANIGREEN_03072026181125_Letter.pdf,"Adani Green Energy Limited has informed the Exchange about Certificate under SEBI (Depositories and Participants) Regulations, 2018",,,"Certificate under SEBI (Depositories and Participants) Regulations, 2018",00:00:00,03072026181135,03-Jul-2026 18:11:35,486.43 KB,True,,,106686058,,INE364U01010,Adani Green Energy Limited,2026-07-03 18:11:35,ADANIGREEN
01-Jul-2026 15:05:01,154.22 KB,https://nsearchives.nseindia.com/corporate/ADANIGREEN_01072026150322_Letters.pdf,Adani Green Energy Limited has informed the Exchange regarding 'Change in Senior Management Personnel   Chief People Officer'.,,,Updates,00:00:01,01072026150501,01-Jul-2026 15:05:02,154.22 KB,True,,,106683237,,INE364U01010,Adani Green Energy Limited,2026-07-01 15:05:01,ADANIGREEN
01-Jul-2026 09:35:56,167.77 KB,https://nsearchives.nseindia.com/corporate/ADANIGREEN_01072026093536_Letters.pdf,Adani Green Energy Limited has informed the Exchange regarding 'Operationalization of Projects'.,,,Updates,00:00:02,01072026093556,01-Jul-2026 09:35:58,167.77 KB,True,,,106682689,,INE364U01010,Adani Green Energy Limited,2026-07-01 09:35:56,ADANIGREEN
28-Jun-2026 11:15:39,137.06 KB,https://nsearchives.nseindia.com/corporate/ADANIGREEN_28062026111523_Letters.pdf,Adani Green Energy Limited has informed the Exchange regarding 'Operationalisation of Project'.,,,Updates,00:00:01,28062026111539,28-Jun-2026 11:15:40,137.06 KB,True,,,106678694,,INE364U01010,Adani Green Energy Limited,2026-06-28 11:15:39,ADANIGREEN
26-Jun-2026 12:27:36,195.21 KB,https://nsearchives.nseindia.com/corporate/ADANIGREEN_26062026122528_Letter.pdf,"Adani Green Energy Limited has informed the Exchange regarding the Trading Window closure pursuant to SEBI (Prohibition of Insider Trading) Regulations, 2015",,,Trading Window,00:00:01,26062026122736,26-Jun-2026 12:27:37,195.21 KB,True,,,106676553,,INE364U01010,Adani Green Energy Limited,2026-06-26 12:27:36,ADANIGREEN
25-Jun-2026 19:02:26,5.45 MB,https://nsearchives.nseindia.com/corporate/ADANIGREEN_25062026190150_VotingResultsScrReport11thAGM.pdf,"Voting Results and Scrutinizer's Report of the 11th Annual General Meeting of the Company held on June 25, 2026",,,Shareholders meeting,00:00:01,25062026190226,25-Jun-2026 19:02:27,5.45 MB,True,,,106675753,,INE364U01010,Adani Green Energy Limited,2026-06-25 19:02:26,ADANIGREEN
25-Jun-2026 11:59:57,305.21 KB,https://nsearchives.nseindia.com/corporate/ADANIGREEN_25062026115752_AGEL_-_Proceedings_of_AGM_dtd_25062026.pdf,Adani Green Energy Limited has informed the Exchange about Proceedings of 11th Annual General Meeting,,,General Updates,00:00:01,25062026115957,25-Jun-2026 11:59:58,305.21 KB,True,,,106674021,,INE364U01010,Adani Green Energy Limited,2026-06-25 11:59:57,ADANIGREEN
12-Jun-2026 19:14:31,154.40 KB,https://nsearchives.nseindia.com/corporate/ADANIGREEN_12062026191412_Letters2.pdf,Adani Green Energy Limited has informed the Exchange about incorporation of wholly owned subsidiary,,,General Updates,00:00:01,12062026191431,12-Jun-2026 19:14:32,154.40 KB,True,,,106662332,,INE364U01010,Adani Green Energy Limited,2026-06-12 19:14:31,ADANIGREEN
12-Jun-2026 19:11:23,136.89 KB,https://nsearchives.nseindia.com/corporate/ADANIGREEN_12062026191108_Letter_4__1_.pdf,Adani Green Energy Limited has informed the Exchange about ESG rating,,,General Updates,00:00:01,12062026191123,12-Jun-2026 19:11:24,136.89 KB,True,,,106662324,,INE364U01010,Adani Green Energy Limited,2026-06-12 19:11:23,ADANIGREEN
02-Jun-2026 18:58:15,9.00 MB,https://nsearchives.nseindia.com/corporate/ADANIGREEN_02062026185755_Letter.pdf,Adani Green Energy Limited has informed the Exchange about Copy of Newspaper Publication,,,Copy of Newspaper Publication,00:00:01,02062026185815,02-Jun-2026 18:58:16,9.00 MB,True,,,106652787,,INE364U01010,Adani Green Energy Limited,2026-06-02 18:58:15,ADANIGREEN
01-Jun-2026 13:15:07,137.06 KB,https://nsearchives.nseindia.com/corporate/ADANIGREEN_01062026131413_Letters.pdf,Adani Green Energy Limited has informed the Exchange regarding 'Operationalisation of Project'.,,,Updates,00:00:01,01062026131507,01-Jun-2026 13:15:08,137.06 KB,True,,,106650899,,INE364U01010,Adani Green Energy Limited,2026-06-01 13:15:07,ADANIGREEN
29-May-2026 22:13:40,14.89 MB,https://nsearchives.nseindia.com/corporate/ADANIGREEN_29052026221250_LetterIARNotice.pdf,Adani Green Energy Limited has informed the Exchange about Notice of 11th Annual General Meeting,,,General Updates,00:00:02,29052026221340,29-May-2026 22:13:42,14.89 MB,True,,,106648441,,INE364U01010,Adani Green Energy Limited,2026-05-29 22:13:40,ADANIGREEN
29-May-2026 22:05:45,674.28 KB,https://nsearchives.nseindia.com/corporate/ADANIGREEN_29052026220526_LetterBRSR.pdf,"Adani Green Energy Limited has informed the Exchange about Business Responsibility and Sustainability Report for the Financial Year ended March 31, 2026",,,General Updates,00:00:01,29052026220545,29-May-2026 22:05:46,674.28 KB,True,,,106648428,,INE364U01010,Adani Green Energy Limited,2026-05-29 22:05:45,ADANIGREEN
29-May-2026 22:02:47,14.89 MB,https://nsearchives.nseindia.com/corporate/ADANIGREEN_29052026220215_LetterIARNotice.pdf,Adani Green Energy Limited has informed the Exchange about Integrated Annual Report for FY 25-26 and Notice of the 11th AGM,,,General Updates,00:00:01,29052026220247,29-May-2026 22:02:48,14.89 MB,True,,,106648424,,INE364U01010,Adani Green Energy Limited,2026-05-29 22:02:47,ADANIGREEN
27-May-2026 11:37:10,6.75 MB,https://nsearchives.nseindia.com/corporate/ADANIGREEN_27052026113630_Letter.pdf,Adani Green Energy Limited has informed the Exchange about Copy of Newspaper Advertisement for the 11th Annual General Meeting,,,Copy of Newspaper Publication,00:00:01,27052026113710,27-May-2026 11:37:11,6.75 MB,True,,,106642997,,INE364U01010,Adani Green Energy Limited,2026-05-27 11:37:10,ADANIGREEN
26-May-2026 12:18:26,189.89 KB,https://nsearchives.nseindia.com/corporate/ADANIGREEN_26052026121807_Letter.pdf,Adani Green Energy Limited has informed the Exchange about Schedule of meet,,,Analysts/Institutional Investor Meet/Con. Call Updates,00:00:01,26052026121826,26-May-2026 12:18:27,189.89 KB,True,,,106640929,,INE364U01010,Adani Green Energy Limited,2026-05-26 12:18:26,ADANIGREEN
26-May-2026 08:31:26,269.86 KB,https://nsearchives.nseindia.com/corporate/ADANIGREEN_26052026083108_LettersPR.pdf,"Adani Green Energy Limited has informed the Exchange regarding a press release dated May 26, 2026, titled ""Adani Green Energy commissionsthe world's largest single-location battery energy storage system of 3.37 GWh;strengthens reliable and clean power access"".",,,Press Release,00:00:01,26052026083126,26-May-2026 08:31:27,269.86 KB,True,,,106640621,,INE364U01010,Adani Green Energy Limited,2026-05-26 08:31:26,ADANIGREEN
26-May-2026 08:24:43,168.38 KB,https://nsearchives.nseindia.com/corporate/ADANIGREEN_26052026082234_Letters.pdf,Adani Green Energy Limited has informed the Exchange regarding 'Operationalization of Projects'.,,,Updates,00:00:01,26052026082443,26-May-2026 08:24:44,168.38 KB,True,,,106640620,,INE364U01010,Adani Green Energy Limited,2026-05-26 08:24:43,ADANIGREEN
18-May-2026 22:19:52,171.72 KB,https://nsearchives.nseindia.com/corporate/ADANIGREEN_18052026221847_Letters.pdf,Adani Green Energy Limited has informed the Exchange regarding 'Further Update on US Matter'.,,,Updates,00:00:01,18052026221952,18-May-2026 22:19:53,171.72 KB,True,,,106628453,,INE364U01010,Adani Green Energy Limited,2026-05-18 22:19:52,ADANIGREEN
16-May-2026 18:44:44,188.91 KB,https://nsearchives.nseindia.com/corporate/ADANIGREEN_16052026184248_Letter.pdf,Adani Green Energy Limited has informed the Exchange about Schedule of meet,,,Analysts/Institutional Investor Meet/Con. Call Updates,00:00:01,16052026184444,16-May-2026 18:44:45,188.91 KB,True,,,106626510,,INE364U01010,Adani Green Energy Limited,2026-05-16 18:44:44,ADANIGREEN
15-May-2026 06:03:05,153.42 KB,https://nsearchives.nseindia.com/corporate/ADANIGREEN_15052026060253_Letter.pdf,Adani Green Energy Limited has informed the Exchange regarding 'Further Update on US Matter '.,,,Updates,00:00:01,15052026060305,15-May-2026 06:03:06,153.42 KB,True,,,106623875,,INE364U01010,Adani Green Energy Limited,2026-05-15 06:03:05,ADANIGREEN
10-May-2026 19:56:48,137.13 KB,https://nsearchives.nseindia.com/corporate/ADANIGREEN_10052026195613_Letters.pdf,Adani Green Energy Limited has informed the Exchange regarding 'Operationalisation of Project'.,,,Updates,00:00:01,10052026195648,10-May-2026 19:56:49,137.13 KB,True,,,106616197,,INE364U01010,Adani Green Energy Limited,2026-05-10 19:56:48,ADANIGREEN
07-May-2026 14:58:03,154.95 KB,https://nsearchives.nseindia.com/corporate/ADANIGREEN_07052026145753_Letter_3.pdf,Adani Green Energy Limited has informed the Exchange about incorporation of step-down subsidiary companies,,,General Updates,00:00:00,07052026145803,07-May-2026 14:58:03,154.95 KB,True,,,106612731,,INE364U01010,Adani Green Energy Limited,2026-05-07 14:58:03,ADANIGREEN
06-May-2026 11:10:45,136.72 KB,https://nsearchives.nseindia.com/corporate/ADANIGREEN_06052026110905_Letters.pdf,Adani Green Energy Limited has informed the Exchange about Schedule of meet,,,Analysts/Institutional Investor Meet/Con. Call Updates,00:00:01,06052026111045,06-May-2026 11:10:46,136.72 KB,True,,,106610766,,INE364U01010,Adani Green Energy Limited,2026-05-06 11:10:45,ADANIGREEN
30-Apr-2026 12:57:44,283.92 KB,https://nsearchives.nseindia.com/corporate/team_sandeshc_15042026124543_AGEL.pdf,"S.B. Adani Family Trust has Submitted to the Exchange a copy of Disclosure under Regulation 31(4) of the Securities and Exchange Board of India (Substantial Acquisition of Shares and Takeovers) Regulations, 2011.",,,Disclosure under SEBI Takeover Regulations,00:00:01,30042026125744,30-Apr-2026 12:57:45,283.92 KB,True,,,106590048,,INE364U01010,Adani Green Energy Limited,2026-04-30 12:57:44,ADANIGREEN
28-Apr-2026 18:21:53,349.97 KB,https://nsearchives.nseindia.com/corporate/ADANIGREEN_28042026182130_Letter_Fixed_Income.pdf,Adani Green Energy Limited has informed the Exchange about Transcript of Earnings Call with Fixed Income Investors,,,Analysts/Institutional Investor Meet/Con. Call Updates,00:00:01,28042026182153,28-Apr-2026 18:21:54,349.97 KB,True,,,106603018,,INE364U01010,Adani Green Energy Limited,2026-04-28 18:21:53,ADANIGREEN
28-Apr-2026 18:18:02,500.81 KB,https://nsearchives.nseindia.com/corporate/ADANIGREEN_28042026181730_Letter_Equity.pdf,Adani Green Energy Limited has informed the Exchange about Transcript,,,Analysts/Institutional Investor Meet/Con. Call Updates,00:00:01,28042026181802,28-Apr-2026 18:18:03,500.81 KB,True,,,106603007,,INE364U01010,Adani Green Energy Limited,2026-04-28 18:18:02,ADANIGREEN
25-Apr-2026 13:31:47,112.67 KB,https://nsearchives.nseindia.com/corporate/ADANIGREEN_25042026133134_Letter.pdf,Adani Green Energy Limited has informed the Exchange about Link of Recording,,,Analysts/Institutional Investor Meet/Con. Call Updates,00:00:00,25042026133147,25-Apr-2026 13:31:47,112.67 KB,True,,,106600324,,INE364U01010,Adani Green Energy Limited,2026-04-25 13:31:47,ADANIGREEN
24-Apr-2026 14:14:31,3.65 MB,https://nsearchives.nseindia.com/corporate/ADANIGREEN_24042026141311_Outcome_Presentation.pdf,Adani Green Energy Limited has informed the Exchange regarding 'Presentation on Operational and Financial highlights'.,,,Updates,00:00:01,24042026141431,24-Apr-2026 14:14:32,3.65 MB,True,,,106599373,,INE364U01010,Adani Green Energy Limited,2026-04-24 14:14:31,ADANIGREEN
24-Apr-2026 14:10:56,14.74 MB,https://nsearchives.nseindia.com/corporate/ADANIGREEN_24042026141045_Lettersigned.pdf,"Adani Green Energy Limited has submitted to the Exchange, the financial results for the period ended March 31, 2026.",,,Outcome of Board Meeting,00:00:02,24042026141056,24-Apr-2026 14:10:58,14.74 MB,True,,,106599369,,INE364U01010,Adani Green Energy Limited,2026-04-24 14:10:56,ADANIGREEN
22-Apr-2026 21:25:38,137.05 KB,https://nsearchives.nseindia.com/corporate/ADANIGREEN_22042026212525_Letter.pdf,Adani Green Energy Limited has informed the Exchange regarding 'Operationalisation ofProject'.,,,Updates,00:00:00,22042026212538,22-Apr-2026 21:25:38,137.05 KB,True,,,106597384,,INE364U01010,Adani Green Energy Limited,2026-04-22 21:25:38,ADANIGREEN
18-Apr-2026 17:41:58,141.35 KB,https://nsearchives.nseindia.com/corporate/ADANIGREEN_18042026174030_Letters.pdf,Adani Green Energy Limited has informed the Exchange regarding 'Further update on USA Matter'.,,,Updates,00:00:01,18042026174158,18-Apr-2026 17:41:59,141.35 KB,True,,,106593554,,INE364U01010,Adani Green Energy Limited,2026-04-18 17:41:58,ADANIGREEN
13-Apr-2026 13:11:38,321.87 KB,https://nsearchives.nseindia.com/corporate/ADANIGREEN_13042026131108_Letter.pdf,Adani Green Energy Limited has informed the Exchange about Schedule of meet,,,Analysts/Institutional Investor Meet/Con. Call Updates,00:00:01,13042026131138,13-Apr-2026 13:11:39,321.87 KB,True,,,106588101,,INE364U01010,Adani Green Energy Limited,2026-04-13 13:11:38,ADANIGREEN
11-Apr-2026 22:17:18,131.84 KB,https://nsearchives.nseindia.com/corporate/ADANIGREEN_11042026221650_Letter.pdf,Adani Green Energy Limited has informed the Exchange regarding 'ESG Rating'.,,,Updates,00:00:01,11042026221718,11-Apr-2026 22:17:19,131.84 KB,True,,,106587600,,INE364U01010,Adani Green Energy Limited,2026-04-11 22:17:18,ADANIGREEN
10-Apr-2026 18:16:46,2.33 MB,https://nsearchives.nseindia.com/corporate/ADANIGREEN_10042026181619_Letter.pdf,Adani Green Energy Limited has informed the Exchange regarding 'Provisional Operational Update: FY 26'.,,,Updates,00:00:01,10042026181646,10-Apr-2026 18:16:47,2.33 MB,True,,,106586903,,INE364U01010,Adani Green Energy Limited,2026-04-10 18:16:46,ADANIGREEN
09-Apr-2026 11:09:54,167.67 KB,https://nsearchives.nseindia.com/corporate/ADANIGREEN_09042026110827_Letters.pdf,Adani Green Energy Limited has informed the Exchange regarding 'Intimation of execution of Joint Venture Agreement by wholly-owned subsidiary with Minerva Holding RSC Ltd for Minerva Renewables Holding RSC Limited'.,,,Updates,00:00:01,09042026110954,09-Apr-2026 11:09:55,167.67 KB,True,,,106584636,,INE364U01010,Adani Green Energy Limited,2026-04-09 11:09:54,ADANIGREEN
08-Apr-2026 13:30:42,194.57 KB,https://nsearchives.nseindia.com/corporate/ADANIGREEN_08042026133028_Letter.pdf,Adani Green Energy Limited has informed the Exchange regarding 'Further update on USA matter'.,,,Updates,00:00:01,08042026133042,08-Apr-2026 13:30:43,194.57 KB,True,,,106583432,,INE364U01010,Adani Green Energy Limited,2026-04-08 13:30:42,ADANIGREEN
03-Apr-2026 16:01:38,491.17 KB,https://nsearchives.nseindia.com/corporate/ADANIGREEN_03042026160126_Letter74.pdf,"Adani Green Energy Limited has informed the Exchange about Certificate under Reg. 74(5) of SEBI (Depositories and Participants) Regulations, 2018",,,"Certificate under SEBI (Depositories and Participants) Regulations, 2018",00:00:02,03042026160138,03-Apr-2026 16:01:40,491.17 KB,True,,,106579262,,INE364U01010,Adani Green Energy Limited,2026-04-03 16:01:38,ADANIGREEN
01-Apr-2026 08:27:52,346.73 KB,https://nsearchives.nseindia.com/corporate/ADANIGREEN_01042026082551_LettersPR.pdf,"Adani Green Energy Limited has informed the Exchange regarding a press release dated April 01, 2026, titled ""Adani Green Energy Delivers on 5GW Commitment in FY26, Marking a Global High for Greenfield Expansion"".",,,Press Release,00:00:01,01042026082752,01-Apr-2026 08:27:53,346.73 KB,True,,,106576631,,INE364U01010,Adani Green Energy Limited,2026-04-01 08:27:52,ADANIGREEN
01-Apr-2026 08:23:37,174.45 KB,https://nsearchives.nseindia.com/corporate/ADANIGREEN_01042026082227_Letters.pdf,Adani Green Energy Limited has informed the Exchange regarding 'Operationalization of Projects'.,,,Updates,00:00:01,01042026082337,01-Apr-2026 08:23:38,174.45 KB,True,,,106576628,,INE364U01010,Adani Green Energy Limited,2026-04-01 08:23:37,ADANIGREEN
30-Mar-2026 08:53:15,153.69 KB,https://nsearchives.nseindia.com/corporate/ADANIGREEN_30032026085230_Letters.pdf,Adani Green Energy Limited has informed the Exchange regarding 'Operationalization of Projects '.,,,Updates,00:00:02,30032026085315,30-Mar-2026 08:53:17,153.69 KB,True,,,106573494,,INE364U01010,Adani Green Energy Limited,2026-03-30 08:53:15,ADANIGREEN
26-Mar-2026 18:05:46,187.92 KB,https://nsearchives.nseindia.com/corporate/ADANIGREEN_26032026180525_Letter.pdf,"Adani Green Energy Limited has informed the Exchange regarding the Trading Window closure pursuant to SEBI (Prohibition of Insider Trading) Regulations, 2015",,,Trading Window,00:00:01,26032026180546,26-Mar-2026 18:05:47,187.92 KB,True,,,106570074,,INE364U01010,Adani Green Energy Limited,2026-03-26 18:05:46,ADANIGREEN
23-Mar-2026 07:35:48,153.57 KB,https://nsearchives.nseindia.com/corporate/ADANIGREEN_23032026073445_Letters.pdf,Adani Green Energy Limited has informed the Exchange regarding 'Operationalization of Projects'.,,,Updates,00:00:01,23032026073548,23-Mar-2026 07:35:49,153.57 KB,True,,,106563353,,INE364U01010,Adani Green Energy Limited,2026-03-23 07:35:48,ADANIGREEN
11-Mar-2026 18:34:45,189.12 KB,https://nsearchives.nseindia.com/corporate/ADANIGREEN_11032026183434_Letter.pdf,Adani Green Energy Limited has informed the Exchange about Schedule of meet,,,Analysts/Institutional Investor Meet/Con. Call Updates,00:00:02,11032026183445,11-Mar-2026 18:34:47,189.12 KB,True,,,106555063,,INE364U01010,Adani Green Energy Limited,2026-03-11 18:34:45,ADANIGREEN
28-Feb-2026 13:29:47,136.75 KB,https://nsearchives.nseindia.com/corporate/ADANIGREEN_28022026132913_Letters_8.pdf,Adani Green Energy Limited has informed the Exchange about Operationalization of Project,,,General Updates,00:00:01,28022026132947,28-Feb-2026 13:29:48,136.75 KB,True,,,106547358,,INE364U01010,Adani Green Energy Limited,2026-02-28 13:29:47,ADANIGREEN
25-Feb-2026 17:52:55,152.32 KB,https://nsearchives.nseindia.com/corporate/ADANIGREEN_25022026175213_Letter_1.pdf,Adani Green Energy Limited has informed the Exchange about Incorporation of wholly-owned subsidiary company,,,General Updates,00:00:00,25022026175255,25-Feb-2026 17:52:55,152.32 KB,True,,,106544647,,INE364U01010,Adani Green Energy Limited,2026-02-25 17:52:55,ADANIGREEN
17-Feb-2026 18:56:16,199.63 KB,https://nsearchives.nseindia.com/corporate/ADANIGREEN_17022026185526_Letter.pdf,Adani Green Energy Limited has informed the Exchange about incorporation of step-down subsidiary company,,,General Updates,00:00:01,17022026185616,17-Feb-2026 18:56:17,199.63 KB,True,,,106538321,,INE364U01010,Adani Green Energy Limited,2026-02-17 18:56:16,ADANIGREEN
02-Feb-2026 13:12:13,142.69 KB,https://nsearchives.nseindia.com/corporate/ADANIGREEN_02022026131153_Response.pdf,The Exchange has sought clarification from Adani Green Energy Limited with respect to recent news item captioned Three Adani group companies plan to raise $2 billion from Japanese markets.  The response from the Company is attached.,,,News Verification,00:00:00,02022026131213,02-Feb-2026 13:12:13,142.69 KB,True,,,106515760,,INE364U01010,Adani Green Energy Limited,2026-02-02 13:12:13,ADANIGREEN
02-Feb-2026 11:53:56,215.55 KB,https://nsearchives.nseindia.com/corporate/ADANIGREEN_27012026151951_AGEL_Letter_to_NSE_UFR_Sep_2025.pdf,"The Exchange had sought clarification from Adani Green Energy Limited for the quarter ended 30-Sep-2025 with respect to Regulation 33 of the SEBI (Listing Obligations and Disclosure Requirements) Regulations, 2015. On basis of above the Company was required to clarify the following: -1.Financial results submitted in XBRL with discrepancies   The response of the Company is enclosed.",,,Reply to Clarification- Financial results,00:00:01,02022026115356,02-Feb-2026 11:53:57,215.55 KB,True,,,106515615,,INE364U01010,Adani Green Energy Limited,2026-02-02 11:53:56,ADANIGREEN
01-Feb-2026 16:56:04,0 Bytes,-,The Exchange has sought clarification from Adani Green Energy Limited with respect to recent news item captioned Three Adani group companies plan to raise $2 billion from Japanese markets.  The response from the Company is awaited.,,,News Verification,00:00:01,01022026165604,01-Feb-2026 16:56:05,0 Bytes,True,,,106515139,,INE364U01010,Adani Green Energy Limited,2026-02-01 16:56:04,ADANIGREEN
31-Jan-2026 11:04:23,136.21 KB,https://nsearchives.nseindia.com/corporate/ADANIGREEN_31012026110309_Letters.pdf,Adani Green Energy Limited has informed the Exchange regarding 'Further update on USA matter'.,,,Updates,00:00:01,31012026110423,31-Jan-2026 11:04:24,136.21 KB,True,,,106514274,,INE364U01010,Adani Green Energy Limited,2026-01-31 11:04:23,ADANIGREEN
31-Jan-2026 00:10:09,139.99 KB,https://nsearchives.nseindia.com/corporate/ADANIGREEN_31012026000925_Letters.pdf,Adani Green Energy Limited has informed the Exchange regarding 'Further Update on USA Matter'.,,,Updates,00:00:01,31012026001009,31-Jan-2026 00:10:10,139.99 KB,True,,,106514187,,INE364U01010,Adani Green Energy Limited,2026-01-31 00:10:09,ADANIGREEN
30-Jan-2026 18:42:11,199.76 KB,https://nsearchives.nseindia.com/corporate/ADANIGREEN_30012026184140_Letter.pdf,Adani Green Energy Limited has informed the Exchange about incorporation of step-down subsidiary company,,,General Updates,00:00:02,30012026184211,30-Jan-2026 18:42:13,199.76 KB,True,,,106513706,,INE364U01010,Adani Green Energy Limited,2026-01-30 18:42:11,ADANIGREEN
30-Jan-2026 16:09:42,2.35 MB,https://nsearchives.nseindia.com/corporate/ADANIGREEN_30012026160923_Letter.pdf,Adani Green Energy Limited has informed the Exchange about General Updates,,,General Updates,00:00:01,30012026160942,30-Jan-2026 16:09:43,2.35 MB,True,,,106513209,,INE364U01010,Adani Green Energy Limited,2026-01-30 16:09:42,ADANIGREEN
30-Jan-2026 11:11:45,189.22 KB,https://nsearchives.nseindia.com/corporate/ADANIGREEN_30012026111113_Letter.pdf,Adani Green Energy Limited has informed the Exchange about Transcript,,,Analysts/Institutional Investor Meet/Con. Call Updates,00:00:01,30012026111145,30-Jan-2026 11:11:46,189.22 KB,True,,,106512635,,INE364U01010,Adani Green Energy Limited,2026-01-30 11:11:45,ADANIGREEN
30-Jan-2026 09:13:43,250.85 KB,https://nsearchives.nseindia.com/corporate/ADANIGREEN_30012026091312_Draft.pdf,"Adani Green Energy Limited has informed the Exchange regarding a press release dated January 30, 2026, titled ""Adani Companies Secure Landmark Japanese Credit Ratings   JCR Ratings"".",,,Press Release,00:00:00,30012026091343,30-Jan-2026 09:13:43,250.85 KB,True,,,106512402,,INE364U01010,Adani Green Energy Limited,2026-01-30 09:13:43,ADANIGREEN
29-Jan-2026 19:16:47,188.56 KB,https://nsearchives.nseindia.com/corporate/ADANIGREEN_29012026191507_Letter.pdf,Adani Green Energy Limited has informed the Exchange about Credit Rating,,,Credit Rating,00:00:00,29012026191647,29-Jan-2026 19:16:47,188.56 KB,True,,,106511910,,INE364U01010,Adani Green Energy Limited,2026-01-29 19:16:47,ADANIGREEN
28-Jan-2026 22:12:58,131.30 KB,https://nsearchives.nseindia.com/corporate/ADANIGREEN_28012026221019_Draft.pdf,Adani Green Energy Limited has informed the Exchange about Schedule of meet,,,Analysts/Institutional Investor Meet/Con. Call Updates,00:00:02,28012026221258,28-Jan-2026 22:13:00,131.30 KB,True,,,106510367,,INE364U01010,Adani Green Energy Limited,2026-01-28 22:12:58,ADANIGREEN
27-Jan-2026 15:40:32,147.24 KB,https://nsearchives.nseindia.com/corporate/ADANIGREEN_27012026153954_Letter2.pdf,"The Exchange has sought clarification from Adani Green Energy Limited with respect to recent news item captioned Adani Green targets 7 GWh BESS in Gujarat & up to &#8377;40,000 crore capex in FY27.  The response from the Company is attached.",,,News Verification,00:00:01,27012026154032,27-Jan-2026 15:40:33,147.24 KB,True,,,106508129,,INE364U01010,Adani Green Energy Limited,2026-01-27 15:40:32,ADANIGREEN
27-Jan-2026 15:36:49,146.93 KB,https://nsearchives.nseindia.com/corporate/ADANIGREEN_27012026153605_Letter.pdf,Adani Green Energy Limited has informed the Exchange regarding 'Clarification on news item'.,,,Updates,00:00:01,27012026153649,27-Jan-2026 15:36:50,146.93 KB,True,,,106508123,,INE364U01010,Adani Green Energy Limited,2026-01-27 15:36:49,ADANIGREEN
27-Jan-2026 13:04:22,0 Bytes,-,"The Exchange has sought clarification from Adani Green Energy Limited with respect to recent news item captioned Adani Green targets 7 GWh BESS in Gujarat & up to &#8377;40,000 crore capex in FY27.  The response from the Company is awaited.",,,News Verification,00:00:01,27012026130422,27-Jan-2026 13:04:23,0 Bytes,True,,,106507980,,INE364U01010,Adani Green Energy Limited,2026-01-27 13:04:22,ADANIGREEN
25-Jan-2026 10:58:09,139.67 KB,https://nsearchives.nseindia.com/corporate/ADANIGREEN_25012026105707_Letters.pdf,Adani Green Energy Limited has informed the Exchange regarding 'Operationalization of Project'.,,,Updates,00:00:01,25012026105809,25-Jan-2026 10:58:10,139.67 KB,True,,,106507479,,INE364U01010,Adani Green Energy Limited,2026-01-25 10:58:09,ADANIGREEN
24-Jan-2026 21:37:06,139.82 KB,https://nsearchives.nseindia.com/corporate/ADANIGREEN_24012026213629_Letters.pdf,Adani Green Energy Limited has informed the Exchange regarding 'Update'.,,,Updates,00:00:01,24012026213706,24-Jan-2026 21:37:07,139.82 KB,True,,,106507402,,INE364U01010,Adani Green Energy Limited,2026-01-24 21:37:06,ADANIGREEN
23-Jan-2026 23:53:51,147.31 KB,https://nsearchives.nseindia.com/corporate/ADANIGREEN_23012026235302_LetterHead.pdf,The Exchange has sought clarification from Adani Green Energy Limited with respect to recent news item captioned SEC seeks fresh pathway to advance in stalled Adani fraud case.  The response from the Company is attached.,,,News Verification,00:00:01,23012026235351,23-Jan-2026 23:53:52,147.31 KB,True,,,106507056,,INE364U01010,Adani Green Energy Limited,2026-01-23 23:53:51,ADANIGREEN
23-Jan-2026 23:51:18,145.75 KB,https://nsearchives.nseindia.com/corporate/ADANIGREEN_23012026234926_LetterHead2.pdf,Adani Green Energy Limited has informed the Exchange regarding 'Clarification on news item'.,,,Updates,00:00:01,23012026235118,23-Jan-2026 23:51:19,145.75 KB,True,,,106507055,,INE364U01010,Adani Green Energy Limited,2026-01-23 23:51:18,ADANIGREEN
23-Jan-2026 19:07:25,186.92 KB,https://nsearchives.nseindia.com/corporate/ADANIGREEN_23012026190620_Letter.pdf,Adani Green Energy Limited has informed the Exchange about Link of Recording,,,Analysts/Institutional Investor Meet/Con. Call Updates,00:00:00,23012026190725,23-Jan-2026 19:07:25,186.92 KB,True,,,106506693,,INE364U01010,Adani Green Energy Limited,2026-01-23 19:07:25,ADANIGREEN
23-Jan-2026 14:14:24,3.62 MB,https://nsearchives.nseindia.com/corporate/ADANIGREEN_23012026141406_Outcome_of_BM_23012026_Presentation.pdf,"Adani Green Energy Limited has informed the Exchange about Presentation on Operational & Financial Highlights for nine months ended December 31, 2025",,,General Updates,00:00:01,23012026141424,23-Jan-2026 14:14:25,3.62 MB,True,,,106506112,,INE364U01010,Adani Green Energy Limited,2026-01-23 14:14:24,ADANIGREEN
23-Jan-2026 14:07:07,14.97 MB,https://nsearchives.nseindia.com/corporate/ADANIGREEN_23012026140545_Outcome_of_BM_230120261.pdf,"Adani Green Energy Limited has submitted to the Exchange, the financial results for the period ended December 31, 2025.",,,Outcome of Board Meeting,00:00:01,23012026140707,23-Jan-2026 14:07:08,14.97 MB,True,,,106506099,,INE364U01010,Adani Green Energy Limited,2026-01-23 14:07:07,ADANIGREEN
23-Jan-2026 14:00:33,14.97 MB,https://nsearchives.nseindia.com/corporate/ADANIGREEN_23012026135949_Outcome_of_BM_230120261.pdf,"Adani Green Energy Limited has informed the Exchange regarding  Board meeting held on January 23, 2026.",,,Outcome of Board Meeting,00:00:01,23012026140033,23-Jan-2026 14:00:34,14.97 MB,True,,,106506093,,INE364U01010,Adani Green Energy Limited,2026-01-23 14:00:33,ADANIGREEN
23-Jan-2026 12:32:36,0 Bytes,-,The Exchange has sought clarification from Adani Green Energy Limited with respect to recent news item captioned SEC seeks fresh pathway to advance in stalled Adani fraud case.  The response from the Company is awaited.,,,News Verification,00:00:01,23012026123236,23-Jan-2026 12:32:37,0 Bytes,True,,,106505968,,INE364U01010,Adani Green Energy Limited,2026-01-23 12:32:36,ADANIGREEN
12-Jan-2026 11:25:29,2.30 MB,https://nsearchives.nseindia.com/corporate/ADANIGREEN_12012026112331_Letters_7.pdf,Adani Green Energy Limited has informed the Exchange about Provisional operational update: 9M FY26,,,General Updates,00:00:01,12012026112529,12-Jan-2026 11:25:30,2.30 MB,True,,,106494290,,INE364U01010,Adani Green Energy Limited,2026-01-12 11:25:29,ADANIGREEN
12-Jan-2026 11:20:34,0 Bytes,-,"The Exchange has sought clarification from Adani Green Energy Limited for the quarter ended 30-Sep-2025 with respect to Regulation 33 of the SEBI (Listing Obligations and Disclosure Requirements) Regulations, 2015. On basis of above the Company is required to clarify the following: -1. Financial results submitted in XBRL with discrepancies  The response of the Company is awaited.",,,Clarification - Financial Results,00:00:01,12012026112034,12-Jan-2026 11:20:35,0 Bytes,True,,,106494287,,INE364U01010,Adani Green Energy Limited,2026-01-12 11:20:34,ADANIGREEN
07-Jan-2026 19:30:31,186.16 KB,https://nsearchives.nseindia.com/corporate/ADANIGREEN_07012026193011_Letters_6.pdf,Adani Green Energy Limited has informed the Exchange about execution of Power Consumption Agreement and Investment Agreement by subsidiary of the Company,,,Agreements,00:00:01,07012026193031,07-Jan-2026 19:30:32,186.16 KB,True,,,106490749,,INE364U01010,Adani Green Energy Limited,2026-01-07 19:30:31,ADANIGREEN
07-Jan-2026 11:10:26,151.38 KB,https://nsearchives.nseindia.com/corporate/ADANIGREEN_07012026111007_Letters_5.pdf,Adani Green Energy Limited has informed the Exchange about Incorporation of step-down subsidiary company,,,General Updates,00:00:01,07012026111026,07-Jan-2026 11:10:27,151.38 KB,True,,,106489879,,INE364U01010,Adani Green Energy Limited,2026-01-07 11:10:26,ADANIGREEN
06-Jan-2026 19:07:37,198.67 KB,https://nsearchives.nseindia.com/corporate/ADANIGREEN_06012026190425_Letter.pdf,Adani Green Energy Limited has informed the Exchange about Incorporation of step-down subsidiary companies,,,General Updates,00:00:01,06012026190737,06-Jan-2026 19:07:38,198.67 KB,True,,,106489331,,INE364U01010,Adani Green Energy Limited,2026-01-06 19:07:37,ADANIGREEN
05-Jan-2026 16:17:12,357.90 KB,https://nsearchives.nseindia.com/corporate/ADANIGREEN_05012026161605_Letter.pdf,Adani Green Energy Limited has informed the Exchange regarding 'details of Investor Calls'.,,,Updates,00:00:01,05012026161712,05-Jan-2026 16:17:13,357.90 KB,True,,,106487650,,INE364U01010,Adani Green Energy Limited,2026-01-05 16:17:12,ADANIGREEN
05-Jan-2026 11:19:47,489.39 KB,https://nsearchives.nseindia.com/corporate/ADANIGREEN_05012026111738_Letter.pdf,"Adani Green Energy Limited has informed the Exchange about Certificate under SEBI (Depositories and Participants) Regulations, 2018",,,"Certificate under SEBI (Depositories and Participants) Regulations, 2018",00:00:01,05012026111947,05-Jan-2026 11:19:48,489.39 KB,True,,,106487327,,INE364U01010,Adani Green Energy Limited,2026-01-05 11:19:47,ADANIGREEN
02-Jan-2026 18:58:48,4.26 MB,https://nsearchives.nseindia.com/corporate/ADANIGREEN_02012026185832_EGM02012026VotingResultsScrReport.pdf,"Adani Green Energy Limited has submitted the Exchange a copy Srutinizers report of  Extraordinary General Meeting held on January 02, 2026. Further, the company has informed the Exchange regarding voting results.",,,Shareholders meeting,00:00:00,02012026185848,02-Jan-2026 18:58:48,4.26 MB,True,,,106486370,,INE364U01010,Adani Green Energy Limited,2026-01-02 18:58:48,ADANIGREEN
02-Jan-2026 13:03:05,198.69 KB,https://nsearchives.nseindia.com/corporate/ADANIGREEN_02012026130244_Letter.pdf,Adani Green Energy Limited has informed the Exchange about Incorporation of step-down subsidiary company,,,General Updates,00:00:01,02012026130305,02-Jan-2026 13:03:06,198.69 KB,True,,,106485954,,INE364U01010,Adani Green Energy Limited,2026-01-02 13:03:05,ADANIGREEN
02-Jan-2026 12:59:01,300.57 KB,https://nsearchives.nseindia.com/corporate/ADANIGREEN_02012026125649_AGEL_Proceedings_of_EGM_dtd_02012026.pdf,"Adani Green Energy Limited has informed the Exchange regarding Proceedings of Extraordinary General Meeting held on January 02, 2026",,,Shareholders meeting,00:00:02,02012026125901,02-Jan-2026 12:59:03,300.57 KB,True,,,106485951,,INE364U01010,Adani Green Energy Limited,2026-01-02 12:59:01,ADANIGREEN
31-Dec-2025 11:26:31,199.15 KB,https://nsearchives.nseindia.com/corporate/ADANIGREEN_31122025112605_Letter.pdf,Adani Green Energy Limited has informed the Exchange about incorporation of step-down subsidiary company,,,General Updates,00:00:02,31122025112631,31-Dec-2025 11:26:33,199.15 KB,True,,,106483647,,INE364U01010,Adani Green Energy Limited,2025-12-31 11:26:31,ADANIGREEN
31-Dec-2025 08:18:51,157.22 KB,https://nsearchives.nseindia.com/corporate/ADANIGREEN_31122025081812_Letters.pdf,Adani Green Energy Limited has informed the Exchange regarding 'Operationalization of Projects'.,,,Updates,00:00:01,31122025081851,31-Dec-2025 08:18:52,157.22 KB,True,,,106483377,,INE364U01010,Adani Green Energy Limited,2025-12-31 08:18:51,ADANIGREEN
26-Dec-2025 18:46:22,198.39 KB,https://nsearchives.nseindia.com/corporate/ADANIGREEN_26122025184541_Letter.pdf,Adani Green Energy Limited has informed the Exchange about Incorporation of step-down subsidiary company,,,General Updates,00:00:01,26122025184622,26-Dec-2025 18:46:23,198.39 KB,True,,,106479075,,INE364U01010,Adani Green Energy Limited,2025-12-26 18:46:22,ADANIGREEN
25-Dec-2025 17:02:26,186.36 KB,https://nsearchives.nseindia.com/corporate/ADANIGREEN_25122025170214_Letter.pdf,"Adani Green Energy Limited has informed the Exchange regarding the Trading Window closure pursuant to SEBI (Prohibition of Insider Trading) Regulations, 2015",,,Trading Window,00:00:01,25122025170226,25-Dec-2025 17:02:27,186.36 KB,True,,,106477432,,INE364U01010,Adani Green Energy Limited,2025-12-25 17:02:26,ADANIGREEN
25-Dec-2025 16:00:02,6.67 MB,https://nsearchives.nseindia.com/corporate/ADANIGREEN_25122025155944_Letter_RG_2.pdf,Adani Green Energy Limited has informed the Exchange about Compliance Certificate of RG II entities,,,General Updates,00:00:02,25122025160002,25-Dec-2025 16:00:04,6.67 MB,True,,,106477381,,INE364U01010,Adani Green Energy Limited,2025-12-25 16:00:02,ADANIGREEN
25-Dec-2025 15:57:52,8.05 MB,https://nsearchives.nseindia.com/corporate/ADANIGREEN_25122025155714_Letter_RG_1.pdf,Adani Green Energy Limited has informed the Exchange about Compliance Certificate of RG I entities,,,General Updates,00:00:01,25122025155752,25-Dec-2025 15:57:53,8.05 MB,True,,,106477378,,INE364U01010,Adani Green Energy Limited,2025-12-25 15:57:52,ADANIGREEN
15-Dec-2025 19:52:33,185.04 KB,https://nsearchives.nseindia.com/corporate/ADANIGREEN_15122025195219_Letter.pdf,Adani Green Energy Limited has informed the Exchange about Schedule of meet,,,Analysts/Institutional Investor Meet/Con. Call Updates,00:00:01,15122025195233,15-Dec-2025 19:52:34,185.04 KB,True,,,106468656,,INE364U01010,Adani Green Energy Limited,2025-12-15 19:52:33,ADANIGREEN
09-Dec-2025 18:12:43,186.13 KB,https://nsearchives.nseindia.com/corporate/ADANIGREEN_09122025181100_Letter.pdf,Adani Green Energy Limited has informed the Exchange regarding ESG Rating by NSE Sustainability Ratings & Analytics Limited,,,Updates,00:00:01,09122025181243,09-Dec-2025 18:12:44,186.13 KB,True,,,106464345,,INE364U01010,Adani Green Energy Limited,2025-12-09 18:12:43,ADANIGREEN
09-Dec-2025 12:58:29,7.80 MB,https://nsearchives.nseindia.com/corporate/ADANIGREEN_09122025125741_Letter.pdf,Adani Green Energy Limited has informed the Exchange about Newspaper Advertisement for Notice of Extra Ordinary General Meeting,,,Copy of Newspaper Publication,00:00:01,09122025125829,09-Dec-2025 12:58:30,7.80 MB,True,,,106464048,,INE364U01010,Adani Green Energy Limited,2025-12-09 12:58:29,ADANIGREEN
08-Dec-2025 18:39:55,420.74 KB,https://nsearchives.nseindia.com/corporate/ADANIGREEN_08122025183924_Letter.pdf,"Adani Green Energy Limited has informed the Exchange regarding Notice of Extraordinary General Meeting to be held on January 02, 2026",,,Shareholders meeting,00:00:01,08122025183955,08-Dec-2025 18:39:56,420.74 KB,True,,,106463413,,INE364U01010,Adani Green Energy Limited,2025-12-08 18:39:55,ADANIGREEN
08-Dec-2025 08:36:42,232.84 KB,https://nsearchives.nseindia.com/corporate/ADANIGREEN_08122025083508_Letters.pdf,Adani Green Energy Limited has informed the Exchange regarding 'Media Release: Adani Green Energy deepens nature-positive leadership with a global biodiversity disclosure framework'.,,,Updates,00:00:01,08122025083642,08-Dec-2025 08:36:43,232.84 KB,True,,,106462809,,INE364U01010,Adani Green Energy Limited,2025-12-08 08:36:42,ADANIGREEN
05-Dec-2025 20:21:51,128.61 KB,https://nsearchives.nseindia.com/corporate/ADANIGREEN_05122025202145_Letters.pdf,Adani Green Energy Limited has informed the Exchange about ESG Rating,,,General Updates,00:00:01,05122025202151,05-Dec-2025 20:21:52,128.61 KB,True,,,106462153,,INE364U01010,Adani Green Energy Limited,2025-12-05 20:21:51,ADANIGREEN
05-Dec-2025 19:57:51,127.67 KB,https://nsearchives.nseindia.com/corporate/ADANIGREEN_05122025195655_Letters.pdf,Adani Green Energy Limited has informed the Exchange about ESG Rating,,,General Updates,00:00:01,05122025195751,05-Dec-2025 19:57:52,127.67 KB,True,,,106462137,,INE364U01010,Adani Green Energy Limited,2025-12-05 19:57:51,ADANIGREEN
03-Dec-2025 18:31:44,184.73 KB,https://nsearchives.nseindia.com/corporate/ADANIGREEN_03122025183118_Letter.pdf,Adani Green Energy Limited has informed the Exchange about Schedule of meet,,,Analysts/Institutional Investor Meet/Con. Call Updates,00:00:00,03122025183144,03-Dec-2025 18:31:44,184.73 KB,True,,,106460261,,INE364U01010,Adani Green Energy Limited,2025-12-03 18:31:44,ADANIGREEN
02-Dec-2025 20:10:40,196.78 KB,https://nsearchives.nseindia.com/corporate/ADANIGREEN_02122025201012_Letter3.pdf,Adani Green Energy Limited has informed the Exchange regarding 'Intimation of Incorporation of step-down subsidiary companies'.,,,Updates,00:00:02,02122025201040,02-Dec-2025 20:10:42,196.78 KB,True,,,106459433,,INE364U01010,Adani Green Energy Limited,2025-12-02 20:10:40,ADANIGREEN
01-Dec-2025 08:29:10,165.03 KB,https://nsearchives.nseindia.com/corporate/ADANIGREEN_01122025082742_Letters.pdf,Adani Green Energy Limited has informed the Exchange regarding 'Operationalization of Projects'.,,,Updates,00:00:01,01122025082910,01-Dec-2025 08:29:11,165.03 KB,True,,,106457800,,INE364U01010,Adani Green Energy Limited,2025-12-01 08:29:10,ADANIGREEN
26-Nov-2025 16:36:18,185.18 KB,https://nsearchives.nseindia.com/corporate/ADANIGREEN_26112025163604_Letter.pdf,Adani Green Energy Limited has informed the Exchange about Schedule of meet,,,Analysts/Institutional Investor Meet/Con. Call Updates,00:00:01,26112025163618,26-Nov-2025 16:36:19,185.18 KB,True,,,106455003,,INE364U01010,Adani Green Energy Limited,2025-11-26 16:36:18,ADANIGREEN
21-Nov-2025 17:34:10,197.08 KB,https://nsearchives.nseindia.com/corporate/ADANIGREEN_21112025173019_Letter.pdf,Adani Green Energy Limited has informed the Exchange about Incorporation of step-down subsidiary companies,,,General Updates,00:00:01,21112025173410,21-Nov-2025 17:34:11,197.08 KB,True,,,106452033,,INE364U01010,Adani Green Energy Limited,2025-11-21 17:34:10,ADANIGREEN
18-Nov-2025 11:17:18,144.84 KB,https://nsearchives.nseindia.com/corporate/ADANIGREEN_18112025111657_Letters_1.pdf,Adani Green Energy Limited has informed the Exchange about Schedule of meet,,,Analysts/Institutional Investor Meet/Con. Call Updates,00:00:01,18112025111718,18-Nov-2025 11:17:19,144.84 KB,True,,,106448393,,INE364U01010,Adani Green Energy Limited,2025-11-18 11:17:18,ADANIGREEN
17-Nov-2025 11:17:22,3.13 MB,https://nsearchives.nseindia.com/corporate/ADANIGREEN_17112025111639_Letter_1_1.pdf,Adani Green Energy Limited has informed the Exchange about Investor Presentation,,,General Updates,00:00:01,17112025111722,17-Nov-2025 11:17:23,3.13 MB,True,,,106447201,,INE364U01010,Adani Green Energy Limited,2025-11-17 11:17:22,ADANIGREEN
14-Nov-2025 15:57:48,190.93 KB,https://nsearchives.nseindia.com/corporate/ADANIGREEN_14112025155732_Letter.pdf,Adani Green Energy Limited has informed the Exchange about Schedule of meet,,,Analysts/Institutional Investor Meet/Con. Call Updates,00:00:01,14112025155748,14-Nov-2025 15:57:49,190.93 KB,True,,,106444290,,INE364U01010,Adani Green Energy Limited,2025-11-14 15:57:48,ADANIGREEN
14-Nov-2025 10:13:12,257.10 KB,https://nsearchives.nseindia.com/corporate/ADANIGREEN_14112025101259_Letters.pdf,Adani Green Energy Limited has informed the Exchange regarding 'Media Release'.,,,Updates,00:00:00,14112025101312,14-Nov-2025 10:13:12,257.10 KB,True,,,106443502,,INE364U01010,Adani Green Energy Limited,2025-11-14 10:13:12,ADANIGREEN
14-Nov-2025 08:03:47,163.97 KB,https://nsearchives.nseindia.com/corporate/ADANIGREEN_14112025080227_Letters.pdf,Adani Green Energy Limited has informed the Exchange about Receipt of Letter of Award,,,General Updates,00:00:02,14112025080347,14-Nov-2025 08:03:49,163.97 KB,True,,,106443379,,INE364U01010,Adani Green Energy Limited,2025-11-14 08:03:47,ADANIGREEN
13-Nov-2025 22:41:44,151.70 KB,https://nsearchives.nseindia.com/corporate/ADANIGREEN_13112025224134_NSE.pdf,The Exchange has sought clarification from Adani Green Energy Limited with respect to recent news item captioned Adani plans India's biggest battery storage in Gujarat.  The response from the Company is attached.,,,News Verification,00:00:00,13112025224144,13-Nov-2025 22:41:44,151.70 KB,True,,,106443133,,INE364U01010,Adani Green Energy Limited,2025-11-13 22:41:44,ADANIGREEN
13-Nov-2025 15:22:34,3.90 MB,https://nsearchives.nseindia.com/corporate/ADANIGREEN_13112025152152_Monitoring_Agency_Report_30092025.pdf,"We submit herewith the Report of the Monitoring Agency for the quarter ended September 30, 2025.",,,Monitoring Agency Report,00:00:01,13112025152234,13-Nov-2025 15:22:35,3.90 MB,True,,,106441706,,INE364U01010,Adani Green Energy Limited,2025-11-13 15:22:34,ADANIGREEN
13-Nov-2025 15:17:53,263.66 KB,https://nsearchives.nseindia.com/corporate/ADANIGREEN_13112025151717_Statement_of_Deviation_AGEL_30092025.pdf,Adani Green Energy Limited has informed the Exchange about statement of deviation(s) or variation(s) under Reg. 32,,,Statement of deviation(s) or variation(s) under Reg. 32,00:00:00,13112025151753,13-Nov-2025 15:17:53,263.66 KB,True,,,106441694,,INE364U01010,Adani Green Energy Limited,2025-11-13 15:17:53,ADANIGREEN
12-Nov-2025 15:35:22,0 Bytes,-,The Exchange has sought clarification from Adani Green Energy Limited with respect to recent news item captioned Adani plans India's biggest battery storage in Gujarat.  The response from the Company is awaited.,,,News Verification,00:00:01,12112025153522,12-Nov-2025 15:35:23,0 Bytes,True,,,106439353,,INE364U01010,Adani Green Energy Limited,2025-11-12 15:35:22,ADANIGREEN
11-Nov-2025 12:12:42,191.21 KB,https://nsearchives.nseindia.com/corporate/ADANIGREEN_11112025121213_Letter.pdf,Adani Green Energy Limited has informed the Exchange about Schedule of meet,,,Analysts/Institutional Investor Meet/Con. Call Updates,00:00:02,11112025121242,11-Nov-2025 12:12:44,191.21 KB,True,,,106436653,,INE364U01010,Adani Green Energy Limited,2025-11-11 12:12:42,ADANIGREEN
04-Nov-2025 11:31:02,719.52 KB,https://nsearchives.nseindia.com/corporate/ADANIGREEN_04112025112620_Letter.pdf,Adani Green Energy Limited has informed the Exchange about Transcript,,,Analysts/Institutional Investor Meet/Con. Call Updates,00:00:01,04112025113102,04-Nov-2025 11:31:03,719.52 KB,True,,,106425819,,INE364U01010,Adani Green Energy Limited,2025-11-04 11:31:02,ADANIGREEN
03-Nov-2025 18:51:51,191.08 KB,https://nsearchives.nseindia.com/corporate/ADANIGREEN_03112025185129_Letter.pdf,Adani Green Energy Limited has informed the Exchange about Schedule of meet,,,Analysts/Institutional Investor Meet/Con. Call Updates,00:00:01,03112025185151,03-Nov-2025 18:51:52,191.08 KB,True,,,106425156,,INE364U01010,Adani Green Energy Limited,2025-11-03 18:51:51,ADANIGREEN
31-Oct-2025 20:20:41,205.09 KB,https://nsearchives.nseindia.com/corporate/ADANIGREEN_31102025202034_Letters.pdf,Adani Green Energy Limited has informed the Exchange regarding 'Intimation of execution of Investment Agreements by subsidiaries of theCompany'.,,,Updates,00:00:02,31102025202041,31-Oct-2025 20:20:43,205.09 KB,True,,,106423047,,INE364U01010,Adani Green Energy Limited,2025-10-31 20:20:41,ADANIGREEN
30-Oct-2025 20:29:39,144.92 KB,https://nsearchives.nseindia.com/corporate/ADANIGREEN_30102025202931_Letters.pdf,Adani Green Energy Limited has informed the Exchange regarding 'Power Consumption Agreements for supply of 60 MW solar-wind hybrid power'.,,,Updates,00:00:01,30102025202939,30-Oct-2025 20:29:40,144.92 KB,True,,,106421428,,INE364U01010,Adani Green Energy Limited,2025-10-30 20:29:39,ADANIGREEN
29-Oct-2025 18:41:52,190.87 KB,https://nsearchives.nseindia.com/corporate/ADANIGREEN_29102025184141_Letter.pdf,Adani Green Energy Limited has informed the Exchange about Link of Recording,,,Analysts/Institutional Investor Meet/Con. Call Updates,00:00:01,29102025184152,29-Oct-2025 18:41:53,190.87 KB,True,,,106419745,,INE364U01010,Adani Green Energy Limited,2025-10-29 18:41:52,ADANIGREEN
28-Oct-2025 17:43:47,141.43 KB,https://nsearchives.nseindia.com/corporate/ADANIGREEN_28102025173851_LettersESG.pdf,Adani Green Energy Limited has informed the Exchange about ESG Rating,,,General Updates,00:00:01,28102025174347,28-Oct-2025 17:43:48,141.43 KB,True,,,106418181,,INE364U01010,Adani Green Energy Limited,2025-10-28 17:43:47,ADANIGREEN
28-Oct-2025 17:04:32,3.70 MB,https://nsearchives.nseindia.com/corporate/ADANIGREEN_28102025170417_Outcome__Presentation.pdf,Adani Green Energy Limited has informed the Exchange about Presentation on Operational & Financial Highlights - H1 FY26,,,General Updates,00:00:01,28102025170432,28-Oct-2025 17:04:33,3.70 MB,True,,,106418120,,INE364U01010,Adani Green Energy Limited,2025-10-28 17:04:32,ADANIGREEN
28-Oct-2025 16:52:24,17.46 MB,https://nsearchives.nseindia.com/corporate/ADANIGREEN_28102025165136_Outcome_of_BM.pdf,"Adani Green Energy Limited has submitted to the Exchange, the financial results for the period ended September 30, 2025.",,,Outcome of Board Meeting,00:00:00,28102025165224,28-Oct-2025 16:52:24,17.46 MB,True,,,106418088,,INE364U01010,Adani Green Energy Limited,2025-10-28 16:52:24,ADANIGREEN
28-Oct-2025 16:50:39,17.46 MB,https://nsearchives.nseindia.com/corporate/ADANIGREEN_28102025165029_Outcome_of_BM.pdf,"Adani Green Energy Limited has informed the Exchange regarding  Board meeting held on October 28, 2025.",,,Outcome of Board Meeting,00:00:01,28102025165039,28-Oct-2025 16:50:40,17.46 MB,True,,,106418084,,INE364U01010,Adani Green Energy Limited,2025-10-28 16:50:39,ADANIGREEN
22-Oct-2025 16:08:00,126.70 KB,https://nsearchives.nseindia.com/corporate/ADANIGREEN_22102025160700_Letters.pdf,Adani Green Energy Limited has informed the Exchange about Schedule of meet,,,Analysts/Institutional Investor Meet/Con. Call Updates,00:00:01,22102025160800,22-Oct-2025 16:08:01,126.70 KB,True,,,106413775,,INE364U01010,Adani Green Energy Limited,2025-10-22 16:08:00,ADANIGREEN
15-Oct-2025 19:32:46,2.45 MB,https://nsearchives.nseindia.com/corporate/ADANIGREEN_15102025193201_Letter.pdf,Adani Green Energy Limited has informed the Exchange regarding 'Provisional Operational Update: H1 FY26'.,,,Updates,00:00:01,15102025193246,15-Oct-2025 19:32:47,2.45 MB,True,,,106408841,,INE364U01010,Adani Green Energy Limited,2025-10-15 19:32:46,ADANIGREEN
15-Oct-2025 19:24:18,204.16 KB,https://nsearchives.nseindia.com/corporate/ADANIGREEN_15102025192335_Letter.pdf,Adani Green Energy Limited has informed the Exchange regarding 'Incorporation of step down subsidiary'.,,,Updates,00:00:01,15102025192418,15-Oct-2025 19:24:19,204.16 KB,True,,,106408834,,INE364U01010,Adani Green Energy Limited,2025-10-15 19:24:18,ADANIGREEN
15-Oct-2025 14:27:05,129.74 KB,https://nsearchives.nseindia.com/corporate/ADANIGREEN_15102025142638_Letters.pdf,Adani Green Energy Limited has informed the Exchange regarding 'Operationalization of Project'.,,,Updates,00:00:02,15102025142705,15-Oct-2025 14:27:07,129.74 KB,True,,,106408326,,INE364U01010,Adani Green Energy Limited,2025-10-15 14:27:05,ADANIGREEN
14-Oct-2025 23:19:56,144.30 KB,https://nsearchives.nseindia.com/corporate/ADANIGREEN_14102025231858_Letters.pdf,Adani Green Energy Limited has informed the Exchange about Schedule of meet,,,Analysts/Institutional Investor Meet/Con. Call Updates,00:00:01,14102025231956,14-Oct-2025 23:19:57,144.30 KB,True,,,106407744,,INE364U01010,Adani Green Energy Limited,2025-10-14 23:19:56,ADANIGREEN
06-Oct-2025 17:45:56,493.10 KB,https://nsearchives.nseindia.com/corporate/ADANIGREEN_06102025174524_Letter_74_5_.pdf,"Adani Green Energy Limited has informed the Exchange about Certificate under SEBI (Depositories and Participants) Regulations, 2018",,,"Certificate under SEBI (Depositories and Participants) Regulations, 2018",00:00:00,06102025174556,06-Oct-2025 17:45:56,493.10 KB,True,,,106398523,,INE364U01010,Adani Green Energy Limited,2025-10-06 17:45:56,ADANIGREEN
01-Oct-2025 22:14:20,144.86 KB,https://nsearchives.nseindia.com/corporate/ADANIGREEN_01102025221352_Letters.pdf,Adani Green Energy Limited has informed the Exchange regarding 'Commissioning of Projects'.,,,Updates,00:00:02,01102025221420,01-Oct-2025 22:14:22,144.86 KB,True,,,106395899,,INE364U01010,Adani Green Energy Limited,2025-10-01 22:14:20,ADANIGREEN
01-Oct-2025 08:11:25,167.27 KB,https://nsearchives.nseindia.com/corporate/ADANIGREEN_01102025081025_Letters.pdf,Adani Green Energy Limited has informed the Exchange regarding 'Operationalization of Projects'.,,,Updates,00:00:01,01102025081125,01-Oct-2025 08:11:26,167.27 KB,True,,,106394713,,INE364U01010,Adani Green Energy Limited,2025-10-01 08:11:25,ADANIGREEN
30-Sep-2025 10:37:53,168.53 KB,https://nsearchives.nseindia.com/corporate/ADANIGREEN_30092025103740_Letters.pdf,Adani Green Energy Limited has informed the Exchange regarding 'Operationalization of Projects'.,,,Updates,00:00:01,30092025103753,30-Sep-2025 10:37:54,168.53 KB,True,,,106392420,,INE364U01010,Adani Green Energy Limited,2025-09-30 10:37:53,ADANIGREEN
26-Sep-2025 17:29:25,190.37 KB,https://nsearchives.nseindia.com/corporate/ADANIGREEN_26092025172913_Letter.pdf,"Adani Green Energy Limited has informed the Exchange regarding the Trading Window closure pursuant to SEBI (Prohibition of Insider Trading) Regulations, 2015",,,Trading Window,00:00:00,26092025172925,26-Sep-2025 17:29:25,190.37 KB,True,,,106387402,,INE364U01010,Adani Green Energy Limited,2025-09-26 17:29:25,ADANIGREEN
24-Sep-2025 11:02:36,221.14 KB,https://nsearchives.nseindia.com/corporate/ADANIGREEN_24092025110028_Letter.pdf,Adani Green Energy Limited has informed the Exchange regarding 'Chairman s Letter to Shareholders'.,,,Updates,00:00:02,24092025110236,24-Sep-2025 11:02:38,221.14 KB,True,,,106381896,,INE364U01010,Adani Green Energy Limited,2025-09-24 11:02:36,ADANIGREEN
22-Sep-2025 16:11:40,202.45 KB,https://nsearchives.nseindia.com/corporate/ADANIGREEN_22092025160353_Letter.pdf,Adani Green Energy Limited has informed the Exchange about Incorporation of step-down subsidiary company,,,General Updates,00:00:01,22092025161140,22-Sep-2025 16:11:41,202.45 KB,True,,,106379757,,INE364U01010,Adani Green Energy Limited,2025-09-22 16:11:40,ADANIGREEN
19-Sep-2025 16:26:14,203.21 KB,https://nsearchives.nseindia.com/corporate/ADANIGREEN_19092025162519_Letter.pdf,Adani Green Energy Limited has informed the Exchange about Intimation of Incorporation of step-down subsidiary companies,,,General Updates,00:00:00,19092025162614,19-Sep-2025 16:26:14,203.21 KB,True,,,106378158,,INE364U01010,Adani Green Energy Limited,2025-09-19 16:26:14,ADANIGREEN
09-Sep-2025 19:26:56,191.33 KB,https://nsearchives.nseindia.com/corporate/ADANIGREEN_09092025192610_Letter.pdf,Adani Green Energy Limited has informed the Exchange about Schedule of meet,,,Analysts/Institutional Investor Meet/Con. Call Updates,00:00:01,09092025192656,09-Sep-2025 19:26:57,191.33 KB,True,,,106369291,,INE364U01010,Adani Green Energy Limited,2025-09-09 19:26:56,ADANIGREEN
07-Sep-2025 22:15:43,164.97 KB,https://nsearchives.nseindia.com/corporate/ADANIGREEN_07092025221354_Letters.pdf,Adani Green Energy Limited has informed the Exchange regarding 'Operationalization of Projects'.,,,Updates,00:00:01,07092025221543,07-Sep-2025 22:15:44,164.97 KB,True,,,106367086,,INE364U01010,Adani Green Energy Limited,2025-09-07 22:15:43,ADANIGREEN
05-Sep-2025 11:57:48,192.09 KB,https://nsearchives.nseindia.com/corporate/ADANIGREEN_05092025115418_Letter.pdf,Adani Green Energy Limited has informed the Exchange about Schedule of meet,,,Analysts/Institutional Investor Meet/Con. Call Updates,00:00:01,05092025115748,05-Sep-2025 11:57:49,192.09 KB,True,,,106364534,,INE364U01010,Adani Green Energy Limited,2025-09-05 11:57:48,ADANIGREEN
01-Sep-2025 14:43:08,143.44 KB,https://nsearchives.nseindia.com/corporate/ADANIGREEN_01092025144256_Letters_9.pdf,Adani Green Energy Limited has informed the Exchange about Operationalization of Project,,,General Updates,00:00:01,01092025144308,01-Sep-2025 14:43:09,143.44 KB,True,,,106358174,,INE364U01010,Adani Green Energy Limited,2025-09-01 14:43:08,ADANIGREEN
26-Aug-2025 16:10:39,1.89 MB,https://nsearchives.nseindia.com/corporate/ADANIGREEN_26082025160840_Outcome.pdf,"Adani Green Energy Limited has submitted the Exchange a copy Srutinizers report of  Extraordinary General Meeting held on August 26, 2025",,,Shareholders meeting,00:00:01,26082025161039,26-Aug-2025 16:10:40,1.89 MB,True,,,106352285,,INE364U01010,Adani Green Energy Limited,2025-08-26 16:10:39,ADANIGREEN
26-Aug-2025 12:38:13,177.95 KB,https://nsearchives.nseindia.com/corporate/ADANIGREEN_26082025123505_Proceedings.pdf,"Adani Green Energy Limited has informed the Exchange regarding Proceedings of Extraordinary General Meeting held on August 26, 2025",,,Shareholders meeting,00:00:01,26082025123813,26-Aug-2025 12:38:14,177.95 KB,True,,,106352006,,INE364U01010,Adani Green Energy Limited,2025-08-26 12:38:13,ADANIGREEN
22-Aug-2025 15:39:46,190.12 KB,https://nsearchives.nseindia.com/corporate/ADANIGREEN_22082025153918_Letter.pdf,Adani Green Energy Limited has informed the Exchange about Schedule of meet,,,Analysts/Institutional Investor Meet/Con. Call Updates,00:00:01,22082025153946,22-Aug-2025 15:39:47,190.12 KB,True,,,106349039,,INE364U01010,Adani Green Energy Limited,2025-08-22 15:39:46,ADANIGREEN
14-Aug-2025 17:43:57,2.28 MB,https://nsearchives.nseindia.com/corporate/ADANIGREEN_14082025174334_MAReport30062025.pdf,"Monitoring Agency Report for the quarter ended on June 30, 2025",,,Monitoring Agency Report,00:00:01,14082025174357,14-Aug-2025 17:43:58,2.28 MB,True,,,106342006,,INE364U01010,Adani Green Energy Limited,2025-08-14 17:43:57,ADANIGREEN
14-Aug-2025 17:42:09,329.36 KB,https://nsearchives.nseindia.com/corporate/ADANIGREEN_14082025174149_SOD30062025.pdf,Adani Green Energy Limited has informed the Exchange about statement of deviation(s) or variation(s) under Reg. 32,,,Statement of deviation(s) or variation(s) under Reg. 32,00:00:01,14082025174209,14-Aug-2025 17:42:10,329.36 KB,True,,,106341999,,INE364U01010,Adani Green Energy Limited,2025-08-14 17:42:09,ADANIGREEN
09-Aug-2025 11:02:54,3.07 MB,https://nsearchives.nseindia.com/corporate/ADANIGREEN_09082025110109_Letters.pdf,Adani Green Energy Limited has informed the Exchange about Schedule of meet and Presentation,,,Analysts/Institutional Investor Meet/Con. Call Updates,00:00:01,09082025110254,09-Aug-2025 11:02:55,3.07 MB,True,,,106333632,,INE364U01010,Adani Green Energy Limited,2025-08-09 11:02:54,ADANIGREEN
08-Aug-2025 08:07:41,143.26 KB,https://nsearchives.nseindia.com/corporate/ADANIGREEN_08082025080626_Letters.pdf,Adani Green Energy Limited has informed the Exchange regarding 'Commissioning of Project'.,,,Updates,00:00:01,08082025080741,08-Aug-2025 08:07:42,143.26 KB,True,,,106331269,,INE364U01010,Adani Green Energy Limited,2025-08-08 08:07:41,ADANIGREEN
01-Aug-2025 18:36:12,417.94 KB,https://nsearchives.nseindia.com/corporate/ADANIGREEN_01082025183425_Letter.pdf,Adani Green Energy Limited has informed the Exchange about Transcript,,,Analysts/Institutional Investor Meet/Con. Call Updates,00:00:01,01082025183612,01-Aug-2025 18:36:13,417.94 KB,True,,,106321781,,INE364U01010,Adani Green Energy Limited,2025-08-01 18:36:12,ADANIGREEN
31-Jul-2025 17:46:12,5.44 MB,https://nsearchives.nseindia.com/corporate/ADANIGREEN_31072025174439_Letter.pdf,Adani Green Energy Limited has informed the Exchange about Copy of Newspaper Publication,,,Copy of Newspaper Publication,00:00:01,31072025174612,31-Jul-2025 17:46:13,5.44 MB,True,,,106319634,,INE364U01010,Adani Green Energy Limited,2025-07-31 17:46:12,ADANIGREEN
30-Jul-2025 15:51:33,402.25 KB,https://nsearchives.nseindia.com/corporate/ADANIGREEN_30072025154939_Letter.pdf,"Adani Green Energy Limited has informed the Exchange regarding Notice of Extraordinary General Meeting to be held on August 26, 2025",,,Shareholders meeting,00:00:02,30072025155133,30-Jul-2025 15:51:35,402.25 KB,True,,,106317397,,INE364U01010,Adani Green Energy Limited,2025-07-30 15:51:33,ADANIGREEN
29-Jul-2025 21:48:54,123.14 KB,https://nsearchives.nseindia.com/corporate/ADANIGREEN_29072025214831_Intimation.pdf,Adani Green Energy Limited has informed the Exchange about Link of Recording,,,Analysts/Institutional Investor Meet/Con. Call Updates,00:00:01,29072025214854,29-Jul-2025 21:48:55,123.14 KB,True,,,106316462,,INE364U01010,Adani Green Energy Limited,2025-07-29 21:48:54,ADANIGREEN
28-Jul-2025 15:07:08,15.87 MB,https://nsearchives.nseindia.com/corporate/ADANIGREEN_28072025150508_Letter.pdf,"Adani Green Energy Limited has submitted to the Exchange, the financial results for the period ended Jun 30, 2025.",,,Outcome of Board Meeting,00:00:03,28072025150708,28-Jul-2025 15:07:11,15.87 MB,True,,,106314122,,INE364U01010,Adani Green Energy Limited,2025-07-28 15:07:08,ADANIGREEN
28-Jul-2025 14:50:56,3.22 MB,https://nsearchives.nseindia.com/corporate/ADANIGREEN_28072025145035_Outcome_of_BM_28072025_Presentation.pdf,Adani Green Energy Limited has informed the Exchange regarding 'Presentation on Operational & Financial highlights'.,,,Updates,00:00:01,28072025145056,28-Jul-2025 14:50:57,3.22 MB,True,,,106314095,,INE364U01010,Adani Green Energy Limited,2025-07-28 14:50:56,ADANIGREEN
28-Jul-2025 14:38:24,15.87 MB,https://nsearchives.nseindia.com/corporate/ADANIGREEN_28072025143816_Letter.pdf,"Adani Green Energy Limited has informed the Exchange regarding  Board meeting held on July 28, 2025.",,,Outcome of Board Meeting,00:00:01,28072025143824,28-Jul-2025 14:38:25,15.87 MB,True,,,106314076,,INE364U01010,Adani Green Energy Limited,2025-07-28 14:38:24,ADANIGREEN
19-Jul-2025 18:57:05,143.26 KB,https://nsearchives.nseindia.com/corporate/ADANIGREEN_19072025185655_Letters.pdf,Adani Green Energy Limited has informed the Exchange regarding 'Update on ESG Rating by SES'.,,,Updates,00:00:01,19072025185705,19-Jul-2025 18:57:06,143.26 KB,True,,,106305446,,INE364U01010,Adani Green Energy Limited,2025-07-19 18:57:05,ADANIGREEN
18-Jul-2025 08:03:39,203.58 KB,https://nsearchives.nseindia.com/corporate/ADANIGREEN_18072025080327_Letter.pdf,Adani Green Energy Limited has informed the Exchange regarding 'Allotment of Shares upon Conversion of Warrants - All warrants are now converted'.,,,Updates,00:00:02,18072025080339,18-Jul-2025 08:03:41,203.58 KB,True,,,106303730,,INE364U01010,Adani Green Energy Limited,2025-07-18 08:03:39,ADANIGREEN
16-Jul-2025 16:10:17,192.83 KB,https://nsearchives.nseindia.com/corporate/ADANIGREEN_16072025155926_Letter.pdf,Adani Green Energy Limited has informed the Exchange about Schedule of meet,,,Analysts/Institutional Investor Meet/Con. Call Updates,00:00:01,16072025161017,16-Jul-2025 16:10:18,192.83 KB,False,,,106301713,,INE364U01010,Adani Green Energy Limited,2025-07-16 16:10:17,ADANIGREEN
12-Jul-2025 13:15:10,302.29 KB,https://nsearchives.nseindia.com/corporate/ADANIGREEN_12072025131438_Reg_30_Disclosure.pdf,Adani Green Energy Limited has informed the Exchange regarding 'Allotment Of Shares Upon Conversion Of Warrants'.,,,Updates,00:00:01,12072025131510,12-Jul-2025 13:15:11,302.29 KB,False,,,106297900,,INE364U01010,Adani Green Energy Limited,2025-07-12 13:15:10,ADANIGREEN
11-Jul-2025 08:34:15,3.00 MB,https://nsearchives.nseindia.com/corporate/ADANIGREEN_11072025083213_Letters.pdf,Adani Green Energy Limited has informed the Exchange regarding 'Provisional operationalupdate: Q1 FY26'.,,,Updates,00:00:01,11072025083415,11-Jul-2025 08:34:16,3.00 MB,False,,,106296533,,INE364U01010,Adani Green Energy Limited,2025-07-11 08:34:15,ADANIGREEN
09-Jul-2025 08:17:28,124.42 KB,https://nsearchives.nseindia.com/corporate/ADANIGREEN_09072025081459_Letters.pdf,Adani Green Energy Limited has informed the Exchange regarding 'Company's ESG Rating Maintains 'Strong' Category'.,,,Updates,00:00:02,09072025081728,09-Jul-2025 08:17:30,124.42 KB,False,,,106293844,,INE364U01010,Adani Green Energy Limited,2025-07-09 08:17:28,ADANIGREEN
07-Jul-2025 16:51:08,491.81 KB,https://nsearchives.nseindia.com/corporate/ADANIGREEN_07072025164918_Letter.pdf,"Adani Green Energy Limited has informed the Exchange about Certificate under SEBI (Depositories and Participants) Regulations, 2018",,,"Certificate under SEBI (Depositories and Participants) Regulations, 2018",00:00:01,07072025165108,07-Jul-2025 16:51:09,491.81 KB,False,,,106291855,,INE364U01010,Adani Green Energy Limited,2025-07-07 16:51:08,ADANIGREEN
30-Jun-2025 22:49:39,129.77 KB,https://nsearchives.nseindia.com/corporate/ADANIGREEN_30062025224813_Letters.pdf,Adani Green Energy Limited has informed the Exchange regarding 'Operationalization of Projects'.,,,Updates,00:00:01,30062025224939,30-Jun-2025 22:49:40,129.77 KB,False,,,106285830,,INE364U01010,Adani Green Energy Limited,2025-06-30 22:49:39,ADANIGREEN
30-Jun-2025 16:38:31,7.15 MB,https://nsearchives.nseindia.com/corporate/ADANIGREEN_30062025163710_LetterRG2.pdf,"Adani Green Energy Limited has informed the Exchange regarding 'Compliance Certificate And Financials For The Period Ended March 31, 2025 For RG-2 Entities'.",,,Updates,00:00:01,30062025163831,30-Jun-2025 16:38:32,7.15 MB,False,,,106285054,,INE364U01010,Adani Green Energy Limited,2025-06-30 16:38:31,ADANIGREEN
30-Jun-2025 16:33:29,11.66 MB,https://nsearchives.nseindia.com/corporate/ADANIGREEN_30062025163314_LetterRG1.pdf,"Adani Green Energy Limited has informed the Exchange regarding 'Compliance Certificate and Financials for the period ended March 31, 2025 for RG-1 entities'.",,,Updates,00:00:01,30062025163329,30-Jun-2025 16:33:30,11.66 MB,False,,,106285036,,INE364U01010,Adani Green Energy Limited,2025-06-30 16:33:29,ADANIGREEN
30-Jun-2025 08:38:35,265.58 KB,https://nsearchives.nseindia.com/corporate/ADANIGREEN_30062025083642_LettersPR.pdf,"Adani Green Energy Limited has informed the Exchange regarding a press release dated Jun 30, 2025, titled ""Adani Green Energy Sets Record with Over 15,000 MWof Installed Renewable Energy Capacity; India s Largest"".",,,Press Release,00:00:02,30062025083835,30-Jun-2025 08:38:37,265.58 KB,False,,,106284194,,INE364U01010,Adani Green Energy Limited,2025-06-30 08:38:35,ADANIGREEN
30-Jun-2025 08:34:38,129.91 KB,https://nsearchives.nseindia.com/corporate/ADANIGREEN_30062025083250_Letters.pdf,Adani Green Energy Limited has informed the Exchange regarding 'Operationalization of Projects'.,,,Updates,00:00:01,30062025083438,30-Jun-2025 08:34:39,129.91 KB,False,,,106284193,,INE364U01010,Adani Green Energy Limited,2025-06-30 08:34:38,ADANIGREEN
26-Jun-2025 23:18:51,195.00 KB,https://nsearchives.nseindia.com/corporate/ADANIGREEN_26062025231839_Letter.pdf,"Adani Green Energy Limited has informed the Exchange regarding the Trading Window closure pursuant to SEBI (Prohibition of Insider Trading) Regulations, 2015",,,Trading Window,00:00:02,26062025231851,26-Jun-2025 23:18:53,195.00 KB,False,,,106281395,,INE364U01010,Adani Green Energy Limited,2025-06-26 23:18:51,ADANIGREEN
25-Jun-2025 19:38:38,261.48 KB,https://nsearchives.nseindia.com/corporate/ADANIGREEN_25062025193827_Letter.pdf,Adani Green Energy Limited has informed the Exchange regarding the Amendment to AOA/MOA of the company.,,,Amendment to AOA/MOA,00:00:02,25062025193838,25-Jun-2025 19:38:40,261.48 KB,False,,,106278838,,INE364U01010,Adani Green Energy Limited,2025-06-25 19:38:38,ADANIGREEN
25-Jun-2025 19:33:58,4.76 MB,https://nsearchives.nseindia.com/corporate/ADANIGREEN_25062025193346_10thAGMVotingResultsScrReport.pdf,Scrutinizer's Report of 10th AGM,,,Shareholders meeting,00:00:01,25062025193358,25-Jun-2025 19:33:59,4.76 MB,False,,,106278834,,INE364U01010,Adani Green Energy Limited,2025-06-25 19:33:58,ADANIGREEN
25-Jun-2025 19:31:31,4.76 MB,https://nsearchives.nseindia.com/corporate/ADANIGREEN_25062025193114_10thAGMVotingResultsScrReport.pdf,"Adani Green Energy Limited has submitted the Exchange a copy Srutinizers report of  Annual General Meeting held on Jun 25, 2025",,,Shareholders meeting,00:00:01,25062025193131,25-Jun-2025 19:31:32,4.76 MB,False,,,106278830,,INE364U01010,Adani Green Energy Limited,2025-06-25 19:31:31,ADANIGREEN
25-Jun-2025 11:26:27,300.49 KB,https://nsearchives.nseindia.com/corporate/ADANIGREEN_25062025112556_AGEL_-_Proceedings_of_AGM_dtd_25062025.pdf,"Adani Green Energy Limited has informed the Exchange regarding Proceedings of Annual General Meeting held on Jun 25, 2025",,,Shareholders meeting,00:00:01,25062025112627,25-Jun-2025 11:26:28,300.49 KB,False,,,106277779,,INE364U01010,Adani Green Energy Limited,2025-06-25 11:26:27,ADANIGREEN
20-Jun-2025 17:48:20,150.53 KB,https://nsearchives.nseindia.com/corporate/ADANIGREEN_20062025174510_Reg_30_Disclosure_3.pdf,Adani Green Energy Limited has informed the Exchange about Allotment of shares upon conversion of warrants,,,General Updates,00:00:01,20062025174820,20-Jun-2025 17:48:21,150.53 KB,False,,,106274168,,INE364U01010,Adani Green Energy Limited,2025-06-20 17:48:20,ADANIGREEN
18-Jun-2025 19:09:29,135.90 KB,https://nsearchives.nseindia.com/corporate/team_sandeshc_30042025161531_12.pdf,"S. B. Adani Family Trust has Submitted to the Exchange a copy of Disclosure under Regulation 31(4) of the Securities and Exchange Board of India (Substantial Acquisition of Shares and Takeovers) Regulations, 2011.",,,Disclosure under SEBI Takeover Regulations,00:00:01,18062025190929,18-Jun-2025 19:09:30,135.90 KB,False,,,106216573,,INE364U01010,Adani Green Energy Limited,2025-06-18 19:09:29,ADANIGREEN
07-Jun-2025 23:15:27,194.39 KB,https://nsearchives.nseindia.com/corporate/ADANIGREEN_07062025231427_Letters.pdf,Adani Green Energy Limited has informed the Exchange about Credit Rating- New,,,Credit Rating- New,00:00:01,07062025231527,07-Jun-2025 23:15:28,194.39 KB,False,,,106264622,,INE364U01010,Adani Green Energy Limited,2025-06-07 23:15:27,ADANIGREEN
03-Jun-2025 19:32:12,202.94 KB,https://nsearchives.nseindia.com/corporate/ADANIGREEN_03062025193114_Letter.pdf,Adani Green Energy Limited has informed the Exchange about Incorporation of step-down subsidiary companies,,,General Updates,00:00:01,03062025193212,03-Jun-2025 19:32:13,202.94 KB,False,,,106261176,,INE364U01010,Adani Green Energy Limited,2025-06-03 19:32:12,ADANIGREEN
03-Jun-2025 11:43:14,201.62 KB,https://nsearchives.nseindia.com/corporate/ADANIGREEN_03062025113704_Letter.pdf,Adani Green Energy Limited has informed the Exchange about Incorporation of a Step-down Subsidiary Company,,,General Updates,00:00:00,03062025114314,03-Jun-2025 11:43:14,201.62 KB,False,,,106260647,,INE364U01010,Adani Green Energy Limited,2025-06-03 11:43:14,ADANIGREEN
31-May-2025 11:31:22,5.82 MB,https://nsearchives.nseindia.com/corporate/ADANIGREEN_31052025112958_Letter.pdf,Adani Green Energy Limited has informed the Exchange about Copy of Newspaper Publication,,,Copy of Newspaper Publication,00:00:01,31052025113122,31-May-2025 11:31:23,5.82 MB,False,,,106258553,,INE364U01010,Adani Green Energy Limited,2025-05-31 11:31:22,ADANIGREEN
30-May-2025 22:46:57,3.28 MB,https://nsearchives.nseindia.com/corporate/ADANIGREEN_30052025224637_BRSRFY202425.pdf,Adani Green Energy Limited has informed the Exchange regarding 'Business Responsibility and Sustainability Report for financial year 2024-25'.,,,Updates,00:00:01,30052025224657,30-May-2025 22:46:58,3.28 MB,False,,,106258205,,INE364U01010,Adani Green Energy Limited,2025-05-30 22:46:57,ADANIGREEN
30-May-2025 22:43:22,12.15 MB,https://nsearchives.nseindia.com/corporate/ADANIGREEN_30052025224253_Letter.pdf,"Adani Green Energy Limited has informed the Exchange regarding Notice of Annual General Meeting to be held on Jun 25, 2025",,,Shareholders meeting,00:00:01,30052025224322,30-May-2025 22:43:23,12.15 MB,False,,,106258195,,INE364U01010,Adani Green Energy Limited,2025-05-30 22:43:22,ADANIGREEN
27-May-2025 19:43:03,150.53 KB,https://nsearchives.nseindia.com/corporate/ADANIGREEN_27052025194220_Reg_30_Disclosure_2.pdf,Adani Green Energy Limited has informed the Exchange about General Updates,,,General Updates,00:00:01,27052025194303,27-May-2025 19:43:04,150.53 KB,False,,,106250863,,INE364U01010,Adani Green Energy Limited,2025-05-27 19:43:03,ADANIGREEN
27-May-2025 13:24:26,7.90 MB,https://nsearchives.nseindia.com/corporate/ADANIGREEN_27052025132413_Letter.pdf,Adani Green Energy Limited has informed the Exchange about Copy of Newspaper Publication,,,Copy of Newspaper Publication,00:00:00,27052025132426,27-May-2025 13:24:26,7.90 MB,False,,,106249923,,INE364U01010,Adani Green Energy Limited,2025-05-27 13:24:26,ADANIGREEN
26-May-2025 11:28:52,190.70 KB,https://nsearchives.nseindia.com/corporate/ADANIGREEN_26052025112825_Letter.pdf,Adani Green Energy Limited has informed the Exchange about Schedule of meet,,,Analysts/Institutional Investor Meet/Con. Call Updates,00:00:01,26052025112852,26-May-2025 11:28:53,190.70 KB,False,,,106248023,,INE364U01010,Adani Green Energy Limited,2025-05-26 11:28:52,ADANIGREEN
23-May-2025 19:40:56,1.45 MB,https://nsearchives.nseindia.com/corporate/ADANIGREEN_23052025193947_VotingResScrReportEGM23052025.pdf,"Adani Green Energy Limited has submitted the Exchange Voting Results and Srutinizer's Report of  Extraordinary General Meeting held on May 23, 2025",,,Shareholders meeting,00:00:01,23052025194056,23-May-2025 19:40:57,1.45 MB,False,,,106246424,,INE364U01010,Adani Green Energy Limited,2025-05-23 19:40:56,ADANIGREEN
23-May-2025 13:08:42,300.74 KB,https://nsearchives.nseindia.com/corporate/ADANIGREEN_23052025130829_AGEL_Proceedings_of_EGM_dtd_23052025.pdf,"Adani Green Energy Limited has informed the Exchange regarding Proceedings of Extraordinary General Meeting held on May 23, 2025",,,Shareholders meeting,00:00:01,23052025130842,23-May-2025 13:08:43,300.74 KB,False,,,106245376,,INE364U01010,Adani Green Energy Limited,2025-05-23 13:08:42,ADANIGREEN
22-May-2025 20:32:58,159.98 KB,https://nsearchives.nseindia.com/corporate/ADANIGREEN_22052025203245_Letter.pdf,Adani Green Energy Limited has informed the Exchange regarding 'Allotment of shares upon conversion of warrants'.,,,Updates,00:00:01,22052025203258,22-May-2025 20:32:59,159.98 KB,False,,,106244541,,INE364U01010,Adani Green Energy Limited,2025-05-22 20:32:58,ADANIGREEN
21-May-2025 08:30:27,124.61 KB,https://nsearchives.nseindia.com/corporate/ADANIGREEN_21052025082951_Letters.pdf,Adani Green Energy Limited has informed the Exchange regarding 'Operationalization of Project '.,,,Updates,00:00:00,21052025083027,21-May-2025 08:30:27,124.61 KB,False,,,106240838,,INE364U01010,Adani Green Energy Limited,2025-05-21 08:30:27,ADANIGREEN
20-May-2025 19:32:29,150.42 KB,https://nsearchives.nseindia.com/corporate/ADANIGREEN_20052025193159_Reg_30_Disclosure_1.pdf,Adani Green Energy Limited has informed the Exchange about General Updates,,,General Updates,00:00:00,20052025193229,20-May-2025 19:32:29,150.42 KB,False,,,106240333,,INE364U01010,Adani Green Energy Limited,2025-05-20 19:32:29,ADANIGREEN
16-May-2025 12:56:18,,https://nsearchives.nseindia.com/corporate/ADANIGREEN_16052025125530_Letter.pdf,Adani Green Energy Limited has informed the Exchange regarding 'Allotment of Equity Shares upon conversion of Warrants'.,,,Updates,00:00:01,16052025125618,16-May-2025 12:56:19,-,False,,,106235013,,INE364U01010,Adani Green Energy Limited,2025-05-16 12:56:18,ADANIGREEN
15-May-2025 18:21:33,,https://nsearchives.nseindia.com/corporate/ADANIGREEN_15052025182109_Letter.pdf,Adani Green Energy Limited has informed the Exchange regarding 'Allotment of shares upon conversion of warrants'.,,,Updates,00:00:01,15052025182133,15-May-2025 18:21:34,-,False,,,106233683,,INE364U01010,Adani Green Energy Limited,2025-05-15 18:21:33,ADANIGREEN
14-May-2025 08:12:06,,https://nsearchives.nseindia.com/corporate/ADANIGREEN_14052025081109_Letters.pdf,Adani Green Energy Limited has informed the Exchange regarding 'Operationalization ofProject'.,,,Updates,00:00:00,14052025081206,14-May-2025 08:12:06,-,False,,,106230577,,INE364U01010,Adani Green Energy Limited,2025-05-14 08:12:06,ADANIGREEN
09-May-2025 20:22:36,,https://nsearchives.nseindia.com/corporate/ADANIGREEN_09052025201918_Letter.pdf,Adani Green Energy Limited has informed the Exchange regarding 'Allotment of shares upon conversion of warrants'.,,,Updates,00:00:01,09052025202236,09-May-2025 20:22:37,-,False,,,106226639,,INE364U01010,Adani Green Energy Limited,2025-05-09 20:22:36,ADANIGREEN
07-May-2025 21:55:04,,https://nsearchives.nseindia.com/corporate/ADANIGREEN_07052025215448_Letter.pdf,Adani Green Energy Limited has informed the Exchange regarding 'Intimation of allotment of equity shares upon conversion of warrants'.,,,Updates,00:00:01,07052025215504,07-May-2025 21:55:05,-,False,,,106223459,,INE364U01010,Adani Green Energy Limited,2025-05-07 21:55:04,ADANIGREEN
06-May-2025 22:50:40,,https://nsearchives.nseindia.com/corporate/ADANIGREEN_06052025225010_Reg_30_Disclosure.pdf,"Adani Green Energy Limited has informed the Exchange regarding allotment of 63143677 securities pursuant to exercise of share warrants at its meeting held on May 06, 2025",,,Allotment of Securities,00:00:02,06052025225040,06-May-2025 22:50:42,-,False,,,106222129,,INE364U01010,Adani Green Energy Limited,2025-05-06 22:50:40,ADANIGREEN
06-May-2025 22:34:23,,https://nsearchives.nseindia.com/corporate/ADANIGREEN_06052025223406_Letter.pdf,Adani Green Energy Limited has informed the Exchange about Transcript,,,Analysts/Institutional Investor Meet/Con. Call Updates,00:00:01,06052025223423,06-May-2025 22:34:24,-,False,,,106222119,,INE364U01010,Adani Green Energy Limited,2025-05-06 22:34:23,ADANIGREEN
06-May-2025 18:34:22,,https://nsearchives.nseindia.com/corporate/ADANIGREEN_06052025183408_Letter.pdf,Adani Green Energy Limited has informed the Exchange regarding 'Equity Investor Presentation'.,,,Updates,00:00:00,06052025183422,06-May-2025 18:34:22,-,False,,,106221868,,INE364U01010,Adani Green Energy Limited,2025-05-06 18:34:22,ADANIGREEN
05-May-2025 20:05:36,,https://nsearchives.nseindia.com/corporate/ADANIGREEN_05052025200444_Letters.pdf,Adani Green Energy Limited has informed the Exchange about Credit Rating- Others,,,Credit Rating- Others,00:00:00,05052025200536,05-May-2025 20:05:36,-,False,,,106220589,,INE364U01010,Adani Green Energy Limited,2025-05-05 20:05:36,ADANIGREEN
05-May-2025 15:13:25,,https://nsearchives.nseindia.com/corporate/ADANIGREEN_05052025132050_NSE.pdf,The Exchange has sought clarification from Adani Green Energy Limited with respect to recent news item captioned Adani reps meet Trump officials in push to end US bribery cases.  The response from the Company is attached.,,,News Verification,00:00:01,05052025151325,05-May-2025 15:13:26,-,False,,,106219951,,INE364U01010,Adani Green Energy Limited,2025-05-05 15:13:25,ADANIGREEN
05-May-2025 11:25:21,,-,The Exchange has sought clarification from Adani Green Energy Limited with respect to recent news item captioned Adani reps meet Trump officials in push to end US bribery cases.  The response from the Company is awaited.,,,News Verification,00:00:01,05052025112521,05-May-2025 11:25:22,-,False,,,106219745,,INE364U01010,Adani Green Energy Limited,2025-05-05 11:25:21,ADANIGREEN
03-May-2025 17:16:20,,https://nsearchives.nseindia.com/corporate/ADANIGREEN_03052025171452_Letters.pdf,Adani Green Energy Limited has informed the Exchange regarding 'Power PurchaseAgreement'.,,,Updates,00:00:00,03052025171620,03-May-2025 17:16:20,-,False,,,106219334,,INE364U01010,Adani Green Energy Limited,2025-05-03 17:16:20,ADANIGREEN
02-May-2025 11:51:38,,https://nsearchives.nseindia.com/corporate/ADANIGREEN_02052025115118_Letter.pdf,Adani Green Energy Limited has informed the Exchange about Schedule of meet,,,Analysts/Institutional Investor Meet/Con. Call Updates,00:00:00,02052025115138,02-May-2025 11:51:38,-,False,,,106218052,,INE364U01010,Adani Green Energy Limited,2025-05-02 11:51:38,ADANIGREEN
30-Apr-2025 18:02:29,,https://nsearchives.nseindia.com/corporate/ADANIGREEN_30042025180216_Letter.pdf,Adani Green Energy Limited has informed the Exchange about Copy of Newspaper Publication,,,Copy of Newspaper Publication,00:00:00,30042025180229,30-Apr-2025 18:02:29,-,False,,,106216819,,INE364U01010,Adani Green Energy Limited,2025-04-30 18:02:29,ADANIGREEN
29-Apr-2025 19:36:10,,https://nsearchives.nseindia.com/corporate/ADANIGREEN_29042025193527_Letter.pdf,Adani Green Energy Limited has informed the Exchange about Link of Recording,,,Analysts/Institutional Investor Meet/Con. Call Updates,00:00:01,29042025193610,29-Apr-2025 19:36:11,-,False,,,106215533,,INE364U01010,Adani Green Energy Limited,2025-04-29 19:36:10,ADANIGREEN
29-Apr-2025 18:42:13,,https://nsearchives.nseindia.com/corporate/ADANIGREEN_29042025184140_Disclosure.pdf,Adani Green Energy Limited has informed the Exchange regarding 'Allotment of equity shares of Adani Green Energy Ltd. ( Company )pursuant to exercise of share warrants by Ardour Investment Holding Ltd.'.,,,Updates,00:00:01,29042025184213,29-Apr-2025 18:42:14,-,False,,,106215442,,INE364U01010,Adani Green Energy Limited,2025-04-29 18:42:13,ADANIGREEN
29-Apr-2025 13:23:23,,https://nsearchives.nseindia.com/corporate/ADANIGREEN_29042025132258_Letter.pdf,"Adani Green Energy Limited has informed the Exchange regarding Notice of Extraordinary General Meeting to be held on May 23, 2025",,,Shareholders meeting,00:00:00,29042025132323,29-Apr-2025 13:23:23,-,False,,,106214967,,INE364U01010,Adani Green Energy Limited,2025-04-29 13:23:23,ADANIGREEN
28-Apr-2025 21:16:35,,https://nsearchives.nseindia.com/corporate/ADANIGREEN_28042025211612_Outcome212.pdf,Adani Green Energy Limited has informed the Exchange regarding Change in Auditors of the company.,,,Change in Auditors,00:00:00,28042025211635,28-Apr-2025 21:16:35,-,False,,,106214278,,INE364U01010,Adani Green Energy Limited,2025-04-28 21:16:35,ADANIGREEN
28-Apr-2025 21:12:32,,https://nsearchives.nseindia.com/corporate/ADANIGREEN_28042025211212_Outcome212.pdf,Adani Green Energy Limited has informed the Exchange about General Updates,,,General Updates,00:00:01,28042025211232,28-Apr-2025 21:12:33,-,False,,,106214274,,INE364U01010,Adani Green Energy Limited,2025-04-28 21:12:32,ADANIGREEN
28-Apr-2025 21:08:01,,https://nsearchives.nseindia.com/corporate/ADANIGREEN_28042025210727_Outcome212.pdf,Adani Green Energy Limited has informed the Exchange regarding Change in Director(s) of the company.,,,Change in Director(s),00:00:01,28042025210801,28-Apr-2025 21:08:02,-,False,,,106214269,,INE364U01010,Adani Green Energy Limited,2025-04-28 21:08:01,ADANIGREEN
28-Apr-2025 21:02:24,,https://nsearchives.nseindia.com/corporate/ADANIGREEN_28042025205953_Outcome212.pdf,"Adani Green Energy Limited has informed the Exchange regarding Outcome of Board Meeting held on April 28, 2025.",,,Outcome of Board Meeting,00:00:01,28042025210224,28-Apr-2025 21:02:25,-,False,,,106214262,,INE364U01010,Adani Green Energy Limited,2025-04-28 21:02:24,ADANIGREEN
28-Apr-2025 20:54:07,,https://nsearchives.nseindia.com/corporate/ADANIGREEN_28042025205347_MonitoringAgencyReport31032025.pdf,"Monitoring Agency Report for the quarter ended on March 31, 2025",,,Monitoring Agency Report,00:00:00,28042025205407,28-Apr-2025 20:54:07,-,False,,,106214256,,INE364U01010,Adani Green Energy Limited,2025-04-28 20:54:07,ADANIGREEN
28-Apr-2025 20:51:54,,https://nsearchives.nseindia.com/corporate/ADANIGREEN_28042025205144_StatementofDeviation31032025.pdf,Adani Green Energy Limited has informed the Exchange about statement of deviation(s) or variation(s) under Reg. 32,,,Statement of deviation(s) or variation(s) under Reg. 32,00:00:00,28042025205154,28-Apr-2025 20:51:54,-,False,,,106214255,,INE364U01010,Adani Green Energy Limited,2025-04-28 20:51:54,ADANIGREEN
28-Apr-2025 20:48:03,,https://nsearchives.nseindia.com/corporate/ADANIGREEN_28042025204751_Outcome2.pdf,"Adani Green Energy Limited has informed the Exchange regarding 'presentation on operational & financial highlights for the quarter and financial year ended March 31, 2025'.",,,Updates,00:00:00,28042025204803,28-Apr-2025 20:48:03,-,False,,,106214251,,INE364U01010,Adani Green Energy Limited,2025-04-28 20:48:03,ADANIGREEN
28-Apr-2025 20:41:36,,https://nsearchives.nseindia.com/corporate/ADANIGREEN_28042025204123_Outcome212.pdf,"Adani Green Energy Limited has informed the Exchange regarding  Board meeting held on April 28, 2025.",,,Outcome of Board Meeting,00:00:01,28042025204136,28-Apr-2025 20:41:37,-,False,,,106214242,,INE364U01010,Adani Green Energy Limited,2025-04-28 20:41:36,ADANIGREEN
23-Apr-2025 18:09:34,,https://nsearchives.nseindia.com/corporate/ADANIGREEN_23042025180750_Letters_7.pdf,Adani Green Energy Limited has informed the Exchange regarding 'Execution of Power Purchase Agreement (PPA)'.,,,Updates,00:00:01,23042025180934,23-Apr-2025 18:09:35,-,False,,,106209542,,INE364U01010,Adani Green Energy Limited,2025-04-23 18:09:34,ADANIGREEN
22-Apr-2025 13:06:38,,https://nsearchives.nseindia.com/corporate/ADANIGREEN_22042025130626_Letter.pdf,Adani Green Energy Limited has informed the Exchange regarding 'General Updates'.,,,Updates,00:00:00,22042025130638,22-Apr-2025 13:06:38,-,False,,,106207917,,INE364U01010,Adani Green Energy Limited,2025-04-22 13:06:38,ADANIGREEN
17-Apr-2025 21:50:30,,https://nsearchives.nseindia.com/corporate/ADANIGREEN_17042025214904_Letters.pdf,Adani Green Energy Limited has informed the Exchange regarding 'Operationalization ofProject'.,,,Updates,00:00:01,17042025215030,17-Apr-2025 21:50:31,-,False,,,106205178,,INE364U01010,Adani Green Energy Limited,2025-04-17 21:50:30,ADANIGREEN
15-Apr-2025 09:48:49,,https://nsearchives.nseindia.com/corporate/ADANIGREEN_15042025094755_Letters.pdf,Adani Green Energy Limited has informed the Exchange regarding 'Provisional operationalupdate: FY25'.,,,Updates,00:00:00,15042025094849,15-Apr-2025 09:48:49,-,False,,,106201938,,INE364U01010,Adani Green Energy Limited,2025-04-15 09:48:49,ADANIGREEN
04-Apr-2025 18:16:46,,https://nsearchives.nseindia.com/corporate/ADANIGREEN_04042025181633_Letter.pdf,"Adani Green Energy Limited has informed the Exchange about Certificate under SEBI (Depositories and Participants) Regulations, 2018",,,"Certificate under SEBI (Depositories and Participants) Regulations, 2018",00:00:01,04042025181646,04-Apr-2025 18:16:47,-,False,,,106194619,,INE364U01010,Adani Green Energy Limited,2025-04-04 18:16:46,ADANIGREEN
31-Mar-2025 22:09:05,,https://nsearchives.nseindia.com/corporate/ADANIGREEN_31032025220755_Letters.pdf,Adani Green Energy Limited has informed the Exchange regarding 'Operationalisation of Project'.,,,Updates,00:00:01,31032025220905,31-Mar-2025 22:09:06,-,False,,,106190381,,INE364U01010,Adani Green Energy Limited,2025-03-31 22:09:05,ADANIGREEN
29-Mar-2025 22:31:17,,https://nsearchives.nseindia.com/corporate/ADANIGREEN_29032025223056_Letters.pdf,Adani Green Energy Limited has informed the Exchange regarding 'Operationalization ofProjects'.,,,Updates,00:00:01,29032025223117,29-Mar-2025 22:31:18,-,False,,,106189289,,INE364U01010,Adani Green Energy Limited,2025-03-29 22:31:17,ADANIGREEN
29-Mar-2025 08:40:21,,https://nsearchives.nseindia.com/corporate/ADANIGREEN_29032025084006_Letters.pdf,Adani Green Energy Limited has informed the Exchange regarding 'Operationalisation ofProject'.,,,Updates,00:00:01,29032025084021,29-Mar-2025 08:40:22,-,False,,,106188516,,INE364U01010,Adani Green Energy Limited,2025-03-29 08:40:21,ADANIGREEN
28-Mar-2025 13:07:03,,https://nsearchives.nseindia.com/corporate/ADANIGREEN_28032025130600_Letters_6.pdf,Adani Green Energy Limited has informed the Exchange about commissioning of project.,,,General Updates,00:00:01,28032025130703,28-Mar-2025 13:07:04,-,False,,,106187126,,INE364U01010,Adani Green Energy Limited,2025-03-28 13:07:03,ADANIGREEN
28-Mar-2025 09:45:00,,https://nsearchives.nseindia.com/corporate/ADANIGREEN_28032025094433_Letters.pdf,Adani Green Energy Limited has informed the Exchange regarding 'Letter of Award from UPPCL'.,,,Updates,00:00:01,28032025094500,28-Mar-2025 09:45:01,-,False,,,106186842,,INE364U01010,Adani Green Energy Limited,2025-03-28 09:45:00,ADANIGREEN
27-Mar-2025 19:51:20,,https://nsearchives.nseindia.com/corporate/ADANIGREEN_27032025195109_Letters_5.pdf,Adani Green Energy Limited has informed the Exchange about General Updates,,,General Updates,00:00:01,27032025195120,27-Mar-2025 19:51:21,-,False,,,106186400,,INE364U01010,Adani Green Energy Limited,2025-03-27 19:51:20,ADANIGREEN
26-Mar-2025 16:05:55,,https://nsearchives.nseindia.com/corporate/ADANIGREEN_26032025160541_Letter.pdf,"Adani Green Energy Limited has informed the Exchange regarding the Trading Window closure pursuant to SEBI (Prohibition of Insider Trading) Regulations, 2015",,,Trading Window,00:00:01,26032025160555,26-Mar-2025 16:05:56,-,False,,,106183448,,INE364U01010,Adani Green Energy Limited,2025-03-26 16:05:55,ADANIGREEN
21-Mar-2025 21:23:49,,https://nsearchives.nseindia.com/corporate/ADANIGREEN_21032025212340_Letters.pdf,Adani Green Energy Limited has informed the Exchange regarding 'Intimation of commissioning of Project'.,,,Updates,00:00:01,21032025212349,21-Mar-2025 21:23:50,-,False,,,106178405,,INE364U01010,Adani Green Energy Limited,2025-03-21 21:23:49,ADANIGREEN
20-Mar-2025 12:33:15,,https://nsearchives.nseindia.com/corporate/ADANIGREEN_20032025123254_Letters_3.pdf,Adani Green Energy Limited has informed the Exchange about commissioning of project,,,General Updates,00:00:01,20032025123315,20-Mar-2025 12:33:16,-,False,,,106176725,,INE364U01010,Adani Green Energy Limited,2025-03-20 12:33:15,ADANIGREEN
11-Mar-2025 18:34:33,,https://nsearchives.nseindia.com/corporate/ADANIGREEN_11032025183346_Letter.pdf,Adani Green Energy Limited has informed the Exchange about commissioning of project.,,,General Updates,00:00:01,11032025183433,11-Mar-2025 18:34:34,-,False,,,106170452,,INE364U01010,Adani Green Energy Limited,2025-03-11 18:34:33,ADANIGREEN
08-Mar-2025 15:06:46,,https://nsearchives.nseindia.com/corporate/ADANIGREEN_08032025150613_Letter.pdf,Adani Green Energy Limited has informed the Exchange about Schedule of meet,,,Analysts/Institutional Investor Meet/Con. Call Updates,00:00:01,08032025150646,08-Mar-2025 15:06:47,-,False,,,106168627,,INE364U01010,Adani Green Energy Limited,2025-03-08 15:06:46,ADANIGREEN
03-Mar-2025 08:44:10,,https://nsearchives.nseindia.com/corporate/ADANIGREEN_03032025083328_Letters.pdf,"Adani Green Energy Limited has informed the Exchange regarding a press release dated March 03, 2025, titled ""Adani Green Energy Achieves Major Milestone in its Capital Management Journey; Refinances USD 1.06 Bn Maiden Construction Facility with Long-Term Financing"".",,,Press Release,00:00:01,03032025084410,03-Mar-2025 08:44:11,-,False,,,106163705,,INE364U01010,Adani Green Energy Limited,2025-03-03 08:44:10,ADANIGREEN
01-Mar-2025 10:50:03,,https://nsearchives.nseindia.com/corporate/ADANIGREEN_01032025104951_Letter.pdf,Adani Green Energy Limited has informed the Exchange about General Updates,,,General Updates,00:00:01,01032025105003,01-Mar-2025 10:50:04,-,False,,,106163305,,INE364U01010,Adani Green Energy Limited,2025-03-01 10:50:03,ADANIGREEN
28-Feb-2025 19:24:59,,https://nsearchives.nseindia.com/corporate/ADANIGREEN_28022025192416_Letter.pdf,Adani Green Energy Limited has informed the Exchange about Schedule of meet,,,Analysts/Institutional Investor Meet/Con. Call Updates,00:00:01,28022025192459,28-Feb-2025 19:25:00,-,False,,,106162968,,INE364U01010,Adani Green Energy Limited,2025-02-28 19:24:59,ADANIGREEN
28-Feb-2025 10:32:48,,https://nsearchives.nseindia.com/corporate/ADANIGREEN_28022025103058_Letters1.pdf,Adani Green Energy Limited has informed the Exchange regarding 'Operationalization of Project'.,,,Updates,00:00:00,28022025103248,28-Feb-2025 10:32:48,-,False,,,106162222,,INE364U01010,Adani Green Energy Limited,2025-02-28 10:32:48,ADANIGREEN
27-Feb-2025 23:58:35,,https://nsearchives.nseindia.com/corporate/ADANIGREEN_27022025235819_Letters.pdf,"Adani Green Energy Limited has informed the Exchange regarding 'Receipt of order from the Office of Joint Commissioner of Central Tax, Lucknow'.",,,Updates,00:00:01,27022025235835,27-Feb-2025 23:58:36,-,False,,,106162047,,INE364U01010,Adani Green Energy Limited,2025-02-27 23:58:35,ADANIGREEN
26-Feb-2025 21:54:35,,https://nsearchives.nseindia.com/corporate/ADANIGREEN_26022025215402_Letters.pdf,"Adani Green Energy Limited has informed the Exchange regarding 'Receipt of order from the Office of Assistant Commissioner of State Tax, Ahmedabad'.",,,Updates,00:00:00,26022025215435,26-Feb-2025 21:54:35,-,False,,,106161215,,INE364U01010,Adani Green Energy Limited,2025-02-26 21:54:35,ADANIGREEN
26-Feb-2025 08:32:43,,https://nsearchives.nseindia.com/corporate/ADANIGREEN_26022025083121_Letters.pdf,Adani Green Energy Limited has informed the Exchange regarding ''.,,,Updates,00:00:00,26022025083243,26-Feb-2025 08:32:43,-,False,,,106160883,,INE364U01010,Adani Green Energy Limited,2025-02-26 08:32:43,ADANIGREEN
25-Feb-2025 18:30:16,,https://nsearchives.nseindia.com/corporate/ADANIGREEN_25022025182702_Letters.pdf,Adani Green Energy Limited has informed the Exchange about Bagging/Receiving of orders/contracts,,,Bagging/Receiving of orders/contracts,00:00:01,25022025183016,25-Feb-2025 18:30:17,-,False,,,106160537,,INE364U01010,Adani Green Energy Limited,2025-02-25 18:30:16,ADANIGREEN
24-Feb-2025 22:09:40,,https://nsearchives.nseindia.com/corporate/ADANIGREEN_24022025220858_Letters.pdf,Adani Green Energy Limited has informed the Exchange regarding 'Operationalization ofProject'.,,,Updates,00:00:01,24022025220940,24-Feb-2025 22:09:41,-,False,,,106159660,,INE364U01010,Adani Green Energy Limited,2025-02-24 22:09:40,ADANIGREEN
21-Feb-2025 16:27:31,,https://nsearchives.nseindia.com/corporate/ADANIGREEN_21022025162716_Letters_2.pdf,Adani Green Energy Limited has informed the Exchange regarding 'Operationalisation of Project'.,,,Updates,00:00:00,21022025162731,21-Feb-2025 16:27:31,-,False,,,106158172,,INE364U01010,Adani Green Energy Limited,2025-02-21 16:27:31,ADANIGREEN
19-Feb-2025 19:50:18,,https://nsearchives.nseindia.com/corporate/ADANIGREEN_19022025195005_Letter.pdf,Adani Green Energy Limited has informed the Exchange about Schedule of meet,,,Analysts/Institutional Investor Meet/Con. Call Updates,00:00:01,19022025195018,19-Feb-2025 19:50:19,-,False,,,106156562,,INE364U01010,Adani Green Energy Limited,2025-02-19 19:50:18,ADANIGREEN
14-Feb-2025 11:14:37,,https://nsearchives.nseindia.com/corporate/ADANIGREEN_13022025190244_NSE.pdf,The Exchange has sought clarification from Adani Green Energy Limited with respect to recent news item captioned Adani Green Energy shares surge 3% amid report of Sri Lanka wind power project withdrawal.  The response from the Company is attached.,,,News Verification,00:00:01,14022025111437,14-Feb-2025 11:14:38,-,False,,,106151059,,INE364U01010,Adani Green Energy Limited,2025-02-14 11:14:37,ADANIGREEN
13-Feb-2025 18:50:01,,https://nsearchives.nseindia.com/corporate/ADANIGREEN_13022025184902_Letters.pdf,Adani Green Energy Limited has informed the Exchange about Rumour Verification - Regulation 30(11),,,Rumour Verification - Regulation 30(11),00:00:01,13022025185001,13-Feb-2025 18:50:02,-,False,,,106150433,,INE364U01010,Adani Green Energy Limited,2025-02-13 18:50:01,ADANIGREEN
13-Feb-2025 15:48:56,,-,The Exchange has sought clarification from Adani Green Energy Limited with respect to recent news item captioned Adani Green Energy shares surge 3% amid report of Sri Lanka wind power project withdrawal.  The response from the Company is awaited.,,,News Verification,00:00:00,13022025154856,13-Feb-2025 15:48:56,-,False,,,106149890,,INE364U01010,Adani Green Energy Limited,2025-02-13 15:48:56,ADANIGREEN
11-Feb-2025 19:57:37,,https://nsearchives.nseindia.com/corporate/ADANIGREEN_11022025195715_Letter.pdf,Adani Green Energy Limited has informed the Exchange about Investor Presentation,,,Investor Presentation,00:00:01,11022025195737,11-Feb-2025 19:57:38,-,False,,,106146851,,INE364U01010,Adani Green Energy Limited,2025-02-11 19:57:37,ADANIGREEN
07-Feb-2025 16:31:59,,https://nsearchives.nseindia.com/corporate/ADANIGREEN_07022025163153_Letter.pdf,Adani Green Energy Limited has informed the Exchange about Schedule of meet,,,Analysts/Institutional Investor Meet/Con. Call Updates,00:00:01,07022025163159,07-Feb-2025 16:32:00,-,False,,,106141896,,INE364U01010,Adani Green Energy Limited,2025-02-07 16:31:59,ADANIGREEN
30-Jan-2025 13:26:16,,https://nsearchives.nseindia.com/corporate/ADANIGREEN_30012025132551_Q3FY25Transcript.pdf,Adani Green Energy Limited has informed the Exchange about Transcript,,,Analysts/Institutional Investor Meet/Con. Call Updates,00:00:01,30012025132616,30-Jan-2025 13:26:17,-,False,,,106130141,,INE364U01010,Adani Green Energy Limited,2025-01-30 13:26:16,ADANIGREEN
27-Jan-2025 21:02:50,,https://nsearchives.nseindia.com/corporate/ADANIGREEN_27012025210202_LetterStatementofDeviation.pdf,Adani Green Energy Limited has informed the Exchange about statement of deviation(s) or variation(s) under Reg. 32,,,Statement of deviation(s) or variation(s) under Reg. 32,00:00:01,27012025210250,27-Jan-2025 21:02:51,-,False,,,106126163,,INE364U01010,Adani Green Energy Limited,2025-01-27 21:02:50,ADANIGREEN
27-Jan-2025 20:59:30,,https://nsearchives.nseindia.com/corporate/ADANIGREEN_27012025205909_LetterMAReport.pdf,"Monitoring Agency Report for the quarter ended on December 31, 2024",,,Monitoring Agency Report,00:00:01,27012025205930,27-Jan-2025 20:59:31,-,False,,,106126161,,INE364U01010,Adani Green Energy Limited,2025-01-27 20:59:30,ADANIGREEN
27-Jan-2025 20:53:48,,https://nsearchives.nseindia.com/corporate/ADANIGREEN_27012025205243_IF31122024.pdf,"In furtherance to the financial results and outcome of the Board Meeting submitted by the Company on January 23, 2025, we are submitting herewith the Integrated Filing (Financial) for the quarter and nine months ended December 31, 2024, in compliance of the Securities and Exchange Board of India circular dated December 31, 2024, as well.",,,Integrated Filing- Financial,00:00:01,27012025205348,27-Jan-2025 20:53:49,-,False,,,106126160,,INE364U01010,Adani Green Energy Limited,2025-01-27 20:53:48,ADANIGREEN
23-Jan-2025 19:09:17,,https://nsearchives.nseindia.com/corporate/ADANIGREEN_23012025190848_PresentationLetter.pdf,Adani Green Energy Limited has informed the Exchange regarding 'Presentation on Operational & Financial highlights'.,,,Updates,00:00:01,23012025190917,23-Jan-2025 19:09:18,-,False,,,106122875,,INE364U01010,Adani Green Energy Limited,2025-01-23 19:09:17,ADANIGREEN
23-Jan-2025 19:05:28,,https://nsearchives.nseindia.com/corporate/Outcome_1_23012025190528.pdf," Adani Green Energy Limited has submitted to the Exchange, the financial results for the period ended December 31, 2024.",,,Financial Result Updates,00:00:00,23012025190528,23-Jan-2025 19:05:28,-,False,,,168514,,INE364U01010,Adani Green Energy Limited,2025-01-23 19:05:28,ADANIGREEN
15-Jan-2025 10:42:02,,https://nsearchives.nseindia.com/corporate/ADANIGREEN_15012025104052_Letters.pdf,Adani Green Energy Limited has informed the Exchange regarding 'Provisional operationalupdate: 9M FY25'.,,,Updates,00:00:01,15012025104202,15-Jan-2025 10:42:03,-,False,,,106114249,,INE364U01010,Adani Green Energy Limited,2025-01-15 10:42:02,ADANIGREEN
14-Jan-2025 15:58:46,,https://nsearchives.nseindia.com/corporate/ADANIGREEN_14012025155753_Letters.pdf,Adani Green Energy Limited has informed the Exchange regarding 'Commissioning of Project'.,,,Updates,00:00:01,14012025155846,14-Jan-2025 15:58:47,-,False,,,106113559,,INE364U01010,Adani Green Energy Limited,2025-01-14 15:58:46,ADANIGREEN
06-Jan-2025 18:56:23,,https://nsearchives.nseindia.com/corporate/ADANIGREEN_06012025185526_Letter.pdf,"Adani Green Energy Limited has informed the Exchange about Certificate under SEBI (Depositories and Participants) Regulations, 2018",,,"Certificate under SEBI (Depositories and Participants) Regulations, 2018",00:00:01,06012025185623,06-Jan-2025 18:56:24,-,False,,,106105890,,INE364U01010,Adani Green Energy Limited,2025-01-06 18:56:23,ADANIGREEN
01-Jan-2025 15:43:52,,https://nsearchives.nseindia.com/corporate/ADANIGREEN_01012025154339_Letter.pdf,Adani Green Energy Limited has informed the Exchange about Copy of Newspaper Publication,,,Copy of Newspaper Publication,00:00:01,01012025154352,01-Jan-2025 15:43:53,-,False,,,106102122,,INE364U01010,Adani Green Energy Limited,2025-01-01 15:43:52,ADANIGREEN
31-Dec-2024 20:18:27,,https://nsearchives.nseindia.com/corporate/ADANIGREEN_31122024201818_Letter.pdf,Adani Green Energy Limited has informed the Exchange regarding 'Intimation of change of name of Registrar and Share Transfer Agent of the Company.'.,,,Updates,00:00:01,31122024201827,31-Dec-2024 20:18:28,-,False,,,106101339,,INE364U01010,Adani Green Energy Limited,2024-12-31 20:18:27,ADANIGREEN
31-Dec-2024 16:19:18,,https://nsearchives.nseindia.com/corporate/ADANIGREEN_31122024161909_SEletter.pdf,Adani Green Energy Limited has informed the Exchange regarding Notice of Postal Ballot,,,Shareholders meeting,00:00:01,31122024161918,31-Dec-2024 16:19:19,-,False,,,106100892,,INE364U01010,Adani Green Energy Limited,2024-12-31 16:19:18,ADANIGREEN
30-Dec-2024 19:15:31,,https://nsearchives.nseindia.com/corporate/ADANIGREEN_30122024191446_Letters.pdf,"Adani Green Energy Limited has informed the Exchange regarding a press release dated December 30, 2024, titled ""Internal Leadership Transition in Adani Portfolio"".",,,Press Release,00:00:01,30122024191531,30-Dec-2024 19:15:32,-,False,,,106099756,,INE364U01010,Adani Green Energy Limited,2024-12-30 19:15:31,ADANIGREEN
30-Dec-2024 19:09:05,,https://nsearchives.nseindia.com/corporate/ADANIGREEN_30122024190825_Outcome.pdf,"Adani Green Energy Limited has informed the Exchange regarding  Board meeting held on December 30, 2024.",,,Outcome of Board Meeting,00:00:00,30122024190905,30-Dec-2024 19:09:05,-,False,,,106099747,,INE364U01010,Adani Green Energy Limited,2024-12-30 19:09:05,ADANIGREEN
28-Dec-2024 20:15:27,,https://nsearchives.nseindia.com/corporate/ADANIGREEN_28122024201455_Letters.pdf,Adani Green Energy Limited has informed the Exchange regarding 'Commissioning of Projects'.,,,Updates,00:00:01,28122024201527,28-Dec-2024 20:15:28,-,False,,,106098458,,INE364U01010,Adani Green Energy Limited,2024-12-28 20:15:27,ADANIGREEN
28-Dec-2024 17:07:18,,https://nsearchives.nseindia.com/corporate/ADANIGREEN_28122024170618_Letter.pdf,Adani Green Energy Limited has informed the Exchange about Intimation of Incorporation of a step-down subsidiary Company.,,,General Updates,00:00:01,28122024170718,28-Dec-2024 17:07:19,-,False,,,106098387,,INE364U01010,Adani Green Energy Limited,2024-12-28 17:07:18,ADANIGREEN
26-Dec-2024 19:01:12,,https://nsearchives.nseindia.com/corporate/ADANIGREEN_26122024190103_AGEL_Letter.pdf,"Adani Green Energy Limited has informed the Exchange regarding the Trading Window closure pursuant to SEBI (Prohibition of Insider Trading) Regulations, 2015",,,Trading Window,00:00:01,26122024190112,26-Dec-2024 19:01:13,-,False,,,106095866,,INE364U01010,Adani Green Energy Limited,2024-12-26 19:01:12,ADANIGREEN
24-Dec-2024 20:21:28,,https://nsearchives.nseindia.com/corporate/ADANIGREEN_24122024202058_Letter__1__RG_II.pdf,"Adani Green Energy Limited has informed the Exchange regarding 'Compliance Certificate of RG II entities for the period endedSeptember 30, 2024.'.",,,Updates,00:00:01,24122024202128,24-Dec-2024 20:21:29,-,False,,,106093808,,INE364U01010,Adani Green Energy Limited,2024-12-24 20:21:28,ADANIGREEN
24-Dec-2024 20:17:04,,https://nsearchives.nseindia.com/corporate/ADANIGREEN_24122024201618_Letter__1__RG_I.pdf,"Adani Green Energy Limited has informed the Exchange regarding 'Compliance Certificate of RG I entities for the period endedSeptember 30, 2024'.",,,Updates,00:00:01,24122024201704,24-Dec-2024 20:17:05,-,False,,,106093802,,INE364U01010,Adani Green Energy Limited,2024-12-24 20:17:04,ADANIGREEN
13-Dec-2024 19:03:20,,https://nsearchives.nseindia.com/corporate/ADANIGREEN_13122024190320_Letter.pdf,Adani Green Energy Limited has informed the Exchange about General Updates,,,General Updates,00:00:01,13122024190320,13-Dec-2024 19:03:21,-,False,,,106085345,,INE364U01010,Adani Green Energy Limited,2024-12-13 19:03:20,ADANIGREEN
12-Dec-2024 19:55:07,,https://nsearchives.nseindia.com/corporate/ADANIGREEN_12122024195507_Letter.pdf,Adani Green Energy Limited has informed the Exchange about General Updates,,,General Updates,00:00:00,12122024195507,12-Dec-2024 19:55:07,-,False,,,106084173,,INE364U01010,Adani Green Energy Limited,2024-12-12 19:55:07,ADANIGREEN
12-Dec-2024 11:33:53,,https://nsearchives.nseindia.com/corporate/ADANIGREEN_12122024113353_Letters.pdf,Adani Green Energy Limited has informed the Exchange about General Updates,,,General Updates,00:00:01,12122024113353,12-Dec-2024 11:33:54,-,False,,,106083571,,INE364U01010,Adani Green Energy Limited,2024-12-12 11:33:53,ADANIGREEN
07-Dec-2024 12:10:36,,https://nsearchives.nseindia.com/corporate/ADANIGREEN_07122024121036_Response.pdf,"The Exchange has sought clarification from Adani Green Energy Limited with respect to recent news item captioned Power regulator questions transfer of Azure's 2,333 MW share to Adani Green Energy Limited.  The response from the Company is attached.",,,News Verification,00:00:01,07122024121036,07-Dec-2024 12:10:37,-,False,,,106079598,,INE364U01010,Adani Green Energy Limited,2024-12-07 12:10:36,ADANIGREEN
06-Dec-2024 10:26:58,,https://nsearchives.nseindia.com/corporate/ADANIGREEN_06122024102658_AGEL.pdf,Adani Green Energy Limited has informed the Exchange regarding 'Clarification on news item appearing in media reports'.,,,Updates,00:00:01,06122024102658,06-Dec-2024 10:26:59,-,False,,,106078570,,INE364U01010,Adani Green Energy Limited,2024-12-06 10:26:58,ADANIGREEN
05-Dec-2024 17:21:45,,-,"The Exchange has sought clarification from Adani Green Energy Limited with respect to recent news item captioned Power regulator questions transfer of Azure's 2,333 MW share to Adani Green Energy Limited.  The response from the Company is awaited.",,,News Verification,00:00:01,05122024172145,05-Dec-2024 17:21:46,-,False,,,106078042,,INE364U01010,Adani Green Energy Limited,2024-12-05 17:21:45,ADANIGREEN
04-Dec-2024 18:53:13,,https://nsearchives.nseindia.com/corporate/ADANIGREEN_04122024185313_Letter.pdf,Adani Green Energy Limited has informed the Exchange about Schedule of meet,,,Analysts/Institutional Investor Meet/Con. Call Updates,00:00:01,04122024185313,04-Dec-2024 18:53:14,-,False,,,106077103,,INE364U01010,Adani Green Energy Limited,2024-12-04 18:53:13,ADANIGREEN
03-Dec-2024 21:21:43,,https://nsearchives.nseindia.com/corporate/ADANIGREEN_03122024212143_Letters2.pdf,Adani Green Energy Limited has informed the Exchange about Schedule of meet,,,Analysts/Institutional Investor Meet/Con. Call Updates,00:00:00,03122024212143,03-Dec-2024 21:21:43,-,False,,,106076066,,INE364U01010,Adani Green Energy Limited,2024-12-03 21:21:43,ADANIGREEN
29-Nov-2024 19:53:22,,https://nsearchives.nseindia.com/corporate/ADANIGREEN_29112024195322_Letters2.pdf,Adani Green Energy Limited has informed the Exchange regarding 'Intimation of incorporation of a step-down subsidiary Company'.,,,Updates,00:00:01,29112024195322,29-Nov-2024 19:53:23,-,False,,,106073428,,INE364U01010,Adani Green Energy Limited,2024-11-29 19:53:22,ADANIGREEN
28-Nov-2024 21:10:58,,https://nsearchives.nseindia.com/corporate/ADANIGREEN_28112024211058_Letters2.pdf,Adani Green Energy Limited has informed the Exchange regarding 'Intimation of Incorporation of a step-down subsidiary Company'.,,,Updates,00:00:01,28112024211058,28-Nov-2024 21:10:59,-,False,,,106072310,,INE364U01010,Adani Green Energy Limited,2024-11-28 21:10:58,ADANIGREEN
28-Nov-2024 16:13:41,,https://nsearchives.nseindia.com/corporate/ADANIGREEN_28112024161341_Letter.pdf,Adani Green Energy Limited has informed the Exchange about Credit Rating,,,Credit Rating,00:00:01,28112024161341,28-Nov-2024 16:13:42,-,False,,,106071978,,INE364U01010,Adani Green Energy Limited,2024-11-28 16:13:41,ADANIGREEN
27-Nov-2024 21:31:17,,https://nsearchives.nseindia.com/corporate/ADANIGREEN_27112024213117_Letters2.pdf,Adani Green Energy Limited has informed the Exchange regarding 'Intimation of Incorporation of step-down subsidiary Companies'.,,,Updates,00:00:01,27112024213117,27-Nov-2024 21:31:18,-,False,,,106071249,,INE364U01010,Adani Green Energy Limited,2024-11-27 21:31:17,ADANIGREEN
27-Nov-2024 01:17:18,,https://nsearchives.nseindia.com/corporate/ADANIGREEN_27112024011718_Letters2.pdf,Adani Green Energy Limited has informed the Exchange regarding 'Intimation under regulation 30 - Clarification on media article'.,,,Updates,00:00:01,27112024011718,27-Nov-2024 01:17:19,-,False,,,106070303,,INE364U01010,Adani Green Energy Limited,2024-11-27 01:17:18,ADANIGREEN
27-Nov-2024 01:05:40,,https://nsearchives.nseindia.com/corporate/ADANIGREEN_27112024010540_Letters1.pdf,Adani Green Energy Limited has informed the Exchange regarding 'Intimation under regulation 30'.,,,Updates,00:00:00,27112024010540,27-Nov-2024 01:05:40,-,False,,,106070302,,INE364U01010,Adani Green Energy Limited,2024-11-27 01:05:40,ADANIGREEN
26-Nov-2024 21:45:05,,https://nsearchives.nseindia.com/corporate/ADANIGREEN_26112024214505_Letters.pdf,Adani Green Energy Limited has informed the Exchange regarding 'Intimation of Incorporation of a step-down subsidiary Company'.,,,Updates,00:00:01,26112024214505,26-Nov-2024 21:45:06,-,False,,,106070039,,INE364U01010,Adani Green Energy Limited,2024-11-26 21:45:05,ADANIGREEN
26-Nov-2024 21:21:20,,https://nsearchives.nseindia.com/corporate/ADANIGREEN_26112024212120_AGELLetters.pdf,Adani Green Energy Limited has informed the Exchange about Credit Rating- Others,,,Credit Rating- Others,00:00:01,26112024212120,26-Nov-2024 21:21:21,-,False,,,106070033,,INE364U01010,Adani Green Energy Limited,2024-11-26 21:21:20,ADANIGREEN
26-Nov-2024 10:09:36,,https://nsearchives.nseindia.com/corporate/ADANIGREEN_26112024100936_Letter.pdf,The Exchange has sought clarification from Adani Green Energy Limited with respect to recent news item captioned Adani Green Energy shares dive 11% as TotalEnergies halts fresh 'financial contribution'.  The response from the Company is attached.,,,News Verification,00:00:00,26112024100936,26-Nov-2024 10:09:36,-,False,,,106069333,,INE364U01010,Adani Green Energy Limited,2024-11-26 10:09:36,ADANIGREEN
26-Nov-2024 10:05:00,,https://nsearchives.nseindia.com/corporate/ADANIGREEN_26112024100500_Letter.pdf,Adani Green Energy Limited has informed the Exchange regarding 'Clarification on news item'.,,,Updates,00:00:01,26112024100500,26-Nov-2024 10:05:01,-,False,,,106069331,,INE364U01010,Adani Green Energy Limited,2024-11-26 10:05:00,ADANIGREEN
25-Nov-2024 18:11:18,,-,The Exchange has sought clarification from Adani Green Energy Limited with respect to recent news item captioned Adani Green Energy shares dive 11% as TotalEnergies halts fresh 'financial contribution'.  The response from the Company is awaited.,,,News Verification,00:00:01,25112024181118,25-Nov-2024 18:11:19,-,False,,,106068803,,INE364U01010,Adani Green Energy Limited,2024-11-25 18:11:18,ADANIGREEN
25-Nov-2024 14:20:10,,https://nsearchives.nseindia.com/corporate/ADANIGREEN_25112024142010_Letter.pdf,The Exchange has sought clarification from Adani Green Energy Limited with respect to recent news item captioned Kenya drops over $2.5 billion of Adani deals after US indictment.  The response from the Company is attached.,,,News Verification,00:00:01,25112024142010,25-Nov-2024 14:20:11,-,False,,,106068552,,INE364U01010,Adani Green Energy Limited,2024-11-25 14:20:10,ADANIGREEN
25-Nov-2024 10:03:04,,https://nsearchives.nseindia.com/corporate/ADANIGREEN_25112024100304_Letter.pdf,The Exchange has sought clarification from Adani Green Energy Limited with respect to recent news item captioned S&P Global revises its outlook on three Adani entities to 'negative'.  The response from the Company is attached.,,,News Verification,00:00:01,25112024100304,25-Nov-2024 10:03:05,-,False,,,106068287,,INE364U01010,Adani Green Energy Limited,2024-11-25 10:03:04,ADANIGREEN
22-Nov-2024 17:38:40,,-,The Exchange has sought clarification from Adani Green Energy Limited with respect to recent news item captioned S&P Global revises its outlook on three Adani entities to 'negative'.  The response from the Company is awaited.,,,News Verification,00:00:01,22112024173840,22-Nov-2024 17:38:41,-,False,,,106067396,,INE364U01010,Adani Green Energy Limited,2024-11-22 17:38:40,ADANIGREEN
22-Nov-2024 10:58:11,,-,The Exchange has sought clarification from Adani Green Energy Limited with respect to recent news item captioned Kenya drops over $2.5 billion of Adani deals after US indictment.  The response from the Company is awaited.,,,News Verification,00:00:01,22112024105811,22-Nov-2024 10:58:12,-,False,,,106066855,,INE364U01010,Adani Green Energy Limited,2024-11-22 10:58:11,ADANIGREEN
21-Nov-2024 19:44:25,,https://nsearchives.nseindia.com/corporate/ADANIGREEN_21112024194425_Letter.pdf,Adani Green Energy Limited has informed the Exchange about Schedule of meet,,,Analysts/Institutional Investor Meet/Con. Call Updates,00:00:01,21112024194425,21-Nov-2024 19:44:26,-,False,,,106066430,,INE364U01010,Adani Green Energy Limited,2024-11-21 19:44:25,ADANIGREEN
21-Nov-2024 14:01:34,,https://nsearchives.nseindia.com/corporate/ADANIGREEN_21112024140134_Letter.pdf,The Exchange has sought clarification from Adani Green Energy Limited with respect to recent news item captioned Adani Group stocks in focus: Here is what the US SEC said.  The response from the Company is attached.,,,News Verification,00:00:01,21112024140134,21-Nov-2024 14:01:35,-,False,,,106066012,,INE364U01010,Adani Green Energy Limited,2024-11-21 14:01:34,ADANIGREEN
21-Nov-2024 11:17:49,,-,The Exchange has sought clarification from Adani Green Energy Limited with respect to recent news item captioned Adani Group stocks in focus: Here is what the US SEC said.  The response from the Company is awaited.,,,News Verification,00:00:01,21112024111749,21-Nov-2024 11:17:50,-,False,,,106065728,,INE364U01010,Adani Green Energy Limited,2024-11-21 11:17:49,ADANIGREEN
21-Nov-2024 09:29:44,,https://nsearchives.nseindia.com/corporate/ADANIGREEN_21112024092944_Letters.pdf,Adani Green Energy Limited has informed the Exchange regarding 'Update'.,,,Updates,00:00:01,21112024092944,21-Nov-2024 09:29:45,-,False,,,106065592,,INE364U01010,Adani Green Energy Limited,2024-11-21 09:29:44,ADANIGREEN
18-Nov-2024 07:23:49,,https://nsearchives.nseindia.com/corporate/ADANIGREEN_18112024072349_Letters.pdf,Adani Green Energy Limited has informed the Exchange regarding 'USD denominated offerings by Wholly-owned Subsidiaries'.,,,Updates,00:00:01,18112024072349,18-Nov-2024 07:23:50,-,False,,,106062785,,INE364U01010,Adani Green Energy Limited,2024-11-18 07:23:49,ADANIGREEN
06-Nov-2024 16:36:38,,https://nsearchives.nseindia.com/corporate/ADANIGREEN_06112024163639_Letter.pdf,Adani Green Energy Limited has informed the Exchange about Investor Presentation,,,Investor Presentation,00:00:01,06112024163638,06-Nov-2024 16:36:39,-,False,,,106047106,,INE364U01010,Adani Green Energy Limited,2024-11-06 16:36:38,ADANIGREEN
30-Oct-2024 18:26:17,,https://nsearchives.nseindia.com/corporate/ADANIGREEN_30102024182617_Letter.pdf,Adani Green Energy Limited has informed the Exchange regarding 'Power Purchase Agreements for 5 GW solar power'.,,,Updates,00:00:01,30102024182617,30-Oct-2024 18:26:18,-,False,,,106041112,,INE364U01010,Adani Green Energy Limited,2024-10-30 18:26:17,ADANIGREEN
28-Oct-2024 12:51:25,,https://nsearchives.nseindia.com/corporate/ADANIGREEN_28102024125125_Letter.pdf,Adani Green Energy Limited has informed the Exchange about Schedule of meet,,,Analysts/Institutional Investor Meet/Con. Call Updates,00:00:01,28102024125125,28-Oct-2024 12:51:26,-,False,,,106036760,,INE364U01010,Adani Green Energy Limited,2024-10-28 12:51:25,ADANIGREEN
28-Oct-2024 12:39:47,,https://nsearchives.nseindia.com/corporate/ADANIGREEN_28102024123947_Letter.pdf,Adani Green Energy Limited has informed the Exchange about Transcript,,,Analysts/Institutional Investor Meet/Con. Call Updates,00:00:00,28102024123947,28-Oct-2024 12:39:47,-,False,,,106036752,,INE364U01010,Adani Green Energy Limited,2024-10-28 12:39:47,ADANIGREEN
26-Oct-2024 11:55:11,,https://nsearchives.nseindia.com/corporate/ADANIGREEN_26102024115511_Letter.pdf,Adani Green Energy Limited has informed the Exchange about Transcript,,,Analysts/Institutional Investor Meet/Con. Call Updates,00:00:01,26102024115511,26-Oct-2024 11:55:12,-,False,,,106035846,,INE364U01010,Adani Green Energy Limited,2024-10-26 11:55:11,ADANIGREEN
25-Oct-2024 19:43:27,,https://nsearchives.nseindia.com/corporate/ADANIGREEN_25102024194327_StatementofDeviation30092024.pdf,Adani Green Energy Limited has informed the Exchange about statement of deviation(s) or variation(s) under Reg. 32,,,Statement of deviation(s) or variation(s) under Reg. 32,00:00:01,25102024194327,25-Oct-2024 19:43:28,-,False,,,106035445,,INE364U01010,Adani Green Energy Limited,2024-10-25 19:43:27,ADANIGREEN
25-Oct-2024 19:37:28,,https://nsearchives.nseindia.com/corporate/ADANIGREEN_25102024193728_MAreport30092024.pdf,"We submit herewith the Monitoring Agency Report for the quarter ended September 30, 2024.",,,Monitoring Agency Report,00:00:01,25102024193728,25-Oct-2024 19:37:29,-,False,,,106035438,,INE364U01010,Adani Green Energy Limited,2024-10-25 19:37:28,ADANIGREEN
23-Oct-2024 17:41:52,,https://nsearchives.nseindia.com/corporate/ADANIGREEN_23102024174152_Letter.pdf,Adani Green Energy Limited has informed the Exchange about Link of Recording,,,Analysts/Institutional Investor Meet/Con. Call Updates,00:00:01,23102024174152,23-Oct-2024 17:41:53,-,False,,,106032194,,INE364U01010,Adani Green Energy Limited,2024-10-23 17:41:52,ADANIGREEN
22-Oct-2024 15:47:12,,https://nsearchives.nseindia.com/corporate/ADANIGREEN_22102024154712_OperationalFinancialHighlightsH1FY25.pdf,"Adani Green Energy Limited has informed the Exchange regarding 'Presentation on operational & financial highlights for the quarter and half year ended September 30, 2024'.",,,Updates,00:00:01,22102024154712,22-Oct-2024 15:47:13,-,False,,,106030473,,INE364U01010,Adani Green Energy Limited,2024-10-22 15:47:12,ADANIGREEN
22-Oct-2024 15:37:05,,https://nsearchives.nseindia.com/corporate/Letter1_22102024153705.pdf," Adani Green Energy Limited has submitted to the Exchange, the financial results for the period ended September 30, 2024.",,,Financial Result Updates,00:00:00,22102024153705,22-Oct-2024 15:37:05,-,False,,,165811,,INE364U01010,Adani Green Energy Limited,2024-10-22 15:37:05,ADANIGREEN
22-Oct-2024 15:28:27,,https://nsearchives.nseindia.com/corporate/ADANIGREEN_22102024152827_Letter1.pdf,"Adani Green Energy Limited has informed the Exchange regarding  Board meeting held on October 22, 2024.",,,Outcome of Board Meeting,00:00:01,22102024152827,22-Oct-2024 15:28:28,-,False,,,106030442,,INE364U01010,Adani Green Energy Limited,2024-10-22 15:28:27,ADANIGREEN
19-Oct-2024 17:05:49,,https://nsearchives.nseindia.com/corporate/ADANIGREEN_19102024170549_Letter.pdf,Adani Green Energy Limited has informed the Exchange about Schedule of meet,,,Analysts/Institutional Investor Meet/Con. Call Updates,00:00:00,19102024170549,19-Oct-2024 17:05:49,-,False,,,106028205,,INE364U01010,Adani Green Energy Limited,2024-10-19 17:05:49,ADANIGREEN
11-Oct-2024 09:39:44,,https://nsearchives.nseindia.com/corporate/ADANIGREEN_11102024093944_Letters.pdf,Adani Green Energy Limited has informed the Exchange regarding 'Provisional operationalupdate: H1 FY25'.,,,Updates,00:00:01,11102024093944,11-Oct-2024 09:39:45,-,False,,,106019722,,INE364U01010,Adani Green Energy Limited,2024-10-11 09:39:44,ADANIGREEN
05-Oct-2024 13:14:35,,https://nsearchives.nseindia.com/corporate/ADANIGREEN_05102024131435_Letter.pdf,"Adani Green Energy Limited has informed the Exchange about Certificate under SEBI (Depositories and Participants) Regulations, 2018",,,"Certificate under SEBI (Depositories and Participants) Regulations, 2018",00:00:01,05102024131435,05-Oct-2024 13:14:36,-,False,,,106013845,,INE364U01010,Adani Green Energy Limited,2024-10-05 13:14:35,ADANIGREEN
04-Oct-2024 17:35:44,,https://nsearchives.nseindia.com/corporate/ADANIGREEN_04102024173544_Letters.pdf,Adani Green Energy Limited has informed the Exchange regarding 'USD denominated offering by wholly-owned subsidiaries'.,,,Updates,00:00:01,04102024173544,04-Oct-2024 17:35:45,-,False,,,106013170,,INE364U01010,Adani Green Energy Limited,2024-10-04 17:35:44,ADANIGREEN
03-Oct-2024 12:48:14,,https://nsearchives.nseindia.com/corporate/ADANIGREEN_03102024124814_Letters.pdf,Adani Green Energy Limited has informed the Exchange about General Updates,,,General Updates,00:00:00,03102024124814,03-Oct-2024 12:48:14,-,False,,,106011600,,INE364U01010,Adani Green Energy Limited,2024-10-03 12:48:14,ADANIGREEN
27-Sep-2024 16:00:15,,https://nsearchives.nseindia.com/corporate/ADANIGREEN_27092024160015_Letter.pdf,"Adani Green Energy Limited has informed the Exchange regarding the Trading Window closure pursuant to SEBI (Prohibition of Insider Trading) Regulations, 2015",,,Trading Window,00:00:00,27092024160015,27-Sep-2024 16:00:15,-,False,,,106003773,,INE364U01010,Adani Green Energy Limited,2024-09-27 16:00:15,ADANIGREEN
26-Sep-2024 16:00:37,,https://nsearchives.nseindia.com/corporate/ADANIGREEN_26092024160037_Letter.pdf,Adani Green Energy Limited has informed the Exchange about execution of Joint Venture Agreement with TotalEnergiesfor Adani Renewable Energy Sixty Four Limited,,,General Updates,00:00:01,26092024160037,26-Sep-2024 16:00:38,-,False,,,106001211,,INE364U01010,Adani Green Energy Limited,2024-09-26 16:00:37,ADANIGREEN
25-Sep-2024 15:44:19,,https://nsearchives.nseindia.com/corporate/ADANIGREEN_25092024154419_EGM25092024VotingResScrReport.pdf,"Adani Green Energy Limited has submitted the Exchange the Voting Results of Extraordinary General Meeting held on September 25, 2024 along with Scrutinizer's Report.",,,Shareholders meeting,00:00:01,25092024154419,25-Sep-2024 15:44:20,-,False,,,105998981,,INE364U01010,Adani Green Energy Limited,2024-09-25 15:44:19,ADANIGREEN
25-Sep-2024 12:46:59,,https://nsearchives.nseindia.com/corporate/ADANIGREEN_25092024124659_EGMproceedings25092024.pdf,"Adani Green Energy Limited has informed the Exchange regarding Proceedings of  Extraordinary General Meeting held on September 25, 2024.",,,Shareholders meeting,00:00:01,25092024124659,25-Sep-2024 12:47:00,-,False,,,105998676,,INE364U01010,Adani Green Energy Limited,2024-09-25 12:46:59,ADANIGREEN
22-Sep-2024 10:16:14,,https://nsearchives.nseindia.com/corporate/ADANIGREEN_22092024101614_Letters1.pdf,Adani Green Energy Limited has informed the Exchange about Schedule of meet,,,Analysts/Institutional Investor Meet/Con. Call Updates,00:00:00,22092024101614,22-Sep-2024 10:16:14,-,False,,,105995485,,INE364U01010,Adani Green Energy Limited,2024-09-22 10:16:14,ADANIGREEN
15-Sep-2024 11:50:47,,https://nsearchives.nseindia.com/corporate/ADANIGREEN_15092024115047_PR.pdf,"Adani Green Energy Limited has informed the Exchange regarding a press release dated September 15, 2024, titled ""Maharashtra State DISCOM issues Letter of Intent for supply of 6600 MW hybrid solar and thermal power by Adani Green and Adani Power"".",,,Press Release,00:00:01,15092024115047,15-Sep-2024 11:50:48,-,False,,,105988978,,INE364U01010,Adani Green Energy Limited,2024-09-15 11:50:47,ADANIGREEN
15-Sep-2024 11:45:21,,https://nsearchives.nseindia.com/corporate/ADANIGREEN_15092024114521_Letters.pdf,"Adani Green Energy Limited has informed the Exchange regarding '5GW (5,000 MW) of solar power project to supply power to MSEDCL'.",,,Updates,00:00:01,15092024114521,15-Sep-2024 11:45:22,-,False,,,105988976,,INE364U01010,Adani Green Energy Limited,2024-09-15 11:45:21,ADANIGREEN
14-Sep-2024 16:45:52,,https://nsearchives.nseindia.com/corporate/ADANIGREEN_14092024164552_Letter.pdf,Adani Green Energy Limited has informed the Exchange about Schedule of meet,,,Analysts/Institutional Investor Meet/Con. Call Updates,00:00:01,14092024164552,14-Sep-2024 16:45:53,-,False,,,105988748,,INE364U01010,Adani Green Energy Limited,2024-09-14 16:45:52,ADANIGREEN
14-Sep-2024 16:27:59,,https://nsearchives.nseindia.com/corporate/ADANIGREEN_14092024162759_Outcome.pdf,Adani Green Energy Limited has informed the Exchange regarding 'Change In Senior Management Personnel of the Company'.,,,Updates,00:00:00,14092024162759,14-Sep-2024 16:27:59,-,False,,,105988743,,INE364U01010,Adani Green Energy Limited,2024-09-14 16:27:59,ADANIGREEN
09-Sep-2024 08:30:04,,https://nsearchives.nseindia.com/corporate/ADANIGREEN_09092024083004_LettersPR.pdf,"Adani Green Energy Limited has informed the Exchange regarding a press release dated September 09, 2024, titled ""Adani Green Energy fully redeems USD 750 Mn Holdco Notes"".",,,Press Release,00:00:00,09092024083004,09-Sep-2024 08:30:04,-,False,,,105982808,,INE364U01010,Adani Green Energy Limited,2024-09-09 08:30:04,ADANIGREEN
04-Sep-2024 18:25:14,,https://nsearchives.nseindia.com/corporate/ADANIGREEN_04092024182514_Letter.pdf,Adani Green Energy Limited has informed the Exchange about Copy of Newspaper Publication,,,Copy of Newspaper Publication,00:00:01,04092024182514,04-Sep-2024 18:25:15,-,False,,,105977723,,INE364U01010,Adani Green Energy Limited,2024-09-04 18:25:14,ADANIGREEN
03-Sep-2024 19:10:54,,https://nsearchives.nseindia.com/corporate/ADANIGREEN_03092024191054_EGMnotice25092024.pdf,"Adani Green Energy Limited has informed the Exchange regarding Notice of Extraordinary General Meeting to be held on September 25, 2024",,,Shareholders meeting,00:00:01,03092024191054,03-Sep-2024 19:10:55,-,False,,,105976200,,INE364U01010,Adani Green Energy Limited,2024-09-03 19:10:54,ADANIGREEN
03-Sep-2024 09:21:05,,https://nsearchives.nseindia.com/corporate/ADANIGREEN_03092024092105_Letters.pdf,"Adani Green Energy Limited has informed the Exchange regarding a press release dated September 03, 2024, titled ""Adani Green and TotalEnergies Strengthen Partnership with Strategic Joint Venture"".",,,Press Release,00:00:01,03092024092105,03-Sep-2024 09:21:06,-,False,,,105974961,,INE364U01010,Adani Green Energy Limited,2024-09-03 09:21:05,ADANIGREEN
02-Sep-2024 17:42:35,,https://nsearchives.nseindia.com/corporate/ADANIGREEN_02092024174235_IntimationUpdates.pdf,Adani Green Energy Limited has informed the Exchange regarding 'Intimation for approval of Board of Directors for execution of binding documents with TotalEnergies Renewables Singapore Pte Limited to form a new Joint Venture.'.,,,Updates,00:00:00,02092024174235,02-Sep-2024 17:42:35,-,False,,,105974236,,INE364U01010,Adani Green Energy Limited,2024-09-02 17:42:35,ADANIGREEN
29-Aug-2024 15:31:00,,https://nsearchives.nseindia.com/corporate/ADANIGREEN_29082024153100_Letter.pdf,Adani Green Energy Limited has informed the Exchange about Schedule of meet,,,Analysts/Institutional Investor Meet/Con. Call Updates,00:00:01,29082024153100,29-Aug-2024 15:31:01,-,False,,,105969661,,INE364U01010,Adani Green Energy Limited,2024-08-29 15:31:00,ADANIGREEN
11-Aug-2024 11:54:55,,https://nsearchives.nseindia.com/corporate/ADANIGREEN_11082024115455_Letters.pdf,Adani Green Energy Limited has informed the Exchange regarding 'Hindenburg Report - A Red Herring'.,,,Updates,00:00:00,11082024115455,11-Aug-2024 11:54:55,-,False,,,105949405,,INE364U01010,Adani Green Energy Limited,2024-08-11 11:54:55,ADANIGREEN
11-Aug-2024 11:32:15,,https://nsearchives.nseindia.com/corporate/ADANIGREEN_11082024113215_Letters.pdf,Adani Green Energy Limited has informed the Exchange regarding 'Hindenburg Report - A Red Herring'.,,,Updates,00:00:00,11082024113215,11-Aug-2024 11:32:15,-,False,,,105949403,,INE364U01010,Adani Green Energy Limited,2024-08-11 11:32:15,ADANIGREEN
11-Aug-2024 11:12:49,,https://nsearchives.nseindia.com/corporate/ADANIGREEN_11082024111249_Intimation.pdf,Adani Green Energy Limited has informed the Exchange regarding 'Hindenburg Report - A Red Herring'.,,,Updates,00:00:00,11082024111249,11-Aug-2024 11:12:49,-,False,,,105949402,,INE364U01010,Adani Green Energy Limited,2024-08-11 11:12:49,ADANIGREEN
08-Aug-2024 19:47:11,,https://nsearchives.nseindia.com/corporate/ADANIGREEN_08082024194712_Letter.pdf,Adani Green Energy Limited has informed the Exchange about Presentation,,,Analysts/Institutional Investor Meet/Con. Call Updates,00:00:01,08082024194711,08-Aug-2024 19:47:12,-,False,,,105946159,,INE364U01010,Adani Green Energy Limited,2024-08-08 19:47:11,ADANIGREEN
01-Aug-2024 15:43:25,,https://nsearchives.nseindia.com/corporate/ADANIGREEN_01082024154325_Letter.pdf,Adani Green Energy Limited has informed the Exchange about Schedule of meet,,,Analysts/Institutional Investor Meet/Con. Call Updates,00:00:01,01082024154325,01-Aug-2024 15:43:26,-,False,,,105934863,,INE364U01010,Adani Green Energy Limited,2024-08-01 15:43:25,ADANIGREEN
31-Jul-2024 12:26:33,,https://nsearchives.nseindia.com/corporate/ADANIGREEN_31072024122633_Letter.pdf,Adani Green Energy Limited has informed the Exchange about Transcript,,,Analysts/Institutional Investor Meet/Con. Call Updates,00:00:00,31072024122633,31-Jul-2024 12:26:33,-,False,,,105932580,,INE364U01010,Adani Green Energy Limited,2024-07-31 12:26:33,ADANIGREEN
29-Jul-2024 18:47:29,,https://nsearchives.nseindia.com/corporate/ADANIGREEN_29072024184729_MonitoringReport30062024.pdf,"Monitoring Agency Report for the quarter ended on June 30, 2024",,,Monitoring Agency Report,00:00:00,29072024184729,29-Jul-2024 18:47:29,-,False,,,105930075,,INE364U01010,Adani Green Energy Limited,2024-07-29 18:47:29,ADANIGREEN
29-Jul-2024 18:43:49,,https://nsearchives.nseindia.com/corporate/ADANIGREEN_29072024184349_StatementofDeviationAGEL.pdf,Adani Green Energy Limited has informed the Exchange about statement of deviation(s) or variation(s) under Reg. 32,,,Statement of deviation(s) or variation(s) under Reg. 32,00:00:00,29072024184349,29-Jul-2024 18:43:49,-,False,,,105930065,,INE364U01010,Adani Green Energy Limited,2024-07-29 18:43:49,ADANIGREEN
29-Jul-2024 18:39:35,,https://nsearchives.nseindia.com/corporate/ADANIGREEN_29072024183935_AGELHoldcocertificate31032024.pdf,Adani Green Energy Limited has informed the Exchange regarding 'Compliance Certificate For USD Denominated Senior Secured Notes'.,,,Updates,00:00:01,29072024183935,29-Jul-2024 18:39:36,-,False,,,105930055,,INE364U01010,Adani Green Energy Limited,2024-07-29 18:39:35,ADANIGREEN
27-Jul-2024 17:07:15,,https://nsearchives.nseindia.com/corporate/ADANIGREEN_27072024170716_Letter.pdf,Adani Green Energy Limited has informed the Exchange about Link of Recording,,,Analysts/Institutional Investor Meet/Con. Call Updates,00:00:01,27072024170715,27-Jul-2024 17:07:16,-,False,,,105928682,,INE364U01010,Adani Green Energy Limited,2024-07-27 17:07:15,ADANIGREEN
25-Jul-2024 15:14:35,,https://nsearchives.nseindia.com/corporate/OutcomeSigned_25072024151435.pdf,"Adani Green Energy Limited has submitted to the Exchange, the financial results for the period ended June 30, 2024.",,,Financial Result Updates,00:00:06,25072024151435,25-Jul-2024 15:14:41,-,False,,,163775,,INE364U01010,Adani Green Energy Limited,2024-07-25 15:14:35,ADANIGREEN
25-Jul-2024 15:07:57,,https://nsearchives.nseindia.com/corporate/ADANIGREEN_25072024150757_LetterEarningsPresentationSigned.pdf,Adani Green Energy Limited has informed the Exchange about Investor Presentation,,,Investor Presentation,00:00:01,25072024150757,25-Jul-2024 15:07:58,-,False,,,105925845,,INE364U01010,Adani Green Energy Limited,2024-07-25 15:07:57,ADANIGREEN
25-Jul-2024 15:05:09,,https://nsearchives.nseindia.com/corporate/ADANIGREEN_25072024150509_OutcomeSigned.pdf,"Adani Green Energy Limited has informed the Exchange regarding  Board meeting held on July 25, 2024.",,,Outcome of Board Meeting,00:00:00,25072024150509,25-Jul-2024 15:05:09,-,False,,,105925839,,INE364U01010,Adani Green Energy Limited,2024-07-25 15:05:09,ADANIGREEN
24-Jul-2024 08:48:48,,https://nsearchives.nseindia.com/corporate/ADANIGREEN_24072024084848_Letters.pdf,Adani Green Energy Limited has informed the Exchange regarding 'Operationalization of Project'.,,,Updates,00:00:01,24072024084848,24-Jul-2024 08:48:49,-,False,,,105923712,,INE364U01010,Adani Green Energy Limited,2024-07-24 08:48:48,ADANIGREEN
16-Jul-2024 21:18:56,,https://nsearchives.nseindia.com/corporate/ADANIGREEN_16072024211856_Letters.pdf,Adani Green Energy Limited has informed the Exchange regarding 'Provisional Operational Update: Q1 FY25'.,,,Updates,00:00:00,16072024211856,16-Jul-2024 21:18:56,-,False,,,105916502,,INE364U01010,Adani Green Energy Limited,2024-07-16 21:18:56,ADANIGREEN
15-Jul-2024 18:29:27,,https://nsearchives.nseindia.com/corporate/ADANIGREEN_15072024182927_Letter.pdf,Adani Green Energy Limited has informed the Exchange about Schedule of meet,,,Analysts/Institutional Investor Meet/Con. Call Updates,00:00:01,15072024182927,15-Jul-2024 18:29:28,-,False,,,105914933,,INE364U01010,Adani Green Energy Limited,2024-07-15 18:29:27,ADANIGREEN
06-Jul-2024 10:57:53,,https://nsearchives.nseindia.com/corporate/ADANIGREEN_06072024105753_Letter.pdf,"Adani Green Energy Limited has informed the Exchange about Certificate under SEBI (Depositories and Participants) Regulations, 2018",,,"Certificate under SEBI (Depositories and Participants) Regulations, 2018",00:00:01,06072024105753,06-Jul-2024 10:57:54,-,False,,,105905761,,INE364U01010,Adani Green Energy Limited,2024-07-06 10:57:53,ADANIGREEN
01-Jul-2024 19:26:08,,https://nsearchives.nseindia.com/corporate/ADANIGREEN_01072024192608_Letters.pdf,Adani Green Energy Limited has informed the Exchange about Schedule of meet,,,Analysts/Institutional Investor Meet/Con. Call Updates,00:00:00,01072024192608,01-Jul-2024 19:26:08,-,False,,,105900237,,INE364U01010,Adani Green Energy Limited,2024-07-01 19:26:08,ADANIGREEN
29-Jun-2024 17:06:56,,https://nsearchives.nseindia.com/corporate/ADANIGREEN_29062024170656_RGII.pdf,"Adani Green Energy Limited has informed the Exchange regarding 'Compliance Certificate and financials for March 31, 2024 for RG II entities'.",,,Updates,00:00:01,29062024170656,29-Jun-2024 17:06:57,-,False,,,105898691,,INE364U01010,Adani Green Energy Limited,2024-06-29 17:06:56,ADANIGREEN
29-Jun-2024 17:03:40,,https://nsearchives.nseindia.com/corporate/ADANIGREEN_29062024170340_RGI.pdf,"Adani Green Energy Limited has informed the Exchange regarding 'Compliance Certificate and financials for March 31, 2024 for RG I entities'.",,,Updates,00:00:00,29062024170340,29-Jun-2024 17:03:40,-,False,,,105898682,,INE364U01010,Adani Green Energy Limited,2024-06-29 17:03:40,ADANIGREEN
25-Jun-2024 21:13:02,,https://nsearchives.nseindia.com/corporate/ADANIGREEN_25062024211302_VotingResultsScrutinizersReportAGM2024.pdf,"Adani Green Energy Limited has submitted the Exchange a copy Srutinizers report of  Annual General Meeting held on Jun 25, 2024. Further, the company has informed the Exchange regarding voting results.",,,Shareholders meeting,00:00:01,25062024211302,25-Jun-2024 21:13:03,-,False,,,105891304,,INE364U01010,Adani Green Energy Limited,2024-06-25 21:13:02,ADANIGREEN
25-Jun-2024 21:03:38,,https://nsearchives.nseindia.com/corporate/ADANIGREEN_25062024210338_AGELProceedingsAGM25062024.pdf,"Adani Green Energy Limited has informed the Exchange regarding Proceedings of Annual General Meeting held on Jun 25, 2024.",,,Shareholders meeting,00:00:01,25062024210338,25-Jun-2024 21:03:39,-,False,,,105891300,,INE364U01010,Adani Green Energy Limited,2024-06-25 21:03:38,ADANIGREEN
23-Jun-2024 20:37:03,,https://nsearchives.nseindia.com/corporate/ADANIGREEN_23062024203703_Letters.pdf,Adani Green Energy Limited has informed the Exchange about Schedule of meet and Presentation,,,Analysts/Institutional Investor Meet/Con. Call Updates,00:00:01,23062024203703,23-Jun-2024 20:37:04,-,False,,,105888965,,INE364U01010,Adani Green Energy Limited,2024-06-23 20:37:03,ADANIGREEN
22-Jun-2024 13:01:32,,https://nsearchives.nseindia.com/corporate/ADANIGREEN_22062024130132_Letter.pdf,"Adani Green Energy Limited has informed the Exchange regarding the Trading Window closure pursuant to SEBI (Prohibition of Insider Trading) Regulations, 2015",,,Trading Window,00:00:01,22062024130132,22-Jun-2024 13:01:33,-,False,,,105888630,,INE364U01010,Adani Green Energy Limited,2024-06-22 13:01:32,ADANIGREEN
20-Jun-2024 18:52:40,,https://nsearchives.nseindia.com/corporate/ADANIGREEN_20062024185240_Letter.pdf,Adani Green Energy Limited has informed the Exchange about Schedule of meet,,,Analysts/Institutional Investor Meet/Con. Call Updates,00:00:00,20062024185240,20-Jun-2024 18:52:40,-,False,,,105887067,,INE364U01010,Adani Green Energy Limited,2024-06-20 18:52:40,ADANIGREEN
13-Jun-2024 15:38:48,,https://nsearchives.nseindia.com/corporate/ADANIGREEN_13062024153848_Letter.pdf,Adani Green Energy Limited has informed the Exchange about Schedule of meet,,,Analysts/Institutional Investor Meet/Con. Call Updates,00:00:01,13062024153848,13-Jun-2024 15:38:49,-,False,,,105881506,,INE364U01010,Adani Green Energy Limited,2024-06-13 15:38:48,ADANIGREEN
01-Jun-2024 14:48:31,,https://nsearchives.nseindia.com/corporate/ADANIGREEN_01062024144831_Letters.pdf,Adani Green Energy Limited has informed the Exchange about Schedule of meet,,,Analysts/Institutional Investor Meet/Con. Call Updates,00:00:01,01062024144831,01-Jun-2024 14:48:32,-,False,,,105871698,,INE364U01010,Adani Green Energy Limited,2024-06-01 14:48:31,ADANIGREEN
29-May-2024 20:45:15,,https://nsearchives.nseindia.com/corporate/ADANIGREEN_29052024204515_Letters.pdf,Adani Green Energy Limited has informed the Exchange about Credit Rating,,,Credit Rating,00:00:01,29052024204515,29-May-2024 20:45:16,-,False,,,105867416,,INE364U01010,Adani Green Energy Limited,2024-05-29 20:45:15,ADANIGREEN
29-May-2024 12:14:46,,https://nsearchives.nseindia.com/corporate/ADANIGREEN_29052024121446_NewspaperAdPost9thAGM.pdf,Adani Green Energy Limited has informed the Exchange about Copy of Newspaper Publication,,,Copy of Newspaper Publication,00:00:01,29052024121446,29-May-2024 12:14:47,-,False,,,105866057,,INE364U01010,Adani Green Energy Limited,2024-05-29 12:14:46,ADANIGREEN
28-May-2024 19:33:30,,https://nsearchives.nseindia.com/corporate/ADANIGREEN_28052024193330_BRSRFY24.pdf,Adani Green Energy Limited has informed the Exchange regarding 'Business Responsibility and Sustainability Report for FY 2023-24 '.,,,Updates,00:00:00,28052024193330,28-May-2024 19:33:30,-,False,,,105865242,,INE364U01010,Adani Green Energy Limited,2024-05-28 19:33:30,ADANIGREEN
28-May-2024 19:23:11,,https://nsearchives.nseindia.com/corporate/ADANIGREEN_28052024192311_IntimationBookClosure9thAGM.pdf,Adani Green Energy Limited has informed the Exchange that Register of Members & Share Transfer Books of the Company will remain closed from 18-Jun-2024 to 25-Jun-2024 for the purpose of Meeting.,,,Book Closure,00:00:01,28052024192311,28-May-2024 19:23:12,-,False,,,105865214,,INE364U01010,Adani Green Energy Limited,2024-05-28 19:23:11,ADANIGREEN
28-May-2024 19:17:16,,https://nsearchives.nseindia.com/corporate/ADANIGREEN_28052024191716_NoticeAR24.pdf,"Adani Green Energy Limited has informed the Exchange regarding Notice of Annual General Meeting to be held on Jun 25, 2024",,,Shareholders meeting,00:00:00,28052024191716,28-May-2024 19:17:16,-,False,,,105865186,,INE364U01010,Adani Green Energy Limited,2024-05-28 19:17:16,ADANIGREEN
24-May-2024 13:23:17,,https://nsearchives.nseindia.com/corporate/ADANIGREEN_24052024132317_NewspaperAd9thAGMPreAd.pdf,Adani Green Energy Limited has informed the Exchange about Copy of Newspaper Publication,,,Copy of Newspaper Publication,00:00:01,24052024132317,24-May-2024 13:23:18,-,False,,,105860012,,INE364U01010,Adani Green Energy Limited,2024-05-24 13:23:17,ADANIGREEN
10-May-2024 19:28:41,,https://nsearchives.nseindia.com/corporate/ADANIGREEN_10052024192841_AGELQ4FY24Transcript.pdf,Adani Green Energy Limited has informed the Exchange about Transcript,,,Analysts/Institutional Investor Meet/Con. Call Updates,00:00:04,10052024192841,10-May-2024 19:28:45,-,False,,,105842455,,INE364U01010,Adani Green Energy Limited,2024-05-10 19:28:41,ADANIGREEN
08-May-2024 20:33:48,,https://nsearchives.nseindia.com/corporate/ADANIGREEN_08052024203348_InvestorMeetingIntimation.pdf,Adani Green Energy Limited has informed the Exchange about Schedule of meet and Presentation,,,Analysts/Institutional Investor Meet/Con. Call Updates,00:00:05,08052024203348,08-May-2024 20:33:53,-,False,,,105839147,,INE364U01010,Adani Green Energy Limited,2024-05-08 20:33:48,ADANIGREEN
07-May-2024 16:39:34,,https://nsearchives.nseindia.com/corporate/ADANIGREEN_07052024163934_MAreportAGEL31032024.pdf,"Pursuant to Regulation 32(6) of SEBI (LODR) Regulations, 2015 read with Regulation 162A(4) of SEBI (ICDR) Regulations, 2018, we submit herewith the Monitoring Agency Report for the quarter ended on March 31, 2024.",,,Monitoring Agency Report,00:00:12,07052024163934,07-May-2024 16:39:46,-,False,,,105837106,,INE364U01010,Adani Green Energy Limited,2024-05-07 16:39:34,ADANIGREEN
07-May-2024 16:17:25,,https://nsearchives.nseindia.com/corporate/ADANIGREEN_07052024161725_StatementofDeviationAGEL.pdf,Adani Green Energy Limited has informed the Exchange about statement of deviation(s) or variation(s) under Reg. 32,,,Statement of deviation(s) or variation(s) under Reg. 32,00:02:23,07052024161725,07-May-2024 16:19:48,-,False,,,105837056,,INE364U01010,Adani Green Energy Limited,2024-05-07 16:17:25,ADANIGREEN
03-May-2024 19:55:30,,https://nsearchives.nseindia.com/corporate/ADANIGREEN_03052024195530_Letters.pdf,Adani Green Energy Limited has informed the Exchange about Link of Recording,,,Analysts/Institutional Investor Meet/Con. Call Updates,00:00:05,03052024195530,03-May-2024 19:55:35,-,False,,,105833969,,INE364U01010,Adani Green Energy Limited,2024-05-03 19:55:30,ADANIGREEN
03-May-2024 18:12:46,,https://nsearchives.nseindia.com/corporate/ADANIGREEN_03052024181246_ADANIGREEN.pdf,"S. B. Adani Family Trust has Submitted to the Exchange a copy of Disclosure under Regulation 31(4) of the Securities and Exchange Board of India (Substantial Acquisition of Shares and Takeovers) Regulations, 2011.",,,Disclosure under SEBI Takeover Regulations,00:00:05,03052024181246,03-May-2024 18:12:51,-,False,,,105826170,,INE364U01010,Adani Green Energy Limited,2024-05-03 18:12:46,ADANIGREEN
03-May-2024 14:21:18,,https://nsearchives.nseindia.com/corporate/ADANIGREEN_03052024142118_LetterPresentation.pdf,Adani Green Energy Limited has informed the Exchange regarding 'Presentation on Operational & Financial highlights'.,,,Updates,00:00:05,03052024142118,03-May-2024 14:21:23,-,False,,,105833305,,INE364U01010,Adani Green Energy Limited,2024-05-03 14:21:18,ADANIGREEN
03-May-2024 14:17:17,,https://nsearchives.nseindia.com/corporate/Outcome_03052024141717.pdf,"Adani Green Energy Limited has submitted to the Exchange, the financial results for the period ended March 31, 2024.",,,Financial Result Updates,00:00:03,03052024141717,03-May-2024 14:17:20,-,False,,,161354,,INE364U01010,Adani Green Energy Limited,2024-05-03 14:17:17,ADANIGREEN
03-May-2024 14:12:24,,https://nsearchives.nseindia.com/corporate/ADANIGREEN_03052024141224_Outcome.pdf,"Adani Green Energy Limited has informed the Exchange regarding  Board meeting held on May 03, 2024.",,,Outcome of Board Meeting,00:00:05,03052024141224,03-May-2024 14:12:29,-,False,,,105833296,,INE364U01010,Adani Green Energy Limited,2024-05-03 14:12:24,ADANIGREEN
02-May-2024 19:04:32,,https://nsearchives.nseindia.com/corporate/ADANIGREEN_02052024190432_Letter.pdf,"Adani Green Energy Limited has informed the Exchange regarding a press release dated May 02, 2024, titled ""Adani Green Secures USD 400 million from international banks for 750 MW power projects"".",,,Press Release,00:00:13,02052024190432,02-May-2024 19:04:45,-,False,,,105832348,,INE364U01010,Adani Green Energy Limited,2024-05-02 19:04:32,ADANIGREEN
22-Apr-2024 21:46:14,,https://nsearchives.nseindia.com/corporate/ADANIGREEN_22042024214614_BMIntimationInvestorMeet.pdf,Adani Green Energy Limited has informed the Exchange about Schedule of meet,,,Analysts/Institutional Investor Meet/Con. Call Updates,00:00:05,22042024214614,22-Apr-2024 21:46:19,-,False,,,105821704,,INE364U01010,Adani Green Energy Limited,2024-04-22 21:46:14,ADANIGREEN
15-Apr-2024 08:43:23,,https://nsearchives.nseindia.com/corporate/ADANIGREEN_15042024084323_Letters.pdf,Adani Green Energy Limited has informed the Exchange regarding 'Provisional operational update: FY24'.,,,Updates,00:00:07,15042024084323,15-Apr-2024 08:43:30,-,False,,,105814939,,INE364U01010,Adani Green Energy Limited,2024-04-15 08:43:23,ADANIGREEN
11-Apr-2024 18:31:50,,https://nsearchives.nseindia.com/corporate/ADANIGREEN_11042024183150_DuplicateShareCertificate_signed.pdf,Adani Green Energy Limited has informed the Exchange about Loss of Share Certificates,,,Loss of Share Certificates,00:00:05,11042024183150,11-Apr-2024 18:31:55,-,False,,,105813145,,INE364U01010,Adani Green Energy Limited,2024-04-11 18:31:50,ADANIGREEN
06-Apr-2024 12:53:59,,https://nsearchives.nseindia.com/corporate/ADANIGREEN_06042024125359_Letters.pdf,Adani Green Energy Limited has informed the Exchange about Schedule of meet,,,Analysts/Institutional Investor Meet/Con. Call Updates,00:01:08,06042024125359,06-Apr-2024 12:55:07,-,False,,,105808357,,INE364U01010,Adani Green Energy Limited,2024-04-06 12:53:59,ADANIGREEN
05-Apr-2024 17:28:30,,https://nsearchives.nseindia.com/corporate/ADANIGREEN_05042024172830_Letter.pdf,"Adani Green Energy Limited has informed the Exchange regarding 'Certificate under Regulation 74(5) of the SEBI (Depositories andParticipants) Regulations, 2018 for the quarter ended March 31, 2024'.",,,Updates,00:00:06,05042024172830,05-Apr-2024 17:28:36,-,False,,,105807618,,INE364U01010,Adani Green Energy Limited,2024-04-05 17:28:30,ADANIGREEN
04-Apr-2024 21:31:48,,https://nsearchives.nseindia.com/corporate/ADANIGREEN_04042024213148_Letters.pdf,Adani Green Energy Limited has informed the Exchange about Loss of Share Certificates,,,Loss of Share Certificates,00:00:06,04042024213148,04-Apr-2024 21:31:54,-,False,,,105806482,,INE364U01010,Adani Green Energy Limited,2024-04-04 21:31:48,ADANIGREEN
03-Apr-2024 13:11:14,,https://nsearchives.nseindia.com/corporate/ADANIGREEN_03042024131114_Letters.pdf,"Adani Green Energy Limited has informed the Exchange regarding a revised press release dated April 03, 2024, titled ""Adani Green Energy becomes India s first to surpass 10,000 MW renewable energy"".",,,Press Release (Revised),00:00:05,03042024131114,03-Apr-2024 13:11:19,-,False,,,105804568,,INE364U01010,Adani Green Energy Limited,2024-04-03 13:11:14,ADANIGREEN
03-Apr-2024 08:28:27,,https://nsearchives.nseindia.com/corporate/ADANIGREEN_03042024082828_Letters.pdf,"Adani Green Energy Limited has informed the Exchange regarding a press release dated April 03, 2024, titled ""Adani Green Energy becomes India s first to surpass 10,000 MW renewable energy"".",,,Press Release,00:00:07,03042024082827,03-Apr-2024 08:28:34,-,False,,,105804219,,INE364U01010,Adani Green Energy Limited,2024-04-03 08:28:27,ADANIGREEN
30-Mar-2024 23:50:37,,https://nsearchives.nseindia.com/corporate/ADANIGREEN_30032024235037_Letters.pdf,Adani Green Energy Limited has informed the Exchange regarding 'Operationalization of Projects'.,,,Updates,00:00:06,30032024235037,30-Mar-2024 23:50:43,-,False,,,105801289,,INE364U01010,Adani Green Energy Limited,2024-03-30 23:50:37,ADANIGREEN
29-Mar-2024 18:56:35,,https://nsearchives.nseindia.com/corporate/ADANIGREEN_29032024185635_Letters.pdf,Adani Green Energy Limited has informed the Exchange regarding 'Operationalization ofProjects'.,,,Updates,00:00:07,29032024185635,29-Mar-2024 18:56:42,-,False,,,105799974,,INE364U01010,Adani Green Energy Limited,2024-03-29 18:56:35,ADANIGREEN
29-Mar-2024 12:00:36,,https://nsearchives.nseindia.com/corporate/ADANIGREEN_29032024120036_Letters.pdf,Adani Green Energy Limited has informed the Exchange regarding 'Operationalization of Projects'.,,,Updates,00:00:05,29032024120036,29-Mar-2024 12:00:41,-,False,,,105798840,,INE364U01010,Adani Green Energy Limited,2024-03-29 12:00:36,ADANIGREEN
27-Mar-2024 09:26:59,,https://nsearchives.nseindia.com/corporate/ADANIGREEN_27032024092659_LettersPR.pdf,"Adani Green Energy Limited has informed the Exchange regarding a press release dated March 27, 2024, titled ""Adani Green operationalizes 180 MW solar power plant in Rajasthan"".",,,Press Release,00:00:06,27032024092659,27-Mar-2024 09:27:05,-,False,,,105794382,,INE364U01010,Adani Green Energy Limited,2024-03-27 09:26:59,ADANIGREEN
27-Mar-2024 09:18:55,,https://nsearchives.nseindia.com/corporate/ADANIGREEN_27032024091855_Letters.pdf,Adani Green Energy Limited has informed the Exchange regarding 'Operationalisation of 180 MW solar power project'.,,,Updates,00:00:09,27032024091855,27-Mar-2024 09:19:04,-,False,,,105794381,,INE364U01010,Adani Green Energy Limited,2024-03-27 09:18:55,ADANIGREEN
23-Mar-2024 16:54:22,,https://nsearchives.nseindia.com/corporate/ADANIGREEN_23032024165422_Letter.pdf,"Adani Green Energy Limited has informed the Exchange regarding the Trading Window closure pursuant to SEBI (Prohibition of Insider Trading) Regulations, 2015",,,Trading Window,00:00:06,23032024165422,23-Mar-2024 16:54:28,-,False,,,105792296,,INE364U01010,Adani Green Energy Limited,2024-03-23 16:54:22,ADANIGREEN
19-Mar-2024 15:06:21,,https://nsearchives.nseindia.com/corporate/ADANIGREEN_19032024150621_Letter.pdf,The Exchange has sought clarification from Adani Green Energy Limited with respect to recent news item captioned All Adani stocks in red on report of US government widening probe.  The response from the Company is attached.,,,News Verification,00:00:06,19032024150621,19-Mar-2024 15:06:27,-,False,,,105787638,,INE364U01010,Adani Green Energy Limited,2024-03-19 15:06:21,ADANIGREEN
18-Mar-2024 18:24:34,,-,The Exchange has sought clarification from Adani Green Energy Limited with respect to recent news item captioned All Adani stocks in red on report of US government widening probe.  The response from the Company is awaited.,,,News Verification,00:00:07,18032024182434,18-Mar-2024 18:24:41,-,False,,,105786709,,INE364U01010,Adani Green Energy Limited,2024-03-18 18:24:34,ADANIGREEN
16-Mar-2024 11:57:58,,https://nsearchives.nseindia.com/corporate/ADANIGREEN_16032024115758_Letters.pdf,Adani Green Energy Limited has informed the Exchange about Schedule of meet and Presentation,,,Analysts/Institutional Investor Meet/Con. Call Updates,00:00:05,16032024115758,16-Mar-2024 11:58:03,-,False,,,105785612,,INE364U01010,Adani Green Energy Limited,2024-03-16 11:57:58,ADANIGREEN
14-Mar-2024 14:58:27,,https://nsearchives.nseindia.com/corporate/ADANIGREEN_14032024145827_LettersPR.pdf,"Adani Green Energy Limited has informed the Exchange regarding a press release dated March 14, 2024, titled ""Adani Green Energy completes operationalization of 300 MW wind power project in Gujarat"".",,,Press Release,00:00:04,14032024145827,14-Mar-2024 14:58:31,-,False,,,105783744,,INE364U01010,Adani Green Energy Limited,2024-03-14 14:58:27,ADANIGREEN
14-Mar-2024 14:54:34,,https://nsearchives.nseindia.com/corporate/ADANIGREEN_14032024145434_Letters.pdf,Adani Green Energy Limited has informed the Exchange regarding 'Operationalization of Project'.,,,Updates,00:00:05,14032024145434,14-Mar-2024 14:54:39,-,False,,,105783741,,INE364U01010,Adani Green Energy Limited,2024-03-14 14:54:34,ADANIGREEN
13-Mar-2024 23:48:27,,https://nsearchives.nseindia.com/corporate/ADANIGREEN_13032024234827_LettersPPA.pdf,Adani Green Energy Limited has informed the Exchange regarding 'Power Purchase Agreements with SECI'.,,,Updates,00:00:06,13032024234827,13-Mar-2024 23:48:33,-,False,,,105783299,,INE364U01010,Adani Green Energy Limited,2024-03-13 23:48:27,ADANIGREEN
13-Mar-2024 23:46:04,,https://nsearchives.nseindia.com/corporate/ADANIGREEN_13032024234604_LettersRGIRedemption.pdf,Adani Green Energy Limited has informed the Exchange regarding 'Redemption of the 6.25% Senior Secured Notes due 2024 by subsidiaries'.,,,Updates,00:00:07,13032024234604,13-Mar-2024 23:46:11,-,False,,,105783298,,INE364U01010,Adani Green Energy Limited,2024-03-13 23:46:04,ADANIGREEN
12-Mar-2024 21:09:12,,https://nsearchives.nseindia.com/corporate/ADANIGREEN_12032024210912_Letters.pdf,Adani Green Energy Limited has informed the Exchange regarding 'Allotment of USD Bonds by Subsidiaries'.,,,Updates,00:00:05,12032024210912,12-Mar-2024 21:09:17,-,False,,,105781944,,INE364U01010,Adani Green Energy Limited,2024-03-12 21:09:12,ADANIGREEN
11-Mar-2024 10:15:05,,https://nsearchives.nseindia.com/corporate/ADANIGREEN_11032024101505_Letters.pdf,"Adani Green Energy Limited has informed the Exchange regarding a press release dated March 11, 2024, titled ""Adani Green Energy operationalizes 1,000 MW (1 GW) of the 30,000 MW Khavda renewable energy park"".",,,Press Release,00:00:05,11032024101505,11-Mar-2024 10:15:10,-,False,,,105780023,,INE364U01010,Adani Green Energy Limited,2024-03-11 10:15:05,ADANIGREEN
09-Mar-2024 15:40:36,,https://nsearchives.nseindia.com/corporate/ADANIGREEN_09032024154036_Outcome.pdf,"Adani Green Energy Limited has submitted the Exchange a copy Srutinizers report of  Extraordinary General Meeting held on March 09, 2024. Further, the company has informed the Exchange regarding voting results.",,,Shareholders meeting,00:00:05,09032024154036,09-Mar-2024 15:40:41,-,False,,,105779821,,INE364U01010,Adani Green Energy Limited,2024-03-09 15:40:36,ADANIGREEN
09-Mar-2024 11:45:22,,https://nsearchives.nseindia.com/corporate/ADANIGREEN_09032024114523_AGELEGMProceedings09032024.pdf,"Adani Green Energy Limited has informed the Exchange regarding Proceedings of Extraordinary General Meeting ( EGM ), duly convened on Saturday, March 09, 2024 at 11.00 a.m. through Video Conferencing (VC) / Other Audio Video Means (OAVM) facility.",,,Shareholders meeting,00:00:06,09032024114522,09-Mar-2024 11:45:28,-,False,,,105779691,,INE364U01010,Adani Green Energy Limited,2024-03-09 11:45:22,ADANIGREEN
05-Mar-2024 11:28:12,,https://nsearchives.nseindia.com/corporate/ADANIGREEN_05032024112812_Regulation30050324.pdf,Adani Green Energy Limited has informed the Exchange regarding 'Operationalization ofProjects at Khavda'.,,,Updates,00:00:04,05032024112812,05-Mar-2024 11:28:16,-,False,,,105776153,,INE364U01010,Adani Green Energy Limited,2024-03-05 11:28:12,ADANIGREEN
05-Mar-2024 07:58:49,,https://nsearchives.nseindia.com/corporate/ADANIGREEN_05032024075849_AGELLettersRG1.pdf,"Adani Green Energy Limited has informed the Exchange regarding 'USD Bond issuance by Subsidiaries, Pricing and other terms of issuance'.",,,Updates,00:00:04,05032024075849,05-Mar-2024 07:58:53,-,False,,,105775980,,INE364U01010,Adani Green Energy Limited,2024-03-05 07:58:49,ADANIGREEN
27-Feb-2024 15:42:34,,https://nsearchives.nseindia.com/corporate/ADANIGREEN_27022024154234_Letters.pdf,Adani Green Energy Limited has informed the Exchange about Schedule of meet and Presentation,,,Analysts/Institutional Investor Meet/Con. Call Updates,00:00:04,27022024154234,27-Feb-2024 15:42:38,-,False,,,105770493,,INE364U01010,Adani Green Energy Limited,2024-02-27 15:42:34,ADANIGREEN
27-Feb-2024 13:47:56,,https://nsearchives.nseindia.com/corporate/ADANIGREEN_27022024134756_Letters.pdf,Adani Green Energy Limited has informed the Exchange regarding 'Intimation of USD Notes offering by subsidiaries and roadshows'.,,,Updates,00:00:07,27022024134756,27-Feb-2024 13:48:03,-,False,,,105770411,,INE364U01010,Adani Green Energy Limited,2024-02-27 13:47:56,ADANIGREEN
16-Feb-2024 21:43:11,,https://nsearchives.nseindia.com/corporate/ADANIGREEN_16022024214311_Letters.pdf,Adani Green Energy Limited has informed the Exchange about Copy of Newspaper Publication,,,Copy of Newspaper Publication,00:00:08,16022024214311,16-Feb-2024 21:43:19,-,False,,,105762817,,INE364U01010,Adani Green Energy Limited,2024-02-16 21:43:11,ADANIGREEN
15-Feb-2024 12:44:24,,https://nsearchives.nseindia.com/corporate/ADANIGREEN_15022024124424_SEIntimation.pdf,"Adani Green Energy Limited has informed the Exchange regarding Notice of Extraordinary General Meeting to be held on March 09, 2024",,,Shareholders meeting,00:00:08,15022024124424,15-Feb-2024 12:44:32,-,False,,,105760908,,INE364U01010,Adani Green Energy Limited,2024-02-15 12:44:24,ADANIGREEN
14-Feb-2024 11:08:53,,https://nsearchives.nseindia.com/corporate/ADANIGREEN_14022024110853_LettersPR.pdf,"Adani Green Energy Limited has informed the Exchange regarding a press release dated February 14, 2024, titled ""Adani Green begins generation from the world s largest Renewable Energy Park"".",,,Press Release,00:00:06,14022024110853,14-Feb-2024 11:08:59,-,False,,,105758931,,INE364U01010,Adani Green Energy Limited,2024-02-14 11:08:53,ADANIGREEN
14-Feb-2024 11:06:18,,https://nsearchives.nseindia.com/corporate/ADANIGREEN_14022024110618_Letters.pdf,Adani Green Energy Limited has informed the Exchange regarding 'Operationalization of Projects'.,,,Updates,00:00:06,14022024110618,14-Feb-2024 11:06:24,-,False,,,105758929,,INE364U01010,Adani Green Energy Limited,2024-02-14 11:06:18,ADANIGREEN
13-Feb-2024 20:57:18,,https://nsearchives.nseindia.com/corporate/ADANIGREEN_13022024205718_Letters.pdf,Adani Green Energy Limited has informed the Exchange about Credit Rating,,,Credit Rating,00:00:05,13022024205718,13-Feb-2024 20:57:23,-,False,,,105758522,,INE364U01010,Adani Green Energy Limited,2024-02-13 20:57:18,ADANIGREEN
12-Feb-2024 19:08:49,,https://nsearchives.nseindia.com/corporate/ADANIGREEN_12022024190849_Letters.pdf,Adani Green Energy Limited has informed the Exchange about Schedule of meet,,,Analysts/Institutional Investor Meet/Con. Call Updates,00:00:05,12022024190849,12-Feb-2024 19:08:54,-,False,,,105756756,,INE364U01010,Adani Green Energy Limited,2024-02-12 19:08:49,ADANIGREEN
06-Feb-2024 21:27:24,,https://nsearchives.nseindia.com/corporate/ADANIGREEN_06022024212724_Letters2.pdf,Adani Green Energy Limited has informed the Exchange about Transcript,,,Analysts/Institutional Investor Meet/Con. Call Updates,00:00:06,06022024212724,06-Feb-2024 21:27:30,-,False,,,105749353,,INE364U01010,Adani Green Energy Limited,2024-02-06 21:27:24,ADANIGREEN
30-Jan-2024 20:33:10,,https://nsearchives.nseindia.com/corporate/ADANIGREEN_30012024203310_Letters.pdf,Adani Green Energy Limited has informed the Exchange about Link of Recording,,,Analysts/Institutional Investor Meet/Con. Call Updates,00:00:05,30012024203310,30-Jan-2024 20:33:15,-,False,,,105739858,,INE364U01010,Adani Green Energy Limited,2024-01-30 20:33:10,ADANIGREEN
29-Jan-2024 13:26:39,,https://nsearchives.nseindia.com/corporate/ADANIGREEN_29012024132639_Presentation.pdf,Adani Green Energy Limited has informed the Exchange about Investor Presentation,,,Investor Presentation,00:00:06,29012024132639,29-Jan-2024 13:26:45,-,False,,,105737521,,INE364U01010,Adani Green Energy Limited,2024-01-29 13:26:39,ADANIGREEN
29-Jan-2024 13:19:29,,https://nsearchives.nseindia.com/corporate/Outcome_29012024131929.pdf,"Adani Green Energy Limited has submitted to the Exchange, the financial results for the period ended December 31, 2023.",,,Financial Result Updates,00:00:09,29012024131929,29-Jan-2024 13:19:38,-,False,,,159296,,INE364U01010,Adani Green Energy Limited,2024-01-29 13:19:29,ADANIGREEN
29-Jan-2024 08:49:31,,https://nsearchives.nseindia.com/corporate/ADANIGREEN_29012024084931_Letters.pdf,Adani Green Energy Limited has informed the Exchange regarding 'Media release titled: Adani Green completes funding ofthe reserves for the USD 750 million Holdco Bond'.,,,Updates,00:00:04,29012024084931,29-Jan-2024 08:49:35,-,False,,,105737244,,INE364U01010,Adani Green Energy Limited,2024-01-29 08:49:31,ADANIGREEN
25-Jan-2024 16:23:26,,https://nsearchives.nseindia.com/corporate/ADANIGREEN_25012024162327_Letters.pdf,"Adani Green Energy Limited has informed the Exchange regarding allotment of 63143677 securities pursuant to Preferential Issue at its meeting held on January 25, 2024",,,Allotment of Securities,00:00:13,25012024162326,25-Jan-2024 16:23:39,-,False,,,105735786,,INE364U01010,Adani Green Energy Limited,2024-01-25 16:23:26,ADANIGREEN
18-Jan-2024 16:24:45,,https://nsearchives.nseindia.com/corporate/ADANIGREEN_18012024162445_Outcome.pdf,"Adani Green Energy Limited has submitted the Exchange a copy Srutinizers report of  Extraordinary General Meeting held on January 18, 2024. Further, the company has informed the Exchange regarding voting results.",,,Shareholders meeting,00:00:10,18012024162445,18-Jan-2024 16:24:55,-,False,,,105728997,,INE364U01010,Adani Green Energy Limited,2024-01-18 16:24:45,ADANIGREEN
18-Jan-2024 12:58:50,,https://nsearchives.nseindia.com/corporate/ADANIGREEN_18012024125850_Proceedings.pdf,"Adani Green Energy Limited has informed the Exchange regarding Proceedings of Extraordinary General Meeting held on January 18, 2024",,,Shareholders meeting,00:00:06,18012024125850,18-Jan-2024 12:58:56,-,False,,,105728764,,INE364U01010,Adani Green Energy Limited,2024-01-18 12:58:50,ADANIGREEN
16-Jan-2024 11:24:14,,https://nsearchives.nseindia.com/corporate/ADANIGREEN_16012024112414_Letter.pdf,Adani Green Energy Limited has informed the Exchange regarding 'Provisional operational update: 9M - FY24'.,,,Updates,00:00:04,16012024112414,16-Jan-2024 11:24:18,-,False,,,105726405,,INE364U01010,Adani Green Energy Limited,2024-01-16 11:24:14,ADANIGREEN
10-Jan-2024 21:15:09,,https://nsearchives.nseindia.com/corporate/ADANIGREEN_10012024211509_Letters.pdf,Adani Green Energy Limited has informed the Exchange about Schedule of meet and Presentation,,,Analysts/Institutional Investor Meet/Con. Call Updates,00:00:04,10012024211509,10-Jan-2024 21:15:13,-,False,,,105721901,,INE364U01010,Adani Green Energy Limited,2024-01-10 21:15:09,ADANIGREEN
08-Jan-2024 12:50:17,,https://nsearchives.nseindia.com/corporate/ADANIGREEN_08012024125017_Letters.pdf,"Adani Green Energy Limited has informed the Exchange regarding a press release dated January 08, 2024, titled ""Adani Green delivers cash backed redemption plan for USD 750 million Holdco bond"".",,,Press Release,00:00:05,08012024125017,08-Jan-2024 12:50:22,-,False,,,105718493,,INE364U01010,Adani Green Energy Limited,2024-01-08 12:50:17,ADANIGREEN
06-Jan-2024 15:20:24,,https://nsearchives.nseindia.com/corporate/ADANIGREEN_06012024152024_letter.pdf,"Adani Green Energy Limited has informed the Exchange regarding 'Certificate under Regulation 74(5) of the SEBI (Depositories and Participants) Regulations, 2018 for the quarter ended December 31, 2023'.",,,Updates,00:00:05,06012024152024,06-Jan-2024 15:20:29,-,False,,,105717876,,INE364U01010,Adani Green Energy Limited,2024-01-06 15:20:24,ADANIGREEN
28-Dec-2023 17:15:29,,https://nsearchives.nseindia.com/corporate/ADANIGREEN_28122023171529_TradingWindow.pdf,"Adani Green Energy Limited has informed the Exchange regarding the Trading Window closure pursuant to SEBI (Prohibition of Insider Trading) Regulations, 2015",,,Trading Window,00:00:06,28122023171529,28-Dec-2023 17:15:35,-,False,,,105708743,,INE364U01010,Adani Green Energy Limited,2023-12-28 17:15:29,ADANIGREEN
27-Dec-2023 14:34:29,,https://nsearchives.nseindia.com/corporate/ADANIGREEN_27122023143429_Letters.pdf,Adani Green Energy Limited has informed the Exchange about Copy of Newspaper Publication,,,Copy of Newspaper Publication,00:00:06,27122023143429,27-Dec-2023 14:34:35,-,False,,,105706632,,INE364U01010,Adani Green Energy Limited,2023-12-27 14:34:29,ADANIGREEN
27-Dec-2023 08:05:22,,https://nsearchives.nseindia.com/corporate/ADANIGREEN_27122023080522_Press.pdf,"Adani Green Energy Limited has informed the Exchange regarding a press release dated December 27, 2023, titled ""Adani Green completes JV with TotalEnergies, raises USD 300 million"".",,,Press Release,00:00:06,27122023080522,27-Dec-2023 08:05:28,-,False,,,105706112,,INE364U01010,Adani Green Energy Limited,2023-12-27 08:05:22,ADANIGREEN
27-Dec-2023 07:57:55,,https://nsearchives.nseindia.com/corporate/ADANIGREEN_27122023075755_Letters.pdf,Adani Green Energy Limited has informed the Exchange about Memorandum of Understanding/Agreements,,,Memorandum of Understanding/Agreements,00:00:06,27122023075755,27-Dec-2023 07:58:01,-,False,,,105706110,,INE364U01010,Adani Green Energy Limited,2023-12-27 07:57:55,ADANIGREEN
26-Dec-2023 17:31:42,,https://nsearchives.nseindia.com/corporate/ADANIGREEN_26122023173142_SEIntimation.pdf,"Adani Green Energy Limited has informed the Exchange regarding Notice of Extraordinary General Meeting to be held on January 18, 2024",,,Shareholders meeting,00:00:04,26122023173142,26-Dec-2023 17:31:46,-,False,,,105705629,,INE364U01010,Adani Green Energy Limited,2023-12-26 17:31:42,ADANIGREEN
26-Dec-2023 15:07:00,,https://nsearchives.nseindia.com/corporate/ADANIGREEN_26122023150700_Letter.pdf,"Adani Green Energy Limited has informed the Exchange regarding a press release dated December 26, 2023, titled ""Promoters to Invest INR 9,350 crore equity in Adani Green"".",,,Press Release,00:00:09,26122023150700,26-Dec-2023 15:07:09,-,False,,,105705356,,INE364U01010,Adani Green Energy Limited,2023-12-26 15:07:00,ADANIGREEN
26-Dec-2023 15:05:11,,https://nsearchives.nseindia.com/corporate/ADANIGREEN_26122023150511_Outcome.pdf,"Adani Green Energy Limited has informed the Exchange regarding  Board meeting held on December 26, 2023.",,,Outcome of Board Meeting,00:00:12,26122023150511,26-Dec-2023 15:05:23,-,False,,,105705352,,INE364U01010,Adani Green Energy Limited,2023-12-26 15:05:11,ADANIGREEN
25-Dec-2023 19:43:20,,https://nsearchives.nseindia.com/corporate/ADANIGREEN_25122023194321_Letters.pdf,Adani Green Energy Limited has informed the Exchange regarding 'Compliance Certificate for USDdenominated senior secured notes'.,,,Updates,00:00:06,25122023194320,25-Dec-2023 19:43:26,-,False,,,105704854,,INE364U01010,Adani Green Energy Limited,2023-12-25 19:43:20,ADANIGREEN
25-Dec-2023 12:03:27,,https://nsearchives.nseindia.com/corporate/ADANIGREEN_25122023120327_Letters.pdf,"Adani Green Energy Limited has informed the Exchange regarding 'Media Release titled  Adani Green concludes PPA tie-upfor entire 8,000 MW manufacturing-linked SECI tender""'.",,,Updates,00:00:04,25122023120327,25-Dec-2023 12:03:31,-,False,,,105704566,,INE364U01010,Adani Green Energy Limited,2023-12-25 12:03:27,ADANIGREEN
23-Dec-2023 10:35:58,,https://nsearchives.nseindia.com/corporate/ADANIGREEN_23122023103558_Letters.pdf,Adani Green Energy Limited has informed the Exchange regarding 'Compliance Certificate of RG II'.,,,Updates,00:00:05,23122023103558,23-Dec-2023 10:36:03,-,False,,,105704252,,INE364U01010,Adani Green Energy Limited,2023-12-23 10:35:58,ADANIGREEN
21-Dec-2023 18:40:47,,https://nsearchives.nseindia.com/corporate/ADANIGREEN_21122023184047_Outcome.pdf,"Adani Green Energy Limited has submitted the Exchange a copy Srutinizers report of  Extraordinary General Meeting held on December 21, 2023. Further, the company has informed the Exchange regarding voting results.",,,Shareholders meeting,00:00:05,21122023184047,21-Dec-2023 18:40:52,-,False,,,105702670,,INE364U01010,Adani Green Energy Limited,2023-12-21 18:40:47,ADANIGREEN
21-Dec-2023 17:35:50,,https://nsearchives.nseindia.com/corporate/ADANIGREEN_21122023173550_proceedings.pdf,"Adani Green Energy Limited has informed the Exchange regarding Proceedings of Extraordinary General Meeting held on December 21, 2023",,,Shareholders meeting,00:00:06,21122023173550,21-Dec-2023 17:35:56,-,False,,,105702587,,INE364U01010,Adani Green Energy Limited,2023-12-21 17:35:50,ADANIGREEN
20-Dec-2023 23:23:29,,https://nsearchives.nseindia.com/corporate/ADANIGREEN_20122023232329_Letters.pdf,"Adani Green Energy Limited has informed the Exchange regarding the Trading Window closure pursuant to SEBI (Prohibition of Insider Trading) Regulations, 2015",,,Trading Window,00:00:06,20122023232329,20-Dec-2023 23:23:35,-,False,,,105701714,,INE364U01010,Adani Green Energy Limited,2023-12-20 23:23:29,ADANIGREEN
20-Dec-2023 21:40:19,,https://nsearchives.nseindia.com/corporate/ADANIGREEN_20122023214019_Letters.pdf,Adani Green Energy Limited has informed the Exchange regarding 'Intimation of Incorporation of step-down Subsidiary Companies'.,,,Updates,00:00:05,20122023214019,20-Dec-2023 21:40:24,-,False,,,105701700,,INE364U01010,Adani Green Energy Limited,2023-12-20 21:40:19,ADANIGREEN
20-Dec-2023 00:46:02,,https://nsearchives.nseindia.com/corporate/ADANIGREEN_20122023004602_Letters.pdf,Adani Green Energy Limited has informed the Exchange about Schedule of meet,,,Analysts/Institutional Investor Meet/Con. Call Updates,00:00:04,20122023004602,20-Dec-2023 00:46:06,-,False,,,105700866,,INE364U01010,Adani Green Energy Limited,2023-12-20 00:46:02,ADANIGREEN
20-Dec-2023 00:41:55,,https://nsearchives.nseindia.com/corporate/ADANIGREEN_20122023004155_Letters.pdf,Adani Green Energy Limited has informed the Exchange about Schedule of meet,,,Analysts/Institutional Investor Meet/Con. Call Updates,00:00:03,20122023004155,20-Dec-2023 00:41:58,-,False,,,105700865,,INE364U01010,Adani Green Energy Limited,2023-12-20 00:41:55,ADANIGREEN
19-Dec-2023 22:51:00,,https://nsearchives.nseindia.com/corporate/ADANIGREEN_19122023225100_Letters.pdf,Adani Green Energy Limited has informed the Exchange regarding 'Intimation of Incorporation of step-down Subsidiary Company'.,,,Updates,00:00:06,19122023225100,19-Dec-2023 22:51:06,-,False,,,105700798,,INE364U01010,Adani Green Energy Limited,2023-12-19 22:51:00,ADANIGREEN
18-Dec-2023 18:17:18,,https://nsearchives.nseindia.com/corporate/ADANIGREEN_18122023181718_Letters.pdf,Adani Green Energy Limited has informed the Exchange regarding 'Intimation of Incorporation of step-down Subsidiary Companies'.,,,Updates,00:00:06,18122023181718,18-Dec-2023 18:17:24,-,False,,,105699450,,INE364U01010,Adani Green Energy Limited,2023-12-18 18:17:18,ADANIGREEN
15-Dec-2023 21:29:44,,https://nsearchives.nseindia.com/corporate/ADANIGREEN_15122023212944_Letters.pdf,Adani Green Energy Limited has informed the Exchange regarding 'Intimation of Incorporation of step-down Subsidiary Companies'.,,,Updates,00:00:04,15122023212944,15-Dec-2023 21:29:48,-,False,,,105698236,,INE364U01010,Adani Green Energy Limited,2023-12-15 21:29:44,ADANIGREEN
15-Dec-2023 10:29:18,,https://nsearchives.nseindia.com/corporate/ADANIGREEN_15122023102918_Letters.pdf,Adani Green Energy Limited has informed the Exchange regarding 'Intimation of Incorporation of step-down Subsidiary Companies'.,,,Updates,00:00:08,15122023102918,15-Dec-2023 10:29:26,-,False,,,105697566,,INE364U01010,Adani Green Energy Limited,2023-12-15 10:29:18,ADANIGREEN
14-Dec-2023 09:10:29,,https://nsearchives.nseindia.com/corporate/ADANIGREEN_14122023091029_Letters.pdf,Adani Green Energy Limited has informed the Exchange regarding 'Intimation of Incorporation of step-down Subsidiary Companies'.,,,Updates,00:00:06,14122023091029,14-Dec-2023 09:10:35,-,False,,,105696395,,INE364U01010,Adani Green Energy Limited,2023-12-14 09:10:29,ADANIGREEN
05-Dec-2023 13:56:39,,https://nsearchives.nseindia.com/corporate/ADANIGREEN_05122023135639_Proceedings.pdf,"Adani Green Energy Limited has informed the Exchange regarding Proceedings of Extraordinary General Meeting held on December 05, 2023",,,Shareholders meeting,00:00:05,05122023135639,05-Dec-2023 13:56:44,-,False,,,105689851,,INE364U01010,Adani Green Energy Limited,2023-12-05 13:56:39,ADANIGREEN
05-Dec-2023 08:48:12,,https://nsearchives.nseindia.com/corporate/ADANIGREEN_05122023084812_Letters.pdf,"Adani Green Energy Limited has informed the Exchange regarding a press release dated December 05, 2023, titled ""Adani Green accomplishes its Construction Financing Framework at USD 3 billion"".",,,Press Release,00:00:05,05122023084812,05-Dec-2023 08:48:17,-,False,,,105689502,,INE364U01010,Adani Green Energy Limited,2023-12-05 08:48:12,ADANIGREEN
30-Nov-2023 13:23:27,,https://nsearchives.nseindia.com/corporate/ADANIGREEN_30112023132327_Letters.pdf,Adani Green Energy Limited has informed the Exchange about Copy of Newspaper Publication,,,Copy of Newspaper Publication,00:00:07,30112023132327,30-Nov-2023 13:23:34,-,False,,,105686644,,INE364U01010,Adani Green Energy Limited,2023-11-30 13:23:27,ADANIGREEN
29-Nov-2023 15:57:12,,https://nsearchives.nseindia.com/corporate/ADANIGREEN_29112023155712_SEIntimation.pdf,"Adani Green Energy Limited has informed the Exchange regarding Notice of Extraordinary General Meeting to be held on December 21, 2023",,,Shareholders meeting,00:00:08,29112023155712,29-Nov-2023 15:57:20,-,False,,,105685555,,INE364U01010,Adani Green Energy Limited,2023-11-29 15:57:12,ADANIGREEN
22-Nov-2023 16:14:50,,https://nsearchives.nseindia.com/corporate/ADANIGREEN_22112023161450_SELetter.pdf,"Adani Green Energy Limited has informed the Exchange regarding 'Imposition of fine for non-compliance relating to Board and committee composition upto 6th September, 2023. Already complied effective from 7th September, 2023'.",,,Updates,00:00:08,22112023161450,22-Nov-2023 16:14:58,-,False,,,105681336,,INE364U01010,Adani Green Energy Limited,2023-11-22 16:14:50,ADANIGREEN
18-Nov-2023 13:30:35,,https://nsearchives.nseindia.com/corporate/ADANIGREEN_18112023133035_Letters.pdf,Adani Green Energy Limited has informed the Exchange about Presentation,,,Analysts/Institutional Investor Meet/Con. Call Updates,00:00:06,18112023133035,18-Nov-2023 13:30:41,-,False,,,105678818,,INE364U01010,Adani Green Energy Limited,2023-11-18 13:30:35,ADANIGREEN
10-Nov-2023 13:34:47,,https://nsearchives.nseindia.com/corporate/ADANIGREEN_10112023133448_Letters.pdf,Adani Green Energy Limited has informed the Exchange about Copy of Newspaper Publication,,,Copy of Newspaper Publication,00:00:14,10112023133447,10-Nov-2023 13:35:01,-,False,,,105672884,,INE364U01010,Adani Green Energy Limited,2023-11-10 13:34:47,ADANIGREEN
09-Nov-2023 14:51:05,,https://nsearchives.nseindia.com/corporate/ADANIGREEN_09112023145105_SEIntimation.pdf,"Adani Green Energy Limited has informed the Exchange regarding Notice of Extraordinary General Meeting to be held on December 05, 2023",,,Shareholders meeting,00:00:07,09112023145105,09-Nov-2023 14:51:12,-,False,,,105671035,,INE364U01010,Adani Green Energy Limited,2023-11-09 14:51:05,ADANIGREEN
08-Nov-2023 11:54:44,,https://nsearchives.nseindia.com/corporate/ADANIGREEN_08112023115444_Letters.pdf,Adani Green Energy Limited has informed the Exchange about Schedule of meet,,,Analysts/Institutional Investor Meet/Con. Call Updates,00:00:09,08112023115444,08-Nov-2023 11:54:53,-,False,,,105669033,,INE364U01010,Adani Green Energy Limited,2023-11-08 11:54:44,ADANIGREEN
07-Nov-2023 13:52:52,,https://nsearchives.nseindia.com/corporate/ADANIGREEN_07112023135252_Letters.pdf,"Adani Green Energy Limited has informed the Exchange regarding 'Compliance Certificate of RG I for the period ended September 30, 2023'.",,,Updates,00:00:09,07112023135252,07-Nov-2023 13:53:01,-,False,,,105667479,,INE364U01010,Adani Green Energy Limited,2023-11-07 13:52:52,ADANIGREEN
06-Nov-2023 20:02:03,,https://nsearchives.nseindia.com/corporate/ADANIGREEN_06112023200203_Letters.pdf,Adani Green Energy Limited has informed the Exchange about Transcript,,,Analysts/Institutional Investor Meet/Con. Call Updates,00:00:07,06112023200203,06-Nov-2023 20:02:10,-,False,,,105666595,,INE364U01010,Adani Green Energy Limited,2023-11-06 20:02:03,ADANIGREEN
04-Nov-2023 13:46:35,,https://nsearchives.nseindia.com/corporate/ADANIGREEN_04112023134635_Letters.pdf,Adani Green Energy Limited has informed the Exchange about Schedule of meet and Presentation,,,Analysts/Institutional Investor Meet/Con. Call Updates,00:00:07,04112023134635,04-Nov-2023 13:46:42,-,False,,,105665024,,INE364U01010,Adani Green Energy Limited,2023-11-04 13:46:35,ADANIGREEN
01-Nov-2023 11:16:49,,https://nsearchives.nseindia.com/corporate/ADANIGREEN_01112023111649_Letters.pdf,Adani Green Energy Limited has informed the Exchange regarding 'Audio Recording of Post results update call with Fixed Income Investors'.,,,Updates,00:00:06,01112023111649,01-Nov-2023 11:16:55,-,False,,,105660220,,INE364U01010,Adani Green Energy Limited,2023-11-01 11:16:49,ADANIGREEN
31-Oct-2023 14:28:10,,https://nsearchives.nseindia.com/corporate/ADANIGREEN_31102023142810_Letters.pdf,Adani Green Energy Limited has informed the Exchange about Link of Recording,,,Analysts/Institutional Investor Meet/Con. Call Updates,00:00:09,31102023142810,31-Oct-2023 14:28:19,-,False,,,105658831,,INE364U01010,Adani Green Energy Limited,2023-10-31 14:28:10,ADANIGREEN
30-Oct-2023 19:17:51,,https://nsearchives.nseindia.com/corporate/ADANIGREEN_30102023191751_Outcome.pdf,"Adani Green Energy Limited has informed the Exchange regarding 'Outcome of Board Meeting held on October 30, 2023 - Typo correction in Auditor's Review Report (Standalone)'.",,,Updates,00:00:05,30102023191751,30-Oct-2023 19:17:56,-,False,,,105657817,,INE364U01010,Adani Green Energy Limited,2023-10-30 19:17:51,ADANIGREEN
30-Oct-2023 15:45:29,,https://nsearchives.nseindia.com/corporate/ADANIGREEN_30102023154529_Presentation.pdf,Adani Green Energy Limited has informed the Exchange about Investor Presentation,,,Investor Presentation,00:00:06,30102023154529,30-Oct-2023 15:45:35,-,False,,,105657331,,INE364U01010,Adani Green Energy Limited,2023-10-30 15:45:29,ADANIGREEN
30-Oct-2023 14:14:06,,https://nsearchives.nseindia.com/corporate/Outcome_30102023141406.pdf,"Adani Green Energy Limited has submitted to the Exchange, the financial results for the period ended September 30, 2023.",,,Financial Result Updates,00:00:09,30102023141406,30-Oct-2023 14:14:15,-,False,,,157042,,INE364U01010,Adani Green Energy Limited,2023-10-30 14:14:06,ADANIGREEN
21-Oct-2023 18:04:07,,https://nsearchives.nseindia.com/corporate/ADANIGREEN_21102023180407_Intimation.pdf,Adani Green Energy Limited has informed the Exchange regarding Change in Director(s) of the company.,,,Change in Director(s),00:00:19,21102023180407,21-Oct-2023 18:04:26,-,False,,,105650919,,INE364U01010,Adani Green Energy Limited,2023-10-21 18:04:07,ADANIGREEN
20-Oct-2023 18:22:41,,https://nsearchives.nseindia.com/corporate/ADANIGREEN_20102023182241_Letters.pdf,Adani Green Energy Limited has informed the Exchange regarding Change in Director(s) of the company.,,,Change in Director(s),00:00:07,20102023182241,20-Oct-2023 18:22:48,-,False,,,105650124,,INE364U01010,Adani Green Energy Limited,2023-10-20 18:22:41,ADANIGREEN
18-Oct-2023 20:57:44,,https://nsearchives.nseindia.com/corporate/ADANIGREEN_18102023205744_Letter.pdf,Adani Green Energy Limited has informed the Exchange about Schedule of meet,,,Analysts/Institutional Investor Meet/Con. Call Updates,00:00:07,18102023205744,18-Oct-2023 20:57:51,-,False,,,105647932,,INE364U01010,Adani Green Energy Limited,2023-10-18 20:57:44,ADANIGREEN
14-Oct-2023 15:33:36,,https://nsearchives.nseindia.com/corporate/ADANIGREEN_14102023153336_Letters.pdf,Adani Green Energy Limited has informed the Exchange regarding 'Provisional operational update:H1 - FY24'.,,,Updates,00:00:07,14102023153336,14-Oct-2023 15:33:43,-,False,,,105644527,,INE364U01010,Adani Green Energy Limited,2023-10-14 15:33:36,ADANIGREEN
07-Oct-2023 16:57:25,,https://nsearchives.nseindia.com/corporate/ADANIGREEN_07102023165725_Letter.pdf,"Adani Green Energy Limited has informed the Exchange about Certificate under SEBI (Depositories and Participants) Regulations, 2018",,,"Certificate under SEBI (Depositories and Participants) Regulations, 2018",00:00:05,07102023165725,07-Oct-2023 16:57:30,-,False,,,105638571,,INE364U01010,Adani Green Energy Limited,2023-10-07 16:57:25,ADANIGREEN
07-Oct-2023 08:18:01,,https://nsearchives.nseindia.com/corporate/ADANIGREEN_07102023081801_Letters.pdf,Adani Green Energy Limited has informed the Exchange regarding 'Commissioning of entire 150 MW solar power project'.,,,Updates,00:00:07,07102023081801,07-Oct-2023 08:18:08,-,False,,,105638337,,INE364U01010,Adani Green Energy Limited,2023-10-07 08:18:01,ADANIGREEN
26-Sep-2023 10:38:36,,https://nsearchives.nseindia.com/corporate/ADANIGREEN_26092023103836_Letters.pdf,"Adani Green Energy Limited has informed the Exchange regarding the Trading Window closure pursuant to SEBI (Prohibition of Insider Trading) Regulations, 2015",,,Trading Window,00:00:03,26092023103836,26-Sep-2023 10:38:39,-,False,,,105626435,,INE364U01010,Adani Green Energy Limited,2023-09-26 10:38:36,ADANIGREEN
20-Sep-2023 14:54:50,,https://nsearchives.nseindia.com/corporate/ADANIGREEN_20092023145450_Letters.pdf,"Adani Green Energy Limited has informed the Exchange regarding a press release dated September 20, 2023, titled ""AGEL and TotalEnergies to expand partnership, TotalEnergies to invest USD 300m in an AGEL-TotalEnergies JV"".",,,Press Release,00:00:10,20092023145450,20-Sep-2023 14:55:00,-,False,,,105622044,,INE364U01010,Adani Green Energy Limited,2023-09-20 14:54:50,ADANIGREEN
20-Sep-2023 13:49:38,,https://nsearchives.nseindia.com/corporate/ADANIGREEN_20092023134938_Outcome.pdf,"Adani Green Energy Limited has informed the Exchange regarding  Board meeting held on September 20, 2023.",,,Outcome of Board Meeting,00:00:12,20092023134938,20-Sep-2023 13:49:50,-,False,,,105621960,,INE364U01010,Adani Green Energy Limited,2023-09-20 13:49:38,ADANIGREEN
19-Sep-2023 16:26:08,,https://nsearchives.nseindia.com/corporate/ADANIGREEN_19092023162608_Letters.pdf,Adani Green Energy Limited has informed the Exchange about Presentation,,,Analysts/Institutional Investor Meet/Con. Call Updates,00:00:04,19092023162608,19-Sep-2023 16:26:12,-,False,,,105621517,,INE364U01010,Adani Green Energy Limited,2023-09-19 16:26:08,ADANIGREEN
10-Sep-2023 23:04:45,,https://nsearchives.nseindia.com/corporate/ADANIGREEN_10092023230445_Letters.pdf,Adani Green Energy Limited has informed the Exchange about Presentation,,,Analysts/Institutional Investor Meet/Con. Call Updates,00:00:15,10092023230445,10-Sep-2023 23:05:00,-,False,,,105615299,,INE364U01010,Adani Green Energy Limited,2023-09-10 23:04:45,ADANIGREEN
07-Sep-2023 23:07:41,,https://nsearchives.nseindia.com/corporate/ADANIGREEN_07092023230741_Letter.pdf,Adani Green Energy Limited has informed the Exchange regarding Change in Director(s) of the company.,,,Change in Director(s),00:00:05,07092023230741,07-Sep-2023 23:07:46,-,False,,,105613781,,INE364U01010,Adani Green Energy Limited,2023-09-07 23:07:41,ADANIGREEN
07-Sep-2023 20:53:54,,https://nsearchives.nseindia.com/corporate/ADANIGREEN_07092023205354_Letters.pdf,Adani Green Energy Limited has informed the Exchange about Schedule of meet,,,Analysts/Institutional Investor Meet/Con. Call Updates,00:00:03,07092023205354,07-Sep-2023 20:53:57,-,False,,,105613650,,INE364U01010,Adani Green Energy Limited,2023-09-07 20:53:54,ADANIGREEN
22-Aug-2023 17:52:55,,https://nsearchives.nseindia.com/corporate/ADANIGREEN_22082023175255_Disclosure.pdf,Adani Green Energy Limited has informed the Exchange regarding 'Imposition of fine by BSE and NSE under Regulation 17(1)'.,,,Updates,00:00:07,22082023175255,22-Aug-2023 17:53:02,-,False,,,105596405,,INE364U01010,Adani Green Energy Limited,2023-08-22 17:52:55,ADANIGREEN
18-Aug-2023 13:56:46,,https://nsearchives.nseindia.com/corporate/ADANIGREEN_18082023135646_Letters.pdf,Adani Green Energy Limited has informed the Exchange about Schedule of meet,,,Analysts/Institutional Investor Meet/Con. Call Updates,00:00:18,18082023135646,18-Aug-2023 13:57:04,-,False,,,105593467,,INE364U01010,Adani Green Energy Limited,2023-08-18 13:56:46,ADANIGREEN
17-Aug-2023 20:56:11,,https://nsearchives.nseindia.com/corporate/ADANIGREEN_17082023205611_Intimation.pdf,Adani Green Energy Limited has informed the Exchange regarding 'Commissioning of Manufacturing plant by Mundra Solar Energy Limited'.,,,Updates,00:00:12,17082023205611,17-Aug-2023 20:56:23,-,False,,,105592837,,INE364U01010,Adani Green Energy Limited,2023-08-17 20:56:11,ADANIGREEN
14-Aug-2023 16:09:02,,https://nsearchives.nseindia.com/corporate/ADANIGREEN_14082023160902_Letters.pdf,Adani Green Energy Limited has informed the Exchange regarding 'Disclosure under Regulation 30 - Ongoing litigation'.,,,Updates,00:00:29,14082023160902,14-Aug-2023 16:09:31,-,False,,,105589344,,INE364U01010,Adani Green Energy Limited,2023-08-14 16:09:02,ADANIGREEN
14-Aug-2023 09:23:50,,https://nsearchives.nseindia.com/corporate/ADANIGREEN_14082023092351_Letters.pdf,Adani Green Energy Limited has informed the Exchange about Presentation,,,Analysts/Institutional Investor Meet/Con. Call Updates,00:00:13,14082023092350,14-Aug-2023 09:24:03,-,False,,,105588680,,INE364U01010,Adani Green Energy Limited,2023-08-14 09:23:50,ADANIGREEN
09-Aug-2023 13:49:09,,https://nsearchives.nseindia.com/corporate/ADANIGREEN_09082023134909_Results.pdf,"Adani Green Energy Limited has submitted the Exchange a copy Srutinizers report of  Postal Ballot. Further, the company has informed the Exchange regarding voting results.",,,Shareholders meeting,00:00:14,09082023134909,09-Aug-2023 13:49:23,-,False,,,105582594,,INE364U01010,Adani Green Energy Limited,2023-08-09 13:49:09,ADANIGREEN
07-Aug-2023 21:46:05,,https://nsearchives.nseindia.com/corporate/ADANIGREEN_07082023214605_Letters.pdf,Adani Green Energy Limited has informed the Exchange about Transcript,,,Analysts/Institutional Investor Meet/Con. Call Updates,00:00:12,07082023214605,07-Aug-2023 21:46:17,-,False,,,105580462,,INE364U01010,Adani Green Energy Limited,2023-08-07 21:46:05,ADANIGREEN
01-Aug-2023 18:03:02,,https://nsearchives.nseindia.com/corporate/ADANIGREEN_01082023180302_Letters.pdf,Adani Green Energy Limited has informed the Exchange about Link of Recording,,,Analysts/Institutional Investor Meet/Con. Call Updates,00:00:14,01082023180302,01-Aug-2023 18:03:16,-,False,,,105572986,,INE364U01010,Adani Green Energy Limited,2023-08-01 18:03:02,ADANIGREEN
31-Jul-2023 14:19:43,,https://nsearchives.nseindia.com/corporate/ADANIGREEN_31072023141943_Letter.pdf,Adani Green Energy Limited has informed the Exchange about Investor Presentation,,,Investor Presentation,00:00:22,31072023141943,31-Jul-2023 14:20:05,-,False,,,105570973,,INE364U01010,Adani Green Energy Limited,2023-07-31 14:19:43,ADANIGREEN
31-Jul-2023 14:07:22,,https://nsearchives.nseindia.com/corporate/Outcome_31072023140722.pdf,"Adani Green Energy Limited has submitted to the Exchange, the financial results for the period ended June 30, 2023.",,,Financial Result Updates,00:00:12,31072023140722,31-Jul-2023 14:07:34,-,False,,,155061,,INE364U01010,Adani Green Energy Limited,2023-07-31 14:07:22,ADANIGREEN
28-Jul-2023 22:08:38,,https://nsearchives.nseindia.com/corporate/ADANIGREEN_28072023220838_1.pdf,Adani Green Energy Limited has informed the Exchange regarding 'Compliance Certificate for senior secured notes '.,,,Updates,00:00:06,28072023220838,28-Jul-2023 22:08:44,-,False,,,105569712,,INE364U01010,Adani Green Energy Limited,2023-07-28 22:08:38,ADANIGREEN
24-Jul-2023 21:16:01,,https://nsearchives.nseindia.com/corporate/ADANIGREEN_24072023211601_Letters.pdf,Adani Green Energy Limited has informed the Exchange about Schedule of meet,,,Analysts/Institutional Investor Meet/Con. Call Updates,00:00:09,24072023211601,24-Jul-2023 21:16:10,-,False,,,105564256,,INE364U01010,Adani Green Energy Limited,2023-07-24 21:16:01,ADANIGREEN
24-Jul-2023 19:28:57,,https://nsearchives.nseindia.com/corporate/ADANIGREEN_24072023192857_Letters.pdf,Adani Green Energy Limited has informed the Exchange about Schedule of meet,,,Analysts/Institutional Investor Meet/Con. Call Updates,00:00:15,24072023192857,24-Jul-2023 19:29:12,-,False,,,105564182,,INE364U01010,Adani Green Energy Limited,2023-07-24 19:28:57,ADANIGREEN
19-Jul-2023 23:17:02,,https://nsearchives.nseindia.com/corporate/ADANIGREEN_19072023231702_VotingResults.pdf,"Adani Green Energy Limited has submitted the Exchange a copy Srutinizers report of  Annual General Meeting held on July 19, 2023. Further, the company has informed the Exchange regarding voting results.",,,Shareholders meeting,00:00:11,19072023231702,19-Jul-2023 23:17:13,-,False,,,105560411,,INE364U01010,Adani Green Energy Limited,2023-07-19 23:17:02,ADANIGREEN
19-Jul-2023 11:54:45,,https://nsearchives.nseindia.com/corporate/ADANIGREEN_19072023115445_Outcome.pdf,"Adani Green Energy Limited has informed the Exchange regarding Proceedings of Annual General Meeting held on July 19, 2023",,,Shareholders meeting,00:00:10,19072023115445,19-Jul-2023 11:54:55,-,False,,,105559511,,INE364U01010,Adani Green Energy Limited,2023-07-19 11:54:45,ADANIGREEN
16-Jul-2023 17:08:09,,https://nsearchives.nseindia.com/corporate/ADANIGREEN_16072023170809_ADANIGREEN.pdf,"S B Adani Family Trust��has Submitted to the Exchange a copy of Disclosure under Regulation 31(4) of the Securities and Exchange Board of India��(Substantial Acquisition of Shares and Takeovers) Regulations, 2011.��",,,Disclosure under SEBI Takeover Regulations,00:00:06,16072023170809,16-Jul-2023 17:08:15,-,False,,,105489288,,INE364U01010,Adani Green Energy Limited,2023-07-16 17:08:09,ADANIGREEN
13-Jul-2023 09:29:22,,https://nsearchives.nseindia.com/corporate/ADANIGREEN_13072023092922_Letters.pdf,Adani Green Energy Limited has informed the Exchange regarding 'Provisional operational update: Q1 - FY24'.,,,Updates,00:00:09,13072023092922,13-Jul-2023 09:29:31,-,False,,,105554088,,INE364U01010,Adani Green Energy Limited,2023-07-13 09:29:22,ADANIGREEN
10-Jul-2023 16:46:52,,https://nsearchives.nseindia.com/corporate/ADANIGREEN_10072023164652_Letter.pdf,"Adani Green Energy Limited has informed the Exchange about Certificate under SEBI (Depositories and Participants) Regulations, 2018",,,"Certificate under SEBI (Depositories and Participants) Regulations, 2018",00:00:06,10072023164652,10-Jul-2023 16:46:58,-,False,,,105551157,,INE364U01010,Adani Green Energy Limited,2023-07-10 16:46:52,ADANIGREEN
07-Jul-2023 15:58:48,,https://nsearchives.nseindia.com/corporate/ADANIGREEN_07072023155848_Letters.pdf,Adani Green Energy Limited has informed the Exchange regarding Notice of Postal Ballot,,,Shareholders meeting,00:00:15,07072023155848,07-Jul-2023 15:59:03,-,False,,,105549431,,INE364U01010,Adani Green Energy Limited,2023-07-07 15:58:48,ADANIGREEN
06-Jul-2023 14:58:53,,https://nsearchives.nseindia.com/corporate/ADANIGREEN_06072023145853_Outcome.pdf,"Adani Green Energy Limited has informed the Exchange regarding  Board meeting held on July 06, 2023.",,,Outcome of Board Meeting,00:00:16,06072023145853,06-Jul-2023 14:59:09,-,False,,,105548220,,INE364U01010,Adani Green Energy Limited,2023-07-06 14:58:53,ADANIGREEN
30-Jun-2023 10:39:23,,https://nsearchives.nseindia.com/corporate/ADANIGREEN_30062023103923_Letters.pdf,"Adani Green Energy Limited has informed the Exchange regarding the Trading Window closure pursuant to SEBI (Prohibition of Insider Trading) Regulations, 2015",,,Trading Window,00:00:05,30062023103923,30-Jun-2023 10:39:28,-,False,,,105542615,,INE364U01010,Adani Green Energy Limited,2023-06-30 10:39:23,ADANIGREEN
29-Jun-2023 20:11:51,,https://nsearchives.nseindia.com/corporate/ADANIGREEN_29062023201151_Letters.pdf,Adani Green Energy Limited has informed the Exchange about Copy of Newspaper Publication,,,Copy of Newspaper Publication,00:00:02,29062023201151,29-Jun-2023 20:11:53,-,False,,,105542440,,INE364U01010,Adani Green Energy Limited,2023-06-29 20:11:51,ADANIGREEN
28-Jun-2023 11:58:48,,https://nsearchives.nseindia.com/corporate/ADANIGREEN_28062023115849_Letters.pdf,Adani Green Energy Limited has informed the Exchange that Register of Members & Share Transfer Books of the Company will remain closed from 12-Jul-2023 to 19-Jul-2023 for the purpose of Meeting.,,,Book Closure,00:00:06,28062023115848,28-Jun-2023 11:58:54,-,False,,,105540667,,INE364U01010,Adani Green Energy Limited,2023-06-28 11:58:48,ADANIGREEN
27-Jun-2023 23:34:21,,https://nsearchives.nseindia.com/corporate/ADANIGREEN_27062023233421_BRSR.pdf,Adani Green Energy Limited has informed the Exchange regarding 'Business Responsibility and Sustainability Report (BRSR) for FY 2022-23'.,,,Updates,00:00:09,27062023233421,27-Jun-2023 23:34:30,-,False,,,105540355,,INE364U01010,Adani Green Energy Limited,2023-06-27 23:34:21,ADANIGREEN
27-Jun-2023 23:28:44,,https://nsearchives.nseindia.com/corporate/ADANIGREEN_27062023232844_Notice.pdf,"Adani Green Energy Limited has informed the Exchange regarding Notice of Annual General Meeting to be held on July 19, 2023",,,Shareholders meeting,00:00:06,27062023232844,27-Jun-2023 23:28:50,-,False,,,105540354,,INE364U01010,Adani Green Energy Limited,2023-06-27 23:28:44,ADANIGREEN
27-Jun-2023 23:21:48,,https://nsearchives.nseindia.com/corporate/ADANIGREEN_27062023232149_BookClosure.pdf,Adani Green Energy Limited has informed the Exchange that Register of Members & Share Transfer Books of the Company will remain closed from 12-Jul-2023 to 19-Jul-2023 for the purpose of Meeting.,,,Book Closure,00:00:05,27062023232148,27-Jun-2023 23:21:53,-,False,,,105540352,,INE364U01010,Adani Green Energy Limited,2023-06-27 23:21:48,ADANIGREEN
27-Jun-2023 20:46:23,,https://nsearchives.nseindia.com/corporate/ADANIGREEN_27062023204623_newspaper.pdf,Adani Green Energy Limited has informed the Exchange about Copy of Newspaper Publication,,,Copy of Newspaper Publication,00:00:04,27062023204623,27-Jun-2023 20:46:27,-,False,,,105540097,,INE364U01010,Adani Green Energy Limited,2023-06-27 20:46:23,ADANIGREEN
23-Jun-2023 21:08:24,,https://nsearchives.nseindia.com/corporate/ADANIGREEN_23062023210824_Letters.pdf,Adani Green Energy Limited has informed the Exchange regarding 'Compliance Certificate of RG II'.,,,Updates,00:00:05,23062023210824,23-Jun-2023 21:08:29,-,False,,,105537640,,INE364U01010,Adani Green Energy Limited,2023-06-23 21:08:24,ADANIGREEN
21-Jun-2023 22:39:10,,https://nsearchives.nseindia.com/corporate/ADANIGREEN_21062023223910_Letters.pdf,Adani Green Energy Limited has informed the Exchange about Schedule of meet,,,Analysts/Institutional Investor Meet/Con. Call Updates,00:00:09,21062023223910,21-Jun-2023 22:39:19,-,False,,,105535719,,INE364U01010,Adani Green Energy Limited,2023-06-21 22:39:10,ADANIGREEN
21-Jun-2023 10:28:53,,https://nsearchives.nseindia.com/corporate/ADANIGREEN_21062023102853_Letters.pdf,Adani Green Energy Limited has informed the Exchange about Presentation,,,Analysts/Institutional Investor Meet/Con. Call Updates,00:00:05,21062023102853,21-Jun-2023 10:28:58,-,False,,,105535077,,INE364U01010,Adani Green Energy Limited,2023-06-21 10:28:53,ADANIGREEN
08-Jun-2023 18:46:45,,https://nsearchives.nseindia.com/corporate/ADANIGREEN_08062023184645_Letters.pdf,Adani Green Energy Limited has informed the Exchange about Schedule of meet,,,Analysts/Institutional Investor Meet/Con. Call Updates,00:00:08,08062023184645,08-Jun-2023 18:46:53,-,False,,,105526618,,INE364U01010,Adani Green Energy Limited,2023-06-08 18:46:45,ADANIGREEN
07-Jun-2023 20:14:05,,https://nsearchives.nseindia.com/corporate/ADANIGREEN_07062023201405_Letters.pdf,Adani Green Energy Limited has informed the Exchange about Schedule of meet,,,Analysts/Institutional Investor Meet/Con. Call Updates,00:00:03,07062023201405,07-Jun-2023 20:14:08,-,False,,,105525769,,INE364U01010,Adani Green Energy Limited,2023-06-07 20:14:05,ADANIGREEN
29-May-2023 19:50:21,,https://nsearchives.nseindia.com/corporate/ADANIGREEN_29052023195021_Letters.pdf,"Annual Secretarial Compliance Report for the financial year ended March 31, 2023",,,Annual Secretarial Compliance Report,00:00:08,29052023195021,29-May-2023 19:50:29,-,False,,,105515766,,INE364U01010,Adani Green Energy Limited,2023-05-29 19:50:21,ADANIGREEN
27-May-2023 20:40:10,,https://nsearchives.nseindia.com/corporate/ADANIGREEN_27052023204010_cc.pdf,"Adani Green Energy Limited has informed the Exchange regarding 'Compliance Certificate for the year ended March 31, 2023 for RG I entities'.",,,Updates,00:00:09,27052023204010,27-May-2023 20:40:19,-,False,,,105514074,,INE364U01010,Adani Green Energy Limited,2023-05-27 20:40:10,ADANIGREEN
26-May-2023 09:25:19,,https://nsearchives.nseindia.com/corporate/ADANIGREEN_26052023092519_Letters.pdf,"Adani Green Energy Limited has informed the Exchange regarding a press release dated May 26, 2023, titled ""AGEL s Operational Wind Generation capacity crosses 1 GW with commissioning of 130 MW Wind Power Plant in Gujarat"".",,,Press Release,00:00:04,26052023092519,26-May-2023 09:25:23,-,False,,,105511386,,INE364U01010,Adani Green Energy Limited,2023-05-26 09:25:19,ADANIGREEN
23-May-2023 21:46:53,,https://nsearchives.nseindia.com/corporate/ADANIGREEN_23052023214653_DraftIntimation.pdf,The Board Meeting to be held on 24/05/2023 Stands Cancelled.,,,Board meeting Cancelled,00:00:03,23052023214653,23-May-2023 21:46:56,-,False,,,105507624,,INE364U01010,Adani Green Energy Limited,2023-05-23 21:46:53,ADANIGREEN
23-May-2023 15:42:17,,https://nsearchives.nseindia.com/corporate/ADANIGREEN_23052023154217_Letters.pdf,Adani Green Energy Limited has informed the Exchange about Schedule of meet and Presentation,,,Analysts/Institutional Investor Meet/Con. Call Updates,00:00:12,23052023154217,23-May-2023 15:42:29,-,False,,,105506884,,INE364U01010,Adani Green Energy Limited,2023-05-23 15:42:17,ADANIGREEN
18-May-2023 15:07:08,,https://nsearchives.nseindia.com/corporate/ADANIGREEN_18052023150708_AGEL.pdf,"S. B. Adani Family Trust has Submitted to the Exchange a copy of Disclosure under Regulation 31(4) of the Securities and Exchange Board of India (Substantial Acquisition of Shares and Takeovers) Regulations, 2011.",,,Disclosure under SEBI Takeover Regulations,00:00:09,18052023150708,18-May-2023 15:07:17,-,False,,,105477389,,INE364U01010,Adani Green Energy Limited,2023-05-18 15:07:08,ADANIGREEN
10-May-2023 22:01:37,,https://nsearchives.nseindia.com/corporate/ADANIGREEN_10052023220137_Letters.pdf,"Adani Green Energy Limited has informed the Exchange regarding the Trading Window closure pursuant to SEBI (Prohibition of Insider Trading) Regulations, 2015",,,Trading Window,00:00:06,10052023220137,10-May-2023 22:01:43,-,False,,,105492458,,INE364U01010,Adani Green Energy Limited,2023-05-10 22:01:37,ADANIGREEN
09-May-2023 10:51:20,,https://nsearchives.nseindia.com/corporate/ADANIGREEN_09052023105120_Letters.pdf,Adani Green Energy Limited has informed the Exchange about Transcript,,,Analysts/Institutional Investor Meet/Con. Call Updates,00:00:02,09052023105120,09-May-2023 10:51:22,-,False,,,105490099,,INE364U01010,Adani Green Energy Limited,2023-05-09 10:51:20,ADANIGREEN
06-May-2023 14:59:40,,https://nsearchives.nseindia.com/corporate/ADANIGREEN_06052023145940_Letters.pdf,Adani Green Energy Limited has informed the Exchange about Transcript,,,Analysts/Institutional Investor Meet/Con. Call Updates,00:00:03,06052023145940,06-May-2023 14:59:43,-,False,,,105488274,,INE364U01010,Adani Green Energy Limited,2023-05-06 14:59:40,ADANIGREEN
03-May-2023 12:33:29,,https://nsearchives.nseindia.com/corporate/ADANIGREEN_03052023123329_Debt.pdf,Adani Green Energy Limited has informed the Exchange about Link of Recording,,,Analysts/Institutional Investor Meet/Con. Call Updates,00:00:03,03052023123329,03-May-2023 12:33:32,-,False,,,105484772,,INE364U01010,Adani Green Energy Limited,2023-05-03 12:33:29,ADANIGREEN
03-May-2023 12:20:03,,https://nsearchives.nseindia.com/corporate/ADANIGREEN_03052023122003_Equity.pdf,Adani Green Energy Limited has informed the Exchange about Link of Recording,,,Analysts/Institutional Investor Meet/Con. Call Updates,00:00:12,03052023122003,03-May-2023 12:20:15,-,False,,,105484743,,INE364U01010,Adani Green Energy Limited,2023-05-03 12:20:03,ADANIGREEN
01-May-2023 22:49:16,,https://nsearchives.nseindia.com/corporate/ADANIGREEN_01052023224916_Letter.pdf,"Adani Green Energy Limited has informed the Exchange regarding 'Related Party Transactions for the half year ended on March 31, 2023'.",,,Updates,00:00:06,01052023224916,01-May-2023 22:49:22,-,False,,,105483131,,INE364U01010,Adani Green Energy Limited,2023-05-01 22:49:16,ADANIGREEN
01-May-2023 21:48:09,,https://nsearchives.nseindia.com/corporate/930_01052023214809.pdf,"Adani Green Energy Limited has submitted to the Exchange, the financial results for the period ended March 31, 2023.",,,Financial Result Updates,00:00:06,01052023214809,01-May-2023 21:48:15,-,False,,,152677,,INE364U01010,Adani Green Energy Limited,2023-05-01 21:48:09,ADANIGREEN
25-Apr-2023 10:19:41,,https://nsearchives.nseindia.com/corporate/ADANIGREEN_25042023101941_Letters.pdf,Adani Green Energy Limited has informed the Exchange about Schedule of meet,,,Analysts/Institutional Investor Meet/Con. Call Updates,00:00:09,25042023101941,25-Apr-2023 10:19:50,-,False,,,105477362,,INE364U01010,Adani Green Energy Limited,2023-04-25 10:19:41,ADANIGREEN
14-Apr-2023 10:39:58,,https://nsearchives.nseindia.com/corporate/ADANIGREEN_14042023103958_Letters.pdf,Adani Green Energy Limited has informed the Exchange regarding 'Provisional operational update: FY23'.,,,Updates,00:00:05,14042023103958,14-Apr-2023 10:40:03,-,False,,,105469598,,INE364U01010,Adani Green Energy Limited,2023-04-14 10:39:58,ADANIGREEN
04-Apr-2023 11:59:13,,https://nsearchives.nseindia.com/corporate/ADANIGREEN_04042023115913_Letter.pdf,"Adani Green Energy Limited has informed the Exchange regarding 'Sub: Certificate under Regulation 74(5) of the SEBI (Depositories andParticipants) Regulations, 2018 for the quarter ended March 31, 2023 '.",,,Updates,00:00:04,04042023115913,04-Apr-2023 11:59:17,-,False,,,105461460,,INE364U01010,Adani Green Energy Limited,2023-04-04 11:59:13,ADANIGREEN
01-Apr-2023 15:48:01,,https://nsearchives.nseindia.com/corporate/ADANIGREEN_01042023154801_Letters.pdf,"Adani Green Energy Limited has informed the Exchange regarding Demise of Mrs Poornima Advani, Non- Executive Independent Director of the company on April 01, 2023.",,,Demise,00:00:04,01042023154801,01-Apr-2023 15:48:05,-,False,,,105460040,,INE364U01010,Adani Green Energy Limited,2023-04-01 15:48:01,ADANIGREEN
01-Apr-2023 14:42:28,,https://nsearchives.nseindia.com/corporate/ADANIGREEN_01042023144228_Letters.pdf,Adani Green Energy Limited has informed the Exchange about Diversification/Disinvestment,,,Diversification/Disinvestment,00:00:04,01042023144228,01-Apr-2023 14:42:32,-,False,,,105459994,,INE364U01010,Adani Green Energy Limited,2023-04-01 14:42:28,ADANIGREEN
30-Mar-2023 11:39:23,,https://nsearchives.nseindia.com/corporate/ADANIGREEN_30032023113923_Letter.pdf,"Adani Green Energy Limited has informed the Exchange regarding the Trading Window closure pursuant to SEBI (Prohibition of Insider Trading) Regulations, 2015",,,Trading Window,00:00:04,30032023113923,30-Mar-2023 11:39:27,-,False,,,105457262,,INE364U01010,Adani Green Energy Limited,2023-03-30 11:39:23,ADANIGREEN
13-Mar-2023 17:53:08,,https://nsearchives.nseindia.com/corporate/ADANIGREEN_13032023175308_Letters.pdf,Adani Green Energy Limited has informed the Exchange about Schedule of meet and Presentation,,,Analysts/Institutional Investor Meet/Con. Call Updates,00:00:23,13032023175308,13-Mar-2023 17:53:31,-,False,,,105445097,,INE364U01010,Adani Green Energy Limited,2023-03-13 17:53:08,ADANIGREEN
02-Mar-2023 19:46:24,,https://nsearchives.nseindia.com/corporate/ADANIGREEN_02032023194624_Letters.pdf,"Adani Green Energy Limited has informed the Exchange regarding a press release dated March 02, 2023, titled ""Adani Green s Operating Renewable Portfolio reaches 8,024MW, the largest in India"".",,,Press Release,00:00:03,02032023194624,02-Mar-2023 19:46:27,-,False,,,105439442,,INE364U01010,Adani Green Energy Limited,2023-03-02 19:46:24,ADANIGREEN
02-Mar-2023 18:30:22,,https://nsearchives.nseindia.com/corporate/ADANIGREEN_02032023183022_Letters.pdf,"Adani Green Energy Limited has informed the Exchange regarding a press release dated March 02, 2023, titled ""Adani Portfolio companies complete INR 15,446 Cr secondary equity transaction with GQG Partners"".",,,Press Release,00:00:04,02032023183022,02-Mar-2023 18:30:26,-,False,,,105439394,,INE364U01010,Adani Green Energy Limited,2023-03-02 18:30:22,ADANIGREEN
02-Mar-2023 16:08:00,,https://nsearchives.nseindia.com/corporate/ADANIGREEN_02032023160856_Response_Letter_NSE.pdf,The Exchange has sought clarification from Adani Green Energy Limited with respect to recent news item captioned Adani gets commitment for $800 million debt facility.  The response from the Company is attached.,,,News Verification,00:00:60,02032023160800,02-Mar-2023 16:09:00,-,False,,,105439169,,INE364U01010,Adani Green Energy Limited,2023-03-02 16:08:00,ADANIGREEN
02-Mar-2023 15:42:30,,https://nsearchives.nseindia.com/corporate/ADANIGREEN_02032023154230_Letters.pdf,Adani Green Energy Limited has informed the Exchange about Schedule of meet,,,Analysts/Institutional Investor Meet/Con. Call Updates,00:00:04,02032023154230,02-Mar-2023 15:42:34,-,False,,,105439266,,INE364U01010,Adani Green Energy Limited,2023-03-02 15:42:30,ADANIGREEN
01-Mar-2023 11:30:00,,-,The Exchange has sought clarification from Adani Green Energy Limited with respect to recent news item captioned Adani gets commitment for $800 million debt facility.  The response from the Company is awaited.,,,News Verification,00:00:41,01032023113000,01-Mar-2023 11:30:41,-,False,,,105438224,,INE364U01010,Adani Green Energy Limited,2023-03-01 11:30:00,ADANIGREEN
28-Feb-2023 14:39:00,,https://nsearchives.nseindia.com/corporate/ADANIGREEN_28022023143909_Response_Letter_NSE.pdf,The Exchange has sought clarification from Adani Green Energy Limited with respect to recent news item captioned  Adani Group's $442 Million Renewable Energy Projects Approved By Sri Lanka.  The response from the Company is attached.,,,News Verification,00:00:14,28022023143900,28-Feb-2023 14:39:14,-,False,,,105437450,,INE364U01010,Adani Green Energy Limited,2023-02-28 14:39:00,ADANIGREEN
27-Feb-2023 16:17:00,,-,The Exchange has sought clarification from Adani Green Energy Limited with respect to recent news item captioned  Adani Group's $442 Million Renewable Energy Projects Approved By Sri Lanka.  The response from the Company is awaited.,,,News Verification,00:01:02,27022023161700,27-Feb-2023 16:18:02,-,False,,,105436636,,INE364U01010,Adani Green Energy Limited,2023-02-27 16:17:00,ADANIGREEN
24-Feb-2023 20:30:39,,https://nsearchives.nseindia.com/corporate/ADANIGREEN_24022023203039_ADANIGREEN_ROID_1933_KMP_Doc_24022023203039.zip,ADANI GREEN ENERGY LIMITED has informed the Exchange about Resignation of Independent director.,,,Resignation of Independent director,00:00:03,24022023203039,24-Feb-2023 20:30:42,-,False,,,105435674,,INE364U01010,Adani Green Energy Limited,2023-02-24 20:30:39,ADANIGREEN
24-Feb-2023 20:29:29,,https://nsearchives.nseindia.com/corporate/ADANIGREEN_24022023202929_Intimation.pdf,Resignation by Mr. Sunil Mehta (DIN: 00065343),,,Resignation of Independent director,00:00:03,24022023202929,24-Feb-2023 20:29:32,-,False,,,105435673,,INE364U01010,Adani Green Energy Limited,2023-02-24 20:29:29,ADANIGREEN
23-Feb-2023 09:19:45,,https://nsearchives.nseindia.com/corporate/ADANIGREEN_23022023091945_Letters.pdf,Adani Green Energy Limited has informed the Exchange about Schedule of meet and Presentation,,,Analysts/Institutional Investor Meet/Con. Call Updates,00:00:03,23022023091945,23-Feb-2023 09:19:48,-,False,,,105434257,,INE364U01010,Adani Green Energy Limited,2023-02-23 09:19:45,ADANIGREEN
20-Feb-2023 14:14:00,,https://nsearchives.nseindia.com/corporate/ADANIGREEN_20022023141449_LettersNSE.pdf,"Significant increase in volume has been observed in Adani Green Energy Limited. The Exchange, in order to ensure that investors have latest relevant information about the company and to inform the market place so that the interest of the investors is safeguarded, had written to the company. Adani Green Energy Limited has submitted their response.",,,Spurt in Volume,00:00:53,20022023141400,20-Feb-2023 14:14:53,-,False,,,105431844,,INE364U01010,Adani Green Energy Limited,2023-02-20 14:14:00,ADANIGREEN
17-Feb-2023 13:28:00,,-,"Significant increase in volume has been observed in Adani Green Energy Limited. The Exchange, in order to ensure that investors have latest relevant information about the company and to inform the market place so that the interest of the investors is safeguarded, has written to the company. The response from the company is awaited.",,,Spurt in Volume,00:00:39,17022023132800,17-Feb-2023 13:28:39,-,False,,,105430676,,INE364U01010,Adani Green Energy Limited,2023-02-17 13:28:00,ADANIGREEN
17-Feb-2023 10:29:08,,https://nsearchives.nseindia.com/corporate/ADANIGREEN_17022023102908_Letters.pdf,Adani Green Energy Limited has informed the Exchange about Link of Recording,,,Analysts/Institutional Investor Meet/Con. Call Updates,00:00:08,17022023102908,17-Feb-2023 10:29:16,-,False,,,105430480,,INE364U01010,Adani Green Energy Limited,2023-02-17 10:29:08,ADANIGREEN
15-Feb-2023 20:33:34,,https://nsearchives.nseindia.com/corporate/ADANIGREEN_15022023203334_Letters.pdf,Adani Green Energy Limited has informed the Exchange about Schedule of meet,,,Analysts/Institutional Investor Meet/Con. Call Updates,00:00:03,15022023203334,15-Feb-2023 20:33:37,-,False,,,105429067,,INE364U01010,Adani Green Energy Limited,2023-02-15 20:33:34,ADANIGREEN
14-Feb-2023 21:11:35,,https://nsearchives.nseindia.com/corporate/ADANIGREEN_14022023211135_Letters1.pdf,Adani Green Energy Limited has informed the Exchange about Transcript,,,Analysts/Institutional Investor Meet/Con. Call Updates,00:00:03,14022023211135,14-Feb-2023 21:11:38,-,False,,,105427936,,INE364U01010,Adani Green Energy Limited,2023-02-14 21:11:35,ADANIGREEN
14-Feb-2023 17:44:19,,https://nsearchives.nseindia.com/corporate/ADANIGREEN_14022023174419_Letters.pdf,Adani Green Energy Limited has informed the Exchange regarding 'Adani Listed Portfolio   9M FY23 Results Compendium and Credit Note '.,,,Updates,00:00:05,14022023174419,14-Feb-2023 17:44:24,-,False,,,105427581,,INE364U01010,Adani Green Energy Limited,2023-02-14 17:44:19,ADANIGREEN
10-Feb-2023 18:59:15,,https://nsearchives.nseindia.com/corporate/ADANIGREEN_10022023185915_Letters.pdf,Adani Green Energy Limited has informed the Exchange about Credit Rating,,,Credit Rating,00:00:03,10022023185915,10-Feb-2023 18:59:18,-,False,,,105424201,,INE364U01010,Adani Green Energy Limited,2023-02-10 18:59:15,ADANIGREEN
08-Feb-2023 14:55:40,,https://nsearchives.nseindia.com/corporate/ADANIGREEN_08022023145540_Letters.pdf,Adani Green Energy Limited has informed the Exchange about Link of Recording,,,Analysts/Institutional Investor Meet/Con. Call Updates,00:00:06,08022023145540,08-Feb-2023 14:55:46,-,False,,,105421227,,INE364U01010,Adani Green Energy Limited,2023-02-08 14:55:40,ADANIGREEN
08-Feb-2023 14:47:04,,https://nsearchives.nseindia.com/corporate/ADANIGREEN_08022023144704_Letters.pdf,Adani Green Energy Limited has informed the Exchange about Link of Recording,,,Analysts/Institutional Investor Meet/Con. Call Updates,00:00:10,08022023144704,08-Feb-2023 14:47:14,-,False,,,105421220,,INE364U01010,Adani Green Energy Limited,2023-02-08 14:47:04,ADANIGREEN
07-Feb-2023 17:30:06,,https://nsearchives.nseindia.com/corporate/ADANIGREEN_07022023173005_Outcome.pdf,Adani Green Energy Limited has informed the Exchange about Investor Presentation,,,Investor Presentation,00:00:08,07022023173006,07-Feb-2023 17:30:14,-,False,,,105420173,,INE364U01010,Adani Green Energy Limited,2023-02-07 17:30:06,ADANIGREEN
07-Feb-2023 15:26:03,,https://nsearchives.nseindia.com/corporate/Outcome_07022023152603.pdf,"Adani Green Energy Limited has submitted to the Exchange, the financial results for the period ended December 31, 2022.",,,Financial Result Updates,00:00:07,07022023152603,07-Feb-2023 15:26:10,-,False,,,151336,,INE364U01010,Adani Green Energy Limited,2023-02-07 15:26:03,ADANIGREEN
23-Jan-2023 11:40:39,,https://nsearchives.nseindia.com/corporate/ADANIGREEN_23012023114039_Letter.pdf,Adani Green Energy Limited has informed the Exchange regarding 'Provisional operational update: 9M - FY23'.,,,Updates,00:00:09,23012023114039,23-Jan-2023 11:40:48,-,False,,,105406160,,INE364U01010,Adani Green Energy Limited,2023-01-23 11:40:39,ADANIGREEN
21-Jan-2023 17:41:11,,https://nsearchives.nseindia.com/corporate/ADANIGREEN_21012023174111_Results.pdf,Adani Green Energy Limited has informed the Exchange regarding 'Voting Results and Scrutinizer s Report on the Postal Ballot'.,,,Updates,00:00:08,21012023174111,21-Jan-2023 17:41:19,-,False,,,105406015,,INE364U01010,Adani Green Energy Limited,2023-01-21 17:41:11,ADANIGREEN
18-Jan-2023 11:11:52,,https://nsearchives.nseindia.com/corporate/ADANIGREEN_18012023111152_Letters.pdf,Adani Green Energy Limited has informed the Exchange about Acquisition,,,Acquisition,00:00:04,18012023111152,18-Jan-2023 11:11:56,-,False,,,105403041,,INE364U01010,Adani Green Energy Limited,2023-01-18 11:11:52,ADANIGREEN
11-Jan-2023 12:15:56,,https://nsearchives.nseindia.com/corporate/ADANIGREEN_11012023121556_Letter.pdf,"Adani Green Energy Limited has informed the Exchange regarding 'Certificate under Regulation 74(5) of the SEBI (Depositories and Participants) Regulations, 2018 for the quarter ended December 31, 2022'.",,,Updates,00:00:03,11012023121556,11-Jan-2023 12:15:59,-,False,,,105398193,,INE364U01010,Adani Green Energy Limited,2023-01-11 12:15:56,ADANIGREEN
27-Dec-2022 19:59:58,,https://nsearchives.nseindia.com/corporate/ADANIGREEN_27122022195958_Letters.pdf,"Adani Green Energy Limited has informed the Exchange regarding the Trading Window closure pursuant to SEBI (Prohibition of Insider Trading) Regulations, 2015",,,Trading Window,00:00:35,27122022195958,27-Dec-2022 20:00:33,-,False,,,105386852,,INE364U01010,Adani Green Energy Limited,2022-12-27 19:59:58,ADANIGREEN
27-Dec-2022 16:52:58,,https://nsearchives.nseindia.com/corporate/ADANIGREEN_27122022165258_ComplianceCertificateHoldco.pdf,"Adani Green Energy Limited has informed the Exchange regarding 'Compliance Certificate for the period ended September 30, 2022 for USD denominated senior secured notes'.",,,Updates,00:00:02,27122022165258,27-Dec-2022 16:53:00,-,False,,,105386690,,INE364U01010,Adani Green Energy Limited,2022-12-27 16:52:58,ADANIGREEN
27-Dec-2022 16:12:55,,https://nsearchives.nseindia.com/corporate/ADANIGREEN_27122022161255_ComplianceCertificateRG2.pdf,"Adani Green Energy Limited has informed the Exchange regarding 'Compliance Certificate for the period ended September 30, 2022 for RG II entities'.",,,Updates,00:00:04,27122022161255,27-Dec-2022 16:12:59,-,False,,,105386647,,INE364U01010,Adani Green Energy Limited,2022-12-27 16:12:55,ADANIGREEN
27-Dec-2022 14:16:04,,https://nsearchives.nseindia.com/corporate/ADANIGREEN_27122022141604_ComplianceCertificateRG1.pdf,"Adani Green Energy Limited has informed the Exchange regarding 'Compliance Certificate for the period ended September 30, 2022 for RG I entities'.",,,Updates,00:00:08,27122022141604,27-Dec-2022 14:16:12,-,False,,,105386587,,INE364U01010,Adani Green Energy Limited,2022-12-27 14:16:04,ADANIGREEN
22-Dec-2022 15:07:43,,https://nsearchives.nseindia.com/corporate/ADANIGREEN_22122022150743_Letters.pdf,"Adani Green Energy Limited has informed the Exchange regarding a press release dated December 22, 2022, titled ""Adani Green Wins Sustainability 4.0 Award Conferred jointly by Frost & Sullivan and TERI"".",,,Press Release,00:00:09,22122022150743,22-Dec-2022 15:07:52,-,False,,,105383790,,INE364U01010,Adani Green Energy Limited,2022-12-22 15:07:43,ADANIGREEN
20-Dec-2022 12:05:57,,https://nsearchives.nseindia.com/corporate/ADANIGREEN_20122022120557_Letters.pdf,Adani Green Energy Limited has informed the Exchange about Copy of Newspaper Publication,,,Copy of Newspaper Publication,00:00:07,20122022120557,20-Dec-2022 12:06:04,-,False,,,105382077,,INE364U01010,Adani Green Energy Limited,2022-12-20 12:05:57,ADANIGREEN
19-Dec-2022 14:50:07,,https://nsearchives.nseindia.com/corporate/ADANIGREEN_19122022145007_Letters.pdf,Adani Green Energy Limited has informed the Exchange regarding Notice of Postal Ballot,,,Shareholders meeting,00:00:03,19122022145007,19-Dec-2022 14:50:10,-,False,,,105381341,,INE364U01010,Adani Green Energy Limited,2022-12-19 14:50:07,ADANIGREEN
12-Dec-2022 12:34:24,,https://nsearchives.nseindia.com/corporate/ADANIGREEN_12122022123424_Letters.pdf,Adani Green Energy Limited has informed the Exchange about Schedule of Analysts/Institutional Investor Meet/Con. Call ,,,Schedule of Analysts/Institutional Investor Meet/Con. Call,00:00:07,12122022123424,12-Dec-2022 12:34:31,-,False,,,5129869,,INE364U01010,Adani Green Energy Limited,2022-12-12 12:34:24,ADANIGREEN
05-Dec-2022 11:45:33,,https://nsearchives.nseindia.com/corporate/ADANIGREEN_05122022114533_Letters.pdf,Adani Green Energy Limited has informed the Exchange about press release dated 05-Dec-2022 titled Adani Green Becomes World���s Largest Wind-Solar Hybrid Power Developer,,,Press Release,00:00:08,05122022114533,05-Dec-2022 11:45:41,-,False,,,5127907,,INE364U01010,Adani Green Energy Limited,2022-12-05 11:45:33,ADANIGREEN
01-Dec-2022 10:42:15,,https://nsearchives.nseindia.com/corporate/ADANIGREEN_01122022104215_Letters.pdf,Adani Green Energy Limited has informed the Exchange about press release dated 01-Dec-2022 titled Adani Green raises Japanese Yen denominated Refinancing Facility; Diversifies the funding pool to raise long-term financing,,,Press Release,00:00:09,01122022104215,01-Dec-2022 10:42:24,-,False,,,5127056,,INE364U01010,Adani Green Energy Limited,2022-12-01 10:42:15,ADANIGREEN
24-Nov-2022 21:06:54,,https://nsearchives.nseindia.com/corporate/ADANIGREEN_24112022210654_Letter.pdf,Adani Green Energy Limited has informed the Exchange about related party transaction for the period ended September 2022,,,Related Party Transaction,00:00:03,24112022210654,24-Nov-2022 21:06:57,-,False,,,5125089,,INE364U01010,Adani Green Energy Limited,2022-11-24 21:06:54,ADANIGREEN
18-Nov-2022 11:34:03,,https://nsearchives.nseindia.com/corporate/ADANIGREEN_18112022113403_Letters.pdf,Adani Green Energy Limited has informed the Exchange about Transcript of Analysts/Institutional Investor Meet/Con. Call ,,,Transcript of Analysts/Institutional Investor Meet/Con. Call,00:00:06,18112022113403,18-Nov-2022 11:34:09,-,False,,,5122493,,INE364U01010,Adani Green Energy Limited,2022-11-18 11:34:03,ADANIGREEN
14-Nov-2022 08:56:27,,https://nsearchives.nseindia.com/corporate/ADANIGREEN_14112022085627_Letters.pdf,Adani Green Energy Limited has informed the Exchange about Schedule of Analysts/Institutional Investor Meet/Con. Call ,,,Schedule of Analysts/Institutional Investor Meet/Con. Call,00:00:03,14112022085627,14-Nov-2022 08:56:30,-,False,,,5118949,,INE364U01010,Adani Green Energy Limited,2022-11-14 08:56:27,ADANIGREEN
12-Nov-2022 12:56:33,,https://nsearchives.nseindia.com/corporate/ADANIGREEN_12112022125633_Letters.pdf,Adani Green Energy Limited has informed the Exchange about Recording of Analysts/Institutional Investor Meet/Con. Call,,,Recording of Analysts/Institutional Investor Meet/Con. Call,00:00:03,12112022125633,12-Nov-2022 12:56:36,-,False,,,5118422,,INE364U01010,Adani Green Energy Limited,2022-11-12 12:56:33,ADANIGREEN
10-Nov-2022 20:28:15,,https://nsearchives.nseindia.com/corporate/ADANIGREEN_10112022202815_Letter.pdf,Adani Green Energy Limited  has informed the Exchange about appointment of Phuntsok Wangyal as Chief Financial Officer of the company w.e.f. 11-Nov-2022,,,Appointment,00:00:07,10112022202815,10-Nov-2022 20:28:22,-,False,,,5117049,,INE364U01010,Adani Green Energy Limited,2022-11-10 20:28:15,ADANIGREEN
10-Nov-2022 20:27:06,,https://nsearchives.nseindia.com/corporate/ADANIGREEN_10112022202706_Letter.pdf,Adani Green Energy Limited  has informed the Exchange about resignation of Kaushal Shah as Chief Financial Officer of the company w.e.f. 10-Nov-2022,,,Resignation,00:00:03,10112022202706,10-Nov-2022 20:27:09,-,False,,,5117048,,INE364U01010,Adani Green Energy Limited,2022-11-10 20:27:06,ADANIGREEN
10-Nov-2022 20:25:54,,https://nsearchives.nseindia.com/corporate/ADANIGREEN_10112022202554_Letter.pdf,Adani Green Energy Limited  has informed the Exchange about resignation of Sandeep Singhi as Independent Director of the company w.e.f. 10-Nov-2022,,,Resignation,00:00:04,10112022202554,10-Nov-2022 20:25:58,-,False,,,5117047,,INE364U01010,Adani Green Energy Limited,2022-11-10 20:25:54,ADANIGREEN
10-Nov-2022 20:25:00,,https://nsearchives.nseindia.com/corporate/ADANIGREEN_10112022202500_Letter.pdf,Adani Green Energy Limited  has informed the Exchange about appointment of Sunil Mehta as Independent Director of the company w.e.f. 10-Nov-2022,,,Appointment,00:00:04,10112022202500,10-Nov-2022 20:25:04,-,False,,,5117054,,INE364U01010,Adani Green Energy Limited,2022-11-10 20:25:00,ADANIGREEN
10-Nov-2022 20:01:10,,https://nsearchives.nseindia.com/corporate/ADANIGREEN_10112022200109_Outcome.pdf,Adani Green Energy Limited  has informed the Exchange about Board Meeting held on 10-Nov-2022 to consider financial statements for the period ended September 2022,,,Outcome of Board Meeting,00:00:02,10112022200110,10-Nov-2022 20:01:12,-,False,,,5117025,,INE364U01010,Adani Green Energy Limited,2022-11-10 20:01:10,ADANIGREEN
27-Oct-2022 16:56:36,,https://nsearchives.nseindia.com/corporate/ADANIGREEN_27102022165636_Outcome.pdf,Adani Green Energy Limited has informed the Exchange about Voting results and  Scrutinizer report of Extra Ordinary General Meeting held on 26-Oct-2022,,,Extra Ordinary Meeting,00:00:04,27102022165636,27-Oct-2022 16:56:40,-,False,,,5108977,,INE364U01010,Adani Green Energy Limited,2022-10-27 16:56:36,ADANIGREEN
26-Oct-2022 11:30:36,,https://nsearchives.nseindia.com/corporate/ADANIGREEN_26102022113036_Proceedings.pdf,Adani Green Energy Limited has informed the Exchange about  Proceedings of Extra Ordinary General Meeting held on 26-Oct-2022,,,Extra Ordinary Meeting,00:00:04,26102022113036,26-Oct-2022 11:30:40,-,False,,,5108598,,INE364U01010,Adani Green Energy Limited,2022-10-26 11:30:36,ADANIGREEN
14-Oct-2022 10:27:42,,https://nsearchives.nseindia.com/corporate/ADANIGREEN_14102022102742_1.pdf,Adani Green Energy Limited has informed the Exchange about Provisional operational update: H1 - FY23,,,General updates,11:50:42,14102022102742,14-Oct-2022 22:18:24,-,False,,,5104332,,INE364U01010,Adani Green Energy Limited,2022-10-14 10:27:42,ADANIGREEN
14-Oct-2022 10:23:33,,https://nsearchives.nseindia.com/corporate/ADANIGREEN_14102022102333_Letters.pdf,Adani Green Energy Limited has informed the Exchange about Investor Presentation,,,Investor Presentation,00:00:05,14102022102333,14-Oct-2022 10:23:38,-,False,,,5104307,,INE364U01010,Adani Green Energy Limited,2022-10-14 10:23:33,ADANIGREEN
11-Oct-2022 18:36:21,,https://nsearchives.nseindia.com/corporate/ADANIGREEN_11102022183621_LETTER.pdf,Adani Green Energy Limited has informed the Exchange about Intimation of Incorporation of step-down Subsidiary Companies,,,General updates,00:00:02,11102022183621,11-Oct-2022 18:36:23,-,False,,,5103200,,INE364U01010,Adani Green Energy Limited,2022-10-11 18:36:21,ADANIGREEN
10-Oct-2022 20:14:33,,https://nsearchives.nseindia.com/corporate/ADANIGREEN_10102022201433_AGEL.pdf,"Adani Green Energy Limited has informed the Exchange about completion of acquisition of 3 entities, housing 150 MW operational wind power projects",,,Acquisition,00:00:05,10102022201433,10-Oct-2022 20:14:38,-,False,,,5102691,,INE364U01010,Adani Green Energy Limited,2022-10-10 20:14:33,ADANIGREEN
10-Oct-2022 10:04:03,,https://nsearchives.nseindia.com/corporate/ADANIGREEN_10102022100403_Letter.pdf,"Adani Green Energy Limited has informed the Exchange about Certificate under Regulation 74(5) of the SEBI (Depositories and Participants) Regulations, 2018 for the quarter ended September 30, 2022",,,General updates,00:00:11,10102022100403,10-Oct-2022 10:04:14,-,False,,,5102139,,INE364U01010,Adani Green Energy Limited,2022-10-10 10:04:03,ADANIGREEN
08-Oct-2022 09:33:36,,https://nsearchives.nseindia.com/corporate/ADANIGREEN_08102022093336_Letters.pdf,Adani Green Energy Limited has informed the Exchange about Investor Presentation,,,Investor Presentation,00:00:04,08102022093336,08-Oct-2022 09:33:40,-,False,,,5101943,,INE364U01010,Adani Green Energy Limited,2022-10-08 09:33:36,ADANIGREEN
04-Oct-2022 21:07:15,,https://nsearchives.nseindia.com/corporate/ADANIGREEN_04102022210715_EGM.pdf,Adani Green Energy Limited has informed the Exchange about Notice of Extra Ordinary General Meeting to be held on 26-Oct-2022,,,Extra Ordinary Meeting,00:00:02,04102022210715,04-Oct-2022 21:07:17,-,False,,,5100991,,INE364U01010,Adani Green Energy Limited,2022-10-04 21:07:15,ADANIGREEN
03-Oct-2022 18:19:18,,https://nsearchives.nseindia.com/corporate/ADANIGREEN_03102022181918_Letter.pdf,Adani Green Energy Limited has informed the Exchange about Intimation Of Incorporation Of Step-Down Subsidiary Companies,,,General updates,00:00:05,03102022181918,03-Oct-2022 18:19:23,-,False,,,5100581,,INE364U01010,Adani Green Energy Limited,2022-10-03 18:19:18,ADANIGREEN
01-Oct-2022 13:39:51,,https://nsearchives.nseindia.com/corporate/ADANIGREEN_01102022133951_Letter.pdf,Adani Green Energy Limited has informed the Exchange about Intimation Of Incorporation Of Step-Down Subsidiary Companies,,,General updates,00:00:04,01102022133951,01-Oct-2022 13:39:55,-,False,,,5099766,,INE364U01010,Adani Green Energy Limited,2022-10-01 13:39:51,ADANIGREEN
30-Sep-2022 15:48:47,,https://nsearchives.nseindia.com/corporate/ADANIGREEN_30092022154847_Letters.pdf,Adani Green Energy Limited has informed the Exchange about Intimation of Incorporation of step-down Subsidiary Companies,,,General updates,00:00:05,30092022154847,30-Sep-2022 15:48:52,-,False,,,5098534,,INE364U01010,Adani Green Energy Limited,2022-09-30 15:48:47,ADANIGREEN
29-Sep-2022 12:49:54,,https://nsearchives.nseindia.com/corporate/ADANIGREEN_29092022124954_TWClosure.pdf,Adani Green Energy Limited has informed the Exchange about Closure of trading window,,,Closure of trading window,00:00:04,29092022124954,29-Sep-2022 12:49:58,-,False,,,5096822,,INE364U01010,Adani Green Energy Limited,2022-09-29 12:49:54,ADANIGREEN
29-Sep-2022 11:06:00,,https://nsearchives.nseindia.com/corporate/ADANIGREEN_29092022110600_AnalystsLetters.pdf,Adani Green Energy Limited has informed the Exchange about Schedule of Analysts/Institutional Investor Meet/Con. Call ,,,Schedule of Analysts/Institutional Investor Meet/Con. Call,00:00:11,29092022110600,29-Sep-2022 11:06:11,-,False,,,5096710,,INE364U01010,Adani Green Energy Limited,2022-09-29 11:06:00,ADANIGREEN
29-Sep-2022 10:27:33,,https://nsearchives.nseindia.com/corporate/ADANIGREEN_29092022102733_Letters.pdf,Adani Green Energy Limited has informed the Exchange about press release dated 29-Sep-2022 titled Adani Green Commissions World���s Largest Hybrid Power Plant,,,Press Release,00:00:02,29092022102733,29-Sep-2022 10:27:35,-,False,,,5096629,,INE364U01010,Adani Green Energy Limited,2022-09-29 10:27:33,ADANIGREEN
21-Sep-2022 14:41:42,,https://nsearchives.nseindia.com/corporate/ADANIGREEN_21092022144142_Letters.pdf,Adani Green Energy Limited has informed the Exchange about Loss of share certificate,,,Loss of share certificate,05:48:51,21092022144142,21-Sep-2022 20:30:33,-,False,,,5093236,,INE364U01010,Adani Green Energy Limited,2022-09-21 14:41:42,ADANIGREEN
19-Sep-2022 12:47:30,,https://nsearchives.nseindia.com/corporate/ADANIGREEN_19092022124730_Letters.pdf,"Adani Green Energy Limited has informed the Exchange about Media Release: AGEL commissions 325 MW Wind Power Plant, largest in Madhya Pradesh",,,General updates,00:00:03,19092022124730,19-Sep-2022 12:47:33,-,False,,,5092396,,INE364U01010,Adani Green Energy Limited,2022-09-19 12:47:30,ADANIGREEN
13-Sep-2022 18:31:10,,https://nsearchives.nseindia.com/corporate/ADANIGREEN_13092022183110_Letters.pdf,Adani Green Energy Limited has informed the Exchange about presentation for the Scheduled Analysts/Institutional Investor Meet/Con. Call ,,,Schedule of Analysts/Institutional Investor Meet/Con. Call,00:00:08,13092022183110,13-Sep-2022 18:31:18,-,False,,,5090708,,INE364U01010,Adani Green Energy Limited,2022-09-13 18:31:10,ADANIGREEN
03-Sep-2022 15:59:03,,https://nsearchives.nseindia.com/corporate/ADANIGREEN_03092022155903_Letters.pdf,Adani Green Energy Limited has informed the Exchange about Schedule of Analysts/Institutional Investor Meet/Con. Call ,,,Schedule of Analysts/Institutional Investor Meet/Con. Call,00:00:09,03092022155903,03-Sep-2022 15:59:12,-,False,,,5086071,,INE364U01010,Adani Green Energy Limited,2022-09-03 15:59:03,ADANIGREEN
18-Aug-2022 11:57:09,,https://nsearchives.nseindia.com/corporate/ADANIGREEN_18082022115709_NSE.pdf,ADANIGREEN : The Exchange has sought clarification from Adani Green Energy Limited with respect to recent news item captioned Adani group gets provisional approvals for renewable energy projects in SL.  The response from the Company is attached.,,,News Verification,00:00:06,18082022115709,18-Aug-2022 11:57:15,-,False,,,5079138,,INE364U01010,Adani Green Energy Limited,2022-08-18 11:57:09,ADANIGREEN
17-Aug-2022 17:32:21,,-,ADANIGREEN : The Exchange has sought clarification from Adani Green Energy Limited with respect to recent news item captioned Adani group gets provisional approvals for renewable energy projects in SL.  The response from the Company is awaited.,,,News Verification,00:00:02,17082022173221,17-Aug-2022 17:32:23,-,False,,,5078889,,INE364U01010,Adani Green Energy Limited,2022-08-17 17:32:21,ADANIGREEN
10-Aug-2022 23:32:24,,https://nsearchives.nseindia.com/corporate/ADANIGREEN_10082022233224_Letters.pdf,Adani Green Energy Limited has informed the Exchange about Transcript of Analysts/Institutional Investor Meet/Con. Call ,,,Transcript of Analysts/Institutional Investor Meet/Con. Call,00:00:02,10082022233224,10-Aug-2022 23:32:26,-,False,,,5075438,,INE364U01010,Adani Green Energy Limited,2022-08-10 23:32:24,ADANIGREEN
09-Aug-2022 11:09:06,,https://nsearchives.nseindia.com/corporate/ADANIGREEN_09082022110906_Letters.pdf,Adani Green Energy Limited has informed the Exchange about Schedule of Analysts/Institutional Investor Meet/Con. Call ,,,Schedule of Analysts/Institutional Investor Meet/Con. Call,00:00:03,09082022110906,09-Aug-2022 11:09:09,-,False,,,5073242,,INE364U01010,Adani Green Energy Limited,2022-08-09 11:09:06,ADANIGREEN
03-Aug-2022 19:45:50,,https://nsearchives.nseindia.com/corporate/ADANIGREEN_03082022194550_Letters.pdf,Adani Green Energy Limited has informed the Exchange about Recording of Analysts/Institutional Investor Meet/Con. Call,,,Recording of Analysts/Institutional Investor Meet/Con. Call,00:00:06,03082022194550,03-Aug-2022 19:45:56,-,False,,,5069977,,INE364U01010,Adani Green Energy Limited,2022-08-03 19:45:50,ADANIGREEN
02-Aug-2022 17:52:05,,https://nsearchives.nseindia.com/corporate/ADANIGREEN_02082022175204_Outcome.pdf,Adani Green Energy Limited  has informed the Exchange about Board Meeting held on 02-Aug-2022 to consider financial statements for the period ended June 2022,,,Outcome of Board Meeting,00:00:07,02082022175205,02-Aug-2022 17:52:12,-,False,,,5068903,,INE364U01010,Adani Green Energy Limited,2022-08-02 17:52:05,ADANIGREEN
30-Jul-2022 11:41:18,,https://nsearchives.nseindia.com/corporate/ADANIGREEN_30072022114118_Letters.pdf,Adani Green Energy Limited has informed the Exchange about Compliance Certificate for USD denominated senior secured notes,,,General updates,00:00:04,30072022114118,30-Jul-2022 11:41:22,-,False,,,5067110,,INE364U01010,Adani Green Energy Limited,2022-07-30 11:41:18,ADANIGREEN
27-Jul-2022 19:19:51,,https://nsearchives.nseindia.com/corporate/ADANIGREEN_27072022191951_Report.pdf,Adani Green Energy Limited has informed the Exchange about Voting results and  Scrutinizer report of Annual General Meeting held on 27-Jul-2022,,,Annual General Meeting,00:00:04,27072022191951,27-Jul-2022 19:19:55,-,False,,,5065356,,INE364U01010,Adani Green Energy Limited,2022-07-27 19:19:51,ADANIGREEN
27-Jul-2022 16:49:15,,https://nsearchives.nseindia.com/corporate/ADANIGREEN_27072022164915_Letter.pdf,Adani Green Energy Limited  has informed the Exchange about appointment of Ahlem Friga Noy as Nominee Director of the company w.e.f. 27-Jul-2022,,,Appointment,00:00:04,27072022164915,27-Jul-2022 16:49:19,-,False,,,5065120,,INE364U01010,Adani Green Energy Limited,2022-07-27 16:49:15,ADANIGREEN
27-Jul-2022 16:47:27,,https://nsearchives.nseindia.com/corporate/ADANIGREEN_27072022164727_Letter.pdf,Adani Green Energy Limited  has informed the Exchange about cessation of Jos�� Ignacio Sanz Saiz as Nominee Director of the company w.e.f. 27-Jul-2022,,,Cessation,00:00:03,27072022164727,27-Jul-2022 16:47:30,-,False,,,5065118,,INE364U01010,Adani Green Energy Limited,2022-07-27 16:47:27,ADANIGREEN
27-Jul-2022 16:31:15,,https://nsearchives.nseindia.com/corporate/ADANIGREEN_27072022163115_Letters.pdf,Adani Green Energy Limited has informed the Exchange about Schedule of Analysts/Institutional Investor Meet/Con. Call ,,,Schedule of Analysts/Institutional Investor Meet/Con. Call,00:00:05,27072022163115,27-Jul-2022 16:31:20,-,False,,,5065088,,INE364U01010,Adani Green Energy Limited,2022-07-27 16:31:15,ADANIGREEN
27-Jul-2022 14:33:57,,https://nsearchives.nseindia.com/corporate/ADANIGREEN_27072022143357_Outcome.pdf,Adani Green Energy Limited has informed the Exchange about  Proceedings of Annual General Meeting held on 27-Jul-2022,,,Annual General Meeting,00:00:03,27072022143357,27-Jul-2022 14:34:00,-,False,,,5064953,,INE364U01010,Adani Green Energy Limited,2022-07-27 14:33:57,ADANIGREEN
13-Jul-2022 08:35:09,,https://nsearchives.nseindia.com/corporate/ADANIGREEN_13072022083509_Letters.pdf,Adani Green Energy Limited has informed the Exchange about Provisional operational update: Q1 - FY23,,,General updates,00:00:04,13072022083509,13-Jul-2022 08:35:13,-,False,,,5058511,,INE364U01010,Adani Green Energy Limited,2022-07-13 08:35:09,ADANIGREEN
06-Jul-2022 18:16:06,,https://nsearchives.nseindia.com/corporate/ADANIGREEN_06072022181606_Letter.pdf,"Adani Green Energy Limited has informed the Exchange about Certificate under regulation 74(5) of the SEBI (Depositories and Participants) Regulation, 2018 for the quarter ended June 30, 2022",,,General updates,00:00:04,06072022181606,06-Jul-2022 18:16:10,-,False,,,5055968,,INE364U01010,Adani Green Energy Limited,2022-07-06 18:16:06,ADANIGREEN
06-Jul-2022 14:33:03,,https://nsearchives.nseindia.com/corporate/ADANIGREEN_06072022143303_Letters.pdf,Adani Green Energy Limited has informed the Exchange about Newspaper Advertisements,,,Newspaper Advertisements,00:00:10,06072022143303,06-Jul-2022 14:33:13,-,False,,,5055696,,INE364U01010,Adani Green Energy Limited,2022-07-06 14:33:03,ADANIGREEN
05-Jul-2022 00:08:03,,https://nsearchives.nseindia.com/corporate/ADANIGREEN_05072022000803_BookClosure.pdf,Adani Green Energy Limited has informed the Exchange that Register of Members & Share Transfer Books of the Company will remain closed from 20-Jul-2022 to 27-Jul-2022 for the purpose of Meeting.,,,Book Closure,00:00:07,05072022000803,05-Jul-2022 00:08:10,-,False,,,5055082,,INE364U01010,Adani Green Energy Limited,2022-07-05 00:08:03,ADANIGREEN
04-Jul-2022 23:48:45,,https://nsearchives.nseindia.com/corporate/ADANIGREEN_04072022234845_BookClosure.pdf,Adani Green Energy Limited has informed the Exchange that Register of Members & Share Transfer Books of the Company will remain closed from 20-Jul-2022 to 27-Jul-2022 for the purpose of Meeting.,,,Book Closure,00:00:04,04072022234845,04-Jul-2022 23:48:49,-,False,,,5055077,,INE364U01010,Adani Green Energy Limited,2022-07-04 23:48:45,ADANIGREEN
04-Jul-2022 23:42:30,,https://nsearchives.nseindia.com/corporate/ADANIGREEN_04072022234230_Notice2.pdf,Adani Green Energy Limited has informed the Exchange about Notice of Annual General Meeting to be held on 27-Jul-2022,,,Annual General Meeting,00:00:02,04072022234230,04-Jul-2022 23:42:32,-,False,,,5055076,,INE364U01010,Adani Green Energy Limited,2022-07-04 23:42:30,ADANIGREEN
29-Jun-2022 20:58:09,,https://nsearchives.nseindia.com/corporate/ADANIGREEN_29062022205809_Newspaper.pdf,Adani Green Energy Limited has informed the Exchange about Newspaper Advertisements,,,Newspaper Advertisements,00:00:03,29062022205809,29-Jun-2022 20:58:12,-,False,,,5052557,,INE364U01010,Adani Green Energy Limited,2022-06-29 20:58:09,ADANIGREEN
29-Jun-2022 20:47:18,,https://nsearchives.nseindia.com/corporate/ADANIGREEN_29062022204718_Letters.pdf,Adani Green Energy Limited has informed the Exchange about Closure of trading window,,,Closure of trading window,00:00:03,29062022204718,29-Jun-2022 20:47:21,-,False,,,5052555,,INE364U01010,Adani Green Energy Limited,2022-06-29 20:47:18,ADANIGREEN
23-Jun-2022 12:17:18,,https://nsearchives.nseindia.com/corporate/ADANIGREEN_23062022121718_Letters.pdf,Adani Green Energy Limited has informed the Exchange about presentation for the interaction with investors / external parties,,,Investor Presentation,06:01:07,23062022121718,23-Jun-2022 18:18:25,-,False,,,5049624,,INE364U01010,Adani Green Energy Limited,2022-06-23 12:17:18,ADANIGREEN
20-Jun-2022 17:02:50,,https://nsearchives.nseindia.com/corporate/ADANIGREEN_20062022170249_Discl_Reg31_ADANIGREEN_20062022.pdf,"Disclosure under Regulation 31 under SEBI (SAST) Regulations, 2011 has been submitted.",,,Disclosure under SEBI Takeover Regulations,00:00:12,20062022170250,20-Jun-2022 17:03:02,-,False,,,5048649,,INE364U01010,Adani Green Energy Limited,2022-06-20 17:02:50,ADANIGREEN
18-Jun-2022 21:54:35,,https://nsearchives.nseindia.com/corporate/ADANIGREEN_18062022215434_Discl_Reg31_ADANIGREEN_18062022.pdf,"Disclosure under Regulation 31 under SEBI (SAST) Regulations, 2011 has been submitted.",,,Disclosure under SEBI Takeover Regulations,00:00:13,18062022215435,18-Jun-2022 21:54:48,-,False,,,5047850,,INE364U01010,Adani Green Energy Limited,2022-06-18 21:54:35,ADANIGREEN
18-Jun-2022 21:53:52,,https://nsearchives.nseindia.com/corporate/ADANIGREEN_18062022215352_Discl_Reg31_ADANIGREEN_18062022.pdf,"Disclosure under Regulation 31 under SEBI (SAST) Regulations, 2011 has been submitted.",,,Disclosure under SEBI Takeover Regulations,00:00:19,18062022215352,18-Jun-2022 21:54:11,-,False,,,5047792,,INE364U01010,Adani Green Energy Limited,2022-06-18 21:53:52,ADANIGREEN
18-Jun-2022 21:50:59,,https://nsearchives.nseindia.com/corporate/ADANIGREEN_18062022215058_Discl_Reg31_ADANIGREEN_18062022.pdf,"Disclosure under Regulation 31 under SEBI (SAST) Regulations, 2011 has been submitted.",,,Disclosure under SEBI Takeover Regulations,00:00:10,18062022215059,18-Jun-2022 21:51:09,-,False,,,5047991,,INE364U01010,Adani Green Energy Limited,2022-06-18 21:50:59,ADANIGREEN
18-Jun-2022 21:50:44,,https://nsearchives.nseindia.com/corporate/ADANIGREEN_18062022215044_Discl_Reg31_ADANIGREEN_18062022.pdf,"Disclosure under Regulation 31 under SEBI (SAST) Regulations, 2011 has been submitted.",,,Disclosure under SEBI Takeover Regulations,00:00:09,18062022215044,18-Jun-2022 21:50:53,-,False,,,5047955,,INE364U01010,Adani Green Energy Limited,2022-06-18 21:50:44,ADANIGREEN
18-Jun-2022 21:47:24,,https://nsearchives.nseindia.com/corporate/ADANIGREEN_18062022214724_Discl_Reg31_ADANIGREEN_18062022.pdf,"Disclosure under Regulation 31 under SEBI (SAST) Regulations, 2011 has been submitted.",,,Disclosure under SEBI Takeover Regulations,00:00:11,18062022214724,18-Jun-2022 21:47:35,-,False,,,5047871,,INE364U01010,Adani Green Energy Limited,2022-06-18 21:47:24,ADANIGREEN
18-Jun-2022 21:44:59,,https://nsearchives.nseindia.com/corporate/ADANIGREEN_18062022214459_Discl_Reg31_ADANIGREEN_18062022.pdf,"Disclosure under Regulation 31 under SEBI (SAST) Regulations, 2011 has been submitted.",,,Disclosure under SEBI Takeover Regulations,00:00:08,18062022214459,18-Jun-2022 21:45:07,-,False,,,5048191,,INE364U01010,Adani Green Energy Limited,2022-06-18 21:44:59,ADANIGREEN
02-Jun-2022 20:27:47,,https://nsearchives.nseindia.com/corporate/ADANIGREEN_02062022202747_LettersRGII.pdf,"Adani Green Energy Limited has informed the Exchange about Compliance Certificate of RG II for the year ended March 31, 2022",,,General updates,00:00:04,02062022202747,02-Jun-2022 20:27:51,-,False,,,5042327,,INE364U01010,Adani Green Energy Limited,2022-06-02 20:27:47,ADANIGREEN
02-Jun-2022 20:23:11,,https://nsearchives.nseindia.com/corporate/ADANIGREEN_02062022202311_LettersRG1.pdf,"Adani Green Energy Limited has informed the Exchange about Compliance Certificate of RG 1 for the year ended March 31, 2022",,,General updates,00:00:03,02062022202311,02-Jun-2022 20:23:14,-,False,,,5042324,,INE364U01010,Adani Green Energy Limited,2022-06-02 20:23:11,ADANIGREEN
30-May-2022 13:24:31,,https://nsearchives.nseindia.com/corporate/ADANIGREEN_30052022132431_Letters.pdf,Adani Green Energy Limited has informed the Exchange about presentation for the interaction with investors / external parties,,,Schedule of Analysts/Institutional Investor Meet/Con. Call,00:00:12,30052022132431,30-May-2022 13:24:43,-,False,,,5039202,,INE364U01010,Adani Green Energy Limited,2022-05-30 13:24:31,ADANIGREEN
28-May-2022 10:43:50,,https://nsearchives.nseindia.com/corporate/ADANIGREEN_28052022104348_Letters.pdf,Adani Green Energy Limited has informed the Exchange about press release dated 28-May-2022 titled Adani Green switches on India���s first hybrid power plant,,,Press Release,00:00:04,28052022104350,28-May-2022 10:43:54,-,False,,,5038365,,INE364U01010,Adani Green Energy Limited,2022-05-28 10:43:50,ADANIGREEN
26-May-2022 15:58:42,,https://nsearchives.nseindia.com/corporate/ADANIGREEN_26052022155841_Letters.pdf,Adani Green Energy Limited has informed the Exchange about Schedule of Analysts/Institutional Investor Meet/Con. Call ,,,Schedule of Analysts/Institutional Investor Meet/Con. Call,00:00:05,26052022155842,26-May-2022 15:58:47,-,False,,,5036635,,INE364U01010,Adani Green Energy Limited,2022-05-26 15:58:42,ADANIGREEN
19-May-2022 16:49:21,,https://nsearchives.nseindia.com/corporate/ADANIGREEN_19052022164919_Letter.pdf,Adani Green Energy Limited has informed the Exchange about related party transaction for the period ended March 2022,,,Related Party Transaction,00:00:12,19052022164921,19-May-2022 16:49:33,-,False,,,5032171,,INE364U01010,Adani Green Energy Limited,2022-05-19 16:49:21,ADANIGREEN
17-May-2022 11:57:15,,https://nsearchives.nseindia.com/corporate/ADANIGREEN_17052022115712_Letters.pdf,"Adani Green Energy Limited has informed the Exchange about press release dated 17-May-2022 titled Adani Portfolio Companies complete INR 15,400 Cr primary equity transaction with IHC",,,Press Release,00:00:03,17052022115715,17-May-2022 11:57:18,-,False,,,5030565,,INE364U01010,Adani Green Energy Limited,2022-05-17 11:57:15,ADANIGREEN
12-May-2022 10:04:13,,https://nsearchives.nseindia.com/corporate/ADANIGREEN_12052022100409_AGELOutcomeofmeetingforallotmentofshares.pdf,Adani Green Energy Limited has informed the Exchange about Allotment of equity shares of face value of Rs. 10 to Green Energy Investment Holding RSG Limited on preferential issue basis,,,General updates,00:00:08,12052022100413,12-May-2022 10:04:21,-,False,,,5028289,,INE364U01010,Adani Green Energy Limited,2022-05-12 10:04:13,ADANIGREEN
05-May-2022 20:08:28,,https://nsearchives.nseindia.com/corporate/ADANIGREEN_05052022200827_Letters.pdf,Adani Green Energy Limited has informed the Exchange about Recording of Analysts/Institutional Investor Meet/Con. Call,,,Recording of Analysts/Institutional Investor Meet/Con. Call,00:00:03,05052022200828,05-May-2022 20:08:31,-,False,,,5025637,,INE364U01010,Adani Green Energy Limited,2022-05-05 20:08:28,ADANIGREEN
04-May-2022 13:37:45,,https://nsearchives.nseindia.com/corporate/Outcome_04052022133745.pdf,"Adani Green Energy Limited has submitted to the Exchange, the financial results for the period ended March 31, 2022.",,,Financial Result Updates,00:01:17,04052022133745,04-May-2022 13:39:02,-,False,,,148547,,INE364U01010,Adani Green Energy Limited,2022-05-04 13:37:45,ADANIGREEN
03-May-2022 19:02:42,,https://nsearchives.nseindia.com/corporate/ADANIGREEN_03052022190236_Outcome.pdf,Adani Green Energy Limited has informed the Exchange about Disclosure of other UPSI/material event,,,Disclosure of other UPSI/material event,00:00:02,03052022190242,03-May-2022 19:02:44,-,False,,,5024661,,INE364U01010,Adani Green Energy Limited,2022-05-03 19:02:42,ADANIGREEN
03-May-2022 18:54:00,,https://nsearchives.nseindia.com/corporate/ADANIGREEN_03052022185359_Outcome.pdf,Adani Green Energy Limited has informed the Exchange about  Scrutinizer report of Extra Ordinary General Meeting held on 03-May-2022,,,Extra Ordinary Meeting,00:00:04,03052022185400,03-May-2022 18:54:04,-,False,,,5024640,,INE364U01010,Adani Green Energy Limited,2022-05-03 18:54:00,ADANIGREEN
03-May-2022 15:59:30,,https://nsearchives.nseindia.com/corporate/ADANIGREEN_03052022155927_Reg30disclosureforexecutionofSSAAGEL.pdf,Adani Green Energy Limited has informed the Exchange about Execution Of A Share Subscription Agreement - Updated Intimation,,,Disclosure of other UPSI/material event,00:00:02,03052022155930,03-May-2022 15:59:32,-,False,,,5024550,,INE364U01010,Adani Green Energy Limited,2022-05-03 15:59:30,ADANIGREEN
03-May-2022 14:41:47,,https://nsearchives.nseindia.com/corporate/ADANIGREEN_03052022144140_Reg30disclosureforexecutionofSSAAGEL.pdf,Adani Green Energy Limited has informed the Exchange about Execution of a share subscription agreement,,,Disclosure of other UPSI/material event,00:00:03,03052022144147,03-May-2022 14:41:50,-,False,,,5024499,,INE364U01010,Adani Green Energy Limited,2022-05-03 14:41:47,ADANIGREEN
03-May-2022 13:35:47,,https://nsearchives.nseindia.com/corporate/ADANIGREEN_03052022133543_AGELProceedingsofEGM.pdf,Adani Green Energy Limited has informed the Exchange about  Proceedings of Extra Ordinary General Meeting held on 03-May-2022,,,Extra Ordinary Meeting,00:00:04,03052022133547,03-May-2022 13:35:51,-,False,,,5024464,,INE364U01010,Adani Green Energy Limited,2022-05-03 13:35:47,ADANIGREEN
29-Apr-2022 11:52:25,,https://nsearchives.nseindia.com/corporate/ADANIGREEN_29042022115223_Letters.pdf,Adani Green Energy Limited has informed the Exchange about Newspaper Advertisements,,,Newspaper Advertisements,00:00:05,29042022115225,29-Apr-2022 11:52:30,-,False,,,5023228,,INE364U01010,Adani Green Energy Limited,2022-04-29 11:52:25,ADANIGREEN
28-Apr-2022 19:47:56,,https://nsearchives.nseindia.com/corporate/ADANIGREEN_28042022194756_Letters.pdf,"Adani Green Energy Limited has informed the Exchange about Corrigendum to the Notice of the Extra Ordinary General Meeting scheduled to be held on May 03, 2022",,,Disclosure of other UPSI/material event,00:00:04,28042022194756,28-Apr-2022 19:48:00,-,False,,,5023125,,INE364U01010,Adani Green Energy Limited,2022-04-28 19:47:56,ADANIGREEN
15-Apr-2022 17:48:15,,https://nsearchives.nseindia.com/corporate/ADANIGREEN_15042022174813_Letters.pdf,Adani Green Energy Limited has informed the Exchange about presentation to be used for Scheduled Analysts/Institutional Investor Meet/Con. Call ,,,Schedule of Analysts/Institutional Investor Meet/Con. Call,00:00:03,15042022174815,15-Apr-2022 17:48:18,-,False,,,5019189,,INE364U01010,Adani Green Energy Limited,2022-04-15 17:48:15,ADANIGREEN
13-Apr-2022 12:05:25,,https://nsearchives.nseindia.com/corporate/ADANIGREEN_13042022120523_Letter.pdf,"Adani Green Energy Limited has informed the Exchange about Certificate under SEBI (Depositories and Participants) Regulations, 2018 for the quarter ended March 31, 2022",,,General updates,00:00:04,13042022120525,13-Apr-2022 12:05:29,-,False,,,5018368,,INE364U01010,Adani Green Energy Limited,2022-04-13 12:05:25,ADANIGREEN
12-Apr-2022 10:33:52,,https://nsearchives.nseindia.com/corporate/ADANIGREEN_12042022103350_Letters.pdf,Adani Green Energy Limited has informed the Exchange about Provisional operational update: Q4 - FY22,,,General updates,00:00:04,12042022103352,12-Apr-2022 10:33:56,-,False,,,5017889,,INE364U01010,Adani Green Energy Limited,2022-04-12 10:33:52,ADANIGREEN
11-Apr-2022 10:51:34,,https://nsearchives.nseindia.com/corporate/ADANIGREEN_11042022105133_Letters.pdf,Adani Green Energy Limited has informed the Exchange about Newspaper Advertisements,,,Newspaper Advertisements,00:00:22,11042022105134,11-Apr-2022 10:51:56,-,False,,,5017232,,INE364U01010,Adani Green Energy Limited,2022-04-11 10:51:34,ADANIGREEN
08-Apr-2022 16:07:05,,https://nsearchives.nseindia.com/corporate/ADANIGREEN_08042022160701_Intimation.pdf,Adani Green Energy Limited has informed the Exchange about Notice of Extra Ordinary General Meeting to be held on 03-May-2022,,,Extra Ordinary Meeting,00:00:03,08042022160705,08-Apr-2022 16:07:08,-,False,,,5016861,,INE364U01010,Adani Green Energy Limited,2022-04-08 16:07:05,ADANIGREEN
08-Apr-2022 11:46:26,,https://nsearchives.nseindia.com/corporate/ADANIGREEN_08042022114623_PR.pdf,Adani Green Energy Limited has informed the Exchange about press release dated 08-Apr-2022 titled International Holding Company to invest USD 2 billion in Adani Group���s green portfolio,,,Press Release,00:00:06,08042022114626,08-Apr-2022 11:46:32,-,False,,,5016667,,INE364U01010,Adani Green Energy Limited,2022-04-08 11:46:26,ADANIGREEN
08-Apr-2022 11:27:30,,https://nsearchives.nseindia.com/corporate/ADANIGREEN_08042022112727_Outcome.pdf,Adani Green Energy Limited  has informed the Exchange about Board Meeting held on 08-Apr-2022 to consider Fund raising,,,Outcome of Board Meeting,00:00:11,08042022112730,08-Apr-2022 11:27:41,-,False,,,5016651,,INE364U01010,Adani Green Energy Limited,2022-04-08 11:27:30,ADANIGREEN
05-Apr-2022 16:04:33,,https://nsearchives.nseindia.com/corporate/AN_O05042022160433.xlsx,Promoter/Promoter Group of Adani Green Energy Limited has submitted a disclosure under Regulation 31(4) of SEBI Takeover Regulations for the year ended 31-Mar-2022,,,Disclosure under SEBI Takeover Regulations,00:00:02,05042022160433,05-Apr-2022 16:04:35,-,False,,,200000835,,INE364U01010,Adani Green Energy Limited,2022-04-05 16:04:33,ADANIGREEN
31-Mar-2022 13:06:31,,https://nsearchives.nseindia.com/corporate/ADANIGREEN_31032022125724_Letter.pdf,Adani Green Energy Limited has informed the Exchange about Closure of trading window,,,Closure of trading window,00:00:40,31032022130631,31-Mar-2022 13:07:11,-,False,,,5013083,,INE364U01010,Adani Green Energy Limited,2022-03-31 13:06:31,ADANIGREEN
21-Mar-2022 09:20:31,,https://nsearchives.nseindia.com/corporate/ADANIGREEN_21032022092030_Letters.pdf,Adani Green Energy Limited has informed the Exchange about press release dated 21-Mar-2022 titled Adani Green raises USD 288 Mn Construction Facility; Increases the construction revolver pool to USD 1.64 Bn,,,Press Release,00:00:09,21032022092031,21-Mar-2022 09:20:40,-,False,,,5009065,,INE364U01010,Adani Green Energy Limited,2022-03-21 09:20:31,ADANIGREEN
19-Mar-2022 13:59:35,,https://nsearchives.nseindia.com/corporate/ADANIGREEN_19032022135933_Letters.pdf,Adani Green Energy Limited has informed the Exchange about Schedule of Analysts/Institutional Investor Meet/Con. Call ,,,Schedule of Analysts/Institutional Investor Meet/Con. Call,00:00:05,19032022135935,19-Mar-2022 13:59:40,-,False,,,5008937,,INE364U01010,Adani Green Energy Limited,2022-03-19 13:59:35,ADANIGREEN
17-Mar-2022 18:16:36,,https://nsearchives.nseindia.com/corporate/ADANIGREEN_17032022181634_Scan.pdf,Adani Green Energy Limited has informed the Exchange about Schedule of Analysts/Institutional Investor Meet/Con. Call ,,,Schedule of Analysts/Institutional Investor Meet/Con. Call,00:00:04,17032022181636,17-Mar-2022 18:16:40,-,False,,,5008738,,INE364U01010,Adani Green Energy Limited,2022-03-17 18:16:36,ADANIGREEN
04-Mar-2022 12:02:40,,https://nsearchives.nseindia.com/corporate/ADANIGREEN_04032022120210_Letter.pdf,Adani Green Energy Limited has informed the Exchange about Schedule of Analysts/Institutional Investor Meet/Con. Call ,,,Schedule of Analysts/Institutional Investor Meet/Con. Call,00:00:04,04032022120240,04-Mar-2022 12:02:44,-,False,,,5005162,,INE364U01010,Adani Green Energy Limited,2022-03-04 12:02:40,ADANIGREEN
02-Mar-2022 10:35:24,,https://nsearchives.nseindia.com/corporate/ADANIGREEN_02032022101146_Letter.pdf,"Adani Green Energy Limited has informed the Exchange about Intimation under Regulation 30 of the SEBI (Listing Obligations and Disclosures Requirements) Regulations, 2015 - Letter of Award",,,Disclosure of other UPSI/material event,00:00:11,02032022103524,02-Mar-2022 10:35:35,-,False,,,5004196,,INE364U01010,Adani Green Energy Limited,2022-03-02 10:35:24,ADANIGREEN
09-Feb-2022 18:02:07,,https://nsearchives.nseindia.com/corporate/ADANIGREEN_09022022180207_Letters.pdf,Adani Green Energy Limited has informed the Exchange about Schedule of meet,,,Analysts/Institutional Investor Meet/Con. Call Updates,00:00:10,09022022180207,09-Feb-2022 18:02:17,-,False,,,105235017,,INE364U01010,Adani Green Energy Limited,2022-02-09 18:02:07,ADANIGREEN
07-Feb-2022 13:46:39,,https://nsearchives.nseindia.com/corporate/ADANIGREEN_07022022134639_Letters.pdf,"Adani Green Energy Limited has informed the Exchange regarding a press release dated February 07, 2022, titled ""Adani Green first in India to achieve GRI South Asia charter member status"".",,,Press Release,00:00:12,07022022134639,07-Feb-2022 13:46:51,-,False,,,105231857,,INE364U01010,Adani Green Energy Limited,2022-02-07 13:46:39,ADANIGREEN
07-Feb-2022 12:21:13,,https://nsearchives.nseindia.com/corporate/ADANIGREEN_07022022122113_Letters.pdf,Adani Green Energy Limited has informed the Exchange about Schedule of meet and Presentation,,,Analysts/Institutional Investor Meet/Con. Call Updates,00:00:15,07022022122113,07-Feb-2022 12:21:28,-,False,,,105231751,,INE364U01010,Adani Green Energy Limited,2022-02-07 12:21:13,ADANIGREEN
04-Feb-2022 13:15:05,,https://nsearchives.nseindia.com/corporate/ADANIGREEN_04022022131505_Letters.pdf,"Adani Green Energy Limited has informed the Exchange regarding a press release dated February 04, 2022, titled ""Adani Green Energy raises Rs 612.30 Cr for debt refinancing"".",,,Press Release,00:00:03,04022022131505,04-Feb-2022 13:15:08,-,False,,,105229637,,INE364U01010,Adani Green Energy Limited,2022-02-04 13:15:05,ADANIGREEN
02-Feb-2022 14:52:24,,https://nsearchives.nseindia.com/corporate/Outcome_02022022145224.pdf,"Adani Green Energy Limited has submitted to the Exchange, the financial results for the period ended December 31, 2021.",,,Financial Result Updates,00:01:46,02022022145224,02-Feb-2022 14:54:10,-,False,,,146998,,INE364U01010,Adani Green Energy Limited,2022-02-02 14:52:24,ADANIGREEN
27-Jan-2022 10:30:44,,https://nsearchives.nseindia.com/corporate/ADANIGREEN_27012022103044_Letters.pdf,Adani Green Energy Limited has informed the Exchange about Schedule of meet,,,Analysts/Institutional Investor Meet/Con. Call Updates,00:00:14,27012022103044,27-Jan-2022 10:30:58,-,False,,,105219369,,INE364U01010,Adani Green Energy Limited,2022-01-27 10:30:44,ADANIGREEN
11-Jan-2022 12:09:54,,https://nsearchives.nseindia.com/corporate/ADANIGREEN_11012022120954_Letters.pdf,Adani Green Energy Limited has informed the Exchange regarding 'Provisional operational update: Q3 - FY22'.,,,Updates,00:16:59,11012022120954,11-Jan-2022 12:26:53,-,False,,,105202548,,INE364U01010,Adani Green Energy Limited,2022-01-11 12:09:54,ADANIGREEN
04-Jan-2022 19:57:26,,https://nsearchives.nseindia.com/corporate/ADANIGREEN_04012022195726_Letter.pdf,"Adani Green Energy Limited has informed the Exchange about Certificate under SEBI (Depositories and Participants) Regulations, 2018",,,"Certificate under SEBI (Depositories and Participants) Regulations, 2018",00:00:04,04012022195726,04-Jan-2022 19:57:30,-,False,,,105195148,,INE364U01010,Adani Green Energy Limited,2022-01-04 19:57:26,ADANIGREEN
30-Dec-2021 10:41:07,,https://nsearchives.nseindia.com/corporate/ADANIGREEN_30122021104107_Letters.pdf,"Adani Green Energy Limited has informed the Exchange regarding the Trading Window closure pursuant to SEBI (Prohibition of Insider Trading) Regulations, 2015",,,Trading Window,00:00:06,30122021104107,30-Dec-2021 10:41:13,-,False,,,105189446,,INE364U01010,Adani Green Energy Limited,2021-12-30 10:41:07,ADANIGREEN
27-Dec-2021 11:18:15,,https://nsearchives.nseindia.com/corporate/ADANIGREEN_27122021111815_Letters.pdf,"Adani Green Energy Limited has informed the Exchange regarding a press release dated December 27, 2021, titled ""Adani Green wins Global Sponsor of the Year award"".",,,Press Release,00:00:06,27122021111815,27-Dec-2021 11:18:21,-,False,,,105185347,,INE364U01010,Adani Green Energy Limited,2021-12-27 11:18:15,ADANIGREEN
16-Dec-2021 18:22:50,,https://nsearchives.nseindia.com/corporate/ADANIGREEN_16122021182250_Letters.pdf,Adani Green Energy Limited has informed the Exchange about Presentation,,,Analysts/Institutional Investor Meet/Con. Call Updates,00:00:04,16122021182250,16-Dec-2021 18:22:54,-,False,,,105175926,,INE364U01010,Adani Green Energy Limited,2021-12-16 18:22:50,ADANIGREEN
14-Dec-2021 09:09:26,,https://nsearchives.nseindia.com/corporate/ADANIGREEN_14122021090926_Letters.pdf,"Adani Green Energy Limited has informed the Exchange regarding a press release dated December 14, 2021, titled ""Adani Signs World s Largest Green PPA with SECI; Adani Green Energy to Supply 4,667 MW"".",,,Press Release,00:00:06,14122021090926,14-Dec-2021 09:09:32,-,False,,,105172529,,INE364U01010,Adani Green Energy Limited,2021-12-14 09:09:26,ADANIGREEN
13-Dec-2021 13:46:52,,https://nsearchives.nseindia.com/corporate/ADANIGREEN_13122021134652_Letters.pdf,Adani Green Energy Limited has informed the Exchange about Schedule of meet,,,Analysts/Institutional Investor Meet/Con. Call Updates,00:00:04,13122021134652,13-Dec-2021 13:46:56,-,False,,,105171630,,INE364U01010,Adani Green Energy Limited,2021-12-13 13:46:52,ADANIGREEN
02-Dec-2021 20:04:40,,https://nsearchives.nseindia.com/corporate/ADANIGREEN_02122021200440_Letters.pdf,Adani Green Energy Limited has informed the Exchange about Schedule of meet,,,Analysts/Institutional Investor Meet/Con. Call Updates,00:00:05,02122021200440,02-Dec-2021 20:04:45,-,False,,,105161977,,INE364U01010,Adani Green Energy Limited,2021-12-02 20:04:40,ADANIGREEN
30-Nov-2021 16:27:50,,https://nsearchives.nseindia.com/corporate/ADANIGREEN_30112021162750_Letters.pdf,Adani Green Energy Limited has informed the Exchange about Schedule of meet and Presentation,,,Analysts/Institutional Investor Meet/Con. Call Updates,00:00:06,30112021162750,30-Nov-2021 16:27:56,-,False,,,105158993,,INE364U01010,Adani Green Energy Limited,2021-11-30 16:27:50,ADANIGREEN
18-Nov-2021 20:55:50,,https://nsearchives.nseindia.com/corporate/ADANIGREEN_18112021205550_RGII.pdf,"Adani Green Energy Limited has informed the Exchange regarding 'Compliance Certificate of RG II for the half year ended September 30, 2021'.",,,Updates,00:00:04,18112021205550,18-Nov-2021 20:55:54,-,False,,,105148702,,INE364U01010,Adani Green Energy Limited,2021-11-18 20:55:50,ADANIGREEN
18-Nov-2021 20:51:37,,https://nsearchives.nseindia.com/corporate/ADANIGREEN_18112021205137_RGI.pdf,"Adani Green Energy Limited has informed the Exchange regarding 'Compliance Certificate of RG I for the half year ended September 30, 2021'.",,,Updates,00:00:05,18112021205137,18-Nov-2021 20:51:42,-,False,,,105148700,,INE364U01010,Adani Green Energy Limited,2021-11-18 20:51:37,ADANIGREEN
17-Nov-2021 14:49:45,,https://nsearchives.nseindia.com/corporate/ADANIGREEN_17112021144945_Letters.pdf,"Adani Green Energy Limited has informed the Exchange regarding a press release dated November 17, 2021, titled ""Adani Green Energy ramps up its ESG score; Scores 66 in S&P Global Corporate Sustainability Assessment ahead of global average of 38"".",,,Press Release,00:00:03,17112021144945,17-Nov-2021 14:49:48,-,False,,,105147082,,INE364U01010,Adani Green Energy Limited,2021-11-17 14:49:45,ADANIGREEN
12-Nov-2021 13:49:11,,https://nsearchives.nseindia.com/corporate/ADANIGREEN_12112021134911_Letters.pdf,Adani Green Energy Limited has informed the Exchange about Presentation,,,Analysts/Institutional Investor Meet/Con. Call Updates,00:00:09,12112021134911,12-Nov-2021 13:49:20,-,False,,,105141113,,INE364U01010,Adani Green Energy Limited,2021-11-12 13:49:11,ADANIGREEN
09-Nov-2021 18:37:08,,https://nsearchives.nseindia.com/corporate/ADANIGREEN_09112021183708_Letters.pdf,"Adani Green Energy Limited has informed the Exchange regarding a press release dated November 09, 2021, titled ""Adani companies AGEL & ATLdeclare Energy Compact Goals as part of COP26"".",,,Press Release,00:00:07,09112021183708,09-Nov-2021 18:37:15,-,False,,,105136356,,INE364U01010,Adani Green Energy Limited,2021-11-09 18:37:08,ADANIGREEN
08-Nov-2021 19:43:04,,https://nsearchives.nseindia.com/corporate/ADANIGREEN_08112021194304_Letters.pdf,Adani Green Energy Limited has informed the Exchange about Schedule of meet,,,Analysts/Institutional Investor Meet/Con. Call Updates,00:00:05,08112021194304,08-Nov-2021 19:43:09,-,False,,,105134778,,INE364U01010,Adani Green Energy Limited,2021-11-08 19:43:04,ADANIGREEN
28-Oct-2021 17:51:16,,https://nsearchives.nseindia.com/corporate/ADANIGREEN_28102021175115_Letters1.pdf,Adani Green Energy Limited has informed the Exchange about Schedule of meet and Presentation,,,Analysts/Institutional Investor Meet/Con. Call Updates,00:00:07,28102021175116,28-Oct-2021 17:51:23,-,False,,,105124751,,INE364U01010,Adani Green Energy Limited,2021-10-28 17:51:16,ADANIGREEN
28-Oct-2021 14:16:54,,https://nsearchives.nseindia.com/corporate/155_28102021141654.pdf,"Adani Green Energy Limited has submitted to the Exchange, the financial results for the period ended September 30, 2021.",,,Financial Result Updates,00:01:16,28102021141654,28-Oct-2021 14:18:10,-,False,,,144896,,INE364U01010,Adani Green Energy Limited,2021-10-28 14:16:54,ADANIGREEN
25-Oct-2021 17:42:51,,https://nsearchives.nseindia.com/corporate/ADANIGREEN_25102021174251_Letters.pdf,Adani Green Energy Limited has informed the Exchange about Schedule of meet,,,Analysts/Institutional Investor Meet/Con. Call Updates,00:00:05,25102021174251,25-Oct-2021 17:42:56,-,False,,,105119991,,INE364U01010,Adani Green Energy Limited,2021-10-25 17:42:51,ADANIGREEN
22-Oct-2021 10:33:16,,https://nsearchives.nseindia.com/corporate/ADANIGREEN_22102021103316_Letters.pdf,Adani Green Energy Limited has informed the Exchange regarding 'Letter of Award (LOA) from SECI to set-up 450 MW Wind Power Project'.,,,Updates,00:00:04,22102021103316,22-Oct-2021 10:33:20,-,False,,,105117314,,INE364U01010,Adani Green Energy Limited,2021-10-22 10:33:16,ADANIGREEN
11-Oct-2021 17:21:45,,https://nsearchives.nseindia.com/corporate/ADANIGREEN_11102021172145_Letters.pdf,Adani Green Energy Limited has informed the Exchange regarding 'Provisional operational update: Q2 - FY22'.,,,Updates,00:00:05,11102021172145,11-Oct-2021 17:21:50,-,False,,,105105922,,INE364U01010,Adani Green Energy Limited,2021-10-11 17:21:45,ADANIGREEN
07-Oct-2021 10:21:55,,https://nsearchives.nseindia.com/corporate/ADANIGREEN_07102021102155_Letter.pdf,"Adani Green Energy Limited has informed the Exchange about Certificate under SEBI (Depositories and Participants) Regulations, 2018",,,"Certificate under SEBI (Depositories and Participants) Regulations, 2018",00:00:18,07102021102155,07-Oct-2021 10:22:13,-,False,,,105101455,,INE364U01010,Adani Green Energy Limited,2021-10-07 10:21:55,ADANIGREEN
04-Oct-2021 09:21:25,,https://nsearchives.nseindia.com/corporate/ADANIGREEN_04102021092125_Letters.pdf,"Adani Green Energy Limited has informed the Exchange regarding a revised press release dated October 04, 2021, titled ""Adani Green Energy closes India s largest renewables M&A deal for USD 3.5 Billion; a 46% increase in operational capacity"".",,,Press Release (Revised),00:00:04,04102021092125,04-Oct-2021 09:21:29,-,False,,,105096982,,INE364U01010,Adani Green Energy Limited,2021-10-04 09:21:25,ADANIGREEN
04-Oct-2021 09:01:39,,https://nsearchives.nseindia.com/corporate/ADANIGREEN_04102021090139_Letters.pdf,"Adani Green Energy Limited has informed the Exchange regarding a press release dated October 04, 2021, titled ""Adani Green Energy closes India s largest renewables M&A deal for USD 3.5 Billion; a 46% increase in operational capacity"".",,,Press Release,00:00:04,04102021090139,04-Oct-2021 09:01:43,-,False,,,105096977,,INE364U01010,Adani Green Energy Limited,2021-10-04 09:01:39,ADANIGREEN
30-Sep-2021 19:57:03,,https://nsearchives.nseindia.com/corporate/ADANIGREEN_30092021195703_Letters.pdf,Adani Green Energy Limited has informed the Exchange about Analysts/Institutional Investor Meet/Con. Call Updates,,,Analysts/Institutional Investor Meet/Con. Call Updates,00:00:10,30092021195703,30-Sep-2021 19:57:13,-,False,,,105094039,,INE364U01010,Adani Green Energy Limited,2021-09-30 19:57:03,ADANIGREEN
30-Sep-2021 18:58:20,,https://nsearchives.nseindia.com/corporate/ADANIGREEN_30092021185820_Letters.pdf,Adani Green Energy Limited has informed the Exchange regarding 'Completion Of Acquisition Of Vento Energy Infra Private Limited'.,,,Updates,00:00:06,30092021185820,30-Sep-2021 18:58:26,-,False,,,105093930,,INE364U01010,Adani Green Energy Limited,2021-09-30 18:58:20,ADANIGREEN
30-Sep-2021 09:50:26,,https://nsearchives.nseindia.com/corporate/ADANIGREEN_30092021095026_Letters.pdf,"Adani Green Energy Limited has informed the Exchange regarding the Trading Window closure pursuant to SEBI (Prohibition of Insider Trading) Regulations, 2015",,,Trading Window,00:00:05,30092021095026,30-Sep-2021 09:50:31,-,False,,,105091997,,INE364U01010,Adani Green Energy Limited,2021-09-30 09:50:26,ADANIGREEN
30-Sep-2021 08:57:16,,https://nsearchives.nseindia.com/corporate/ADANIGREEN_30092021085716_PRLetter.pdf,"Adani Green Energy Limited has informed the Exchange regarding a press release dated September 30, 2021, titled ""Adani Green Energy to acquire 40 MW operational Solar Asset in Odisha"".",,,Press Release,00:00:06,30092021085716,30-Sep-2021 08:57:22,-,False,,,105091966,,INE364U01010,Adani Green Energy Limited,2021-09-30 08:57:16,ADANIGREEN
30-Sep-2021 08:54:13,,https://nsearchives.nseindia.com/corporate/ADANIGREEN_30092021085413_Letters.pdf,Adani Green Energy Limited has informed the Exchange regarding 'Securities Purchase Agreement to acquire 40 MW Operational Solar asset in Odisha'.,,,Updates,00:00:03,30092021085413,30-Sep-2021 08:54:16,-,False,,,105091965,,INE364U01010,Adani Green Energy Limited,2021-09-30 08:54:13,ADANIGREEN
28-Sep-2021 20:02:37,,https://nsearchives.nseindia.com/corporate/ADANIGREEN_28092021200237_Letters.pdf,Adani Green Energy Limited has informed the Exchange about Analysts/Institutional Investor Meet/Con. Call Updates,,,Analysts/Institutional Investor Meet/Con. Call Updates,00:00:06,28092021200237,28-Sep-2021 20:02:43,-,False,,,105088847,,INE364U01010,Adani Green Energy Limited,2021-09-28 20:02:37,ADANIGREEN
22-Sep-2021 11:41:31,,https://nsearchives.nseindia.com/corporate/ADANIGREEN_22092021114131_Intimation.pdf,Adani Green Energy Limited has informed the Exchange regarding 'Confirmation with respect to appointment of Director'.,,,Updates,00:00:04,22092021114131,22-Sep-2021 11:41:35,-,False,,,105081981,,INE364U01010,Adani Green Energy Limited,2021-09-22 11:41:31,ADANIGREEN
21-Sep-2021 13:21:18,,https://nsearchives.nseindia.com/corporate/ADANIGREEN_21092021132118_Letters.pdf,Adani Green Energy Limited has informed the Exchange about Analysts/Institutional Investor Meet/Con. Call Updates,,,Analysts/Institutional Investor Meet/Con. Call Updates,00:00:06,21092021132118,21-Sep-2021 13:21:24,-,False,,,105080379,,INE364U01010,Adani Green Energy Limited,2021-09-21 13:21:18,ADANIGREEN
20-Sep-2021 10:33:03,,https://nsearchives.nseindia.com/corporate/ADANIGREEN_20092021103303_AGELIntimation.pdf,Adani Green Energy Limited has informed the Exchange regarding Change in Director(s) of the company.,,,Change in Director(s),00:00:05,20092021103303,20-Sep-2021 10:33:08,-,False,,,105078408,,INE364U01010,Adani Green Energy Limited,2021-09-20 10:33:03,ADANIGREEN
08-Sep-2021 19:32:57,,https://nsearchives.nseindia.com/corporate/ADANIGREEN_08092021193257_Letters.pdf,Adani Green Energy Limited has informed the Exchange regarding 'The Company has raised US$ 750million by allotment of USD denominated senior secured notes'.,,,Updates,00:00:05,08092021193257,08-Sep-2021 19:33:02,-,False,,,105067454,,INE364U01010,Adani Green Energy Limited,2021-09-08 19:32:57,ADANIGREEN
08-Sep-2021 10:11:38,,https://nsearchives.nseindia.com/corporate/ADANIGREEN_08092021101138_Letters.pdf,Adani Green Energy Limited has informed the Exchange about Investor Presentation,,,Investor Presentation,00:00:05,08092021101138,08-Sep-2021 10:11:43,-,False,,,105066635,,INE364U01010,Adani Green Energy Limited,2021-09-08 10:11:38,ADANIGREEN
06-Sep-2021 10:06:05,,https://nsearchives.nseindia.com/corporate/ADANIGREEN_06092021100605_Letters.pdf,Adani Green Energy Limited has informed the Exchange about Investor Presentation,,,Investor Presentation,00:00:09,06092021100605,06-Sep-2021 10:06:14,-,False,,,105062864,,INE364U01010,Adani Green Energy Limited,2021-09-06 10:06:05,ADANIGREEN
04-Sep-2021 16:15:16,,https://nsearchives.nseindia.com/corporate/ADANIGREEN_04092021161516_Letters.pdf,Adani Green Energy Limited has informed the Exchange about Analysts/Institutional Investor Meet/Con. Call Updates,,,Analysts/Institutional Investor Meet/Con. Call Updates,00:00:06,04092021161516,04-Sep-2021 16:15:22,-,False,,,105062218,,INE364U01010,Adani Green Energy Limited,2021-09-04 16:15:16,ADANIGREEN
02-Sep-2021 12:47:06,,https://nsearchives.nseindia.com/corporate/ADANIGREEN_02092021124706_PR.pdf,"Adani Green Energy Limited has informed the Exchange regarding a press release dated September 02, 2021, titled ""Adani Green Energy Continues to Ramp Up Focus On ESG: Raises USD 750 Mn to fully fund equity needs for its under construction pipeline"".",,,Press Release,00:00:24,02092021124706,02-Sep-2021 12:47:30,-,False,,,105059373,,INE364U01010,Adani Green Energy Limited,2021-09-02 12:47:06,ADANIGREEN
02-Sep-2021 12:44:54,,https://nsearchives.nseindia.com/corporate/ADANIGREEN_02092021124454_Letters.pdf,Adani Green Energy Limited has informed the Exchange regarding 'issuance of USD denominated senior secured notes aggregating to US$ 750 million'.,,,Updates,00:00:05,02092021124454,02-Sep-2021 12:44:59,-,False,,,105059371,,INE364U01010,Adani Green Energy Limited,2021-09-02 12:44:54,ADANIGREEN
27-Aug-2021 12:24:48,,https://nsearchives.nseindia.com/corporate/ADANIGREEN_27082021122448_Letters.pdf,Adani Green Energy Limited has informed the Exchange about Credit Rating,,,Credit Rating,00:00:04,27082021122448,27-Aug-2021 12:24:52,-,False,,,105052129,,INE364U01010,Adani Green Energy Limited,2021-08-27 12:24:48,ADANIGREEN
27-Aug-2021 06:50:38,,https://nsearchives.nseindia.com/corporate/ADANIGREEN_27082021065038_Letters.pdf,"Adani Green Energy Limited has informed the Exchange regarding 'Outcome of Management Committee Meeting held on August 27, 2021'.",,,Updates,00:00:04,27082021065038,27-Aug-2021 06:50:42,-,False,,,105051457,,INE364U01010,Adani Green Energy Limited,2021-08-27 06:50:38,ADANIGREEN
26-Aug-2021 21:54:35,,https://nsearchives.nseindia.com/corporate/ADANIGREEN_26082021215435_Letters.pdf,Adani Green Energy Limited has informed the Exchange regarding 'Clarification With Respect To Rating Actions For RG1 And RG 2 Issuance'.,,,Updates,00:00:06,26082021215435,26-Aug-2021 21:54:41,-,False,,,105050836,,INE364U01010,Adani Green Energy Limited,2021-08-26 21:54:35,ADANIGREEN
26-Aug-2021 18:00:15,,https://nsearchives.nseindia.com/corporate/ADANIGREEN_26082021180015_Letters.pdf,"Adani Green Energy Limited has informed the Exchange regarding 'Outcome of Management Committee Meeting Held On August 26, 2021'.",,,Updates,00:00:04,26082021180015,26-Aug-2021 18:00:19,-,False,,,105050695,,INE364U01010,Adani Green Energy Limited,2021-08-26 18:00:15,ADANIGREEN
23-Aug-2021 21:03:12,,https://nsearchives.nseindia.com/corporate/ADANIGREEN_23082021210312_Letters.pdf,"Adani Green Energy Limited has informed the Exchange regarding 'Intimation of Meeting to be held on August 26, 2021 to consider raising funds or borrow monies'.",,,Updates,00:00:05,23082021210312,23-Aug-2021 21:03:17,-,False,,,105045802,,INE364U01010,Adani Green Energy Limited,2021-08-23 21:03:12,ADANIGREEN
23-Aug-2021 15:19:58,,https://nsearchives.nseindia.com/corporate/ADANIGREEN_23082021151958_Letters.pdf,Adani Green Energy Limited has informed the Exchange about Analysts/Institutional Investor Meet/Con. Call Updates,,,Analysts/Institutional Investor Meet/Con. Call Updates,00:00:18,23082021151958,23-Aug-2021 15:20:16,-,False,,,105045591,,INE364U01010,Adani Green Energy Limited,2021-08-23 15:19:58,ADANIGREEN
18-Aug-2021 13:29:48,,https://nsearchives.nseindia.com/corporate/ADANIGREEN_18082021132948_Letters.pdf,Adani Green Energy Limited has informed the Exchange about Analysts/Institutional Investor Meet/Con. Call Updates,,,Analysts/Institutional Investor Meet/Con. Call Updates,00:00:04,18082021132948,18-Aug-2021 13:29:52,-,False,,,105041489,,INE364U01010,Adani Green Energy Limited,2021-08-18 13:29:48,ADANIGREEN
06-Aug-2021 17:43:40,,https://nsearchives.nseindia.com/corporate/ADANIGREEN_06082021174340_Letters.pdf,Adani Green Energy Limited has informed the Exchange about Analysts/Institutional Investor Meet/Con. Call Updates,,,Analysts/Institutional Investor Meet/Con. Call Updates,00:00:04,06082021174340,06-Aug-2021 17:43:44,-,False,,,105025902,,INE364U01010,Adani Green Energy Limited,2021-08-06 17:43:40,ADANIGREEN
04-Aug-2021 13:46:43,,https://nsearchives.nseindia.com/corporate/Outcome_04082021134643.pdf,"Adani Green Energy Limited has submitted to the Exchange, the financial results for the period ended June 30, 2021.",,,Financial Result Updates,00:01:27,04082021134643,04-Aug-2021 13:48:10,-,False,,,143251,,INE364U01010,Adani Green Energy Limited,2021-08-04 13:46:43,ADANIGREEN
29-Jul-2021 17:14:35,,https://nsearchives.nseindia.com/corporate/ADANIGREEN_29072021171435_Letters.pdf,Adani Green Energy Limited has informed the Exchange about Analysts/Institutional Investor Meet/Con. Call Updates,,,Analysts/Institutional Investor Meet/Con. Call Updates,00:00:06,29072021171435,29-Jul-2021 17:14:41,-,False,,,105013469,,INE364U01010,Adani Green Energy Limited,2021-07-29 17:14:35,ADANIGREEN
14-Jul-2021 12:28:48,,https://nsearchives.nseindia.com/corporate/ADANIGREEN_14072021122848_Results.pdf,"Adani Green Energy Limited has informed the Exchange regarding 'Regulation 44(3) of the SEBI (Listing Obligations and Disclosure Requirements) Regulations, 2015 - Details of voting results of the 6th Annual General Meeting of the Company'.",,,Updates,00:00:07,14072021122848,14-Jul-2021 12:28:55,-,False,,,104993873,,INE364U01010,Adani Green Energy Limited,2021-07-14 12:28:48,ADANIGREEN
14-Jul-2021 12:26:42,,https://nsearchives.nseindia.com/corporate/ADANIGREEN_14072021122642_Results.pdf,"Adani Green Energy Limited has submitted the Exchange a copy Srutinizers report of  Annual General Meeting held on July 13, 2021",,,Shareholders meeting,00:00:10,14072021122642,14-Jul-2021 12:26:52,-,False,,,104993871,,INE364U01010,Adani Green Energy Limited,2021-07-14 12:26:42,ADANIGREEN
13-Jul-2021 13:33:49,,https://nsearchives.nseindia.com/corporate/ADANIGREEN_13072021133349_Outcome.pdf,"Adani Green Energy Limited has informed the Exchange regarding Proceedings of Annual General Meeting held on July 13, 2021",,,Shareholders meeting,00:00:06,13072021133349,13-Jul-2021 13:33:55,-,False,,,104992086,,INE364U01010,Adani Green Energy Limited,2021-07-13 13:33:49,ADANIGREEN
12-Jul-2021 13:56:02,,https://nsearchives.nseindia.com/corporate/ADANIGREEN_12072021135602_Letters.pdf,Adani Green Energy Limited has informed the Exchange regarding 'Provisional operational update: Q1 - FY22'.,,,Updates,00:00:14,12072021135602,12-Jul-2021 13:56:16,-,False,,,104989978,,INE364U01010,Adani Green Energy Limited,2021-07-12 13:56:02,ADANIGREEN
08-Jul-2021 13:42:39,,https://nsearchives.nseindia.com/corporate/ADANIGREEN_08072021134239_CoveringLetter.pdf,"Adani Green Energy Limited has informed the Exchange about Certificate under SEBI (Depositories and Participants) Regulations, 2018",,,"Certificate under SEBI (Depositories and Participants) Regulations, 2018",00:00:04,08072021134239,08-Jul-2021 13:42:43,-,False,,,104986492,,INE364U01010,Adani Green Energy Limited,2021-07-08 13:42:39,ADANIGREEN
30-Jun-2021 13:33:54,,https://nsearchives.nseindia.com/corporate/ADANIGREEN_30062021133354_Letter.pdf,"Adani Green Energy Limited has informed the Exchange regarding the Trading Window closure pursuant to SEBI (Prohibition of Insider Trading) Regulations, 2015",,,Trading Window,00:00:05,30062021133354,30-Jun-2021 13:33:59,-,False,,,104974807,,INE364U01010,Adani Green Energy Limited,2021-06-30 13:33:54,ADANIGREEN
23-Jun-2021 11:39:43,,https://nsearchives.nseindia.com/corporate/ADANIGREEN_23062021113943_Letters.pdf,Adani Green Energy Limited has informed the Exchange about Copy of Newspaper Publication,,,Copy of Newspaper Publication,00:00:08,23062021113943,23-Jun-2021 11:39:51,-,False,,,104963803,,INE364U01010,Adani Green Energy Limited,2021-06-23 11:39:43,ADANIGREEN
21-Jun-2021 19:59:11,,https://nsearchives.nseindia.com/corporate/ADANIGREEN_21062021195911_LettersBCL.pdf,Adani Green Energy Limited has informed the Exchange that Register of Members & Share Transfer Books of the Company will remain closed from 06-Jul-2021 to 13-Jul-2021 for the purpose of Meeting.,,,Book Closure,00:00:05,21062021195911,21-Jun-2021 19:59:16,-,False,,,104960325,,INE364U01010,Adani Green Energy Limited,2021-06-21 19:59:11,ADANIGREEN
21-Jun-2021 19:53:40,,https://nsearchives.nseindia.com/corporate/ADANIGREEN_21062021195340_Letters.pdf,"Adani Green Energy Limited has informed the Exchange regarding Notice of Annual General Meeting to be held on July 13, 2021",,,Shareholders meeting,00:00:07,21062021195340,21-Jun-2021 19:53:47,-,False,,,104960322,,INE364U01010,Adani Green Energy Limited,2021-06-21 19:53:40,ADANIGREEN
20-Jun-2021 15:42:03,,https://nsearchives.nseindia.com/corporate/ADANIGREEN_20062021154203_Letters.pdf,Adani Green Energy Limited has informed the Exchange regarding 'Newspaper Advertisement - 6th Annual General Meeting through Video Conferencing ('VC') / Other Audio Visual Means ('OAVM') facility'.,,,Updates,00:00:05,20062021154203,20-Jun-2021 15:42:08,-,False,,,104958804,,INE364U01010,Adani Green Energy Limited,2021-06-20 15:42:03,ADANIGREEN
15-Jun-2021 07:43:00,,-,"This has reference to the Clarification issued by the company on a news article published in Economic Times headlined as - A/c's of 3 FPl's Owning Adani Shares Frozen. In this regard, all the market participants are requested to note the clarification issued by NSDL to Adani Group wherein Adani Group had sought clarification from NSDL with respect to 3 demat account numbers of the FPIs in which the shares of Adani Group were held. "" This has reference to your email dated June 14, 2021. We wish to inform you that the status of the Demat account of your shareholders may be verified from NSDL DPM (SHR) system available with your RTA and the beneficiary position details downloaded to your RTA. The current status of the Demat accounts of the shareholders is available in the DPM (SHR) system. As may be verified from the said system, the status of Demat accounts mentioned in your trail email are held in Active status in NSDL system. Further, the below Demat accounts are in Suspended for Debit status in terms of SEBI order no. WTM/PS/58/IVD/JUN/2016 dated June 16, 2016: Details of account holders are as follows: Name of Account Holder - (PAN) - [DP ID Client ID] - Status (1) Cresta Fund Ltd. - (AADCC2634A) - [DP ID - IN300167 Client ID - 10080367] - Suspended for Debit (2) Albula Investment Fund Ltd - (AAHCA3597Q) - [DP ID - IN300167 Client ID - 10080376] - Suspended for Debit (3) APMS Investment Fund Ltd - (AAECM5148A) - [DP ID - IN300167 Client ID - 10018332] - Suspended for Debit""",,,News Verification,00:00:21,15062021074300,15-Jun-2021 07:43:21,-,False,,,104950627,,INE364U01010,Adani Green Energy Limited,2021-06-15 07:43:00,ADANIGREEN
14-Jun-2021 15:02:44,,https://nsearchives.nseindia.com/corporate/ADANIGREEN_14062021150244_Letters.pdf,Adani Green Energy Limited has informed the Exchange regarding 'Clarification on news article published in economic times - A/c s of 3 FPI s OwningAdani Shares Frozen'.,,,Updates,00:00:08,14062021150244,14-Jun-2021 15:02:52,-,False,,,104949730,,INE364U01010,Adani Green Energy Limited,2021-06-14 15:02:44,ADANIGREEN
04-Jun-2021 19:23:50,,https://nsearchives.nseindia.com/corporate/ADANIGREEN_04062021192350_CoveringLetter.pdf,Adani Green Energy Limited has informed the Exchange about related Party Transactions,,,Related Party Transactions,00:00:09,04062021192350,04-Jun-2021 19:23:59,-,False,,,104937154,,INE364U01010,Adani Green Energy Limited,2021-06-04 19:23:50,ADANIGREEN
02-Jun-2021 12:55:55,,https://nsearchives.nseindia.com/corporate/ADANIGREEN_02062021125555_Intimation.pdf,"Adani Green Energy Limited has informed the Exchange regarding 'Commissioning of 150 MW Wind Power Project, 9 months before Schedule'.",,,Updates,00:00:17,02062021125555,02-Jun-2021 12:56:12,-,False,,,104933132,,INE364U01010,Adani Green Energy Limited,2021-06-02 12:55:55,ADANIGREEN
27-May-2021 15:00:43,,https://nsearchives.nseindia.com/corporate/ADANIGREEN_27052021150043_Date.pdf,Adani Green Energy Limited has informed the Exchange about Analysts/Institutional Investor Meet/Con. Call Updates,,,Analysts/Institutional Investor Meet/Con. Call Updates,00:00:29,27052021150043,27-May-2021 15:01:12,-,False,,,104924815,,INE364U01010,Adani Green Energy Limited,2021-05-27 15:00:43,ADANIGREEN
24-May-2021 19:18:44,,https://nsearchives.nseindia.com/corporate/ADANIGREEN_24052021191844_Adani.pdf,"Infinite Trade and Investment Ltd��has submitted to the Exchange a copy of Revised disclosure under Regulation 10(5) of SEBI (Substantial Acquisition of Shares & Takeovers) Regulations, 2011.",,,Disclosure under SEBI Takeover Regulations,00:00:07,24052021191844,24-May-2021 19:18:51,-,False,,,104919577,,INE364U01010,Adani Green Energy Limited,2021-05-24 19:18:44,ADANIGREEN
22-May-2021 15:23:57,,https://nsearchives.nseindia.com/corporate/ADANIGREEN_22052021152357_Intimation.pdf,Adani Green Energy Limited has informed the Exchange regarding 'Intimation for transfer of 74% shareholding of Mundra Solar Energy Limited ( MSEL )'.,,,Updates,00:00:09,22052021152357,22-May-2021 15:24:06,-,False,,,104918290,,INE364U01010,Adani Green Energy Limited,2021-05-22 15:23:57,ADANIGREEN
19-May-2021 19:50:10,,https://nsearchives.nseindia.com/corporate/ADANIGREEN_19052021195010_iNTIMATION.pdf,Adani Green Energy Limited has informed the Exchange about Analysts/Institutional Investor Meet/Con. Call Updates,,,Analysts/Institutional Investor Meet/Con. Call Updates,00:00:15,19052021195010,19-May-2021 19:50:25,-,False,,,104913134,,INE364U01010,Adani Green Energy Limited,2021-05-19 19:50:10,ADANIGREEN
19-May-2021 08:23:23,,https://nsearchives.nseindia.com/corporate/ADANIGREEN_19052021082323_PRLetter.pdf,"Adani Green Energy Limited has informed the Exchange regarding a press release dated May 19, 2021, titled ""Adani Green Energy to acquire SB Energy s 5 GW India renewable power portfolio for a fully completed EV of USD 3.5 billion - India s largest renewables M&A transaction"".",,,Press Release,00:00:07,19052021082323,19-May-2021 08:23:30,-,False,,,104912180,,INE364U01010,Adani Green Energy Limited,2021-05-19 08:23:23,ADANIGREEN
19-May-2021 08:20:51,,https://nsearchives.nseindia.com/corporate/ADANIGREEN_19052021082051_LODRDisclosure.pdf,Adani Green Energy Limited has informed the Exchange about Acquisition,,,Acquisition,00:00:06,19052021082051,19-May-2021 08:20:57,-,False,,,104912179,,INE364U01010,Adani Green Energy Limited,2021-05-19 08:20:51,ADANIGREEN
18-May-2021 15:45:00,,https://nsearchives.nseindia.com/corporate/ADANIGREEN_18052021154505_NSEResponse.pdf,The Exchange has sought clarification from Adani Green Energy Limited with respect to recent news item captioned Adani Green in talks to acquire SB Energy.  The response from the Company is attached.,,,News Verification,00:00:17,18052021154500,18-May-2021 15:45:17,-,False,,,104911054,,INE364U01010,Adani Green Energy Limited,2021-05-18 15:45:00,ADANIGREEN
18-May-2021 12:51:00,,-,The Exchange has sought clarification from Adani Green Energy Limited with respect to recent news item captioned Adani Green in talks to acquire SB Energy.  The response from the Company is awaited.,,,News Verification,00:00:53,18052021125100,18-May-2021 12:51:53,-,False,,,104910964,,INE364U01010,Adani Green Energy Limited,2021-05-18 12:51:00,ADANIGREEN
18-May-2021 08:51:13,,https://nsearchives.nseindia.com/corporate/ADANIGREEN_18052021085113_Infinite_AGEL_Disclosure_under_Regulation_10.pdf,"��Infinite Trade and Investment Ltd��has submitted to the Exchange a copy of disclosure under Regulation 10(6) of SEBI (Substantial Acquisition of Shares & Takeover) Regulations, 2011.",,,Disclosure under SEBI Takeover Regulations,00:00:05,18052021085113,18-May-2021 08:51:18,-,False,,,104910252,,INE364U01010,Adani Green Energy Limited,2021-05-18 08:51:13,ADANIGREEN
13-May-2021 13:42:36,,https://nsearchives.nseindia.com/corporate/ADANIGREEN_13052021134236_Outcome.pdf,Adani Green Energy Limited has informed the Exchange regarding Change in Auditors of the company.,,,Change in Auditors,00:00:06,13052021134236,13-May-2021 13:42:42,-,False,,,104905678,,INE364U01010,Adani Green Energy Limited,2021-05-13 13:42:36,ADANIGREEN
13-May-2021 13:41:52,,https://nsearchives.nseindia.com/corporate/ADANIGREEN_13052021134152_Outcome.pdf,Adani Green Energy Limited has informed the Exchange regarding 'Outcome of Board Meeting'.,,,Updates,00:00:10,13052021134152,13-May-2021 13:42:02,-,False,,,104905677,,INE364U01010,Adani Green Energy Limited,2021-05-13 13:41:52,ADANIGREEN
11-May-2021 12:13:05,,https://nsearchives.nseindia.com/corporate/ADANIGREEN_11052021121305_Letters.pdf,"Adani Green Energy Limited has informed the Exchange regarding 'Meeting of the Board of Directors will be held on Thursday, 13th May, 2021 to consider appointment of new Joint Statutory Auditors of the Company in place of M/s. B S R & Co. LLP, subject to approval of shareholders'.",,,Updates,00:00:07,11052021121305,11-May-2021 12:13:12,-,False,,,104902806,,INE364U01010,Adani Green Energy Limited,2021-05-11 12:13:05,ADANIGREEN
10-May-2021 19:23:04,,https://nsearchives.nseindia.com/corporate/ADANIGREEN_10052021192304_Letters.pdf,Adani Green Energy Limited has informed the Exchange regarding Change in Auditors of the company.,,,Change in Auditors,00:00:11,10052021192304,10-May-2021 19:23:15,-,False,,,104901148,,INE364U01010,Adani Green Energy Limited,2021-05-10 19:23:04,ADANIGREEN
10-May-2021 17:33:59,,https://nsearchives.nseindia.com/corporate/ADANIGREEN_10052021173359_Letters.pdf,Adani Green Energy Limited has informed the Exchange about Analysts/Institutional Investor Meet/Con. Call Updates,,,Analysts/Institutional Investor Meet/Con. Call Updates,00:00:18,10052021173359,10-May-2021 17:34:17,-,False,,,104901080,,INE364U01010,Adani Green Energy Limited,2021-05-10 17:33:59,ADANIGREEN
06-May-2021 19:52:04,,https://nsearchives.nseindia.com/corporate/ADANIGREEN_06052021195204_Adani_105.pdf,"Infinite Trade and Investment Ltd has submitted to��the Exchange disclosure under Regulation 10(5) of the SEBI (Substantial Acquisition of shares and Takeovers) Regulations, 2011.",,,Disclosure under SEBI Takeover Regulations,00:00:11,06052021195204,06-May-2021 19:52:15,-,False,,,104896931,,INE364U01010,Adani Green Energy Limited,2021-05-06 19:52:04,ADANIGREEN
05-May-2021 18:17:19,,https://nsearchives.nseindia.com/corporate/Outcome_05052021181719.pdf,"Adani Green Energy Limited has submitted to the Exchange, the financial results for the period ended March 31, 2021.",,,Financial Result Updates,00:01:43,05052021181719,05-May-2021 18:19:02,-,False,,,140961,,INE364U01010,Adani Green Energy Limited,2021-05-05 18:17:19,ADANIGREEN
29-Apr-2021 10:30:21,,https://nsearchives.nseindia.com/corporate/ADANIGREEN_29042021103021_Analysts.pdf,Adani Green Energy Limited has informed the Exchange about Analysts/Institutional Investor Meet/Con. Call Updates,,,Analysts/Institutional Investor Meet/Con. Call Updates,00:00:06,29042021103021,29-Apr-2021 10:30:27,-,False,,,104885878,,INE364U01010,Adani Green Energy Limited,2021-04-29 10:30:21,ADANIGREEN
23-Apr-2021 00:02:03,,https://nsearchives.nseindia.com/corporate/ADANIGREEN_23042021000203_AGEL_PG_AnnualDisclosures_2021.pdf,"Promoter/Member of the Promoter Group of the Company has informed the Exchange regarding disclosure under Regulation 30 and Regulation 31(4) of SEBI SAST Regulations 2011 as on March 31, 2021",,,Disclosure under SEBI Takeover Regulations,00:00:08,23042021000203,23-Apr-2021 00:02:11,-,False,,,104875722,,INE364U01010,Adani Green Energy Limited,2021-04-23 00:02:03,ADANIGREEN
17-Apr-2021 10:48:52,,https://nsearchives.nseindia.com/corporate/ADANIGREEN_17042021104852_LOA.pdf,Adani Green Energy Limited has informed the Exchange regarding 'Letter of Award for 150 MW Solar power project'.,,,Updates,00:00:04,17042021104852,17-Apr-2021 10:48:56,-,False,,,104869136,,INE364U01010,Adani Green Energy Limited,2021-04-17 10:48:52,ADANIGREEN
14-Apr-2021 15:09:16,,https://nsearchives.nseindia.com/corporate/ADANIGREEN_14042021150916_Certificate.pdf,"Adani Green Energy Limited has informed the Exchange about Certificate under SEBI (Depositories and Participants) Regulations, 2018",,,"Certificate under SEBI (Depositories and Participants) Regulations, 2018",00:00:05,14042021150916,14-Apr-2021 15:09:21,-,False,,,104864183,,INE364U01010,Adani Green Energy Limited,2021-04-14 15:09:16,ADANIGREEN
13-Apr-2021 11:06:18,,https://nsearchives.nseindia.com/corporate/ADANIGREEN_13042021110618_Intimation.pdf,Adani Green Energy Limited has informed the Exchange regarding 'Commissioning of 50 MW Solar Power Plant'.,,,Updates,00:00:06,13042021110618,13-Apr-2021 11:06:24,-,False,,,104863467,,INE364U01010,Adani Green Energy Limited,2021-04-13 11:06:18,ADANIGREEN
13-Apr-2021 10:48:36,,https://nsearchives.nseindia.com/corporate/ADANIGREEN_13042021104836_Operations.pdf,Adani Green Energy Limited has informed the Exchange regarding 'Provisional operational update: FY21'.,,,Updates,00:00:06,13042021104836,13-Apr-2021 10:48:42,-,False,,,104863449,,INE364U01010,Adani Green Energy Limited,2021-04-13 10:48:36,ADANIGREEN
05-Apr-2021 13:43:21,,https://nsearchives.nseindia.com/corporate/ADANIGREEN_05042021134321_Link.pdf,Adani Green Energy Limited has informed the Exchange regarding 'Project Development Excellence Video'.,,,Updates,00:00:03,05042021134321,05-Apr-2021 13:43:24,-,False,,,104847454,,INE364U01010,Adani Green Energy Limited,2021-04-05 13:43:21,ADANIGREEN
05-Apr-2021 10:51:33,,https://nsearchives.nseindia.com/corporate/ADANIGREEN_05042021105133_Intimation.pdf,Adani Green Energy Limited has informed the Exchange regarding 'Presentation for the Project DevelopmentExcellence'.,,,Updates,00:04:39,05042021105133,05-Apr-2021 10:56:12,-,False,,,104847308,,INE364U01010,Adani Green Energy Limited,2021-04-05 10:51:33,ADANIGREEN
31-Mar-2021 18:15:54,,https://nsearchives.nseindia.com/corporate/ADANIGREEN_31032021181554_Letters.pdf,Adani Green Energy Limited has informed the Exchange regarding 'Adani Green Energy Limited has completed acquisition of 100% of the share capital and all the securities of Surajkiran Renewable Resources Private Limited'.,,,Updates,00:00:06,31032021181554,31-Mar-2021 18:16:00,-,False,,,104842220,,INE364U01010,Adani Green Energy Limited,2021-03-31 18:15:54,ADANIGREEN
30-Mar-2021 22:36:33,,https://nsearchives.nseindia.com/corporate/ADANIGREEN_30032021223633_Intimation.pdf,"Adani Green Energy Limited has informed the Exchange regarding the Trading Window closure pursuant to SEBI (Prohibition of Insider Trading) Regulations, 2015",,,Trading Window,00:00:06,30032021223633,30-Mar-2021 22:36:39,-,False,,,104839508,,INE364U01010,Adani Green Energy Limited,2021-03-30 22:36:33,ADANIGREEN
30-Mar-2021 20:56:05,,https://nsearchives.nseindia.com/corporate/ADANIGREEN_30032021205605_Intimation.pdf,Adani Green Energy Limited has informed the Exchange regarding 'Result of Postal Ballot'.,,,Updates,00:00:07,30032021205605,30-Mar-2021 20:56:12,-,False,,,104839483,,INE364U01010,Adani Green Energy Limited,2021-03-30 20:56:05,ADANIGREEN
27-Mar-2021 11:52:43,,https://nsearchives.nseindia.com/corporate/ADANIGREEN_27032021115243_Letters.pdf,Adani Green Energy Limited has informed the Exchange regarding 'Adani Green Energy Limited Has Completed Acquisition Of 100% Of The Share Capital And All The Securities Of Spinel Energy & Infrastructure Limited'.,,,Updates,00:00:03,27032021115243,27-Mar-2021 11:52:46,-,False,,,104837690,,INE364U01010,Adani Green Energy Limited,2021-03-27 11:52:43,ADANIGREEN
27-Mar-2021 11:51:44,,https://nsearchives.nseindia.com/corporate/ADANIGREEN_27032021115144_Letters.pdf,Adani Green Energy Limited has informed the Exchange regarding 'Adani Green Energy Limited Has Completed Acquisition Of 100% Of The Share Capital And All The Securities Of Spinel Energy & Infrastructure Limited'.,,,Updates,00:00:07,27032021115144,27-Mar-2021 11:51:51,-,False,,,104837689,,INE364U01010,Adani Green Energy Limited,2021-03-27 11:51:44,ADANIGREEN
26-Mar-2021 17:16:33,,https://nsearchives.nseindia.com/corporate/ADANIGREEN_26032021171633_Letters.pdf,Adani Green Energy Limited has informed the Exchange regarding 'Adani Green Energy Limited has completed acquisition of 100% of the share capital and all the securities of Surajkiran Solar Technologies Private Limited and Dinkar Technologies Private Limited'.,,,Updates,00:00:05,26032021171633,26-Mar-2021 17:16:38,-,False,,,104836491,,INE364U01010,Adani Green Energy Limited,2021-03-26 17:16:33,ADANIGREEN
24-Mar-2021 18:36:04,,https://nsearchives.nseindia.com/corporate/ADANIGREEN_24032021183604_Intimation.pdf,Adani Green Energy Limited has informed the Exchange about Analysts/Institutional Investor Meet/Con. Call Updates,,,Analysts/Institutional Investor Meet/Con. Call Updates,00:00:06,24032021183604,24-Mar-2021 18:36:10,-,False,,,104831786,,INE364U01010,Adani Green Energy Limited,2021-03-24 18:36:04,ADANIGREEN
24-Mar-2021 09:03:11,,https://nsearchives.nseindia.com/corporate/ADANIGREEN_24032021090311_PR.pdf,"Adani Green Energy Limited has informed the Exchange regarding a press release dated March 24, 2021, titled ""Adani Green Energy to acquire 74.94 MW Solar Projects from Sterling & Wilson at Rs. 446 Cr"".",,,Press Release,00:00:05,24032021090311,24-Mar-2021 09:03:16,-,False,,,104830737,,INE364U01010,Adani Green Energy Limited,2021-03-24 09:03:11,ADANIGREEN
24-Mar-2021 08:58:06,,https://nsearchives.nseindia.com/corporate/ADANIGREEN_24032021085806_Intimation.pdf,Adani Green Energy Limited has informed the Exchange regarding 'Securities Purchase Agreement for 74.94 MW operational Solar Assets'.,,,Updates,00:00:07,24032021085806,24-Mar-2021 08:58:13,-,False,,,104830734,,INE364U01010,Adani Green Energy Limited,2021-03-24 08:58:06,ADANIGREEN
22-Mar-2021 08:39:55,,https://nsearchives.nseindia.com/corporate/ADANIGREEN_22032021083955_Intimation.pdf,"Adani Green Energy Limited has informed the Exchange regarding a press release dated March 22, 2021, titled ""Adani Green Energy receives LOA for 300 MW Wind Power Project"".",,,Press Release,00:00:04,22032021083955,22-Mar-2021 08:39:59,-,False,,,104825975,,INE364U01010,Adani Green Energy Limited,2021-03-22 08:39:55,ADANIGREEN
20-Mar-2021 10:10:16,,https://nsearchives.nseindia.com/corporate/ADANIGREEN_20032021101016_PR.pdf,"Adani Green Energy Limited has informed the Exchange regarding a press release dated March 20, 2021, titled ""Adani Green Energy to acquire 50 MW Solar Asset from SkyPower Global"".",,,Press Release,00:00:04,20032021101016,20-Mar-2021 10:10:20,-,False,,,104825535,,INE364U01010,Adani Green Energy Limited,2021-03-20 10:10:16,ADANIGREEN
20-Mar-2021 10:06:54,,https://nsearchives.nseindia.com/corporate/ADANIGREEN_20032021100654_LODR.pdf,Adani Green Energy Limited has informed the Exchange regarding 'Securities Purchase Agreement For 50 MW Operational Solar Asset'.,,,Updates,00:00:06,20032021100654,20-Mar-2021 10:07:00,-,False,,,104825534,,INE364U01010,Adani Green Energy Limited,2021-03-20 10:06:54,ADANIGREEN
18-Mar-2021 13:24:47,,https://nsearchives.nseindia.com/corporate/ADANIGREEN_18032021132447_Intimation.pdf,"Adani Green Energy Limited has informed the Exchange regarding a press release dated March 18, 2021, titled ""Adani Green Energy raises USD 1.35 billion in one of Asia s largest project financing deals"".",,,Press Release,00:00:05,18032021132447,18-Mar-2021 13:24:52,-,False,,,104821853,,INE364U01010,Adani Green Energy Limited,2021-03-18 13:24:47,ADANIGREEN
08-Mar-2021 10:29:15,,https://nsearchives.nseindia.com/corporate/ADANIGREEN_08032021102915_Intimation.pdf,"Adani Green Energy Limited has informed the Exchange regarding a press release dated March 08, 2021, titled ""AGEL commissions 100 MW Gujarat Wind Power Project 5 months before schedule"".",,,Press Release,00:00:03,08032021102915,08-Mar-2021 10:29:18,-,False,,,104804537,,INE364U01010,Adani Green Energy Limited,2021-03-08 10:29:15,ADANIGREEN
01-Mar-2021 11:00:05,,https://nsearchives.nseindia.com/corporate/ADANIGREEN_01032021110005_Intimation.pdf,Adani Green Energy Limited has informed the Exchange about Analysts/Institutional Investor Meet/Con. Call Updates,,,Analysts/Institutional Investor Meet/Con. Call Updates,00:00:08,01032021110005,01-Mar-2021 11:00:13,-,False,,,104791941,,INE364U01010,Adani Green Energy Limited,2021-03-01 11:00:05,ADANIGREEN
24-Feb-2021 10:57:02,,https://nsearchives.nseindia.com/corporate/ADANIGREEN_24022021105702_Intimation.pdf,Adani Green Energy Limited has informed the Exchange regarding 'Newspaper advertisement for dispatch of Notice of Postal Ballot'.,,,Updates,00:00:03,24022021105702,24-Feb-2021 10:57:05,-,False,,,104786011,,INE364U01010,Adani Green Energy Limited,2021-02-24 10:57:02,ADANIGREEN
23-Feb-2021 20:20:34,,https://nsearchives.nseindia.com/corporate/ADANIGREEN_23022021202034_Intimation.pdf,Adani Green Energy Limited has informed the Exchange about Analysts/Institutional Investor Meet/Con. Call Updates,,,Analysts/Institutional Investor Meet/Con. Call Updates,00:00:02,23022021202034,23-Feb-2021 20:20:36,-,False,,,104784359,,INE364U01010,Adani Green Energy Limited,2021-02-23 20:20:34,ADANIGREEN
22-Feb-2021 17:50:36,,https://nsearchives.nseindia.com/corporate/ADANIGREEN_22022021175036_Intimation.pdf,"Adani Green Energy Limited has informed the Exchange regarding 'Notice of Postal Ballot under Section 110 of the Companies Act, 2013'.",,,Updates,00:00:05,22022021175036,22-Feb-2021 17:50:41,-,False,,,104782039,,INE364U01010,Adani Green Energy Limited,2021-02-22 17:50:36,ADANIGREEN
08-Feb-2021 20:55:31,,https://nsearchives.nseindia.com/corporate/ADANIGREEN_08022021205531_Intimation.pdf,Adani Green Energy Limited has informed the Exchange about Analysts/Institutional Investor Meet/Con. Call Updates,,,Analysts/Institutional Investor Meet/Con. Call Updates,00:00:03,08022021205531,08-Feb-2021 20:55:34,-,False,,,104757766,,INE364U01010,Adani Green Energy Limited,2021-02-08 20:55:31,ADANIGREEN
03-Feb-2021 17:00:40,,https://nsearchives.nseindia.com/corporate/ADANIGREEN_03022021170040_Intimation.pdf,Adani Green Energy Limited has informed the Exchange regarding Change in Director(s) of the company.,,,Change in Director(s),00:00:05,03022021170040,03-Feb-2021 17:00:45,-,False,,,104749266,,INE364U01010,Adani Green Energy Limited,2021-02-03 17:00:40,ADANIGREEN
03-Feb-2021 16:54:59,,https://nsearchives.nseindia.com/corporate/Intimation_03022021165459.zip,"Adani Green Energy Limited has submitted to the Exchange, the financial results for the period ended December 31, 2020.",,,Financial Result Updates,00:01:03,03022021165459,03-Feb-2021 16:56:02,-,False,,,139481,,INE364U01010,Adani Green Energy Limited,2021-02-03 16:54:59,ADANIGREEN
02-Feb-2021 12:06:41,,https://nsearchives.nseindia.com/corporate/ADANIGREEN_02022021120641_Intimation.pdf,Adani Green Energy Limited has informed the Exchange about Analysts/Institutional Investor Meet/Con. Call Updates,,,Analysts/Institutional Investor Meet/Con. Call Updates,00:00:04,02022021120641,02-Feb-2021 12:06:45,-,False,,,104746074,,INE364U01010,Adani Green Energy Limited,2021-02-02 12:06:41,ADANIGREEN
01-Feb-2021 10:36:37,,https://nsearchives.nseindia.com/corporate/ADANIGREEN_01022021103637_Intimation.pdf,"Adani Green Energy Limited has informed the Exchange regarding a press release dated February 01, 2021, titled ""AGEL commissions 100 MW Solar Power Plants in Uttar Pradesh, ahead of schedule"".",,,Press Release,00:00:04,01022021103637,01-Feb-2021 10:36:41,-,False,,,104743718,,INE364U01010,Adani Green Energy Limited,2021-02-01 10:36:37,ADANIGREEN
23-Jan-2021 16:45:30,,https://nsearchives.nseindia.com/corporate/ADANIGREEN_23012021164530_Intimation.pdf,Adani Green Energy Limited has informed the Exchange regarding 'Securities Purchase Agreement for 20 MW operational Solar Asset'.,,,Updates,00:00:05,23012021164530,23-Jan-2021 16:45:35,-,False,,,104731843,,INE364U01010,Adani Green Energy Limited,2021-01-23 16:45:30,ADANIGREEN
23-Jan-2021 14:13:44,,https://nsearchives.nseindia.com/corporate/ADANIGREEN_23012021141344_Intimation.pdf,"Adani Green Energy Limited has informed the Exchange regarding '100% shares of Acme Trade and Investment Limited (""AT"") (which holds 3.6% equity shares of Company) acquired by Total Renewables SAS, France. AT becomes part of Total Group'.",,,Updates,00:00:03,23012021141344,23-Jan-2021 14:13:47,-,False,,,104731784,,INE364U01010,Adani Green Energy Limited,2021-01-23 14:13:44,ADANIGREEN
20-Jan-2021 10:23:02,,https://nsearchives.nseindia.com/corporate/ADANIGREEN_20012021102302_Intimation.pdf,"Adani Green Energy Limited has informed the Exchange regarding a press release dated January 20, 2021, titled ""AGEL commissions 150 MW Solar Power Plant at Kutchh, Gujarat, 3 months ahead of schedule"".",,,Press Release,00:00:07,20012021102302,20-Jan-2021 10:23:09,-,False,,,104725647,,INE364U01010,Adani Green Energy Limited,2021-01-20 10:23:02,ADANIGREEN
19-Jan-2021 16:25:13,,https://nsearchives.nseindia.com/corporate/ADANIGREEN_19012021162513_18012021160916_AdaniGreen_REG29_18012021.pdf,Promoter of Adani Green Energy Limited has submitted to the Exchange a copy of Disclosure under Regulation Reg 29(1) of SEBI (SAST) Regulations 2011.,,,Disclosure under SEBI Takeover Regulations,00:00:07,19012021162513,19-Jan-2021 16:25:20,-,False,,,104723503,,INE364U01010,Adani Green Energy Limited,2021-01-19 16:25:13,ADANIGREEN
18-Jan-2021 20:14:25,,https://nsearchives.nseindia.com/corporate/ADANIGREEN_18012021201425_Intimation.pdf,"Adani Green Energy Limited has informed the Exchange regarding '100% shares of Universal Trade and Investments Limited (""UT"") (which holds 16.4% equity shares of Company) acquired by Total Renewables SAS, France. UT becomes part of Total Group'.",,,Updates,00:00:04,18012021201425,18-Jan-2021 20:14:29,-,False,,,104721311,,INE364U01010,Adani Green Energy Limited,2021-01-18 20:14:25,ADANIGREEN
13-Jan-2021 19:09:56,,https://nsearchives.nseindia.com/corporate/ADANIGREEN_13012021190956_Letters.pdf,Adani Green Energy Limited has informed the Exchange about Loss of Share Certificates,,,Loss of Share Certificates,00:00:03,13012021190956,13-Jan-2021 19:09:59,-,False,,,104714171,,INE364U01010,Adani Green Energy Limited,2021-01-13 19:09:56,ADANIGREEN
12-Jan-2021 10:57:57,,https://nsearchives.nseindia.com/corporate/ADANIGREEN_12012021105757_Letters.pdf,Adani Green Energy Limited has informed the Exchange regarding 'Provisional operational update: 9M - FY21'.,,,Updates,00:00:14,12012021105757,12-Jan-2021 10:58:11,-,False,,,104711191,,INE364U01010,Adani Green Energy Limited,2021-01-12 10:57:57,ADANIGREEN
11-Jan-2021 12:16:34,,https://nsearchives.nseindia.com/corporate/ADANIGREEN_11012021121634_Letters.pdf,"Adani Green Energy Limited has informed the Exchange regarding a press release dated January 11, 2021, titled ""AGEL commissions 25 MW Solar Power Plant at Chitrakoot, Uttar Pradesh"".",,,Press Release,00:00:04,11012021121634,11-Jan-2021 12:16:38,-,False,,,104709058,,INE364U01010,Adani Green Energy Limited,2021-01-11 12:16:34,ADANIGREEN
08-Jan-2021 16:08:35,,https://nsearchives.nseindia.com/corporate/ADANIGREEN_08012021160835_CoveringLetter.pdf,"Adani Green Energy Limited has informed the Exchange about Certificate under SEBI (Depositories and Participants) Regulations, 2018",,,"Certificate under SEBI (Depositories and Participants) Regulations, 2018",00:00:05,08012021160835,08-Jan-2021 16:08:40,-,False,,,104706547,,INE364U01010,Adani Green Energy Limited,2021-01-08 16:08:35,ADANIGREEN
06-Jan-2021 19:25:18,,https://nsearchives.nseindia.com/corporate/ADANIGREEN_06012021192518_Universal_AGEL_Disclosure_under_Regulation_10.pdf,"Promoter of Adani Green Energy Limited has submitted to the Exchange a copy of disclosure under Regulation 10(6) of SEBI (Substantial Acquisition of Shares & Takeover) Regulations, 2011",,,Disclosure under SEBI Takeover Regulations,00:00:03,06012021192518,06-Jan-2021 19:25:21,-,False,,,104701905,,INE364U01010,Adani Green Energy Limited,2021-01-06 19:25:18,ADANIGREEN
05-Jan-2021 20:12:33,,https://nsearchives.nseindia.com/corporate/ADANIGREEN_05012021201233_Intimation.pdf,Adani Green Energy Limited has informed the Exchange regarding Change in Director(s) of the company.,,,Change in Director(s),00:00:03,05012021201233,05-Jan-2021 20:12:36,-,False,,,104699559,,INE364U01010,Adani Green Energy Limited,2021-01-05 20:12:33,ADANIGREEN
04-Jan-2021 18:05:42,,https://nsearchives.nseindia.com/corporate/ADANIGREEN_04012021180542_Univesal_REG10_5.pdf,"Promoter of Adani Green Energy Limited has submitted to the Exchange a copy of disclosure under Regulation 10(5) of SEBI (Substantial Acquisition of Shares & Takeover) Regulations, 2011",,,Disclosure under SEBI Takeover Regulations,00:00:03,04012021180542,04-Jan-2021 18:05:45,-,False,,,104697219,,INE364U01010,Adani Green Energy Limited,2021-01-04 18:05:42,ADANIGREEN
01-Jan-2021 17:06:29,,https://nsearchives.nseindia.com/corporate/ADANIGREEN_01012021170629_Release.pdf,"Adani Green Energy Limited has informed the Exchange regarding a press release dated January 01, 2021, titled ""AGEL receives LOA for 600 MW Wind-Solar Hybrid Power Project"".",,,Press Release,00:00:04,01012021170629,01-Jan-2021 17:06:33,-,False,,,104694477,,INE364U01010,Adani Green Energy Limited,2021-01-01 17:06:29,ADANIGREEN
31-Dec-2020 18:36:21,,https://nsearchives.nseindia.com/corporate/ADANIGREEN_31122020183621_Universal_AGEL_10_6.pdf,"Promoter of Adani Green Energy Limited has submitted to the Exchange a copy of disclosure under Regulation 10(6) of SEBI (Substantial Acquisition of Shares & Takeover) Regulations, 2011",,,Disclosure under SEBI Takeover Regulations,00:00:04,31122020183621,31-Dec-2020 18:36:25,-,False,,,104692069,,INE364U01010,Adani Green Energy Limited,2020-12-31 18:36:21,ADANIGREEN
30-Dec-2020 16:12:21,,https://nsearchives.nseindia.com/corporate/ADANIGREEN_30122020161221_INTIMATION.pdf,"Adani Green Energy Limited has informed the Exchange regarding a press release dated December 30, 2020, titled ""AGEL commissions 100 MWac solar power plant at Khirsara, Gujarat, ahead of schedule"".",,,Press Release,00:00:03,30122020161221,30-Dec-2020 16:12:24,-,False,,,104688937,,INE364U01010,Adani Green Energy Limited,2020-12-30 16:12:21,ADANIGREEN
29-Dec-2020 12:05:05,,https://nsearchives.nseindia.com/corporate/ADANIGREEN_29122020120504_Intimation.pdf,"Adani Green Energy Limited has informed the Exchange regarding the Trading Window closure pursuant to SEBI (Prohibition of Insider Trading) Regulations, 2015",,,Trading Window,00:00:05,29122020120505,29-Dec-2020 12:05:10,-,False,,,104686267,,INE364U01010,Adani Green Energy Limited,2020-12-29 12:05:05,ADANIGREEN
11-Dec-2020 14:48:27,,https://nsearchives.nseindia.com/corporate/ADANIGREEN_11122020144827_Intimation.pdf,Adani Green Energy Limited has informed the Exchange regarding 'Link To Operational Excellence Video On Website Of The Company '.,,,Updates,00:00:04,11122020144827,11-Dec-2020 14:48:31,-,False,,,104659998,,INE364U01010,Adani Green Energy Limited,2020-12-11 14:48:27,ADANIGREEN
07-Dec-2020 16:56:03,,https://nsearchives.nseindia.com/corporate/ADANIGREEN_07122020165603_iNTIMATION.pdf,Adani Green Energy Limited has informed the Exchange about Analysts/Institutional Investor Meet/Con. Call Updates,,,Analysts/Institutional Investor Meet/Con. Call Updates,00:00:08,07122020165603,07-Dec-2020 16:56:11,-,False,,,104650713,,INE364U01010,Adani Green Energy Limited,2020-12-07 16:56:03,ADANIGREEN
01-Dec-2020 12:36:26,,https://nsearchives.nseindia.com/corporate/ADANIGREEN_01122020123626_Submission.pdf,Adani Green Energy Limited has informed the Exchange about Analysts/Institutional Investor Meet/Con. Call Updates,,,Analysts/Institutional Investor Meet/Con. Call Updates,00:00:06,01122020123626,01-Dec-2020 12:36:32,-,False,,,104640371,,INE364U01010,Adani Green Energy Limited,2020-12-01 12:36:26,ADANIGREEN
28-Nov-2020 11:30:43,,https://nsearchives.nseindia.com/corporate/ADANIGREEN_28112020113043_Scan.pdf,Adani Green Energy Limited has informed the Exchange about related Party Transactions,,,Related Party Transactions,00:00:04,28112020113043,28-Nov-2020 11:30:47,-,False,,,104638127,,INE364U01010,Adani Green Energy Limited,2020-11-28 11:30:43,ADANIGREEN
12-Nov-2020 16:05:16,,https://nsearchives.nseindia.com/corporate/ADANIGREEN_12112020160516_SEUpdate.pdf,"Adani Green Energy Limited has informed the Exchange regarding 'Compliance Certificate for the half year ended September 30, 2020 for RG II entities comprising of solar projects for 570 MW in compliance with Note Trust Deed '.",,,Updates,00:00:04,12112020160516,12-Nov-2020 16:05:20,-,False,,,104612760,,INE364U01010,Adani Green Energy Limited,2020-11-12 16:05:16,ADANIGREEN
11-Nov-2020 13:02:17,,https://nsearchives.nseindia.com/corporate/ADANIGREEN_11112020130217_Intimation.pdf,"Adani Green Energy Limited has informed the Exchange regarding 'Compliance Certificate For The Half Year Ended September 30, 2020 For RG I Entities Comprising Of Solar Projects Of 930 MW In Compliance With Note Trust Deed'.",,,Updates,00:00:05,11112020130217,11-Nov-2020 13:02:22,-,False,,,104609417,,INE364U01010,Adani Green Energy Limited,2020-11-11 13:02:17,ADANIGREEN
07-Nov-2020 13:17:36,,https://nsearchives.nseindia.com/corporate/ADANIGREEN_07112020131736_Intimation.pdf,Adani Green Energy Limited has informed the Exchange about Analysts/Institutional Investor Meet/Con. Call Updates,,,Analysts/Institutional Investor Meet/Con. Call Updates,00:00:04,07112020131736,07-Nov-2020 13:17:40,-,False,,,104603047,,INE364U01010,Adani Green Energy Limited,2020-11-07 13:17:36,ADANIGREEN
05-Nov-2020 16:35:57,,https://nsearchives.nseindia.com/corporate/ADANIGREEN_05112020163557_Submission.pdf,Adani Green Energy Limited has informed the Exchange regarding 'Commissioning of 50 MW Solar Power Project'.,,,Updates,00:00:04,05112020163557,05-Nov-2020 16:36:01,-,False,,,104598856,,INE364U01010,Adani Green Energy Limited,2020-11-05 16:35:57,ADANIGREEN
04-Nov-2020 17:18:16,,https://nsearchives.nseindia.com/corporate/Outcome_04112020171816.zip,"Adani Green Energy Limited has submitted to the Exchange, the financial results for the period ended September 30, 2020.",,,Financial Result Updates,00:01:48,04112020171816,04-Nov-2020 17:20:04,-,False,,,137608,,INE364U01010,Adani Green Energy Limited,2020-11-04 17:18:16,ADANIGREEN
04-Nov-2020 14:46:39,,https://nsearchives.nseindia.com/corporate/ADANIGREEN_04112020144639_Scan.pdf,Adani Green Energy Limited has informed the Exchange regarding 'Intimation of post results conference calls'.,,,Updates,00:00:03,04112020144639,04-Nov-2020 14:46:42,-,False,,,104596099,,INE364U01010,Adani Green Energy Limited,2020-11-04 14:46:39,ADANIGREEN
19-Oct-2020 10:33:19,,https://nsearchives.nseindia.com/corporate/ADANIGREEN_19102020103319_Intimation_OperationUpdate.pdf,Adani Green Energy Limited has informed the Exchange regarding 'Provisional operational update: H1 - FY21'.,,,Updates,00:00:05,19102020103319,19-Oct-2020 10:33:24,-,False,,,104566726,,INE364U01010,Adani Green Energy Limited,2020-10-19 10:33:19,ADANIGREEN
15-Oct-2020 11:47:29,,https://nsearchives.nseindia.com/corporate/ADANIGREEN_15102020114729_MediaRelease.pdf,"Adani Green Energy Limited has informed the Exchange regarding a press release dated October 15, 2020, titled ""Adani Green Energy Limited expands TOTAL JV with INR 1,632 Cr solar assets acquisition"".",,,Press Release,00:00:07,15102020114729,15-Oct-2020 11:47:36,-,False,,,104562246,,INE364U01010,Adani Green Energy Limited,2020-10-15 11:47:29,ADANIGREEN
15-Oct-2020 11:45:56,,https://nsearchives.nseindia.com/corporate/ADANIGREEN_15102020114556_iNTIMATION.pdf,Adani Green Energy Limited has informed the Exchange regarding 'Joint Venture Amendment agreement with Total to expand Joint Venture by 205 MW operating solar assets'.,,,Updates,00:00:04,15102020114556,15-Oct-2020 11:46:00,-,False,,,104562244,,INE364U01010,Adani Green Energy Limited,2020-10-15 11:45:56,ADANIGREEN
07-Oct-2020 17:31:50,,https://nsearchives.nseindia.com/corporate/ADANIGREEN_07102020173150_Letter.pdf,"Adani Green Energy Limited has informed the Exchange about Certificate under SEBI (Depositories and Participants) Regulations, 2018",,,"Certificate under SEBI (Depositories and Participants) Regulations, 2018",00:00:04,07102020173150,07-Oct-2020 17:31:54,-,False,,,104549137,,INE364U01010,Adani Green Energy Limited,2020-10-07 17:31:50,ADANIGREEN
01-Oct-2020 09:41:16,,https://nsearchives.nseindia.com/corporate/ADANIGREEN_01102020094116_PressRelease.pdf,"Adani Green Energy Limited has informed the Exchange regarding a press release dated October 01, 2020, titled ""Adani Green Energy Completes Acquisition of 205 MW Operating Solar Assets"".",,,Press Release,00:00:05,01102020094116,01-Oct-2020 09:41:21,-,False,,,104540773,,INE364U01010,Adani Green Energy Limited,2020-10-01 09:41:16,ADANIGREEN
29-Sep-2020 10:53:53,,https://nsearchives.nseindia.com/corporate/ADANIGREEN_29092020105353_Intimation.pdf,"Adani Green Energy Limited has informed the Exchange regarding the Trading Window closure pursuant to SEBI (Prohibition of Insider Trading) Regulations, 2015",,,Trading Window,00:00:06,29092020105353,29-Sep-2020 10:53:59,-,False,,,104534522,,INE364U01010,Adani Green Energy Limited,2020-09-29 10:53:53,ADANIGREEN
11-Sep-2020 13:43:24,,https://nsearchives.nseindia.com/corporate/Outcome_11092020134324.zip,"Adani Green Energy Limited has submitted to the Exchange, the financial results for the period ended June 30, 2020.",,,Financial Result Updates,00:01:40,11092020134324,11-Sep-2020 13:45:04,-,False,,,136698,,INE364U01010,Adani Green Energy Limited,2020-09-11 13:43:24,ADANIGREEN
08-Sep-2020 22:52:56,,https://nsearchives.nseindia.com/corporate/ADANIGREEN_08092020225256_Intimation.pdf,Adani Green Energy Limited has informed the Exchange about Analysts/Institutional Investor Meet/Con. Call Updates,,,Analysts/Institutional Investor Meet/Con. Call Updates,00:00:03,08092020225256,08-Sep-2020 22:52:59,-,False,,,104502399,,INE364U01010,Adani Green Energy Limited,2020-09-08 22:52:56,ADANIGREEN
04-Sep-2020 13:46:00,,https://nsearchives.nseindia.com/corporate/ADANIGREEN_04092020134632_Clarification.pdf,"Significant movement in price has been observed in Adani Green Energy Limited. The Exchange, in order to ensure that investors have latest relevant information about the company and to inform the market place so that the interest of the investors is safeguarded, had written to the company. Adani Green Energy Limited has submitted their response.",,,Price movement,00:00:36,04092020134600,04-Sep-2020 13:46:36,-,False,,,104496555,,INE364U01010,Adani Green Energy Limited,2020-09-04 13:46:00,ADANIGREEN
03-Sep-2020 17:56:00,,-,"Significant movement in price has been observed in Adani Green Energy Limited. The Exchange, in order to ensure that investors have latest relevant information about the company and to inform the market place so that the interest of the investors is safeguarded, has written to the company. The response from the company is awaited.",,,Price movement,00:00:27,03092020175600,03-Sep-2020 17:56:27,-,False,,,104494664,,INE364U01010,Adani Green Energy Limited,2020-09-03 17:56:00,ADANIGREEN
01-Sep-2020 16:15:32,,https://nsearchives.nseindia.com/corporate/ADANIGREEN_01092020161532_MediaRelease.pdf,"Adani Green Energy Limited has informed the Exchange regarding a press release dated September 01, 2020, titled ""Adani ranked as the largest solar power generation owner in the world"".",,,Press Release,00:00:03,01092020161532,01-Sep-2020 16:15:35,-,False,,,104490407,,INE364U01010,Adani Green Energy Limited,2020-09-01 16:15:32,ADANIGREEN
15-Jul-2020 00:14:00,,https://nsearchives.nseindia.com/corporate/ADANIGREEN_15072020001442_CoveringLetter.pdf,"Adani Green Energy Limited has informed the Exchange about Certificate under SEBI (Depositories and Participants) Regulations, 2018",,,"Certificate under SEBI (Depositories and Participants) Regulations, 2018",-,15072020001400,-,-,False,,,104407356,,INE364U01010,Adani Green Energy Limited,2020-07-15 00:14:00,ADANIGREEN
15-Jul-2020 00:01:00,,https://nsearchives.nseindia.com/corporate/ADANIGREEN_15072020000147_CoveringLetter.pdf,"Adani Green Energy Limited has informed the Exchange about Certificate under SEBI (Depositories and Participants) Regulations, 2018",,,"Certificate under SEBI (Depositories and Participants) Regulations, 2018",-,15072020000100,-,-,False,,,104407350,,INE364U01010,Adani Green Energy Limited,2020-07-15 00:01:00,ADANIGREEN
13-Jul-2020 18:18:00,,https://nsearchives.nseindia.com/corporate/ADANIGREEN_13072020181844_Updated.pdf,Adani Green Energy Limited has informed the Exchange regarding 'Provisional operational update of the Company for the Q1-FY21'.,,,Updates,-,13072020181800,-,-,False,,,104404593,,INE364U01010,Adani Green Energy Limited,2020-07-13 18:18:00,ADANIGREEN
10-Jul-2020 18:02:00,,https://nsearchives.nseindia.com/corporate/ADANIGREEN_10072020180242_Outcome.pdf,Adani Green Energy Limited has informed the Exchange regarding Change in Director(s) of the company.,,,Change in Director(s),-,10072020180200,-,-,False,,,104401776,,INE364U01010,Adani Green Energy Limited,2020-07-10 18:02:00,ADANIGREEN
10-Jul-2020 17:59:00,,https://nsearchives.nseindia.com/corporate/ADANIGREEN_10072020175929_Outcome.pdf,"Adani Green Energy Limited has informed the Exchange regarding Outcome of Board Meeting held on July 10, 2020.",,,Outcome of Board Meeting,-,10072020175900,-,-,False,,,104401769,,INE364U01010,Adani Green Energy Limited,2020-07-10 17:59:00,ADANIGREEN
02-Jul-2020 11:49:00,,https://nsearchives.nseindia.com/corporate/ADANIGREEN_02072020114904_Intimation.pdf,Adani Green Energy Limited has informed the Exchange regarding 'Intimation for Shifting of Registered of office of the Company'.,,,Updates,-,02072020114900,-,-,False,,,104386502,,INE364U01010,Adani Green Energy Limited,2020-07-02 11:49:00,ADANIGREEN
29-Jun-2020 15:28:00,,https://nsearchives.nseindia.com/corporate/ADANIGREEN_29062020152807_WindowClosure.pdf,"Adani Green Energy Limited has informed the Exchange regarding the Trading Window closure pursuant to SEBI (Prohibition of Insider Trading) Regulations, 2015",,,Trading Window,-,29062020152800,-,-,False,,,104378269,,INE364U01010,Adani Green Energy Limited,2020-06-29 15:28:00,ADANIGREEN
26-Jun-2020 23:45:00,,https://nsearchives.nseindia.com/corporate/ADANIGREEN_26062020234555_Outcome.pdf,"Adani Green Energy Limited has submitted the Exchange a copy Srutinizers report of  Annual General Meeting held on Jun 25, 2020. Further, the company has informed the Exchange regarding voting results.",,,Shareholders meeting,-,26062020234500,-,-,False,,,104375791,,INE364U01010,Adani Green Energy Limited,2020-06-26 23:45:00,ADANIGREEN
25-Jun-2020 17:36:00,,https://nsearchives.nseindia.com/corporate/ADANIGREEN_25062020173648_Outcome.pdf,"Adani Green Energy Limited has informed the Exchange regarding Proceedings of Annual General Meeting held on Jun 25, 2020",,,Shareholders meeting,-,25062020173600,-,-,False,,,104372445,,INE364U01010,Adani Green Energy Limited,2020-06-25 17:36:00,ADANIGREEN
20-Jun-2020 12:52:00,,https://nsearchives.nseindia.com/corporate/ADANIGREEN_20062020125212_RGII.pdf,"Adani Green Energy Limited has informed the Exchange regarding 'Compliance Certificate for the half year ended March 31, 2020 for RG II entities comprising of solar projects of 570 MW in compliance with Note Trust Deed'.",,,Updates,-,20062020125200,-,-,False,,,104362937,,INE364U01010,Adani Green Energy Limited,2020-06-20 12:52:00,ADANIGREEN
20-Jun-2020 12:50:00,,https://nsearchives.nseindia.com/corporate/ADANIGREEN_20062020125033_RGI.pdf,"Adani Green Energy Limited has informed the Exchange regarding 'Compliance Certificate for the half year ended March 31, 2020 for RG I entities comprising of solar projects of 930 MW in compliance with Note Trust Deed'.",,,Updates,-,20062020125000,-,-,False,,,104362936,,INE364U01010,Adani Green Energy Limited,2020-06-20 12:50:00,ADANIGREEN
09-Jun-2020 10:04:00,,https://nsearchives.nseindia.com/corporate/ADANIGREEN_09062020100436_Intimation2.pdf,"Adani Green Energy Limited has informed the Exchange regarding a press release dated Jun 09, 2020, titled ""Adani Green Energy wins the world s largest solar award; Leapfrogs towards goal of 25 GW of installed capacity by 2025"".",,,Press Release,-,09062020100400,-,-,False,,,104340877,,INE364U01010,Adani Green Energy Limited,2020-06-09 10:04:00,ADANIGREEN
09-Jun-2020 09:54:00,,https://nsearchives.nseindia.com/corporate/ADANIGREEN_09062020095447_Intimation.pdf,"Adani Green Energy Limited has informed the Exchange regarding a press release dated Jun 09, 2020, titled ""Adani Green Energy wins the world s largest solar award; Leapfrogs towards goal of 25 GW of installed capacity by 2025"".",,,Press Release,-,09062020095400,-,-,False,,,104340875,,INE364U01010,Adani Green Energy Limited,2020-06-09 09:54:00,ADANIGREEN
05-Jun-2020 20:35:00,,https://nsearchives.nseindia.com/corporate/ADANIGREEN_05062020203503_green_05062020010511.zip,"Dome Trade and Investment Ltd and Oasis Trade and Investment Ltd has informed the Exchange regarding Disclosure under Regulation 10(6) of SEBI (SAST) Regulations, 2011",,,Disclosure under SEBI Takeover Regulations,-,05062020203500,-,-,False,,,104335813,,INE364U01010,Adani Green Energy Limited,2020-06-05 20:35:00,ADANIGREEN
03-Jun-2020 10:42:00,,https://nsearchives.nseindia.com/corporate/ADANIGREEN_03062020104242_1.pdf,"Adani Green Energy Limited has informed the Exchange regarding 'Newspaper Advertisement   Notice of 5th Annual General Meeting, Remote E-voting information and Book Closure etc.'.",,,Updates,-,03062020104200,-,-,False,,,104331596,,INE364U01010,Adani Green Energy Limited,2020-06-03 10:42:00,ADANIGREEN
01-Jun-2020 20:06:00,,https://nsearchives.nseindia.com/corporate/ADANIGREEN_01062020200651_Disclosure.pdf,"Adani Green Energy Limited has informed the Exchange regarding 'Intimation under Regulation 30 of the SEBI (Listing Obligations and Disclosures Requirements) Regulations, 2015 - Disclosure of material impact of CoVID-19 pandemic'.",,,Updates,-,01062020200600,-,-,False,,,104328210,,INE364U01010,Adani Green Energy Limited,2020-06-01 20:06:00,ADANIGREEN
01-Jun-2020 19:53:00,,https://nsearchives.nseindia.com/corporate/ADANIGREEN_01062020195304_BookClosure.pdf,"Adani Green Energy Limited has informed the Exchange that the Company has fixed Book Closure from June 18, 2020 to June 25, 2020 for the purpose of Annual General Meeting.",,,Book Closure,-,01062020195300,-,-,False,,,104328199,,INE364U01010,Adani Green Energy Limited,2020-06-01 19:53:00,ADANIGREEN
01-Jun-2020 19:14:00,,https://nsearchives.nseindia.com/corporate/ADANIGREEN_01062020191414_Notice.pdf,"Adani Green Energy Limited has informed the Exchange regarding Notice of Annual General Meeting to be held on Jun 25, 2020",,,Shareholders meeting,-,01062020191400,-,-,False,,,104328168,,INE364U01010,Adani Green Energy Limited,2020-06-01 19:14:00,ADANIGREEN
01-Jun-2020 19:05:00,,https://nsearchives.nseindia.com/corporate/ADANIGREEN_01062020190502_ADVERTISEMENT.pdf,Adani Green Energy Limited has informed the Exchange regarding 'Newspaper Advertisement   5th Annual General Meeting through Video Conferencing / Other Audio Visual Means ( VC / OAVM ) facility'.,,,Updates,-,01062020190500,-,-,False,,,104328155,,INE364U01010,Adani Green Energy Limited,2020-06-01 19:05:00,ADANIGREEN
27-May-2020 12:51:00,,https://nsearchives.nseindia.com/corporate/ADANIGREEN_27052020125112_CoveringLetter.pdf,"Adani Green Energy Limited has informed the Exchange regarding 'Disclosure of Related Party Transactions under Regulation 23(9) of the SEBI (Listing Obligations And Disclosure Requirements) Regulations, 2015'.",,,Updates,-,27052020125100,-,-,False,,,104319366,,INE364U01010,Adani Green Energy Limited,2020-05-27 12:51:00,ADANIGREEN
13-May-2020 08:54:00,,https://nsearchives.nseindia.com/corporate/ADANIGREEN_13052020085446_AGEL.pdf,"Promoter of Adani Green Energy Limited has informed the Exchange regarding Disclosure under Regulation 30 and Regulation 31(4) of SEBI (Substantial Acquisition of Shares and Takeovers) Regulations, 2011",,,Disclosure under SEBI Takeover Regulations,-,13052020085400,-,-,False,,,104294025,,INE364U01010,Adani Green Energy Limited,2020-05-13 08:54:00,ADANIGREEN
05-May-2020 12:45:00,,https://nsearchives.nseindia.com/corporate/ADANIGREEN_05052020124531_SEIntimation.pdf,Adani Green Energy Limited has informed the Exchange regarding Analysts/Institutional Investor Meet/Con. Call Updates,,,Analysts/Institutional Investor Meet/Con. Call Updates,-,05052020124500,-,-,False,,,104280560,,INE364U01010,Adani Green Energy Limited,2020-05-05 12:45:00,ADANIGREEN
04-May-2020 14:39:00,,https://nsearchives.nseindia.com/corporate/ADANIGREEN_04052020143954_Presentation.pdf,Adani Green Energy Limited has informed the Exchange regarding Investor Presentation,,,Investor Presentation,-,04052020143900,-,-,False,,,104278537,,INE364U01010,Adani Green Energy Limited,2020-05-04 14:39:00,ADANIGREEN
04-May-2020 14:19:52,,https://nsearchives.nseindia.com/corporate/Outcome_04052020141952.zip,"Adani Green Energy Limited has submitted to the Exchange, the financial results for the period ended March 31, 2020.",,,Financial Result Updates,-,04052020141952,-,-,False,,,133662,,INE364U01010,Adani Green Energy Limited,2020-05-04 14:19:52,ADANIGREEN
15-Apr-2020 15:15:00,,https://nsearchives.nseindia.com/corporate/ADANIGREEN_15042020151547_SEIntimation.pdf,Adani Green Energy Limited has informed the Exchange regarding 'Commissioning of 50MW Solar Power Project'.,,,Updates,-,15042020151500,-,-,False,,,104245320,,INE364U01010,Adani Green Energy Limited,2020-04-15 15:15:00,ADANIGREEN
09-Apr-2020 14:17:00,,https://nsearchives.nseindia.com/corporate/ADANIGREEN_09042020141753_SEIntimation.pdf,Adani Green Energy Limited has informed the Exchange regarding 'Provisional operational update of the Company for the Financial Year 2019-20'.,,,Updates,-,09042020141700,-,-,False,,,104238891,,INE364U01010,Adani Green Energy Limited,2020-04-09 14:17:00,ADANIGREEN
07-Apr-2020 15:56:00,,https://nsearchives.nseindia.com/corporate/ADANIGREEN_07042020155645_SEIntimation.pdf,"Adani Green Energy Limited has informed the Exchange regarding a revised press release dated April 07, 2020, titled ""Adani Green Energy Limited (AGEL) consummates 2.148GW joint venture with TOTAL, Receives INR 3,707 Crores"".",,,Press Release (Revised),-,07042020155600,-,-,False,,,104232231,,INE364U01010,Adani Green Energy Limited,2020-04-07 15:56:00,ADANIGREEN
07-Apr-2020 14:30:00,,https://nsearchives.nseindia.com/corporate/ADANIGREEN_07042020143045_SEIntimation.pdf,"Adani Green Energy Limited has informed the Exchange regarding a press release dated April 07, 2020, titled ""Adani Green Energy Limited (AGEL)consummates 2.148 GW joint venture with TOTAL, Receives INR 3,707 Crores"".",,,Press Release,-,07042020143000,-,-,False,,,104232194,,INE364U01010,Adani Green Energy Limited,2020-04-07 14:30:00,ADANIGREEN
30-Mar-2020 13:17:00,,https://nsearchives.nseindia.com/corporate/ADANIGREEN_30032020131713_SEIntimation.pdf,Adani Green Energy Limited has informed the Exchange regarding 'Conference Call with Debt Investors'.,,,Updates,-,30032020131700,-,-,False,,,104219750,,INE364U01010,Adani Green Energy Limited,2020-03-30 13:17:00,ADANIGREEN
28-Mar-2020 14:58:00,,https://nsearchives.nseindia.com/corporate/ADANIGREEN_28032020145831_SEIntimation.pdf,"Adani Green Energy Limited has informed the Exchange regarding the Trading Window closure pursuant to SEBI (Prohibition of Insider Trading) Regulations, 2015",,,Trading Window,-,28032020145800,-,-,False,,,104217744,,INE364U01010,Adani Green Energy Limited,2020-03-28 14:58:00,ADANIGREEN
21-Mar-2020 17:14:00,,https://nsearchives.nseindia.com/corporate/ADANIGREEN_21032020171415_SEIntimation.pdf,"Adani Green Energy Limited has informed the Exchange regarding Outcome of Board Meeting held on March 21, 2020.",,,Outcome of Board Meeting,-,21032020171400,-,-,False,,,104203905,,INE364U01010,Adani Green Energy Limited,2020-03-21 17:14:00,ADANIGREEN
06-Mar-2020 12:39:00,,https://nsearchives.nseindia.com/corporate/ADANIGREEN_06032020123950_SEIntimation.pdf,Adani Green Energy Limited has informed the Exchange regarding 'Commissioning of 50 MW Wind Power Project'.,,,Updates,-,06032020123900,-,-,False,,,104175115,,INE364U01010,Adani Green Energy Limited,2020-03-06 12:39:00,ADANIGREEN
04-Mar-2020 13:38:00,,https://nsearchives.nseindia.com/corporate/ADANIGREEN_04032020133801_AdaniGreen.pdf,"Oasis Trade & Investment Ltd has submitted to the Exchange a copy of disclosure under Regulation 10(5) in respect of acquisition under Regulation 10(1)(a) of SEBI (Substantial Acquisition of Shares & Takeovers) Regulations, 2011",,,Disclosure under SEBI Takeover Regulations,-,04032020133800,-,-,False,,,104168497,,INE364U01010,Adani Green Energy Limited,2020-03-04 13:38:00,ADANIGREEN
04-Mar-2020 13:37:00,,https://nsearchives.nseindia.com/corporate/ADANIGREEN_04032020133700_AGEL_dome.pdf,"Dome Trade & Investment Ltd has submitted to the Exchange a copy of disclosure under Regulation 10(5) in respect of acquisition under Regulation 10(1)(a) of SEBI (Substantial Acquisition of Shares & Takeovers) Regulations, 2011.",,,Disclosure under SEBI Takeover Regulations,-,04032020133700,-,-,False,,,104168492,,INE364U01010,Adani Green Energy Limited,2020-03-04 13:37:00,ADANIGREEN
13-Feb-2020 19:49:00,,https://nsearchives.nseindia.com/corporate/ADANIGREEN_13022020194910_SEDeclaration.pdf,"Adani Green Energy Limited has informed the Exchange regarding 'Disclosure / Intimation pursuant to Regulation 30 of the SEBI (ListingObligations and Disclosure Requirements) Regulation, 2015'.",,,Updates,-,13022020194900,-,-,False,,,104128424,,INE364U01010,Adani Green Energy Limited,2020-02-13 19:49:00,ADANIGREEN
11-Feb-2020 21:37:00,,https://nsearchives.nseindia.com/corporate/ADANIGREEN_11022020213723_SEIntimation.pdf,Adani Green Energy Limited has informed the Exchange regarding Analysts/Institutional Investor Meet/Con. Call Updates,,,Analysts/Institutional Investor Meet/Con. Call Updates,-,11022020213700,-,-,False,,,104121428,,INE364U01010,Adani Green Energy Limited,2020-02-11 21:37:00,ADANIGREEN
11-Feb-2020 21:22:00,,https://nsearchives.nseindia.com/corporate/ADANIGREEN_11022020212205_SEIntimation.pdf,Adani Green Energy Limited has informed the Exchange regarding Analysts/Institutional Investor Meet/Con. Call Updates,,,Analysts/Institutional Investor Meet/Con. Call Updates,-,11022020212200,-,-,False,,,104121424,,INE364U01010,Adani Green Energy Limited,2020-02-11 21:22:00,ADANIGREEN
06-Feb-2020 14:04:00,,https://nsearchives.nseindia.com/corporate/ADANIGREEN_06022020140418_SEIntimation.pdf,"Adani Green Energy Limited has informed the Exchange regarding a press release dated February 06, 2020, titled ""Media Release regarding ""Total to Invest USD 510 Millionfor 50% state in 2.148 MWac Solar Power Projects held by Adani Green EnergyLimited (""AGEL""),"".",,,Press Release,-,06022020140400,-,-,False,,,104110260,,INE364U01010,Adani Green Energy Limited,2020-02-06 14:04:00,ADANIGREEN
04-Feb-2020 14:39:00,,https://nsearchives.nseindia.com/corporate/ADANIGREEN_04022020143927_SEIntimation.pdf,Adani Green Energy Limited has informed the Exchange regarding Investor Presentation,,,Investor Presentation,-,04022020143900,-,-,False,,,104103355,,INE364U01010,Adani Green Energy Limited,2020-02-04 14:39:00,ADANIGREEN
04-Feb-2020 13:31:07,,https://nsearchives.nseindia.com/corporate/SEIntimation_04022020133107.zip,"Adani Green Energy Limited has submitted to the Exchange, the financial results for the period ended December 31, 2019.",,,Financial Result Updates,-,04022020133107,-,-,False,,,132413,,INE364U01010,Adani Green Energy Limited,2020-02-04 13:31:07,ADANIGREEN
31-Jan-2020 14:58:00,,https://nsearchives.nseindia.com/corporate/ADANIGREEN_31012020145832_SEIntimation.pdf,Adani Green Energy Limited has informed the Exchange regarding Analysts/Institutional Investor Meet/Con. Call Updates,,,Analysts/Institutional Investor Meet/Con. Call Updates,-,31012020145800,-,-,False,,,104093884,,INE364U01010,Adani Green Energy Limited,2020-01-31 14:58:00,ADANIGREEN
27-Jan-2020 20:32:00,,https://nsearchives.nseindia.com/corporate/ADANIGREEN_27012020203236_SEIntimation_343.pdf,Adani Green Energy Limited has informed the Exchange regarding 'allotment of 700 MW Wind - Solar Hybrid Power Project'.,,,Updates,-,27012020203200,-,-,False,,,104083055,,INE364U01010,Adani Green Energy Limited,2020-01-27 20:32:00,ADANIGREEN
08-Jan-2020 20:51:00,,https://nsearchives.nseindia.com/corporate/ADANIGREEN_08012020205100_SEIntimation_271.pdf,Adani Green Energy Limited has informed the Exchange regarding 'Provisional Operational Update: Q3 and 9M FY20'.,,,Updates,-,08012020205100,-,-,False,,,104041915,,INE364U01010,Adani Green Energy Limited,2020-01-08 20:51:00,ADANIGREEN
07-Jan-2020 10:51:00,,https://nsearchives.nseindia.com/corporate/ADANIGREEN_07012020105018_SERely_029.pdf,"Significant movement in price has been observed in Adani Green Energy Limited. The Exchange, in order to ensure that investors have latest relevant information about the company and to inform the market place so that the interest of the investors is safeguarded, had written to the company. Adani Green Energy Limited has submitted their response.",,,Price movement,-,07012020105100,-,-,False,,,104037619,,INE364U01010,Adani Green Energy Limited,2020-01-07 10:51:00,ADANIGREEN
06-Jan-2020 19:17:00,,-,"Significant movement in price has been observed in Adani Green Energy Limited. The Exchange, in order to ensure that investors have latest relevant information about the company and to inform the market place so that the interest of the investors is safeguarded, has written to the company. The response from the company is awaited.",,,Price movement,-,06012020191700,-,-,False,,,104034840,,INE364U01010,Adani Green Energy Limited,2020-01-06 19:17:00,ADANIGREEN
04-Jan-2020 11:24:00,,https://nsearchives.nseindia.com/corporate/ADANIGREEN_04012020112426_SEIntimation_006.pdf,"Adani Green Energy Limited has informed the Exchange regarding 'Certificate under Regulation 74(5) of the SEBI (Depositories and Participants) Regulations, 2018 for the quarter ended 31st December, 2019'.",,,Updates,-,04012020112400,-,-,False,,,104032466,,INE364U01010,Adani Green Energy Limited,2020-01-04 11:24:00,ADANIGREEN
31-Dec-2019 16:52:00,,https://nsearchives.nseindia.com/corporate/ADANIGREEN_31122019165206_SEIntimation_589.pdf,Adani Green Energy Limited has informed the Exchange regarding 'Commissioning of 75 MW Wind Power Project'.,,,Updates,-,31122019165200,-,-,False,,,104022600,,INE364U01010,Adani Green Energy Limited,2019-12-31 16:52:00,ADANIGREEN
31-Dec-2019 13:56:00,,https://nsearchives.nseindia.com/corporate/ADANIGREEN_31122019135559_AGEL_300.pdf,"Adani Green Energy Limited has informed the Exchange regarding the Trading Window closure pursuant to SEBI (Prohibition of Insider Trading) Regulations, 2015",,,Trading Window,-,31122019135600,-,-,False,,,104022297,,INE364U01010,Adani Green Energy Limited,2019-12-31 13:56:00,ADANIGREEN
10-Dec-2019 19:12:00,,https://nsearchives.nseindia.com/corporate/ADANIGREEN_10122019191152_SEIntimation_021.pdf,Adani Green Energy Limited has informed the Exchange regarding Analysts/Institutional Investor Meet/Con. Call Updates,,,Analysts/Institutional Investor Meet/Con. Call Updates,-,10122019191200,-,-,False,,,103976534,,INE364U01010,Adani Green Energy Limited,2019-12-10 19:12:00,ADANIGREEN
03-Dec-2019 17:04:00,,https://nsearchives.nseindia.com/corporate/listcontract1_312201917113_SEIntimation_218.pdf,"Adani Green Energy Limited has informed the Exchange regarding Disclosure of Related Party Transactions under Regulation 23(9) of the SEBI (Listing Obligations And Disclosure Requirements) Regulations, 2015",,,Related Party Transactions,-,03122019170400,-,-,False,,,103961955,,INE364U01010,Adani Green Energy Limited,2019-12-03 17:04:00,ADANIGREEN
25-Nov-2019 13:36:00,,https://nsearchives.nseindia.com/corporate/ADANIGREEN_25112019133552_SEIntimation_089.pdf,"Adani Green Energy Limited has informed the Exchange regarding Resignation of Mr Ashish Garg as Chief Financial Officer of the company w.e.f. November 25, 2019.",,,Resignation,-,25112019133600,-,-,False,,,103943981,,INE364U01010,Adani Green Energy Limited,2019-11-25 13:36:00,ADANIGREEN
13-Nov-2019 14:22:29,,https://nsearchives.nseindia.com/corporate/Outcome_13112019142229.zip,"Adani Green Energy Limited has submitted to the Exchange, the financial results for the period ended September 30, 2019.",,,Financial Result Updates,-,13112019142229,-,-,False,,,131229,,INE364U01010,Adani Green Energy Limited,2019-11-13 14:22:29,ADANIGREEN
06-Nov-2019 19:37:00,,https://nsearchives.nseindia.com/corporate/ADANIGREEN_06112019193652_SEIntimation_547.pdf,Adani Green Energy Limited has informed the Exchange regarding Analysts/Institutional Investor Meet/Con. Call Updates,,,Analysts/Institutional Investor Meet/Con. Call Updates,-,06112019193700,-,-,False,,,103903253,,INE364U01010,Adani Green Energy Limited,2019-11-06 19:37:00,ADANIGREEN
21-Oct-2019 12:49:00,,https://nsearchives.nseindia.com/corporate/ADANIGREEN_21102019124910_SEIntimation_029.pdf,Adani Green Energy Limited has informed the Exchange regarding 'Commissioning of 50 MW Wind Project and Evacuation Infrastructure for 725 MW of wind capacity'.,,,Updates,-,21102019124900,-,-,False,,,103867241,,INE364U01010,Adani Green Energy Limited,2019-10-21 12:49:00,ADANIGREEN
15-Oct-2019 21:38:00,,https://nsearchives.nseindia.com/corporate/ADANIGREEN_15102019213811_SEIntimation_378.pdf,Adani Green Energy Limited has informed the Exchange regarding 'Provisional operational update: Q2 and H1 FY20'.,,,Updates,-,15102019213800,-,-,False,,,103857087,,INE364U01010,Adani Green Energy Limited,2019-10-15 21:38:00,ADANIGREEN
14-Oct-2019 09:12:00,,https://nsearchives.nseindia.com/corporate/mjain_14102019090928_ADANIGREEN_8664_reply_013.pdf,"Significant movement in price has been observed in Adani Green Energy Limited. The Exchange, in order to ensure that investors have latest relevant information about the company and to inform the market place so that the interest of the investors is safeguarded, had written to the company. Adani Green Energy Limited has submitted their response.",,,Price movement,-,14102019091200,-,-,False,,,103851039,,INE364U01010,Adani Green Energy Limited,2019-10-14 09:12:00,ADANIGREEN
11-Oct-2019 20:06:00,,-,"Significant movement in price has been observed in Adani Green Energy Limited. The Exchange, in order to ensure that investors have latest relevant information about the company and to inform the market place so that the interest of the investors is safeguarded, has written to the company. The response from the company is awaited.",,,Price movement,-,11102019200600,-,-,False,,,103850060,,INE364U01010,Adani Green Energy Limited,2019-10-11 20:06:00,ADANIGREEN
10-Oct-2019 16:11:00,,https://nsearchives.nseindia.com/corporate/ADANIGREEN_10102019161135_SEIntimation_158.pdf,"Adani Green Energy Limited has informed the Exchange regarding 'Certificate under Regulation 74(5) of the SEBI (Depositories and Participants) Regulations, 2018'.",,,Updates,-,10102019161100,-,-,False,,,103847290,,INE364U01010,Adani Green Energy Limited,2019-10-10 16:11:00,ADANIGREEN
07-Oct-2019 16:43:00,,https://nsearchives.nseindia.com/corporate/listcontract3_07102019100218_AGEL_273.pdf,"S.B. Adani Family Trust and Adani Trading Services LLP has informed the Exchange regarding reason for encumbrance vide letter dated October 04, 2019 under SEBI ( SAST) Regulations, 2011.",,,Disclosure under SEBI Takeover Regulations,-,07102019164300,-,-,False,,,103840947,,INE364U01010,Adani Green Energy Limited,2019-10-07 16:43:00,ADANIGREEN
04-Oct-2019 15:43:00,,https://nsearchives.nseindia.com/corporate/ADANIGREEN_04102019154252_SEIntimation_101.pdf,Adani Green Energy Limited has informed the Exchange regarding 'Issuance of US$ 362.50 Million Green Bonds By Wholly-Owned Subsidiaries'.,,,Updates,-,04102019154300,-,-,False,,,103838484,,INE364U01010,Adani Green Energy Limited,2019-10-04 15:43:00,ADANIGREEN
30-Sep-2019 16:38:00,,https://nsearchives.nseindia.com/corporate/ADANIGREEN_30092019163806_ExchangeIntimation_105.pdf,"Adani Green Energy Limited has informed the Exchange regarding the Trading Window closure pursuant to SEBI (Prohibition of Insider Trading) Regulations, 2015",,,Trading Window,-,30092019163800,-,-,False,,,103827622,,INE364U01010,Adani Green Energy Limited,2019-09-30 16:38:00,ADANIGREEN
24-Sep-2019 07:11:00,,https://nsearchives.nseindia.com/corporate/ADANIGREEN_24092019071056_SEIntimation_001.pdf,Adani Green Energy Limited has informed the Exchange regarding 'Intimation of Investor Meetings for US$ Bonds by Wholly-owned Subsidiaries'.,,,Updates,-,24092019071100,-,-,False,,,103811608,,INE364U01010,Adani Green Energy Limited,2019-09-24 07:11:00,ADANIGREEN
05-Sep-2019 12:13:00,,https://nsearchives.nseindia.com/corporate/ADANIGREEN_05092019121346_SEIntimation_151.pdf,Adani Green Energy Limited has informed the Exchange regarding Analysts/Institutional Investor Meet/Con. Call Updates,,,Analysts/Institutional Investor Meet/Con. Call Updates,-,05092019121300,-,-,False,,,103774362,,INE364U01010,Adani Green Energy Limited,2019-09-05 12:13:00,ADANIGREEN
29-Aug-2019 19:36:00,,https://nsearchives.nseindia.com/corporate/ADANIGREEN_29082019193626_PressRelease_354.pdf,"Adani Green Energy Limited has informed the Exchange regarding a press release dated August 29, 2019, titled ""Adani Green Energy Limited signs agreement to acquire 205 MW solar assets"".",,,Press Release,-,29082019193600,-,-,False,,,103760951,,INE364U01010,Adani Green Energy Limited,2019-08-29 19:36:00,ADANIGREEN
29-Aug-2019 17:58:00,,https://nsearchives.nseindia.com/corporate/ADANIGREEN_29082019175833_SEIntimation_274.pdf,Adani Green Energy Limited has informed the Exchange about Acquisition of 100% equity interest in Ten Companies and execution of Securities Purchase Agreement for the same,,,Acquisition,-,29082019175800,-,-,False,,,103760877,,INE364U01010,Adani Green Energy Limited,2019-08-29 17:58:00,ADANIGREEN
22-Aug-2019 11:33:00,,https://nsearchives.nseindia.com/corporate/ADANIGREEN_22082019113258_Intimation22082019_051.pdf,"Adani Green Energy Limited has informed the Exchange regarding 'Intimation under Regulation 30 of the SEBI (Listing Obligations andDisclosures Requirements) Regulations, 2015 - Commissioning of Projects'.",,,Updates,-,22082019113300,-,-,False,,,103744643,,INE364U01010,Adani Green Energy Limited,2019-08-22 11:33:00,ADANIGREEN
07-Aug-2019 21:10:00,,https://nsearchives.nseindia.com/corporate/ADANIGREEN_07082019211037_Scrutinizerreport_025.pdf,"Adani Green Energy Limited has submitted the Exchange a copy Srutinizers report of  Annual General Meeting held on August 07, 2019. Further, the company has informed the Exchange regarding voting results.",,,Shareholders meeting,-,07082019211000,-,-,False,,,103714275,,INE364U01010,Adani Green Energy Limited,2019-08-07 21:10:00,ADANIGREEN
07-Aug-2019 18:26:00,,https://nsearchives.nseindia.com/corporate/listcontract1_07082019180726_ADANIGREEN_495.pdf,"Adani Green Energy Limited has informed the Exchange regarding  Board meeting held on August 07, 2019.",,,Outcome of Board Meeting,-,07082019182600,-,-,False,,,103713568,,INE364U01010,Adani Green Energy Limited,2019-08-07 18:26:00,ADANIGREEN
07-Aug-2019 18:21:00,,https://nsearchives.nseindia.com/corporate/ADANIGREEN_07082019182102_PResentation_486.pdf,Adani Green Energy Limited has informed the Exchange regarding Investor Presentation,,,Investor Presentation,-,07082019182100,-,-,False,,,103713581,,INE364U01010,Adani Green Energy Limited,2019-08-07 18:21:00,ADANIGREEN
07-Aug-2019 17:59:00,,https://nsearchives.nseindia.com/corporate/ADANIGREEN_07082019175942_OutcomeBM_458.pdf,Adani Green Energy Limited has informed the Exchange regarding Change in Director(s) of the company.,,,Change in Director(s),-,07082019175900,-,-,False,,,103713558,,INE364U01010,Adani Green Energy Limited,2019-08-07 17:59:00,ADANIGREEN
07-Aug-2019 17:46:30,,https://nsearchives.nseindia.com/corporate/OutcomeBM_07082019174630.zip,"Adani Green Energy Limited has submitted to the Exchange, the financial results for the period ended June 30, 2019.",,,Financial Result Updates,-,07082019174630,-,-,False,,,129097,,INE364U01010,Adani Green Energy Limited,2019-08-07 17:46:30,ADANIGREEN
07-Aug-2019 16:24:00,,https://nsearchives.nseindia.com/corporate/ADANIGREEN_07082019162441_AGMOutcome_330.pdf,"Adani Green Energy Limited has informed the Exchange regarding Proceedings of Annual General Meeting held on August 07, 2019",,,Shareholders meeting,-,07082019162400,-,-,False,,,103713436,,INE364U01010,Adani Green Energy Limited,2019-08-07 16:24:00,ADANIGREEN
02-Aug-2019 20:12:00,,https://nsearchives.nseindia.com/corporate/ADANIGREEN_02082019201246_SEIntimation_590.pdf,Adani Green Energy Limited has informed the Exchange regarding 'Commissioning of Projects'.,,,Updates,-,02082019201200,-,-,False,,,103702023,,INE364U01010,Adani Green Energy Limited,2019-08-02 20:12:00,ADANIGREEN
02-Aug-2019 18:45:00,,https://nsearchives.nseindia.com/corporate/ADANIGREEN_02082019184507_SEIntimation_532.pdf,Adani Green Energy Limited has informed the Exchange regarding Analysts/Institutional Investor Meet/Con. Call Updates,,,Analysts/Institutional Investor Meet/Con. Call Updates,-,02082019184500,-,-,False,,,103701963,,INE364U01010,Adani Green Energy Limited,2019-08-02 18:45:00,ADANIGREEN
17-Jul-2019 17:00:00,,https://nsearchives.nseindia.com/corporate/ADANIGREEN_17072019170043_SEIntimation_197.pdf,"Adani Green Energy Limited has informed the Exchange regarding 'Certificate under Regulation 74(5) of the SEBI (Depositories and Participants) Regulations, 2018'.",,,Updates,-,17072019170000,-,-,False,,,103661528,,INE364U01010,Adani Green Energy Limited,2019-07-17 17:00:00,ADANIGREEN
15-Jul-2019 18:12:00,,https://nsearchives.nseindia.com/corporate/ADANIGREEN_15072019181249_SEIntimation_331.pdf,"Adani Green Energy Limited has informed the Exchange regarding 'Intimation Under Regulation 47 Of The SEBI (Listing Obligations And Disclosure Requirements) Regulations, 2015'.",,,Updates,-,15072019181200,-,-,False,,,103655226,,INE364U01010,Adani Green Energy Limited,2019-07-15 18:12:00,ADANIGREEN
15-Jul-2019 08:43:00,,https://nsearchives.nseindia.com/corporate/listcontract1_15072019075115_ADANIGREEN_025.pdf,"Adani Green Energy Limited has informed the Exchange that Register of Members and Share Transfer Books of the Company will remain closed from July 31, 2019 to August 07, 2019 (both days inclusive) for the purpose of Annual General Meeting of the Company to be held on August 07, 2019.",,,AGM/Book Closure,-,15072019084300,-,-,False,,,103653074,,INE364U01010,Adani Green Energy Limited,2019-07-15 08:43:00,ADANIGREEN
05-Jul-2019 17:48:00,,https://nsearchives.nseindia.com/corporate/ADANIGREEN_05072019174752_SEIntimation_217.pdf,Adani Green Energy Limited has informed the Exchange regarding 'Provisional operational update: Q1-FY20'.,,,Updates,-,05072019174800,-,-,False,,,103633746,,INE364U01010,Adani Green Energy Limited,2019-07-05 17:48:00,ADANIGREEN
29-Jun-2019 13:23:00,,https://nsearchives.nseindia.com/corporate/ADANIGREEN_29062019132249_SEIntimation_142.pdf,"Adani Green Energy Limited has informed the Exchange regarding the Trading Window closure pursuant to SEBI (Prohibition of Insider Trading) Regulations, 2015",,,Trading Window,-,29062019132300,-,-,False,,,103619343,,INE364U01010,Adani Green Energy Limited,2019-06-29 13:23:00,ADANIGREEN
20-Jun-2019 12:54:00,,https://nsearchives.nseindia.com/corporate/ADANIGREEN_20062019125409_SEIntimation_098.pdf,Adani Green Energy Limited has informed the Exchange regarding 'Letter Of Award For 130 MW Wind Power Project From SECI'.,,,Updates,-,20062019125400,-,-,False,,,103598164,,INE364U01010,Adani Green Energy Limited,2019-06-20 12:54:00,ADANIGREEN
19-Jun-2019 16:14:00,,https://nsearchives.nseindia.com/corporate/ADANIGREEN_19062019161409_SEIntimation_184.pdf,Adani Green Energy Limited has informed the Exchange regarding 'Letters of Award for 600 MW Wind-Solar Hybrid Power Projects from SECI'.,,,Updates,-,19062019161400,-,-,False,,,103593654,,INE364U01010,Adani Green Energy Limited,2019-06-19 16:14:00,ADANIGREEN
14-Jun-2019 19:16:00,,https://nsearchives.nseindia.com/corporate/ADANIGREEN_14062019191631_SEIntimation_320.pdf,"Adani Green Energy Limited has informed the Exchange regarding 'compliance of Regulation 38 of the SEBI (Listing Obligations and Disclosure Requirements) Regulations, 2015 �� Minimum Public Shareholding'.",,,Updates,-,14062019191600,-,-,False,,,103583644,,INE364U01010,Adani Green Energy Limited,2019-06-14 19:16:00,ADANIGREEN
14-Jun-2019 19:16:00,,https://nsearchives.nseindia.com/corporate/ADANIGREEN_14062019191631_SEIntimation_320.pdf,"Adani Green Energy Limited has informed the Exchange regarding 'compliance of Regulation 38 of the SEBI (Listing Obligations and Disclosure Requirements) Regulations, 2015 �� Minimum Public Shareholding'.",,,Updates,-,14062019191600,-,-,False,,,103583644,,INE364U01010,Adani Green Energy Limited,2019-06-14 19:16:00,ADANIGREEN
13-Jun-2019 18:23:00,,https://nsearchives.nseindia.com/corporate/ADANIGREEN_13062019182331_SEIntimation_295.pdf,"Adani Green Energy Limited has informed the Exchange regarding 'Disclosure of Related Party Transactions under Regulation 23(9) of the SEBI (Listing Obligations And Disclosure Requirements) Regulations, 2015'.",,,Updates,-,13062019182300,-,-,False,,,103580167,,INE364U01010,Adani Green Energy Limited,2019-06-13 18:23:00,ADANIGREEN
11-Jun-2019 16:29:00,,https://nsearchives.nseindia.com/corporate/listcontract1_11062019161134_Adani_183.pdf,"Gautam S Adani and Priti G Adani ( on behalf of Gautam S Adani Family Trust) and Gautam S Adani and Rajesh S Adani ( on behalf of S B Adani Family Trust) has submitted to the Exchange, an announcement with respect to offer for sale through Stock Exchange Mechanism for sale upto 67,24,766 and 8,68,59,534 Equity shares respectively (representing up to 0.43% and 5.55% of paid-up equity share capital of the Company, respectively ), cumulatively aggregating up to 9,35,84,300 Equity Shares (cumulatively representing 5.98% of the paid up equity share capital of the Company)Date and time of the opening of the offer for Non-Retail Investors: June 12, 2019 9:15 a.m.Date and time of the closing of the offer for Non-Retail Investors: June 12, 2019 at 3:30 p.m.Date and time of the opening of the offer for Retail Investors: June 13,2019 at 9:15 a.m.Date and time of the closing of the offer for Retail Investors: June 13, 2019 at 3:30 p.m.The Floor Price for the Offer shall be Rs. 43 (Rupees Forty Three only) per Equity Share.",,,Offer For Sale-Stock Exchange Mechanism,-,11062019162900,-,-,False,,,103573055,,INE364U01010,Adani Green Energy Limited,2019-06-11 16:29:00,ADANIGREEN
31-May-2019 00:54:00,,https://nsearchives.nseindia.com/corporate/ADANIGREEN_31052019005039_SEIntimation_012.pdf,Adani Green Energy Limited has informed the Exchange regarding 'Issuance of US$500 Million Bonds By Wholly-Owned Subsidiaries'.,,,Updates,-,31052019005400,-,-,False,,,103549779,,INE364U01010,Adani Green Energy Limited,2019-05-31 00:54:00,ADANIGREEN
20-May-2019 16:37:00,,https://nsearchives.nseindia.com/corporate/listcontract1_20052019161859_AGEL_379.pdf,"Adani Tradeline LLP and Universal Trade and Investments Ltd has submitted to the Exchange that they propose to sell upto 7,57,13,197 and 1,17,86,803 equity shares,�� respectively (representing up to 4.84% and 0.75% of the paid up equity share capital of the Company , respectively), cumulatively representing aggregating up to 8,75,00.000 Equity Shares (cumulatively representing 5.59% of the paid up Equity share capital of the Company) by way of an offer for sale through the Stock Exchange mechanism.Date and time of the opening of the offer for Non-Retail Investors: May 21, 2019 9:15 a.m .Date and time of the closing of the offer for Non-Retail Investors: May 21, 2019 at 3:30 p.m.Date and time of the opening of the offer for Retail Investors: May 22,2019 at 9:15 a.m.Date and time of the closing of the offer for Retail Investors: May 22, 2019 at 3:30 p.m.The offer shall continue to take place on a separate window of the Stock Exchanges on T+1 day, commencing at 9:15 a.m. and shall close at 3:30 p.m. (Indian Standard Time) on the same date.��The Floor Price for the Offer shall be Rs. 43/- (Rupees Forty Three ) per Equity Share.",,,Offer For Sale-Stock Exchange Mechanism,-,20052019163700,-,-,False,,,103521192,,INE364U01010,Adani Green Energy Limited,2019-05-20 16:37:00,ADANIGREEN
15-May-2019 22:32:00,,https://nsearchives.nseindia.com/corporate/ADANIGREEN_15052019223219_PresentationIntimation_545.pdf,Adani Green Energy Limited has informed the Exchange regarding Investor Presentation,,,Investor Presentation,-,15052019223200,-,-,False,,,103512178,,INE364U01010,Adani Green Energy Limited,2019-05-15 22:32:00,ADANIGREEN
15-May-2019 17:50:00,,https://nsearchives.nseindia.com/corporate/listcontract1_15052019172504_ADANIGREEN_368.zip,"Adani Green Energy Limited has informed the Exchange regarding Outcome of Board Meeting held on May 15, 2019.",,,Outcome of Board Meeting,-,15052019175000,-,-,False,,,103511285,,INE364U01010,Adani Green Energy Limited,2019-05-15 17:50:00,ADANIGREEN
15-May-2019 17:00:01,,https://nsearchives.nseindia.com/corporate/Outcome15052019_15052019170001.zip,"Adani Green Energy Limited has submitted to the Exchange, the financial results for the period ended March 31, 2019.",,,Financial Result Updates,-,15052019170001,-,-,False,,,127076,,INE364U01010,Adani Green Energy Limited,2019-05-15 17:00:01,ADANIGREEN
15-May-2019 07:01:00,,https://nsearchives.nseindia.com/corporate/ADANIGREEN_15052019070046_SEINTIMATION1505_001.pdf,Adani Green Energy Limited has informed the Exchange regarding 'Investor Meetings for US$ Bonds by Wholly-owned Subsidiaries'.,,,Updates,-,15052019070100,-,-,False,,,103509124,,INE364U01010,Adani Green Energy Limited,2019-05-15 07:01:00,ADANIGREEN
14-May-2019 15:41:00,,https://nsearchives.nseindia.com/corporate/ADANIGREEN_14052019154134_SE_192.pdf,Adani Green Energy Limited has informed the Exchange regarding Analysts/Institutional Investor Meet/Con. Call Updates,,,Analysts/Institutional Investor Meet/Con. Call Updates,-,14052019154100,-,-,False,,,103508149,,INE364U01010,Adani Green Energy Limited,2019-05-14 15:41:00,ADANIGREEN
10-May-2019 20:44:00,,https://nsearchives.nseindia.com/corporate/ADANIGREEN_10052019204401_CommissioningofProject_424.pdf,Adani Green Energy Limited has informed the Exchange regarding 'Commissioning of 50MWac Solar Power Project in the state of Uttar Pradesh by Adani Green Energy (UP) Limited - a Wholly-owned Subsidiary'.,,,Updates,-,10052019204400,-,-,False,,,103501820,,INE364U01010,Adani Green Energy Limited,2019-05-10 20:44:00,ADANIGREEN
26-Apr-2019 17:14:00,,https://nsearchives.nseindia.com/corporate/ADANIGREEN_26042019171357_AGEL_305.pdf,"Adani Green Energy Limited has informed the Exchange regarding 'Certificate under regulation 74(5) of the SEBI (Depositories and Participants) Regulations, 2018'.",,,Updates,-,26042019171400,-,-,False,,,103473758,,INE364U01010,Adani Green Energy Limited,2019-04-26 17:14:00,ADANIGREEN
23-Apr-2019 15:25:00,,https://nsearchives.nseindia.com/corporate/ADANIGREEN_23042019152515_Update_201.pdf,Adani Green Energy Limited has informed the Exchange regarding Analysts/Institutional Investor Meet/Con. Call Updates,,,Analysts/Institutional Investor Meet/Con. Call Updates,-,23042019152500,-,-,False,,,103463741,,INE364U01010,Adani Green Energy Limited,2019-04-23 15:25:00,ADANIGREEN
18-Apr-2019 17:12:00,,https://nsearchives.nseindia.com/corporate/akshayr_18042019171137_ADANIGREEN_8150_reply_231.pdf,"Significant increase in volume has been observed in Adani Green Energy Limited. The Exchange, in order to ensure that investors have latest relevant information about the company and to inform the market place so that the interest of the investors is safeguarded, had written to the company. Adani Green Energy Limited has submitted their response.",,,Spurt in Volume,-,18042019171200,-,-,False,,,103457208,,INE364U01010,Adani Green Energy Limited,2019-04-18 17:12:00,ADANIGREEN
18-Apr-2019 16:46:00,,-,"Significant increase in volume has been observed in Adani Green Energy Limited. The Exchange, in order to ensure that investors have latest relevant information about the company and to inform the market place so that the interest of the investors is safeguarded, has written to the company. The response from the company is awaited.",,,Spurt in Volume,-,18042019164600,-,-,False,,,103457186,,INE364U01010,Adani Green Energy Limited,2019-04-18 16:46:00,ADANIGREEN
16-Apr-2019 18:12:00,,https://nsearchives.nseindia.com/corporate/listcontract1_16042019144146_Adanigreen_REG30_275.pdf,"The Promoter along with PAC has submitted to the Exchange a copy of Annual Disclosure under Regulation 30(1) and 30(2) of SEBI (Substantial Acquisition of Shares and Takeovers), Regulations, 2011 as on March 31, 2019.",,,Disc. under Reg.30 of SEBI (SAST) Reg.2011,-,16042019181200,-,-,False,,,103453972,,INE364U01010,Adani Green Energy Limited,2019-04-16 18:12:00,ADANIGREEN
08-Apr-2019 19:27:00,,https://nsearchives.nseindia.com/corporate/ADANIGREEN_08042019192634_SED_519.pdf,"Adani Green Energy Limited has informed the Exchange regarding the Trading Window closure pursuant to SEBI (Prohibition of Insider Trading) Regulations, 2015",,,Trading Window,-,08042019192700,-,-,False,,,103432051,,INE364U01010,Adani Green Energy Limited,2019-04-08 19:27:00,ADANIGREEN
08-Apr-2019 12:58:00,,https://nsearchives.nseindia.com/corporate/ADANIGREEN_08042019125815_SED_182.pdf,Adani Green Energy Limited has informed the Exchange regarding Analysts/Institutional Investor Meet/Con. Call Updates,,,Analysts/Institutional Investor Meet/Con. Call Updates,-,08042019125800,-,-,False,,,103431321,,INE364U01010,Adani Green Energy Limited,2019-04-08 12:58:00,ADANIGREEN
30-Mar-2019 16:36:00,,https://nsearchives.nseindia.com/corporate/ADANIGREEN_30032019163608_SELEtter_223.pdf,Adani Green Energy Limited has informed the Exchange regarding 'Code of Practices and Procedures for Fair Disclosure of Unpublished Price Sensitive Information ('UPSI')'.,,,Updates,-,30032019163600,-,-,False,,,103413179,,INE364U01010,Adani Green Energy Limited,2019-03-30 16:36:00,ADANIGREEN
23-Feb-2019 12:39:00,,https://nsearchives.nseindia.com/corporate/ADANIGREEN_23022019123857_SEd_004.pdf,Adani Green Energy Limited has informed the Exchange regarding 'Award of 150 MWac Solar Power Project to Wholly-Owned Subsidiary of the Company'.,,,Updates,-,23022019123900,-,-,False,,,103332284,,INE364U01010,Adani Green Energy Limited,2019-02-23 12:39:00,ADANIGREEN
07-Feb-2019 17:42:00,,https://nsearchives.nseindia.com/corporate/listcontract3_07022019173803_ADANIGREEN_outcome_315.pdf,"Adani Green Energy Limited has informed the Exchange regarding Outcome of Board Meeting held on February 07, 2019.",,,Outcome of Board Meeting,-,07022019174200,-,-,False,,,103292238,,INE364U01010,Adani Green Energy Limited,2019-02-07 17:42:00,ADANIGREEN
07-Feb-2019 16:49:00,,https://nsearchives.nseindia.com/corporate/ADANIGREEN_07022019164858_SED_242.pdf,Adani Green Energy Limited has informed the Exchange regarding Analysts/Institutional Investor Meet/Con. Call Updates,,,Analysts/Institutional Investor Meet/Con. Call Updates,-,07022019164900,-,-,False,,,103292183,,INE364U01010,Adani Green Energy Limited,2019-02-07 16:49:00,ADANIGREEN
07-Feb-2019 14:03:49,,https://nsearchives.nseindia.com/corporate/Outcome_07022019140349.zip,"Adani Green Energy Limited has submitted to the Exchange, the financial results for the period ended December 31, 2018.",,,Financial Result Updates,-,07022019140349,-,-,False,,,125615,,INE364U01010,Adani Green Energy Limited,2019-02-07 14:03:49,ADANIGREEN
05-Feb-2019 20:19:00,,https://nsearchives.nseindia.com/corporate/ADANIGREEN_05022019201825_SEDeclaration_571.pdf,Adani Green Energy Limited has informed the Exchange regarding Analysts/Institutional Investor Meet/Con. Call Updates,,,Analysts/Institutional Investor Meet/Con. Call Updates,-,05022019201900,-,-,False,,,103284955,,INE364U01010,Adani Green Energy Limited,2019-02-05 20:19:00,ADANIGREEN
05-Feb-2019 17:32:00,,https://nsearchives.nseindia.com/corporate/ADANIGREEN_05022019173131_SEDeclaration_391.pdf,Adani Green Energy Limited has informed the Exchange regarding 'Commissioning of 12 MWac Wind Power Project by and award of 390 MWac Hybrid Project to Wholly-owned Subsidiaries of the Company'.,,,Updates,-,05022019173200,-,-,False,,,103284789,,INE364U01010,Adani Green Energy Limited,2019-02-05 17:32:00,ADANIGREEN
14-Jan-2019 08:37:00,,https://nsearchives.nseindia.com/corporate/listcontract1_141201972247_SEDEclaration_014.pdf,Adani Green Energy Limited has informed the Exchange regarding 'Acquisition of balance 51% Equity Shares of Kodangal Solar Parks Private Limited'.,,,Acquisition,-,14012019083700,-,-,False,,,103220815,,INE364U01010,Adani Green Energy Limited,2019-01-14 08:37:00,ADANIGREEN
19-Nov-2018 20:42:00,,https://nsearchives.nseindia.com/corporate/ADANIGREEN_19112018204234_InvestorMeet_077.pdf,Adani Green Energy Limited has informed the Exchange regarding Analysts/Institutional Investor Meet/Con. Call Updates,,,Analysts/Institutional Investor Meet/Con. Call Updates,-,19112018204200,-,-,False,,,103093373,,INE364U01010,Adani Green Energy Limited,2018-11-19 20:42:00,ADANIGREEN
01-Nov-2018 12:34:00,,https://nsearchives.nseindia.com/corporate/ADANIGREEN_01112018123334_AptSRA_615.pdf,Adani Green Energy Limited has informed the Exchange regarding Change in Director(s) of the company.,,,Change in Director(s),-,01112018123400,-,-,False,,,103052549,,INE364U01010,Adani Green Energy Limited,2018-11-01 12:34:00,ADANIGREEN
31-Oct-2018 19:55:00,,https://nsearchives.nseindia.com/corporate/listcontract3_31102018195440_Adanigreen_outcome_482.pdf,"Adani Green Energy Limited has informed the Exchange regarding Outcome of Board Meeting held on October 31, 2018.",,,Outcome of Board Meeting,-,31102018195500,-,-,False,,,103049852,,INE364U01010,Adani Green Energy Limited,2018-10-31 19:55:00,ADANIGREEN
31-Oct-2018 16:41:56,,https://nsearchives.nseindia.com/corporate/OutcomeBM_31102018164156.zip,"Adani Green Energy Limited has submitted to the Exchange, the financial results for the period ended September 30, 2018.",,,Financial Result Updates,-,31102018164156,-,-,False,,,123405,,INE364U01010,Adani Green Energy Limited,2018-10-31 16:41:56,ADANIGREEN
29-Oct-2018 13:55:00,,https://nsearchives.nseindia.com/corporate/ADANIGREEN_29102018135504_AptofSMS397462_118.pdf,Adani Green Energy Limited has informed the Exchange regarding Change in Director(s) of the company.,,,Change in Director(s),-,29102018135500,-,-,False,,,103043028,,INE364U01010,Adani Green Energy Limited,2018-10-29 13:55:00,ADANIGREEN
26-Oct-2018 20:57:00,,https://nsearchives.nseindia.com/corporate/ADANIGREEN_26102018205645_Intimation396650_431.pdf,Adani Green Energy Limited has informed the Exchange regarding Analysts/Institutional Investor Meet/Con. Call Updates,,,Analysts/Institutional Investor Meet/Con. Call Updates,-,26102018205700,-,-,False,,,103040049,,INE364U01010,Adani Green Energy Limited,2018-10-26 20:57:00,ADANIGREEN
16-Oct-2018 15:44:00,,https://nsearchives.nseindia.com/corporate/ADANIGREEN_16102018154325_SEIntimationIncorporation_528.pdf,Adani Green Energy Limited has informed the Exchange regarding 'Incorporation of a Wholly-owned Subsidiary'.,,,Updates,-,16102018154400,-,-,False,,,103012572,,INE364U01010,Adani Green Energy Limited,2018-10-16 15:44:00,ADANIGREEN
25-Sep-2018 19:21:00,,https://nsearchives.nseindia.com/corporate/ADANIGREEN_25092018192041_AGELBidWin_264.pdf,Adani Green Energy Limited has informed the Exchange regarding 'Adani Green Energy Limited (��AGEL��) has won tender for setting up 300 MW Wind generation project'.,,,Updates,-,25092018192100,-,-,False,,,102959144,,INE364U01010,Adani Green Energy Limited,2018-09-25 19:21:00,ADANIGREEN
24-Sep-2018 19:26:00,,https://nsearchives.nseindia.com/corporate/ADANIGREEN_24092018192533_InvestorMeet_390.pdf,Adani Green Energy Limited has informed the Exchange regarding Analysts/Institutional Investor Meet/Con. Call Updates,,,Analysts/Institutional Investor Meet/Con. Call Updates,-,24092018192600,-,-,False,,,102954716,,INE364U01010,Adani Green Energy Limited,2018-09-24 19:26:00,ADANIGREEN
11-Sep-2018 19:31:00,,https://nsearchives.nseindia.com/corporate/ADANIGREEN_11092018193104_Incorporation_242.pdf,Adani Green Energy Limited has informed the Exchange regarding 'Intimation of Incorporation of a Wholly-owned Subsidiary'.,,,Updates,-,11092018193100,-,-,False,,,102931863,,INE364U01010,Adani Green Energy Limited,2018-09-11 19:31:00,ADANIGREEN
30-Aug-2018 16:09:00,,https://nsearchives.nseindia.com/corporate/ADANIGREEN_30082018160916_Intimation_654.pdf,Adani Green Energy Limited has informed the Exchange regarding Analysts/Institutional Investor Meet/Con. Call Updates,,,Analysts/Institutional Investor Meet/Con. Call Updates,-,30082018160900,-,-,False,,,102903026,,INE364U01010,Adani Green Energy Limited,2018-08-30 16:09:00,ADANIGREEN
24-Aug-2018 15:17:00,,https://nsearchives.nseindia.com/corporate/ADANIGREEN_24082018115957_Reply_164.pdf,"The Exchange had sought clarification from Adani Green Energy Limited with respect to Non-compliance as per Regulation 33 of the SEBI (Listing Obligations and Disclosure Requirements) Regulations, 2015.  On basis of above the Company was required to clarify the following:     -1. Standalone Reconciliation of profit and loss not submitted  The response of the Company is enclosed.",,,Reply to Clarification- Financial results,-,24082018151700,-,-,False,,,102890240,,INE364U01010,Adani Green Energy Limited,2018-08-24 15:17:00,ADANIGREEN
22-Aug-2018 10:04:00,,https://nsearchives.nseindia.com/corporate/ADANIGREEN_22082018100359_Incorporation_403.pdf,Adani Green Energy Limited has informed the Exchange regarding 'Incorporation of a Wholly-owned Subsidiary'.,,,Updates,-,22082018100400,-,-,False,,,102884138,,INE364U01010,Adani Green Energy Limited,2018-08-22 10:04:00,ADANIGREEN
21-Aug-2018 20:57:00,,https://nsearchives.nseindia.com/corporate/listcontract3_218201819859_Vietnam_379.pdf,"Adani Green Energy Limited has informed the Exchange regarding Subscription of Equity shares of "" Adani Phuoc Minh Wind Power Company Limited.",,,Updates,-,21082018205700,-,-,False,,,102882569,,INE364U01010,Adani Green Energy Limited,2018-08-21 20:57:00,ADANIGREEN
21-Aug-2018 20:48:00,,https://nsearchives.nseindia.com/corporate/listcontract3_2182018184953_USA_372.pdf,"Adani Green Energy Limited has informed the Exchange regarding the Company has signed Subscription Agreement on 20th August, 2018 for subscription of 5,100 shares of Adani Solar USA Inc"" USA constituting 51% of the total number of shares of Adani Solar USA Inc,.",,,Updates,-,21082018204800,-,-,False,,,102882557,,INE364U01010,Adani Green Energy Limited,2018-08-21 20:48:00,ADANIGREEN
21-Aug-2018 20:16:00,,-,"The Exchange has sought clarification from Adani Green Energy Limited with respect to Non-compliance as per Regulation 33 of the SEBI (Listing Obligations and Disclosure Requirements) Regulations, 2015.  On basis of above the Company is required to clarify the following:    -1. Standalone Reconciliation of profit and loss not submitted  The response of the Company is awaited.",,,Clarification - Financial Results,-,21082018201600,-,-,False,,,102882610,,INE364U01010,Adani Green Energy Limited,2018-08-21 20:16:00,ADANIGREEN
21-Aug-2018 17:30:00,,https://nsearchives.nseindia.com/corporate/listcontract1_2182018152835_Acquisition_203.pdf,"Adani Green Energy Limited has informed the Exchange that the Company has acquired 100% Equity Share Capital of Adani Green Energy Pte Limited (""AGEPteL"") from Adani Global Pte Limited.The said Company was incorporated in March, 2017 for the purpose of investment in international renewable businesses.",,,Acquisition,-,21082018173000,-,-,False,,,102882418,,INE364U01010,Adani Green Energy Limited,2018-08-21 17:30:00,ADANIGREEN
16-Aug-2018 17:03:00,,https://nsearchives.nseindia.com/corporate/Intimation_16082018170351_246.zip,Adani Green Energy Limited has informed the Exchange regarding 'Intimation for participation in Investor Conference'.,,,Updates,-,16082018170300,-,-,False,,,102872241,,INE364U01010,Adani Green Energy Limited,2018-08-16 17:03:00,ADANIGREEN
14-Aug-2018 14:44:00,,https://nsearchives.nseindia.com/corporate/BidCancellation_14082018144457_250.zip,"Adani Green Energy Limited has informed the Exchange regarding 'The tender of SECI won by Adani Green Energy Limited ('AGEL'), through its wholly owned subsidiary, Mahoba Solar (UP) Private Limited for setting up 300 MWac solar generation project has been annulled by SECI.'.",,,Updates,-,14082018144400,-,-,False,,,102868242,,INE364U01010,Adani Green Energy Limited,2018-08-14 14:44:00,ADANIGREEN
11-Aug-2018 13:08:14,,https://nsearchives.nseindia.com/corporate/Outcome_11082018130814.zip,"Adani Green Energy Limited has submitted to the Exchange, the financial results for the period ended June 30, 2018.",,,Financial Result Updates,-,11082018130814,-,-,False,,,122232,,INE364U01010,Adani Green Energy Limited,2018-08-11 13:08:14,ADANIGREEN
09-Aug-2018 20:46:00,,https://nsearchives.nseindia.com/corporate/AcquisitionofAREPL_09082018204638_554.zip,Adani Green Energy Limited has informed the Exchange regarding Acquisition of Adani Renewable Energy Park Limited.,,,Acquisition,-,09082018204600,-,-,False,,,102858064,,INE364U01010,Adani Green Energy Limited,2018-08-09 20:46:00,ADANIGREEN
08-Aug-2018 19:30:00,,https://nsearchives.nseindia.com/corporate/AGM2018_08082018193048_457.zip,Adani Green Energy Limited has informed the Exchange regarding 'Submission Of Voting Results And Scrutinizer's Report'.,,,Updates,-,08082018193000,-,-,False,,,102854959,,INE364U01010,Adani Green Energy Limited,2018-08-08 19:30:00,ADANIGREEN
08-Aug-2018 14:24:00,,https://nsearchives.nseindia.com/corporate/InvestorCall_08082018142418_144.zip,Adani Green Energy Limited has informed the Exchange regarding Analysts/Institutional Investor Meet/Con. Call Updates,,,Analysts/Institutional Investor Meet/Con. Call Updates,-,08082018142400,-,-,False,,,102854654,,INE364U01010,Adani Green Energy Limited,2018-08-08 14:24:00,ADANIGREEN
07-Aug-2018 15:01:00,,https://nsearchives.nseindia.com/corporate/AGMProceedings_07082018150145_789.zip,"Adani Green Energy Limited has informed the Exchange regarding 'Proceedings of the 3rd Annual General Meeting of Adani Green Energy Limited held on 7th August, 2018'.",,,Updates,-,07082018150100,-,-,False,,,102851250,,INE364U01010,Adani Green Energy Limited,2018-08-07 15:01:00,ADANIGREEN
28-Jul-2018 17:10:00,,https://nsearchives.nseindia.com/corporate/AGEL_28072018171020_674.zip,Adani Green Energy Limited has informed the Exchange regarding 'Change in Website and Email ID of the Company'.,,,Updates,-,28072018171000,-,-,False,,,102825586,,INE364U01010,Adani Green Energy Limited,2018-07-28 17:10:00,ADANIGREEN
27-Jul-2018 17:11:00,,https://nsearchives.nseindia.com/corporate/Update_27072018171102_298.zip,"Adani Green Energy Limited has informed the Exchange regarding 'The tender of UPNEDA won by Adani Green Energy Limited (��AGEL��), through its wholly owned subsidiary, Mahoba Solar (UP) Private Limited for setting up 250 MWac solar generation project has been annulled by UPNEDA.'.",,,Updates,-,27072018171100,-,-,False,,,102824057,,INE364U01010,Adani Green Energy Limited,2018-07-27 17:11:00,ADANIGREEN
25-Jul-2018 09:53:00,,https://nsearchives.nseindia.com/corporate/ADANIGREEN_7559_reply_25072018095327.zip,"Significant increase in price has been observed in Adani Green Energy Limited. The Exchange, in order to ensure that investors have latest relevant information about the company and to inform the market place so that the interest of the investors is safeguarded, had written to the company. Adani Green Energy Limited has submitted their response.",,,Price movement,-,25072018095300,-,-,False,,,102814589,,INE364U01010,Adani Green Energy Limited,2018-07-25 09:53:00,ADANIGREEN
24-Jul-2018 17:53:00,,-,"Significant increase in price has been observed in Adani Green Energy Limited. The Exchange, in order to ensure that investors have latest relevant information about the company and to inform the market place so that the interest of the investors is safeguarded, has written to the company. The response from the company is awaited.",,,Price movement,-,24072018175300,-,-,False,,,102813259,,INE364U01010,Adani Green Energy Limited,2018-07-24 17:53:00,ADANIGREEN
16-Jul-2018 12:13:00,,https://nsearchives.nseindia.com/corporate/Adani_16072018121323.zip,"Adani Green Energy Limited has informed the Exchange that the Register of Members and Share Transfer Books of the Company will remain closed from July 31, 2018 to August 07, 2018 (both days inclusive) for the purpose of  Annual General Meeting (AGM) of the Company to be held on August 07, 2018.",,,AGM/Book Closure,-,16072018121300,-,-,False,,,102793397,,INE364U01010,Adani Green Energy Limited,2018-07-16 12:13:00,ADANIGREEN
16-Jul-2018 11:59:00,,https://nsearchives.nseindia.com/corporate/Newspaper_16072018115916_589.zip,"Adani Green Energy Limited has informed the Exchange regarding 'Intimation Under Regulation 47 Of The SEBI (Listing Obligations And Disclosure Requirements) Regulations, 2015'.",,,Updates,-,16072018115900,-,-,False,,,102793398,,INE364U01010,Adani Green Energy Limited,2018-07-16 11:59:00,ADANIGREEN
14-Jul-2018 18:11:00,,https://nsearchives.nseindia.com/corporate/14_14072018181139_436.zip,Adani Green Energy Limited has informed the Exchange regarding 'Intimation of Book Closure for Annual General Meeting'.,,,Updates,-,14072018181100,-,-,False,,,102791526,,INE364U01010,Adani Green Energy Limited,2018-07-14 18:11:00,ADANIGREEN
14-Jul-2018 11:10:00,,https://nsearchives.nseindia.com/corporate/AR_14072018111037_376.zip,Adani Green Energy Limited has informed the Exchange regarding 'Notice of the 3rd Annual General Meeting alongwith Annual Report of the Company for the FY 2017-18'.,,,Updates,-,14072018111000,-,-,False,,,102791389,,INE364U01010,Adani Green Energy Limited,2018-07-14 11:10:00,ADANIGREEN
13-Jul-2018 18:35:00,,https://nsearchives.nseindia.com/corporate/SE_13072018183521_299.zip,"Adani Green Energy Limited has informed the Exchange regarding 'Adani Green Energy Limited (��AGEL��), through its wholly owned subsidiary, Mahoba Solar (UP) Private Limited has won tender for setting up 300 MWac solar generation project'.",,,Updates,-,13072018183500,-,-,False,,,102790243,,INE364U01010,Adani Green Energy Limited,2018-07-13 18:35:00,ADANIGREEN
12-Jul-2018 19:18:00,,https://nsearchives.nseindia.com/corporate/SE_12072018191854_588.zip,"Adani Green Energy Limited has informed the Exchange regarding 'Adani Green Energy Limited (��AGEL��), through its wholly owned subsidiary, Mahoba Solar (UP) Private Limited has won tenders for setting up 300 MWac solar generation projects.'.",,,Updates,-,12072018191800,-,-,False,,,102786928,,INE364U01010,Adani Green Energy Limited,2018-07-12 19:18:00,ADANIGREEN
