date,adj
2007-01-02,197.39401245117188
2007-01-03,195.91188049316406
2007-01-04,194.23849487304688
2007-01-05,198.3980712890625
2007-01-08,198.3406982421875
2007-01-09,207.9794921875
2007-01-10,218.29718017578125
2007-01-11,229.21728515625
2007-01-12,240.6824493408203
2007-01-15,252.72137451171875
2007-01-16,263.70843505859375
2007-01-17,273.2133483886719
2007-01-18,262.88604736328125
2007-01-19,257.99017333984375
2007-01-22,249.3745880126953
2007-01-23,236.90536499023438
2007-01-24,232.0286102294922
2007-01-25,243.63719177246094
2007-01-29,237.75640869140625
2007-01-31,239.1620635986328
2007-02-01,249.35540771484375
2007-02-02,248.07406616210938
2007-02-05,244.29698181152344
2007-02-06,245.8651885986328
2007-02-07,244.28741455078125
2007-02-08,240.8737030029297
2007-02-09,237.57472229003906
2007-02-12,213.822021484375
2007-02-13,216.89154052734375
2007-02-14,198.3024444580078
2007-02-15,209.5476837158203
2007-02-19,212.16773986816406
2007-02-20,201.09463500976562
2007-02-21,206.08616638183594
2007-02-22,206.7937774658203
2007-02-23,186.1201171875
2007-02-26,167.51190185546875
2007-02-27,159.13539123535156
2007-02-28,151.17959594726562
2007-03-01,143.6253662109375
2007-03-02,136.444091796875
2007-03-05,129.62620544433594
2007-03-06,123.15253448486328
2007-03-07,116.99442291259766
2007-03-08,111.1518783569336
2007-03-09,105.59620666503906
2007-03-12,100.31782531738281
2007-03-13,95.30718994140625
2007-03-14,90.54517364501953
2007-03-15,86.02222442626953
2007-03-16,81.72876739501953
2007-03-19,77.64566040039062
2007-03-20,73.76338958740234
2007-03-21,70.08190155029297
2007-03-22,66.58211517333984
2007-03-23,63.25445556640625
2007-03-26,60.09889602661133
2007-03-28,57.096336364746094
2007-03-29,54.246788024902344
2007-03-30,51.54066467285156
2007-04-02,48.968406677246094
2007-04-03,46.520469665527344
2007-04-04,48.85365676879883
2007-04-05,51.301605224609375
2007-04-09,53.87385940551758
2007-04-10,56.57041931152344
2007-04-11,59.400848388671875
2007-04-12,62.37471008300781
2007-04-13,65.5015869140625
2007-04-16,68.78144073486328
2007-04-17,72.22386932373047
2007-04-18,68.61888885498047
2007-04-19,71.64056396484375
2007-04-20,75.2264175415039
2007-04-23,78.99395751953125
2007-04-24,82.94317626953125
2007-04-25,87.09319305419922
2007-04-26,90.29655456542969
2007-04-27,89.52202606201172
2007-04-30,87.83905792236328
2007-05-03,83.80377960205078
2007-05-04,79.63461303710938
2007-05-07,78.19071960449219
2007-05-08,76.99543762207031
2007-05-09,76.26870727539062
2007-05-10,75.08297729492188
2007-05-11,72.8645248413086
2007-05-14,71.06682586669922
2007-05-15,69.08743286132812
2007-05-16,72.54895782470703
2007-05-17,76.18264770507812
2007-05-18,76.03919982910156
2007-05-21,75.3698501586914
2007-05-22,73.16095733642578
2007-05-23,70.52178192138672
2007-05-24,73.98332214355469
2007-05-25,71.4875717163086
2007-05-28,71.64056396484375
2007-05-29,72.84541320800781
2007-05-30,71.15289306640625
2007-05-31,72.4342269897461
2007-06-01,70.67477416992188
2007-06-04,69.90022277832031
2007-06-05,69.61335754394531
2007-06-06,68.2268295288086
2007-06-07,66.05619049072266
2007-06-08,62.84326934814453
2007-06-11,63.20664596557617
2007-06-12,61.14118194580078
2007-06-13,59.84071350097656
2007-06-14,61.11249542236328
2007-06-15,61.26549530029297
2007-06-18,59.735530853271484
2007-06-19,58.138633728027344
2007-06-20,58.21512985229492
2007-06-21,56.12099075317383
2007-06-22,55.75762939453125
2007-06-25,56.235740661621094
2007-06-26,57.39276885986328
2007-06-27,57.01984786987305
2007-06-28,56.723411560058594
2007-06-29,57.918697357177734
2007-07-02,56.532169342041016
2007-07-03,56.063621520996094
2007-07-04,56.48435592651367
2007-07-05,54.83008575439453
2007-07-06,57.73701477050781
2007-07-09,57.125030517578125
2007-07-10,55.56637954711914
2007-07-11,56.20704650878906
2007-07-12,56.41741943359375
2007-07-13,55.5759391784668
2007-07-16,55.078704833984375
2007-07-17,54.29458999633789
2007-07-18,53.33835983276367
2007-07-19,52.33433151245117
2007-07-20,51.73190689086914
2007-07-23,50.72785949707031
2007-07-24,51.196414947509766
2007-07-25,49.80989074707031
2007-07-26,49.33177947998047
2007-07-27,46.77864456176758
2007-07-30,46.85513687133789
2007-07-31,47.45757293701172
2007-08-01,44.56019973754883
2007-08-02,44.196834564208984
2007-08-03,43.011112213134766
2007-08-06,40.92653274536133
2007-08-07,40.6301155090332
2007-08-08,44.69407653808594
2007-08-09,49.16921615600586
2007-08-10,54.093780517578125
2007-08-13,56.79991149902344
2007-08-14,59.63990783691406
2007-08-16,58.014320373535156
2007-08-17,56.331356048583984
2007-08-20,56.93378448486328
2007-08-21,54.093780517578125
2007-08-22,51.397220611572266
2007-08-23,48.834537506103516
2007-08-24,46.43440628051758
2007-08-27,48.75803756713867
2007-08-28,51.196414947509766
2007-08-29,52.24827194213867
2007-08-30,52.19089889526367
2007-08-31,50.880863189697266
2007-09-03,51.29204177856445
2007-09-04,50.89999008178711
2007-09-05,50.574867248535156
2007-09-06,50.058509826660156
2007-09-07,55.06914138793945
2007-09-10,55.28907012939453
2007-09-11,53.854732513427734
2007-09-12,53.19493865966797
2007-09-13,53.4531135559082
2007-09-14,52.02833938598633
2007-09-17,51.22510528564453
2007-09-18,53.81648254394531
2007-09-19,53.71129608154297
2007-09-20,54.02798080444336
2007-09-21,59.430782318115234
2007-09-24,58.212032318115234
2007-09-25,57.127628326416016
2007-09-26,57.799381256103516
2007-09-27,60.21768569946289
2007-09-28,66.2442398071289
2007-10-01,68.70095825195312
2007-10-03,63.70119094848633
2007-10-04,61.87786865234375
2007-10-05,61.80109786987305
2007-10-08,56.02404022216797
2007-10-09,57.11803436279297
2007-10-10,57.42512512207031
2007-10-11,57.770591735839844
2007-10-12,55.93767166137695
2007-10-15,56.11041259765625
2007-10-16,55.793724060058594
2007-10-17,53.99918746948242
2007-10-18,52.22384262084961
2007-10-19,49.47926712036133
2007-10-22,49.05702209472656
2007-10-23,51.64805603027344
2007-10-24,51.417747497558594
2007-10-25,49.36410903930664
2007-10-26,49.7287712097168
2007-10-29,50.141414642333984
2007-10-30,49.24895477294922
2007-10-31,48.289310455322266
2007-11-01,46.97459411621094
2007-11-02,47.6943244934082
2007-11-05,47.14733123779297
2007-11-06,45.832618713378906
2007-11-07,45.324005126953125
2007-11-08,45.49674606323242
2007-11-12,45.5255241394043
2007-11-13,45.99575424194336
2007-11-14,45.79423141479492
2007-11-15,45.98615646362305
2007-11-16,51.273799896240234
2007-11-19,53.692100524902344
2007-11-20,53.96080780029297
2007-11-21,49.076210021972656
2007-11-22,48.231727600097656
2007-11-23,48.92266845703125
2007-11-26,48.989845275878906
2007-11-27,48.30849838256836
2007-11-28,48.289310455322266
2007-11-29,50.294960021972656
2007-11-30,49.1817741394043
2007-12-03,50.35254669189453
2007-12-04,50.7747802734375
2007-12-05,52.1470832824707
2007-12-06,62.578407287597656
2007-12-07,58.845394134521484
2007-12-10,59.901004791259766
2007-12-11,59.96818161010742
2007-12-12,60.2272834777832
2007-12-13,60.12172317504883
2007-12-14,62.90468978881836
2007-12-17,59.62270736694336
2007-12-18,59.62270736694336
2007-12-19,59.89141082763672
2007-12-20,58.260005950927734
2007-12-24,59.47875213623047
2007-12-26,60.45759963989258
2007-12-27,60.16970443725586
2007-12-28,63.56684494018555
2007-12-31,68.17313385009766
2008-01-01,81.80968475341797
2008-01-02,98.17162322998047
2008-01-03,96.84730529785156
2008-01-04,88.891845703125
2008-01-07,91.329345703125
2008-01-08,83.40270233154297
2008-01-09,80.33182525634766
2008-01-10,75.6871566772461
2008-01-11,71.71422576904297
2008-01-14,75.37046813964844
2008-01-15,78.65245056152344
2008-01-16,75.26490783691406
2008-01-17,76.87711334228516
2008-01-18,70.05404663085938
2008-01-21,63.307735443115234
2008-01-22,56.98368453979492
2008-01-23,55.37147903442383
2008-01-24,52.60770797729492
2008-01-25,54.920448303222656
2008-01-28,53.24106979370117
2008-01-29,53.77846908569336
2008-01-30,51.43694305419922
2008-01-31,50.563663482666016
2008-02-01,50.717201232910156
2008-02-04,52.396583557128906
2008-02-05,53.740081787109375
2008-02-06,52.386985778808594
2008-02-07,50.55406951904297
2008-02-08,48.68276596069336
2008-02-11,46.254859924316406
2008-02-12,43.942115783691406
2008-02-13,43.049644470214844
2008-02-14,45.00732421875
2008-02-15,46.20688247680664
2008-02-18,47.454410552978516
2008-02-19,47.62715148925781
2008-02-20,45.29521942138672
2008-02-21,44.99772644042969
2008-02-22,44.853782653808594
2008-02-25,44.83458709716797
2008-02-26,45.362396240234375
2008-02-27,44.36436080932617
2008-02-28,44.316375732421875
2008-02-29,44.34516906738281
2008-03-03,42.17637252807617
2008-03-04,40.09394454956055
2008-03-05,38.38577651977539
2008-03-07,36.466487884521484
2008-03-10,33.75068664550781
2008-03-11,37.12863540649414
2008-03-12,38.76963806152344
2008-03-13,35.31491470336914
2008-03-14,37.483707427978516
2008-03-17,36.16899490356445
2008-03-18,33.29005813598633
2008-03-19,31.45713996887207
2008-03-24,31.00611114501953
2008-03-25,33.00217056274414
2008-03-26,34.911869049072266
2008-03-27,35.79473876953125
2008-03-28,38.48173522949219
2008-03-31,40.90003967285156
2008-04-01,42.953678131103516
2008-04-02,45.1032829284668
2008-04-03,44.74821853637695
2008-04-04,43.72140121459961
2008-04-07,43.539066314697266
2008-04-08,42.416282653808594
2008-04-09,42.253143310546875
2008-04-10,42.94408416748047
2008-04-11,45.09368896484375
2008-04-15,44.316375732421875
2008-04-16,43.33753967285156
2008-04-17,44.3067741394043
2008-04-21,46.5235595703125
2008-04-22,46.26445388793945
2008-04-23,45.9765625
2008-04-24,45.45835494995117
2008-04-25,45.94777297973633
2008-04-28,45.266422271728516
2008-04-29,45.247230529785156
2008-04-30,45.544715881347656
2008-05-02,45.0840950012207
2008-05-05,46.859432220458984
2008-05-06,44.94014358520508
2008-05-07,44.94014358520508
2008-05-08,44.36436080932617
2008-05-09,42.761756896972656
2008-05-12,41.31269073486328
2008-05-13,41.974849700927734
2008-05-14,41.706146240234375
2008-05-15,42.569828033447266
2008-05-16,42.48345184326172
2008-05-20,44.16283416748047
2008-05-21,43.99009323120117
2008-05-22,42.7713508605957
2008-05-23,42.061214447021484
2008-05-26,40.544979095458984
2008-05-27,39.65250778198242
2008-05-28,39.74846649169922
2008-05-29,39.710086822509766
2008-05-30,38.59689712524414
2008-06-02,37.71402359008789
2008-06-03,36.68720626831055
2008-06-04,37.14783477783203
2008-06-05,36.8983268737793
2008-06-06,36.802364349365234
2008-06-09,34.07697677612305
2008-06-10,33.25168228149414
2008-06-11,34.595176696777344
2008-06-12,33.85625457763672
2008-06-13,34.0193977355957
2008-06-16,34.182533264160156
2008-06-17,34.700740814208984
2008-06-18,34.72952651977539
2008-06-19,33.53956985473633
2008-06-20,32.41678237915039
2008-06-23,30.382341384887695
2008-06-24,29.40350341796875
2008-06-25,29.62421989440918
2008-06-26,29.969694137573242
2008-06-27,28.587806701660156
2008-06-30,27.445831298828125
2008-07-01,25.008331298828125
2008-07-02,25.2386474609375
2008-07-03,24.595685958862305
2008-07-04,25.07550811767578
2008-07-07,25.92959213256836
2008-07-08,24.969947814941406
2008-07-09,26.409412384033203
2008-07-10,28.30950927734375
2008-07-11,27.14834213256836
2008-07-14,26.00636100769043
2008-07-15,25.171470642089844
2008-07-16,24.269407272338867
2008-07-17,24.39415740966797
2008-07-18,24.758825302124023
2008-07-21,25.027523040771484
2008-07-22,25.92959213256836
2008-07-23,27.964038848876953
2008-07-24,27.26349639892578
2008-07-25,26.1599063873291
2008-07-28,27.08116340637207
2008-07-29,26.198291778564453
2008-07-30,26.649324417114258
2008-07-31,26.409412384033203
2008-08-01,26.822057723999023
2008-08-04,26.831655502319336
2008-08-05,27.8488826751709
2008-08-06,33.424415588378906
2008-08-07,36.8983268737793
2008-08-08,34.508811950683594
2008-08-11,35.7851448059082
2008-08-12,34.41284942626953
2008-08-13,33.529972076416016
2008-08-14,31.735441207885742
2008-08-18,31.26521873474121
2008-08-19,30.411134719848633
2008-08-20,36.49527359008789
2008-08-21,36.6296272277832
2008-08-22,35.449256896972656
2008-08-25,35.89070510864258
2008-08-26,35.10379409790039
2008-08-27,33.760284423828125
2008-08-28,32.43598175048828
2008-08-29,38.04990005493164
2008-09-01,35.852317810058594
2008-09-02,36.35133361816406
2008-09-04,35.478050231933594
2008-09-05,34.39365768432617
2008-09-08,35.24773406982422
2008-09-09,34.710330963134766
2008-09-10,33.8658561706543
2008-09-11,33.481990814208984
2008-09-12,32.56073760986328
2008-09-15,29.69139862060547
2008-09-16,28.587806701660156
2008-09-17,30.51668930053711
2008-09-18,29.290231704711914
2008-09-19,31.781782150268555
2008-09-22,31.926637649536133
2008-09-23,30.574634552001953
2008-09-24,31.096120834350586
2008-09-25,30.439434051513672
2008-09-26,28.739768981933594
2008-09-29,27.899595260620117
2008-09-30,27.291194915771484
2008-10-01,27.17530632019043
2008-10-03,25.939186096191406
2008-10-06,23.59249496459961
2008-10-07,22.646089553833008
2008-10-08,19.41093635559082
2008-10-10,16.166118621826172
2008-10-13,17.691953659057617
2008-10-14,18.754243850708008
2008-10-15,16.938695907592773
2008-10-16,16.75520896911621
2008-10-17,15.316286087036133
2008-10-20,15.152116775512695
2008-10-21,15.625319480895996
2008-10-22,14.949315071105957
2008-10-23,14.19605541229248
2008-10-24,12.824735641479492
2008-10-27,11.569300651550293
2008-10-29,12.457762718200684
2008-10-31,12.660562515258789
2008-11-03,13.935312271118164
2008-11-04,14.4471435546875
2008-11-05,14.833429336547852
2008-11-06,14.138113021850586
2008-11-07,14.089827537536621
2008-11-10,14.7947998046875
2008-11-11,14.128456115722656
2008-11-12,13.577996253967285
2008-11-14,13.133766174316406
2008-11-17,12.631593704223633
2008-11-18,12.341876983642578
2008-11-19,11.945932388305664
2008-11-20,11.38581657409668
2008-11-21,11.192672729492188
2008-11-24,10.729127883911133
2008-11-25,11.269930839538574
2008-11-26,11.839704513549805
2008-11-27,11.839704513549805
2008-11-28,11.994217872619629
2008-12-01,12.370847702026367
2008-12-02,11.752790451049805
2008-12-03,11.559645652770996
2008-12-04,11.588617324829102
2008-12-05,11.733473777770996
2008-12-08,11.897645950317383
2008-12-10,12.254961967468262
2008-12-11,12.853707313537598
2008-12-12,13.500738143920898
2008-12-15,14.176741600036621
2008-12-16,14.891373634338379
2008-12-17,14.176741600036621
2008-12-18,13.848397254943848
2008-12-19,13.954626083374023
2008-12-22,14.19605541229248
2008-12-23,13.510395050048828
2008-12-24,12.969593048095703
2008-12-26,12.70884895324707
2008-12-29,12.834393501281738
2008-12-30,13.085479736328125
2008-12-31,13.201366424560547
2009-01-02,14.11879825592041
2009-01-05,14.408514976501465
2009-01-06,13.964282989501953
2009-01-07,12.718507766723633
2009-01-09,11.665873527526855
2009-01-12,11.646560668945312
2009-01-13,11.598275184631348
2009-01-14,11.62724494934082
2009-01-15,11.06712818145752
2009-01-16,10.816041946411133
2009-01-19,11.076786041259766
2009-01-20,10.98021411895752
2009-01-21,10.226954460144043
2009-01-22,10.062783241271973
2009-01-23,10.05312442779541
2009-01-27,10.88364315032959
2009-01-28,11.907303810119629
2009-01-29,12.303247451782227
2009-01-30,12.641250610351562
2009-02-02,12.013532638549805
2009-02-03,11.414787292480469
2009-02-04,10.941587448120117
2009-02-05,10.729127883911133
2009-02-06,11.269930839538574
2009-02-09,11.134730339050293
2009-02-10,11.231301307678223
2009-02-11,11.125072479248047
2009-02-12,11.105758666992188
2009-02-13,11.250615119934082
2009-02-16,10.989872932434082
2009-02-17,10.613241195678711
2009-02-18,10.468384742736816
2009-02-19,10.449069023132324
2009-02-20,10.091753005981445
2009-02-24,9.773066520690918
2009-02-25,10.130383491516113
2009-02-26,9.98552417755127
2009-02-27,9.744094848632812
2009-03-02,9.261237144470215
2009-03-03,8.903921127319336
2009-03-04,8.45969009399414
2009-03-05,8.044431686401367
2009-03-06,7.648487567901611
2009-03-09,7.271857738494873
2009-03-12,6.914541721343994
2009-03-13,6.576540470123291
2009-03-16,6.257852554321289
2009-03-17,6.537911415100098
2009-03-18,6.866255760192871
2009-03-19,7.213914394378662
2009-03-20,7.580887317657471
2009-03-23,7.967174053192139
2009-03-24,7.870601177215576
2009-03-25,7.706430435180664
2009-03-26,8.015459060668945
2009-03-27,8.276203155517578
2009-03-30,7.870601177215576
2009-03-31,7.8995747566223145
2009-04-01,8.063745498657227
2009-04-02,8.469347953796387
2009-04-06,8.55626106262207
2009-04-08,8.990835189819336
2009-04-09,9.444723129272461
2009-04-13,9.917926788330078
2009-04-15,10.420098304748535
2009-04-16,10.478041648864746
2009-04-17,10.854670524597168
2009-04-20,10.835355758666992
2009-04-21,11.134730339050293
2009-04-22,10.603583335876465
2009-04-23,10.62289810180664
2009-04-24,10.690498352050781
2009-04-27,10.458725929260254
2009-04-28,10.04346752166748
2009-04-29,10.226954460144043
2009-04-30,10.226954460144043
2009-05-04,10.439414978027344
2009-05-05,10.671184539794922
2009-05-06,10.632556915283203
2009-05-07,11.047813415527344
2009-05-08,10.362154006958008
2009-05-11,10.226954460144043
2009-05-12,10.236611366271973
2009-05-13,10.284897804260254
2009-05-14,10.169011116027832
2009-05-15,9.946897506713867
2009-05-18,10.941587448120117
2009-05-19,12.042503356933594
2009-05-20,13.249651908874512
2009-05-21,13.915996551513672
2009-05-22,14.61131477355957
2009-05-25,15.345260620117188
2009-05-26,16.0019474029541
2009-05-27,16.79383659362793
2009-05-28,15.95366382598877
2009-05-29,16.146806716918945
2009-06-01,16.73589324951172
2009-06-02,16.996641159057617
2009-06-03,17.469839096069336
2009-06-04,18.223100662231445
2009-06-05,18.319669723510742
2009-06-08,17.411897659301758
2009-06-09,17.160810470581055
2009-06-10,16.45583724975586
2009-06-11,15.95366382598877
2009-06-12,15.248688697814941
2009-06-15,14.96863079071045
2009-06-16,15.229375839233398
2009-06-17,14.505084991455078
2009-06-18,13.790453910827637
2009-06-19,13.500738143920898
2009-06-22,13.027536392211914
2009-06-23,13.336566925048828
2009-06-24,13.973941802978516
2009-06-25,13.732511520385742
2009-06-26,13.742168426513672
2009-06-29,13.954626083374023
2009-06-30,13.297937393188477
2009-07-01,13.829083442687988
2009-07-02,14.524398803710938
2009-07-03,15.007258415222168
2009-07-06,14.263657569885254
2009-07-07,13.674567222595215
2009-07-08,12.621935844421387
2009-07-09,12.438448905944824
2009-07-10,13.55868148803711
2009-07-13,13.375195503234863
2009-07-14,13.935312271118164
2009-07-15,14.96863079071045
2009-07-16,16.079206466674805
2009-07-17,16.89040756225586
2009-07-20,17.518125534057617
2009-07-21,17.315324783325195
2009-07-22,17.20909309387207
2009-07-23,17.363609313964844
2009-07-24,17.363609313964844
2009-07-27,17.469839096069336
2009-07-28,18.329330444335938
2009-07-29,18.310012817382812
2009-07-30,19.150190353393555
2009-07-31,19.63304901123047
2009-08-03,20.511852264404297
2009-08-04,20.88848114013672
2009-08-05,21.94111442565918
2009-08-06,21.496885299682617
2009-08-07,21.622426986694336
2009-08-10,21.400314331054688
2009-08-11,21.400314331054688
2009-08-12,20.463565826416016
2009-08-13,21.487226486206055
2009-08-14,21.110597610473633
2009-08-17,20.077280044555664
2009-08-18,21.05265235900879
2009-08-19,20.492534637451172
2009-08-20,20.830535888671875
2009-08-21,20.849853515625
2009-08-24,21.81557273864746
2009-08-25,22.607460021972656
2009-08-26,22.17288589477539
2009-08-27,22.1439151763916
2009-08-28,23.06134796142578
2009-08-31,23.61180877685547
2009-09-01,23.756664276123047
2009-09-02,23.563520431518555
2009-09-03,23.06134796142578
2009-09-04,23.206207275390625
2009-09-07,24.056039810180664
2009-09-08,23.602149963378906
2009-09-09,23.68906593322754
2009-09-10,23.312435150146484
2009-09-11,22.578487396240234
2009-09-14,22.906831741333008
2009-09-15,23.33174705505371
2009-09-16,23.360721588134766
2009-09-17,23.447635650634766
2009-09-18,23.650434494018555
2009-09-22,25.412778854370117
2009-09-23,24.711734771728516
2009-09-24,24.984363555908203
2009-09-25,26.259872436523438
2009-09-29,25.98724365234375
2009-09-30,26.191713333129883
2009-10-01,25.558828353881836
2009-10-05,24.58515739440918
2009-10-06,24.74094581604004
2009-10-07,24.400161743164062
2009-10-08,24.91620635986328
2009-10-09,24.604633331298828
2009-10-12,24.507265090942383
2009-10-13,24.507265090942383
2009-10-14,25.03304672241211
2009-10-15,24.84804916381836
2009-10-16,25.88014030456543
2009-10-20,25.958030700683594
2009-10-21,25.39330291748047
2009-10-22,24.731210708618164
2009-10-23,24.750682830810547
2009-10-26,24.361215591430664
2009-10-27,23.066234588623047
2009-10-28,22.705976486206055
2009-10-29,22.520977020263672
2009-10-30,22.277559280395508
2009-11-03,21.927040100097656
2009-11-04,22.335981369018555
2009-11-05,22.50150489807129
2009-11-06,23.3388614654541
2009-11-09,24.672786712646484
2009-11-10,24.341737747192383
2009-11-11,24.93568229675293
2009-11-12,24.93568229675293
2009-11-13,24.828577041625977
2009-11-16,25.10120391845703
2009-11-17,25.071992874145508
2009-11-18,24.70199966430664
2009-11-19,24.682525634765625
2009-11-20,24.546213150024414
2009-11-23,25.110939025878906
2009-11-24,24.692264556884766
2009-11-25,29.39508819580078
2009-11-26,32.189517974853516
2009-11-27,30.174022674560547
2009-11-30,32.09214782714844
2009-12-01,31.955835342407227
2009-12-02,31.322952270507812
2009-12-03,31.030851364135742
2009-12-04,31.293739318847656
2009-12-07,30.767961502075195
2009-12-08,31.7611026763916
2009-12-09,31.07953643798828
2009-12-10,30.875064849853516
2009-12-11,30.544017791748047
2009-12-14,29.75534439086914
2009-12-15,29.044565200805664
2009-12-16,28.77193832397461
2009-12-17,33.4844970703125
2009-12-18,33.74738693237305
2009-12-21,33.465023040771484
2009-12-22,33.708438873291016
2009-12-23,33.61107635498047
2009-12-24,32.98793029785156
2009-12-29,33.114505767822266
2009-12-30,32.65688705444336
2009-12-31,34.419219970703125
2010-01-04,33.9323844909668
2010-01-05,35.64604568481445
2010-01-06,35.568153381347656
2010-01-07,35.57788848876953
2010-01-08,35.324729919433594
2010-01-11,35.7823600769043
2010-01-12,35.65578079223633
2010-01-13,35.49026107788086
2010-01-14,36.52234649658203
2010-01-15,35.714202880859375
2010-01-18,37.64207077026367
2010-01-19,37.41812515258789
2010-01-20,37.66154098510742
2010-01-21,37.40838623046875
2010-01-22,37.009178161621094
2010-01-25,37.34022903442383
2010-01-27,33.49423599243164
2010-01-28,33.59160232543945
2010-01-29,33.6500244140625
2010-02-01,39.40441131591797
2010-02-02,37.388912200927734
2010-02-03,38.05101013183594
2010-02-04,36.61971664428711
2010-02-05,34.63343048095703
2010-02-08,34.97421646118164
2010-02-09,35.62657928466797
2010-02-10,34.954742431640625
2010-02-11,35.9965705871582
2010-02-15,36.89234161376953
2010-02-16,37.223388671875
2010-02-17,36.863136291503906
2010-02-18,36.39577102661133
2010-02-19,35.568153381347656
2010-02-22,34.90605163574219
2010-02-23,34.458168029785156
2010-02-24,34.70158004760742
2010-02-25,34.643165588378906
2010-02-26,35.14947509765625
2010-03-02,35.94788360595703
2010-03-03,36.19130325317383
2010-03-04,39.17073059082031
2010-03-05,38.829952239990234
2010-03-08,39.35572814941406
2010-03-09,38.60600662231445
2010-03-10,39.78414535522461
2010-03-11,39.93019104003906
2010-03-12,39.71599197387695
2010-03-15,39.58940887451172
2010-03-16,39.70624542236328
2010-03-17,40.87465286254883
2010-03-18,42.37410354614258
2010-03-19,42.46173095703125
2010-03-22,42.1112174987793
2010-03-23,43.1432991027832
2010-03-25,42.76356506347656
2010-03-26,42.87067413330078
2010-03-29,42.40331268310547
2010-03-30,46.356414794921875
2010-03-31,44.126712799072266
2010-04-01,47.320343017578125
2010-04-05,46.434303283691406
2010-04-06,46.960086822509766
2010-04-07,47.339813232421875
2010-04-08,46.502464294433594
2010-04-09,47.06718826293945
2010-04-12,48.595848083496094
2010-04-13,49.04373550415039
2010-04-15,48.54716873168945
2010-04-16,48.84900665283203
2010-04-19,49.2579460144043
2010-04-20,49.024269104003906
2010-04-21,49.47216033935547
2010-04-22,49.99793243408203
2010-04-23,53.33761978149414
2010-04-26,53.220787048339844
2010-04-27,52.59763717651367
2010-04-28,51.477909088134766
2010-04-29,52.32500457763672
2010-04-30,52.393165588378906
2010-05-03,52.65605163574219
2010-05-04,52.782630920410156
2010-05-05,52.568424224853516
2010-05-06,55.38233184814453
2010-05-07,52.938419342041016
2010-05-10,58.05991744995117
2010-05-11,56.696781158447266
2010-05-12,56.7844123840332
2010-05-13,57.6899299621582
2010-05-14,55.732852935791016
2010-05-17,54.95391082763672
2010-05-18,54.720237731933594
2010-05-19,53.41551971435547
2010-05-20,52.13026809692383
2010-05-21,51.7310676574707
2010-05-24,53.21105194091797
2010-05-25,51.12739181518555
2010-05-26,52.28606033325195
2010-05-27,52.25685119628906
2010-05-28,51.604496002197266
2010-05-31,53.97050857543945
2010-06-01,53.152626037597656
2010-06-02,53.00657653808594
2010-06-03,53.85367202758789
2010-06-04,53.93156051635742
2010-06-07,54.81760025024414
2010-06-08,55.40180206298828
2010-06-09,57.58282470703125
2010-06-10,58.41044235229492
2010-06-11,59.15043258666992
2010-06-14,60.445411682128906
2010-06-15,59.36464309692383
2010-06-16,59.92936706542969
2010-06-17,59.627532958984375
2010-06-18,59.286746978759766
2010-06-21,60.055946350097656
2010-06-22,59.92936706542969
2010-06-23,61.019874572753906
2010-06-24,61.07829666137695
2010-06-25,60.74724578857422
2010-06-28,61.71118927001953
2010-06-29,61.30223846435547
2010-06-30,61.311988830566406
2010-07-01,60.33831024169922
2010-07-02,60.45515441894531
2010-07-05,60.53303909301758
2010-07-06,61.156192779541016
2010-07-07,61.419090270996094
2010-07-08,61.66250228881836
2010-07-09,62.05196762084961
2010-07-12,62.830909729003906
2010-07-13,64.61272430419922
2010-07-14,63.06458282470703
2010-07-15,63.50273132324219
2010-07-16,63.161949157714844
2010-07-19,62.80169677734375
2010-07-20,62.791954040527344
2010-07-21,63.64878463745117
2010-07-22,63.29826736450195
2010-07-23,63.629310607910156
2010-07-26,62.791954040527344
2010-07-27,63.385902404785156
2010-07-28,63.10352325439453
2010-07-29,63.29826736450195
2010-07-30,62.3245964050293
2010-08-02,63.970096588134766
2010-08-03,63.87272644042969
2010-08-04,64.3498306274414
2010-08-05,66.73531341552734
2010-08-06,66.09268951416016
2010-08-09,66.19007110595703
2010-08-10,65.16771697998047
2010-08-11,65.1579818725586
2010-08-12,64.40824890136719
2010-08-13,64.62245178222656
2010-08-16,64.29141235351562
2010-08-17,64.26219177246094
2010-08-18,66.33611297607422
2010-08-19,70.60079193115234
2010-08-20,71.17525482177734
2010-08-23,71.2823486328125
2010-08-24,70.63973236083984
2010-08-25,69.70500946044922
2010-08-26,69.27659606933594
2010-08-27,67.2903060913086
2010-08-30,67.73819732666016
2010-08-31,66.93978881835938
2010-09-01,68.48792266845703
2010-09-02,69.42265319824219
2010-09-03,69.58817291259766
2010-09-06,71.09735870361328
2010-09-07,70.75657653808594
2010-09-08,70.99998474121094
2010-09-09,70.67868041992188
2010-09-13,71.00971984863281
2010-09-14,70.71762084960938
2010-09-15,82.38219451904297
2010-09-16,82.98587036132812
2010-09-17,84.77742004394531
2010-09-20,86.54949188232422
2010-09-21,85.29063415527344
2010-09-22,83.64141845703125
2010-09-23,83.54381561279297
2010-09-24,83.9244155883789
2010-09-27,87.3106689453125
2010-09-28,89.66250610351562
2010-09-29,88.65735626220703
2010-09-30,91.48737335205078
2010-10-01,90.57006072998047
2010-10-04,90.57980346679688
2010-10-05,89.6722640991211
2010-10-06,90.17971801757812
2010-10-07,89.11602020263672
2010-10-08,89.35999298095703
2010-10-11,89.2136001586914
2010-10-12,88.07184600830078
2010-10-13,88.32556915283203
2010-10-14,88.18894958496094
2010-10-15,87.69125366210938
2010-10-18,87.61318969726562
2010-10-19,87.58391571044922
2010-10-20,87.42777252197266
2010-10-21,87.59367370605469
2010-10-22,87.40825653076172
2010-10-25,87.02766418457031
2010-10-26,87.24235534667969
2010-10-27,87.50584411621094
2010-10-28,86.75442504882812
2010-10-29,87.38873291015625
2010-11-01,88.23774719238281
2010-11-02,88.4817123413086
2010-11-03,88.94036865234375
2010-11-04,94.88338470458984
2010-11-08,97.53773498535156
2010-11-09,97.391357421875
2010-11-10,94.75651550292969
2010-11-11,88.75493621826172
2010-11-12,84.90028381347656
2010-11-15,85.14425659179688
2010-11-16,81.04561614990234
2010-11-18,78.99630737304688
2010-11-19,79.48422241210938
2010-11-22,87.144775390625
2010-11-23,85.6321792602539
2010-11-24,87.53511810302734
2010-11-25,86.46166229248047
2010-11-26,81.09439849853516
2010-11-29,83.14372253417969
2010-11-30,83.38768768310547
2010-12-01,84.85149383544922
2010-12-02,85.24182891845703
2010-12-03,80.41130828857422
2010-12-06,80.55769348144531
2010-12-07,78.50836181640625
2010-12-08,76.99576568603516
2010-12-09,71.77488708496094
2010-12-10,76.41026306152344
2010-12-13,77.82525634765625
2010-12-14,77.67888641357422
2010-12-15,75.82473754882812
2010-12-16,75.97111511230469
2010-12-20,77.48371124267578
2010-12-21,80.55769348144531
2010-12-22,80.70405578613281
2010-12-23,80.5088882446289
2010-12-24,80.46009063720703
2010-12-27,80.6552734375
2010-12-28,80.36251068115234
2010-12-29,87.53511810302734
2010-12-30,84.31476593017578
2010-12-31,83.63165283203125
2011-01-03,84.85149383544922
2011-01-04,87.63270568847656
2011-01-05,90.4139175415039
2011-01-06,90.60909271240234
2011-01-07,87.24235534667969
2011-01-10,84.70510864257812
2011-01-11,84.2171859741211
2011-01-12,86.60804748535156
2011-01-13,85.19303894042969
2011-01-14,84.2171859741211
2011-01-17,83.729248046875
2011-01-18,86.1689224243164
2011-01-19,84.2659683227539
2011-01-20,82.94855499267578
2011-01-21,83.19252014160156
2011-01-24,83.82683563232422
2011-01-25,82.75337982177734
2011-01-27,82.6557846069336
2011-01-28,79.24026489257812
2011-01-31,76.94697570800781
2011-02-01,77.28852844238281
2011-02-02,76.31266784667969
2011-02-03,76.89818572998047
2011-02-04,76.41026306152344
2011-02-07,76.45904541015625
2011-02-08,75.0440444946289
2011-02-09,72.0676498413086
2011-02-10,68.9936752319336
2011-02-11,67.87144470214844
2011-02-14,71.9700698852539
2011-02-15,73.82421875
2011-02-16,75.82473754882812
2011-02-17,76.45904541015625
2011-02-18,72.36041259765625
2011-02-21,73.28748321533203
2011-02-22,72.84834289550781
2011-02-23,72.16523742675781
2011-02-24,70.16471862792969
2011-02-25,70.067138671875
2011-02-28,70.45746612548828
2011-03-01,72.21402740478516
2011-03-03,73.53146362304688
2011-03-04,73.77542114257812
2011-03-07,71.67730712890625
2011-03-08,72.70197296142578
2011-03-09,72.84834289550781
2011-03-10,71.87248229980469
2011-03-11,70.3598861694336
2011-03-14,79.38663482666016
2011-03-15,75.23920440673828
2011-03-16,75.14163208007812
2011-03-17,73.4338607788086
2011-03-18,72.4092025756836
2011-03-21,71.33575439453125
2011-03-22,76.94697570800781
2011-03-23,76.65422058105469
2011-03-24,91.2922134399414
2011-03-25,87.0959701538086
2011-03-28,89.09651184082031
2011-03-29,93.09754180908203
2011-03-30,97.29376983642578
2011-03-31,95.87876892089844
2011-04-01,114.46900177001953
2011-04-04,114.07865905761719
2011-04-05,117.25020599365234
2011-04-06,118.0309066772461
2011-04-07,122.3735122680664
2011-04-08,122.4710922241211
2011-04-11,122.22712707519531
2011-04-13,122.27593231201172
2011-04-15,114.71297454833984
2011-04-18,121.49523162841797
2011-04-19,125.93543243408203
2011-04-20,113.34675598144531
2011-04-21,109.98001861572266
2011-04-25,99.39187622070312
2011-04-26,89.48684692382812
2011-04-27,85.68097686767578
2011-04-28,84.2659683227539
2011-04-29,80.06975555419922
2011-05-02,77.48371124267578
2011-05-03,73.97059631347656
2011-05-04,70.75023651123047
2011-05-05,72.70197296142578
2011-05-06,71.2381591796875
2011-05-09,71.6285171508789
2011-05-10,71.28695678710938
2011-05-11,72.50679779052734
2011-05-12,72.21402740478516
2011-05-13,73.04351043701172
2011-05-16,71.43334197998047
2011-05-17,71.18936920166016
2011-05-18,69.09125518798828
2011-05-19,69.67679595947266
2011-05-20,69.28643798828125
2011-05-23,70.0183334350586
2011-05-24,69.92074584960938
2011-05-25,68.94487762451172
2011-05-26,68.89608764648438
2011-05-27,70.75023651123047
2011-05-30,71.87248229980469
2011-05-31,73.58024597167969
2011-06-01,74.06817626953125
2011-06-02,72.75076293945312
2011-06-03,71.92127227783203
2011-06-06,71.14058685302734
2011-06-07,73.62903594970703
2011-06-08,74.40973663330078
2011-06-09,75.23920440673828
2011-06-10,74.99524688720703
2011-06-13,74.06817626953125
2011-06-14,73.97059631347656
2011-06-15,73.82421875
2011-06-16,73.53146362304688
2011-06-17,73.18989562988281
2011-06-20,70.3598861694336
2011-06-21,69.62798309326172
2011-06-22,70.70144653320312
2011-06-23,69.96954345703125
2011-06-24,73.48265838623047
2011-06-27,72.31161499023438
2011-06-28,73.82421875
2011-06-29,77.14215850830078
2011-06-30,80.9480209350586
2011-07-01,82.07027435302734
2011-07-04,82.55821228027344
2011-07-05,81.8750991821289
2011-07-06,81.63113403320312
2011-07-07,84.70510864257812
2011-07-08,80.85043334960938
2011-07-11,81.63113403320312
2011-07-12,79.82579040527344
2011-07-13,79.97216033935547
2011-07-14,79.48422241210938
2011-07-15,78.4595718383789
2011-07-18,79.04508972167969
2011-07-19,79.24026489257812
2011-07-20,79.38663482666016
2011-07-21,78.60595703125
2011-07-22,78.41077423095703
2011-07-25,77.48371124267578
2011-07-26,77.67888641357422
2011-07-27,76.55663299560547
2011-07-28,75.97111511230469
2011-07-29,75.87352752685547
2011-08-01,75.0440444946289
2011-08-02,76.80059814453125
2011-08-03,79.28905487060547
2011-08-04,76.45904541015625
2011-08-05,73.4338607788086
2011-08-08,72.11644744873047
2011-08-09,70.94540405273438
2011-08-10,72.26283264160156
2011-08-11,74.60489654541016
2011-08-12,72.36041259765625
2011-08-16,73.92179107666016
2011-08-17,71.6285171508789
2011-08-18,70.0183334350586
2011-08-19,68.45694732666016
2011-08-22,68.89608764648438
2011-08-23,68.01781463623047
2011-08-24,68.06659698486328
2011-08-25,67.23712158203125
2011-08-26,64.84625244140625
2011-08-29,67.23712158203125
2011-08-30,68.11540985107422
2011-09-02,67.48109436035156
2011-09-05,67.57867431640625
2011-09-06,72.4580078125
2011-09-07,71.87248229980469
2011-09-08,68.16419219970703
2011-09-09,68.01781463623047
2011-09-12,65.57815551757812
2011-09-13,64.74866485595703
2011-09-14,66.1636734008789
2011-09-15,65.23657989501953
2011-09-16,65.23657989501953
2011-09-19,65.23657989501953
2011-09-20,65.43234252929688
2011-09-21,65.28553771972656
2011-09-22,62.74066925048828
2011-09-23,59.95111083984375
2011-09-26,60.48944854736328
2011-09-27,61.4193000793457
2011-09-28,60.146873474121094
2011-09-29,60.44050598144531
2011-09-30,60.29368591308594
2011-10-03,61.02778625488281
2011-10-04,59.1680793762207
2011-10-05,58.38504409790039
2011-10-07,58.82550048828125
2011-10-10,60.146873474121094
2011-10-11,59.26595687866211
2011-10-12,59.75535202026367
2011-10-13,62.349159240722656
2011-10-14,62.642791748046875
2011-10-17,61.85976028442383
2011-10-18,59.853233337402344
2011-10-19,60.34263229370117
2011-10-20,61.125667572021484
2011-10-21,60.097930908203125
2011-10-24,64.01310729980469
2011-10-25,63.27901077270508
2011-10-28,65.48130798339844
2011-10-31,64.94296264648438
2011-11-01,63.32795333862305
2011-11-02,62.74066925048828
2011-11-03,67.68358612060547
2011-11-04,67.34100341796875
2011-11-08,68.6623764038086
2011-11-09,67.97721862792969
2011-11-11,66.60691833496094
2011-11-14,65.33448028564453
2011-11-15,61.51717758178711
2011-11-16,58.72761917114258
2011-11-17,59.070194244384766
2011-11-18,57.504127502441406
2011-11-21,56.672157287597656
2011-11-22,57.89564895629883
2011-11-23,58.33610153198242
2011-11-24,59.1680793762207
2011-11-25,58.67868423461914
2011-11-28,60.29368591308594
2011-11-29,59.21701431274414
2011-11-30,58.38504409790039
2011-12-01,59.119140625
2011-12-02,60.636268615722656
2011-12-05,60.29368591308594
2011-12-07,60.00004959106445
2011-12-08,59.070194244384766
2011-12-09,58.33610153198242
2011-12-12,58.09140396118164
2011-12-13,57.84669876098633
2011-12-14,57.699886322021484
2011-12-15,56.818973541259766
2011-12-16,55.644412994384766
2011-12-19,55.840179443359375
2011-12-20,55.35078048706055
2011-12-21,55.93806076049805
2011-12-22,55.448665618896484
2011-12-23,56.280635833740234
2011-12-26,56.42745590209961
2011-12-27,56.42745590209961
2011-12-28,56.280635833740234
2011-12-29,55.93806076049805
2011-12-30,55.49760055541992
2012-01-02,56.42745590209961
2012-01-03,56.62321090698242
2012-01-04,56.721092224121094
2012-01-05,56.721092224121094
2012-01-06,56.47639465332031
2012-01-09,56.965789794921875
2012-01-10,60.92990493774414
2012-01-11,59.75535202026367
2012-01-12,60.391571044921875
2012-01-13,61.85976028442383
2012-01-16,62.055519104003906
2012-01-17,61.9087028503418
2012-01-18,64.55142974853516
2012-01-19,62.83855056762695
2012-01-20,62.104454040527344
2012-01-23,61.810821533203125
2012-01-24,61.761878967285156
2012-01-25,61.71294021606445
2012-01-27,61.51717758178711
2012-01-30,60.783084869384766
2012-01-31,60.783084869384766
2012-02-01,60.58732986450195
2012-02-02,61.46824645996094
2012-02-03,63.62158966064453
2012-02-06,63.474769592285156
2012-02-07,62.544918060302734
2012-02-08,63.42582702636719
2012-02-09,64.01310729980469
2012-02-10,63.27901077270508
2012-02-13,63.083248138427734
2012-02-14,64.1599349975586
2012-02-15,64.25780487060547
2012-02-16,64.35568237304688
2012-02-17,62.88749313354492
2012-02-21,65.57917022705078
2012-02-22,61.56612777709961
2012-02-23,61.761878967285156
2012-02-24,60.097930908203125
2012-02-27,57.11260986328125
2012-02-28,60.2447509765625
2012-02-29,59.75535202026367
2012-03-01,58.923377990722656
2012-03-02,59.657474517822266
2012-03-05,58.14034652709961
2012-03-06,57.504127502441406
2012-03-07,57.11260986328125
2012-03-09,57.45519256591797
2012-03-12,57.944583892822266
2012-03-13,58.09140396118164
2012-03-14,58.14034652709961
2012-03-15,57.79776382446289
2012-03-16,57.699886322021484
2012-03-19,57.21049118041992
2012-03-20,57.308372497558594
2012-03-21,57.65094757080078
2012-03-22,56.47639465332031
2012-03-23,56.818973541259766
2012-03-26,56.18275451660156
2012-03-27,56.280635833740234
2012-03-28,55.20396041870117
2012-03-29,56.8679084777832
2012-03-30,56.721092224121094
2012-04-02,56.721092224121094
2012-04-03,57.504127502441406
2012-04-04,58.5807991027832
2012-04-09,58.33610153198242
2012-04-10,57.74882888793945
2012-04-11,58.09140396118164
2012-04-12,58.82550048828125
2012-04-13,57.944583892822266
2012-04-16,58.33610153198242
2012-04-17,58.62974166870117
2012-04-18,58.14034652709961
2012-04-19,58.04246520996094
2012-04-20,58.77655792236328
2012-04-23,58.5807991027832
2012-04-24,58.4829216003418
2012-04-25,58.14034652709961
2012-04-26,58.5807991027832
2012-04-27,58.4829216003418
2012-04-30,57.84669876098633
2012-05-02,60.048988342285156
2012-05-03,61.46824645996094
2012-05-04,60.29368591308594
2012-05-07,62.25128173828125
2012-05-08,61.46824645996094
2012-05-09,61.02778625488281
2012-05-10,61.4193000793457
2012-05-11,60.636268615722656
2012-05-14,60.44050598144531
2012-05-15,60.7341423034668
2012-05-16,60.048988342285156
2012-05-17,59.90217208862305
2012-05-18,59.804290771484375
2012-05-21,60.636268615722656
2012-05-22,60.48944854736328
2012-05-23,60.34263229370117
2012-05-24,60.2447509765625
2012-05-25,60.29368591308594
2012-05-28,59.95111083984375
2012-05-29,59.60853576660156
2012-05-30,58.77655792236328
2012-05-31,57.55306625366211
2012-06-01,56.672157287597656
2012-06-04,56.62321090698242
2012-06-05,56.42745590209961
2012-06-06,56.818973541259766
2012-06-07,56.672157287597656
2012-06-08,56.378517150878906
2012-06-11,56.084877014160156
2012-06-12,56.47639465332031
2012-06-13,56.32957458496094
2012-06-14,55.49760055541992
2012-06-15,56.32957458496094
2012-06-18,56.91685485839844
2012-06-19,56.8679084777832
2012-06-20,56.280635833740234
2012-06-21,56.721092224121094
2012-06-22,56.77003479003906
2012-06-25,56.03593826293945
2012-06-26,55.644412994384766
2012-06-27,55.00820541381836
2012-06-28,55.448665618896484
2012-06-29,56.084877014160156
2012-07-02,56.62321090698242
2012-07-03,56.62321090698242
2012-07-04,56.62321090698242
2012-07-05,56.672157287597656
2012-07-06,57.84669876098633
2012-07-09,57.259429931640625
2012-07-10,57.89564895629883
2012-07-11,57.55306625366211
2012-07-12,56.57427215576172
2012-07-13,56.32957458496094
2012-07-16,55.986995697021484
2012-07-17,54.81244659423828
2012-07-18,55.7422981262207
2012-07-19,55.595481872558594
2012-07-20,55.49760055541992
2012-07-23,54.86138153076172
2012-07-24,55.155025482177734
2012-07-25,55.00820541381836
2012-07-26,54.6166877746582
2012-07-27,54.5188102722168
2012-07-30,55.448665618896484
2012-07-31,54.81244659423828
2012-08-01,55.840179443359375
2012-08-02,55.546539306640625
2012-08-03,55.399723052978516
2012-08-06,55.399723052978516
2012-08-07,55.252906799316406
2012-08-08,54.76350402832031
2012-08-09,55.00820541381836
2012-08-10,54.86138153076172
2012-08-13,55.00820541381836
2012-08-14,55.1060791015625
2012-08-16,54.81244659423828
2012-08-17,54.714569091796875
2012-08-21,54.86138153076172
2012-08-22,54.37199020385742
2012-08-23,53.246376037597656
2012-08-24,53.83365249633789
2012-08-27,53.68682861328125
2012-08-28,52.61016082763672
2012-08-29,52.12076187133789
2012-08-30,52.16970443725586
2012-08-31,51.87606430053711
2012-09-03,53.00167465209961
2012-09-04,53.148494720458984
2012-09-05,53.09955596923828
2012-09-06,52.8059196472168
2012-09-07,53.44213104248047
2012-09-10,53.83365249633789
2012-09-11,54.32304763793945
2012-09-12,53.34425354003906
2012-09-13,53.19743347167969
2012-09-14,54.029415130615234
2012-09-17,47.96088790893555
2012-09-18,41.40297317504883
2012-09-20,37.026649475097656
2012-09-21,40.56704330444336
2012-09-24,41.255455017089844
2012-09-25,41.107940673828125
2012-09-26,42.28807067871094
2012-09-27,42.77979278564453
2012-09-28,42.48476028442383
2012-10-01,42.337242126464844
2012-10-03,42.28807067871094
2012-10-04,38.89519119262695
2012-10-05,38.15760803222656
2012-10-08,34.71555709838867
2012-10-09,37.911746978759766
2012-10-10,37.862579345703125
2012-10-11,38.99353790283203
2012-10-12,38.649330139160156
2012-10-15,37.96091842651367
2012-10-16,37.12499237060547
2012-10-17,37.174163818359375
2012-10-18,37.61671447753906
2012-10-19,37.715057373046875
2012-10-22,38.15760803222656
2012-10-23,38.05926513671875
2012-10-25,38.255950927734375
2012-10-29,37.81340408325195
2012-10-30,37.42002487182617
2012-10-31,37.42002487182617
2012-11-01,37.81340408325195
2012-11-02,37.174163818359375
2012-11-05,37.911746978759766
2012-11-06,37.911746978759766
2012-11-07,38.403465270996094
2012-11-08,39.829463958740234
2012-11-09,38.89519119262695
2012-11-12,39.23939895629883
2012-11-15,39.23939895629883
2012-11-16,39.19021987915039
2012-11-19,39.19021987915039
2012-11-20,37.81340408325195
2012-11-21,37.911746978759766
2012-11-22,38.403465270996094
2012-11-23,38.403465270996094
2012-11-26,37.81340408325195
2012-11-27,38.01009750366211
2012-11-29,38.20677947998047
2012-11-30,38.747676849365234
2012-12-03,38.94436264038086
2012-12-04,39.288570404052734
2012-12-05,39.337738037109375
2012-12-06,39.73112106323242
2012-12-07,40.66539001464844
2012-12-10,41.157108306884766
2012-12-11,40.911251068115234
2012-12-12,40.17366409301758
2012-12-13,39.337738037109375
2012-12-14,39.19021987915039
2012-12-17,38.94436264038086
2012-12-18,38.99353790283203
2012-12-19,39.288570404052734
2012-12-20,38.649330139160156
2012-12-21,38.10843276977539
2012-12-24,38.35429763793945
2012-12-26,38.30512619018555
2012-12-27,38.452640533447266
2012-12-28,38.30512619018555
2012-12-31,38.15760803222656
2013-01-01,39.23939895629883
2013-01-02,39.58360290527344
2013-01-03,39.58360290527344
2013-01-04,39.14105224609375
2013-01-07,39.19021987915039
2013-01-08,39.43608474731445
2013-01-09,38.69850158691406
2013-01-10,39.48525619506836
2013-01-11,38.89519119262695
2013-01-14,39.19021987915039
2013-01-15,40.17366409301758
2013-01-16,39.091880798339844
2013-01-17,40.56704330444336
2013-01-18,39.97698211669922
2013-01-21,41.20628356933594
2013-01-22,39.92780685424805
2013-01-23,43.664894104003906
2013-01-24,42.878135681152344
2013-01-25,45.28757095336914
2013-01-28,45.730125427246094
2013-01-29,46.12350082397461
2013-01-30,46.6152229309082
2013-01-31,48.23790740966797
2013-02-01,48.28707504272461
2013-02-04,49.46720886230469
2013-02-05,49.66389846801758
2013-02-06,50.499820709228516
2013-02-07,50.00810241699219
2013-02-08,47.59866714477539
2013-02-11,48.7296257019043
2013-02-12,47.254459381103516
2013-02-13,47.205291748046875
2013-02-14,46.46770477294922
2013-02-15,46.369361877441406
2013-02-18,49.71306610107422
2013-02-19,50.05727767944336
2013-02-20,49.5655517578125
2013-02-21,48.09039306640625
2013-02-22,47.942874908447266
2013-02-25,46.320186614990234
2013-02-26,45.58260726928711
2013-02-27,45.779296875
2013-02-28,44.89419937133789
2013-03-01,45.435089111328125
2013-03-04,46.71356964111328
2013-03-05,47.59866714477539
2013-03-06,48.4837646484375
2013-03-07,49.61472702026367
2013-03-08,52.07333755493164
2013-03-11,53.007606506347656
2013-03-12,53.45015335083008
2013-03-13,51.876644134521484
2013-03-14,51.876644134521484
2013-03-15,51.925819396972656
2013-03-18,50.499820709228516
2013-03-19,51.384925842285156
2013-03-20,49.95893096923828
2013-03-21,47.84452819824219
2013-03-22,48.09039306640625
2013-03-25,48.09039306640625
2013-03-26,48.23790740966797
2013-03-28,49.07383346557617
2013-04-01,50.15562057495117
2013-04-02,49.516380310058594
2013-04-03,49.17218017578125
2013-04-04,47.942874908447266
2013-04-05,48.827972412109375
2013-04-08,47.205291748046875
2013-04-09,46.0251579284668
2013-04-10,45.926815032958984
2013-04-11,45.238399505615234
2013-04-12,46.0251579284668
2013-04-15,45.33674621582031
2013-04-16,46.271018981933594
2013-04-17,47.30363082885742
2013-04-18,47.008602142333984
2013-04-22,46.369361877441406
2013-04-23,46.66439437866211
2013-04-25,46.12350082397461
2013-04-26,47.50032043457031
2013-04-29,47.008602142333984
2013-04-30,45.68095016479492
2013-05-02,45.63178253173828
2013-05-03,46.81190872192383
2013-05-06,45.53343200683594
2013-05-07,46.46770477294922
2013-05-08,44.1566162109375
2013-05-09,44.74667739868164
2013-05-10,45.975982666015625
2013-05-13,44.599159240722656
2013-05-14,44.009098052978516
2013-05-15,44.4024772644043
2013-05-16,46.17267608642578
2013-05-17,45.87764358520508
2013-05-20,45.4842643737793
2013-05-21,45.189231872558594
2013-05-22,44.84502410888672
2013-05-23,43.615718841552734
2013-05-24,42.38641357421875
2013-05-27,42.878135681152344
2013-05-28,42.09138107299805
2013-05-29,42.09138107299805
2013-05-30,40.960426330566406
2013-05-31,41.00959396362305
2013-06-03,42.68144989013672
2013-06-04,42.97648620605469
2013-06-05,42.97648620605469
2013-06-06,41.89469528198242
2013-06-07,39.829463958740234
2013-06-10,37.862579345703125
2013-06-11,37.370853424072266
2013-06-12,37.12499237060547
2013-06-13,37.715057373046875
2013-06-14,39.23939895629883
2013-06-17,38.35429763793945
2013-06-18,39.63277053833008
2013-06-19,41.157108306884766
2013-06-20,39.68194580078125
2013-06-21,38.84601974487305
2013-06-24,37.174163818359375
2013-06-25,35.944862365722656
2013-06-26,36.485755920410156
2013-06-27,36.977474212646484
2013-06-28,38.747676849365234
2013-07-01,40.46870040893555
2013-07-02,39.53443145751953
2013-07-03,38.15760803222656
2013-07-04,37.46919631958008
2013-07-05,36.33823776245117
2013-07-08,34.71555709838867
2013-07-09,35.207275390625
2013-07-10,35.846519470214844
2013-07-11,35.79734802246094
2013-07-12,35.05976104736328
2013-07-15,34.91224670410156
2013-07-16,34.56804275512695
2013-07-17,34.863075256347656
2013-07-18,34.6663818359375
2013-07-19,34.273006439208984
2013-07-22,34.17466354370117
2013-07-23,34.12548828125
2013-07-24,33.928802490234375
2013-07-25,34.469696044921875
2013-07-26,33.83045959472656
2013-07-29,33.87963104248047
2013-07-30,32.7978401184082
2013-07-31,30.880126953125
2013-08-01,30.093372344970703
2013-08-02,27.536418914794922
2013-08-05,29.40496063232422
2013-08-06,29.060754776000977
2013-08-07,28.569032669067383
2013-08-08,28.618207931518555
2013-08-12,28.077312469482422
2013-08-13,28.42151641845703
2013-08-14,28.1756591796875
2013-08-16,27.438074111938477
2013-08-19,26.651321411132812
2013-08-20,27.438074111938477
2013-08-21,25.76622200012207
2013-08-22,24.881120681762695
2013-08-23,25.1761531829834
2013-08-26,27.438074111938477
2013-08-27,25.86456298828125
2013-08-28,25.56953239440918
2013-08-29,27.831451416015625
2013-08-30,30.585094451904297
2013-09-02,31.81439781188965
2013-09-03,30.093372344970703
2013-09-04,29.798337936401367
2013-09-05,30.14254379272461
2013-09-06,35.895687103271484
2013-09-10,36.14154815673828
2013-09-11,34.61721420288086
2013-09-12,36.485755920410156
2013-09-13,32.5028076171875
2013-09-16,32.15860366821289
2013-09-17,31.863569259643555
2013-09-18,31.81439781188965
2013-09-19,32.15860366821289
2013-09-20,31.421022415161133
2013-09-23,32.2077751159668
2013-09-24,31.02764320373535
2013-09-25,30.92930030822754
2013-09-26,30.683439254760742
2013-09-27,30.781780242919922
2013-09-30,30.14254379272461
2013-10-01,30.240888595581055
2013-10-03,29.40496063232422
2013-10-04,29.503305435180664
2013-10-07,29.060754776000977
2013-10-08,29.20827293395996
2013-10-09,29.749164581298828
2013-10-10,29.60165023803711
2013-10-11,29.503305435180664
2013-10-14,29.306615829467773
2013-10-15,29.159101486206055
2013-10-17,29.355789184570312
2013-10-18,28.962411880493164
2013-10-21,29.257444381713867
2013-10-22,31.07681655883789
2013-10-23,31.519363403320312
2013-10-24,31.421022415161133
2013-10-25,30.044198989868164
2013-10-28,29.94585609436035
2013-10-29,29.552478790283203
2013-10-30,30.3392333984375
2013-10-31,29.995027542114258
2013-11-01,30.3392333984375
2013-11-05,31.470191955566406
2013-11-06,31.175161361694336
2013-11-07,36.289066314697266
2013-11-08,37.567543029785156
2013-11-11,36.780792236328125
2013-11-12,34.91224670410156
2013-11-13,33.437076568603516
2013-11-14,33.191219329833984
2013-11-18,34.076316833496094
2013-11-19,33.043701171875
2013-11-20,32.994529724121094
2013-11-21,32.15860366821289
2013-11-22,32.94535827636719
2013-11-25,32.551979064941406
2013-11-26,32.5028076171875
2013-11-27,34.96141815185547
2013-11-28,34.56804275512695
2013-11-29,37.96091842651367
2013-12-02,36.33823776245117
2013-12-03,35.5023078918457
2013-12-04,35.944862365722656
2013-12-05,36.239891052246094
2013-12-06,36.33823776245117
2013-12-09,36.289066314697266
2013-12-10,35.7481689453125
2013-12-11,35.4531364440918
2013-12-12,35.354793548583984
2013-12-13,34.863075256347656
2013-12-16,34.469696044921875
2013-12-17,34.12548828125
2013-12-18,33.87963104248047
2013-12-19,34.17466354370117
2013-12-20,33.732112884521484
2013-12-23,34.61721420288086
2013-12-24,35.207275390625
2013-12-26,42.23889923095703
2013-12-27,40.714561462402344
2013-12-30,40.46870040893555
2013-12-31,39.58360290527344
2014-01-01,41.50131607055664
2014-01-02,40.272010803222656
2014-01-03,40.763736724853516
2014-01-06,41.4521484375
2014-01-07,43.468204498291016
2014-01-08,44.353302001953125
2014-01-09,44.205787658691406
2014-01-10,42.48476028442383
2014-01-13,42.730621337890625
2014-01-14,43.22233963012695
2014-01-15,44.205787658691406
2014-01-16,43.86157989501953
2014-01-17,42.43558883666992
2014-01-20,43.074825286865234
2014-01-21,42.97648620605469
2014-01-22,43.02565383911133
2014-01-23,42.042213439941406
2014-01-24,40.911251068115234
2014-01-27,38.94436264038086
2014-01-28,39.288570404052734
2014-01-29,39.04270935058594
2014-01-30,38.69850158691406
2014-01-31,38.550987243652344
2014-02-03,38.15760803222656
2014-02-04,38.10843276977539
2014-02-05,37.96091842651367
2014-02-06,38.01009750366211
2014-02-07,37.96091842651367
2014-02-10,37.76423263549805
2014-02-11,39.14105224609375
2014-02-12,38.05926513671875
2014-02-13,36.092376708984375
2014-02-14,35.7481689453125
2014-02-17,35.7481689453125
2014-02-18,35.5023078918457
2014-02-19,36.04320526123047
2014-02-20,36.092376708984375
2014-02-21,35.69900131225586
2014-02-24,35.10893630981445
2014-02-25,34.91224670410156
2014-02-26,34.96141815185547
2014-02-28,34.6663818359375
2014-03-03,34.518863677978516
2014-03-04,34.6663818359375
2014-03-05,36.977474212646484
2014-03-06,37.46919631958008
2014-03-07,37.42002487182617
2014-03-10,37.12499237060547
2014-03-11,38.30512619018555
2014-03-12,37.12499237060547
2014-03-13,36.977474212646484
2014-03-14,36.928306579589844
2014-03-18,37.42002487182617
2014-03-19,37.026649475097656
2014-03-20,37.370853424072266
2014-03-21,37.370853424072266
2014-03-24,37.46919631958008
2014-03-25,37.174163818359375
2014-03-26,36.87913131713867
2014-03-27,38.01009750366211
2014-03-28,43.468204498291016
2014-03-31,42.63227462768555
2014-04-01,41.84552001953125
2014-04-02,42.28807067871094
2014-04-03,42.042213439941406
2014-04-04,41.796348571777344
2014-04-07,43.22233963012695
2014-04-09,44.1566162109375
2014-04-10,43.71406555175781
2014-04-11,41.84552001953125
2014-04-15,41.353797912597656
2014-04-16,40.714561462402344
2014-04-17,41.40296936035156
2014-04-21,41.20628356933594
2014-04-22,40.81290817260742
2014-04-23,39.829463958740234
2014-04-24,39.829463958740234
2014-04-25,40.419525146484375
2014-04-28,40.32118225097656
2014-04-29,40.370357513427734
2014-04-30,39.68194580078125
2014-05-02,39.829463958740234
2014-05-05,39.829463958740234
2014-05-06,39.73112106323242
2014-05-07,39.78028869628906
2014-05-08,39.38691329956055
2014-05-09,38.747676849365234
2014-05-12,39.829463958740234
2014-05-13,41.107940673828125
2014-05-14,44.549983978271484
2014-05-15,43.86157989501953
2014-05-16,45.14006042480469
2014-05-19,46.12350082397461
2014-05-20,47.15612030029297
2014-05-21,48.09039306640625
2014-05-22,50.05727767944336
2014-05-23,50.59817123413086
2014-05-26,47.79535675048828
2014-05-27,46.861087799072266
2014-05-28,46.95943069458008
2014-05-29,46.71356964111328
2014-05-30,46.81190872192383
2014-06-02,53.007606506347656
2014-06-03,53.548500061035156
2014-06-04,57.33475875854492
2014-06-05,57.62978744506836
2014-06-06,60.23591613769531
2014-06-09,62.10445785522461
2014-06-10,64.5138931274414
2014-06-11,63.0879020690918
2014-06-12,63.1370735168457
2014-06-13,59.54750442504883
2014-06-16,57.92482376098633
2014-06-17,60.28508758544922
2014-06-18,60.08839797973633
2014-06-19,59.54750442504883
2014-06-20,58.07233810424805
2014-06-23,58.95744323730469
2014-06-24,59.596675872802734
2014-06-25,59.84253692626953
2014-06-26,58.80992126464844
2014-06-27,59.498329162597656
2014-06-30,62.0552864074707
2014-07-01,66.33325958251953
2014-07-02,71.05379486083984
2014-07-03,67.7100830078125
2014-07-04,66.72663879394531
2014-07-07,67.16919708251953
2014-07-08,62.79286575317383
2014-07-09,60.48177719116211
2014-07-10,61.170188903808594
2014-07-11,58.2690315246582
2014-07-14,59.15412902832031
2014-07-15,60.72763442993164
2014-07-16,65.05479431152344
2014-07-17,65.93989562988281
2014-07-18,65.30065155029297
2014-07-21,64.4155502319336
2014-07-22,63.432106018066406
2014-07-23,62.35032272338867
2014-07-24,62.25197219848633
2014-07-25,60.72763442993164
2014-07-28,59.94088363647461
2014-07-30,60.28508758544922
2014-07-31,60.324581146240234
2014-08-01,58.89298629760742
2014-08-04,61.410621643066406
2014-08-05,62.200469970703125
2014-08-06,61.21316146850586
2014-08-07,62.74348831176758
2014-08-08,61.16379165649414
2014-08-11,72.91277313232422
2014-08-12,73.60389709472656
2014-08-13,72.91277313232422
2014-08-14,73.06086730957031
2014-08-18,73.35706329345703
2014-08-19,73.35706329345703
2014-08-20,74.04817199707031
2014-08-21,72.7646713256836
2014-08-22,71.3824462890625
2014-08-25,69.50656127929688
2014-08-26,67.53194427490234
2014-08-27,67.63066864013672
2014-08-28,67.28511047363281
2014-09-01,68.86479949951172
2014-09-02,68.66734313964844
2014-09-03,68.51924896240234
2014-09-04,66.98892211914062
2014-09-05,66.39653015136719
2014-09-08,68.56861114501953
2014-09-09,67.72940063476562
2014-09-10,68.17369079589844
2014-09-11,69.30908966064453
2014-09-12,70.98751831054688
2014-09-15,72.32038879394531
2014-09-16,68.37114715576172
2014-09-17,67.53194427490234
2014-09-18,68.71670532226562
2014-09-19,68.51924896240234
2014-09-22,69.45719146728516
2014-09-23,67.828125
2014-09-24,67.2357406616211
2014-09-25,64.96493530273438
2014-09-26,66.29780578613281
2014-09-29,66.54463195800781
2014-09-30,66.1990737915039
2014-10-01,66.34716033935547
2014-10-07,64.71810913085938
2014-10-08,64.66874694824219
2014-10-09,65.50794982910156
2014-10-10,65.16239929199219
2014-10-13,64.61937713623047
2014-10-14,65.11302947998047
2014-10-15,65.11302947998047
2014-10-16,63.7801628112793
2014-10-17,63.18777847290039
2014-10-20,63.97762680053711
2014-10-21,65.2117691040039
2014-10-22,65.7054214477539
2014-10-27,65.7054214477539
2014-10-28,66.1990737915039
2014-10-29,66.14970397949219
2014-10-30,65.85350799560547
2014-10-31,66.05097961425781
2014-11-03,66.89018249511719
2014-11-05,67.33447265625
2014-11-07,67.87749481201172
2014-11-10,67.48257446289062
2014-11-11,65.95223999023438
2014-11-12,65.85350799560547
2014-11-13,65.7547836303711
2014-11-14,66.05097961425781
2014-11-17,66.49525451660156
2014-11-18,66.79145812988281
2014-11-19,67.92686462402344
2014-11-20,66.49525451660156
2014-11-21,66.100341796875
2014-11-24,65.31049346923828
2014-11-25,62.74348831176758
2014-11-26,64.27381896972656
2014-11-27,64.32318878173828
2014-11-28,63.681434631347656
2014-12-01,64.12571716308594
2014-12-02,63.87889099121094
2014-12-03,67.087646484375
2014-12-04,67.4332046508789
2014-12-05,64.71810913085938
2014-12-08,64.81684112548828
2014-12-09,63.53333282470703
2014-12-10,63.18777847290039
2014-12-11,62.94095230102539
2014-12-12,61.5587158203125
2014-12-15,60.52204513549805
2014-12-16,57.658851623535156
2014-12-17,56.128517150878906
2014-12-18,57.461387634277344
2014-12-19,57.31328582763672
2014-12-22,59.18917465209961
2014-12-23,58.79425048828125
2014-12-24,58.3499641418457
2014-12-26,57.36265182495117
2014-12-29,58.053768157958984
2014-12-30,57.75757598876953
2014-12-31,59.04107666015625
2015-01-01,61.16379165649414
2015-01-02,61.953643798828125
2015-01-05,62.299198150634766
2015-01-06,60.37394714355469
2015-01-07,59.682830810546875
2015-01-08,62.99031448364258
2015-01-09,66.100341796875
2015-01-12,67.77876281738281
2015-01-13,65.85350799560547
2015-01-14,64.27381896972656
2015-01-15,69.35845947265625
2015-01-16,67.38383483886719
2015-01-19,67.48257446289062
2015-01-20,67.63066864013672
2015-01-21,66.29780578613281
2015-01-22,66.14970397949219
2015-01-23,69.01290130615234
2015-01-27,69.16100311279297
2015-01-28,72.5178451538086
2015-01-29,74.73928833007812
2015-01-30,77.0101089477539
2015-02-02,80.02140045166016
2015-02-03,79.08345031738281
2015-02-04,91.72100830078125
2015-02-05,93.8437271118164
2015-02-06,93.1032485961914
2015-02-09,88.8578109741211
2015-02-10,91.96783447265625
2015-02-11,90.38814544677734
2015-02-12,89.74639129638672
2015-02-13,86.98192596435547
2015-02-16,80.61378479003906
2015-02-18,77.20756530761719
2015-02-19,80.07076263427734
2015-02-20,78.4910659790039
2015-02-23,76.5658187866211
2015-02-24,73.85071563720703
2015-02-25,74.34437561035156
2015-02-26,73.5051498413086
2015-02-27,75.82533264160156
2015-03-02,76.66455078125
2015-03-03,80.95934295654297
2015-03-04,77.89868927001953
2015-03-05,78.2442398071289
2015-03-09,75.33168029785156
2015-03-10,76.36834716796875
2015-03-11,75.97342681884766
2015-03-12,75.52914428710938
2015-03-13,77.158203125
2015-03-16,75.97342681884766
2015-03-17,75.82533264160156
2015-03-18,76.12152862548828
2015-03-19,73.5051498413086
2015-03-20,71.7773666381836
2015-03-23,70.00021362304688
2015-03-24,69.11163330078125
2015-03-25,65.35985565185547
2015-03-26,63.43460464477539
2015-03-27,62.84222412109375
2015-03-30,68.07495880126953
2015-03-31,65.55732727050781
2015-04-01,67.72940063476562
2015-04-06,67.63066864013672
2015-04-07,67.4332046508789
2015-04-08,67.28511047363281
2015-04-09,67.87749481201172
2015-04-10,69.95084381103516
2015-04-13,69.35845947265625
2015-04-15,78.63916778564453
2015-04-16,77.65185546875
2015-04-17,73.90007781982422
2015-04-20,69.06226348876953
2015-04-21,67.97622680664062
2015-04-22,65.95223999023438
2015-04-23,65.06365966796875
2015-04-24,63.53333282470703
2015-04-27,65.95223999023438
2015-04-28,65.35985565185547
2015-04-29,67.68003845214844
2015-04-30,67.33447265625
2015-05-04,67.72940063476562
2015-05-05,67.087646484375
2015-05-06,63.28650665283203
2015-05-07,61.11442947387695
2015-05-08,62.99031448364258
2015-05-11,62.792850494384766
2015-05-12,60.76887130737305
2015-05-13,62.694122314453125
2015-05-14,62.792850494384766
2015-05-15,62.792850494384766
2015-05-18,63.38523864746094
2015-05-19,63.63206100463867
2015-05-20,63.7801628112793
2015-05-21,63.28650665283203
2015-05-22,63.43460464477539
2015-05-25,60.42331314086914
2015-05-26,58.399330139160156
2015-05-27,56.375343322753906
2015-05-28,60.324581146240234
2015-05-29,58.5967903137207
2015-06-01,58.300594329833984
2015-06-02,57.31328582763672
2015-06-03,54.54882049560547
2015-06-04,53.85770797729492
2015-06-05,53.512149810791016
2015-06-08,52.62356948852539
2015-06-09,51.24134063720703
2015-06-10,51.389434814453125
2015-06-11,46.897178649902344
2015-06-12,46.74908447265625
2015-06-15,47.1933708190918
2015-06-16,46.05796813964844
2015-06-17,46.05796813964844
2015-06-18,45.366851806640625
2015-06-19,45.51494216918945
2015-06-22,47.144004821777344
2015-06-23,53.11722183227539
2015-06-24,50.155296325683594
2015-06-25,51.19197082519531
2015-06-26,52.37674331665039
2015-06-29,48.67433547973633
2015-06-30,50.500858306884766
2015-07-01,53.265323638916016
2015-07-02,52.72230529785156
2015-07-03,55.190574645996094
2015-07-06,54.894378662109375
2015-07-07,53.364051818847656
2015-07-08,52.52484130859375
2015-07-09,52.2286491394043
2015-07-10,52.031185150146484
2015-07-13,52.47547912597656
2015-07-14,53.3146858215332
2015-07-15,54.10453414916992
2015-07-16,53.5615119934082
2015-07-17,51.784358978271484
2015-07-20,51.93245315551758
2015-07-21,50.500858306884766
2015-07-22,50.05657196044922
2015-07-23,51.537532806396484
2015-07-24,50.45148849487305
2015-07-27,48.82242965698242
2015-07-28,48.624969482421875
2015-07-29,48.13131332397461
2015-07-30,50.2540283203125
2015-07-31,49.80973815917969
2015-08-03,50.79705047607422
2015-08-04,50.79705047607422
2015-08-05,51.636260986328125
2015-08-06,52.031185150146484
2015-08-07,51.784358978271484
2015-08-10,52.17927932739258
2015-08-11,51.7349967956543
2015-08-12,49.71100616455078
2015-08-13,48.97052764892578
2015-08-14,47.2921028137207
2015-08-17,43.93525314331055
2015-08-18,46.25542449951172
2015-08-19,45.712406158447266
2015-08-20,44.62636947631836
2015-08-21,43.14540481567383
2015-08-24,36.3823356628418
2015-08-25,34.06216049194336
2015-08-26,35.14820098876953
2015-08-27,36.3823356628418
2015-08-28,34.703914642333984
2015-08-31,32.63056182861328
2015-09-01,31.001502990722656
2015-09-02,30.705310821533203
2015-09-03,30.60658073425293
2015-09-04,29.915462493896484
2015-09-07,27.447189331054688
2015-09-08,27.6446533203125
2015-09-09,28.039575576782227
2015-09-10,26.904170989990234
2015-09-11,27.05226707458496
2015-09-14,29.718002319335938
2015-09-15,30.754676818847656
2015-09-16,30.112924575805664
2015-09-18,30.761051177978516
2015-09-21,31.15989875793457
2015-09-22,30.461915969848633
2015-09-23,30.561628341674805
2015-09-24,30.561628341674805
2015-09-28,30.8109073638916
2015-09-29,30.910619735717773
2015-09-30,31.409177780151367
2015-10-01,31.010330200195312
2015-10-05,32.40629577636719
2015-10-06,32.306583404541016
2015-10-07,32.70542907714844
2015-10-08,32.90485382080078
2015-10-09,33.8022575378418
2015-10-12,32.954708099365234
2015-10-13,32.655574798583984
2015-10-14,33.253841400146484
2015-10-15,33.3036994934082
2015-10-16,33.50312042236328
2015-10-19,33.35355758666992
2015-10-20,33.852115631103516
2015-10-21,33.45326614379883
2015-10-23,33.852115631103516
2015-10-26,33.3036994934082
2015-10-27,33.403411865234375
2015-10-28,33.054420471191406
2015-10-29,32.90485382080078
2015-10-30,32.0074462890625
2015-11-02,31.35932159423828
2015-11-03,31.15989875793457
2015-11-04,31.558744430541992
2015-11-05,30.212636947631836
2015-11-06,29.96335792541504
2015-11-09,29.8636474609375
2015-11-10,29.81378936767578
2015-11-13,30.8109073638916
2015-11-16,29.8636474609375
2015-11-17,29.96335792541504
2015-11-18,29.51465606689453
2015-11-19,29.614368438720703
2015-11-20,29.81378936767578
2015-11-23,29.913501739501953
2015-11-24,30.262493133544922
2015-11-26,31.309465408325195
2015-11-27,32.655574798583984
2015-11-30,33.3036994934082
2015-12-01,32.506004333496094
2015-12-02,31.758169174194336
2015-12-03,31.309465408325195
2015-12-04,29.763935089111328
2015-12-07,28.916385650634766
2015-12-08,28.168548583984375
2015-12-09,26.722728729248047
2015-12-10,25.875181198120117
2015-12-11,25.92503547668457
2015-12-14,27.869413375854492
2015-12-15,28.96623992919922
2015-12-16,28.66710662841797
2015-12-17,29.016098022460938
2015-12-18,29.06595230102539
2015-12-21,32.2567253112793
2015-12-22,35.4474983215332
2015-12-23,39.0371208190918
2015-12-24,39.63539123535156
2015-12-28,38.5385627746582
2015-12-29,36.94317626953125
2015-12-30,37.391876220703125
2015-12-31,40.28351974487305
2016-01-01,41.131065368652344
2016-01-04,39.78495788574219
2016-01-05,39.63539123535156
2016-01-06,39.48582077026367
2016-01-07,38.08985900878906
2016-01-08,38.13971710205078
2016-01-11,37.2423095703125
2016-01-12,37.890438079833984
2016-01-13,35.9460563659668
2016-01-14,34.300819396972656
2016-01-15,33.104278564453125
2016-01-18,30.761051177978516
2016-01-19,34.8492317199707
2016-01-20,33.552978515625
2016-01-21,33.95182418823242
2016-01-22,34.69966125488281
2016-01-25,34.99879455566406
2016-01-27,34.300819396972656
2016-01-28,35.3477897644043
2016-01-29,34.94894027709961
2016-02-01,36.84346389770508
2016-02-02,35.69677734375
2016-02-03,34.450382232666016
2016-02-04,34.001678466796875
2016-02-05,33.75239944458008
2016-02-08,33.65269088745117
2016-02-09,33.15413284301758
2016-02-10,32.655574798583984
2016-02-11,30.06307029724121
2016-02-12,31.15989875793457
2016-02-15,32.10715866088867
2016-02-16,30.412059783935547
2016-02-17,28.617250442504883
2016-02-18,29.016098022460938
2016-02-19,28.816673278808594
2016-02-22,29.215518951416016
2016-02-23,28.218402862548828
2016-02-24,28.268260955810547
2016-02-25,28.517539978027344
2016-02-26,28.76681900024414
2016-02-29,28.916385650634766
2016-03-01,30.013214111328125
2016-03-02,30.860763549804688
2016-03-03,31.15989875793457
2016-03-04,34.35067367553711
2016-03-08,33.403411865234375
2016-03-09,33.702545166015625
2016-03-10,33.45326614379883
2016-03-11,33.60283660888672
2016-03-14,33.20398712158203
2016-03-15,33.50312042236328
2016-03-16,33.15413284301758
2016-03-17,32.954708099365234
2016-03-18,32.605716705322266
2016-03-21,32.55586242675781
2016-03-22,31.90773582458496
2016-03-23,31.558744430541992
2016-03-28,30.51177215576172
2016-03-29,30.51177215576172
2016-03-30,31.50889015197754
2016-03-31,30.761051177978516
2016-04-01,31.658456802368164
2016-04-04,31.708311080932617
2016-04-05,31.010330200195312
2016-04-06,31.110042572021484
2016-04-07,30.8109073638916
2016-04-08,32.35643768310547
2016-04-11,31.90773582458496
2016-04-12,32.55586242675781
2016-04-13,32.10715866088867
2016-04-18,32.55586242675781
2016-04-20,33.054420471191406
2016-04-21,32.80514144897461
2016-04-22,32.80514144897461
2016-04-25,32.75528335571289
2016-04-26,32.655574798583984
2016-04-27,32.506004333496094
2016-04-28,33.50312042236328
2016-04-29,33.15413284301758
2016-05-02,36.045772552490234
2016-05-03,35.597068786621094
2016-05-04,35.297935485839844
2016-05-05,34.50023651123047
2016-05-06,32.70542907714844
2016-05-09,33.702545166015625
2016-05-10,33.95182418823242
2016-05-11,33.20398712158203
2016-05-12,33.104278564453125
2016-05-13,32.306583404541016
2016-05-16,32.954708099365234
2016-05-17,31.957590103149414
2016-05-18,32.90485382080078
2016-05-19,32.80514144897461
2016-05-20,32.45615005493164
2016-05-23,32.40629577636719
2016-05-24,32.05730438232422
2016-05-25,37.890438079833984
2016-05-26,36.9930305480957
2016-05-27,39.685245513916016
2016-05-30,41.92875671386719
2016-05-31,39.43596649169922
2016-06-01,40.5826530456543
2016-06-02,40.6823616027832
2016-06-03,40.3333740234375
2016-06-06,41.878902435302734
2016-06-07,41.280635833740234
2016-06-08,41.48005676269531
2016-06-09,40.38322830200195
2016-06-10,40.6823616027832
2016-06-13,40.3333740234375
2016-06-14,40.48293685913086
2016-06-15,39.93452453613281
2016-06-16,38.88755416870117
2016-06-17,38.638275146484375
2016-06-20,38.08985900878906
2016-06-21,37.19245529174805
2016-06-22,38.787841796875
2016-06-23,39.236541748046875
2016-06-24,37.14259719848633
2016-06-27,37.4915885925293
2016-06-28,38.638275146484375
2016-06-29,41.38034439086914
2016-06-30,40.18380355834961
2016-07-01,40.88178634643555
2016-07-04,41.92875671386719
2016-07-05,41.38034439086914
2016-07-07,48.50973129272461
2016-07-08,48.06102752685547
2016-07-11,53.445457458496094
2016-07-12,55.290122985839844
2016-07-13,55.838539123535156
2016-07-14,55.48954772949219
2016-07-15,55.0906982421875
2016-07-18,53.49531555175781
2016-07-19,54.39271926879883
2016-07-20,56.98522186279297
2016-07-21,55.63911437988281
2016-07-22,55.78868103027344
2016-07-25,55.688968658447266
2016-07-26,53.69473648071289
2016-07-27,52.44833755493164
2016-07-28,51.251800537109375
2016-07-29,49.95554733276367
2016-08-01,49.407135009765625
2016-08-02,49.60655975341797
2016-08-03,50.902809143066406
2016-08-04,50.75324249267578
2016-08-05,51.45122146606445
2016-08-08,52.199058532714844
2016-08-09,51.1520881652832
2016-08-10,50.10511779785156
2016-08-11,60.12614059448242
2016-08-12,70.6955795288086
2016-08-16,64.4636001586914
2016-08-17,66.55754089355469
2016-08-18,67.90364837646484
2016-08-19,66.40797424316406
2016-08-22,67.05609893798828
2016-08-23,70.0973129272461
2016-08-24,69.84803009033203
2016-08-25,68.45206451416016
2016-08-26,61.87109375
2016-08-29,57.63334655761719
2016-08-30,56.8855094909668
2016-08-31,59.32844543457031
2016-09-01,59.27859115600586
2016-09-02,61.57196044921875
2016-09-06,73.23822021484375
2016-09-07,70.64572143554688
2016-09-08,68.60163879394531
2016-09-09,67.70423126220703
2016-09-12,64.76272583007812
2016-09-14,66.90653228759766
2016-09-15,66.10884094238281
2016-09-16,64.56330871582031
2016-09-19,63.81547164916992
2016-09-20,62.519222259521484
2016-09-21,63.31691360473633
2016-09-22,63.715763092041016
2016-09-23,63.217201232910156
2016-09-26,62.519222259521484
2016-09-27,62.91806411743164
2016-09-28,66.70711517333984
2016-09-29,59.428157806396484
2016-09-30,62.22008514404297
2016-10-03,69.64860534667969
2016-10-04,75.08289337158203
2016-10-05,74.18548583984375
2016-10-06,70.0973129272461
2016-10-07,70.197021484375
2016-10-10,71.44341278076172
2016-10-13,69.94773864746094
2016-10-14,73.93621063232422
2016-10-17,75.48173522949219
2016-10-18,76.97740936279297
2016-10-19,77.6753921508789
2016-10-20,78.62265014648438
2016-10-21,77.87481689453125
2016-10-24,78.67251586914062
2016-10-25,76.5287094116211
2016-10-26,75.08289337158203
2016-10-27,74.484619140625
2016-10-28,74.08577728271484
2016-11-01,73.53736114501953
2016-11-02,72.04168701171875
2016-11-03,70.6955795288086
2016-11-04,67.70423126220703
2016-11-07,67.05609893798828
2016-11-08,66.6073989868164
2016-11-09,63.06763458251953
2016-11-10,65.51056671142578
2016-11-11,62.61893081665039
2016-11-15,58.331329345703125
2016-11-16,58.630462646484375
2016-11-17,56.436805725097656
2016-11-18,56.436805725097656
2016-11-21,54.39271926879883
2016-11-22,53.545169830322266
2016-11-23,56.93536376953125
2016-11-24,58.331329345703125
2016-11-25,60.175994873046875
2016-11-28,60.923831939697266
2016-11-29,62.41950607299805
2016-11-30,62.86820983886719
2016-12-01,63.46648406982422
2016-12-02,63.01778030395508
2016-12-05,64.61316680908203
2016-12-06,69.249755859375
2016-12-07,66.6073989868164
2016-12-08,68.90076446533203
2016-12-09,68.35235595703125
2016-12-12,70.99471282958984
2016-12-13,75.13274383544922
2016-12-14,75.78087615966797
2016-12-15,77.57568359375
2016-12-16,78.67251586914062
2016-12-19,77.1269760131836
2016-12-20,74.28519439697266
2016-12-21,72.88922882080078
2016-12-22,69.94773864746094
2016-12-23,69.39932250976562
2016-12-26,66.85668182373047
2016-12-27,68.55177307128906
2016-12-28,68.85091400146484
2016-12-29,69.34947204589844
2016-12-30,70.24687194824219
2017-01-02,72.04168701171875
2017-01-03,73.3877944946289
2017-01-04,73.58721923828125
2017-01-05,74.28519439697266
2017-01-06,73.58721923828125
2017-01-09,72.49038696289062
2017-01-10,73.68692779541016
2017-01-11,78.37337493896484
2017-01-12,79.47019958496094
2017-01-13,76.87770080566406
2017-01-16,77.37625885009766
2017-01-17,76.22956848144531
2017-01-18,76.57856750488281
2017-01-19,75.48173522949219
2017-01-20,73.18836975097656
2017-01-23,72.19125366210938
2017-01-24,73.28807830810547
2017-01-25,76.17971801757812
2017-01-27,76.22956848144531
2017-01-30,75.48173522949219
2017-01-31,74.18548583984375
2017-02-01,75.28231048583984
2017-02-02,74.63418579101562
2017-02-03,76.17971801757812
2017-02-06,77.27655029296875
2017-02-07,76.77799224853516
2017-02-08,77.52582550048828
2017-02-09,77.37625885009766
2017-02-10,80.51717376708984
2017-02-13,82.06271362304688
2017-02-14,82.06271362304688
2017-02-15,81.11544799804688
2017-02-16,80.7664566040039
2017-02-17,85.70217895507812
2017-02-20,89.54108428955078
2017-02-21,87.14800262451172
2017-02-22,86.05117797851562
2017-02-23,84.30622100830078
2017-02-27,83.00997161865234
2017-02-28,83.85751342773438
2017-03-01,83.50852966308594
2017-03-02,82.16242218017578
2017-03-03,82.56127166748047
2017-03-06,83.15953826904297
2017-03-07,82.96011352539062
2017-03-08,82.26213073730469
2017-03-09,81.7635726928711
2017-03-10,80.51717376708984
2017-03-14,81.2650146484375
2017-03-15,81.9629898071289
2017-03-16,81.81343078613281
2017-03-17,81.46443176269531
2017-03-20,82.76068878173828
2017-03-21,81.41458129882812
2017-03-22,80.81631469726562
2017-03-23,82.810546875
2017-03-24,83.60823822021484
2017-03-27,82.76068878173828
2017-03-28,82.21227264404297
2017-03-29,82.16242218017578
2017-03-30,81.71371459960938
2017-03-31,80.2180404663086
2017-04-03,82.3119888305664
2017-04-05,83.10968017578125
2017-04-06,82.3119888305664
2017-04-07,81.71371459960938
2017-04-10,86.74915313720703
2017-04-11,87.29757690429688
2017-04-12,84.8546371459961
2017-04-13,88.49411010742188
2017-04-17,92.68199920654297
2017-04-18,95.37422180175781
2017-04-19,98.0664291381836
2017-04-20,106.44221496582031
2017-04-21,111.02894592285156
2017-04-24,107.4393310546875
2017-04-25,105.84394073486328
2017-04-26,103.79985046386719
2017-04-27,102.65316772460938
2017-04-28,104.39811706542969
2017-05-02,102.40388488769531
2017-05-03,103.2514419555664
2017-05-04,102.802734375
2017-05-05,105.14595794677734
2017-05-08,112.37505340576172
2017-05-09,114.07015991210938
2017-05-10,114.02030181884766
2017-05-11,115.26669311523438
2017-05-12,116.61280059814453
2017-05-15,117.11135864257812
2017-05-16,117.9090576171875
2017-05-17,115.61568450927734
2017-05-18,115.416259765625
2017-05-19,112.72405242919922
2017-05-22,113.62145233154297
2017-05-23,106.34249877929688
2017-05-24,110.87937927246094
2017-05-25,113.02317810058594
2017-05-26,113.47188568115234
2017-05-29,111.07880401611328
2017-05-30,111.47765350341797
2017-05-31,112.7739028930664
2017-06-01,110.181396484375
2017-06-02,110.28111267089844
2017-06-05,108.58601379394531
2017-06-06,107.14019012451172
2017-06-07,108.93500518798828
2017-06-08,111.47765350341797
2017-06-09,111.12865447998047
2017-06-12,109.73270416259766
2017-06-13,109.18428039550781
2017-06-14,108.18716430664062
2017-06-15,108.03759765625
2017-06-16,108.58601379394531
2017-06-19,108.33673858642578
2017-06-20,107.5390396118164
2017-06-21,109.93212127685547
2017-06-22,108.03759765625
2017-06-23,105.44509887695312
2017-06-27,100.658935546875
2017-06-28,102.15460968017578
2017-06-29,101.75576782226562
2017-06-30,101.35691833496094
2017-07-03,103.15172576904297
2017-07-04,108.33673858642578
2017-07-05,110.13153839111328
2017-07-06,108.28688049316406
2017-07-07,108.28688049316406
2017-07-10,109.0845718383789
2017-07-11,107.58889770507812
2017-07-12,107.98774719238281
2017-07-13,105.99351501464844
2017-07-14,104.3482666015625
2017-07-17,104.04913330078125
2017-07-18,105.79408264160156
2017-07-19,103.79985046386719
2017-07-20,103.75
2017-07-21,109.19999694824219
2017-07-24,105.0999984741211
2017-07-25,103.94999694824219
2017-07-26,103.75
2017-07-27,102.19999694824219
2017-07-28,102.8499984741211
2017-07-31,102.5999984741211
2017-08-01,102.6500015258789
2017-08-02,103.0
2017-08-03,100.8499984741211
2017-08-04,99.9000015258789
2017-08-07,100.5
2017-08-08,96.30000305175781
2017-08-09,93.5999984741211
2017-08-10,87.6500015258789
2017-08-11,85.5
2017-08-14,87.05000305175781
2017-08-16,87.69999694824219
2017-08-17,92.4000015258789
2017-08-18,91.0
2017-08-21,88.75
2017-08-22,87.0999984741211
2017-08-23,89.25
2017-08-24,89.80000305175781
2017-08-28,96.80000305175781
2017-08-29,98.9000015258789
2017-08-30,94.9000015258789
2017-08-31,94.6500015258789
2017-09-01,97.4000015258789
2017-09-04,96.75
2017-09-05,96.25
2017-09-06,94.8499984741211
2017-09-07,92.25
2017-09-08,93.94999694824219
2017-09-11,93.4000015258789
2017-09-12,93.0
2017-09-13,90.55000305175781
2017-09-14,90.4000015258789
2017-09-15,89.19999694824219
2017-09-18,89.9000015258789
2017-09-19,88.80000305175781
2017-09-20,87.05000305175781
2017-09-21,87.4000015258789
2017-09-22,84.8499984741211
2017-09-25,81.55000305175781
2017-09-26,82.4000015258789
2017-09-27,79.9000015258789
2017-09-28,78.5999984741211
2017-09-29,80.1500015258789
2017-10-03,80.19999694824219
2017-10-04,83.4000015258789
2017-10-05,84.8499984741211
2017-10-06,89.75
2017-10-09,92.44999694824219
2017-10-10,98.0
2017-10-11,90.94999694824219
2017-10-12,91.30000305175781
2017-10-13,93.4000015258789
2017-10-16,92.80000305175781
2017-10-17,93.19999694824219
2017-10-18,92.19999694824219
2017-10-19,94.75
2017-10-23,96.69999694824219
2017-10-24,102.19999694824219
2017-10-25,104.30000305175781
2017-10-26,103.75
2017-10-27,101.44999694824219
2017-10-30,103.25
2017-10-31,105.30000305175781
2017-11-01,103.5
2017-11-02,101.30000305175781
2017-11-03,102.0
2017-11-06,102.19999694824219
2017-11-07,100.44999694824219
2017-11-08,97.0
2017-11-09,97.8499984741211
2017-11-10,98.25
2017-11-13,97.0
2017-11-14,96.30000305175781
2017-11-15,93.75
2017-11-16,94.44999694824219
2017-11-17,95.69999694824219
2017-11-20,99.25
2017-11-21,100.4000015258789
2017-11-22,98.5999984741211
2017-11-23,98.69999694824219
2017-11-24,99.3499984741211
2017-11-27,98.5
2017-11-28,102.55000305175781
2017-11-29,104.05000305175781
2017-11-30,106.5999984741211
2017-12-01,105.69999694824219
2017-12-04,103.3499984741211
2017-12-05,99.5
2017-12-06,98.19999694824219
2017-12-07,99.94999694824219
2017-12-08,100.75
2017-12-11,100.4000015258789
2017-12-12,99.19999694824219
2017-12-13,96.5
2017-12-14,110.44999694824219
2017-12-15,110.69999694824219
2017-12-18,107.75
2017-12-19,114.1500015258789
2017-12-20,117.25
2017-12-21,116.44999694824219
2017-12-22,114.4000015258789
2017-12-26,117.8499984741211
2017-12-27,122.1500015258789
2017-12-28,119.5999984741211
2017-12-29,118.05000305175781
2018-01-01,115.4000015258789
2018-01-02,115.80000305175781
2018-01-03,120.8499984741211
2018-01-04,121.5999984741211
2018-01-05,121.6500015258789
2018-01-08,124.25
2018-01-09,123.8499984741211
2018-01-10,121.5999984741211
2018-01-11,121.4000015258789
2018-01-12,118.80000305175781
2018-01-15,127.8499984741211
2018-01-16,121.0
2018-01-17,119.19999694824219
2018-01-18,114.69999694824219
2018-01-19,115.25
2018-01-22,117.05000305175781
2018-01-23,117.0
2018-01-24,113.30000305175781
2018-01-25,113.0999984741211
2018-01-29,113.05000305175781
2018-01-30,108.69999694824219
2018-01-31,108.80000305175781
2018-02-01,108.94999694824219
2018-02-02,100.6500015258789
2018-02-05,99.19999694824219
2018-02-06,93.44999694824219
2018-02-07,97.6500015258789
2018-02-08,102.6500015258789
2018-02-09,103.5
2018-02-12,104.0
2018-02-14,99.4000015258789
2018-02-15,96.80000305175781
2018-02-16,94.80000305175781
2018-02-19,92.3499984741211
2018-02-20,94.94999694824219
2018-02-21,94.5999984741211
2018-02-22,94.69999694824219
2018-02-23,94.75
2018-02-26,95.9000015258789
2018-02-27,93.80000305175781
2018-02-28,94.05000305175781
2018-03-01,94.1500015258789
2018-03-05,89.5
2018-03-06,87.5
2018-03-07,83.69999694824219
2018-03-08,82.30000305175781
2018-03-09,82.75
2018-03-12,82.8499984741211
2018-03-13,83.69999694824219
2018-03-14,82.05000305175781
2018-03-15,85.5
2018-03-16,84.25
2018-03-19,81.75
2018-03-20,81.6500015258789
2018-03-21,80.75
2018-03-22,79.5999984741211
2018-03-23,76.55000305175781
2018-03-26,75.0999984741211
2018-03-27,77.44999694824219
2018-03-28,74.69999694824219
2018-04-02,79.55000305175781
2018-04-03,81.5999984741211
2018-04-04,79.75
2018-04-05,81.8499984741211
2018-04-06,81.5999984741211
2018-04-09,81.5999984741211
2018-04-10,80.80000305175781
2018-04-11,83.1500015258789
2018-04-12,81.80000305175781
2018-04-13,81.3499984741211
2018-04-16,80.0999984741211
2018-04-17,80.44999694824219
2018-04-18,81.05000305175781
2018-04-19,79.75
2018-04-20,80.1500015258789
2018-04-23,79.4000015258789
2018-04-24,80.8499984741211
2018-04-25,78.30000305175781
2018-04-26,77.3499984741211
2018-04-27,78.19999694824219
2018-04-30,78.5
2018-05-02,75.9000015258789
2018-05-03,73.5999984741211
2018-05-04,74.0999984741211
2018-05-07,74.19999694824219
2018-05-08,71.9000015258789
2018-05-09,71.05000305175781
2018-05-10,70.9000015258789
2018-05-11,69.25
2018-05-14,67.6500015258789
2018-05-15,68.94999694824219
2018-05-16,68.4000015258789
2018-05-17,68.6500015258789
2018-05-18,65.5999984741211
2018-05-21,61.650001525878906
2018-05-22,61.5
2018-05-23,61.650001525878906
2018-05-24,63.04999923706055
2018-05-25,63.099998474121094
2018-05-28,65.8499984741211
2018-05-29,65.3499984741211
2018-05-30,64.05000305175781
2018-05-31,51.25
2018-06-01,43.70000076293945
2018-06-04,46.900001525878906
2018-06-05,44.95000076293945
2018-06-06,49.400001525878906
2018-06-07,51.45000076293945
2018-06-08,51.25
2018-06-11,50.45000076293945
2018-06-12,47.70000076293945
2018-06-13,48.349998474121094
2018-06-14,46.45000076293945
2018-06-15,46.900001525878906
2018-06-18,45.099998474121094
2018-06-19,44.70000076293945
2018-06-20,44.849998474121094
2018-06-21,44.650001525878906
2018-06-22,42.75
2018-06-25,42.04999923706055
2018-06-26,41.54999923706055
2018-06-27,39.45000076293945
2018-06-28,38.0
2018-06-29,38.95000076293945
2018-07-02,38.70000076293945
2018-07-03,41.400001525878906
2018-07-04,40.400001525878906
2018-07-05,37.95000076293945
2018-07-06,39.20000076293945
2018-07-09,40.150001525878906
2018-07-10,41.75
2018-07-11,41.0
2018-07-12,40.45000076293945
2018-07-13,38.45000076293945
2018-07-16,37.04999923706055
2018-07-17,37.400001525878906
2018-07-18,36.75
2018-07-19,34.29999923706055
2018-07-20,37.20000076293945
2018-07-23,39.70000076293945
2018-07-24,43.099998474121094
2018-07-25,43.75
2018-07-26,44.650001525878906
2018-07-27,44.099998474121094
2018-07-30,41.900001525878906
2018-07-31,40.20000076293945
2018-08-01,39.650001525878906
2018-08-02,40.099998474121094
2018-08-03,41.45000076293945
2018-08-06,41.900001525878906
2018-08-07,40.150001525878906
2018-08-08,39.849998474121094
2018-08-09,40.29999923706055
2018-08-10,38.900001525878906
2018-08-13,37.0
2018-08-14,35.150001525878906
2018-08-16,34.20000076293945
2018-08-17,35.900001525878906
2018-08-20,37.650001525878906
2018-08-21,36.5
2018-08-23,38.29999923706055
2018-08-24,39.70000076293945
2018-08-27,39.099998474121094
2018-08-28,37.849998474121094
2018-08-29,38.0
2018-08-30,38.150001525878906
2018-08-31,38.25
2018-09-03,38.0
2018-09-04,37.849998474121094
2018-09-05,36.54999923706055
2018-09-06,37.45000076293945
2018-09-07,38.900001525878906
2018-09-10,38.25
2018-09-11,37.099998474121094
2018-09-12,36.400001525878906
2018-09-14,36.45000076293945
2018-09-17,36.54999923706055
2018-09-18,35.849998474121094
2018-09-19,35.599998474121094
2018-09-21,33.849998474121094
2018-09-24,32.20000076293945
2018-09-25,30.700000762939453
2018-09-26,30.200000762939453
2018-09-27,28.700000762939453
2018-09-28,27.299999237060547
2018-10-01,25.950000762939453
2018-10-03,25.200000762939453
2018-10-04,24.149999618530273
2018-10-05,22.950000762939453
2018-10-08,21.850000381469727
2018-10-09,20.799999237060547
2018-10-10,20.25
2018-10-11,20.299999237060547
2018-10-12,21.299999237060547
2018-10-15,22.350000381469727
2018-10-16,23.450000762939453
2018-10-17,24.600000381469727
2018-10-19,24.049999237060547
2018-10-22,25.200000762939453
2018-10-23,26.450000762939453
2018-10-24,27.75
2018-10-25,29.100000381469727
2018-10-26,30.549999237060547
2018-10-29,29.049999237060547
2018-10-30,27.850000381469727
2018-10-31,27.200000762939453
2018-11-01,28.549999237060547
2018-11-02,29.0
2018-11-05,29.450000762939453
2018-11-06,28.399999618530273
2018-11-07,29.450000762939453
2018-11-09,28.950000762939453
2018-11-12,28.649999618530273
2018-11-13,28.5
2018-11-14,28.200000762939453
2018-11-15,27.0
2018-11-16,26.899999618530273
2018-11-19,25.799999237060547
2018-11-20,24.549999237060547
2018-11-21,23.5
2018-11-22,23.75
2018-11-26,23.5
2018-11-27,23.149999618530273
2018-11-28,22.649999618530273
2018-11-29,22.75
2018-11-30,22.450000762939453
2018-12-03,23.450000762939453
2018-12-04,23.600000381469727
2018-12-05,23.0
2018-12-06,22.100000381469727
2018-12-07,22.200000762939453
2018-12-10,21.850000381469727
2018-12-11,21.899999618530273
2018-12-12,22.950000762939453
2018-12-13,23.700000762939453
2018-12-14,24.25
2018-12-17,23.75
2018-12-18,23.75
2018-12-19,24.100000381469727
2018-12-20,23.299999237060547
2018-12-21,23.200000762939453
2018-12-24,22.299999237060547
2018-12-26,21.799999237060547
2018-12-27,22.0
2018-12-28,22.299999237060547
2018-12-31,22.649999618530273
2019-01-01,22.850000381469727
2019-01-02,23.049999237060547
2019-01-03,22.649999618530273
2019-01-04,22.25
2019-01-07,22.700000762939453
2019-01-08,22.850000381469727
2019-01-09,22.700000762939453
2019-01-10,22.149999618530273
2019-01-11,22.5
2019-01-14,22.149999618530273
2019-01-15,22.200000762939453
2019-01-16,22.0
2019-01-17,22.049999237060547
2019-01-18,21.549999237060547
2019-01-21,21.25
2019-01-22,20.450000762939453
2019-01-23,20.049999237060547
2019-01-24,20.700000762939453
2019-01-25,19.799999237060547
2019-01-28,19.049999237060547
2019-01-29,18.549999237060547
2019-01-30,18.700000762939453
2019-01-31,18.299999237060547
2019-02-01,18.450000762939453
2019-02-04,17.649999618530273
2019-02-05,16.799999237060547
2019-02-06,16.0
2019-02-07,15.199999809265137
2019-02-08,14.449999809265137
2019-02-11,15.149999618530273
2019-02-12,15.899999618530273
2019-02-14,15.850000381469727
2019-02-15,15.25
2019-02-18,14.899999618530273
2019-02-19,14.850000381469727
2019-02-20,14.699999809265137
2019-02-21,15.100000381469727
2019-02-22,15.800000190734863
2019-02-25,16.549999237060547
2019-02-26,15.800000190734863
2019-02-27,15.899999618530273
2019-02-28,16.200000762939453
2019-03-01,16.600000381469727
2019-03-05,17.399999618530273
2019-03-06,18.25
2019-03-07,19.149999618530273
2019-03-08,20.100000381469727
2019-03-11,21.100000381469727
2019-03-12,22.149999618530273
2019-03-13,21.450000762939453
2019-03-14,21.75
2019-03-15,21.100000381469727
2019-03-18,20.049999237060547
2019-03-19,19.149999618530273
2019-03-20,19.100000381469727
2019-03-22,19.299999237060547
2019-03-25,19.149999618530273
2019-03-26,18.899999618530273
2019-03-27,18.700000762939453
2019-03-28,18.850000381469727
2019-04-01,19.25
2019-04-02,19.75
2019-04-03,19.75
2019-04-04,19.450000762939453
2019-04-05,19.299999237060547
2019-04-08,18.950000762939453
2019-04-09,19.25
2019-04-10,19.049999237060547
2019-04-11,18.950000762939453
2019-04-12,19.049999237060547
2019-04-15,19.0
2019-04-16,19.0
2019-04-18,19.200000762939453
2019-04-22,17.850000381469727
2019-04-23,18.100000381469727
2019-04-24,18.299999237060547
2019-04-25,18.149999618530273
2019-04-26,17.200000762939453
2019-04-30,15.699999809265137
2019-05-02,15.949999809265137
2019-05-03,15.600000381469727
2019-05-06,15.25
2019-05-07,14.800000190734863
2019-05-08,14.699999809265137
2019-05-09,14.449999809265137
2019-05-10,14.949999809265137
2019-05-13,14.25
2019-05-14,13.199999809265137
2019-05-15,13.149999618530273
2019-05-16,12.649999618530273
2019-05-17,12.550000190734863
2019-05-20,13.149999618530273
2019-05-21,13.800000190734863
2019-05-22,14.449999809265137
2019-05-23,15.0
2019-05-24,14.850000381469727
2019-05-27,15.050000190734863
2019-05-28,14.699999809265137
2019-05-29,14.550000190734863
2019-05-30,14.25
2019-05-31,13.899999618530273
2019-06-03,13.25
2019-06-04,13.5
2019-06-06,12.949999809265137
2019-06-07,13.300000190734863
2019-06-10,12.100000381469727
2019-06-11,11.25
2019-06-12,11.699999809265137
2019-06-13,12.850000381469727
2019-06-14,12.100000381469727
2019-06-17,11.399999618530273
2019-06-18,10.300000190734863
2019-06-19,9.300000190734863
2019-06-20,8.899999618530273
2019-06-21,9.100000381469727
2019-06-24,9.550000190734863
2019-06-25,9.550000190734863
2019-06-26,10.0
2019-06-27,10.449999809265137
2019-06-28,10.899999618530273
2019-07-01,10.699999809265137
2019-07-02,10.199999809265137
2019-07-03,9.75
2019-07-04,9.850000381469727
2019-07-05,9.649999618530273
2019-07-08,9.300000190734863
2019-07-09,9.149999618530273
2019-07-10,9.199999809265137
2019-07-11,9.649999618530273
2019-07-12,10.100000381469727
2019-07-15,9.75
2019-07-16,9.300000190734863
2019-07-17,9.350000381469727
2019-07-18,8.899999618530273
2019-07-19,8.550000190734863
2019-07-22,8.199999809265137
2019-07-23,8.5
2019-07-24,8.300000190734863
2019-07-25,8.199999809265137
2019-07-26,8.300000190734863
2019-07-29,8.649999618530273
2019-07-30,8.25
2019-07-31,8.050000190734863
2019-08-01,7.75
2019-08-02,7.599999904632568
2019-08-05,7.75
2019-08-06,8.0
2019-08-07,7.849999904632568
2019-08-08,8.050000190734863
2019-08-09,7.800000190734863
2019-08-13,7.550000190734863
2019-08-14,7.349999904632568
2019-08-16,7.349999904632568
2019-08-19,7.099999904632568
2019-08-20,6.800000190734863
2019-08-21,6.5
2019-08-22,6.199999809265137
2019-08-23,5.900000095367432
2019-08-26,6.099999904632568
2019-08-27,6.400000095367432
2019-08-28,6.599999904632568
2019-08-29,6.599999904632568
2019-08-30,6.5
2019-09-03,6.650000095367432
2019-09-04,6.400000095367432
2019-09-05,6.099999904632568
2019-09-06,6.349999904632568
2019-09-09,6.650000095367432
2019-09-11,6.949999809265137
2019-09-12,7.25
2019-09-13,7.599999904632568
2019-09-16,7.949999809265137
2019-09-17,8.300000190734863
2019-09-18,8.699999809265137
2019-09-19,9.100000381469727
2019-09-20,8.699999809265137
2019-09-23,8.75
2019-09-24,9.149999618530273
2019-09-25,9.399999618530273
2019-09-26,9.149999618530273
2019-09-27,9.100000381469727
2019-09-30,8.649999618530273
2019-10-01,8.25
2019-10-03,7.849999904632568
2019-10-04,7.5
2019-10-07,7.5
2019-10-09,7.25
2019-10-10,7.150000095367432
2019-10-11,6.900000095367432
2019-10-14,7.0
2019-10-15,6.949999809265137
2019-10-16,6.650000095367432
2019-10-17,6.800000190734863
2019-10-18,7.099999904632568
2019-10-22,7.300000190734863
2019-10-23,6.949999809265137
2019-10-24,6.849999904632568
2019-10-25,6.949999809265137
2019-10-27,6.949999809265137
2019-10-29,6.650000095367432
2019-10-30,6.949999809265137
2019-10-31,7.150000095367432
2019-11-01,6.849999904632568
2019-11-04,6.849999904632568
2019-11-05,7.0
2019-11-06,7.0
2019-11-07,7.099999904632568
2019-11-08,7.0
2019-11-11,7.150000095367432
2019-11-13,7.449999809265137
2019-11-14,7.199999809265137
2019-11-15,6.849999904632568
2019-11-18,6.949999809265137
2019-11-19,7.099999904632568
2019-11-20,7.150000095367432
2019-11-21,7.0
2019-11-22,6.949999809265137
2019-11-25,6.849999904632568
2019-11-26,6.849999904632568
2019-11-27,6.800000190734863
2019-11-28,7.0
2019-11-29,7.0
2019-12-02,6.650000095367432
2019-12-03,6.550000190734863
2019-12-04,6.400000095367432
2019-12-05,6.199999809265137
2019-12-06,5.949999809265137
2019-12-09,5.900000095367432
2019-12-10,6.150000095367432
2019-12-11,5.949999809265137
2019-12-12,6.099999904632568
2019-12-13,5.800000190734863
2019-12-16,5.650000095367432
2019-12-17,5.800000190734863
2019-12-18,5.900000095367432
2019-12-19,6.050000190734863
2019-12-20,6.199999809265137
2019-12-23,5.949999809265137
2019-12-24,5.900000095367432
2019-12-26,5.800000190734863
2019-12-27,6.0
2019-12-30,6.099999904632568
2019-12-31,6.0
2020-01-01,5.800000190734863
2020-01-02,6.050000190734863
2020-01-03,6.349999904632568
2020-01-06,6.349999904632568
2020-01-07,6.599999904632568
2020-01-08,6.900000095367432
2020-01-09,7.099999904632568
2020-01-10,6.949999809265137
2020-01-13,6.800000190734863
2020-01-14,6.849999904632568
2020-01-15,6.800000190734863
2020-01-16,6.949999809265137
2020-01-17,6.650000095367432
2020-01-20,6.449999809265137
2020-01-21,6.25
2020-01-22,6.199999809265137
2020-01-23,6.25
2020-01-24,6.099999904632568
2020-01-27,6.150000095367432
2020-01-28,6.150000095367432
2020-01-29,6.150000095367432
2020-01-30,5.849999904632568
2020-01-31,5.599999904632568
2020-02-03,5.800000190734863
2020-02-04,5.650000095367432
2020-02-05,5.699999809265137
2020-02-06,5.949999809265137
2020-02-07,5.849999904632568
2020-02-10,5.75
2020-02-11,5.699999809265137
2020-02-12,5.699999809265137
2020-02-13,5.550000190734863
2020-02-14,5.599999904632568
2020-02-17,5.5
2020-02-18,5.550000190734863
2020-02-19,5.449999809265137
2020-02-20,5.199999809265137
2020-02-24,5.150000095367432
2020-02-25,5.150000095367432
2020-02-26,5.400000095367432
2020-02-27,5.199999809265137
2020-02-28,5.0
2020-03-02,4.75
2020-03-03,4.599999904632568
2020-03-04,4.400000095367432
2020-03-05,4.25
2020-03-06,4.050000190734863
2020-03-09,4.199999809265137
2020-03-11,4.25
2020-03-12,4.050000190734863
2020-03-13,3.8499999046325684
2020-03-16,3.799999952316284
2020-03-17,3.6500000953674316
2020-03-18,3.5
2020-03-19,3.3499999046325684
2020-03-20,3.200000047683716
2020-03-23,3.049999952316284
2020-03-24,2.9000000953674316
2020-03-25,2.799999952316284
2020-03-26,2.700000047683716
2020-03-27,2.75
2020-03-30,2.799999952316284
2020-03-31,2.700000047683716
2020-04-01,2.799999952316284
2020-04-03,2.9000000953674316
2020-04-07,3.0
2020-04-08,3.1500000953674316
2020-04-09,3.299999952316284
2020-04-13,3.450000047683716
2020-04-15,3.5999999046325684
2020-04-16,3.75
2020-04-17,3.9000000953674316
2020-04-20,4.050000190734863
2020-04-21,4.25
2020-04-22,4.449999809265137
2020-04-23,4.650000095367432
2020-04-24,4.849999904632568
2020-04-27,5.050000190734863
2020-04-28,5.300000190734863
2020-04-29,5.550000190734863
2020-04-30,5.800000190734863
2020-05-04,6.050000190734863
2020-05-05,6.349999904632568
2020-05-06,6.650000095367432
2020-05-07,6.949999809265137
2020-05-08,7.25
2020-05-11,7.599999904632568
2020-05-12,7.25
2020-05-13,6.900000095367432
2020-05-14,6.599999904632568
2020-05-15,6.300000190734863
2020-05-18,6.0
2020-05-19,6.099999904632568
2020-05-20,6.400000095367432
2020-05-21,6.550000190734863
2020-05-22,6.699999809265137
2020-05-26,6.599999904632568
2020-05-27,6.449999809265137
2020-05-28,6.300000190734863
2020-05-29,6.25
2020-06-01,6.550000190734863
2020-06-02,6.75
2020-06-03,6.599999904632568
2020-06-04,6.650000095367432
2020-06-05,6.800000190734863
2020-06-08,7.099999904632568
2020-06-09,7.449999809265137
2020-06-10,7.800000190734863
2020-06-11,7.449999809265137
2020-06-12,7.300000190734863
2020-06-15,7.150000095367432
2020-06-16,7.0
2020-06-17,6.75
2020-06-18,6.900000095367432
2020-06-19,7.050000190734863
2020-06-22,7.400000095367432
2020-06-23,7.75
2020-06-24,8.100000381469727
2020-06-25,8.5
2020-06-26,8.899999618530273
2020-06-29,9.199999809265137
2020-06-30,9.649999618530273
2020-07-01,10.100000381469727
2020-07-02,10.600000381469727
2020-07-03,11.100000381469727
2020-07-06,10.800000190734863
2020-07-07,10.300000190734863
2020-07-08,9.800000190734863
2020-07-09,10.199999809265137
2020-07-10,10.649999618530273
2020-07-13,10.399999618530273
2020-07-14,10.100000381469727
2020-07-15,9.850000381469727
2020-07-16,10.0
2020-07-17,9.75
2020-07-20,9.5
2020-07-21,9.350000381469727
2020-07-22,9.550000190734863
2020-07-23,9.350000381469727
2020-07-24,9.350000381469727
2020-07-27,9.25
2020-07-28,9.199999809265137
2020-07-29,9.100000381469727
2020-07-30,9.100000381469727
2020-07-31,9.25
2020-08-03,9.350000381469727
2020-08-04,9.25
2020-08-05,9.100000381469727
2020-08-06,9.050000190734863
2020-08-07,9.25
2020-08-10,9.149999618530273
2020-08-11,9.050000190734863
2020-08-12,9.050000190734863
2020-08-13,9.050000190734863
2020-08-14,8.75
2020-08-17,9.050000190734863
2020-08-18,8.899999618530273
2020-08-19,9.149999618530273
2020-08-20,9.199999809265137
2020-08-21,9.050000190734863
2020-08-24,8.899999618530273
2020-08-25,9.0
2020-08-26,8.949999809265137
2020-08-27,9.149999618530273
2020-08-28,8.899999618530273
2020-08-31,8.5
2020-09-01,8.100000381469727
2020-09-02,7.900000095367432
2020-09-03,7.800000190734863
2020-09-04,7.449999809265137
2020-09-07,7.449999809265137
2020-09-08,7.550000190734863
2020-09-09,7.449999809265137
2020-09-10,7.5
2020-09-11,7.599999904632568
2020-09-14,7.75
2020-09-15,7.550000190734863
2020-09-16,7.449999809265137
2020-09-17,7.349999904632568
2020-09-18,7.400000095367432
2020-09-21,7.050000190734863
2020-09-22,6.699999809265137
2020-09-23,6.800000190734863
2020-09-24,6.599999904632568
2020-09-25,6.449999809265137
2020-09-28,6.75
2020-09-29,6.849999904632568
2020-09-30,6.699999809265137
2020-10-01,6.599999904632568
2020-10-05,6.75
2020-10-06,6.650000095367432
2020-10-07,6.849999904632568
2020-10-08,6.75
2020-10-09,6.550000190734863
2020-10-12,6.699999809265137
2020-10-13,6.599999904632568
2020-10-14,6.449999809265137
2020-10-15,6.599999904632568
2020-10-16,6.349999904632568
2020-10-19,6.449999809265137
2020-10-20,6.449999809265137
2020-10-21,6.449999809265137
2020-10-22,6.400000095367432
2020-10-23,7.0
2020-10-26,6.900000095367432
2020-10-27,7.300000190734863
2020-10-28,7.150000095367432
2020-10-29,6.75
2020-10-30,6.949999809265137
2020-11-02,6.800000190734863
2020-11-03,6.699999809265137
2020-11-04,6.550000190734863
2020-11-05,6.5
2020-11-06,6.5
2020-11-09,6.550000190734863
2020-11-10,6.449999809265137
2020-11-11,6.349999904632568
2020-11-12,6.300000190734863
2020-11-13,6.400000095367432
2020-11-14,6.5
2020-11-17,6.400000095367432
2020-11-18,6.300000190734863
2020-11-19,6.400000095367432
2020-11-20,6.5
2020-11-23,6.449999809265137
2020-11-24,6.5
2020-11-25,6.75
2020-11-26,6.699999809265137
2020-11-27,7.349999904632568
2020-12-01,8.050000190734863
2020-12-02,8.449999809265137
2020-12-03,8.850000381469727
2020-12-04,8.75
2020-12-07,9.149999618530273
2020-12-08,8.949999809265137
2020-12-09,9.149999618530273
2020-12-10,9.0
2020-12-11,8.949999809265137
2020-12-14,9.25
2020-12-15,9.25
2020-12-16,9.399999618530273
2020-12-17,9.149999618530273
2020-12-18,8.699999809265137
2020-12-21,8.300000190734863
2020-12-22,7.900000095367432
2020-12-23,8.149999618530273
2020-12-24,8.300000190734863
2020-12-28,8.25
2020-12-29,8.149999618530273
2020-12-30,8.25
2020-12-31,8.649999618530273
2021-01-01,9.050000190734863
2021-01-04,9.5
2021-01-05,9.949999809265137
2021-01-06,10.399999618530273
2021-01-07,10.050000190734863
2021-01-08,9.949999809265137
2021-01-11,9.5
2021-01-12,9.649999618530273
2021-01-13,9.399999618530273
2021-01-14,9.25
2021-01-15,9.25
2021-01-18,8.899999618530273
2021-01-19,9.100000381469727
2021-01-20,9.050000190734863
2021-01-21,8.600000381469727
2021-01-22,8.199999809265137
2021-01-25,7.949999809265137
2021-01-27,8.300000190734863
2021-01-28,8.550000190734863
2021-01-29,8.350000381469727
2021-02-01,8.199999809265137
2021-02-02,8.149999618530273
2021-02-03,8.350000381469727
2021-02-04,8.100000381469727
2021-02-05,8.0
2021-02-08,8.050000190734863
2021-02-09,7.849999904632568
2021-02-10,7.550000190734863
2021-02-11,7.75
2021-02-12,8.100000381469727
2021-02-15,7.949999809265137
2021-02-16,7.949999809265137
2021-02-17,7.849999904632568
2021-02-18,8.050000190734863
2021-02-19,8.199999809265137
2021-02-22,8.449999809265137
2021-02-23,8.550000190734863
2021-02-24,8.449999809265137
2021-02-25,8.300000190734863
2021-02-26,8.149999618530273
2021-03-01,8.100000381469727
2021-03-02,8.199999809265137
2021-03-03,8.449999809265137
2021-03-04,8.449999809265137
2021-03-05,8.25
2021-03-08,8.100000381469727
2021-03-09,7.699999809265137
2021-03-10,7.349999904632568
2021-03-12,7.599999904632568
2021-03-15,7.900000095367432
2021-03-16,7.900000095367432
2021-03-17,7.599999904632568
2021-03-18,7.650000095367432
2021-03-19,7.449999809265137
2021-03-22,7.300000190734863
2021-03-23,7.25
2021-03-24,7.25
2021-03-25,6.900000095367432
2021-03-26,6.75
2021-03-30,6.699999809265137
2021-03-31,6.599999904632568
2021-04-01,6.900000095367432
2021-04-05,7.0
2021-04-06,7.199999809265137
2021-04-07,7.25
2021-04-08,7.0
2021-04-09,7.449999809265137
2021-04-12,7.0
2021-04-13,6.949999809265137
2021-04-15,6.949999809265137
2021-04-16,7.0
2021-04-19,6.949999809265137
2021-04-20,6.900000095367432
2021-04-22,6.849999904632568
2021-04-23,6.949999809265137
2021-04-26,6.949999809265137
2021-04-27,7.0
2021-04-28,7.550000190734863
2021-04-29,7.300000190734863
2021-04-30,7.550000190734863
2021-05-03,7.75
2021-05-04,7.699999809265137
2021-05-05,7.550000190734863
2021-05-06,7.349999904632568
2021-05-07,7.449999809265137
2021-05-10,7.949999809265137
2021-05-11,7.949999809265137
2021-05-12,8.699999809265137
2021-05-14,9.550000190734863
2021-05-17,9.75
2021-05-18,9.300000190734863
2021-05-19,8.899999618530273
2021-05-20,8.850000381469727
2021-05-21,8.600000381469727
2021-05-24,8.600000381469727
2021-05-25,8.899999618530273
2021-05-26,9.300000190734863
2021-05-27,9.75
2021-05-28,10.149999618530273
2021-05-31,9.899999618530273
2021-06-01,9.899999618530273
2021-06-02,10.100000381469727
2021-06-03,10.300000190734863
2021-06-04,10.350000381469727
2021-06-07,10.850000381469727
2021-06-08,11.350000381469727
2021-06-09,11.899999618530273
2021-06-10,12.449999809265137
2021-06-11,13.050000190734863
2021-06-14,13.699999809265137
2021-06-15,14.350000381469727
2021-06-16,15.050000190734863
2021-06-17,15.800000190734863
2021-06-18,15.050000190734863
2021-06-21,14.300000190734863
2021-06-22,13.800000190734863
2021-06-23,14.0
2021-06-24,13.699999809265137
2021-06-25,13.300000190734863
2021-06-28,13.550000190734863
2021-06-29,14.199999809265137
2021-06-30,14.899999618530273
2021-07-01,15.600000381469727
2021-07-02,16.350000381469727
2021-07-05,17.149999618530273
2021-07-06,17.549999237060547
2021-07-07,17.399999618530273
2021-07-08,17.25
2021-07-09,17.5
2021-07-12,18.200000762939453
2021-07-13,18.75
2021-07-14,18.5
2021-07-15,18.200000762939453
2021-07-16,17.600000381469727
2021-07-19,17.299999237060547
2021-07-20,16.450000762939453
2021-07-22,16.5
2021-07-23,15.800000190734863
2021-07-26,15.050000190734863
2021-07-27,15.100000381469727
2021-07-28,14.850000381469727
2021-07-29,14.300000190734863
2021-07-30,13.800000190734863
2021-08-02,14.0
2021-08-03,13.800000190734863
2021-08-04,13.399999618530273
2021-08-05,12.800000190734863
2021-08-06,13.399999618530273
2021-08-09,13.5
2021-08-10,13.399999618530273
2021-08-11,12.75
2021-08-12,13.350000381469727
2021-08-13,13.600000381469727
2021-08-16,13.550000190734863
2021-08-17,13.600000381469727
2021-08-18,12.949999809265137
2021-08-20,12.350000381469727
2021-08-23,11.75
2021-08-24,11.800000190734863
2021-08-25,12.300000190734863
2021-08-26,12.699999809265137
2021-08-27,12.699999809265137
2021-08-30,12.75
2021-08-31,12.75
2021-09-01,12.600000381469727
2021-09-02,12.800000190734863
2021-09-03,12.699999809265137
2021-09-06,13.149999618530273
2021-09-07,13.800000190734863
2021-09-08,14.449999809265137
2021-09-09,14.350000381469727
2021-09-13,14.399999618530273
2021-09-14,14.25
2021-09-15,14.25
2021-09-16,13.949999809265137
2021-09-17,13.699999809265137
2021-09-20,13.550000190734863
2021-09-21,13.0
2021-09-22,12.949999809265137
2021-09-23,12.699999809265137
2021-09-24,13.050000190734863
2021-09-27,13.699999809265137
2021-09-28,14.300000190734863
2021-09-29,14.399999618530273
2021-09-30,14.100000381469727
2021-10-01,14.0
2021-10-04,13.75
2021-10-05,13.75
2021-10-06,13.649999618530273
2021-10-07,13.649999618530273
2021-10-08,13.850000381469727
2021-10-11,13.649999618530273
2021-10-12,13.050000190734863
2021-10-13,12.949999809265137
2021-10-14,13.350000381469727
2021-10-18,13.300000190734863
2021-10-19,13.050000190734863
2021-10-20,13.0
2021-10-21,12.949999809265137
2021-10-22,12.899999618530273
2021-10-25,13.0
2021-10-26,12.949999809265137
2021-10-27,13.5
2021-10-28,14.149999618530273
2021-10-29,14.850000381469727
2021-11-01,15.550000190734863
2021-11-02,16.299999237060547
2021-11-03,17.100000381469727
2021-11-04,17.950000762939453
2021-11-08,18.799999237060547
2021-11-09,19.700000762939453
2021-11-10,20.649999618530273
2021-11-11,21.649999618530273
2021-11-12,20.600000381469727
2021-11-15,19.600000381469727
2021-11-16,18.649999618530273
2021-11-17,17.75
2021-11-18,16.899999618530273
2021-11-22,17.649999618530273
2021-11-23,18.5
2021-11-24,19.399999618530273
2021-11-25,20.350000381469727
2021-11-26,21.299999237060547
2021-11-29,20.299999237060547
2021-11-30,19.299999237060547
2021-12-01,18.350000381469727
2021-12-02,19.25
2021-12-03,19.299999237060547
2021-12-06,19.100000381469727
2021-12-07,19.149999618530273
2021-12-08,19.600000381469727
2021-12-09,19.399999618530273
2021-12-10,19.100000381469727
2021-12-13,19.200000762939453
2021-12-14,19.5
2021-12-15,18.950000762939453
2021-12-16,18.5
2021-12-17,17.899999618530273
2021-12-20,17.299999237060547
2021-12-21,17.799999237060547
2021-12-22,18.649999618530273
2021-12-23,18.899999618530273
2021-12-24,18.549999237060547
2021-12-27,19.0
2021-12-28,18.75
2021-12-29,18.25
2021-12-30,17.850000381469727
2021-12-31,18.649999618530273
2022-01-03,19.450000762939453
2022-01-04,20.350000381469727
2022-01-05,20.5
2022-01-06,19.5
2022-01-07,19.200000762939453
2022-01-10,20.149999618530273
2022-01-11,21.149999618530273
2022-01-12,22.200000762939453
2022-01-13,22.25
2022-01-14,23.350000381469727
2022-01-17,24.5
2022-01-18,25.600000381469727
2022-01-19,26.850000381469727
2022-01-20,28.149999618530273
2022-01-21,26.75
2022-01-24,25.450000762939453
2022-01-25,26.700000762939453
2022-01-27,27.149999618530273
2022-01-28,26.049999237060547
2022-01-31,25.600000381469727
2022-02-01,25.950000762939453
2022-02-02,26.149999618530273
2022-02-03,26.450000762939453
2022-02-04,26.149999618530273
2022-02-07,25.799999237060547
2022-02-08,25.200000762939453
2022-02-09,24.25
2022-02-10,23.049999237060547
2022-02-11,21.899999618530273
2022-02-14,20.850000381469727
2022-02-15,20.5
2022-02-16,21.450000762939453
2022-02-17,21.75
2022-02-18,20.950000762939453
2022-02-21,20.5
2022-02-22,19.649999618530273
2022-02-23,20.0
2022-02-24,19.100000381469727
2022-02-25,19.850000381469727
2022-02-28,20.0
2022-03-02,20.25
2022-03-03,19.850000381469727
2022-03-04,19.450000762939453
2022-03-07,18.850000381469727
2022-03-08,19.5
2022-03-09,20.100000381469727
2022-03-10,20.75
2022-03-11,21.0
2022-03-14,21.100000381469727
2022-03-15,21.5
2022-03-16,21.200000762939453
2022-03-17,21.549999237060547
2022-03-21,22.600000381469727
2022-03-22,21.850000381469727
2022-03-23,21.549999237060547
2022-03-24,21.0
2022-03-25,20.600000381469727
2022-03-28,20.049999237060547
2022-03-29,19.049999237060547
2022-03-30,19.600000381469727
2022-03-31,19.5
2022-04-01,20.450000762939453
2022-04-04,21.450000762939453
2022-04-05,21.049999237060547
2022-04-06,21.5
2022-04-07,21.950000762939453
2022-04-08,22.100000381469727
2022-04-11,22.700000762939453
2022-04-12,22.100000381469727
2022-04-13,21.75
2022-04-18,20.299999237060547
2022-04-19,20.049999237060547
2022-04-20,20.299999237060547
2022-04-21,21.399999618530273
2022-04-22,20.350000381469727
2022-04-25,20.549999237060547
2022-04-26,20.649999618530273
2022-04-27,20.350000381469727
2022-04-28,20.100000381469727
2022-04-29,19.5
2022-05-02,18.75
2022-05-04,18.149999618530273
2022-05-05,17.149999618530273
2022-05-06,17.350000381469727
2022-05-09,17.100000381469727
2022-05-10,16.450000762939453
2022-05-11,15.949999809265137
2022-05-12,14.399999618530273
2022-05-13,15.149999618530273
2022-05-16,15.5
2022-05-17,16.0
2022-05-18,15.75
2022-05-19,14.949999809265137
2022-05-20,15.5
2022-05-23,15.399999618530273
2022-05-24,15.399999618530273
2022-05-25,14.800000190734863
2022-05-26,14.550000190734863
2022-05-27,14.550000190734863
2022-05-30,14.850000381469727
2022-05-31,15.0
2022-06-01,15.050000190734863
2022-06-02,14.850000381469727
2022-06-03,14.449999809265137
2022-06-06,14.75
2022-06-07,15.5
2022-06-08,15.0
2022-06-09,15.050000190734863
2022-06-10,16.149999618530273
2022-06-13,15.949999809265137
2022-06-14,16.600000381469727
2022-06-15,16.149999618530273
2022-06-16,14.949999809265137
2022-06-17,14.550000190734863
2022-06-20,14.199999809265137
2022-06-21,15.699999809265137
2022-06-22,14.350000381469727
2022-06-23,14.399999618530273
2022-06-24,14.949999809265137
2022-06-27,14.800000190734863
2022-06-28,14.449999809265137
2022-06-29,14.5
2022-06-30,14.600000381469727
2022-07-01,14.699999809265137
2022-07-04,14.5
2022-07-05,14.550000190734863
2022-07-06,14.600000381469727
2022-07-07,14.649999618530273
2022-07-08,14.550000190734863
2022-07-11,14.550000190734863
2022-07-12,14.5
2022-07-13,14.699999809265137
2022-07-14,14.899999618530273
2022-07-15,14.850000381469727
2022-07-18,15.0
2022-07-19,14.850000381469727
2022-07-20,14.75
2022-07-21,14.699999809265137
2022-07-22,14.649999618530273
2022-07-25,14.550000190734863
2022-07-26,14.199999809265137
2022-07-27,14.199999809265137
2022-07-28,15.649999618530273
2022-07-29,14.75
2022-08-01,16.600000381469727
2022-08-02,18.100000381469727
2022-08-03,17.200000762939453
2022-08-04,16.799999237060547
2022-08-05,17.600000381469727
2022-08-08,17.549999237060547
2022-08-10,17.600000381469727
2022-08-11,17.600000381469727
2022-08-12,17.399999618530273
2022-08-16,17.100000381469727
2022-08-17,16.649999618530273
2022-08-18,16.5
2022-08-19,18.399999618530273
2022-08-22,17.899999618530273
2022-08-23,17.950000762939453
2022-08-24,17.299999237060547
2022-08-25,17.450000762939453
2022-08-26,17.549999237060547
2022-08-29,19.049999237060547
2022-08-30,19.899999618530273
2022-09-01,20.850000381469727
2022-09-02,20.5
2022-09-05,20.600000381469727
2022-09-06,19.600000381469727
2022-09-07,19.100000381469727
2022-09-08,19.450000762939453
2022-09-09,19.450000762939453
2022-09-12,19.299999237060547
2022-09-13,19.0
2022-09-14,19.350000381469727
2022-09-15,18.899999618530273
2022-09-16,18.950000762939453
2022-09-19,18.350000381469727
2022-09-20,17.100000381469727
2022-09-21,16.850000381469727
2022-09-22,17.100000381469727
2022-09-23,16.549999237060547
2022-09-26,17.049999237060547
2022-09-27,16.450000762939453
2022-09-28,16.149999618530273
2022-09-29,16.649999618530273
2022-09-30,18.600000381469727
2022-10-03,19.200000762939453
2022-10-04,20.649999618530273
2022-10-06,19.549999237060547
2022-10-07,19.5
2022-10-10,18.600000381469727
2022-10-11,18.5
2022-10-12,20.049999237060547
2022-10-13,21.350000381469727
2022-10-14,25.600000381469727
2022-10-17,30.700000762939453
2022-10-18,27.799999237060547
2022-10-19,27.450000762939453
2022-10-20,26.100000381469727
2022-10-21,24.799999237060547
2022-10-24,25.049999237060547
2022-10-25,23.850000381469727
2022-10-27,22.850000381469727
2022-10-28,22.75
2022-10-31,22.299999237060547
2022-11-01,21.899999618530273
2022-11-02,21.5
2022-11-03,21.100000381469727
2022-11-04,20.700000762939453
2022-11-07,20.299999237060547
2022-11-09,19.899999618530273
2022-11-10,19.549999237060547
2022-11-11,19.200000762939453
2022-11-14,18.850000381469727
2022-11-15,18.5
2022-11-16,18.149999618530273
2022-11-17,17.799999237060547
2022-11-18,17.450000762939453
2022-11-21,17.149999618530273
2022-11-22,16.850000381469727
2022-11-23,17.149999618530273
2022-11-24,17.450000762939453
2022-11-25,17.75
2022-11-28,18.100000381469727
2022-11-29,18.450000762939453
2022-11-30,18.75
2022-12-01,19.049999237060547
2022-12-02,19.25
2022-12-05,19.0
2022-12-06,19.100000381469727
2022-12-07,19.0
2022-12-08,18.649999618530273
2022-12-09,18.950000762939453
2022-12-12,18.75
2022-12-13,18.5
2022-12-14,18.149999618530273
2022-12-15,17.799999237060547
2022-12-16,17.450000762939453
2022-12-19,17.149999618530273
2022-12-20,17.200000762939453
2022-12-21,16.899999618530273
2022-12-22,16.600000381469727
2022-12-23,16.299999237060547
2022-12-26,16.0
2022-12-27,15.699999809265137
2022-12-28,15.399999618530273
2022-12-29,15.100000381469727
2022-12-30,14.949999809265137
2023-01-02,15.649999618530273
2023-01-03,16.399999618530273
2023-01-04,17.200000762939453
2023-01-05,18.049999237060547
2023-01-06,18.950000762939453
2023-01-09,18.850000381469727
2023-01-10,19.75
2023-01-11,20.700000762939453
2023-01-12,19.700000762939453
2023-01-13,18.75
2023-01-16,19.649999618530273
2023-01-17,20.600000381469727
2023-01-18,21.600000381469727
2023-01-19,22.649999618530273
2023-01-20,22.25
2023-01-23,21.149999618530273
2023-01-24,20.100000381469727
2023-01-25,19.100000381469727
2023-01-27,18.149999618530273
2023-01-30,17.25
2023-01-31,16.399999618530273
2023-02-01,15.600000381469727
2023-02-02,14.850000381469727
2023-02-03,14.300000190734863
2023-02-06,14.350000381469727
2023-02-07,14.850000381469727
2023-02-08,15.149999618530273
2023-02-09,14.899999618530273
2023-02-10,15.300000190734863
2023-02-13,14.550000190734863
2023-02-14,13.850000381469727
2023-02-15,13.149999618530273
2023-02-16,12.649999618530273
2023-02-17,12.949999809265137
2023-02-20,12.800000190734863
2023-02-21,13.0
2023-02-22,12.350000381469727
2023-02-23,12.600000381469727
2023-02-24,12.600000381469727
2023-02-27,12.0
2023-02-28,11.949999809265137
2023-03-01,11.600000381469727
2023-03-02,11.5
2023-03-03,10.949999809265137
2023-03-06,10.600000381469727
2023-03-08,11.100000381469727
2023-03-09,11.100000381469727
2023-03-10,11.149999618530273
2023-03-13,11.399999618530273
2023-03-14,11.0
2023-03-15,11.550000190734863
2023-03-16,12.100000381469727
2023-03-17,12.699999809265137
2023-03-20,13.300000190734863
2023-03-21,13.949999809265137
2023-03-22,14.600000381469727
2023-03-23,15.300000190734863
2023-03-24,16.049999237060547
2023-03-27,16.450000762939453
2023-03-28,15.850000381469727
2023-03-29,15.699999809265137
2023-03-31,15.350000381469727
2023-04-03,15.449999809265137
2023-04-05,16.200000762939453
2023-04-06,17.0
2023-04-10,17.149999618530273
2023-04-11,16.5
2023-04-12,16.299999237060547
2023-04-13,16.350000381469727
2023-04-17,16.450000762939453
2023-04-18,15.699999809265137
2023-04-19,15.449999809265137
2023-04-20,15.25
2023-04-21,15.050000190734863
2023-04-24,15.100000381469727
2023-04-25,14.75
2023-04-26,15.050000190734863
2023-04-27,14.949999809265137
2023-04-28,15.149999618530273
2023-05-02,14.899999618530273
2023-05-03,14.600000381469727
2023-05-04,14.600000381469727
2023-05-05,14.5
2023-05-08,14.449999809265137
2023-05-09,14.199999809265137
2023-05-10,14.300000190734863
2023-05-11,14.350000381469727
2023-05-12,14.5
2023-05-15,14.449999809265137
2023-05-16,14.899999618530273
2023-05-17,15.0
2023-05-18,14.850000381469727
2023-05-19,14.800000190734863
2023-05-22,14.899999618530273
2023-05-23,14.199999809265137
2023-05-24,14.050000190734863
2023-05-25,14.050000190734863
2023-05-26,13.899999618530273
2023-05-29,13.699999809265137
2023-05-30,13.449999809265137
2023-05-31,13.300000190734863
2023-06-01,13.399999618530273
2023-06-02,13.649999618530273
2023-06-05,13.550000190734863
2023-06-06,13.350000381469727
2023-06-07,13.149999618530273
2023-06-08,13.149999618530273
2023-06-09,12.899999618530273
2023-06-12,12.899999618530273
2023-06-13,12.800000190734863
2023-06-14,12.899999618530273
2023-06-15,14.149999618530273
2023-06-16,15.550000190734863
2023-06-19,17.100000381469727
2023-06-20,16.25
2023-06-21,15.449999809265137
2023-06-22,14.75
2023-06-23,14.100000381469727
2023-06-26,14.449999809265137
2023-06-27,15.050000190734863
2023-06-28,14.350000381469727
2023-06-30,14.649999618530273
2023-07-03,14.149999618530273
2023-07-04,14.550000190734863
2023-07-05,14.649999618530273
2023-07-06,14.300000190734863
2023-07-07,14.649999618530273
2023-07-10,14.550000190734863
2023-07-11,14.199999809265137
2023-07-12,14.300000190734863
2023-07-13,14.199999809265137
2023-07-14,14.25
2023-07-17,14.949999809265137
2023-07-18,15.649999618530273
2023-07-19,16.0
2023-07-20,15.75
2023-07-21,15.399999618530273
2023-07-24,14.899999618530273
2023-07-25,14.800000190734863
2023-07-26,14.649999618530273
2023-07-27,14.75
2023-07-28,14.25
2023-07-31,14.25
2023-08-01,14.300000190734863
2023-08-02,14.149999618530273
2023-08-03,14.25
2023-08-04,14.050000190734863
2023-08-07,14.050000190734863
2023-08-08,14.25
2023-08-09,14.0
2023-08-10,14.0
2023-08-11,14.0
2023-08-14,14.199999809265137
2023-08-16,14.0
2023-08-17,13.899999618530273
2023-08-18,13.850000381469727
2023-08-21,13.75
2023-08-22,13.75
2023-08-23,13.800000190734863
2023-08-24,13.850000381469727
2023-08-25,13.649999618530273
2023-08-28,13.550000190734863
2023-08-29,13.850000381469727
2023-08-30,13.699999809265137
2023-08-31,14.050000190734863
2023-09-01,13.949999809265137
2023-09-04,13.949999809265137
2023-09-05,14.199999809265137
2023-09-06,14.25
2023-09-07,14.149999618530273
2023-09-08,14.25
2023-09-11,13.899999618530273
2023-09-12,13.949999809265137
2023-09-13,13.949999809265137
2023-09-14,13.899999618530273
2023-09-15,13.949999809265137
2023-09-18,13.75
2023-09-20,14.100000381469727
2023-09-21,13.949999809265137
2023-09-22,14.0
2023-09-25,13.899999618530273
2023-09-26,14.0
2023-09-27,14.0
2023-09-28,13.899999618530273
2023-09-29,14.25
2023-10-03,14.149999618530273
2023-10-04,13.899999618530273
2023-10-05,13.949999809265137
2023-10-06,14.100000381469727
2023-10-09,14.050000190734863
2023-10-10,14.350000381469727
2023-10-11,15.050000190734863
2023-10-12,15.449999809265137
2023-10-13,16.200000762939453
2023-10-16,16.0
2023-10-17,15.5
2023-10-18,15.350000381469727
2023-10-19,15.199999809265137
2023-10-20,15.600000381469727
2023-10-23,15.199999809265137
2023-10-25,14.75
2023-10-26,14.5
2023-10-27,14.699999809265137
2023-10-30,15.399999618530273
2023-10-31,15.25
2023-11-01,14.899999618530273
2023-11-02,15.0
2023-11-03,15.75
2023-11-06,15.949999809265137
2023-11-07,16.700000762939453
2023-11-08,17.5
2023-11-09,17.0
2023-11-10,17.850000381469727
2023-11-13,19.600000381469727
2023-11-15,20.549999237060547
2023-11-16,21.549999237060547
2023-11-17,22.600000381469727
2023-11-20,21.799999237060547
2023-11-21,20.75
2023-11-22,19.75
2023-11-23,20.700000762939453
2023-11-24,21.700000762939453
2023-11-28,22.75
2023-11-29,23.850000381469727
2023-11-30,25.0
2023-12-01,25.850000381469727
2023-12-04,24.549999237060547
2023-12-05,23.350000381469727
2023-12-06,22.200000762939453
2023-12-07,21.100000381469727
2023-12-08,21.950000762939453
2023-12-11,21.200000762939453
2023-12-12,22.25
2023-12-13,23.350000381469727
2023-12-14,24.5
2023-12-15,25.700000762939453
2023-12-18,25.399999618530273
2023-12-19,24.850000381469727
2023-12-20,23.75
2023-12-21,23.700000762939453
2023-12-22,23.649999618530273
2023-12-26,23.549999237060547
2023-12-27,24.700000762939453
2023-12-28,25.299999237060547
2023-12-29,24.25
2024-01-01,24.049999237060547
2024-01-02,24.149999618530273
2024-01-03,23.899999618530273
2024-01-04,23.950000762939453
2024-01-05,23.5
2024-01-08,22.450000762939453
2024-01-09,22.100000381469727
2024-01-10,21.899999618530273
2024-01-11,22.950000762939453
2024-01-12,23.549999237060547
2024-01-15,23.549999237060547
2024-01-16,22.5
2024-01-17,21.649999618530273
2024-01-18,21.450000762939453
2024-01-19,22.100000381469727
2024-01-23,23.0
2024-01-24,22.850000381469727
2024-01-25,23.0
2024-01-29,22.399999618530273
2024-01-30,22.049999237060547
2024-01-31,23.149999618530273
2024-02-01,23.899999618530273
2024-02-02,25.049999237060547
2024-02-05,24.25
2024-02-06,23.450000762939453
2024-02-07,24.600000381469727
2024-02-08,24.850000381469727
2024-02-09,23.799999237060547
2024-02-12,22.649999618530273
2024-02-13,22.149999618530273
2024-02-14,21.899999618530273
2024-02-15,22.950000762939453
2024-02-16,22.950000762939453
2024-02-19,23.5
2024-02-20,23.549999237060547
2024-02-21,23.950000762939453
2024-02-22,23.700000762939453
2024-02-23,23.25
2024-02-26,22.899999618530273
2024-02-27,22.899999618530273
2024-02-28,22.200000762939453
2024-02-29,22.75
2024-03-01,22.399999618530273
2024-03-04,21.899999618530273
2024-03-05,22.299999237060547
2024-03-06,21.200000762939453
2024-03-07,22.25
2024-03-11,21.299999237060547
2024-03-12,20.350000381469727
2024-03-13,19.350000381469727
2024-03-14,19.899999618530273
2024-03-15,20.350000381469727
2024-03-18,20.899999618530273
2024-03-19,21.799999237060547
2024-03-20,22.649999618530273
2024-03-21,23.75
2024-03-22,24.899999618530273
2024-03-26,24.100000381469727
2024-03-27,23.049999237060547
2024-03-28,22.600000381469727
2024-04-01,23.700000762939453
2024-04-02,24.200000762939453
2024-04-03,23.850000381469727
2024-04-04,23.700000762939453
2024-04-05,25.950000762939453
2024-04-08,28.5
2024-04-09,26.799999237060547
2024-04-10,29.450000762939453
2024-04-12,32.29999923706055
2024-04-15,33.54999923706055
2024-04-16,35.20000076293945
2024-04-18,36.95000076293945
2024-04-19,35.099998474121094
2024-04-22,33.45000076293945
2024-04-23,34.75
2024-04-24,33.04999923706055
2024-04-25,31.399999618530273
2024-04-26,30.899999618530273
2024-04-29,30.049999237060547
2024-04-30,29.950000762939453
2024-05-02,31.399999618530273
2024-05-03,32.95000076293945
2024-05-06,31.549999237060547
2024-05-07,30.299999237060547
2024-05-08,31.799999237060547
2024-05-09,30.25
2024-05-10,29.950000762939453
2024-05-13,29.700000762939453
2024-05-14,31.149999618530273
2024-05-15,30.649999618530273
2024-05-16,31.399999618530273
2024-05-17,31.649999618530273
2024-05-21,31.75
2024-05-22,30.549999237060547
2024-05-23,30.75
2024-05-24,29.700000762939453
2024-05-27,31.149999618530273
2024-05-28,32.70000076293945
2024-05-29,34.29999923706055
2024-05-30,36.0
2024-05-31,37.79999923706055
2024-06-03,37.95000076293945
2024-06-04,37.20000076293945
2024-06-05,36.45000076293945
2024-06-06,35.95000076293945
2024-06-07,36.650001525878906
2024-06-10,37.380001068115234
2024-06-11,38.119998931884766
2024-06-12,38.880001068115234
2024-06-13,39.650001525878906
2024-06-14,40.439998626708984
2024-06-18,41.2400016784668
2024-06-19,42.060001373291016
2024-06-20,42.900001525878906
2024-06-21,43.75
2024-06-24,44.619998931884766
2024-06-25,45.5099983215332
2024-06-26,46.41999816894531
2024-06-27,45.4900016784668
2024-06-28,44.58000183105469
2024-07-01,43.70000076293945
2024-07-02,42.83000183105469
2024-07-03,41.970001220703125
2024-07-04,41.25
2024-07-05,42.06999969482422
2024-07-08,41.220001220703125
2024-07-09,40.41999816894531
2024-07-10,40.0
2024-07-11,40.79999923706055
2024-07-12,41.61000061035156
2024-07-15,43.689998626708984
2024-07-16,42.66999816894531
2024-07-18,41.33000183105469
2024-07-19,40.93000030517578
2024-07-22,41.16999816894531
2024-07-23,40.279998779296875
2024-07-24,41.900001525878906
2024-07-25,42.529998779296875
2024-07-26,44.650001525878906
2024-07-29,46.880001068115234
2024-07-30,49.220001220703125
2024-07-31,51.65999984741211
2024-08-01,50.619998931884766
2024-08-02,49.599998474121094
2024-08-05,48.599998474121094
2024-08-06,47.619998931884766
2024-08-07,46.65999984741211
2024-08-08,45.720001220703125
2024-08-09,46.630001068115234
2024-08-12,46.0
2024-08-13,45.08000183105469
2024-08-14,45.0
2024-08-16,44.130001068115234
2024-08-19,43.2400016784668
2024-08-20,43.849998474121094
2024-08-21,44.720001220703125
2024-08-22,45.61000061035156
2024-08-23,46.0
2024-08-26,46.91999816894531
2024-08-27,47.849998474121094
2024-08-28,48.79999923706055
2024-08-29,49.77000045776367
2024-08-30,50.7599983215332
2024-09-02,51.77000045776367
2024-09-03,52.79999923706055
2024-09-04,53.849998474121094
2024-09-05,54.91999816894531
2024-09-06,56.0099983215332
2024-09-09,55.0
2024-09-10,53.95000076293945
2024-09-11,55.02000045776367
2024-09-12,56.119998931884766
2024-09-13,57.2400016784668
2024-09-16,58.380001068115234
2024-09-17,59.540000915527344
2024-09-18,60.72999954223633
2024-09-19,61.939998626708984
2024-09-20,63.16999816894531
2024-09-23,64.43000030517578
2024-09-24,63.13999938964844
2024-09-25,61.869998931884766
2024-09-26,60.630001068115234
2024-09-27,59.40999984741211
2024-09-30,58.220001220703125
2024-10-01,57.04999923706055
2024-10-03,58.189998626708984
2024-10-04,57.79999923706055
2024-10-07,56.63999938964844
2024-10-08,57.0
2024-10-09,55.86000061035156
2024-10-10,56.0
2024-10-11,57.119998931884766
2024-10-14,58.58000183105469
2024-10-15,56.77000045776367
2024-10-16,56.560001373291016
2024-10-17,53.779998779296875
2024-10-18,52.83000183105469
2024-10-21,50.18000030517578
2024-10-22,47.66999816894531
2024-10-23,49.97999954223633
2024-10-24,48.68000030517578
2024-10-25,46.2400016784668
2024-10-28,47.4900016784668
2024-10-29,49.86000061035156
2024-10-30,52.349998474121094
2024-10-31,54.959999084472656
2024-11-01,57.650001525878906
2024-11-04,57.279998779296875
2024-11-05,56.15999984741211
2024-11-06,57.279998779296875
2024-11-07,56.130001068115234
2024-11-08,55.0
2024-11-11,55.0
2024-11-12,54.0
2024-11-13,52.91999816894531
2024-11-14,53.970001220703125
2024-11-18,52.88999938964844
2024-11-19,52.02000045776367
2024-11-21,50.970001220703125
2024-11-22,49.95000076293945
2024-11-25,50.939998626708984
2024-11-26,49.91999816894531
2024-11-27,49.9900016784668
2024-11-28,48.9900016784668
2024-11-29,49.900001525878906
2024-12-02,50.709999084472656
2024-12-03,50.720001220703125
2024-12-04,50.720001220703125
2024-12-05,51.029998779296875
2024-12-06,52.04999923706055
2024-12-09,54.650001525878906
2024-12-10,57.380001068115234
2024-12-11,55.099998474121094
2024-12-12,55.7400016784668
2024-12-13,55.349998474121094
2024-12-16,54.959999084472656
2024-12-17,54.70000076293945
2024-12-18,54.880001068115234
2024-12-19,53.70000076293945
2024-12-20,52.310001373291016
2024-12-23,49.689998626708984
2024-12-24,47.310001373291016
2024-12-26,46.599998474121094
2024-12-27,44.459999084472656
2024-12-30,46.66999816894531
2024-12-31,48.84000015258789
2025-01-01,48.779998779296875
2025-01-02,48.650001525878906
2025-01-03,49.2599983215332
2025-01-06,47.029998779296875
2025-01-07,48.65999984741211
2025-01-08,49.380001068115234
2025-01-09,47.33000183105469
2025-01-10,45.7599983215332
2025-01-13,43.470001220703125
2025-01-14,43.349998474121094
2025-01-15,42.5099983215332
2025-01-16,44.36000061035156
2025-01-17,44.4900016784668
2025-01-20,44.33000183105469
2025-01-21,43.09000015258789
2025-01-22,44.97999954223633
2025-01-23,47.209999084472656
2025-01-24,45.29999923706055
2025-01-27,43.029998779296875
2025-01-28,41.720001220703125
2025-01-29,41.5
2025-01-30,39.709999084472656
2025-01-31,40.06999969482422
2025-02-01,39.869998931884766
2025-02-03,40.220001220703125
2025-02-04,40.2400016784668
2025-02-05,42.25
2025-02-06,41.47999954223633
2025-02-07,41.5
2025-02-10,40.400001525878906
2025-02-11,38.380001068115234
2025-02-12,38.849998474121094
2025-02-13,36.900001525878906
2025-02-14,35.04999923706055
2025-02-17,33.54999923706055
2025-02-18,31.920000076293945
2025-02-19,31.079999923706055
2025-02-20,31.969999313354492
2025-02-21,33.349998474121094
2025-02-24,35.0099983215332
2025-02-25,36.7400016784668
2025-02-27,34.9900016784668
2025-02-28,34.290000915527344
2025-03-03,33.599998474121094
2025-03-04,32.91999816894531
2025-03-05,32.2599983215332
2025-03-06,32.41999816894531
2025-03-07,32.0
2025-03-10,32.09000015258789
2025-03-11,31.440000534057617
2025-03-12,30.809999465942383
2025-03-13,30.190000534057617
2025-03-17,29.600000381469727
2025-03-18,29.010000228881836
2025-03-19,28.420000076293945
2025-03-20,27.860000610351562
2025-03-21,28.40999984741211
2025-03-24,28.969999313354492
2025-03-25,29.540000915527344
2025-03-26,28.940000534057617
2025-03-27,28.360000610351562
2025-03-28,27.790000915527344
2025-04-01,27.790000915527344
2025-04-02,27.920000076293945
2025-04-03,28.469999313354492
2025-04-04,29.030000686645508
2025-04-07,29.079999923706055
2025-04-08,28.8799991607666
2025-04-09,29.8799991607666
2025-04-11,31.3700008392334
2025-04-15,32.79999923706055
2025-04-16,32.0099983215332
2025-04-17,31.6299991607666
2025-04-21,33.209999084472656
2025-04-22,34.869998931884766
2025-04-23,36.61000061035156
2025-04-24,38.439998626708984
2025-04-25,40.0
2025-04-28,42.0
2025-04-29,42.459999084472656
2025-04-30,40.33000183105469
2025-05-02,38.310001373291016
2025-05-05,36.41999816894531
2025-05-06,34.59000015258789
2025-05-07,33.45000076293945
2025-05-08,35.119998931884766
2025-05-09,33.36000061035156
2025-05-12,35.02000045776367
2025-05-13,36.77000045776367
2025-05-14,38.599998474121094
2025-05-15,40.400001525878906
2025-05-16,38.380001068115234
2025-05-19,36.56999969482422
2025-05-20,36.709999084472656
2025-05-21,36.529998779296875
2025-05-22,37.849998474121094
2025-05-23,36.810001373291016
2025-05-26,36.599998474121094
2025-05-27,36.310001373291016
2025-05-28,36.560001373291016
2025-05-29,36.75
2025-05-30,37.720001220703125
2025-06-02,36.83000183105469
2025-06-03,36.099998474121094
2025-06-04,36.11000061035156
2025-06-05,36.11000061035156
2025-06-06,37.4900016784668
2025-06-09,37.209999084472656
2025-06-10,37.970001220703125
2025-06-11,37.400001525878906
2025-06-12,37.16999816894531
2025-06-13,35.95000076293945
2025-06-16,36.13999938964844
2025-06-17,34.849998474121094
2025-06-18,36.2400016784668
2025-06-19,35.34000015258789
2025-06-20,34.959999084472656
2025-06-23,34.36000061035156
2025-06-24,34.04999923706055
2025-06-25,34.900001525878906
2025-06-26,35.75
2025-06-27,34.400001525878906
2025-06-30,34.959999084472656
2025-07-01,36.86000061035156
2025-07-02,37.939998626708984
2025-07-03,36.97999954223633
2025-07-04,36.88999938964844
2025-07-07,36.369998931884766
2025-07-08,37.459999084472656
2025-07-09,36.75
2025-07-10,37.86000061035156
2025-07-11,36.470001220703125
2025-07-14,35.2599983215332
2025-07-15,35.209999084472656
2025-07-16,35.25
2025-07-17,35.130001068115234
2025-07-18,35.040000915527344
2025-07-21,34.13999938964844
2025-07-22,34.630001068115234
2025-07-23,34.27000045776367
2025-07-24,33.540000915527344
2025-07-25,33.630001068115234
2025-07-28,32.959999084472656
2025-07-29,34.279998779296875
2025-07-30,34.4900016784668
2025-07-31,33.45000076293945
2025-08-01,33.68000030517578
2025-08-04,33.84000015258789
2025-08-05,33.54999923706055
2025-08-06,33.119998931884766
2025-08-07,34.95000076293945
2025-08-08,34.349998474121094
2025-08-11,36.810001373291016
2025-08-12,35.06999969482422
2025-08-13,34.7400016784668
2025-08-14,31.100000381469727
2025-08-18,34.060001373291016
2025-08-19,32.68000030517578
2025-08-20,32.47999954223633
2025-08-21,33.380001068115234
2025-08-22,32.54999923706055
2025-08-25,33.400001525878906
2025-08-26,32.52000045776367
2025-08-28,30.969999313354492
2025-08-29,29.90999984741211
2025-09-01,35.88999938964844
2025-09-02,33.83000183105469
2025-09-03,33.650001525878906
2025-09-04,33.70000076293945
2025-09-05,33.279998779296875
2025-09-08,33.560001373291016
2025-09-09,36.369998931884766
2025-09-10,43.63999938964844
2025-09-11,43.959999084472656
2025-09-12,41.4900016784668
2025-09-15,40.84000015258789
2025-09-16,40.0099983215332
2025-09-17,38.810001373291016
2025-09-18,40.91999816894531
2025-09-19,41.310001373291016
2025-09-22,41.47999954223633
2025-09-23,41.040000915527344
2025-09-24,41.150001525878906
2025-09-25,41.2400016784668
2025-09-26,39.060001373291016
2025-09-29,38.040000915527344
2025-09-30,38.650001525878906
2025-10-01,46.380001068115234
2025-10-03,55.650001525878906
2025-10-06,66.77999877929688
2025-10-07,68.05999755859375
2025-10-08,64.6500015258789
2025-10-09,61.40999984741211
2025-10-10,58.470001220703125
2025-10-13,55.540000915527344
2025-10-14,52.7599983215332
2025-10-15,50.119998931884766
2025-10-16,47.81999969482422
2025-10-17,50.209999084472656
2025-10-20,50.220001220703125
2025-10-21,50.150001525878906
2025-10-23,47.72999954223633
2025-10-24,45.34000015258789
2025-10-27,43.90999984741211
2025-10-28,42.90999984741211
2025-10-29,45.04999923706055
2025-10-30,47.29999923706055
2025-10-31,49.65999984741211
2025-11-03,47.16999816894531
2025-11-04,46.5
2025-11-06,44.41999816894531
2025-11-07,44.54999923706055
2025-11-10,43.09000015258789
2025-11-11,45.2400016784668
2025-11-12,47.5
2025-11-13,49.869998931884766
2025-11-14,48.06999969482422
2025-11-17,45.65999984741211
2025-11-18,43.369998931884766
2025-11-19,45.529998779296875
2025-11-20,43.27000045776367
2025-11-21,42.810001373291016
2025-11-24,41.0
2025-11-25,40.90999984741211
2025-11-26,42.95000076293945
2025-11-27,44.599998474121094
2025-11-28,43.119998931884766
2025-12-01,42.09000015258789
2025-12-02,41.7400016784668
2025-12-03,41.599998474121094
2025-12-04,40.75
2025-12-05,40.58000183105469
2025-12-08,39.970001220703125
2025-12-09,40.459999084472656
2025-12-10,40.93000030517578
2025-12-11,40.86000061035156
2025-12-12,41.11000061035156
2025-12-15,41.060001373291016
2025-12-16,43.11000061035156
2025-12-17,45.2599983215332
2025-12-18,43.06999969482422
2025-12-19,42.849998474121094
2025-12-22,42.63999938964844
2025-12-23,42.459999084472656
2025-12-24,44.040000915527344
2025-12-26,42.810001373291016
2025-12-29,41.59000015258789
2025-12-30,42.689998626708984
2025-12-31,43.90999984741211
2026-01-01,43.93000030517578
2026-01-02,44.45000076293945
2026-01-05,45.97999954223633
2026-01-06,46.529998779296875
2026-01-07,47.02000045776367
2026-01-08,47.0
2026-01-09,46.97999954223633
2026-01-12,45.29999923706055
2026-01-13,46.630001068115234
2026-01-14,48.709999084472656
2026-01-15,48.709999084472656
2026-01-16,48.83000183105469
2026-01-19,48.15999984741211
2026-01-20,44.77000045776367
2026-01-21,44.22999954223633
2026-01-22,45.099998474121094
2026-01-23,41.58000183105469
2026-01-27,41.880001068115234
2026-01-28,43.470001220703125
2026-01-29,44.720001220703125
2026-01-30,45.099998474121094
2026-02-02,43.83000183105469
2026-02-03,44.0
2026-02-04,46.22999954223633
2026-02-05,44.97999954223633
2026-02-06,45.540000915527344
2026-02-09,44.369998931884766
2026-02-10,44.540000915527344
2026-02-11,44.7599983215332
2026-02-12,43.720001220703125
2026-02-13,42.41999816894531
2026-02-16,42.33000183105469
2026-02-17,41.7400016784668
2026-02-18,42.0099983215332
2026-02-19,40.709999084472656
2026-02-20,39.709999084472656
2026-02-23,40.779998779296875
2026-02-24,40.689998626708984
2026-02-25,39.970001220703125
2026-02-26,40.220001220703125
2026-02-27,40.540000915527344
2026-03-02,38.88999938964844
2026-03-04,39.209999084472656
2026-03-05,39.5
2026-03-06,39.0
2026-03-09,37.970001220703125
2026-03-10,38.599998474121094
2026-03-11,37.33000183105469
2026-03-12,36.7599983215332
2026-03-13,34.33000183105469
2026-03-16,34.15999984741211
2026-03-17,35.22999954223633
2026-03-18,37.900001525878906
2026-03-19,36.599998474121094
2026-03-20,37.09000015258789
2026-03-23,34.58000183105469
2026-03-24,35.220001220703125
2026-03-25,35.90999984741211
2026-03-27,33.65999984741211
2026-03-30,32.279998779296875
2026-04-01,36.970001220703125
2026-04-02,37.75
2026-04-06,37.310001373291016
2026-04-07,39.33000183105469
2026-04-08,41.529998779296875
2026-04-09,40.7599983215332
2026-04-10,41.720001220703125
2026-04-13,40.209999084472656
2026-04-15,41.58000183105469
2026-04-16,42.310001373291016
2026-04-17,42.72999954223633
2026-04-20,41.060001373291016
2026-04-21,41.02000045776367
2026-04-22,40.58000183105469
2026-04-23,40.34000015258789
2026-04-24,40.0
2026-04-27,41.880001068115234
2026-04-28,42.40999984741211
2026-04-29,41.70000076293945
2026-04-30,40.869998931884766
2026-05-04,41.849998474121094
2026-05-05,41.5
2026-05-06,42.650001525878906
2026-05-07,43.40999984741211
2026-05-08,42.790000915527344
2026-05-11,41.75
2026-05-12,40.099998474121094
2026-05-13,39.119998931884766
2026-05-14,38.59000015258789
2026-05-15,44.45000076293945
2026-05-18,47.16999816894531
2026-05-19,45.310001373291016
2026-05-20,41.15999984741211
2026-05-21,41.810001373291016
2026-05-22,42.93000030517578
2026-05-25,42.880001068115234
2026-05-26,42.54999923706055
2026-05-27,42.20000076293945
2026-05-28,42.20000076293945
2026-05-29,41.41999816894531
2026-06-01,41.119998931884766
2026-06-02,41.540000915527344
2026-06-03,40.650001525878906
2026-06-04,41.060001373291016
2026-06-05,40.88999938964844
2026-06-08,41.130001068115234
2026-06-09,40.33000183105469
2026-06-10,40.470001220703125
2026-06-11,39.58000183105469
2026-06-12,39.86000061035156
2026-06-15,40.33000183105469
2026-06-16,41.630001068115234
2026-06-17,41.310001373291016
2026-06-18,40.58000183105469
2026-06-19,41.66999816894531
2026-06-22,40.939998626708984
2026-06-23,40.790000915527344
2026-06-24,40.84000015258789
2026-06-25,39.849998474121094
2026-06-26,39.849998474121094
2026-06-29,39.099998474121094
2026-06-30,38.650001525878906
2026-07-01,38.75
2026-07-02,38.86000061035156
2026-07-03,39.869998931884766
2026-07-06,39.56999969482422
2026-07-07,39.75
2026-07-08,38.63999938964844
2026-07-09,38.709999084472656
2026-07-10,39.15999984741211
2026-07-13,39.47999954223633
2026-07-14,39.119998931884766
2026-07-15,37.939998626708984
2026-07-16,37.970001220703125
2026-07-17,37.41999816894531
2026-07-20,38.16999816894531
2026-07-21,37.380001068115234
2026-07-22,36.75
2026-07-23,36.150001525878906
2026-07-24,35.18000030517578
2026-07-27,35.36000061035156
2026-07-28,35.209999084472656
2026-07-29,35.59000015258789
2026-07-30,35.41999816894531
