date,adj
2007-01-02,80.75514221191406
2007-01-03,81.3725814819336
2007-01-04,79.64802551269531
2007-01-05,81.2022705078125
2007-01-08,81.15967559814453
2007-01-09,82.39452362060547
2007-01-10,80.47836303710938
2007-01-11,81.24483489990234
2007-01-12,80.15902709960938
2007-01-15,79.00931549072266
2007-01-16,78.73257446289062
2007-01-17,80.18031311035156
2007-01-18,80.6274185180664
2007-01-19,80.03126525878906
2007-01-22,80.39320373535156
2007-01-23,79.13706970214844
2007-01-24,79.66935729980469
2007-01-25,78.98802185058594
2007-01-29,78.02995300292969
2007-01-31,76.53961181640625
2007-02-01,75.47510528564453
2007-02-02,76.56089782714844
2007-02-05,76.19898986816406
2007-02-06,74.66606140136719
2007-02-07,74.38926696777344
2007-02-08,74.64478302001953
2007-02-09,73.5589370727539
2007-02-12,70.81244659423828
2007-02-13,71.91954803466797
2007-02-14,72.64344024658203
2007-02-15,74.53829956054688
2007-02-19,74.11250305175781
2007-02-20,73.66537475585938
2007-02-21,73.49507904052734
2007-02-22,72.49441528320312
2007-02-23,69.81179809570312
2007-02-26,69.93954467773438
2007-02-27,70.36537170410156
2007-02-28,68.83242797851562
2007-03-01,68.47049713134766
2007-03-02,68.85372924804688
2007-03-05,63.48849868774414
2007-03-06,62.360103607177734
2007-03-07,60.8058967590332
2007-03-08,61.25299072265625
2007-03-09,64.25496673583984
2007-03-12,63.1904411315918
2007-03-13,64.51043701171875
2007-03-14,62.871063232421875
2007-03-15,63.8717155456543
2007-03-16,62.59428024291992
2007-03-19,59.5284423828125
2007-03-20,60.57167434692383
2007-03-21,59.7839241027832
2007-03-22,59.826499938964844
2007-03-23,60.2949104309082
2007-03-26,60.018131256103516
2007-03-28,60.209747314453125
2007-03-29,60.656864166259766
2007-03-30,62.23234558105469
2007-04-02,60.848445892333984
2007-04-03,61.76396942138672
2007-04-04,61.57233428955078
2007-04-05,61.040061950683594
2007-04-09,61.210391998291016
2007-04-10,62.21106719970703
2007-04-11,62.296226501464844
2007-04-12,64.34011840820312
2007-04-13,64.87238311767578
2007-04-16,66.53305053710938
2007-04-17,67.40597534179688
2007-04-18,67.1717758178711
2007-04-19,65.31950378417969
2007-04-20,62.50912857055664
2007-04-23,61.97687530517578
2007-04-24,61.61492156982422
2007-04-25,63.0413818359375
2007-04-26,60.95491409301758
2007-04-27,60.16719055175781
2007-04-30,61.97687530517578
2007-05-03,61.63621520996094
2007-05-04,61.63621520996094
2007-05-07,61.16781234741211
2007-05-08,61.210391998291016
2007-05-09,60.40137481689453
2007-05-10,60.55039978027344
2007-05-11,61.14653778076172
2007-05-14,60.720733642578125
2007-05-15,60.2949104309082
2007-05-16,60.50782012939453
2007-05-17,62.84979248046875
2007-05-18,64.3188247680664
2007-05-21,62.06202697753906
2007-05-22,60.976200103759766
2007-05-23,61.402008056640625
2007-05-24,61.57233428955078
2007-05-25,73.89957427978516
2007-05-28,70.70601654052734
2007-05-29,73.28215026855469
2007-05-30,70.66340637207031
2007-05-31,68.83242797851562
2007-06-01,70.36537170410156
2007-06-04,70.21631622314453
2007-06-05,69.57759094238281
2007-06-06,66.66080474853516
2007-06-07,64.40397644042969
2007-06-08,66.10725402832031
2007-06-11,66.36271667480469
2007-06-12,66.27755737304688
2007-06-13,71.66409301757812
2007-06-14,73.1969985961914
2007-06-15,75.6454086303711
2007-06-18,74.58088684082031
2007-06-19,74.75120544433594
2007-06-20,74.28282165527344
2007-06-21,72.6860122680664
2007-06-22,72.70731353759766
2007-06-25,73.53768157958984
2007-06-26,74.62348175048828
2007-06-27,76.41185760498047
2007-06-28,76.90157318115234
2007-06-29,74.79377746582031
2007-07-02,74.62348175048828
2007-07-03,74.64478302001953
2007-07-04,74.6021728515625
2007-07-05,72.87763977050781
2007-07-06,71.876953125
2007-07-09,72.19633483886719
2007-07-10,74.66606140136719
2007-07-11,79.71192932128906
2007-07-12,79.62605285644531
2007-07-13,75.20477294921875
2007-07-16,73.0156021118164
2007-07-17,75.35501098632812
2007-07-18,77.20081329345703
2007-07-19,76.14912414550781
2007-07-20,77.39395141601562
2007-07-23,78.33831024169922
2007-07-24,77.39395141601562
2007-07-25,75.20477294921875
2007-07-26,75.69840240478516
2007-07-27,74.99015045166016
2007-07-30,74.94721221923828
2007-07-31,75.44087219238281
2007-08-01,74.38920593261719
2007-08-02,74.51798248291016
2007-08-03,75.54820251464844
2007-08-06,75.05455780029297
2007-08-07,75.5267105102539
2007-08-08,76.21351623535156
2007-08-09,75.5052490234375
2007-08-10,75.48379516601562
2007-08-13,77.05054473876953
2007-08-14,76.02033996582031
2007-08-16,76.77153778076172
2007-08-17,75.41941833496094
2007-08-20,75.9988784790039
2007-08-21,75.11893463134766
2007-08-22,74.00286865234375
2007-08-23,72.75804901123047
2007-08-24,74.00286865234375
2007-08-27,74.75405883789062
2007-08-28,75.3979263305664
2007-08-29,75.20477294921875
2007-08-30,76.4496078491211
2007-08-31,76.68568420410156
2007-09-03,76.04182434082031
2007-09-04,77.8232192993164
2007-09-05,77.05054473876953
2007-09-06,76.8573989868164
2007-09-07,77.28665161132812
2007-09-10,77.28665161132812
2007-09-11,77.26516723632812
2007-09-12,77.65151977539062
2007-09-13,77.37249755859375
2007-09-14,80.18408966064453
2007-09-17,78.57440948486328
2007-09-18,78.08078002929688
2007-09-19,79.8406982421875
2007-09-20,77.9520034790039
2007-09-21,78.98217010498047
2007-09-24,78.55293273925781
2007-09-25,79.45437622070312
2007-09-26,80.39872741699219
2007-09-27,79.4972915649414
2007-09-28,79.475830078125
2007-10-01,79.56167602539062
2007-10-03,78.10221099853516
2007-10-04,78.12368774414062
2007-10-05,78.42416381835938
2007-10-08,74.15310668945312
2007-10-09,73.05852508544922
2007-10-10,72.90827941894531
2007-10-11,70.86933135986328
2007-10-12,70.5259780883789
2007-10-15,72.2214584350586
2007-10-16,72.58634948730469
2007-10-17,72.54344177246094
2007-10-18,70.09669494628906
2007-10-19,70.5044937133789
2007-10-22,70.0752182006836
2007-10-23,69.19526672363281
2007-10-24,68.87330627441406
2007-10-25,66.89876556396484
2007-10-26,69.36698913574219
2007-10-29,73.0156021118164
2007-10-30,72.50050354003906
2007-10-31,70.63324737548828
2007-11-01,69.34548950195312
2007-11-02,68.14358520507812
2007-11-05,68.33677673339844
2007-11-06,67.11339569091797
2007-11-07,66.61975860595703
2007-11-08,65.76127624511719
2007-11-12,68.9377212524414
2007-11-13,66.42658996582031
2007-11-14,67.62850952148438
2007-11-15,69.68889617919922
2007-11-16,69.45281219482422
2007-11-19,69.53865051269531
2007-11-20,70.48301696777344
2007-11-21,67.6928939819336
2007-11-22,65.1817626953125
2007-11-23,66.79145812988281
2007-11-26,67.17779541015625
2007-11-27,66.53388977050781
2007-11-28,65.67537689208984
2007-11-29,68.68018341064453
2007-11-30,73.63803100585938
2007-12-03,70.59033966064453
2007-12-04,71.0625
2007-12-05,70.65471649169922
2007-12-06,70.0752182006836
2007-12-07,69.30255889892578
2007-12-10,70.09669494628906
2007-12-11,68.87330627441406
2007-12-12,69.60304260253906
2007-12-13,70.82640838623047
2007-12-14,74.3248062133789
2007-12-17,73.07997131347656
2007-12-18,71.29859924316406
2007-12-19,70.95520782470703
2007-12-20,71.29859924316406
2007-12-24,70.56886291503906
2007-12-26,75.46233367919922
2007-12-27,72.52196502685547
2007-12-28,72.99415588378906
2007-12-31,74.23894500732422
2008-01-01,76.68568420410156
2008-01-02,75.65550994873047
2008-01-03,73.68093872070312
2008-01-04,70.95520782470703
2008-01-07,72.6292495727539
2008-01-08,71.64199829101562
2008-01-09,70.01085662841797
2008-01-10,70.78347778320312
2008-01-11,69.8391342163086
2008-01-14,72.52196502685547
2008-01-15,71.49177551269531
2008-01-16,71.0839614868164
2008-01-17,70.63324737548828
2008-01-18,68.50848388671875
2008-01-21,62.26285934448242
2008-01-22,55.6953125
2008-01-23,60.03073501586914
2008-01-24,61.189735412597656
2008-01-25,64.58081817626953
2008-01-28,63.679386138916016
2008-01-29,66.31928253173828
2008-01-30,64.43057250976562
2008-01-31,65.546630859375
2008-02-01,64.08720397949219
2008-02-04,64.30179595947266
2008-02-05,63.52914810180664
2008-02-06,64.06571197509766
2008-02-07,62.37017059326172
2008-02-08,60.588775634765625
2008-02-11,60.09515380859375
2008-02-12,60.588775634765625
2008-02-13,57.00453186035156
2008-02-14,62.456016540527344
2008-02-15,63.01404571533203
2008-02-18,61.425819396972656
2008-02-19,64.90275573730469
2008-02-20,62.62772750854492
2008-02-21,66.08318328857422
2008-02-22,64.3232650756836
2008-02-25,66.76998901367188
2008-02-26,64.81690216064453
2008-02-27,63.70085525512695
2008-02-28,63.4862174987793
2008-02-29,63.09989929199219
2008-03-03,60.95364761352539
2008-03-04,57.9918212890625
2008-03-05,56.21042251586914
2008-03-07,54.47195053100586
2008-03-10,52.196929931640625
2008-03-11,52.23984146118164
2008-03-12,53.65637969970703
2008-03-13,52.26131057739258
2008-03-14,53.119808197021484
2008-03-17,50.394073486328125
2008-03-18,49.85751724243164
2008-03-19,49.83604049682617
2008-03-24,45.11427688598633
2008-03-25,46.3591194152832
2008-03-26,47.23908233642578
2008-03-27,45.82255554199219
2008-03-28,47.389320373535156
2008-03-31,46.40203857421875
2008-04-01,45.779624938964844
2008-04-02,47.775634765625
2008-04-03,46.76689147949219
2008-04-04,46.08009719848633
2008-04-07,45.8440055847168
2008-04-08,45.886932373046875
2008-04-09,46.14447784423828
2008-04-10,46.65958786010742
2008-04-11,46.316192626953125
2008-04-15,47.04591751098633
2008-04-16,48.87022399902344
2008-04-17,51.832054138183594
2008-04-21,55.43776321411133
2008-04-22,55.05144119262695
2008-04-23,54.04269790649414
2008-04-24,50.522850036621094
2008-04-25,49.771663665771484
2008-04-28,50.072139739990234
2008-04-29,50.6730842590332
2008-04-30,50.58722686767578
2008-05-02,51.832054138183594
2008-05-05,56.12456512451172
2008-05-06,55.6953125
2008-05-07,54.81534957885742
2008-05-08,54.4934196472168
2008-05-09,53.119808197021484
2008-05-12,50.6730842590332
2008-05-13,49.492645263671875
2008-05-14,49.256553649902344
2008-05-15,49.36386489868164
2008-05-16,49.62140655517578
2008-05-20,50.522850036621094
2008-05-21,50.90916442871094
2008-05-22,49.084861755371094
2008-05-23,48.97754669189453
2008-05-26,47.925880432128906
2008-05-27,47.56101989746094
2008-05-28,48.95608139038086
2008-05-29,48.80583953857422
2008-05-30,48.033180236816406
2008-06-02,46.509361267089844
2008-06-03,46.78834915161133
2008-06-04,47.6683235168457
2008-06-05,48.22635269165039
2008-06-06,49.492645263671875
2008-06-09,49.599952697753906
2008-06-10,49.4497184753418
2008-06-11,51.531593322753906
2008-06-12,50.90916442871094
2008-06-13,52.819339752197266
2008-06-16,53.956851959228516
2008-06-17,55.22313690185547
2008-06-18,56.16749572753906
2008-06-19,55.802635192871094
2008-06-20,55.41631317138672
2008-06-23,54.42902374267578
2008-06-24,49.3424072265625
2008-06-25,50.522850036621094
2008-06-26,53.65637969970703
2008-06-27,53.65637969970703
2008-06-30,53.913936614990234
2008-07-01,52.39009475708008
2008-07-02,53.31298065185547
2008-07-03,52.36863327026367
2008-07-04,53.61344528198242
2008-07-07,53.54906463623047
2008-07-08,53.13463592529297
2008-07-09,53.832618713378906
2008-07-10,51.95677185058594
2008-07-11,53.025577545166016
2008-07-14,52.43662643432617
2008-07-15,52.1530876159668
2008-07-16,53.24369430541992
2008-07-17,53.22187042236328
2008-07-18,53.3309440612793
2008-07-21,53.5490608215332
2008-07-22,52.37120819091797
2008-07-23,53.57088088989258
2008-07-24,53.46181869506836
2008-07-25,53.24369430541992
2008-07-28,53.352752685546875
2008-07-29,52.80744171142578
2008-07-30,53.63630294799805
2008-07-31,54.290679931640625
2008-08-01,54.530609130859375
2008-08-04,54.5088005065918
2008-08-05,58.41318893432617
2008-08-06,56.86452102661133
2008-08-07,58.1296272277832
2008-08-08,57.0826530456543
2008-08-11,59.87460708618164
2008-08-12,58.435001373291016
2008-08-13,57.169898986816406
2008-08-14,57.93331527709961
2008-08-18,56.79908752441406
2008-08-19,57.606143951416016
2008-08-20,56.7336540222168
2008-08-21,56.7336540222168
2008-08-22,55.18498229980469
2008-08-25,56.03565216064453
2008-08-26,55.64303207397461
2008-08-27,56.05747985839844
2008-08-28,55.86116409301758
2008-08-29,56.4719123840332
2008-09-01,55.79571533203125
2008-09-02,56.690032958984375
2008-09-04,56.99538803100586
2008-09-05,57.23533630371094
2008-09-08,56.71184539794922
2008-09-09,57.34437942504883
2008-09-10,56.71184539794922
2008-09-11,56.777278900146484
2008-09-12,56.929962158203125
2008-09-15,57.322574615478516
2008-09-16,53.788997650146484
2008-09-17,54.07255172729492
2008-09-18,53.112823486328125
2008-09-19,52.93832015991211
2008-09-22,52.458457946777344
2008-09-23,51.58596420288086
2008-09-24,54.268863677978516
2008-09-25,53.48362350463867
2008-09-26,52.37120819091797
2008-09-29,50.8443489074707
2008-09-30,51.62958908081055
2008-10-01,51.62958908081055
2008-10-03,51.49871826171875
2008-10-06,50.517154693603516
2008-10-07,50.75709915161133
2008-10-08,50.451717376708984
2008-10-10,41.90132141113281
2008-10-13,45.238590240478516
2008-10-14,46.17652130126953
2008-10-15,45.95840835571289
2008-10-16,44.2352409362793
2008-10-17,42.70838165283203
2008-10-20,43.58086395263672
2008-10-21,43.90803909301758
2008-10-22,44.649654388427734
2008-10-23,43.275489807128906
2008-10-24,41.37782669067383
2008-10-27,34.550594329833984
2008-10-29,41.46508026123047
2008-10-31,42.730186462402344
2008-11-03,44.606048583984375
2008-11-04,45.80571746826172
2008-11-05,45.89295959472656
2008-11-06,45.9802131652832
2008-11-07,47.00539016723633
2008-11-10,47.13625717163086
2008-11-11,49.317481994628906
2008-11-12,46.111080169677734
2008-11-14,44.69329833984375
2008-11-17,42.27214050292969
2008-11-18,39.32746887207031
2008-11-19,38.367740631103516
2008-11-20,38.25867462158203
2008-11-21,37.953304290771484
2008-11-24,39.0221061706543
2008-11-25,39.52378845214844
2008-11-26,39.436546325683594
2008-11-27,39.436546325683594
2008-11-28,39.3056640625
2008-12-01,39.720096588134766
2008-12-02,39.32746887207031
2008-12-03,39.26204299926758
2008-12-04,39.8727912902832
2008-12-05,37.975120544433594
2008-12-08,39.3056640625
2008-12-10,40.352664947509766
2008-12-11,40.592586517333984
2008-12-12,40.54896926879883
2008-12-15,40.61439514160156
2008-12-16,41.3996467590332
2008-12-17,40.287208557128906
2008-12-18,40.76708984375
2008-12-19,40.047279357910156
2008-12-22,40.13452911376953
2008-12-23,37.93149185180664
2008-12-24,37.10262680053711
2008-12-26,36.600948333740234
2008-12-29,37.364383697509766
2008-12-30,37.953304290771484
2008-12-31,37.6479377746582
2009-01-02,38.498619079589844
2009-01-05,39.0221061706543
2009-01-06,39.26204299926758
2009-01-07,38.12779998779297
2009-01-09,39.61103439331055
2009-01-12,39.26204299926758
2009-01-13,39.26204299926758
2009-01-14,39.28385543823242
2009-01-15,39.480167388916016
2009-01-16,39.32746887207031
2009-01-19,39.58922576904297
2009-01-20,39.91639709472656
2009-01-21,40.57077407836914
2009-01-22,40.61439514160156
2009-01-23,36.62276840209961
2009-01-27,35.7720832824707
2009-01-28,36.92812728881836
2009-01-29,38.17143630981445
2009-01-30,37.735191345214844
2009-02-02,39.58922576904297
2009-02-03,38.367740631103516
2009-02-04,38.04056167602539
2009-02-05,37.5606803894043
2009-02-06,37.66975021362305
2009-02-09,37.51706314086914
2009-02-10,37.47344207763672
2009-02-11,37.80061721801758
2009-02-12,37.713375091552734
2009-02-13,37.9969367980957
2009-02-16,37.53887939453125
2009-02-17,37.10262680053711
2009-02-18,36.884498596191406
2009-02-19,37.0808219909668
2009-02-20,37.5606803894043
2009-02-24,37.0808219909668
2009-02-25,37.47344207763672
2009-02-26,37.0808219909668
2009-02-27,36.81907653808594
2009-03-02,37.429813385009766
2009-03-03,37.6479377746582
2009-03-04,37.124454498291016
2009-03-05,36.840885162353516
2009-03-06,37.23350524902344
2009-03-09,36.16471862792969
2009-03-12,34.59421920776367
2009-03-13,35.66301727294922
2009-03-16,36.3173828125
2009-03-17,34.85597610473633
2009-03-18,35.052284240722656
2009-03-19,35.161346435546875
2009-03-20,34.877777099609375
2009-03-23,34.76871109008789
2009-03-24,33.43817138671875
2009-03-25,33.634483337402344
2009-03-26,33.285484313964844
2009-03-27,34.81235122680664
2009-03-30,34.68147277832031
2009-03-31,34.35428237915039
2009-04-01,34.94321823120117
2009-04-02,35.92475891113281
2009-04-06,36.20832824707031
2009-04-08,37.10262680053711
2009-04-09,38.47681427001953
2009-04-13,40.94158172607422
2009-04-15,43.73356246948242
2009-04-16,41.26877212524414
2009-04-17,41.748626708984375
2009-04-20,41.356021881103516
2009-04-21,41.85770034790039
2009-04-22,41.3996467590332
2009-04-23,41.53050231933594
2009-04-24,41.879512786865234
2009-04-27,42.31575012207031
2009-04-28,43.58086395263672
2009-04-29,43.77716827392578
2009-04-30,43.66810989379883
2009-05-04,43.66810989379883
2009-05-05,43.755367279052734
2009-05-06,43.71174621582031
2009-05-07,45.82752990722656
2009-05-08,43.66810989379883
2009-05-11,43.84260559082031
2009-05-12,43.646305084228516
2009-05-13,44.06072235107422
2009-05-14,44.9332275390625
2009-05-15,46.307395935058594
2009-05-18,46.307395935058594
2009-05-19,50.16816711425781
2009-05-20,52.00038528442383
2009-05-21,52.34938049316406
2009-05-22,52.61112976074219
2009-05-25,56.7336540222168
2009-05-26,53.112823486328125
2009-05-27,54.705116271972656
2009-05-28,53.5490608215332
2009-05-29,57.12627410888672
2009-06-01,57.606143951416016
2009-06-02,56.45008850097656
2009-06-03,55.315860748291016
2009-06-04,54.203433990478516
2009-06-05,55.403099060058594
2009-06-08,54.530609130859375
2009-06-09,54.530609130859375
2009-06-10,54.77056121826172
2009-06-11,54.530609130859375
2009-06-12,54.530609130859375
2009-06-15,54.792362213134766
2009-06-16,54.68329620361328
2009-06-17,54.530609130859375
2009-06-18,54.530609130859375
2009-06-19,54.77056121826172
2009-06-22,53.679927825927734
2009-06-23,55.44671630859375
2009-06-24,54.966861724853516
2009-06-25,54.5088005065918
2009-06-26,57.67157745361328
2009-06-29,55.163177490234375
2009-06-30,54.68329620361328
2009-07-01,54.290679931640625
2009-07-02,54.486995697021484
2009-07-03,54.22523498535156
2009-07-06,52.654762268066406
2009-07-07,52.567508697509766
2009-07-08,51.89133834838867
2009-07-09,49.68828582763672
2009-07-10,49.012115478515625
2009-07-13,45.282230377197266
2009-07-14,45.80571746826172
2009-07-15,48.67413330078125
2009-07-16,48.91872787475586
2009-07-17,49.58580017089844
2009-07-20,51.09782791137695
2009-07-21,53.12128448486328
2009-07-22,53.63270568847656
2009-07-23,53.52153015136719
2009-07-24,55.611698150634766
2009-07-27,55.611698150634766
2009-07-28,55.500511169433594
2009-07-29,59.70307159423828
2009-07-30,59.14720153808594
2009-07-31,58.4801139831543
2009-08-03,58.213287353515625
2009-08-04,55.8785285949707
2009-08-05,56.59008026123047
2009-08-06,56.634544372558594
2009-08-07,56.501129150390625
2009-08-10,56.478885650634766
2009-08-11,56.59008026123047
2009-08-12,56.723487854003906
2009-08-13,63.37199020385742
2009-08-14,59.814266204833984
2009-08-17,57.67961883544922
2009-08-18,57.99092102050781
2009-08-19,59.23612594604492
2009-08-20,58.213287353515625
2009-08-21,60.103328704833984
2009-08-24,61.793251037597656
2009-08-25,61.081703186035156
2009-08-26,60.21450424194336
2009-08-27,61.54866027832031
2009-08-28,61.37076950073242
2009-08-31,60.926063537597656
2009-09-01,61.192874908447266
2009-09-02,62.17127227783203
2009-09-03,62.94950866699219
2009-09-04,62.72713851928711
2009-09-07,63.327518463134766
2009-09-08,62.749393463134766
2009-09-09,63.41645812988281
2009-09-10,64.0390625
2009-09-11,63.30528259277344
2009-09-14,61.94889831542969
2009-09-15,61.10393142700195
2009-09-16,62.282432556152344
2009-09-17,62.39362335205078
2009-09-18,63.14961624145508
2009-09-22,62.260189056396484
2009-09-23,62.77163314819336
2009-09-24,66.618408203125
2009-09-25,68.70858764648438
2009-09-29,65.52886199951172
2009-09-30,64.4393310546875
2009-10-01,64.41706848144531
2009-10-05,64.0168228149414
2009-10-06,63.23857498168945
2009-10-07,64.26142120361328
2009-10-08,63.661048889160156
2009-10-09,63.14961624145508
2009-10-12,63.683292388916016
2009-10-13,64.26142120361328
2009-10-14,63.21633529663086
2009-10-15,67.0853500366211
2009-10-16,66.59616088867188
2009-10-20,65.57332611083984
2009-10-21,65.95133209228516
2009-10-22,64.59496307373047
2009-10-23,64.90625762939453
2009-10-26,63.6165771484375
2009-10-27,64.72837829589844
2009-10-28,63.283042907714844
2009-10-29,62.282432556152344
2009-10-30,61.192874908447266
2009-11-03,61.37076950073242
2009-11-04,60.7703971862793
2009-11-05,62.06007385253906
2009-11-06,62.39362335205078
2009-11-09,62.94950866699219
2009-11-10,62.704917907714844
2009-11-11,63.1718635559082
2009-11-12,62.749393463134766
2009-11-13,63.1718635559082
2009-11-16,63.37199020385742
2009-11-17,63.14961624145508
2009-11-18,63.08293151855469
2009-11-19,63.21633529663086
2009-11-20,63.6165771484375
2009-11-23,63.59434127807617
2009-11-24,64.52825164794922
2009-11-25,63.97234344482422
2009-11-26,64.4837875366211
2009-11-27,65.6622543334961
2009-11-30,65.01744079589844
2009-12-01,64.95072937011719
2009-12-02,64.75060272216797
2009-12-03,64.4837875366211
2009-12-04,65.23978424072266
2009-12-07,66.30709075927734
2009-12-08,66.84075927734375
2009-12-09,69.08660125732422
2009-12-10,70.4652099609375
2009-12-11,71.15450286865234
2009-12-14,71.488037109375
2009-12-15,70.64306640625
2009-12-16,68.95317077636719
2009-12-17,71.37687683105469
2009-12-18,71.488037109375
2009-12-21,71.198974609375
2009-12-22,71.86605834960938
2009-12-23,71.71038818359375
2009-12-24,71.198974609375
2009-12-29,69.77588653564453
2009-12-30,70.13165283203125
2009-12-31,70.17613983154297
2010-01-04,69.37564849853516
2010-01-05,71.86605834960938
2010-01-06,75.44601440429688
2010-01-07,74.73446655273438
2010-01-08,78.26996612548828
2010-01-11,77.7363052368164
2010-01-12,76.04637908935547
2010-01-13,76.3132095336914
2010-01-14,76.53558349609375
2010-01-15,76.89134979248047
2010-01-18,79.58187866210938
2010-01-19,79.95986938476562
2010-01-20,82.65042114257812
2010-01-21,84.80728912353516
2010-01-22,83.58429718017578
2010-01-25,86.40826416015625
2010-01-27,84.25139617919922
2010-01-28,83.69547271728516
2010-01-29,83.40644836425781
2010-02-01,83.76219940185547
2010-02-02,81.87216186523438
2010-02-03,80.89379119873047
2010-02-04,81.4941635131836
2010-02-05,78.95925903320312
2010-02-08,80.0710678100586
2010-02-09,79.5151596069336
2010-02-10,81.07167053222656
2010-02-11,80.5157699584961
2010-02-15,83.49535369873047
2010-02-16,82.51698303222656
2010-02-17,82.73934936523438
2010-02-18,81.9388656616211
2010-02-19,80.29341125488281
2010-02-22,80.0710678100586
2010-02-23,80.048828125
2010-02-24,80.2044906616211
2010-02-25,78.09208679199219
2010-02-26,79.27056121826172
2010-03-02,79.89315795898438
2010-03-03,79.69304656982422
2010-03-04,82.29463195800781
2010-03-05,81.6720199584961
2010-03-08,81.58309173583984
2010-03-09,81.0271987915039
2010-03-10,80.13777160644531
2010-03-11,79.69304656982422
2010-03-12,78.9370346069336
2010-03-15,76.89134979248047
2010-03-16,78.69242858886719
2010-03-17,77.29158782958984
2010-03-18,78.95925903320312
2010-03-19,76.62450408935547
2010-03-22,75.8685073852539
2010-03-23,75.89070892333984
2010-03-25,75.89070892333984
2010-03-26,75.8685073852539
2010-03-29,75.8685073852539
2010-03-30,75.97966003417969
2010-03-31,75.51273345947266
2010-04-01,76.29096984863281
2010-04-05,78.75914764404297
2010-04-06,78.24771881103516
2010-04-07,79.62633514404297
2010-04-08,82.62818145751953
2010-04-09,82.7838134765625
2010-04-12,82.339111328125
2010-04-13,82.27241516113281
2010-04-15,82.53922271728516
2010-04-16,82.98396301269531
2010-04-19,80.53801727294922
2010-04-20,80.11553192138672
2010-04-21,82.82827758789062
2010-04-22,82.18344116210938
2010-04-23,82.38359832763672
2010-04-26,85.7856674194336
2010-04-27,85.27423095703125
2010-04-28,83.40644836425781
2010-04-29,85.29647064208984
2010-04-30,85.11856079101562
2010-05-03,85.54106140136719
2010-05-04,84.62940979003906
2010-05-05,84.69610595703125
2010-05-06,85.7856674194336
2010-05-07,84.49596405029297
2010-05-10,87.63124084472656
2010-05-11,86.69734191894531
2010-05-12,86.45272064208984
2010-05-13,87.36438751220703
2010-05-14,86.11917114257812
2010-05-17,85.6077651977539
2010-05-18,85.96353912353516
2010-05-19,85.36316680908203
2010-05-20,84.74057006835938
2010-05-21,86.7417984008789
2010-05-24,87.67570495605469
2010-05-25,85.00739288330078
2010-05-26,84.98516845703125
2010-05-27,84.94070434570312
2010-05-28,86.58614349365234
2010-05-31,85.1852798461914
2010-06-01,85.58551788330078
2010-06-02,86.03024291992188
2010-06-03,87.89804077148438
2010-06-04,88.98759460449219
2010-06-07,87.0531005859375
2010-06-08,86.34156799316406
2010-06-09,85.83014678955078
2010-06-10,86.16365051269531
2010-06-11,86.03024291992188
2010-06-14,85.98578643798828
2010-06-15,86.38601684570312
2010-06-16,88.12042236328125
2010-06-17,89.43231964111328
2010-06-18,89.27668762207031
2010-06-21,90.32176971435547
2010-06-22,92.21178436279297
2010-06-23,94.63549041748047
2010-06-24,94.47984313964844
2010-06-25,96.5033187866211
2010-06-28,98.0820541381836
2010-06-29,94.19078826904297
2010-06-30,93.56816864013672
2010-07-01,94.43539428710938
2010-07-02,94.36865997314453
2010-07-05,93.27912902832031
2010-07-06,94.39092254638672
2010-07-07,93.34581756591797
2010-07-08,94.16853332519531
2010-07-09,95.16914367675781
2010-07-12,94.41313171386719
2010-07-13,94.99126434326172
2010-07-14,97.46034240722656
2010-07-15,97.21343994140625
2010-07-16,97.32563781738281
2010-07-19,95.84422302246094
2010-07-20,94.07099914550781
2010-07-21,94.09342956542969
2010-07-22,93.50984191894531
2010-07-23,95.17084503173828
2010-07-26,94.29544830322266
2010-07-27,99.52536010742188
2010-07-28,98.60505676269531
2010-07-29,99.57024383544922
2010-07-30,95.08106994628906
2010-08-02,95.75444793701172
2010-08-03,95.5075454711914
2010-08-04,96.20336151123047
2010-08-05,94.8565902709961
2010-08-06,94.47502136230469
2010-08-09,95.8217544555664
2010-08-10,95.77689361572266
2010-08-11,94.83413696289062
2010-08-12,94.72191619873047
2010-08-13,95.79932403564453
2010-08-16,97.52764129638672
2010-08-17,96.54004669189453
2010-08-18,98.44793701171875
2010-08-19,97.12364196777344
2010-08-20,96.69715118408203
2010-08-23,97.14608764648438
2010-08-24,95.75444793701172
2010-08-25,92.56710815429688
2010-08-26,92.25286102294922
2010-08-27,91.39990997314453
2010-08-30,90.90611267089844
2010-08-31,91.96107482910156
2010-09-01,93.12826538085938
2010-09-02,94.38523864746094
2010-09-03,96.921630859375
2010-09-06,101.18637084960938
2010-09-07,102.82489013671875
2010-09-08,103.38606262207031
2010-09-09,102.82489013671875
2010-09-13,102.89221954345703
2010-09-14,102.75757598876953
2010-09-15,102.82489013671875
2010-09-16,102.89221954345703
2010-09-17,104.48590850830078
2010-09-20,103.58806610107422
2010-09-21,102.80247497558594
2010-09-22,102.82489013671875
2010-09-23,103.11669921875
2010-09-24,102.28619384765625
2010-09-27,102.80247497558594
2010-09-28,103.29627227783203
2010-09-29,102.75757598876953
2010-09-30,102.64533996582031
2010-10-01,103.79008483886719
2010-10-04,102.93714904785156
2010-10-05,103.07180786132812
2010-10-06,105.54086303710938
2010-10-07,108.23438262939453
2010-10-08,107.06720733642578
2010-10-11,108.7955322265625
2010-10-12,107.51609802246094
2010-10-13,111.69105529785156
2010-10-14,109.4913558959961
2010-10-15,107.24675750732422
2010-10-18,104.12678527832031
2010-10-19,103.0942611694336
2010-10-20,105.54086303710938
2010-10-21,111.7359619140625
2010-10-22,110.72586822509766
2010-10-25,112.29708862304688
2010-10-26,110.18717956542969
2010-10-27,109.5587158203125
2010-10-28,114.47435760498047
2010-10-29,115.97825622558594
2010-11-01,118.3350830078125
2010-11-02,116.89851379394531
2010-11-03,118.31260681152344
2010-11-04,117.14543914794922
2010-11-08,116.35980987548828
2010-11-09,118.02079010009766
2010-11-10,116.29248046875
2010-11-11,117.10052490234375
2010-11-12,112.11752319335938
2010-11-15,112.63379669189453
2010-11-16,112.0501937866211
2010-11-18,110.16471862792969
2010-11-19,108.00992584228516
2010-11-22,107.875244140625
2010-11-23,105.94489288330078
2010-11-24,107.134521484375
2010-11-25,106.3713607788086
2010-11-26,105.72044372558594
2010-11-29,106.97740173339844
2010-11-30,108.97510528564453
2010-12-01,109.85050201416016
2010-12-02,109.24446105957031
2010-12-03,109.5137939453125
2010-12-06,109.5811538696289
2010-12-07,108.75062561035156
2010-12-08,109.60357666015625
2010-12-09,106.5733642578125
2010-12-10,107.56099700927734
2010-12-13,106.10203552246094
2010-12-14,111.1299057006836
2010-12-15,113.68872833251953
2010-12-16,113.10515594482422
2010-12-20,113.82343292236328
2010-12-21,114.13768005371094
2010-12-22,112.81336212158203
2010-12-23,112.67868041992188
2010-12-24,111.82572174072266
2010-12-27,112.11752319335938
2010-12-28,111.60128784179688
2010-12-29,111.8706283569336
2010-12-30,113.86833190917969
2010-12-31,113.68872833251953
2011-01-03,115.2823715209961
2011-01-04,116.27003479003906
2011-01-05,116.1129150390625
2011-01-06,114.33969116210938
2011-01-07,112.11752319335938
2011-01-10,113.15003967285156
2011-01-11,114.1152114868164
2011-01-12,113.64385223388672
2011-01-13,113.21736907958984
2011-01-14,112.67868041992188
2011-01-17,111.80329895019531
2011-01-18,109.89537811279297
2011-01-19,111.39926147460938
2011-01-20,111.8706283569336
2011-01-21,110.61366271972656
2011-01-24,112.81336212158203
2011-01-25,112.29708862304688
2011-01-27,113.21736907958984
2011-01-28,112.99293518066406
2011-01-31,107.92012023925781
2011-02-01,108.36905670166016
2011-02-02,106.50605010986328
2011-02-03,107.71813201904297
2011-02-04,110.00760650634766
2011-02-07,109.04244232177734
2011-02-08,115.2599868774414
2011-02-09,110.77078247070312
2011-02-10,108.90774536132812
2011-02-11,110.47895812988281
2011-02-14,108.44647216796875
2011-02-15,109.32720947265625
2011-02-16,110.09505462646484
2011-02-17,110.1628189086914
2011-02-18,108.71745300292969
2011-02-21,110.59190368652344
2011-02-22,110.65963745117188
2011-02-23,110.65963745117188
2011-02-24,110.54672241210938
2011-02-25,108.85295867919922
2011-02-28,108.51417541503906
2011-03-01,109.93695068359375
2011-03-03,109.75629425048828
2011-03-04,108.35610961914062
2011-03-07,107.1817855834961
2011-03-08,107.52053833007812
2011-03-09,106.75270080566406
2011-03-10,107.13660430908203
2011-03-11,105.66867065429688
2011-03-14,102.91346740722656
2011-03-15,100.38410949707031
2011-03-16,99.95503997802734
2011-03-17,99.05166625976562
2011-03-18,99.75177764892578
2011-03-21,99.81951904296875
2011-03-22,101.3100357055664
2011-03-23,102.1004638671875
2011-03-24,101.6036376953125
2011-03-25,101.9423828125
2011-03-28,101.89720916748047
2011-03-29,101.82947540283203
2011-03-30,102.07786560058594
2011-03-31,104.06523895263672
2011-04-01,104.99115753173828
2011-04-04,108.10770416259766
2011-04-05,111.33715057373047
2011-04-06,109.41754150390625
2011-04-07,109.19170379638672
2011-04-08,109.23690032958984
2011-04-11,109.07881164550781
2011-04-13,109.55303955078125
2011-04-15,109.57562255859375
2011-04-18,111.20165252685547
2011-04-19,109.39498138427734
2011-04-20,109.75629425048828
2011-04-21,109.95952606201172
2011-04-25,109.25946807861328
2011-04-26,110.5241470336914
2011-04-27,112.1275863647461
2011-04-28,112.91800689697266
2011-04-29,112.15017700195312
2011-05-02,111.40489196777344
2011-05-03,115.46996307373047
2011-05-04,114.74729919433594
2011-05-05,114.27301788330078
2011-05-06,113.34708404541016
2011-05-09,114.02458953857422
2011-05-10,114.34077453613281
2011-05-11,116.3507308959961
2011-05-12,115.62804412841797
2011-05-13,117.50250244140625
2011-05-16,117.16370391845703
2011-05-17,116.12488555908203
2011-05-18,117.47988891601562
2011-05-19,118.76715850830078
2011-05-20,118.67681884765625
2011-05-23,118.42839813232422
2011-05-24,118.54135131835938
2011-05-25,117.88639831542969
2011-05-26,118.31549072265625
2011-05-27,118.36065673828125
2011-05-30,118.33810424804688
2011-05-31,118.60907745361328
2011-06-01,118.78974914550781
2011-06-02,119.76084899902344
2011-06-03,120.14478302001953
2011-06-06,118.97041320800781
2011-06-07,120.48353576660156
2011-06-08,121.43202209472656
2011-06-09,122.04179382324219
2011-06-10,122.42570495605469
2011-06-13,121.95148468017578
2011-06-14,123.08060455322266
2011-06-15,123.41939544677734
2011-06-16,124.3904800415039
2011-06-17,125.8809814453125
2011-06-20,124.25498962402344
2011-06-21,124.27751922607422
2011-06-22,125.5648193359375
2011-06-23,126.62625885009766
2011-06-24,128.7265167236328
2011-06-27,127.37152862548828
2011-06-28,127.89093780517578
2011-06-29,129.20077514648438
2011-06-30,128.86203002929688
2011-07-01,132.29470825195312
2011-07-04,133.94338989257812
2011-07-05,133.898193359375
2011-07-06,135.3661346435547
2011-07-07,138.93431091308594
2011-07-08,135.07249450683594
2011-07-11,139.49893188476562
2011-07-12,138.30198669433594
2011-07-13,139.09242248535156
2011-07-14,138.21168518066406
2011-07-15,136.96957397460938
2011-07-18,137.4889678955078
2011-07-19,139.8828125
2011-07-20,138.88914489746094
2011-07-21,137.87289428710938
2011-07-22,139.1417236328125
2011-07-25,139.23236083984375
2011-07-26,140.56918334960938
2011-07-27,144.55694580078125
2011-07-28,141.47549438476562
2011-07-29,139.00579833984375
2011-08-01,137.19317626953125
2011-08-02,133.99839782714844
2011-08-03,133.95309448242188
2011-08-04,132.3217010498047
2011-08-05,133.99839782714844
2011-08-08,131.70997619628906
2011-08-09,127.06512451171875
2011-08-10,138.73391723632812
2011-08-11,138.98313903808594
2011-08-12,137.73696899414062
2011-08-16,138.84716796875
2011-08-17,138.48464965820312
2011-08-18,133.16009521484375
2011-08-19,129.8519744873047
2011-08-22,129.37619018554688
2011-08-23,128.96835327148438
2011-08-24,130.89431762695312
2011-08-25,131.34739685058594
2011-08-26,130.9169464111328
2011-08-29,132.9108123779297
2011-08-30,133.43199157714844
2011-09-02,135.31253051757812
2011-09-05,135.01800537109375
2011-09-06,138.07679748535156
2011-09-07,138.91514587402344
2011-09-08,138.55262756347656
2011-09-09,138.6659393310547
2011-09-12,135.94696044921875
2011-09-13,136.8986053466797
2011-09-14,139.73081970214844
2011-09-15,140.47853088378906
2011-09-16,141.70208740234375
2011-09-19,141.7247314453125
2011-09-20,142.4044647216797
2011-09-21,141.65673828125
2011-09-22,141.1582794189453
2011-09-23,137.89553833007812
2011-09-26,133.47731018066406
2011-09-27,132.88818359375
2011-09-28,133.7265167236328
2011-09-29,133.4093017578125
2011-09-30,134.58749389648438
2011-10-03,132.7295684814453
2011-10-04,131.41539001464844
2011-10-05,131.64195251464844
2011-10-07,133.99839782714844
2011-10-10,132.68423461914062
2011-10-11,137.1704864501953
2011-10-12,141.79266357421875
2011-10-13,142.8349609375
2011-10-14,141.24893188476562
2011-10-17,141.70208740234375
2011-10-18,141.65673828125
2011-10-19,142.15521240234375
2011-10-20,141.43014526367188
2011-10-21,138.98313903808594
2011-10-24,138.71124267578125
2011-10-25,140.5238494873047
2011-10-28,144.87417602539062
2011-10-31,142.92559814453125
2011-11-01,140.84103393554688
2011-11-02,142.10989379882812
2011-11-03,140.2972412109375
2011-11-04,142.29112243652344
2011-11-08,152.21533203125
2011-11-09,152.35125732421875
2011-11-11,152.35125732421875
2011-11-14,154.34512329101562
2011-11-15,152.07933044433594
2011-11-16,152.80438232421875
2011-11-17,149.63232421875
2011-11-18,147.0946502685547
2011-11-21,145.91639709472656
2011-11-22,143.15220642089844
2011-11-23,140.56918334960938
2011-11-24,143.5147247314453
2011-11-25,139.436279296875
2011-11-28,139.34561157226562
2011-11-29,140.25196838378906
2011-11-30,139.07374572753906
2011-12-01,139.98004150390625
2011-12-02,141.65673828125
2011-12-05,141.43014526367188
2011-12-07,139.25502014160156
2011-12-08,132.7748565673828
2011-12-09,133.2733612060547
2011-12-12,130.41845703125
2011-12-13,130.0106201171875
2011-12-14,132.41238403320312
2011-12-15,130.2825164794922
2011-12-16,133.22805786132812
2011-12-19,129.33082580566406
2011-12-20,126.74790954589844
2011-12-21,126.88381958007812
2011-12-22,127.33700561523438
2011-12-23,126.15878295898438
2011-12-26,126.74790954589844
2011-12-27,127.24634552001953
2011-12-28,125.4337158203125
2011-12-29,125.47905731201172
2011-12-30,125.2071533203125
2012-01-02,121.98979949951172
2012-01-03,123.89299774169922
2012-01-04,126.88381958007812
2012-01-05,126.74790954589844
2012-01-06,126.83854675292969
2012-01-09,125.61499786376953
2012-01-10,124.11956024169922
2012-01-11,128.56053161621094
2012-01-12,127.51824951171875
2012-01-13,127.11041259765625
2012-01-16,128.7417755126953
2012-01-17,128.7870635986328
2012-01-18,130.5091094970703
2012-01-19,129.14962768554688
2012-01-20,127.60887145996094
2012-01-23,127.4276351928711
2012-01-24,128.6964874267578
2012-01-25,132.82017517089844
2012-01-27,134.22499084472656
2012-01-30,135.13131713867188
2012-01-31,133.54527282714844
2012-02-01,132.185791015625
2012-02-02,138.8924560546875
2012-02-03,140.47853088378906
2012-02-06,137.8502197265625
2012-02-07,139.6175079345703
2012-02-08,138.84716796875
2012-02-09,140.8863983154297
2012-02-10,148.0462646484375
2012-02-13,154.0731964111328
2012-02-14,151.98873901367188
2012-02-15,153.2651824951172
2012-02-16,150.66665649414062
2012-02-17,153.49310302734375
2012-02-21,148.3417205810547
2012-02-22,145.9255828857422
2012-02-23,144.05648803710938
2012-02-24,149.299072265625
2012-02-27,147.7490692138672
2012-02-28,148.6608123779297
2012-02-29,148.93435668945312
2012-03-01,145.10499572753906
2012-03-02,148.0226287841797
2012-03-05,143.4638214111328
2012-03-06,146.24465942382812
2012-03-07,143.50946044921875
2012-03-09,143.5550537109375
2012-03-12,141.4124298095703
2012-03-13,143.19036865234375
2012-03-14,145.10499572753906
2012-03-15,142.64324951171875
2012-03-16,140.774169921875
2012-03-19,143.4638214111328
2012-03-20,143.1446990966797
2012-03-21,142.2330322265625
2012-03-22,142.46092224121094
2012-03-23,142.2330322265625
2012-03-26,139.04188537597656
2012-03-27,139.95359802246094
2012-03-28,138.9962921142578
2012-03-29,141.18447875976562
2012-03-30,142.05064392089844
2012-04-02,142.64324951171875
2012-04-03,147.794677734375
2012-04-04,143.28152465820312
2012-04-09,141.91387939453125
2012-04-10,142.3697509765625
2012-04-11,144.1020965576172
2012-04-12,142.2330322265625
2012-04-13,144.05648803710938
2012-04-16,154.6783905029297
2012-04-17,153.76663208007812
2012-04-18,148.93435668945312
2012-04-19,149.20787048339844
2012-04-20,151.7151336669922
2012-04-23,150.84901428222656
2012-04-24,149.07110595703125
2012-04-25,149.02552795410156
2012-04-26,149.5269775390625
2012-04-27,149.5725860595703
2012-04-30,150.1651611328125
2012-05-02,151.85195922851562
2012-05-03,149.07110595703125
2012-05-04,148.52406311035156
2012-05-07,144.37564086914062
2012-05-08,145.6976318359375
2012-05-09,142.09625244140625
2012-05-10,145.10499572753906
2012-05-11,141.27561950683594
2012-05-14,139.8624267578125
2012-05-15,137.3095703125
2012-05-16,135.07571411132812
2012-05-17,135.30372619628906
2012-05-18,137.628662109375
2012-05-21,138.2668914794922
2012-05-22,138.130126953125
2012-05-23,137.5830841064453
2012-05-24,137.5830841064453
2012-05-25,136.44334411621094
2012-05-28,134.30076599121094
2012-05-29,134.75665283203125
2012-05-30,134.9390411376953
2012-05-31,134.75665283203125
2012-06-01,132.47726440429688
2012-06-04,130.1522979736328
2012-06-05,134.30076599121094
2012-06-06,135.03018188476562
2012-06-07,133.9816436767578
2012-06-08,134.2095947265625
2012-06-11,134.2551727294922
2012-06-12,134.30076599121094
2012-06-13,134.9390411376953
2012-06-14,135.3948516845703
2012-06-15,135.2125244140625
2012-06-18,134.84780883789062
2012-06-19,136.99046325683594
2012-06-20,134.7110595703125
2012-06-21,136.80807495117188
2012-06-22,137.4918975830078
2012-06-25,137.21835327148438
2012-06-26,137.03604125976562
2012-06-27,138.2668914794922
2012-06-28,137.8565673828125
2012-06-29,139.133056640625
2012-07-02,140.3183135986328
2012-07-03,140.50062561035156
2012-07-04,142.2330322265625
2012-07-05,144.37564086914062
2012-07-06,144.0109405517578
2012-07-09,144.83151245117188
2012-07-10,145.87998962402344
2012-07-11,144.0109405517578
2012-07-12,146.79171752929688
2012-07-13,147.01971435546875
2012-07-16,145.8344268798828
2012-07-17,142.2330322265625
2012-07-18,146.74615478515625
2012-07-19,142.3697509765625
2012-07-20,140.8653564453125
2012-07-23,140.9109649658203
2012-07-24,139.0874481201172
2012-07-25,136.94483947753906
2012-07-26,136.71539306640625
2012-07-27,134.0535888671875
2012-07-30,134.8337860107422
2012-07-31,138.87237548828125
2012-08-01,141.39646911621094
2012-08-02,137.95448303222656
2012-08-03,136.5776824951172
2012-08-06,136.16468811035156
2012-08-07,133.181640625
2012-08-08,132.44728088378906
2012-08-09,132.90625
2012-08-10,134.4207305908203
2012-08-13,135.43040466308594
2012-08-14,137.22023010253906
2012-08-16,136.80714416503906
2012-08-17,137.95448303222656
2012-08-21,137.40379333496094
2012-08-22,137.86270141601562
2012-08-23,139.05592346191406
2012-08-24,138.4134521484375
2012-08-27,134.6960906982422
2012-08-28,135.84339904785156
2012-08-29,134.37484741210938
2012-08-30,135.65985107421875
2012-08-31,134.46661376953125
2012-09-03,134.0535888671875
2012-09-04,135.29266357421875
2012-09-05,132.2637176513672
2012-09-06,132.1719970703125
2012-09-07,133.181640625
2012-09-10,132.86036682128906
2012-09-11,133.7781982421875
2012-09-12,135.88931274414062
2012-09-13,134.879638671875
2012-09-14,139.97378540039062
2012-09-17,137.17428588867188
2012-09-18,134.00767517089844
2012-09-20,130.978759765625
2012-09-21,134.5125274658203
2012-09-24,134.55841064453125
2012-09-25,134.97149658203125
2012-09-26,138.27574157714844
2012-09-27,141.07521057128906
2012-09-28,146.99542236328125
2012-10-01,146.99542236328125
2012-10-03,147.08721923828125
2012-10-04,143.87469482421875
2012-10-05,140.79986572265625
2012-10-08,140.2490997314453
2012-10-09,141.8094940185547
2012-10-10,140.06553649902344
2012-10-11,146.3529510498047
2012-10-12,145.0679168701172
2012-10-15,145.29737854003906
2012-10-16,145.25146484375
2012-10-17,145.93988037109375
2012-10-18,146.1234588623047
2012-10-19,144.19593811035156
2012-10-22,143.18630981445312
2012-10-23,143.27810668945312
2012-10-25,143.87469482421875
2012-10-29,145.02198791503906
2012-10-30,144.7007598876953
2012-10-31,140.43270874023438
2012-11-01,138.5970001220703
2012-11-02,139.79022216796875
2012-11-05,138.64292907714844
2012-11-06,139.60665893554688
2012-11-07,139.147705078125
2012-11-08,138.18397521972656
2012-11-09,138.7346649169922
2012-11-12,137.67910766601562
2012-11-15,137.7250213623047
2012-11-16,137.03662109375
2012-11-19,138.4134521484375
2012-11-20,137.95448303222656
2012-11-21,134.92552185058594
2012-11-22,135.01734924316406
2012-11-23,136.99075317382812
2012-11-26,136.66946411132812
2012-11-27,137.3119659423828
2012-11-29,137.4955596923828
2012-11-30,137.86270141601562
2012-12-03,136.71539306640625
2012-12-04,137.54144287109375
2012-12-05,137.67910766601562
2012-12-06,136.94482421875
2012-12-07,139.51483154296875
2012-12-10,137.90858459472656
2012-12-11,140.2490997314453
2012-12-12,141.35060119628906
2012-12-13,143.18630981445312
2012-12-14,140.4785919189453
2012-12-17,137.63323974609375
2012-12-18,136.99075317382812
2012-12-19,138.18397521972656
2012-12-20,136.62356567382812
2012-12-21,137.03662109375
2012-12-24,137.81678771972656
2012-12-26,137.40379333496094
2012-12-27,137.90858459472656
2012-12-28,138.64292907714844
2012-12-31,137.22023010253906
2013-01-01,136.66946411132812
2013-01-02,135.88931274414062
2013-01-03,135.6139678955078
2013-01-04,135.33859252929688
2013-01-07,134.19126892089844
2013-01-08,135.5680389404297
2013-01-09,134.78785705566406
2013-01-10,134.78785705566406
2013-01-11,134.00767517089844
2013-01-14,133.6405792236328
2013-01-15,135.93524169921875
2013-01-16,138.32164001464844
2013-01-17,136.16468811035156
2013-01-18,135.06320190429688
2013-01-21,134.0535888671875
2013-01-22,133.13571166992188
2013-01-23,133.68646240234375
2013-01-24,134.00767517089844
2013-01-25,133.6405792236328
2013-01-28,135.52212524414062
2013-01-29,135.65985107421875
2013-01-30,134.28305053710938
2013-01-31,136.5776824951172
2013-02-01,135.38446044921875
2013-02-04,136.16468811035156
2013-02-05,136.16468811035156
2013-02-06,133.08982849121094
2013-02-07,120.19385528564453
2013-02-08,122.02959442138672
2013-02-11,120.51512908935547
2013-02-12,121.29532623291016
2013-02-13,121.61656951904297
2013-02-14,123.87386322021484
2013-02-15,118.02334594726562
2013-02-18,120.09635162353516
2013-02-19,122.44575500488281
2013-02-20,123.5974349975586
2013-02-21,123.45925903320312
2013-02-22,125.85475158691406
2013-02-25,122.99861907958984
2013-02-26,122.99861907958984
2013-02-27,121.57049560546875
2013-02-28,121.6626205444336
2013-03-01,123.45925903320312
2013-03-04,123.64348602294922
2013-03-05,120.28064727783203
2013-03-06,119.7739028930664
2013-03-07,119.7739028930664
2013-03-08,119.7739028930664
2013-03-11,121.6626205444336
2013-03-12,119.81993865966797
2013-03-13,119.7739028930664
2013-03-14,118.99075317382812
2013-03-15,117.1480941772461
2013-03-18,117.47054290771484
2013-03-19,115.48965454101562
2013-03-20,114.107666015625
2013-03-21,109.31671905517578
2013-03-22,113.32452392578125
2013-03-25,109.54704284667969
2013-03-26,109.50094604492188
2013-03-28,109.13241577148438
2013-04-01,108.4414291381836
2013-04-02,109.73129272460938
2013-04-03,107.52009582519531
2013-04-04,106.50663757324219
2013-04-05,107.05941772460938
2013-04-08,108.67176055908203
2013-04-09,108.80996704101562
2013-04-10,109.45492553710938
2013-04-11,109.27063751220703
2013-04-12,108.02684783935547
2013-04-15,109.9616470336914
2013-04-16,110.56050109863281
2013-04-17,110.6065902709961
2013-04-18,117.37841033935547
2013-04-22,119.86602020263672
2013-04-23,121.10982513427734
2013-04-25,117.00987243652344
2013-04-26,119.7739028930664
2013-04-29,120.64913940429688
2013-04-30,113.18631744384766
2013-05-02,116.50315856933594
2013-05-03,115.67393493652344
2013-05-06,115.90428161621094
2013-05-07,114.61441040039062
2013-05-08,115.16719818115234
2013-05-09,116.0424575805664
2013-05-10,115.67393493652344
2013-05-13,115.39751434326172
2013-05-14,115.16719818115234
2013-05-15,115.62786102294922
2013-05-16,115.62786102294922
2013-05-17,117.1480941772461
2013-05-20,118.8525390625
2013-05-21,118.11548614501953
2013-05-22,117.65482330322266
2013-05-23,119.68177032470703
2013-05-24,119.72781372070312
2013-05-27,121.84687805175781
2013-05-28,120.23454284667969
2013-05-29,119.7739028930664
2013-05-30,117.10201263427734
2013-05-31,117.05594635009766
2013-06-03,119.08287811279297
2013-06-04,116.27281188964844
2013-06-05,119.31321716308594
2013-06-06,119.03681945800781
2013-06-07,118.66828918457031
2013-06-10,118.66828918457031
2013-06-11,114.107666015625
2013-06-12,113.4166488647461
2013-06-13,110.74478149414062
2013-06-14,107.47403717041016
2013-06-17,105.72344970703125
2013-06-18,104.61787414550781
2013-06-19,103.55835723876953
2013-06-20,103.23588562011719
2013-06-21,101.02466583251953
2013-06-24,99.27412414550781
2013-06-25,98.58311462402344
2013-06-26,97.56964111328125
2013-06-27,97.06291961669922
2013-06-28,100.37972259521484
2013-07-01,97.75392150878906
2013-07-02,98.03031921386719
2013-07-03,97.52359771728516
2013-07-04,97.66179656982422
2013-07-05,97.66179656982422
2013-07-08,99.36625671386719
2013-07-09,99.36625671386719
2013-07-10,98.21459197998047
2013-07-11,97.20111083984375
2013-07-12,97.56964111328125
2013-07-15,102.31454467773438
2013-07-16,102.13026428222656
2013-07-17,102.59408569335938
2013-07-18,103.1970443725586
2013-07-19,103.98550415039062
2013-07-22,104.0782699584961
2013-07-23,106.02626037597656
2013-07-24,105.65522003173828
2013-07-25,103.38253784179688
2013-07-26,104.72760009765625
2013-07-29,99.71849060058594
2013-07-30,98.51256561279297
2013-07-31,96.5645980834961
2013-08-01,95.26593780517578
2013-08-02,97.12116241455078
2013-08-05,95.8688735961914
2013-08-06,95.544189453125
2013-08-07,95.08040618896484
2013-08-08,95.31230926513672
2013-08-12,95.08040618896484
2013-08-13,97.72411346435547
2013-08-14,95.8688735961914
2013-08-16,94.66300201416016
2013-08-19,94.24554443359375
2013-08-20,94.66300201416016
2013-08-21,93.64259338378906
2013-08-22,94.0136489868164
2013-08-23,96.6573486328125
2013-08-26,98.79086303710938
2013-08-27,95.03401947021484
2013-08-28,94.57020568847656
2013-08-29,93.22518157958984
2013-08-30,93.1324234008789
2013-09-02,94.06002807617188
2013-09-03,93.31792449951172
2013-09-04,95.12678527832031
2013-09-05,95.08040618896484
2013-09-06,97.12116241455078
2013-09-10,98.6980972290039
2013-09-11,97.95600891113281
2013-09-12,98.51256561279297
2013-09-13,97.3994369506836
2013-09-16,94.80211639404297
2013-09-17,94.47744750976562
2013-09-18,94.66300201416016
2013-09-19,97.3994369506836
2013-09-20,95.49784851074219
2013-09-23,96.79649353027344
2013-09-24,94.33830261230469
2013-09-25,94.15280151367188
2013-09-26,95.08040618896484
2013-09-27,95.59061431884766
2013-09-30,96.47183990478516
2013-10-01,98.00238800048828
2013-10-03,99.62571716308594
2013-10-04,104.49568176269531
2013-10-07,103.10425567626953
2013-10-08,103.24339294433594
2013-10-09,103.01150512695312
2013-10-10,104.0782699584961
2013-10-11,104.40293884277344
2013-10-14,103.89271545410156
2013-10-15,104.35655975341797
2013-10-17,103.24339294433594
2013-10-18,104.91311645507812
2013-10-21,105.05223846435547
2013-10-22,105.2841567993164
2013-10-23,106.11901092529297
2013-10-24,109.22651672363281
2013-10-25,106.39729309082031
2013-10-28,105.05223846435547
2013-10-29,107.32492065429688
2013-10-30,106.62919616699219
2013-10-31,104.0782699584961
2013-11-01,106.72197723388672
2013-11-05,109.45843505859375
2013-11-06,106.62919616699219
2013-11-07,106.67557525634766
2013-11-08,107.60321044921875
2013-11-11,107.04663848876953
2013-11-12,106.72197723388672
2013-11-13,106.2581558227539
2013-11-14,106.72197723388672
2013-11-18,106.67557525634766
2013-11-19,107.09300231933594
2013-11-20,107.23216247558594
2013-11-21,108.62358093261719
2013-11-22,109.08735656738281
2013-11-25,108.99462127685547
2013-11-26,109.31925964355469
2013-11-27,122.58417510986328
2013-11-28,131.44285583496094
2013-11-29,132.8343048095703
2013-12-02,127.12948608398438
2013-12-03,123.32623291015625
2013-12-04,125.73805236816406
2013-12-05,125.08869171142578
2013-12-06,125.784423828125
2013-12-09,127.2685546875
2013-12-10,126.4337387084961
2013-12-11,126.10909271240234
2013-12-12,128.0570526123047
2013-12-13,129.91232299804688
2013-12-16,129.9586944580078
2013-12-17,130.23695373535156
2013-12-18,129.9586944580078
2013-12-19,129.9586944580078
2013-12-20,129.9586944580078
2013-12-23,131.67474365234375
2013-12-24,131.44285583496094
2013-12-26,134.4112091064453
2013-12-27,136.45199584960938
2013-12-30,134.6895294189453
2013-12-31,136.7302703857422
2014-01-01,137.379638671875
2014-01-02,132.46322631835938
2014-01-03,134.4575958251953
2014-01-06,137.84344482421875
2014-01-07,139.14205932617188
2014-01-08,142.15675354003906
2014-01-09,140.57984924316406
2014-01-10,137.5651092529297
2014-01-13,136.08091735839844
2014-01-14,133.437255859375
2014-01-15,133.62277221679688
2014-01-16,130.88626098632812
2014-01-17,132.0922088623047
2014-01-20,131.81390380859375
2014-01-21,130.56161499023438
2014-01-22,129.86590576171875
2014-01-23,130.00506591796875
2014-01-24,130.7935333251953
2014-01-27,126.4337387084961
2014-01-28,128.24261474609375
2014-01-29,126.24822235107422
2014-01-30,128.6600341796875
2014-01-31,126.89753723144531
2014-02-03,120.68254089355469
2014-02-04,120.58980560302734
2014-02-05,120.58980560302734
2014-02-06,119.43025970458984
2014-02-07,119.38387298583984
2014-02-10,120.54340362548828
2014-02-11,123.1091537475586
2014-02-12,122.22280883789062
2014-02-13,120.49677276611328
2014-02-14,121.2898178100586
2014-02-17,120.21686553955078
2014-02-18,121.8495864868164
2014-02-19,121.14984130859375
2014-02-20,120.3567886352539
2014-02-21,121.75630187988281
2014-02-24,120.9632568359375
2014-02-25,121.98954772949219
2014-02-26,122.87589263916016
2014-02-28,121.6163330078125
2014-03-03,122.22280883789062
2014-03-04,118.44415283203125
2014-03-05,120.49677276611328
2014-03-06,124.5552978515625
2014-03-07,130.9463653564453
2014-03-10,127.35429382324219
2014-03-11,128.80044555664062
2014-03-12,131.5061492919922
2014-03-13,126.18804168701172
2014-03-14,125.20841217041016
2014-03-18,122.54936218261719
2014-03-19,121.89625549316406
2014-03-20,123.1091537475586
2014-03-21,128.7537841796875
2014-03-24,127.40095520019531
2014-03-25,126.88780975341797
2014-03-26,130.0133514404297
2014-03-27,138.64356994628906
2014-03-28,136.59097290039062
2014-03-31,136.77755737304688
2014-04-01,140.8827667236328
2014-04-02,142.46885681152344
2014-04-03,138.92344665527344
2014-04-04,133.745361328125
2014-04-07,132.3458251953125
2014-04-09,133.9785919189453
2014-04-10,137.0108184814453
2014-04-11,134.53839111328125
2014-04-15,134.2584991455078
2014-04-16,129.64012145996094
2014-04-17,134.35179138183594
2014-04-21,131.5061492919922
2014-04-22,131.03965759277344
2014-04-23,130.0599365234375
2014-04-24,130.0599365234375
2014-04-25,129.78009033203125
2014-04-28,130.8997039794922
2014-04-29,131.6460723876953
2014-04-30,130.29324340820312
2014-05-02,132.29917907714844
2014-05-05,131.1329345703125
2014-05-06,139.38995361328125
2014-05-07,136.59097290039062
2014-05-08,134.95819091796875
2014-05-09,135.4713897705078
2014-05-12,131.03965759277344
2014-05-13,131.69273376464844
2014-05-14,134.35179138183594
2014-05-15,133.13890075683594
2014-05-16,133.23220825195312
2014-05-19,151.05245971679688
2014-05-20,167.79978942871094
2014-05-21,169.10595703125
2014-05-22,165.74717712402344
2014-05-23,165.37396240234375
2014-05-26,159.4027862548828
2014-05-27,157.86334228515625
2014-05-28,153.15167236328125
2014-05-29,153.57154846191406
2014-05-30,153.80477905273438
2014-06-02,155.99732971191406
2014-06-03,156.88372802734375
2014-06-04,162.5749969482422
2014-06-05,165.18739318847656
2014-06-06,168.91937255859375
2014-06-09,177.87615966796875
2014-06-10,178.01609802246094
2014-06-11,176.29005432128906
2014-06-12,167.0533447265625
2014-06-13,162.9015350341797
2014-06-16,159.4027862548828
2014-06-17,165.32736206054688
2014-06-18,165.00079345703125
2014-06-19,166.72682189941406
2014-06-20,158.28317260742188
2014-06-23,158.37649536132812
2014-06-24,156.65045166015625
2014-06-25,154.5045928955078
2014-06-26,153.9914093017578
2014-06-27,156.93035888671875
2014-06-30,161.1288299560547
2014-07-01,157.07028198242188
2014-07-02,158.00331115722656
2014-07-03,158.1432647705078
2014-07-04,172.74468994140625
2014-07-07,177.45632934570312
2014-07-08,169.71240234375
2014-07-09,169.38589477539062
2014-07-10,165.70054626464844
2014-07-11,159.9626007080078
2014-07-14,159.12289428710938
2014-07-15,159.54275512695312
2014-07-16,164.3010711669922
2014-07-17,168.55824279785156
2014-07-18,166.5465850830078
2014-07-21,167.7161407470703
2014-07-22,168.3711395263672
2014-07-23,166.2191162109375
2014-07-24,168.51148986816406
2014-07-25,162.61688232421875
2014-07-28,160.27769470214844
2014-07-30,155.88015747070312
2014-07-31,159.29527282714844
2014-08-01,156.95611572265625
2014-08-04,157.47073364257812
2014-08-05,165.7512664794922
2014-08-06,161.9151153564453
2014-08-07,172.8155059814453
2014-08-08,166.6401824951172
2014-08-11,171.2716522216797
2014-08-12,169.260009765625
2014-08-13,170.94418334960938
2014-08-14,175.38853454589844
2014-08-18,179.59898376464844
2014-08-19,177.82127380371094
2014-08-20,180.9556884765625
2014-08-21,182.1719970703125
2014-08-22,180.1136016845703
2014-08-25,176.55812072753906
2014-08-26,172.5815887451172
2014-08-27,172.95584106445312
2014-08-28,173.5640106201172
2014-09-01,169.86817932128906
2014-09-02,176.9791717529297
2014-09-03,181.6574249267578
2014-09-04,188.44090270996094
2014-09-05,186.6163787841797
2014-09-08,186.19537353515625
2014-09-09,186.80352783203125
2014-09-10,184.0901641845703
2014-09-11,189.70407104492188
2014-09-12,201.3529510498047
2014-09-15,198.2653045654297
2014-09-16,186.56959533691406
2014-09-17,190.0315399169922
2014-09-18,197.3764190673828
2014-09-19,194.19522094726562
2014-09-22,197.56358337402344
2014-09-23,197.04896545410156
2014-09-24,195.4583282470703
2014-09-25,188.1134796142578
2014-09-26,188.81520080566406
2014-09-29,188.1134796142578
2014-09-30,186.10177612304688
2014-10-01,183.62229919433594
2014-10-07,179.55221557617188
2014-10-08,181.98495483398438
2014-10-09,185.9146728515625
2014-10-10,181.75100708007812
2014-10-13,179.55221557617188
2014-10-14,178.5697479248047
2014-10-15,178.5697479248047
2014-10-16,180.20716857910156
2014-10-17,176.7452392578125
2014-10-20,175.9967498779297
2014-10-21,177.49378967285156
2014-10-22,180.25396728515625
2014-10-27,182.73342895507812
2014-10-28,180.8153839111328
2014-10-29,182.40597534179688
2014-10-30,181.75100708007812
2014-10-31,179.8796844482422
2014-11-03,177.0259246826172
2014-11-05,169.30677795410156
2014-11-07,166.9676513671875
2014-11-10,160.23094177246094
2014-11-11,162.05545043945312
2014-11-12,167.95010375976562
2014-11-13,161.07301330566406
2014-11-14,161.11984252929688
2014-11-17,158.96780395507812
2014-11-18,169.54071044921875
2014-11-19,163.78640747070312
2014-11-20,163.1314697265625
2014-11-21,162.9443359375
2014-11-24,162.71035766601562
2014-11-25,160.69879150390625
2014-11-26,163.41213989257812
2014-11-27,160.3245391845703
2014-11-28,161.6343994140625
2014-12-01,160.37127685546875
2014-12-02,158.4063720703125
2014-12-03,163.2718048095703
2014-12-04,163.31861877441406
2014-12-05,173.09619140625
2014-12-08,166.26589965820312
2014-12-09,162.47653198242188
2014-12-10,162.85073852539062
2014-12-11,164.48817443847656
2014-12-12,161.8683319091797
2014-12-15,161.77476501464844
2014-12-16,158.78062438964844
2014-12-17,162.33612060546875
2014-12-18,159.482421875
2014-12-19,159.76307678222656
2014-12-22,159.10813903808594
2014-12-23,156.67544555664062
2014-12-24,157.51751708984375
2014-12-26,160.37127685546875
2014-12-29,162.6636505126953
2014-12-30,162.61688232421875
2014-12-31,167.3419189453125
2015-01-01,169.353515625
2015-01-02,170.38278198242188
2015-01-05,167.2950897216797
2015-01-06,166.031982421875
2015-01-07,162.61688232421875
2015-01-08,166.35946655273438
2015-01-09,168.23077392578125
2015-01-12,164.9559783935547
2015-01-13,163.2250213623047
2015-01-14,162.85073852539062
2015-01-15,162.52330017089844
2015-01-16,156.4415283203125
2015-01-19,157.93858337402344
2015-01-20,163.833251953125
2015-01-21,163.87994384765625
2015-01-22,164.58172607421875
2015-01-23,164.02032470703125
2015-01-27,165.04953002929688
2015-01-28,163.78640747070312
2015-01-29,164.20745849609375
2015-01-30,167.43545532226562
2015-02-02,168.69863891601562
2015-02-03,176.3241729736328
2015-02-04,172.90907287597656
2015-02-05,173.14297485351562
2015-02-06,173.14297485351562
2015-02-09,173.80059814453125
2015-02-10,174.92791748046875
2015-02-11,173.94154357910156
2015-02-12,174.78701782226562
2015-02-13,173.80059814453125
2015-02-16,173.84756469726562
2015-02-18,176.2431640625
2015-02-19,174.41122436523438
2015-02-20,174.6460723876953
2015-02-23,174.55218505859375
2015-02-24,175.06886291503906
2015-02-25,173.80059814453125
2015-02-26,173.80059814453125
2015-02-27,173.80059814453125
2015-03-02,173.94154357910156
2015-03-03,173.80059814453125
2015-03-04,173.80059814453125
2015-03-05,173.80059814453125
2015-03-09,173.84756469726562
2015-03-10,171.17007446289062
2015-03-11,173.80059814453125
2015-03-12,183.85284423828125
2015-03-13,177.08871459960938
2015-03-16,178.68580627441406
2015-03-17,177.04171752929688
2015-03-18,174.03546142578125
2015-03-19,173.80059814453125
2015-03-20,173.80059814453125
2015-03-23,173.80059814453125
2015-03-24,173.80059814453125
2015-03-25,173.80059814453125
2015-03-26,173.89451599121094
2015-03-27,173.80059814453125
2015-03-30,174.0824432373047
2015-03-31,178.68580627441406
2015-04-01,178.4979248046875
2015-04-06,174.83399963378906
2015-04-07,174.97491455078125
2015-04-08,174.92791748046875
2015-04-09,175.49160766601562
2015-04-10,174.17636108398438
2015-04-13,169.85488891601562
2015-04-15,169.10330200195312
2015-04-16,172.62625122070312
2015-04-17,171.87469482421875
2015-04-20,169.85488891601562
2015-04-21,170.98220825195312
2015-04-22,170.08970642089844
2015-04-23,171.02920532226562
2015-04-24,169.10330200195312
2015-04-27,169.19723510742188
2015-04-28,169.19723510742188
2015-04-29,169.15028381347656
2015-04-30,169.38514709472656
2015-05-04,170.79429626464844
2015-05-05,174.5991668701172
2015-05-06,169.0093231201172
2015-05-07,165.8621368408203
2015-05-08,164.54684448242188
2015-05-11,164.54684448242188
2015-05-12,160.6481170654297
2015-05-13,162.5740203857422
2015-05-14,159.755615234375
2015-05-15,160.6011505126953
2015-05-18,159.99049377441406
2015-05-19,161.5405731201172
2015-05-20,162.9498291015625
2015-05-21,160.6481170654297
2015-05-22,158.67523193359375
2015-05-25,156.467529296875
2015-05-26,155.8568572998047
2015-05-27,155.52801513671875
2015-05-28,153.69607543945312
2015-05-29,151.44140625
2015-06-01,152.38082885742188
2015-06-02,150.1260986328125
2015-06-03,145.3348846435547
2015-06-04,143.1741180419922
2015-06-05,146.69711303710938
2015-06-08,150.2200927734375
2015-06-09,151.8641357421875
2015-06-10,151.0186309814453
2015-06-11,154.35374450683594
2015-06-12,154.0718994140625
2015-06-15,150.92465209960938
2015-06-16,152.28689575195312
2015-06-17,155.01132202148438
2015-06-18,158.4873809814453
2015-06-19,152.3338623046875
2015-06-22,154.02491760253906
2015-06-23,151.8641357421875
2015-06-24,154.0718994140625
2015-06-25,152.66265869140625
2015-06-26,155.99778747558594
2015-06-29,152.56875610351562
2015-06-30,157.92367553710938
2015-07-01,162.01034545898438
2015-07-02,158.4403533935547
2015-07-03,157.97067260742188
2015-07-06,157.31301879882812
2015-07-07,156.0447235107422
2015-07-08,155.01132202148438
2015-07-09,158.3934326171875
2015-07-10,155.52801513671875
2015-07-13,154.11883544921875
2015-07-14,157.50088500976562
2015-07-15,158.581298828125
2015-07-16,160.78900146484375
2015-07-17,159.0980224609375
2015-07-20,160.78900146484375
2015-07-21,159.23435974121094
2015-07-22,160.9774627685547
2015-07-23,164.51075744628906
2015-07-24,164.65211486816406
2015-07-27,162.95611572265625
2015-07-28,160.27084350585938
2015-07-29,162.06103515625
2015-07-30,170.11697387695312
2015-07-31,173.22625732421875
2015-08-03,171.6715850830078
2015-08-04,172.42538452148438
2015-08-05,176.90093994140625
2015-08-06,182.78973388671875
2015-08-07,178.1728973388672
2015-08-10,176.71246337890625
2015-08-11,168.18539428710938
2015-08-12,165.7356719970703
2015-08-13,164.46371459960938
2015-08-14,162.48504638671875
2015-08-17,163.0974884033203
2015-08-18,163.47433471679688
2015-08-19,161.82546997070312
2015-08-20,163.3330078125
2015-08-21,161.4014434814453
2015-08-24,158.95172119140625
2015-08-25,159.98817443847656
2015-08-26,159.46995544433594
2015-08-27,161.6370391845703
2015-08-28,160.83609008789062
2015-08-31,160.31793212890625
2015-09-01,158.2921600341797
2015-09-02,158.5748291015625
2015-09-03,159.28147888183594
2015-09-04,158.5277099609375
2015-09-07,155.18283081054688
2015-09-08,154.5233154296875
2015-09-09,154.66458129882812
2015-09-10,153.48683166503906
2015-09-11,155.13577270507812
2015-09-14,156.501953125
2015-09-15,154.05218505859375
2015-09-16,156.0779571533203
2015-09-18,157.1143798828125
2015-09-21,155.70106506347656
2015-09-22,153.2512969970703
2015-09-23,152.1206817626953
2015-09-24,152.49755859375
2015-09-28,147.78648376464844
2015-09-29,151.7437744140625
2015-09-30,150.37757873535156
2015-10-01,148.77578735351562
2015-10-05,151.13128662109375
2015-10-06,149.43533325195312
2015-10-07,150.04779052734375
2015-10-08,151.5082244873047
2015-10-09,153.1571044921875
2015-10-12,161.35435485839844
2015-10-13,168.46807861328125
2015-10-14,165.2645721435547
2015-10-15,164.22813415527344
2015-10-16,163.94546508789062
2015-10-19,161.919677734375
2015-10-20,162.24945068359375
2015-10-21,164.88766479492188
2015-10-23,166.34812927246094
2015-10-26,165.82986450195312
2015-10-27,164.69923400878906
2015-10-28,165.59432983398438
2015-10-29,165.82986450195312
2015-10-30,165.35877990722656
2015-11-02,168.9862823486328
2015-11-03,168.0440673828125
2015-11-04,166.44232177734375
2015-11-05,167.29031372070312
2015-11-06,165.12322998046875
2015-11-09,164.98190307617188
2015-11-10,165.4058837890625
2015-11-13,164.65211486816406
2015-11-16,165.64146423339844
2015-11-17,164.98190307617188
2015-11-18,165.54721069335938
2015-11-19,164.93478393554688
2015-11-20,164.93478393554688
2015-11-23,165.876953125
2015-11-24,164.88766479492188
2015-11-26,164.93478393554688
2015-11-27,164.98190307617188
2015-11-30,166.77212524414062
2015-12-01,172.14273071289062
2015-12-02,173.55606079101562
2015-12-03,167.14898681640625
2015-12-04,166.81924438476562
2015-12-07,171.53028869628906
2015-12-08,171.48318481445312
2015-12-09,169.74009704589844
2015-12-10,169.59877014160156
2015-12-11,177.79600524902344
2015-12-14,175.34629821777344
2015-12-15,172.5196075439453
2015-12-16,171.9542694091797
2015-12-17,173.69737243652344
2015-12-18,172.37828063964844
2015-12-21,171.2476043701172
2015-12-22,171.6715850830078
2015-12-23,172.0485076904297
2015-12-24,172.0013885498047
2015-12-28,171.62448120117188
2015-12-29,171.48318481445312
2015-12-30,173.36761474609375
2015-12-31,173.36761474609375
2016-01-01,175.1577911376953
2016-01-04,173.41470336914062
2016-01-05,174.12136840820312
2016-01-06,176.66534423828125
2016-01-07,176.1942596435547
2016-01-08,175.3933868408203
2016-01-11,172.6609344482422
2016-01-12,177.56045532226562
2016-01-13,174.78094482421875
2016-01-14,176.90093994140625
2016-01-15,173.41470336914062
2016-01-18,167.7143096923828
2016-01-19,168.46807861328125
2016-01-20,169.4573974609375
2016-01-21,169.59877014160156
2016-01-22,169.59877014160156
2016-01-25,162.01390075683594
2016-01-27,159.56414794921875
2016-01-28,159.98817443847656
2016-01-29,162.53211975097656
2016-02-01,162.7205810546875
2016-02-02,163.19163513183594
2016-02-03,161.2130126953125
2016-02-04,164.13389587402344
2016-02-05,170.63516235351562
2016-02-08,163.80410766601562
2016-02-09,163.75704956054688
2016-02-10,160.78900146484375
2016-02-11,155.18283081054688
2016-02-12,160.0352783203125
2016-02-15,159.46995544433594
2016-02-16,158.04818725585938
2016-02-17,157.71646118164062
2016-02-18,157.005615234375
2016-02-19,158.75906372070312
2016-02-22,156.8160400390625
2016-02-23,156.38951110839844
2016-02-24,156.38951110839844
2016-02-25,159.51731872558594
2016-02-26,160.1333770751953
2016-02-29,160.1807861328125
2016-03-01,159.61209106445312
2016-03-02,161.41294860839844
2016-03-03,165.72552490234375
2016-03-04,171.98109436035156
2016-03-08,166.81546020507812
2016-03-09,165.39376831054688
2016-03-10,166.24684143066406
2016-03-11,167.62118530273438
2016-03-14,164.7303466796875
2016-03-15,165.63072204589844
2016-03-16,164.96725463867188
2016-03-17,165.4425048828125
2016-03-18,164.25436401367188
2016-03-21,164.44448852539062
2016-03-22,163.066162109375
2016-03-23,164.87220764160156
2016-03-28,164.44448852539062
2016-03-29,163.3038330078125
2016-03-30,166.96343994140625
2016-03-31,166.77328491210938
2016-04-01,162.78102111816406
2016-04-04,163.58897399902344
2016-04-05,161.5928192138672
2016-04-06,162.5434112548828
2016-04-07,163.49392700195312
2016-04-08,164.4919891357422
2016-04-11,163.01861572265625
2016-04-12,165.49005126953125
2016-04-13,173.37957763671875
2016-04-18,181.31668090820312
2016-04-20,183.2652587890625
2016-04-21,191.01222229003906
2016-04-22,186.829833984375
2016-04-25,182.6474151611328
2016-04-26,184.31085205078125
2016-04-27,184.73863220214844
2016-04-28,182.98013305664062
2016-04-29,184.69107055664062
2016-05-02,183.02764892578125
2016-05-03,183.21775817871094
2016-05-04,181.60186767578125
2016-05-05,192.05783081054688
2016-05-06,189.87156677246094
2016-05-09,204.31985473632812
2016-05-10,201.42068481445312
2016-05-11,206.31600952148438
2016-05-12,208.59730529785156
2016-05-13,209.64295959472656
2016-05-16,206.791259765625
2016-05-17,207.1239776611328
2016-05-18,204.6050262451172
2016-05-19,200.4226531982422
2016-05-20,200.08995056152344
2016-05-23,200.565185546875
2016-05-24,199.66221618652344
2016-05-25,201.37319946289062
2016-05-26,201.9435272216797
2016-05-27,205.88827514648438
2016-05-30,212.5896453857422
2016-05-31,214.34815979003906
2016-06-01,213.96791076660156
2016-06-02,212.5896453857422
2016-06-03,210.73605346679688
2016-06-06,210.49842834472656
2016-06-07,213.73031616210938
2016-06-08,212.39947509765625
2016-06-09,208.5022735595703
2016-06-10,210.1182098388672
2016-06-13,205.27041625976562
2016-06-14,206.83883666992188
2016-06-15,208.97755432128906
2016-06-16,207.78941345214844
2016-06-17,204.7951202392578
2016-06-20,202.79896545410156
2016-06-21,202.32373046875
2016-06-22,205.88827514648438
2016-06-23,209.02508544921875
2016-06-24,206.26844787597656
2016-06-27,211.92425537109375
2016-06-28,215.44125366210938
2016-06-29,227.08543395996094
2016-06-30,227.2755889892578
2016-07-01,229.65191650390625
2016-07-04,236.0205841064453
2016-07-05,231.60052490234375
2016-07-07,223.99620056152344
2016-07-08,222.99807739257812
2016-07-11,224.23379516601562
2016-07-12,222.903076171875
2016-07-13,229.0815887451172
2016-07-14,238.96728515625
2016-07-15,232.59861755371094
2016-07-18,235.4502716064453
2016-07-19,234.2620849609375
2016-07-20,234.64234924316406
2016-07-21,233.64422607421875
2016-07-22,235.54530334472656
2016-07-25,244.24281311035156
2016-07-26,241.43869018554688
2016-07-27,240.1554412841797
2016-07-28,237.73158264160156
2016-07-29,242.9120330810547
2016-08-01,246.14389038085938
2016-08-02,247.04690551757812
2016-08-03,243.6724853515625
2016-08-04,239.9653778076172
2016-08-05,243.24472045898438
2016-08-08,253.7958221435547
2016-08-09,248.1875762939453
2016-08-10,245.52601623535156
2016-08-11,247.80734252929688
2016-08-12,253.4630126953125
2016-08-16,253.7958221435547
2016-08-17,253.17796325683594
2016-08-18,253.22543334960938
2016-08-19,267.1509704589844
2016-08-22,261.5902404785156
2016-08-23,258.8811950683594
2016-08-24,262.6834716796875
2016-08-25,261.9704895019531
2016-08-26,259.40399169921875
2016-08-29,256.45733642578125
2016-08-30,257.5505065917969
2016-08-31,260.5921630859375
2016-09-01,258.0257263183594
2016-09-02,258.59600830078125
2016-09-06,262.0179748535156
2016-09-07,263.25372314453125
2016-09-08,264.25177001953125
2016-09-09,257.122802734375
2016-09-12,251.18179321289062
2016-09-14,256.8375549316406
2016-09-15,254.17596435546875
2016-09-16,253.41555786132812
2016-09-19,260.116943359375
2016-09-20,257.5505065917969
2016-09-21,256.5049133300781
2016-09-22,261.2100830078125
2016-09-23,262.540771484375
2016-09-26,259.40399169921875
2016-09-27,256.1721496582031
2016-09-28,260.4496154785156
2016-09-29,250.6589813232422
2016-09-30,258.7386169433594
2016-10-03,262.82598876953125
2016-10-04,278.70013427734375
2016-10-05,274.4701843261719
2016-10-06,282.5498352050781
2016-10-07,278.93780517578125
2016-10-10,284.9261474609375
2016-10-13,268.909423828125
2016-10-14,272.66412353515625
2016-10-17,267.4360656738281
2016-10-18,266.3905334472656
2016-10-19,269.1946716308594
2016-10-20,270.09765625
2016-10-21,268.3866271972656
2016-10-24,274.8028869628906
2016-10-25,269.8600769042969
2016-10-26,267.5311584472656
2016-10-27,270.52532958984375
2016-10-28,267.91143798828125
2016-11-01,266.2004089355469
2016-11-02,257.7881164550781
2016-11-03,252.8452606201172
2016-11-04,253.22543334960938
2016-11-07,257.8356628417969
2016-11-08,252.8927764892578
2016-11-09,249.660888671875
2016-11-10,251.5619354248047
2016-11-11,245.47854614257812
2016-11-15,238.9197540283203
2016-11-16,238.25437927246094
2016-11-17,241.77139282226562
2016-11-18,242.7219696044922
2016-11-21,237.73158264160156
2016-11-22,239.15740966796875
2016-11-23,246.14389038085938
2016-11-24,247.28453063964844
2016-11-25,251.3718719482422
2016-11-28,243.95762634277344
2016-11-29,247.14198303222656
2016-11-30,253.5581512451172
2016-12-01,250.373779296875
2016-12-02,243.95762634277344
2016-12-05,245.47854614257812
2016-12-06,245.81118774414062
2016-12-07,244.4329376220703
2016-12-08,247.85487365722656
2016-12-09,244.52796936035156
2016-12-12,242.05654907226562
2016-12-13,244.6230010986328
2016-12-14,236.6859893798828
2016-12-15,228.93899536132812
2016-12-16,233.97686767578125
2016-12-19,232.93130493164062
2016-12-20,227.98849487304688
2016-12-21,230.31729125976562
2016-12-22,227.51318359375
2016-12-23,228.93899536132812
2016-12-26,228.84393310546875
2016-12-27,233.31150817871094
2016-12-28,231.03021240234375
2016-12-29,231.2678680419922
2016-12-30,235.40274047851562
2017-01-02,237.96923828125
2017-01-03,241.24859619140625
2017-01-04,238.34939575195312
2017-01-05,242.15158081054688
2017-01-06,241.01097106933594
2017-01-09,244.1952667236328
2017-01-10,241.96151733398438
2017-01-11,251.46694946289062
2017-01-12,245.71617126464844
2017-01-13,243.007080078125
2017-01-16,243.1971893310547
2017-01-17,239.9653778076172
2017-01-18,241.5337677001953
2017-01-19,238.0166778564453
2017-01-20,236.16314697265625
2017-01-23,236.638427734375
2017-01-24,236.9711151123047
2017-01-25,241.43869018554688
2017-01-27,243.5299072265625
2017-01-30,244.05270385742188
2017-01-31,242.34170532226562
2017-02-01,248.4727325439453
2017-02-02,248.520263671875
2017-02-03,244.81312561035156
2017-02-06,248.85299682617188
2017-02-07,247.474609375
2017-02-08,250.56394958496094
2017-02-09,254.8888702392578
2017-02-10,250.6589813232422
2017-02-13,247.09446716308594
2017-02-14,250.14796447753906
2017-02-15,245.28140258789062
2017-02-16,250.05250549316406
2017-02-17,249.8616180419922
2017-02-20,249.52767944335938
2017-02-21,248.62120056152344
2017-02-22,246.71275329589844
2017-02-23,245.94937133789062
2017-02-27,244.23182678222656
2017-02-28,244.04092407226562
2017-03-01,249.8616180419922
2017-03-02,251.43606567382812
2017-03-03,251.77012634277344
2017-03-06,249.52767944335938
2017-03-07,247.38070678710938
2017-03-08,244.7089385986328
2017-03-09,245.3768768310547
2017-03-10,243.80239868164062
2017-03-14,242.4665069580078
2017-03-15,257.44769287109375
2017-03-16,258.49737548828125
2017-03-17,254.1557159423828
2017-03-20,257.5431213378906
2017-03-21,255.77781677246094
2017-03-22,258.06793212890625
2017-03-23,256.97064208984375
2017-03-24,267.37152099609375
2017-03-27,272.1426696777344
2017-03-28,271.6177978515625
2017-03-29,275.05303955078125
2017-03-30,273.4308166503906
2017-03-31,277.1999816894531
2017-04-03,277.72479248046875
2017-04-05,285.740234375
2017-04-06,287.5532531738281
2017-04-07,284.976806640625
2017-04-10,286.40814208984375
2017-04-11,285.8356018066406
2017-04-12,286.4559326171875
2017-04-13,281.44622802734375
2017-04-17,282.7344665527344
2017-04-18,278.63128662109375
2017-04-19,279.01300048828125
2017-04-20,280.44427490234375
2017-04-21,280.4920349121094
2017-04-24,281.1123352050781
2017-04-25,279.5855712890625
2017-04-26,277.3431091308594
2017-04-27,278.29730224609375
2017-04-28,279.2992858886719
2017-05-02,278.4881896972656
2017-05-03,279.6809387207031
2017-05-04,283.5932312011719
2017-05-05,278.7266845703125
2017-05-08,278.4404296875
2017-05-09,283.97491455078125
2017-05-10,282.4481201171875
2017-05-11,282.59130859375
2017-05-12,281.49395751953125
2017-05-15,295.0915832519531
2017-05-16,297.6202392578125
2017-05-17,297.2385559082031
2017-05-18,289.36627197265625
2017-05-19,283.97491455078125
2017-05-22,281.9710998535156
2017-05-23,280.4920349121094
2017-05-24,275.3869934082031
2017-05-25,276.62738037109375
2017-05-26,282.9729919433594
2017-05-29,280.5874328613281
2017-05-30,286.9330749511719
2017-05-31,286.8375244140625
2017-06-01,284.7860107421875
2017-06-02,284.0226135253906
2017-06-05,284.3089294433594
2017-06-06,282.829833984375
2017-06-07,282.11419677734375
2017-06-08,279.537841796875
2017-06-09,288.03033447265625
2017-06-12,297.4293518066406
2017-06-13,306.25592041015625
2017-06-14,317.94512939453125
2017-06-15,321.5233459472656
2017-06-16,320.8076477050781
2017-06-19,316.943115234375
2017-06-20,314.98699951171875
2017-06-21,316.275146484375
2017-06-22,314.93927001953125
2017-06-23,316.22747802734375
2017-06-27,310.40673828125
2017-06-28,308.0688781738281
2017-06-29,307.3532409667969
2017-06-30,310.3590087890625
2017-07-03,315.51177978515625
2017-07-04,315.9888610839844
2017-07-05,314.6053161621094
2017-07-06,318.8515625
2017-07-07,326.96240234375
2017-07-10,324.6722717285156
2017-07-11,322.0481262207031
2017-07-12,325.4833984375
2017-07-13,328.6799621582031
2017-07-14,333.3556823730469
2017-07-17,331.3995056152344
2017-07-18,331.3040466308594
2017-07-19,337.4587097167969
2017-07-20,335.11602783203125
2017-07-21,341.4271545410156
2017-07-24,340.9490966796875
2017-07-25,333.8728332519531
2017-07-26,332.7731628417969
2017-07-27,329.13946533203125
2017-07-28,333.9684753417969
2017-07-31,324.3103942871094
2017-08-01,322.1588439941406
2017-08-02,319.3857727050781
2017-08-03,320.4854431152344
2017-08-04,322.7803649902344
2017-08-07,321.6329040527344
2017-08-08,319.6726379394531
2017-08-09,323.06732177734375
2017-08-10,313.2657470703125
2017-08-11,313.4091796875
2017-08-14,325.6490478515625
2017-08-16,325.1709899902344
2017-08-17,330.33477783203125
2017-08-18,322.8760070800781
2017-08-21,321.8241882324219
2017-08-22,320.72454833984375
2017-08-23,323.78448486328125
2017-08-24,319.6726379394531
2017-08-28,329.5697326660156
2017-08-29,330.5738525390625
2017-08-30,336.55035400390625
2017-08-31,337.8411865234375
2017-09-01,334.0641174316406
2017-09-04,327.8006896972656
2017-09-05,328.9960021972656
2017-09-06,325.8404235839844
2017-09-07,329.61761474609375
2017-09-08,331.5301208496094
2017-09-11,329.9521789550781
2017-09-12,334.6856994628906
2017-09-13,332.4862976074219
2017-09-14,343.05279541015625
2017-09-15,336.0722351074219
2017-09-18,332.6297912597656
2017-09-19,334.8769226074219
2017-09-20,334.0162658691406
2017-09-21,330.14349365234375
2017-09-22,314.7957763671875
2017-09-25,312.21392822265625
2017-09-26,309.4408264160156
2017-09-27,301.4083251953125
2017-09-28,302.8905029296875
2017-09-29,303.8467712402344
2017-10-03,301.50396728515625
2017-10-04,303.8945617675781
2017-10-05,302.6036682128906
2017-10-06,312.6441955566406
2017-10-09,315.2260437011719
2017-10-10,315.84759521484375
2017-10-11,311.4967346191406
2017-10-12,309.87109375
2017-10-13,310.3970031738281
2017-10-16,314.60455322265625
2017-10-17,313.50482177734375
2017-10-18,309.0105285644531
2017-10-19,317.66448974609375
2017-10-23,320.2463073730469
2017-10-24,329.0916442871094
2017-10-25,330.7650146484375
2017-10-26,329.4740905761719
2017-10-27,330.095703125
2017-10-30,330.7173156738281
2017-10-31,345.4912109375
2017-11-01,345.4434509277344
2017-11-02,351.41998291015625
2017-11-03,349.985595703125
2017-11-06,351.802490234375
2017-11-07,342.9571228027344
2017-11-08,338.9887390136719
2017-11-09,357.8746337890625
2017-11-10,357.8267822265625
2017-11-13,354.6711730957031
2017-11-14,353.85833740234375
2017-11-15,361.5082702636719
2017-11-16,360.07391357421875
2017-11-17,359.1178283691406
2017-11-20,359.0698547363281
2017-11-21,363.94671630859375
2017-11-22,363.99456787109375
2017-11-23,367.2457275390625
2017-11-24,369.77984619140625
2017-11-27,363.94671630859375
2017-11-28,363.8033447265625
2017-11-29,364.3293151855469
2017-11-30,363.4207763671875
2017-12-01,365.18975830078125
2017-12-04,372.02703857421875
2017-12-05,366.38519287109375
2017-12-06,363.3730163574219
2017-12-07,367.00677490234375
2017-12-08,370.25799560546875
2017-12-11,364.3293151855469
2017-12-12,364.13800048828125
2017-12-13,363.51641845703125
2017-12-14,360.8389892578125
2017-12-15,360.55206298828125
2017-12-18,363.7077331542969
2017-12-19,363.4686584472656
2017-12-20,363.13397216796875
2017-12-21,361.55615234375
2017-12-22,363.8989562988281
2017-12-26,361.4127197265625
2017-12-27,362.1298522949219
2017-12-28,364.7596130371094
2017-12-29,359.69146728515625
2018-01-01,357.396484375
2018-01-02,357.92242431640625
2018-01-03,373.700439453125
2018-01-04,402.1008605957031
2018-01-05,400.0450134277344
2018-01-08,397.22406005859375
2018-01-09,398.1802673339844
2018-01-10,396.8415832519531
2018-01-11,395.7418518066406
2018-01-12,386.7053527832031
2018-01-15,392.681884765625
2018-01-16,382.2588806152344
2018-01-17,382.3066101074219
2018-01-18,373.60479736328125
2018-01-19,373.5570068359375
2018-01-22,378.5295104980469
2018-01-23,373.5570068359375
2018-01-24,375.6607360839844
2018-01-25,373.8916931152344
2018-01-29,372.9354248046875
2018-01-30,365.7158203125
2018-01-31,354.145263671875
2018-02-01,359.9783935546875
2018-02-02,349.6988220214844
2018-02-05,343.2918701171875
2018-02-06,338.74969482421875
2018-02-07,338.74969482421875
2018-02-08,341.7140808105469
2018-02-09,344.9175720214844
2018-02-12,351.13311767578125
2018-02-14,345.3478088378906
2018-02-15,337.2675476074219
2018-02-16,335.45062255859375
2018-02-19,338.9887390136719
2018-02-20,346.1127624511719
2018-02-21,343.1005859375
2018-02-22,339.4669189453125
2018-02-23,342.2478332519531
2018-02-26,343.830078125
2018-02-27,340.32989501953125
2018-02-28,334.91192626953125
2018-03-01,330.740478515625
2018-03-05,323.2607116699219
2018-03-06,336.06268310546875
2018-03-07,330.40478515625
2018-03-08,335.53515625
2018-03-09,332.9939880371094
2018-03-12,330.8842468261719
2018-03-13,336.6379089355469
2018-03-14,330.740478515625
2018-03-15,334.4324035644531
2018-03-16,333.66522216796875
2018-03-19,324.4114074707031
2018-03-20,328.8225402832031
2018-03-21,327.096435546875
2018-03-22,330.1171875
2018-03-23,323.16485595703125
2018-03-26,326.1375732421875
2018-03-27,337.74078369140625
2018-03-28,333.13787841796875
2018-04-02,336.1105651855469
2018-04-03,349.5837707519531
2018-04-04,355.5292053222656
2018-04-05,356.91973876953125
2018-04-06,353.13189697265625
2018-04-09,348.6248474121094
2018-04-10,346.4192810058594
2018-04-11,347.2823181152344
2018-04-12,343.1588439941406
2018-04-13,342.4396057128906
2018-04-16,347.5220031738281
2018-04-17,353.2757873535156
2018-04-18,343.78216552734375
2018-04-19,344.8849182128906
2018-04-20,351.02215576171875
2018-04-23,351.0700988769531
2018-04-24,353.46746826171875
2018-04-25,343.9259338378906
2018-04-26,345.2205810546875
2018-04-27,348.7686767578125
2018-04-30,361.76239013671875
2018-05-02,353.0359191894531
2018-05-03,348.1452941894531
2018-05-04,360.4198303222656
2018-05-07,355.0018005371094
2018-05-08,358.2143249511719
2018-05-09,353.7551574707031
2018-05-10,350.2550048828125
2018-05-11,350.5907287597656
2018-05-14,346.7549133300781
2018-05-15,343.1588439941406
2018-05-16,342.05609130859375
2018-05-17,334.384521484375
2018-05-18,330.9801940917969
2018-05-21,313.8150634765625
2018-05-22,321.1990051269531
2018-05-23,321.63055419921875
2018-05-24,315.8768005371094
2018-05-25,330.6446228027344
2018-05-28,335.67901611328125
2018-05-29,335.8229064941406
2018-05-30,335.77496337890625
2018-05-31,334.28863525390625
2018-06-01,323.2127685546875
2018-06-04,317.7467346191406
2018-06-05,312.71234130859375
2018-06-06,314.2466125488281
2018-06-07,318.4660339355469
2018-06-08,319.8564758300781
2018-06-11,318.22625732421875
2018-06-12,325.56219482421875
2018-06-13,321.4386901855469
2018-06-14,319.1851806640625
2018-06-15,316.308349609375
2018-06-18,316.5959777832031
2018-06-19,320.14410400390625
2018-06-20,317.6508483886719
2018-06-21,312.47259521484375
2018-06-22,317.6508483886719
2018-06-25,315.4453430175781
2018-06-26,316.5001220703125
2018-06-27,307.725830078125
2018-06-28,306.5750427246094
2018-06-29,303.88995361328125
2018-07-02,304.9927673339844
2018-07-03,305.95166015625
2018-07-04,306.43115234375
2018-07-05,305.75994873046875
2018-07-06,310.31500244140625
2018-07-09,315.9727783203125
2018-07-10,327.8636474609375
2018-07-11,323.93194580078125
2018-07-12,331.2679443359375
2018-07-13,323.644287109375
2018-07-16,311.7533874511719
2018-07-17,319.04132080078125
2018-07-18,316.11651611328125
2018-07-19,310.55462646484375
2018-07-20,306.9106140136719
2018-07-23,316.4521789550781
2018-07-24,331.69940185546875
2018-07-25,343.8260192871094
2018-07-26,337.0889892578125
2018-07-27,344.9327697753906
2018-07-30,356.09686279296875
2018-07-31,357.1073913574219
2018-08-01,362.9781799316406
2018-08-02,355.9525146484375
2018-08-03,365.8654479980469
2018-08-06,348.87872314453125
2018-08-07,340.98675537109375
2018-08-08,339.6876220703125
2018-08-09,338.4364318847656
2018-08-10,337.1371154785156
2018-08-13,332.6137390136719
2018-08-14,337.85894775390625
2018-08-16,336.1265563964844
2018-08-17,341.3717956542969
2018-08-20,344.8846130371094
2018-08-21,355.7119140625
2018-08-23,356.0487365722656
2018-08-24,351.0922546386719
2018-08-27,352.6321716308594
2018-08-28,358.3585205078125
2018-08-29,360.3796691894531
2018-08-30,355.7119140625
2018-08-31,357.15557861328125
2018-09-03,362.2563171386719
2018-09-04,358.4066467285156
2018-09-05,355.9525146484375
2018-09-06,357.15557861328125
2018-09-07,357.2037048339844
2018-09-10,357.9254455566406
2018-09-11,370.53326416015625
2018-09-12,373.17987060546875
2018-09-14,369.90765380859375
2018-09-17,365.6249084472656
2018-09-18,363.26690673828125
2018-09-19,361.9676513671875
2018-09-21,368.4640197753906
2018-09-24,364.03692626953125
2018-09-25,360.6203308105469
2018-09-26,368.5602722167969
2018-09-27,370.05206298828125
2018-09-28,370.5813293457031
2018-10-01,375.00848388671875
2018-10-03,355.2306823730469
2018-10-04,338.72509765625
2018-10-05,320.294677734375
2018-10-08,321.8346252441406
2018-10-09,321.593994140625
2018-10-10,345.26953125
2018-10-11,345.029052734375
2018-10-12,356.578125
2018-10-15,353.83514404296875
2018-10-16,352.102783203125
2018-10-17,351.2847595214844
2018-10-19,354.7494812011719
2018-10-22,349.648681640625
2018-10-23,351.18853759765625
2018-10-24,351.95849609375
2018-10-25,356.9149169921875
2018-10-26,348.30120849609375
2018-10-29,347.3869323730469
2018-10-30,349.4079284667969
2018-10-31,348.63812255859375
2018-11-01,344.1628723144531
2018-11-02,348.63812255859375
2018-11-05,345.1733093261719
2018-11-06,344.7402648925781
2018-11-07,344.1628723144531
2018-11-09,341.4198913574219
2018-11-12,347.9643859863281
2018-11-13,348.01251220703125
2018-11-14,345.4139709472656
2018-11-15,340.07257080078125
2018-11-16,344.3071594238281
2018-11-19,340.2649841308594
2018-11-20,340.36126708984375
2018-11-21,340.2169189453125
2018-11-22,345.99139404296875
2018-11-26,353.83514404296875
2018-11-27,347.53131103515625
2018-11-28,343.104248046875
2018-11-29,345.89520263671875
2018-11-30,348.63812255859375
2018-12-03,337.23333740234375
2018-12-04,337.18524169921875
2018-12-05,335.4528503417969
2018-12-06,333.14306640625
2018-12-07,334.2498474121094
2018-12-10,328.571533203125
2018-12-11,324.9143371582031
2018-12-12,345.3658752441406
2018-12-13,341.70867919921875
2018-12-14,339.63946533203125
2018-12-17,340.7944030761719
2018-12-18,351.8622741699219
2018-12-19,349.2155456542969
2018-12-20,345.6064758300781
2018-12-21,343.4891357421875
2018-12-24,342.6229553222656
2018-12-26,335.2123107910156
2018-12-27,343.97039794921875
2018-12-28,344.7402648925781
2018-12-31,341.70867919921875
2019-01-01,347.0501403808594
2019-01-02,347.9162902832031
2019-01-03,350.7554626464844
2019-01-04,352.2471618652344
2019-01-07,359.6097106933594
2019-01-08,351.2366638183594
2019-01-09,351.9103088378906
2019-01-10,352.102783203125
2019-01-11,347.29071044921875
2019-01-14,347.53131103515625
2019-01-15,348.83062744140625
2019-01-16,346.953857421875
2019-01-17,349.744873046875
2019-01-18,346.3763732910156
2019-01-21,347.29071044921875
2019-01-22,345.558349609375
2019-01-23,347.43505859375
2019-01-24,346.8094787597656
2019-01-25,346.3763732910156
2019-01-28,343.4410095214844
2019-01-29,339.92816162109375
2019-01-30,338.4364318847656
2019-01-31,336.319091796875
2019-02-01,338.19573974609375
2019-02-04,335.3084716796875
2019-02-05,331.362548828125
2019-02-06,325.4918212890625
2019-02-07,337.32965087890625
2019-02-08,341.13116455078125
2019-02-11,333.04681396484375
2019-02-12,329.4219970703125
2019-02-14,336.91326904296875
2019-02-15,334.5934143066406
2019-02-18,336.526611328125
2019-02-19,336.3816833496094
2019-02-20,333.62677001953125
2019-02-21,334.15838623046875
2019-02-22,333.53009033203125
2019-02-25,334.1100769042969
2019-02-26,338.169921875
2019-02-27,347.5460510253906
2019-02-28,359.53204345703125
2019-03-01,368.1349182128906
2019-03-05,373.83795166015625
2019-03-06,369.3431701660156
2019-03-07,369.2464904785156
2019-03-08,370.9864501953125
2019-03-11,377.2694396972656
2019-03-12,375.2394714355469
2019-03-13,369.29486083984375
2019-03-14,364.6067810058594
2019-03-15,368.66656494140625
2019-03-18,356.7288818359375
2019-03-19,349.8175354003906
2019-03-20,346.77276611328125
2019-03-22,356.6805114746094
2019-03-25,364.3167724609375
2019-03-26,366.5883483886719
2019-03-27,372.2430114746094
2019-03-28,375.481201171875
2019-04-01,399.0182189941406
2019-04-02,392.4935302734375
2019-04-03,381.86077880859375
2019-04-04,376.20611572265625
2019-04-05,372.4363708496094
2019-04-08,375.2394714355469
2019-04-09,368.4248962402344
2019-04-10,367.313232421875
2019-04-11,367.1683044433594
2019-04-12,366.5883483886719
2019-04-15,364.3650817871094
2019-04-16,361.27197265625
2019-04-18,361.3686218261719
2019-04-22,360.1603698730469
2019-04-23,360.4020080566406
2019-04-24,360.4020080566406
2019-04-25,355.85894775390625
2019-04-26,357.9854736328125
2019-04-30,347.98101806640625
2019-05-02,346.4827880859375
2019-05-03,343.2929382324219
2019-05-06,342.95458984375
2019-05-07,347.062744140625
2019-05-08,342.85797119140625
2019-05-09,343.2445983886719
2019-05-10,342.22967529296875
2019-05-13,342.22967529296875
2019-05-14,341.1180419921875
2019-05-15,349.96258544921875
2019-05-16,347.352783203125
2019-05-17,346.57940673828125
2019-05-20,357.69549560546875
2019-05-21,347.9327392578125
2019-05-22,342.13299560546875
2019-05-23,341.601318359375
2019-05-24,353.2007141113281
2019-05-27,363.0601806640625
2019-05-28,366.2983703613281
2019-05-29,365.66998291015625
2019-05-30,363.4951477050781
2019-05-31,364.02679443359375
2019-06-03,363.93011474609375
2019-06-04,362.1418762207031
2019-06-06,354.6989440917969
2019-06-07,354.5539855957031
2019-06-10,356.6322021484375
2019-06-11,347.014404296875
2019-06-12,343.0995788574219
2019-06-13,335.02838134765625
2019-06-14,334.54510498046875
2019-06-17,327.58538818359375
2019-06-18,320.81915283203125
2019-06-19,324.58892822265625
2019-06-20,328.745361328125
2019-06-21,332.0318908691406
2019-06-24,335.6567077636719
2019-06-25,349.2859802246094
2019-06-26,347.9327392578125
2019-06-27,345.4195556640625
2019-06-28,345.22613525390625
2019-07-01,343.4379577636719
2019-07-02,341.5531005859375
2019-07-03,340.9247741699219
2019-07-04,338.3149108886719
2019-07-05,343.4379577636719
2019-07-08,334.6417236328125
2019-07-09,335.4150390625
2019-07-10,334.4967346191406
2019-07-11,338.5081481933594
2019-07-12,340.7796936035156
2019-07-15,328.1654357910156
2019-07-16,328.60040283203125
2019-07-17,324.057373046875
2019-07-18,319.9491882324219
2019-07-19,312.0229187011719
2019-07-22,323.86151123046875
2019-07-23,333.080078125
2019-07-24,329.68377685546875
2019-07-25,324.9289245605469
2019-07-26,323.618896484375
2019-07-29,319.30072021484375
2019-07-30,308.2870788574219
2019-07-31,319.98004150390625
2019-08-01,306.1521911621094
2019-08-02,298.5833435058594
2019-08-05,273.0140686035156
2019-08-06,281.7958984375
2019-08-07,286.0655517578125
2019-08-08,287.4240417480469
2019-08-09,276.41033935546875
2019-08-13,267.3373718261719
2019-08-14,269.4236145019531
2019-08-16,273.25665283203125
2019-08-19,272.0921936035156
2019-08-20,270.6851501464844
2019-08-21,266.36700439453125
2019-08-22,261.8547668457031
2019-08-23,262.048828125
2019-08-26,268.744384765625
2019-08-27,276.5558776855469
2019-08-28,276.31329345703125
2019-08-29,273.5963134765625
2019-08-30,274.2270202636719
2019-09-03,274.42108154296875
2019-09-04,272.77142333984375
2019-09-05,273.8873596191406
2019-09-06,281.26214599609375
2019-09-09,278.01153564453125
2019-09-11,294.7503662109375
2019-09-12,283.1059265136719
2019-09-13,288.1518249511719
2019-09-16,281.4078063964844
2019-09-17,278.3511047363281
2019-09-18,282.2325744628906
2019-09-19,279.0303039550781
2019-09-20,300.13592529296875
2019-09-23,321.58111572265625
2019-09-24,312.750732421875
2019-09-25,296.5940856933594
2019-09-26,293.4888916015625
2019-09-27,290.1896057128906
2019-09-30,291.5966796875
2019-10-01,285.48333740234375
2019-10-03,290.9659729003906
2019-10-04,285.2892761230469
2019-10-07,278.3995666503906
2019-10-09,282.5721740722656
2019-10-10,278.20556640625
2019-10-11,281.8929748535156
2019-10-14,279.4670104980469
2019-10-15,277.5262756347656
2019-10-16,277.8174133300781
2019-10-17,290.9659729003906
2019-10-18,299.60223388671875
2019-10-22,291.9847717285156
2019-10-23,295.33258056640625
2019-10-24,291.6937561035156
2019-10-25,287.2300109863281
2019-10-27,292.858154296875
2019-10-29,293.0522155761719
2019-10-30,303.8233337402344
2019-10-31,311.1496887207031
2019-11-01,316.8263244628906
2019-11-04,311.0525817871094
2019-11-05,302.8044128417969
2019-11-06,299.9903869628906
2019-11-07,297.9526062011719
2019-11-08,298.6803894042969
2019-11-11,300.3299865722656
2019-11-13,299.69921875
2019-11-14,301.0577087402344
2019-11-15,301.3003234863281
2019-11-18,296.0118103027344
2019-11-19,298.6803894042969
2019-11-20,297.4188537597656
2019-11-21,296.5940856933594
2019-11-22,299.9903869628906
2019-11-25,309.4515380859375
2019-11-26,315.1282043457031
2019-11-27,310.6643981933594
2019-11-28,307.6077575683594
2019-11-29,318.52447509765625
2019-12-02,320.9019470214844
2019-12-03,320.0770568847656
2019-12-04,317.8451232910156
2019-12-05,314.206298828125
2019-12-06,314.4974365234375
2019-12-09,306.7344970703125
2019-12-10,310.80999755859375
2019-12-11,310.80999755859375
2019-12-12,312.3625793457031
2019-12-13,315.4192199707031
2019-12-16,317.1174011230469
2019-12-17,316.6322021484375
2019-12-18,316.92340087890625
2019-12-19,317.1174011230469
2019-12-20,314.9825744628906
2019-12-23,312.750732421875
2019-12-24,312.7991943359375
2019-12-26,313.2844543457031
2019-12-27,313.2844543457031
2019-12-30,310.76153564453125
2019-12-31,310.9070129394531
2020-01-01,306.7344970703125
2020-01-02,311.0525817871094
2020-01-03,319.68896484375
2020-01-06,317.2144470214844
2020-01-07,315.5648498535156
2020-01-08,318.76702880859375
2020-01-09,317.8451232910156
2020-01-10,320.51373291015625
2020-01-13,318.4759826660156
2020-01-14,323.5704650878906
2020-01-15,324.73486328125
2020-01-16,327.6459045410156
2020-01-17,329.4896545410156
2020-01-20,327.0636901855469
2020-01-21,326.2874450683594
2020-01-22,326.7726135253906
2020-01-23,325.22003173828125
2020-01-24,330.60565185546875
2020-01-27,337.93194580078125
2020-01-28,336.0882263183594
2020-01-29,333.6137390136719
2020-01-30,329.68377685546875
2020-01-31,323.86151123046875
2020-02-03,320.65924072265625
2020-02-04,321.4355773925781
2020-02-05,321.58111572265625
2020-02-06,318.28192138671875
2020-02-07,323.2792663574219
2020-02-10,323.4733581542969
2020-02-11,327.40338134765625
2020-02-12,333.8563537597656
2020-02-13,331.28485107421875
2020-02-14,328.1796569824219
2020-02-17,325.996337890625
2020-02-18,330.07183837890625
2020-02-19,333.37115478515625
2020-02-20,337.7378234863281
2020-02-24,333.0315246582031
2020-02-25,333.1285705566406
2020-02-26,325.1715087890625
2020-02-27,327.8885498046875
2020-02-28,315.6133728027344
2020-03-02,317.60260009765625
2020-03-03,317.36004638671875
2020-03-04,310.607666015625
2020-03-05,308.2100524902344
2020-03-06,298.2773132324219
2020-03-09,292.6503601074219
2020-03-11,288.1977233886719
2020-03-12,259.5736999511719
2020-03-13,254.0446014404297
2020-03-16,243.6224822998047
2020-03-17,236.87017822265625
2020-03-18,229.48170471191406
2020-03-19,222.2889862060547
2020-03-20,218.86390686035156
2020-03-23,184.36825561523438
2020-03-24,184.0257568359375
2020-03-25,190.63128662109375
2020-03-26,192.7353057861328
2020-03-27,203.49990844726562
2020-03-30,209.42042541503906
2020-03-31,217.24925231933594
2020-04-01,217.93423461914062
2020-04-03,214.460205078125
2020-04-07,215.8302459716797
2020-04-08,214.99844360351562
2020-04-09,216.41741943359375
2020-04-13,214.60699462890625
2020-04-15,211.76905822753906
2020-04-16,214.85165405273438
2020-04-17,224.68661499023438
2020-04-20,233.4939727783203
2020-04-21,218.57032775878906
2020-04-22,219.20645141601562
2020-04-23,218.22784423828125
2020-04-24,211.32870483398438
2020-04-27,211.52438354492188
2020-04-28,213.1390838623047
2020-04-29,213.38372802734375
2020-04-30,216.51527404785156
2020-05-04,208.53968811035156
2020-05-05,208.83326721191406
2020-05-06,208.44180297851562
2020-05-07,208.7354278564453
2020-05-08,208.2950439453125
2020-05-11,209.3225555419922
2020-05-12,207.8057403564453
2020-05-13,209.9097137451172
2020-05-14,205.1634979248047
2020-05-15,206.3378143310547
2020-05-18,199.73228454589844
2020-05-19,199.73228454589844
2020-05-20,200.7108612060547
2020-05-21,201.49378967285156
2020-05-22,200.4662322998047
2020-05-26,201.39590454101562
2020-05-27,211.4754638671875
2020-05-28,217.39599609375
2020-05-29,217.73851013183594
2020-06-01,223.41441345214844
2020-06-02,225.46945190429688
2020-06-03,230.80284118652344
2020-06-04,239.41448974609375
2020-06-05,238.43589782714844
2020-06-08,237.50624084472656
2020-06-09,239.12094116210938
2020-06-10,239.95272827148438
2020-06-11,241.07814025878906
2020-06-12,241.665283203125
2020-06-15,241.95884704589844
2020-06-16,233.2003936767578
2020-06-17,235.64691162109375
2020-06-18,237.9955596923828
2020-06-19,259.3289794921875
2020-06-22,256.05072021484375
2020-06-23,256.9314270019531
2020-06-24,258.39935302734375
2020-06-25,262.313720703125
2020-06-26,267.4024963378906
2020-06-29,269.3597106933594
2020-06-30,272.39324951171875
2020-07-01,270.3871765136719
2020-07-02,267.4024963378906
2020-07-03,262.9988098144531
2020-07-06,260.160888671875
2020-07-07,254.33819580078125
2020-07-08,251.84271240234375
2020-07-09,245.04147338867188
2020-07-10,250.7663116455078
2020-07-13,244.40538024902344
2020-07-14,238.43589782714844
2020-07-15,234.7661590576172
2020-07-16,234.1300811767578
2020-07-17,235.50013732910156
2020-07-20,235.10867309570312
2020-07-21,228.11170959472656
2020-07-22,235.25546264648438
2020-07-23,234.91294860839844
2020-07-24,239.41448974609375
2020-07-27,235.15762329101562
2020-07-28,234.9618682861328
2020-07-29,233.10252380371094
2020-07-30,236.28297424316406
2020-07-31,242.7906951904297
2020-08-03,238.72950744628906
2020-08-04,238.77845764160156
2020-08-05,236.1851348876953
2020-08-06,238.8762969970703
2020-08-07,238.28912353515625
2020-08-10,242.6928253173828
2020-08-11,246.55831909179688
2020-08-12,248.6133575439453
2020-08-13,251.6959686279297
2020-08-14,247.9772491455078
2020-08-17,246.65615844726562
2020-08-18,248.221923828125
2020-08-19,248.41763305664062
2020-08-20,261.33514404296875
2020-08-21,274.3505554199219
2020-08-24,275.96527099609375
2020-08-25,271.2190246582031
2020-08-26,269.11505126953125
2020-08-27,268.5767822265625
2020-08-28,268.1853332519531
2020-08-31,263.7816162109375
2020-09-01,257.958984375
2020-09-02,253.89784240722656
2020-09-03,255.70814514160156
2020-09-04,250.08126831054688
2020-09-07,248.66229248046875
2020-09-08,243.72035217285156
2020-09-09,242.39927673339844
2020-09-10,252.9192352294922
2020-09-11,247.9772491455078
2020-09-14,267.5003356933594
2020-09-15,273.567626953125
2020-09-16,273.567626953125
2020-09-17,270.0936279296875
2020-09-18,267.6471252441406
2020-09-21,259.03546142578125
2020-09-22,251.74490356445312
2020-09-23,246.7540283203125
2020-09-24,241.6163787841797
2020-09-25,243.72035217285156
2020-09-28,254.9253387451172
2020-09-29,255.2678680419922
2020-09-30,263.48809814453125
2020-10-01,258.4971923828125
2020-10-05,256.2464904785156
2020-10-06,260.796875
2020-10-07,257.8122253417969
2020-10-08,249.78768920898438
2020-10-09,244.2585906982422
2020-10-12,238.72950744628906
2020-10-13,239.26773071289062
2020-10-14,236.2340545654297
2020-10-15,231.7814178466797
2020-10-16,234.1300811767578
2020-10-19,242.59498596191406
2020-10-20,238.9741668701172
2020-10-21,233.44509887695312
2020-10-22,228.50314331054688
2020-10-23,231.4878692626953
2020-10-26,234.4725799560547
2020-10-27,239.95272827148438
2020-10-28,253.9956512451172
2020-10-29,262.41162109375
2020-10-30,278.1181640625
2020-11-02,288.8338317871094
2020-11-03,295.1457824707031
2020-11-04,294.70538330078125
2020-11-05,295.48828125
2020-11-06,287.36590576171875
2020-11-09,284.03863525390625
2020-11-10,283.5982971191406
2020-11-11,296.4669189453125
2020-11-12,293.4821472167969
2020-11-13,287.85516357421875
2020-11-14,290.3996276855469
2020-11-17,305.3721008300781
2020-11-18,314.8156433105469
2020-11-19,328.907470703125
2020-11-20,344.6629638671875
2020-11-23,337.5681457519531
2020-11-24,338.5956726074219
2020-11-25,331.84332275390625
2020-11-26,327.8310546875
2020-11-27,339.5252990722656
2020-12-01,377.5439147949219
2020-12-02,385.0791320800781
2020-12-03,376.3695983886719
2020-12-04,367.3664855957031
2020-12-07,368.6876220703125
2020-12-08,357.5315856933594
2020-12-09,365.4092712402344
2020-12-10,371.13409423828125
2020-12-11,368.4429016113281
2020-12-14,366.5836181640625
2020-12-15,377.9842529296875
2020-12-16,370.1065979003906
2020-12-17,373.8251953125
2020-12-18,372.40625
2020-12-21,362.32672119140625
2020-12-22,362.37554931640625
2020-12-23,371.37872314453125
2020-12-24,378.9629211425781
2020-12-28,405.6786804199219
2020-12-29,394.4247741699219
2020-12-30,396.03948974609375
2020-12-31,396.82232666015625
2021-01-01,393.7397766113281
2021-01-04,395.0119323730469
2021-01-05,400.5899658203125
2021-01-06,396.3819580078125
2021-01-07,396.9690856933594
2021-01-08,399.8070983886719
2021-01-11,396.23516845703125
2021-01-12,397.5073547363281
2021-01-13,411.2077941894531
2021-01-14,402.9385681152344
2021-01-15,407.7337646484375
2021-01-18,396.67559814453125
2021-01-19,401.1770935058594
2021-01-20,401.86212158203125
2021-01-21,401.71533203125
2021-01-22,408.4676208496094
2021-01-25,415.4157409667969
2021-01-27,421.1894836425781
2021-01-28,410.9631652832031
2021-01-29,395.256591796875
2021-02-01,420.0641174316406
2021-02-02,405.8254699707031
2021-02-03,419.28125
2021-02-04,439.6850280761719
2021-02-05,464.7861633300781
2021-02-08,494.33984375
2021-02-09,515.4287719726562
2021-02-10,513.7650756835938
2021-02-11,511.1152648925781
2021-02-12,503.1658935546875
2021-02-15,496.09979248046875
2021-02-16,492.71392822265625
2021-02-17,510.9680480957031
2021-02-18,528.1426391601562
2021-02-19,537.3187255859375
2021-02-22,498.7496032714844
2021-02-23,474.0181884765625
2021-02-24,494.4804382324219
2021-02-25,496.24700927734375
2021-02-26,498.1607666015625
2021-03-01,519.4081420898438
2021-03-02,511.900390625
2021-03-03,505.12872314453125
2021-03-04,505.1777648925781
2021-03-05,494.97119140625
2021-03-08,488.7882995605469
2021-03-09,479.9066162109375
2021-03-10,485.5496826171875
2021-03-12,491.24176025390625
2021-03-15,506.1101379394531
2021-03-16,503.8528747558594
2021-03-17,482.458251953125
2021-03-18,472.4970397949219
2021-03-19,457.62872314453125
2021-03-22,460.13134765625
2021-03-23,459.8369140625
2021-03-24,460.6220397949219
2021-03-25,440.9939880371094
2021-03-26,466.0687561035156
2021-03-30,480.4464111328125
2021-03-31,500.0254211425781
2021-04-01,497.2774353027344
2021-04-05,483.832275390625
2021-04-06,490.9474182128906
2021-04-07,493.05743408203125
2021-04-08,510.8699645996094
2021-04-09,516.0223388671875
2021-04-12,491.4381103515625
2021-04-13,497.32659912109375
2021-04-15,489.1318054199219
2021-04-16,485.7950439453125
2021-04-19,471.368408203125
2021-04-20,473.7728271484375
2021-04-22,467.1974182128906
2021-04-23,470.58331298828125
2021-04-26,475.3431091308594
2021-04-27,481.3786926269531
2021-04-28,488.24853515625
2021-04-29,514.0595092773438
2021-04-30,537.6622314453125
2021-05-03,563.816650390625
2021-05-04,577.7035522460938
2021-05-05,546.1513061523438
2021-05-06,542.912841796875
2021-05-07,560.3327026367188
2021-05-10,559.79296875
2021-05-11,583.1502685546875
2021-05-12,573.0910034179688
2021-05-14,557.1431274414062
2021-05-17,567.4478759765625
2021-05-18,598.1166381835938
2021-05-19,587.3212890625
2021-05-20,581.531005859375
2021-05-21,577.556396484375
2021-05-24,579.2247314453125
2021-05-25,590.4617919921875
2021-05-26,588.5971069335938
2021-05-27,591.6885986328125
2021-05-28,590.8543701171875
2021-05-31,587.4194946289062
2021-06-01,578.68505859375
2021-06-02,575.2500610351562
2021-06-03,573.9251098632812
2021-06-04,578.83203125
2021-06-07,581.08935546875
2021-06-08,589.2841796875
2021-06-09,579.2738037109375
2021-06-10,577.8016967773438
2021-06-11,564.209228515625
2021-06-14,559.4494018554688
2021-06-15,565.1907348632812
2021-06-16,564.307373046875
2021-06-17,575.3971557617188
2021-06-18,582.1689453125
2021-06-21,570.9318237304688
2021-06-22,577.556396484375
2021-06-23,574.5631103515625
2021-06-24,573.0418701171875
2021-06-25,573.6307373046875
2021-06-28,591.7867431640625
2021-06-29,585.11328125
2021-06-30,594.9761352539062
2021-07-01,622.4066162109375
2021-07-02,644.586181640625
2021-07-05,624.467529296875
2021-07-06,613.7210083007812
2021-07-07,657.7860717773438
2021-07-08,643.0159912109375
2021-07-09,628.7857055664062
2021-07-12,624.7127685546875
2021-07-13,630.6503295898438
2021-07-14,628.6875610351562
2021-07-15,643.1631469726562
2021-07-16,638.256103515625
2021-07-19,624.2221069335938
2021-07-20,625.9886474609375
2021-07-22,633.3172607421875
2021-07-23,655.4509887695312
2021-07-26,656.0411987304688
2021-07-27,657.664306640625
2021-07-28,648.4174194335938
2021-07-29,649.0568237304688
2021-07-30,661.9927368164062
2021-08-02,696.4720458984375
2021-08-03,700.8003540039062
2021-08-04,688.50390625
2021-08-05,674.3875732421875
2021-08-06,673.5513916015625
2021-08-09,680.4373779296875
2021-08-10,688.7989501953125
2021-08-11,697.1115112304688
2021-08-12,700.7510375976562
2021-08-13,712.4574584960938
2021-08-16,694.9964599609375
2021-08-17,697.30810546875
2021-08-18,697.406494140625
2021-08-20,685.1100463867188
2021-08-23,712.3590087890625
2021-08-24,725.09814453125
2021-08-25,727.0655517578125
2021-08-26,747.8711547851562
2021-08-27,770.5950927734375
2021-08-30,788.3512573242188
2021-08-31,816.4363403320312
2021-09-01,801.9264526367188
2021-09-02,803.6972045898438
2021-09-03,806.5991821289062
2021-09-06,816.8297729492188
2021-09-07,803.402099609375
2021-09-08,826.371826171875
2021-09-09,898.82275390625
2021-09-13,898.8717651367188
2021-09-14,913.0372924804688
2021-09-15,904.9218139648438
2021-09-16,869.0653076171875
2021-09-17,845.160888671875
2021-09-20,836.3075561523438
2021-09-21,841.6686401367188
2021-09-22,836.2090454101562
2021-09-23,860.8511352539062
2021-09-24,858.2443237304688
2021-09-27,861.490478515625
2021-09-28,851.6534423828125
2021-09-29,855.7359008789062
2021-09-30,873.0984497070312
2021-10-01,858.6870727539062
2021-10-04,878.90234375
2021-10-05,865.3762817382812
2021-10-06,852.9321899414062
2021-10-07,854.1618041992188
2021-10-08,856.7196655273438
2021-10-11,869.6553955078125
2021-10-12,879.3450317382812
2021-10-13,887.0671997070312
2021-10-14,868.720947265625
2021-10-18,884.7554931640625
2021-10-19,861.8840942382812
2021-10-20,822.0925903320312
2021-10-21,869.7537841796875
2021-10-22,831.192138671875
2021-10-25,832.17578125
2021-10-26,853.5224609375
2021-10-27,846.685546875
2021-10-28,832.274169921875
2021-10-29,825.634033203125
2021-11-01,820.3711547851562
2021-11-02,841.1276245117188
2021-11-03,821.5025024414062
2021-11-04,834.4383544921875
2021-11-08,862.2283325195312
2021-11-09,844.3739624023438
2021-11-10,857.9983520507812
2021-11-11,895.8714599609375
2021-11-12,901.18359375
2021-11-15,910.92236328125
2021-11-16,887.3623046875
2021-11-17,898.675048828125
2021-11-18,888.9855346679688
2021-11-22,880.673095703125
2021-11-23,888.2477416992188
2021-11-24,965.56787109375
2021-11-25,945.9426879882812
2021-11-26,901.18359375
2021-11-29,879.7876586914062
2021-11-30,902.7575073242188
2021-12-01,875.4102172851562
2021-12-02,882.6405029296875
2021-12-03,894.3467407226562
2021-12-06,903.2494506835938
2021-12-07,911.9552001953125
2021-12-08,882.689697265625
2021-12-09,879.3450317382812
2021-12-10,886.772216796875
2021-12-13,878.3121337890625
2021-12-14,881.214111328125
2021-12-15,917.7101440429688
2021-12-16,895.6748046875
2021-12-17,891.1989135742188
2021-12-20,873.8362426757812
2021-12-21,877.5742797851562
2021-12-22,910.2337646484375
2021-12-23,908.0203247070312
2021-12-24,899.1178588867188
2021-12-27,906.052978515625
2021-12-28,902.7084350585938
2021-12-29,957.7472534179688
2021-12-30,923.7108154296875
2021-12-31,965.6663208007812
2022-01-03,989.7180786132812
2022-01-04,969.4043579101562
2022-01-05,966.059814453125
2022-01-06,984.6520385742188
2022-01-07,971.912841796875
2022-01-10,983.7666015625
2022-01-11,971.1751708984375
2022-01-12,972.847412109375
2022-01-13,980.7662963867188
2022-01-14,956.7636108398438
2022-01-17,944.6638793945312
2022-01-18,926.8094482421875
2022-01-19,916.2344970703125
2022-01-20,914.1195068359375
2022-01-21,873.2952270507812
2022-01-24,837.8814086914062
2022-01-25,831.4872436523438
2022-01-27,815.4525756835938
2022-01-28,840.0947265625
2022-01-31,867.245361328125
2022-02-01,865.2778930664062
2022-02-02,865.572998046875
2022-02-03,856.7196655273438
2022-02-04,888.6903076171875
2022-02-07,873.24609375
2022-02-08,849.5875244140625
2022-02-09,855.243896484375
2022-02-10,857.0146484375
2022-02-11,844.3739624023438
2022-02-14,821.7975463867188
2022-02-15,826.8145141601562
2022-02-16,851.70263671875
2022-02-17,846.931640625
2022-02-18,856.9161987304688
2022-02-21,852.4326782226562
2022-02-22,840.706298828125
2022-02-23,841.6423950195312
2022-02-24,817.6475830078125
2022-02-25,857.0149536132812
2022-02-28,792.8151245117188
2022-03-02,775.5211181640625
2022-03-03,755.2708740234375
2022-03-04,704.5712890625
2022-03-07,699.4470825195312
2022-03-08,731.9657592773438
2022-03-09,768.6724853515625
2022-03-10,766.3074951171875
2022-03-11,768.8203125
2022-03-14,794.1455078125
2022-03-15,789.7111206054688
2022-03-16,767.2929077148438
2022-03-17,764.63232421875
2022-03-21,768.3275146484375
2022-03-22,752.3145751953125
2022-03-23,750.4423217773438
2022-03-24,752.8565063476562
2022-03-25,749.8509521484375
2022-03-28,756.2561645507812
2022-03-29,757.14306640625
2022-03-30,771.628662109375
2022-03-31,786.1143188476562
2022-04-01,776.407958984375
2022-04-04,790.8935546875
2022-04-05,800.796875
2022-04-06,797.1017456054688
2022-04-07,786.853271484375
2022-04-08,794.8352661132812
2022-04-11,786.7548217773438
2022-04-12,766.8494262695312
2022-04-13,763.9425048828125
2022-04-18,754.3346557617188
2022-04-19,748.9149169921875
2022-04-20,729.4530029296875
2022-04-21,736.2030029296875
2022-04-22,727.1372680664062
2022-04-25,720.28857421875
2022-04-26,725.856201171875
2022-04-27,740.588134765625
2022-04-28,765.4698486328125
2022-04-29,755.6648559570312
2022-05-02,751.9697265625
2022-05-04,748.2743530273438
2022-05-05,744.4312133789062
2022-05-06,726.1519165039062
2022-05-09,721.5697021484375
2022-05-10,733.54248046875
2022-05-11,712.5037841796875
2022-05-12,724.1810913085938
2022-05-13,719.8451538085938
2022-05-16,715.6079711914062
2022-05-17,720.28857421875
2022-05-18,715.1644287109375
2022-05-19,698.954345703125
2022-05-20,702.4525756835938
2022-05-23,728.3197021484375
2022-05-24,702.6988525390625
2022-05-25,694.5201416015625
2022-05-26,683.6312255859375
2022-05-27,684.8629760742188
2022-05-30,697.8704223632812
2022-05-31,709.9910278320312
2022-06-01,704.3248291015625
2022-06-02,689.5928955078125
2022-06-03,687.326416015625
2022-06-06,682.44873046875
2022-06-07,674.8118286132812
2022-06-08,661.3115844726562
2022-06-09,654.216552734375
2022-06-10,683.7297973632812
2022-06-13,680.5271606445312
2022-06-14,684.6165771484375
2022-06-15,683.1384887695312
2022-06-16,686.9816284179688
2022-06-17,673.7769775390625
2022-06-20,653.5761108398438
2022-06-21,655.3990478515625
2022-06-22,652.98486328125
2022-06-23,659.8333740234375
2022-06-24,670.7223510742188
2022-06-27,740.538818359375
2022-06-28,745.909423828125
2022-06-29,732.6063842773438
2022-06-30,706.4436645507812
2022-07-01,701.4672241210938
2022-07-04,724.6243896484375
2022-07-05,735.5626220703125
2022-07-06,738.0753784179688
2022-07-07,756.650390625
2022-07-08,764.9278564453125
2022-07-11,787.5924072265625
2022-07-12,769.31298828125
2022-07-13,757.980712890625
2022-07-14,754.5318603515625
2022-07-15,755.0244750976562
2022-07-18,743.5936889648438
2022-07-19,756.1084594726562
2022-07-20,747.978759765625
2022-07-21,778.2614135742188
2022-07-22,780.830322265625
2022-07-25,780.8797607421875
2022-07-26,783.349853515625
2022-07-27,774.0623779296875
2022-07-28,786.1162719726562
2022-07-29,791.7974243164062
2022-08-01,840.60546875
2022-08-02,834.2326049804688
2022-08-03,853.9930419921875
2022-08-04,853.44970703125
2022-08-05,834.479736328125
2022-08-08,829.9841918945312
2022-08-10,824.8464965820312
2022-08-11,831.960205078125
2022-08-12,836.6533813476562
2022-08-16,834.6773681640625
2022-08-17,828.5515747070312
2022-08-18,819.0667114257812
2022-08-19,799.652099609375
2022-08-22,795.6011962890625
2022-08-23,808.8407592773438
2022-08-24,816.3496704101562
2022-08-25,808.198486328125
2022-08-26,802.4185791015625
2022-08-29,809.6310424804688
2022-08-30,833.7387084960938
2022-09-01,837.3449096679688
2022-09-02,851.2265625
2022-09-05,843.76708984375
2022-09-06,846.2864990234375
2022-09-07,837.9872436523438
2022-09-08,830.9722290039062
2022-09-09,868.467529296875
2022-09-12,895.1934204101562
2022-09-13,917.1273803710938
2022-09-14,920.140869140625
2022-09-15,914.459716796875
2022-09-16,865.9481201171875
2022-09-19,840.3089599609375
2022-09-20,849.4482421875
2022-09-21,828.3540649414062
2022-09-22,832.207275390625
2022-09-23,828.4528198242188
2022-09-26,811.50830078125
2022-09-27,819.0667114257812
2022-09-28,828.8973999023438
2022-09-29,840.2596435546875
2022-09-30,885.6590576171875
2022-10-03,878.3970947265625
2022-10-04,869.9989013671875
2022-10-06,879.3850708007812
2022-10-07,889.0677490234375
2022-10-10,884.9180297851562
2022-10-11,867.627685546875
2022-10-12,869.8507690429688
2022-10-13,877.853759765625
2022-10-14,873.5064086914062
2022-10-17,868.9121704101562
2022-10-18,865.9974365234375
2022-10-19,849.7939453125
2022-10-20,836.4557495117188
2022-10-21,839.9137573242188
2022-10-24,841.2476196289062
2022-10-25,841.0994262695312
2022-10-27,848.5095825195312
2022-10-28,848.85546875
2022-10-31,835.7146606445312
2022-11-01,828.5515747070312
2022-11-02,829.7371826171875
2022-11-03,833.8375244140625
2022-11-04,833.1953125
2022-11-07,831.1204223632812
2022-11-09,807.358642578125
2022-11-10,793.1805419921875
2022-11-11,797.7255249023438
2022-11-14,790.9080810546875
2022-11-15,801.4799194335938
2022-11-16,803.1596069335938
2022-11-17,793.0818481445312
2022-11-18,791.8961791992188
2022-11-21,797.8242797851562
2022-11-22,792.6865234375
2022-11-23,815.6087036132812
2022-11-24,813.9783935546875
2022-11-25,810.6685180664062
2022-11-28,831.7131958007812
2022-11-29,828.3540649414062
2022-11-30,842.9767456054688
2022-12-01,828.60107421875
2022-12-02,851.3253784179688
2022-12-05,839.6668090820312
2022-12-06,838.7777099609375
2022-12-07,828.502197265625
2022-12-08,827.909423828125
2022-12-09,845.2490844726562
2022-12-12,849.349365234375
2022-12-13,869.8507690429688
2022-12-14,873.5064086914062
2022-12-15,869.2085571289062
2022-12-16,875.334228515625
2022-12-19,892.1305541992188
2022-12-20,888.5242309570312
2022-12-21,873.308837890625
2022-12-22,868.0228881835938
2022-12-23,839.9137573242188
2022-12-26,865.058837890625
2022-12-27,879.9779663085938
2022-12-28,856.2161254882812
2022-12-29,856.9077758789062
2022-12-30,864.7130737304688
2023-01-02,869.7025756835938
2023-01-03,877.6560668945312
2023-01-04,919.15283203125
2023-01-05,915.2996215820312
2023-01-06,886.5482177734375
2023-01-09,910.3594970703125
2023-01-10,920.7337646484375
2023-01-11,908.8279418945312
2023-01-12,912.58251953125
2023-01-13,908.3340454101562
2023-01-16,902.2083740234375
2023-01-17,893.9089965820312
2023-01-18,910.2606201171875
2023-01-19,930.1693115234375
2023-01-20,897.2682495117188
2023-01-23,913.1751708984375
2023-01-24,922.9073486328125
2023-01-25,930.1693115234375
2023-01-27,926.958251953125
2023-01-30,953.98046875
2023-01-31,961.2423095703125
2023-02-01,963.7125244140625
2023-02-02,961.1929321289062
2023-02-03,979.570068359375
2023-02-06,987.0789794921875
2023-02-07,997.0086669921875
2023-02-08,995.6254272460938
2023-02-09,956.54931640625
2023-02-10,1001.2274780273438
2023-02-13,978.4678344726562
2023-02-14,974.7075805664062
2023-02-15,962.0413208007812
2023-02-16,966.7911376953125
2023-02-17,970.7493286132812
2023-02-20,991.0350952148438
2023-02-21,973.1242065429688
2023-02-22,970.798828125
2023-02-23,975.5487060546875
2023-02-24,967.7313232421875
2023-02-27,957.4893798828125
2023-02-28,968.6712646484375
2023-03-01,964.5151977539062
2023-03-02,983.5640869140625
2023-03-03,999.9411010742188
2023-03-06,986.7306518554688
2023-03-08,986.5822143554688
2023-03-09,989.006591796875
2023-03-10,983.6135864257812
2023-03-13,989.3529663085938
2023-03-14,962.2886962890625
2023-03-15,975.89501953125
2023-03-16,963.080322265625
2023-03-17,955.95556640625
2023-03-20,947.8907470703125
2023-03-21,947.6928100585938
2023-03-22,950.2656860351562
2023-03-23,941.1122436523438
2023-03-24,926.0711059570312
2023-03-27,936.9561157226562
2023-03-28,930.1777954101562
2023-03-29,954.6690673828125
2023-03-31,975.4002075195312
2023-04-03,987.27490234375
2023-04-05,981.1891479492188
2023-04-06,988.7097778320312
2023-04-10,974.4107055664062
2023-04-11,983.168212890625
2023-04-12,974.4107055664062
2023-04-13,976.5381469726562
2023-04-17,988.6107177734375
2023-04-18,981.2880249023438
2023-04-19,971.6893920898438
2023-04-20,1026.41162109375
2023-04-21,1046.598388671875
2023-04-24,1034.130126953125
2023-04-25,1050.8533935546875
2023-04-26,1055.603271484375
2023-04-27,1046.6973876953125
2023-04-28,1066.043212890625
2023-05-02,1104.5364990234375
2023-05-03,1093.1566162109375
2023-05-04,1111.6614990234375
2023-05-05,1088.7532958984375
2023-05-08,1100.6278076171875
2023-05-09,1128.33544921875
2023-05-10,1103.6954345703125
2023-05-11,1122.150634765625
2023-05-12,1119.2314453125
2023-05-15,1132.392333984375
2023-05-16,1130.36376953125
2023-05-17,1155.5479736328125
2023-05-18,1150.9959716796875
2023-05-19,1188.3514404296875
2023-05-22,1208.983642578125
2023-05-23,1188.598876953125
2023-05-24,1156.290283203125
2023-05-25,1141.2984619140625
2023-05-26,1149.8580322265625
2023-05-29,1144.662841796875
2023-05-30,1139.7646484375
2023-05-31,1138.032958984375
2023-06-01,1144.2672119140625
2023-06-02,1152.08447265625
2023-06-05,1154.5086669921875
2023-06-06,1151.9857177734375
2023-06-07,1180.039306640625
2023-06-08,1184.690185546875
2023-06-09,1170.193359375
2023-06-12,1178.6044921875
2023-06-13,1182.4637451171875
2023-06-14,1190.2318115234375
2023-06-15,1225.756591796875
2023-06-16,1218.6318359375
2023-06-19,1207.251953125
2023-06-20,1200.0777587890625
2023-06-21,1207.004638671875
2023-06-22,1206.806640625
2023-06-23,1180.484619140625
2023-06-26,1164.4044189453125
2023-06-27,1156.7353515625
2023-06-28,1176.3780517578125
2023-06-30,1185.383056640625
2023-07-03,1190.7760009765625
2023-07-04,1187.6094970703125
2023-07-05,1185.9271240234375
2023-07-06,1190.2318115234375
2023-07-07,1184.73974609375
2023-07-10,1170.490234375
2023-07-11,1179.742431640625
2023-07-12,1182.2657470703125
2023-07-13,1175.43798828125
2023-07-14,1175.7841796875
2023-07-17,1164.8497314453125
2023-07-18,1172.419921875
2023-07-19,1205.6192626953125
2023-07-20,1203.195068359375
2023-07-21,1186.0262451171875
2023-07-24,1177.0211181640625
2023-07-25,1172.263427734375
2023-07-26,1181.63037109375
2023-07-27,1198.332275390625
2023-07-28,1214.9351806640625
2023-07-31,1200.166259765625
2023-08-01,1275.3499755859375
2023-08-02,1229.6549072265625
2023-08-03,1244.1761474609375
2023-08-04,1248.1905517578125
2023-08-07,1163.93701171875
2023-08-08,1151.6956787109375
2023-08-09,1116.7552490234375
2023-08-10,1098.4176025390625
2023-08-11,1072.943359375
2023-08-14,1048.5594482421875
2023-08-16,1082.4095458984375
2023-08-17,1054.556396484375
2023-08-18,1079.931396484375
2023-08-21,1112.790283203125
2023-08-22,1110.807861328125
2023-08-23,1131.7720947265625
2023-08-24,1129.740234375
2023-08-25,1125.03173828125
2023-08-28,1129.492431640625
2023-08-29,1126.1717529296875
2023-08-30,1133.1102294921875
2023-08-31,1126.2708740234375
2023-09-01,1126.3699951171875
2023-09-04,1176.67431640625
2023-09-05,1173.7996826171875
2023-09-06,1174.9892578125
2023-09-07,1180.24267578125
2023-09-08,1199.3236083984375
2023-09-11,1195.4578857421875
2023-09-12,1181.28369140625
2023-09-13,1182.0269775390625
2023-09-14,1189.56005859375
2023-09-15,1181.7294921875
2023-09-18,1171.07373046875
2023-09-20,1151.1505126953125
2023-09-21,1150.010498046875
2023-09-22,1180.787841796875
2023-09-25,1178.26025390625
2023-09-26,1163.7884521484375
2023-09-27,1173.8990478515625
2023-09-28,1178.7064208984375
2023-09-29,1166.6629638671875
2023-10-03,1159.5262451171875
2023-10-04,1174.840576171875
2023-10-05,1180.9365234375
2023-10-06,1158.58447265625
2023-10-09,1125.08154296875
2023-10-10,1139.503662109375
2023-10-11,1154.6197509765625
2023-10-12,1144.9058837890625
2023-10-13,1157.59326171875
2023-10-16,1154.6693115234375
2023-10-17,1162.103515625
2023-10-18,1134.2996826171875
2023-10-19,1130.8304443359375
2023-10-20,1122.1077880859375
2023-10-23,1092.1236572265625
2023-10-25,1080.37744140625
2023-10-26,1098.2193603515625
2023-10-27,1078.39501953125
2023-10-30,1066.649169921875
2023-10-31,1062.53564453125
2023-11-01,1055.2996826171875
2023-11-02,1061.3460693359375
2023-11-03,1054.5067138671875
2023-11-06,1070.3662109375
2023-11-07,1060.2061767578125
2023-11-08,1060.4539794921875
2023-11-09,1061.4453125
2023-11-10,1062.93212890625
2023-11-13,1059.9583740234375
2023-11-15,1078.6925048828125
2023-11-16,1091.2313232421875
2023-11-17,1097.1290283203125
2023-11-20,1082.012939453125
2023-11-21,1085.036376953125
2023-11-22,1159.7740478515625
2023-11-23,1123.09912109375
2023-11-24,1124.0406494140625
2023-11-28,1144.5587158203125
2023-11-29,1144.013671875
2023-11-30,1179.6478271484375
2023-12-01,1151.299072265625
2023-12-04,1179.5985107421875
2023-12-05,1186.2396240234375
2023-12-06,1172.1644287109375
2023-12-07,1197.3411865234375
2023-12-08,1194.7144775390625
2023-12-11,1181.8287353515625
2023-12-12,1204.8746337890625
2023-12-13,1172.362548828125
2023-12-14,1185.1492919921875
2023-12-15,1178.1611328125
2023-12-18,1181.382568359375
2023-12-19,1156.453369140625
2023-12-20,1101.73828125
2023-12-21,1093.6104736328125
2023-12-22,1084.5406494140625
2023-12-26,1093.7093505859375
2023-12-27,1100.25146484375
2023-12-28,1087.31591796875
2023-12-29,1103.6217041015625
2024-01-01,1106.99169921875
2024-01-02,1107.0908203125
2024-01-03,1110.213134765625
2024-01-04,1105.0587158203125
2024-01-05,1135.4395751953125
2024-01-08,1121.5626220703125
2024-01-09,1133.40771484375
2024-01-10,1134.8944091796875
2024-01-11,1144.9058837890625
2024-01-12,1154.22314453125
2024-01-15,1174.9892578125
2024-01-16,1148.27587890625
2024-01-17,1132.9119873046875
2024-01-18,1119.8280029296875
2024-01-19,1130.880126953125
2024-01-23,1115.6153564453125
2024-01-24,1166.861083984375
2024-01-25,1139.4044189453125
2024-01-29,1128.9471435546875
2024-01-30,1101.19287109375
2024-01-31,1114.77294921875
2024-02-01,1117.8455810546875
2024-02-02,1105.9013671875
2024-02-05,1074.23193359375
2024-02-06,1110.7581787109375
2024-02-07,1127.6585693359375
2024-02-08,1135.4395751953125
2024-02-09,1123.346923828125
2024-02-12,1141.857421875
2024-02-13,1130.294677734375
2024-02-14,1106.6722412109375
2024-02-15,1099.8734130859375
2024-02-16,1106.2752685546875
2024-02-19,1082.107177734375
2024-02-20,1089.699951171875
2024-02-21,1075.0601806640625
2024-02-22,1079.3775634765625
2024-02-23,1082.3056640625
2024-02-26,1057.64111328125
2024-02-27,1029.2547607421875
2024-02-28,1047.815185546875
2024-02-29,1061.3135986328125
2024-03-01,1073.47216796875
2024-03-04,1064.241455078125
2024-03-05,1089.5013427734375
2024-03-06,1050.1478271484375
2024-03-07,1057.3436279296875
2024-03-11,1061.710693359375
2024-03-12,1070.49462890625
2024-03-13,1052.9267578125
2024-03-14,1061.51220703125
2024-03-15,1087.9630126953125
2024-03-18,1081.759765625
2024-03-19,1102.900634765625
2024-03-20,1112.3297119140625
2024-03-21,1146.8697509765625
2024-03-22,1239.572265625
2024-03-26,1225.6768798828125
2024-03-27,1239.0262451171875
2024-03-28,1258.876953125
2024-04-01,1288.65283203125
2024-04-02,1311.233154296875
2024-04-03,1316.1461181640625
2024-04-04,1279.3726806640625
2024-04-05,1265.6260986328125
2024-04-08,1242.649169921875
2024-04-09,1297.2384033203125
2024-04-10,1264.9312744140625
2024-04-12,1239.9195556640625
2024-04-15,1238.976806640625
2024-04-16,1230.1431884765625
2024-04-18,1214.659912109375
2024-04-19,1241.8551025390625
2024-04-22,1276.9906005859375
2024-04-23,1300.0174560546875
2024-04-24,1331.08349609375
2024-04-25,1404.2825927734375
2024-04-26,1429.7412109375
2024-04-29,1433.3638916015625
2024-04-30,1411.6771240234375
2024-05-02,1495.347412109375
2024-05-03,1430.68408203125
2024-05-06,1504.925537109375
2024-05-07,1483.784423828125
2024-05-08,1487.6552734375
2024-05-09,1457.0357666015625
2024-05-10,1452.7679443359375
2024-05-13,1495.496337890625
2024-05-14,1475.1990966796875
2024-05-15,1522.046630859375
2024-05-16,1633.90478515625
2024-05-17,1718.1212158203125
2024-05-21,1674.1024169921875
2024-05-22,1725.7139892578125
2024-05-23,1701.5458984375
2024-05-24,1640.1578369140625
2024-05-27,1605.91552734375
2024-05-28,1591.573486328125
2024-05-29,1583.08740234375
2024-05-30,1578.5712890625
2024-05-31,1581.499267578125
2024-06-03,1661.94384765625
2024-06-04,1501.3026123046875
2024-06-05,1546.61181640625
2024-06-06,1565.023193359375
2024-06-07,1609.935302734375
2024-06-10,1614.3023681640625
2024-06-11,1633.11083984375
2024-06-12,1692.96044921875
2024-06-13,1724.5228271484375
2024-06-14,1760.7005615234375
2024-06-18,1769.7327880859375
2024-06-19,1787.35009765625
2024-06-20,1735.98681640625
2024-06-21,1684.7225341796875
2024-06-24,1677.3280029296875
2024-06-25,1703.4813232421875
2024-06-26,1676.881591796875
2024-06-27,1685.963134765625
2024-06-28,1657.279052734375
2024-07-01,1665.963623046875
2024-07-02,1671.521728515625
2024-07-03,1687.203857421875
2024-07-04,1697.3275146484375
2024-07-05,1677.7747802734375
2024-07-08,1684.3255615234375
2024-07-09,1683.8787841796875
2024-07-10,1661.646240234375
2024-07-11,1674.052734375
2024-07-12,1677.923583984375
2024-07-15,1704.771484375
2024-07-16,1726.01171875
2024-07-18,1714.3494873046875
2024-07-19,1707.798828125
2024-07-22,1676.289794921875
2024-07-23,1663.268798828125
2024-07-24,1706.8048095703125
2024-07-25,1713.613525390625
2024-07-26,1730.3619384765625
2024-07-29,1740.5999755859375
2024-07-30,1708.7430419921875
2024-07-31,1708.44482421875
2024-08-01,1698.753662109375
2024-08-02,1655.9132080078125
2024-08-05,1589.7642822265625
2024-08-06,1631.7596435546875
2024-08-07,1594.5352783203125
2024-08-08,1538.2266845703125
2024-08-09,1514.9676513671875
2024-08-12,1543.54443359375
2024-08-13,1535.343994140625
2024-08-14,1542.2025146484375
2024-08-16,1568.29443359375
2024-08-19,1552.73876953125
2024-08-20,1531.3680419921875
2024-08-21,1562.82763671875
2024-08-22,1569.58642578125
2024-08-23,1558.65283203125
2024-08-26,1531.0203857421875
2024-08-27,1532.01416015625
2024-08-28,1500.7041015625
2024-08-29,1503.7855224609375
2024-08-30,1515.61376953125
2024-09-02,1504.2823486328125
2024-09-03,1505.8726806640625
2024-09-04,1503.9344482421875
2024-09-05,1533.5548095703125
2024-09-06,1500.7537841796875
2024-09-09,1484.6015625
2024-09-10,1517.80029296875
2024-09-11,1524.1617431640625
2024-09-12,1515.414794921875
2024-09-13,1493.8455810546875
2024-09-16,1464.4239501953125
2024-09-17,1512.4329833984375
2024-09-18,1488.6768798828125
2024-09-19,1481.61962890625
2024-09-20,1491.1121826171875
2024-09-23,1493.497802734375
2024-09-24,1499.3125
2024-09-25,1501.1014404296875
2024-09-26,1510.1468505859375
2024-09-27,1490.6649169921875
2024-09-30,1489.372802734375
2024-10-01,1460.9947509765625
2024-10-03,1453.838134765625
2024-10-04,1460.2491455078125
2024-10-07,1413.979736328125
2024-10-08,1415.321533203125
2024-10-09,1438.8292236328125
2024-10-10,1455.6768798828125
2024-10-11,1459.1060791015625
2024-10-14,1460.2989501953125
2024-10-15,1499.213134765625
2024-10-16,1490.5654296875
2024-10-17,1459.553466796875
2024-10-18,1472.5247802734375
2024-10-21,1446.38330078125
2024-10-22,1412.6875
2024-10-23,1393.106201171875
2024-10-24,1415.6197509765625
2024-10-25,1369.1513671875
2024-10-28,1356.627197265625
2024-10-29,1372.3321533203125
2024-10-30,1407.5684814453125
2024-10-31,1370.642333984375
2024-11-01,1384.5084228515625
2024-11-04,1401.1077880859375
2024-11-05,1387.6888427734375
2024-11-06,1446.6318359375
2024-11-07,1420.639404296875
2024-11-08,1417.3094482421875
2024-11-11,1420.1422119140625
2024-11-12,1397.38037109375
2024-11-13,1412.339599609375
2024-11-14,1452.8441162109375
2024-11-18,1442.0594482421875
2024-11-19,1399.9149169921875
2024-11-21,1400.8094482421875
2024-11-22,1404.785400390625
2024-11-25,1397.1317138671875
2024-11-26,1401.00830078125
2024-11-27,1418.8004150390625
2024-11-28,1413.38330078125
2024-11-29,1450.3592529296875
2024-12-02,1429.2373046875
2024-12-03,1405.531005859375
2024-12-04,1398.125732421875
2024-12-05,1378.942138671875
2024-12-06,1355.63330078125
2024-12-09,1358.217529296875
2024-12-10,1330.9827880859375
2024-12-11,1375.413330078125
2024-12-12,1352.552001953125
2024-12-13,1336.747802734375
2024-12-16,1327.15576171875
2024-12-17,1316.3216552734375
2024-12-18,1310.4073486328125
2024-12-19,1314.9300537109375
2024-12-20,1307.3758544921875
2024-12-23,1270.39990234375
2024-12-24,1283.5701904296875
2024-12-26,1262.746337890625
2024-12-27,1276.214599609375
2024-12-30,1249.9737548828125
2024-12-31,1271.940673828125
2025-01-01,1288.7884521484375
2025-01-02,1295.945068359375
2025-01-03,1291.8697509765625
2025-01-06,1238.7916259765625
2025-01-07,1264.3863525390625
2025-01-08,1237.1514892578125
2025-01-09,1255.440673828125
2025-01-10,1244.3577880859375
2025-01-13,1217.9676513671875
2025-01-14,1230.9886474609375
2025-01-15,1223.484375
2025-01-16,1242.0716552734375
2025-01-17,1215.1348876953125
2025-01-20,1220.8502197265625
2025-01-21,1196.6966552734375
2025-01-22,1188.247802734375
2025-01-23,1199.1318359375
2025-01-24,1177.6123046875
2025-01-27,1146.749267578125
2025-01-28,1137.803466796875
2025-01-29,1156.2418212890625
2025-01-30,1162.75244140625
2025-01-31,1179.5506591796875
2025-02-01,1179.5506591796875
2025-02-03,1142.922607421875
2025-02-04,1113.8487548828125
2025-02-05,1099.03857421875
2025-02-06,1103.7598876953125
2025-02-07,1099.4361572265625
2025-02-10,1042.1832275390625
2025-02-11,1028.5657958984375
2025-02-12,1011.7177734375
2025-02-13,1021.6079711914062
2025-02-14,1008.4376831054688
2025-02-17,974.6425170898438
2025-02-18,907.7948608398438
2025-02-19,894.206298828125
2025-02-20,911.8763427734375
2025-02-21,895.40087890625
2025-02-24,875.7896118164062
2025-02-25,860.8571166992188
2025-02-27,841.7932739257812
2025-02-28,827.9061279296875
2025-03-03,840.6484985351562
2025-03-04,886.6903076171875
2025-03-05,905.7042846679688
2025-03-06,917.7996215820312
2025-03-07,917.102783203125
2025-03-10,944.2301025390625
2025-03-11,983.7015991210938
2025-03-12,958.1172485351562
2025-03-13,951.3479614257812
2025-03-17,971.805419921875
2025-03-18,971.805419921875
2025-03-19,972.15380859375
2025-03-20,973.4479370117188
2025-03-21,1017.5983276367188
2025-03-24,1008.5392456054688
2025-03-25,995.00048828125
2025-03-26,973.4977416992188
2025-03-27,959.3616943359375
2025-03-28,1009.5845947265625
2025-04-01,993.4574584960938
2025-04-02,1005.7518920898438
2025-04-03,1013.8154296875
2025-04-04,988.0320434570312
2025-04-07,947.3161010742188
2025-04-08,949.0582275390625
2025-04-09,936.2660522460938
2025-04-11,951.0491943359375
2025-04-15,986.439208984375
2025-04-16,1003.16357421875
2025-04-17,1012.2225952148438
2025-04-21,1035.7164306640625
2025-04-22,1053.2371826171875
2025-04-23,1071.75341796875
2025-04-24,1045.0740966796875
2025-04-25,1021.3812255859375
2025-04-28,1021.2816772460938
2025-04-29,1035.6168212890625
2025-04-30,1017.5983276367188
2025-05-02,1004.2586059570312
2025-05-05,1012.1231079101562
2025-05-06,984.9459228515625
2025-05-07,956.9724731445312
2025-05-08,966.8279418945312
2025-05-09,960.1580810546875
2025-05-12,993.5072021484375
2025-05-13,980.1675415039062
2025-05-14,958.2666015625
2025-05-15,979.4707641601562
2025-05-16,979.072509765625
2025-05-19,996.4937744140625
2025-05-20,1011.5256958007812
2025-05-21,1005.552734375
2025-05-22,993.40771484375
2025-05-23,996.991455078125
2025-05-26,997.2901611328125
2025-05-27,994.3036499023438
2025-05-28,989.724365234375
2025-05-29,982.8553466796875
2025-05-30,987.3351440429688
2025-06-02,974.7421264648438
2025-06-03,971.805419921875
2025-06-04,957.8186645507812
2025-06-05,950.601318359375
2025-06-06,945.2255859375
2025-06-09,947.216552734375
2025-06-10,945.573974609375
2025-06-11,949.1578369140625
2025-06-12,928.4016723632812
2025-06-13,946.2708129882812
2025-06-16,934.4741821289062
2025-06-17,932.9312133789062
2025-06-18,932.2841186523438
2025-06-19,924.86767578125
2025-06-20,933.5782470703125
2025-06-23,926.36083984375
2025-06-24,945.1260375976562
2025-06-25,973.5972900390625
2025-06-26,958.0675659179688
2025-06-27,958.5652465820312
2025-06-30,961.103759765625
2025-07-01,992.6611328125
2025-07-02,994.8511352539062
2025-07-03,987.0365600585938
2025-07-04,993.9552001953125
2025-07-07,979.2716674804688
2025-07-08,984.7468872070312
2025-07-09,993.3081665039062
2025-07-10,993.009521484375
2025-07-11,968.2714233398438
2025-07-14,988.927978515625
2025-07-15,981.0634765625
2025-07-16,995.1498413085938
2025-07-17,990.2221069335938
2025-07-18,983.154052734375
2025-07-21,987.68359375
2025-07-22,975.3394165039062
2025-07-23,972.7510986328125
2025-07-24,978.1267700195312
2025-07-25,954.8321533203125
2025-07-28,929.8948364257812
2025-07-29,923.9716796875
2025-07-30,950.501708984375
2025-07-31,928.8427124023438
2025-08-01,924.2015380859375
2025-08-04,915.7674560546875
2025-08-05,903.5904541015625
2025-08-06,883.4285888671875
2025-08-07,854.1839599609375
2025-08-08,839.7113037109375
2025-08-11,847.6463012695312
2025-08-12,845.8497314453125
2025-08-13,843.9533081054688
2025-08-14,849.5926513671875
2025-08-18,873.2479248046875
2025-08-19,868.4070434570312
2025-08-20,988.3800659179688
2025-08-21,943.714599609375
2025-08-22,924.9002075195312
2025-08-25,927.64501953125
2025-08-26,901.59423828125
2025-08-28,901.4944458007812
2025-08-29,909.8785400390625
2025-09-01,931.53759765625
2025-09-02,937.9754638671875
2025-09-03,945.5111694335938
2025-09-04,944.9622192382812
2025-09-05,944.1637573242188
2025-09-08,963.5770263671875
2025-09-09,972.0609741210938
2025-09-10,980.7445068359375
2025-09-11,984.18798828125
2025-09-12,991.2246704101562
2025-09-15,977.4507446289062
2025-09-16,999.7086181640625
2025-09-17,993.5702514648438
2025-09-18,985.4855346679688
2025-09-19,956.8896484375
2025-09-22,949.5036010742188
2025-09-23,970.16455078125
2025-09-24,953.2964477539062
2025-09-25,949.2540893554688
2025-09-26,918.1629638671875
2025-09-29,910.1780395507812
2025-09-30,922.9039916992188
2025-10-01,914.7194213867188
2025-10-03,935.6298828125
2025-10-06,916.8653564453125
2025-10-07,917.5640258789062
2025-10-08,916.06689453125
2025-10-09,912.323974609375
2025-10-10,935.7796020507812
2025-10-13,926.447265625
2025-10-14,912.423828125
2025-10-15,907.3333740234375
2025-10-16,914.8192138671875
2025-10-17,902.54248046875
2025-10-20,890.9644165039062
2025-10-21,908.1318969726562
2025-10-23,904.93798828125
2025-10-24,895.6055908203125
2025-10-27,906.534912109375
2025-10-28,906.5848388671875
2025-10-29,930.3898315429688
2025-10-30,923.552734375
2025-10-31,898.799560546875
2025-11-03,907.732666015625
2025-11-04,894.208251953125
2025-11-06,885.6743774414062
2025-11-07,914.4699096679688
2025-11-10,910.0781860351562
2025-11-11,889.96630859375
2025-11-12,887.3711547851562
2025-11-13,892.162109375
2025-11-14,883.6282348632812
2025-11-17,871.5511474609375
2025-11-18,856.030517578125
2025-11-19,837.9646606445312
2025-11-20,832.3253173828125
2025-11-21,816.2557373046875
2025-11-24,830.8281860351562
2025-11-25,833.572998046875
2025-11-26,874.894775390625
2025-11-27,866.8599853515625
2025-11-28,855.23193359375
2025-12-01,880.33447265625
2025-12-02,884.4766845703125
2025-12-03,894.0086059570312
2025-12-04,878.038818359375
2025-12-05,868.2073974609375
2025-12-08,847.1472778320312
2025-12-09,869.3552856445312
2025-12-10,852.437255859375
2025-12-11,867.1094970703125
2025-12-12,872.9484252929688
2025-12-15,868.5068969726562
2025-12-16,860.6217651367188
2025-12-17,846.7479858398438
2025-12-18,848.5945434570312
2025-12-19,854.6331176757812
2025-12-22,851.1397094726562
2025-12-23,849.9419555664062
2025-12-24,847.2969970703125
2025-12-26,846.398681640625
2025-12-29,837.465576171875
2025-12-30,826.9354858398438
2025-12-31,854.2838134765625
2026-01-01,858.1265258789062
2026-01-02,857.9268798828125
2026-01-05,856.9786376953125
2026-01-06,835.9185180664062
2026-01-07,821.9449462890625
2026-01-08,816.6549682617188
2026-01-09,803.3301391601562
2026-01-12,797.74072265625
2026-01-13,808.8696899414062
2026-01-14,806.1249389648438
2026-01-16,812.5626831054688
2026-01-19,807.9713745117188
2026-01-20,778.1777954101562
2026-01-21,800.9346923828125
2026-01-22,813.3612060546875
2026-01-23,816.6549682617188
2026-01-27,819.5494384765625
2026-01-28,832.8244018554688
2026-01-29,802.7313232421875
2026-01-30,786.7615356445312
2026-02-02,752.9754638671875
2026-02-03,792.8499755859375
2026-02-04,804.0499877929688
2026-02-05,790.4500122070312
2026-02-06,771.4000244140625
2026-02-09,830.0
2026-02-10,826.3499755859375
2026-02-11,844.6500244140625
2026-02-12,835.75
2026-02-13,825.5
2026-02-16,820.1500244140625
2026-02-17,830.0499877929688
2026-02-18,840.9000244140625
2026-02-19,844.1500244140625
2026-02-20,843.5499877929688
2026-02-23,849.75
2026-02-24,842.0999755859375
2026-02-25,833.9000244140625
2026-02-26,837.5
2026-02-27,823.25
2026-03-02,806.9500122070312
2026-03-04,799.1500244140625
2026-03-05,813.5499877929688
2026-03-06,804.2999877929688
2026-03-09,796.2999877929688
2026-03-10,798.2999877929688
2026-03-11,787.0999755859375
2026-03-12,787.5
2026-03-13,755.5999755859375
2026-03-16,758.5499877929688
2026-03-17,752.8499755859375
2026-03-18,767.7000122070312
2026-03-19,748.3499755859375
2026-03-20,756.9500122070312
2026-03-23,755.4500122070312
2026-03-24,764.0
2026-03-25,788.0
2026-03-27,767.5499877929688
2026-03-30,775.7000122070312
2026-04-01,802.5
2026-04-02,854.0
2026-04-06,827.75
2026-04-07,855.9500122070312
2026-04-08,860.7000122070312
2026-04-09,855.25
2026-04-10,895.4500122070312
2026-04-13,883.6500244140625
2026-04-15,888.1500244140625
2026-04-16,886.7000122070312
2026-04-17,940.0999755859375
2026-04-20,941.1500244140625
2026-04-21,933.25
2026-04-22,941.4000244140625
2026-04-23,949.0499877929688
2026-04-24,926.1500244140625
2026-04-27,946.0999755859375
2026-04-28,968.1500244140625
2026-04-29,976.0999755859375
2026-04-30,951.75
2026-05-01,951.75
2026-05-04,980.0
2026-05-05,974.3499755859375
2026-05-06,987.7999877929688
2026-05-07,1003.4000244140625
2026-05-08,1027.699951171875
2026-05-11,1039.0
2026-05-12,1008.6500244140625
2026-05-13,1033.300048828125
2026-05-14,1037.3499755859375
2026-05-15,1102.4000244140625
2026-05-18,1098.25
2026-05-19,1076.199951171875
2026-05-20,1059.1500244140625
2026-05-21,1062.4000244140625
2026-05-22,1056.8499755859375
2026-05-25,1057.4000244140625
2026-05-26,1043.3499755859375
2026-05-27,1035.0
2026-05-28,1035.0
2026-05-29,1029.050048828125
2026-06-01,1030.5999755859375
2026-06-02,1023.0999755859375
2026-06-03,1011.7000122070312
2026-06-04,1028.5999755859375
2026-06-05,1039.800048828125
2026-06-08,1054.5
2026-06-09,1040.0999755859375
2026-06-10,1016.4000244140625
2026-06-11,997.7999877929688
2026-06-12,1053.0999755859375
2026-06-15,1065.9000244140625
2026-06-16,1065.5
2026-06-17,1130.300048828125
2026-06-18,1192.199951171875
2026-06-19,1241.699951171875
2026-06-22,1211.4000244140625
2026-06-23,1212.300048828125
2026-06-24,1162.5
2026-06-25,1143.300048828125
2026-06-26,1143.300048828125
2026-06-29,1191.9000244140625
2026-06-30,1178.199951171875
2026-07-01,1163.9000244140625
2026-07-02,1141.699951171875
2026-07-03,1139.5999755859375
2026-07-06,1144.5
2026-07-07,1106.0999755859375
2026-07-08,1080.5
2026-07-09,1089.800048828125
2026-07-10,1091.199951171875
2026-07-13,1073.0
2026-07-14,1066.199951171875
2026-07-15,1081.800048828125
2026-07-16,1085.300048828125
2026-07-17,1059.800048828125
2026-07-20,1087.199951171875
2026-07-21,1084.199951171875
2026-07-22,1068.9000244140625
2026-07-23,1056.0999755859375
2026-07-24,1064.300048828125
2026-07-27,1073.0999755859375
2026-07-28,1061.5
2026-07-29,1056.0
2026-07-30,1051.0
