date,adj
2009-12-18,27.05762481689453
2009-12-21,26.079641342163086
2009-12-22,25.0654296875
2009-12-23,24.77565574645996
2009-12-24,23.61656379699707
2009-12-29,23.507898330688477
2009-12-30,23.54412078857422
2009-12-31,23.181901931762695
2010-01-04,23.36301040649414
2010-01-05,23.61656379699707
2010-01-06,23.61656379699707
2010-01-07,23.073238372802734
2010-01-08,23.218122482299805
2010-01-11,23.725229263305664
2010-01-12,23.471677780151367
2010-01-13,27.419843673706055
2010-01-14,26.4056339263916
2010-01-15,26.043413162231445
2010-01-18,25.536314010620117
2010-01-19,24.703214645385742
2010-01-20,23.94255828857422
2010-01-21,23.36301040649414
2010-01-22,22.96457290649414
2010-01-25,22.96457290649414
2010-01-27,21.40703582763672
2010-01-28,20.429052352905273
2010-01-29,20.936153411865234
2010-02-01,22.022808074951172
2010-02-02,21.660587310791016
2010-02-03,21.47947883605957
2010-02-04,20.972375869750977
2010-02-05,20.103057861328125
2010-02-08,20.284162521362305
2010-02-09,20.429052352905273
2010-02-10,20.17550277709961
2010-02-11,20.32038116455078
2010-02-15,20.030611038208008
2010-02-16,19.921947479248047
2010-02-17,20.610157012939453
2010-02-18,20.030611038208008
2010-02-19,19.632173538208008
2010-02-22,19.306177139282227
2010-02-23,18.72662925720215
2010-02-24,18.400630950927734
2010-02-25,18.074636459350586
2010-02-26,18.291973114013672
2010-03-02,19.05262565612793
2010-03-03,19.487289428710938
2010-03-04,19.523508071899414
2010-03-05,19.523508071899414
2010-03-08,19.55973243713379
2010-03-09,18.980180740356445
2010-03-10,18.980180740356445
2010-03-11,18.400630950927734
2010-03-12,18.183305740356445
2010-03-15,18.36441421508789
2010-03-16,18.183305740356445
2010-03-17,17.929750442504883
2010-03-18,18.14708137512207
2010-03-19,21.443260192871094
2010-03-22,19.849498748779297
2010-03-23,19.668397903442383
2010-03-25,19.125070571899414
2010-03-26,18.50929832458496
2010-03-29,18.002195358276367
2010-03-30,18.183305740356445
2010-03-31,21.08104133605957
2010-04-01,20.501493453979492
2010-04-05,19.9943904876709
2010-04-06,21.29837417602539
2010-04-07,22.928346633911133
2010-04-08,23.435455322265625
2010-04-09,23.580339431762695
2010-04-12,23.10945701599121
2010-04-13,22.96457290649414
2010-04-15,23.00078773498535
2010-04-16,22.529911041259766
2010-04-19,22.529911041259766
2010-04-20,23.10945701599121
2010-04-21,23.10945701599121
2010-04-22,23.218122482299805
2010-04-23,24.920543670654297
2010-04-26,25.101654052734375
2010-04-27,24.377222061157227
2010-04-28,23.68900489807129
2010-04-29,23.94255828857422
2010-04-30,23.90633773803711
2010-05-03,23.978778839111328
2010-05-04,23.10945701599121
2010-05-05,23.471677780151367
2010-05-06,25.174097061157227
2010-05-07,24.485883712768555
2010-05-10,25.246540069580078
2010-05-11,24.666988372802734
2010-05-12,24.811878204345703
2010-05-13,24.884319305419922
2010-05-14,24.304773330688477
2010-05-17,24.666988372802734
2010-05-18,24.15988540649414
2010-05-19,23.90633773803711
2010-05-20,23.94255828857422
2010-05-21,23.54412078857422
2010-05-24,23.94255828857422
2010-05-25,23.36301040649414
2010-05-26,23.290569305419922
2010-05-27,23.181901931762695
2010-05-28,23.39923095703125
2010-05-31,23.870113372802734
2010-06-01,23.54412078857422
2010-06-02,23.00078773498535
2010-06-03,23.326791763305664
2010-06-04,23.145675659179688
2010-06-07,23.725229263305664
2010-06-08,23.218122482299805
2010-06-09,23.00078773498535
2010-06-10,23.073238372802734
2010-06-11,22.96457290649414
2010-06-14,23.90633773803711
2010-06-15,24.522104263305664
2010-06-16,24.739442825317383
2010-06-17,25.029207229614258
2010-06-18,24.087444305419922
2010-06-21,24.12366485595703
2010-06-22,23.652786254882812
2010-06-23,23.471677780151367
2010-06-24,23.90633773803711
2010-06-25,24.485883712768555
2010-06-28,24.304773330688477
2010-06-29,23.725229263305664
2010-06-30,24.304773330688477
2010-07-01,24.522104263305664
2010-07-02,24.41343879699707
2010-07-05,25.137874603271484
2010-07-06,24.956764221191406
2010-07-07,24.630775451660156
2010-07-08,24.377222061157227
2010-07-09,24.485883712768555
2010-07-12,24.41343879699707
2010-07-13,24.41343879699707
2010-07-14,24.956764221191406
2010-07-15,24.630775451660156
2010-07-16,25.174097061157227
2010-07-19,24.739442825317383
2010-07-20,24.558326721191406
2010-07-21,24.12366485595703
2010-07-22,24.34099769592285
2010-07-23,23.76144790649414
2010-07-26,23.507898330688477
2010-07-27,23.00078773498535
2010-07-28,22.928346633911133
2010-07-29,22.312578201293945
2010-07-30,23.652786254882812
2010-08-02,23.90633773803711
2010-08-03,23.725229263305664
2010-08-04,23.39923095703125
2010-08-05,23.90633773803711
2010-08-06,23.797672271728516
2010-08-09,24.956764221191406
2010-08-10,25.355205535888672
2010-08-11,25.206056594848633
2010-08-12,24.572172164916992
2010-08-13,24.423030853271484
2010-08-16,24.199308395385742
2010-08-17,24.012874603271484
2010-08-18,24.012874603271484
2010-08-19,23.863723754882812
2010-08-20,23.863723754882812
2010-08-23,25.467073440551758
2010-08-24,24.83318519592285
2010-08-25,24.497600555419922
2010-08-26,24.572172164916992
2010-08-27,24.124732971191406
2010-08-30,24.53489112854004
2010-08-31,24.012874603271484
2010-09-01,24.53489112854004
2010-09-02,24.087446212768555
2010-09-03,24.23659324645996
2010-09-06,24.423030853271484
2010-09-07,24.721324920654297
2010-09-08,27.21955680847168
2010-09-09,27.294130325317383
2010-09-13,28.263591766357422
2010-09-14,27.48056411743164
2010-09-15,27.853437423706055
2010-09-16,31.134702682495117
2010-09-17,33.222774505615234
2010-09-20,33.59564971923828
2010-09-21,33.07362747192383
2010-09-22,36.317604064941406
2010-09-23,37.47349548339844
2010-09-24,38.92769241333008
2010-09-27,37.47349548339844
2010-09-28,36.28031539916992
2010-09-29,35.19898986816406
2010-09-30,34.229530334472656
2010-10-01,34.82612228393555
2010-10-04,35.38542938232422
2010-10-05,35.01255416870117
2010-10-06,34.78883743286133
2010-10-07,34.26681137084961
2010-10-08,33.74479675292969
2010-10-11,34.15495300292969
2010-10-12,33.67020797729492
2010-10-13,33.81936264038086
2010-10-14,33.222774505615234
2010-10-15,31.992307662963867
2010-10-18,31.395709991455078
2010-10-19,32.402469635009766
2010-10-20,31.80587387084961
2010-10-21,32.02959442138672
2010-10-22,31.992307662963867
2010-10-25,31.880443572998047
2010-10-26,31.992307662963867
2010-10-27,31.54484748840332
2010-10-28,31.060123443603516
2010-10-29,29.68050193786621
2010-11-01,29.829652786254883
2010-11-02,30.053367614746094
2010-11-03,30.314388275146484
2010-11-04,30.053367614746094
2010-11-08,31.060123443603516
2010-11-09,30.91097640991211
2010-11-10,31.65672492980957
2010-11-11,31.134702682495117
2010-11-12,30.127948760986328
2010-11-15,29.717782974243164
2010-11-16,28.748321533203125
2010-11-18,28.22631072998047
2010-11-19,27.704294204711914
2010-11-22,28.636465072631836
2010-11-23,27.517858505249023
2010-11-24,27.77886199951172
2010-11-25,26.548389434814453
2010-11-26,26.138233184814453
2010-11-29,26.175521850585938
2010-11-30,26.473817825317383
2010-12-01,27.107698440551758
2010-12-02,28.11444664001465
2010-12-03,26.809396743774414
2010-12-06,26.548389434814453
2010-12-07,26.06365966796875
2010-12-08,24.98233413696289
2010-12-09,23.304412841796875
2010-12-10,24.684036254882812
2010-12-13,24.53489112854004
2010-12-14,24.795896530151367
2010-12-15,24.497600555419922
2010-12-16,25.16876792907715
2010-12-20,24.98233413696289
2010-12-21,25.317914962768555
2010-12-22,25.467073440551758
2010-12-23,25.392486572265625
2010-12-24,25.839937210083008
2010-12-27,26.95855140686035
2010-12-28,30.64996910095215
2010-12-29,28.5618839263916
2010-12-30,28.375455856323242
2010-12-31,29.531354904174805
2011-01-03,29.34491539001465
2011-01-04,28.897476196289062
2011-01-05,28.5618839263916
2011-01-06,27.965299606323242
2011-01-07,26.69753646850586
2011-01-10,26.361953735351562
2011-01-11,25.839937210083008
2011-01-12,26.809396743774414
2011-01-13,26.399240493774414
2011-01-14,25.280630111694336
2011-01-17,25.243343353271484
2011-01-18,24.945043563842773
2011-01-19,24.497600555419922
2011-01-20,24.497600555419922
2011-01-21,24.199308395385742
2011-01-24,23.751861572265625
2011-01-25,23.528133392333984
2011-01-27,22.52138900756836
2011-01-28,21.88750648498535
2011-01-31,20.918041229248047
2011-02-01,20.657032012939453
2011-02-02,20.24688148498535
2011-02-03,21.58921241760254
2011-02-04,21.962081909179688
2011-02-07,21.55192756652832
2011-02-08,20.023157119750977
2011-02-09,18.606243133544922
2011-02-10,18.94182586669922
2011-02-11,19.724857330322266
2011-02-14,21.738359451293945
2011-02-15,21.58921241760254
2011-02-16,22.11122703552246
2011-02-17,22.29766082763672
2011-02-18,21.328205108642578
2011-02-21,21.365488052368164
2011-02-22,20.880756378173828
2011-02-23,20.694320678710938
2011-02-24,19.91129493713379
2011-02-25,19.426557540893555
2011-02-28,19.426557540893555
2011-03-01,20.582462310791016
2011-03-03,20.657032012939453
2011-03-04,23.82643699645996
2011-03-07,23.49085235595703
2011-03-08,22.819686889648438
2011-03-09,22.484100341796875
2011-03-10,22.148517608642578
2011-03-11,21.104475021362305
2011-03-14,21.440061569213867
2011-03-15,20.54517364501953
2011-03-16,21.365488052368164
2011-03-17,21.701072692871094
2011-03-18,22.036653518676758
2011-03-21,22.036653518676758
2011-03-22,21.40277671813965
2011-03-23,21.477352142333984
2011-03-24,22.11122703552246
2011-03-25,21.962081909179688
2011-03-28,21.62649917602539
2011-03-29,21.328205108642578
2011-03-30,22.707826614379883
2011-03-31,22.670536041259766
2011-04-01,24.23659324645996
2011-04-04,24.64674949645996
2011-04-05,24.199308395385742
2011-04-06,24.012874603271484
2011-04-07,26.73482322692871
2011-04-08,27.81614875793457
2011-04-11,28.077159881591797
2011-04-13,27.77886199951172
2011-04-15,27.144981384277344
2011-04-18,25.951797485351562
2011-04-19,25.728069305419922
2011-04-20,26.25009536743164
2011-04-21,25.98908042907715
2011-04-25,26.25009536743164
2011-04-26,26.287384033203125
2011-04-27,25.914506912231445
2011-04-28,25.16876792907715
2011-04-29,24.16202163696289
2011-05-02,24.16202163696289
2011-05-03,23.751861572265625
2011-05-04,23.416276931762695
2011-05-05,22.55867576599121
2011-05-06,22.59596061706543
2011-05-09,23.416276931762695
2011-05-10,23.155269622802734
2011-05-11,23.677282333374023
2011-05-12,23.19255256652832
2011-05-13,23.11798095703125
2011-05-16,22.707826614379883
2011-05-17,22.55867576599121
2011-05-18,22.073942184448242
2011-05-19,21.365488052368164
2011-05-20,23.5654239654541
2011-05-23,23.006120681762695
2011-05-24,23.45356559753418
2011-05-25,22.148517608642578
2011-05-26,21.962081909179688
2011-05-27,21.962081909179688
2011-05-30,21.88750648498535
2011-05-31,22.59596061706543
2011-06-01,22.223093032836914
2011-06-02,21.81293296813965
2011-06-03,21.701072692871094
2011-06-06,21.62649917602539
2011-06-07,21.477352142333984
2011-06-08,21.81293296813965
2011-06-09,21.663785934448242
2011-06-10,21.514636993408203
2011-06-13,21.365488052368164
2011-06-14,21.179052352905273
2011-06-15,21.477352142333984
2011-06-16,21.40277671813965
2011-06-17,20.992618560791016
2011-06-20,19.83671760559082
2011-06-21,19.351987838745117
2011-06-22,18.904542922973633
2011-06-23,18.568958282470703
2011-06-24,19.128263473510742
2011-06-27,19.165552139282227
2011-06-28,19.762144088745117
2011-06-29,20.321449279785156
2011-06-30,20.35873794555664
2011-07-01,20.135021209716797
2011-07-04,20.060441970825195
2011-07-05,20.135021209716797
2011-07-06,20.284164428710938
2011-07-07,20.35873794555664
2011-07-08,20.284164428710938
2011-07-11,20.359573364257812
2011-07-12,19.869430541992188
2011-07-13,19.982540130615234
2011-07-14,19.907135009765625
2011-07-15,20.20876121520996
2011-07-18,19.492399215698242
2011-07-19,19.56781005859375
2011-07-20,19.643211364746094
2011-07-21,19.53010368347168
2011-07-22,19.831729888916016
2011-07-25,19.30388832092285
2011-07-26,19.53010368347168
2011-07-27,19.4169979095459
2011-07-28,19.039968490600586
2011-07-29,18.81374740600586
2011-08-01,18.13509750366211
2011-08-02,18.47442054748535
2011-08-03,18.248205184936523
2011-08-04,17.98428726196289
2011-08-05,17.192522048950195
2011-08-08,16.551576614379883
2011-08-09,16.212251663208008
2011-08-10,16.626981735229492
2011-08-11,16.551576614379883
2011-08-12,16.66468620300293
2011-08-16,16.136844635009766
2011-08-17,16.476171493530273
2011-08-18,15.4581937789917
2011-08-19,14.44020938873291
2011-08-22,15.118865966796875
2011-08-23,15.60900592803955
2011-08-24,15.345083236694336
2011-08-25,15.646707534790039
2011-08-26,15.118865966796875
2011-08-29,15.646707534790039
2011-08-30,15.986031532287598
2011-09-02,15.533597946166992
2011-09-05,16.58928108215332
2011-09-06,16.928607940673828
2011-09-07,17.60725975036621
2011-09-08,17.34333610534668
2011-09-09,17.946584701538086
2011-09-12,17.34333610534668
2011-09-13,17.456445693969727
2011-09-14,17.267932891845703
2011-09-15,17.494152069091797
2011-09-16,17.418743133544922
2011-09-19,16.66468620300293
2011-09-20,17.07941436767578
2011-09-21,16.928607940673828
2011-09-22,16.58928108215332
2011-09-23,15.722111701965332
2011-09-26,15.495895385742188
2011-09-27,15.684410095214844
2011-09-28,15.533597946166992
2011-09-29,15.60900592803955
2011-09-30,15.231974601745605
2011-10-03,15.194267272949219
2011-10-04,15.08116340637207
2011-10-05,14.930351257324219
2011-10-07,14.892648696899414
2011-10-10,14.930351257324219
2011-10-11,15.420490264892578
2011-10-12,15.194267272949219
2011-10-13,15.231974601745605
2011-10-14,15.118865966796875
2011-10-17,15.08116340637207
2011-10-18,14.96805191040039
2011-10-19,15.194267272949219
2011-10-20,14.930351257324219
2011-10-21,15.646707534790039
2011-10-24,15.60900592803955
2011-10-25,15.533597946166992
2011-10-28,16.06144142150879
2011-10-31,16.513877868652344
2011-11-01,16.36306381225586
2011-11-02,16.09914207458496
2011-11-03,16.136844635009766
2011-11-04,16.09914207458496
2011-11-08,16.626981735229492
2011-11-09,17.192522048950195
2011-11-11,16.438467025756836
2011-11-14,15.60900592803955
2011-11-15,15.231974601745605
2011-11-16,15.043460845947266
2011-11-17,13.384532928466797
2011-11-18,12.781285285949707
2011-11-21,12.894394874572754
2011-11-22,12.894394874572754
2011-11-23,12.253445625305176
2011-11-24,12.96980094909668
2011-11-25,12.96980094909668
2011-11-28,13.610750198364258
2011-11-29,13.422234535217285
2011-11-30,13.535344123840332
2011-12-01,13.573047637939453
2011-12-02,13.686156272888184
2011-12-05,13.19601821899414
2011-12-07,14.025481224060059
2011-12-08,13.98777961730957
2011-12-09,14.138589859008789
2011-12-12,13.573047637939453
2011-12-13,13.384532928466797
2011-12-14,12.856690406799316
2011-12-15,13.082908630371094
2011-12-16,12.743581771850586
2011-12-19,12.215743064880371
2011-12-20,11.989522933959961
2011-12-21,12.06493091583252
2011-12-22,12.027226448059082
2011-12-23,12.06493091583252
2011-12-26,12.178038597106934
2011-12-27,11.989522933959961
2011-12-28,11.801009178161621
2011-12-29,11.612494468688965
2011-12-30,11.951823234558105
2012-01-02,11.574793815612793
2012-01-03,11.68790054321289
2012-01-04,11.574793815612793
2012-01-05,11.68790054321289
2012-01-06,11.499385833740234
2012-01-09,11.68790054321289
2012-01-10,13.723856925964355
2012-01-11,13.723856925964355
2012-01-12,13.98777961730957
2012-01-13,14.213994026184082
2012-01-16,13.723856925964355
2012-01-17,13.950075149536133
2012-01-18,13.686156272888184
2012-01-19,14.402509689331055
2012-01-20,14.213994026184082
2012-01-23,14.138589859008789
2012-01-24,14.100887298583984
2012-01-25,14.063182830810547
2012-01-27,14.628727912902832
2012-01-30,13.98777961730957
2012-01-31,16.77779197692871
2012-02-01,15.986031532287598
2012-02-02,16.24995231628418
2012-02-03,15.910627365112305
2012-02-06,16.476171493530273
2012-02-07,15.797516822814941
2012-02-08,15.910627365112305
2012-02-09,16.02373504638672
2012-02-10,16.551576614379883
2012-02-13,17.34333610534668
2012-02-14,16.890901565551758
2012-02-15,16.96630859375
2012-02-16,17.041715621948242
2012-02-17,16.740093231201172
2012-02-21,17.192522048950195
2012-02-22,16.06144142150879
2012-02-23,17.230226516723633
2012-02-24,16.36306381225586
2012-02-27,15.495895385742188
2012-02-28,15.797516822814941
2012-02-29,15.797516822814941
2012-03-01,15.4581937789917
2012-03-02,15.835221290588379
2012-03-05,15.646707534790039
2012-03-06,16.740093231201172
2012-03-07,16.09914207458496
2012-03-09,16.02373504638672
2012-03-12,16.136844635009766
2012-03-13,16.17455291748047
2012-03-14,16.136844635009766
2012-03-15,16.24995231628418
2012-03-16,15.948324203491211
2012-03-19,15.420490264892578
2012-03-20,15.269676208496094
2012-03-21,15.797516822814941
2012-03-22,15.571300506591797
2012-03-23,15.307379722595215
2012-03-26,15.382786750793457
2012-03-27,15.307379722595215
2012-03-28,15.722111701965332
2012-03-29,15.231974601745605
2012-03-30,15.307379722595215
2012-04-02,15.910627365112305
2012-04-03,16.36306381225586
2012-04-04,16.09914207458496
2012-04-09,15.646707534790039
2012-04-10,15.646707534790039
2012-04-11,15.835221290588379
2012-04-12,15.835221290588379
2012-04-13,15.835221290588379
2012-04-16,15.420490264892578
2012-04-17,15.571300506591797
2012-04-18,15.910627365112305
2012-04-19,15.835221290588379
2012-04-20,15.571300506591797
2012-04-23,15.269676208496094
2012-04-24,15.118865966796875
2012-04-25,15.269676208496094
2012-04-26,14.96805191040039
2012-04-27,15.382786750793457
2012-04-30,16.438467025756836
2012-05-02,17.795772552490234
2012-05-03,19.190780639648438
2012-05-04,17.53185272216797
2012-05-07,17.60725975036621
2012-05-08,16.77779197692871
2012-05-09,16.325359344482422
2012-05-10,16.890901565551758
2012-05-11,16.70238494873047
2012-05-14,17.07941436767578
2012-05-15,16.77779197692871
2012-05-16,16.476171493530273
2012-05-17,16.551576614379883
2012-05-18,16.40076446533203
2012-05-21,16.551576614379883
2012-05-22,16.551576614379883
2012-05-23,16.66468620300293
2012-05-24,17.154823303222656
2012-05-25,16.853200912475586
2012-05-28,17.267932891845703
2012-05-29,17.30563735961914
2012-05-30,17.192522048950195
2012-05-31,16.551576614379883
2012-06-01,16.325359344482422
2012-06-04,16.287656784057617
2012-06-05,16.325359344482422
2012-06-06,16.40076446533203
2012-06-07,16.70238494873047
2012-06-08,16.438467025756836
2012-06-11,16.24995231628418
2012-06-12,16.476171493530273
2012-06-13,16.36306381225586
2012-06-14,16.17455291748047
2012-06-15,16.17455291748047
2012-06-18,16.212251663208008
2012-06-19,16.551576614379883
2012-06-20,16.81549835205078
2012-06-21,17.154823303222656
2012-06-22,16.58928108215332
2012-06-25,17.00400733947754
2012-06-26,16.70238494873047
2012-06-27,16.513877868652344
2012-06-28,16.93631935119629
2012-06-29,17.281965255737305
2012-07-02,18.51089859008789
2012-07-03,18.818134307861328
2012-07-04,19.010154724121094
2012-07-05,18.971750259399414
2012-07-06,18.626113891601562
2012-07-09,17.8580265045166
2012-07-10,18.39569091796875
2012-07-11,19.125368118286133
2012-07-12,19.202178955078125
2012-07-13,19.202178955078125
2012-07-16,19.855052947998047
2012-07-17,21.199203491210938
2012-07-18,20.46952247619629
2012-07-19,21.66006088256836
2012-07-20,22.35133934020996
2012-07-23,20.58473777770996
2012-07-24,20.27750015258789
2012-07-25,20.162288665771484
2012-07-26,19.16377830505371
2012-07-27,18.549304962158203
2012-07-30,19.97026824951172
2012-07-31,19.739837646484375
2012-08-01,20.008668899536133
2012-08-02,19.739837646484375
2012-08-03,19.893455505371094
2012-08-06,19.394201278686523
2012-08-07,19.394201278686523
2012-08-08,20.239099502563477
2012-08-09,20.62314224243164
2012-08-10,19.893455505371094
2012-08-13,20.699953079223633
2012-08-14,20.73835563659668
2012-08-16,20.85356903076172
2012-08-17,20.73835563659668
2012-08-21,20.85356903076172
2012-08-22,20.546335220336914
2012-08-23,20.315906524658203
2012-08-24,19.97026824951172
2012-08-27,19.43260383605957
2012-08-28,19.202178955078125
2012-08-29,19.04855728149414
2012-08-30,18.971750259399414
2012-08-31,18.85654067993164
2012-09-03,19.125368118286133
2012-09-04,19.509414672851562
2012-09-05,19.43260383605957
2012-09-06,19.202178955078125
2012-09-07,19.855052947998047
2012-09-10,19.58622169494629
2012-09-11,20.354307174682617
2012-09-12,20.123882293701172
2012-09-13,19.66303253173828
2012-09-14,19.97026824951172
2012-09-17,20.354307174682617
2012-09-18,20.43111801147461
2012-09-20,20.085479736328125
2012-09-21,20.699953079223633
2012-09-24,20.85356903076172
2012-09-25,20.77676010131836
2012-09-26,20.661544799804688
2012-09-27,20.239099502563477
2012-09-28,20.699953079223633
2012-10-01,21.12239646911621
2012-10-03,21.89048194885254
2012-10-04,21.736862182617188
2012-10-05,22.044099807739258
2012-10-08,25.03963851928711
2012-10-09,23.503467559814453
2012-10-10,23.541872024536133
2012-10-11,25.50049591064453
2012-10-12,24.50197982788086
2012-10-15,24.770809173583984
2012-10-16,23.96432113647461
2012-10-17,23.73389434814453
2012-10-18,25.50049591064453
2012-10-19,25.27006721496582
2012-10-22,26.038156509399414
2012-10-23,25.50049591064453
2012-10-25,25.00123405456543
2012-10-29,27.535924911499023
2012-10-30,27.190282821655273
2012-10-31,26.959861755371094
2012-11-01,28.41922378540039
2012-11-02,27.919967651367188
2012-11-05,27.420711517333984
2012-11-06,25.38528060913086
2012-11-07,25.884532928466797
2012-11-08,25.577302932739258
2012-11-09,24.694005966186523
2012-11-12,23.88751220703125
2012-11-15,23.925914764404297
2012-11-16,23.541872024536133
2012-11-19,23.465063095092773
2012-11-20,23.42666244506836
2012-11-21,24.041128158569336
2012-11-22,23.580276489257812
2012-11-23,23.081016540527344
2012-11-26,23.081016540527344
2012-11-27,22.888996124267578
2012-11-29,24.655597686767578
2012-11-30,25.730918884277344
2012-12-03,25.00123405456543
2012-12-04,24.732406616210938
2012-12-05,25.615705490112305
2012-12-06,25.116451263427734
2012-12-07,24.694005966186523
2012-12-10,24.50197982788086
2012-12-11,23.96432113647461
2012-12-12,23.925914764404297
2012-12-13,23.772294998168945
2012-12-14,23.580276489257812
2012-12-17,23.349849700927734
2012-12-18,22.888996124267578
2012-12-19,23.004213333129883
2012-12-20,23.081016540527344
2012-12-21,23.004213333129883
2012-12-24,22.620168685913086
2012-12-26,22.658573150634766
2012-12-27,23.234636306762695
2012-12-28,23.119426727294922
2012-12-31,23.73389434814453
2013-01-01,23.580276489257812
2013-01-02,23.772294998168945
2013-01-03,23.657081604003906
2013-01-04,24.002723693847656
2013-01-07,24.694005966186523
2013-01-08,24.425168991088867
2013-01-09,24.309955596923828
2013-01-10,24.194744110107422
2013-01-11,23.541872024536133
2013-01-14,24.309955596923828
2013-01-15,24.463573455810547
2013-01-16,23.772294998168945
2013-01-17,23.810701370239258
2013-01-18,23.772294998168945
2013-01-21,23.657081604003906
2013-01-22,25.999744415283203
2013-01-23,26.306983947753906
2013-01-24,24.770809173583984
2013-01-25,24.27155303955078
2013-01-28,23.73389434814453
2013-01-29,24.463573455810547
2013-01-30,23.657081604003906
2013-01-31,23.772294998168945
2013-02-01,23.541872024536133
2013-02-04,22.504955291748047
2013-02-05,21.89048194885254
2013-02-06,22.005695343017578
2013-02-07,21.89048194885254
2013-02-08,22.42814826965332
2013-02-11,24.002723693847656
2013-02-12,24.655597686767578
2013-02-13,25.807727813720703
2013-02-14,22.696975708007812
2013-02-15,22.658573150634766
2013-02-18,22.35133934020996
2013-02-19,22.8505916595459
2013-02-20,23.349849700927734
2013-02-21,22.696975708007812
2013-02-22,22.2745304107666
2013-02-25,21.9672908782959
2013-02-26,20.96877670288086
2013-02-27,21.352825164794922
2013-02-28,20.123882293701172
2013-03-01,20.20069122314453
2013-03-04,20.20069122314453
2013-03-05,20.085479736328125
2013-03-06,21.583251953125
2013-03-07,23.42666244506836
2013-03-08,24.463573455810547
2013-03-11,23.234636306762695
2013-03-12,22.08250617980957
2013-03-13,22.35133934020996
2013-03-14,21.89048194885254
2013-03-15,21.9672908782959
2013-03-18,21.237607955932617
2013-03-19,20.891971588134766
2013-03-20,20.58473777770996
2013-03-21,20.891971588134766
2013-03-22,20.73835563659668
2013-03-25,20.815160751342773
2013-03-26,21.12239646911621
2013-03-28,20.85356903076172
2013-04-01,21.429630279541016
2013-04-02,21.9672908782959
2013-04-03,21.852079391479492
2013-04-04,20.891971588134766
2013-04-05,21.007183074951172
2013-04-08,20.85356903076172
2013-04-09,21.083993911743164
2013-04-10,21.16080093383789
2013-04-11,21.04558753967285
2013-04-12,20.930374145507812
2013-04-15,21.69845962524414
2013-04-16,21.89048194885254
2013-04-17,21.7752685546875
2013-04-18,21.89048194885254
2013-04-22,21.9672908782959
2013-04-23,22.159313201904297
2013-04-25,25.807727813720703
2013-04-26,24.386764526367188
2013-04-29,23.234636306762695
2013-04-30,24.07953453063965
2013-05-02,23.157827377319336
2013-05-03,22.42814826965332
2013-05-06,22.543357849121094
2013-05-07,22.96580696105957
2013-05-08,25.692514419555664
2013-05-09,26.076557159423828
2013-05-10,26.422197341918945
2013-05-13,25.615705490112305
2013-05-14,26.268579483032227
2013-05-15,27.305500030517578
2013-05-16,26.959861755371094
2013-05-17,26.537405014038086
2013-05-20,25.730918884277344
2013-05-21,25.03963851928711
2013-05-22,25.96134376525879
2013-05-23,23.925914764404297
2013-05-24,24.194744110107422
2013-05-27,24.233150482177734
2013-05-28,24.194744110107422
2013-05-29,24.194744110107422
2013-05-30,23.503467559814453
2013-05-31,22.888996124267578
2013-06-03,23.503467559814453
2013-06-04,23.657081604003906
2013-06-05,24.194744110107422
2013-06-06,24.233150482177734
2013-06-07,23.273040771484375
2013-06-10,23.19623565673828
2013-06-11,22.504955291748047
2013-06-12,22.159313201904297
2013-06-13,21.7752685546875
2013-06-14,22.543357849121094
2013-06-17,22.159313201904297
2013-06-18,21.92888832092285
2013-06-19,21.7752685546875
2013-06-20,21.199203491210938
2013-06-21,21.007183074951172
2013-06-24,20.73835563659668
2013-06-25,20.73835563659668
2013-06-26,20.699953079223633
2013-06-27,21.09125518798828
2013-06-28,21.20864486694336
2013-07-01,21.71734046936035
2013-07-02,21.873859405517578
2013-07-03,21.834728240966797
2013-07-04,22.147768020629883
2013-07-05,22.069515228271484
2013-07-08,21.834728240966797
2013-07-09,21.991254806518555
2013-07-10,21.639074325561523
2013-07-11,21.71734046936035
2013-07-12,21.404294967651367
2013-07-15,24.06515884399414
2013-07-16,24.69124412536621
2013-07-17,24.14341926574707
2013-07-18,23.28255271911621
2013-07-19,22.81298828125
2013-07-22,22.42168426513672
2013-07-23,22.969507217407227
2013-07-24,22.656463623046875
2013-07-25,22.57820701599121
2013-07-26,21.71734046936035
2013-07-29,21.756471633911133
2013-07-30,20.934734344482422
2013-07-31,20.15212631225586
2013-08-01,20.191251754760742
2013-08-02,18.782560348510742
2013-08-05,19.956470489501953
2013-08-06,19.682559967041016
2013-08-07,19.604299545288086
2013-08-08,20.347776412963867
2013-08-12,20.191251754760742
2013-08-13,20.269515991210938
2013-08-14,20.58255958557129
2013-08-16,19.565168380737305
2013-08-19,19.056476593017578
2013-08-20,19.056476593017578
2013-08-21,18.352130889892578
2013-08-22,18.117345809936523
2013-08-23,18.391260147094727
2013-08-26,18.46952247619629
2013-08-27,18.352130889892578
2013-08-28,18.03908348083496
2013-08-29,18.508649826049805
2013-08-30,18.430389404296875
2013-09-02,19.72169303894043
2013-09-03,18.860820770263672
2013-09-04,19.760822296142578
2013-09-05,19.643428802490234
2013-09-06,19.212997436523438
2013-09-10,19.408645629882812
2013-09-11,21.834728240966797
2013-09-12,21.13038444519043
2013-09-13,20.46516990661621
2013-09-16,20.191251754760742
2013-09-17,20.073862075805664
2013-09-18,19.956470489501953
2013-09-19,20.23038673400879
2013-09-20,20.073862075805664
2013-09-23,20.54343032836914
2013-09-24,20.112993240356445
2013-09-25,19.799949645996094
2013-09-26,20.073862075805664
2013-09-27,19.760822296142578
2013-09-30,19.682559967041016
2013-10-01,19.878211975097656
2013-10-03,20.347776412963867
2013-10-04,20.856470108032227
2013-10-07,20.66082000732422
2013-10-08,20.699949264526367
2013-10-09,21.20864486694336
2013-10-10,22.03038215637207
2013-10-11,21.326034545898438
2013-10-14,21.20864486694336
2013-10-15,20.895601272583008
2013-10-17,21.0521240234375
2013-10-18,21.13038444519043
2013-10-21,21.16951560974121
2013-10-22,21.326034545898438
2013-10-23,21.639074325561523
2013-10-24,21.20864486694336
2013-10-25,21.01299476623535
2013-10-28,21.24777603149414
2013-10-29,21.639074325561523
2013-10-30,21.678205490112305
2013-10-31,21.48255729675293
2013-11-01,21.560815811157227
2013-11-05,23.08690071105957
2013-11-06,23.517333984375
2013-11-07,21.873859405517578
2013-11-08,21.365161895751953
2013-11-11,21.01299476623535
2013-11-12,20.699949264526367
2013-11-13,20.54343032836914
2013-11-14,20.54343032836914
2013-11-18,21.20864486694336
2013-11-19,21.326034545898438
2013-11-20,22.852121353149414
2013-11-21,24.06515884399414
2013-11-22,23.08690071105957
2013-11-25,23.165163040161133
2013-11-26,22.34342384338379
2013-11-27,22.382553100585938
2013-11-28,22.069515228271484
2013-11-29,22.265161514282227
2013-12-02,22.108640670776367
2013-12-03,21.952117919921875
2013-12-04,22.03038215637207
2013-12-05,21.991254806518555
2013-12-06,22.147768020629883
2013-12-09,22.186899185180664
2013-12-10,21.952117919921875
2013-12-11,22.186899185180664
2013-12-12,21.952117919921875
2013-12-13,21.678205490112305
2013-12-16,23.32168197631836
2013-12-17,22.77385902404785
2013-12-18,22.53907585144043
2013-12-19,23.047771453857422
2013-12-20,22.81298828125
2013-12-23,22.49994659423828
2013-12-24,22.49994659423828
2013-12-26,22.53907585144043
2013-12-27,22.617338180541992
2013-12-30,22.891246795654297
2013-12-31,23.12602996826172
2014-01-01,24.65211296081543
2014-01-02,23.556467056274414
2014-01-03,23.24342155456543
2014-01-06,23.43907356262207
2014-01-07,23.204288482666016
2014-01-08,22.969507217407227
2014-01-09,22.73472785949707
2014-01-10,22.42168426513672
2014-01-13,22.57820701599121
2014-01-14,22.382553100585938
2014-01-15,22.226030349731445
2014-01-16,22.852121353149414
2014-01-17,22.53907585144043
2014-01-20,23.165163040161133
2014-01-21,22.656463623046875
2014-01-22,22.49994659423828
2014-01-23,22.53907585144043
2014-01-24,22.147768020629883
2014-01-27,21.01299476623535
2014-01-28,21.09125518798828
2014-01-29,20.895601272583008
2014-01-30,19.995603561401367
2014-01-31,19.995603561401367
2014-02-03,19.72169303894043
2014-02-04,19.565168380737305
2014-02-05,19.878211975097656
2014-02-06,19.799949645996094
2014-02-07,19.799949645996094
2014-02-10,19.799949645996094
2014-02-11,19.408645629882812
2014-02-12,19.252126693725586
2014-02-13,19.917341232299805
2014-02-14,21.24777603149414
2014-02-17,21.24777603149414
2014-02-18,21.71734046936035
2014-02-19,23.94776725769043
2014-02-20,22.852121353149414
2014-02-21,22.226030349731445
2014-02-24,21.873859405517578
2014-02-25,21.560815811157227
2014-02-26,22.108640670776367
2014-02-28,21.756471633911133
2014-03-03,21.404294967651367
2014-03-04,21.521684646606445
2014-03-05,21.678205490112305
2014-03-06,21.873859405517578
2014-03-07,21.521684646606445
2014-03-10,21.795602798461914
2014-03-11,22.03038215637207
2014-03-12,22.226030349731445
2014-03-13,22.069515228271484
2014-03-14,21.912988662719727
2014-03-18,22.069515228271484
2014-03-19,21.756471633911133
2014-03-20,21.873859405517578
2014-03-21,21.639074325561523
2014-03-24,21.795602798461914
2014-03-25,21.678205490112305
2014-03-26,21.24777603149414
2014-03-27,21.639074325561523
2014-03-28,22.226030349731445
2014-03-31,22.73472785949707
2014-04-01,22.969507217407227
2014-04-02,23.00864028930664
2014-04-03,22.852121353149414
2014-04-04,22.57820701599121
2014-04-07,22.57820701599121
2014-04-09,23.59559440612793
2014-04-10,23.556467056274414
2014-04-11,23.556467056274414
2014-04-15,23.165163040161133
2014-04-16,22.57820701599121
2014-04-17,22.852121353149414
2014-04-21,23.79124641418457
2014-04-22,24.73037338256836
2014-04-23,23.94776725769043
2014-04-24,23.94776725769043
2014-04-25,23.24342155456543
2014-04-28,23.94776725769043
2014-04-29,23.12602996826172
2014-04-30,22.53907585144043
2014-05-02,22.617338180541992
2014-05-05,22.57820701599121
2014-05-06,22.226030349731445
2014-05-07,23.12602996826172
2014-05-08,23.59559440612793
2014-05-09,23.39994239807129
2014-05-12,22.891246795654297
2014-05-13,23.28255271911621
2014-05-14,23.71297836303711
2014-05-15,23.28255271911621
2014-05-16,23.24342155456543
2014-05-19,24.49559211730957
2014-05-20,25.12167739868164
2014-05-21,29.739057540893555
2014-05-22,29.269493103027344
2014-05-23,29.347745895385742
2014-05-26,28.486888885498047
2014-05-27,28.248172760009766
2014-05-28,30.794479370117188
2014-05-29,29.362180709838867
2014-05-30,29.8794002532959
2014-06-02,30.11811637878418
2014-06-03,31.709564208984375
2014-06-04,31.112773895263672
2014-06-05,36.52368927001953
2014-06-06,41.855037689208984
2014-06-09,40.860382080078125
2014-06-10,40.42273712158203
2014-06-11,42.88948059082031
2014-06-12,44.28199768066406
2014-06-13,42.173316955566406
2014-06-16,41.05930709838867
2014-06-17,42.014183044433594
2014-06-18,40.38294982910156
2014-06-19,41.93461227416992
2014-06-20,40.820594787597656
2014-06-23,42.252891540527344
2014-06-24,43.56583786010742
2014-06-25,44.64006042480469
2014-06-26,44.719642639160156
2014-06-27,43.72498321533203
2014-06-30,43.00883102416992
2014-07-01,43.52605438232422
2014-07-02,43.88412857055664
2014-07-03,43.52605438232422
2014-07-04,44.8390007019043
2014-07-07,47.067020416259766
2014-07-08,49.41440200805664
2014-07-09,51.562862396240234
2014-07-10,49.05633544921875
2014-07-11,46.907875061035156
2014-07-14,47.74338912963867
2014-07-15,50.130558013916016
2014-07-16,52.63707733154297
2014-07-17,55.262969970703125
2014-07-18,55.30275344848633
2014-07-21,55.50168991088867
2014-07-22,55.62105178833008
2014-07-23,55.46189498901367
2014-07-24,58.20714569091797
2014-07-25,58.605010986328125
2014-07-28,58.16736602783203
2014-07-30,56.376976013183594
2014-07-31,55.78019714355469
2014-08-01,55.38233184814453
2014-08-04,55.859771728515625
2014-08-05,58.64479446411133
2014-08-06,61.5491828918457
2014-08-07,61.46961975097656
2014-08-08,63.41912841796875
2014-08-11,66.56224060058594
2014-08-12,68.86983489990234
2014-08-13,65.56758117675781
2014-08-14,66.20416259765625
2014-08-18,69.50640869140625
2014-08-19,72.96781158447266
2014-08-20,76.50878143310547
2014-08-21,78.17979431152344
2014-08-22,74.51947021484375
2014-08-25,73.12694549560547
2014-08-26,75.8324203491211
2014-08-27,78.617431640625
2014-08-28,79.33361053466797
2014-09-01,79.29381561279297
2014-09-02,79.33361053466797
2014-09-03,79.61209106445312
2014-09-04,79.61209106445312
2014-09-05,78.5378646850586
2014-09-08,77.38407897949219
2014-09-09,81.24333190917969
2014-09-10,85.30152130126953
2014-09-11,89.55864715576172
2014-09-12,94.01467895507812
2014-09-15,98.7094497680664
2014-09-16,102.17084503173828
2014-09-17,103.88166046142578
2014-09-18,101.73320007324219
2014-09-19,101.09661865234375
2014-09-22,104.43864440917969
2014-09-23,99.50518035888672
2014-09-24,97.59544372558594
2014-09-25,93.41789245605469
2014-09-26,91.70708465576172
2014-09-29,96.2824935913086
2014-09-30,101.09661865234375
2014-10-01,100.06217956542969
2014-10-07,98.47074127197266
2014-10-08,103.36442565917969
2014-10-09,103.5633544921875
2014-10-10,99.38581848144531
2014-10-13,100.53962707519531
2014-10-14,98.78902435302734
2014-10-15,98.78902435302734
2014-10-16,97.9933090209961
2014-10-17,98.31159210205078
2014-10-20,98.43094635009766
2014-10-21,97.9933090209961
2014-10-22,97.15778350830078
2014-10-27,98.07286071777344
2014-10-28,99.54495239257812
2014-10-29,98.23201751708984
2014-10-30,99.02774047851562
2014-10-31,99.54495239257812
2014-11-03,104.51822662353516
2014-11-05,109.73020935058594
2014-11-07,110.08830261230469
2014-11-10,112.47547149658203
2014-11-11,110.84423828125
2014-11-12,112.43569946289062
2014-11-13,112.43569946289062
2014-11-14,110.64530181884766
2014-11-17,110.28722381591797
2014-11-18,110.72486114501953
2014-11-19,112.83356475830078
2014-11-20,110.884033203125
2014-11-21,108.81513214111328
2014-11-24,105.07522583007812
2014-11-25,102.36978912353516
2014-11-26,108.29792785644531
2014-11-27,106.14945983886719
2014-11-28,104.7569351196289
2014-12-01,103.5633544921875
2014-12-02,103.60314178466797
2014-12-03,103.48379516601562
2014-12-04,103.88166046142578
2014-12-05,102.21063995361328
2014-12-08,100.7783432006836
2014-12-09,99.42560577392578
2014-12-10,99.94282531738281
2014-12-11,119.83589935302734
2014-12-12,114.8228530883789
2014-12-15,116.05621337890625
2014-12-16,109.92913818359375
2014-12-17,105.7118148803711
2014-12-18,114.94221496582031
2014-12-19,114.74327850341797
2014-12-22,120.55204772949219
2014-12-23,118.56272888183594
2014-12-24,115.97663879394531
2014-12-26,116.89171600341797
2014-12-29,120.67142486572266
2014-12-30,129.70289611816406
2014-12-31,136.5460968017578
2015-01-01,134.51698303222656
2015-01-02,136.50633239746094
2015-01-05,133.7212677001953
2015-01-06,128.90711975097656
2015-01-07,129.9813690185547
2015-01-08,130.9760284423828
2015-01-09,129.78245544433594
2015-01-12,127.67376708984375
2015-01-13,127.63398742675781
2015-01-14,126.9178466796875
2015-01-15,129.1060791015625
2015-01-16,130.1007537841797
2015-01-19,131.01580810546875
2015-01-20,131.97067260742188
2015-01-21,133.7212677001953
2015-01-22,132.4083251953125
2015-01-23,133.16429138183594
2015-01-27,133.6814727783203
2015-01-28,132.92555236816406
2015-01-29,135.51165771484375
2015-01-30,133.96002197265625
2015-02-02,133.36317443847656
2015-02-03,132.92555236816406
2015-02-04,140.20643615722656
2015-02-05,139.41067504882812
2015-02-06,133.6814727783203
2015-02-09,139.13218688964844
2015-02-10,136.6256561279297
2015-02-11,134.75572204589844
2015-02-12,133.60191345214844
2015-02-13,134.79547119140625
2015-02-16,150.3916778564453
2015-02-18,142.67315673828125
2015-02-19,144.46353149414062
2015-02-20,142.27529907226562
2015-02-23,136.9439697265625
2015-02-24,133.88040161132812
2015-02-25,135.75039672851562
2015-02-26,137.6601104736328
2015-02-27,138.73434448242188
2015-03-02,134.3976287841797
2015-03-03,137.69985961914062
2015-03-04,138.7741241455078
2015-03-05,139.2117462158203
2015-03-09,139.2117462158203
2015-03-10,137.58050537109375
2015-03-11,137.42138671875
2015-03-12,137.69985961914062
2015-03-13,136.38693237304688
2015-03-16,135.94931030273438
2015-03-17,136.02886962890625
2015-03-18,133.00511169433594
2015-03-19,132.52769470214844
2015-03-20,133.00511169433594
2015-03-23,130.9760284423828
2015-03-24,133.8406219482422
2015-03-25,136.267578125
2015-03-26,129.3050079345703
2015-03-27,130.856689453125
2015-03-30,132.05026245117188
2015-03-31,132.6868438720703
2015-04-01,131.09536743164062
2015-04-06,134.11917114257812
2015-04-07,132.28897094726562
2015-04-08,134.79547119140625
2015-04-09,142.8323211669922
2015-04-10,142.43446350097656
2015-04-13,144.3441619873047
2015-04-15,149.27767944335938
2015-04-16,153.5745391845703
2015-04-17,154.92727661132812
2015-04-20,142.79251098632812
2015-04-21,143.9462890625
2015-04-22,145.4183807373047
2015-04-23,144.7818145751953
2015-04-24,140.28598022460938
2015-04-27,134.95462036132812
2015-04-28,137.10313415527344
2015-04-29,142.07635498046875
2015-04-30,143.58822631835938
2015-05-04,148.0045166015625
2015-05-05,148.87982177734375
2015-05-06,144.46353149414062
2015-05-07,133.6814727783203
2015-05-08,138.93328857421875
2015-05-11,140.64405822753906
2015-05-12,138.41604614257812
2015-05-13,142.19569396972656
2015-05-14,143.30975341796875
2015-05-15,171.3987579345703
2015-05-18,164.2372283935547
2015-05-19,165.82870483398438
2015-05-20,150.98843383789062
2015-05-21,148.48194885253906
2015-05-22,148.9991455078125
2015-05-25,148.20343017578125
2015-05-26,146.33348083496094
2015-05-27,140.48492431640625
2015-05-28,141.59893798828125
2015-05-29,143.03121948242188
2015-06-01,141.51934814453125
2015-06-02,138.53536987304688
2015-06-03,136.267578125
2015-06-04,134.2782745361328
2015-06-05,134.5965576171875
2015-06-08,138.61495971679688
2015-06-09,135.9095001220703
2015-06-10,137.9783935546875
2015-06-11,134.4771728515625
2015-06-12,144.10543823242188
2015-06-15,145.37860107421875
2015-06-16,145.5775604248047
2015-06-17,154.17135620117188
2015-06-18,157.51339721679688
2015-06-19,153.4154052734375
2015-06-22,155.08644104003906
2015-06-23,154.4896240234375
2015-06-24,152.06271362304688
2015-06-25,150.78953552246094
2015-06-26,150.70997619628906
2015-06-29,148.72064208984375
2015-06-30,155.48426818847656
2015-07-01,158.1101837158203
2015-07-02,156.4391632080078
2015-07-03,164.2372283935547
2015-07-06,187.91001892089844
2015-07-07,186.00027465820312
2015-07-08,179.7538299560547
2015-07-09,182.77760314941406
2015-07-10,194.55430603027344
2015-07-13,188.9444580078125
2015-07-14,184.1303253173828
2015-07-15,182.10121154785156
2015-07-16,192.80372619628906
2015-07-17,185.7615966796875
2015-07-20,184.4884033203125
2015-07-21,182.4593048095703
2015-07-22,186.55726623535156
2015-07-23,186.4379119873047
2015-07-24,183.1754913330078
2015-07-27,184.8464813232422
2015-07-28,182.77760314941406
2015-07-29,182.41845703125
2015-07-30,183.13677978515625
2015-07-31,182.01934814453125
2015-08-03,182.13906860351562
2015-08-04,188.84356689453125
2015-08-05,185.9702606201172
2015-08-06,181.5404510498047
2015-08-07,167.8122100830078
2015-08-10,157.39625549316406
2015-08-11,159.47145080566406
2015-08-12,156.79763793945312
2015-08-13,153.2059326171875
2015-08-14,156.59812927246094
2015-08-17,153.96417236328125
2015-08-18,154.0439910888672
2015-08-19,152.84677124023438
2015-08-20,148.45693969726562
2015-08-21,143.38861083984375
2015-08-24,127.5053482055664
2015-08-25,134.6089324951172
2015-08-26,128.58282470703125
2015-08-27,141.63270568847656
2015-08-28,143.5083465576172
2015-08-31,138.95887756347656
2015-09-01,131.8153533935547
2015-09-02,129.42088317871094
2015-09-03,136.92359924316406
2015-09-04,127.62503814697266
2015-09-07,121.04029083251953
2015-09-08,125.35032653808594
2015-09-09,129.42088317871094
2015-09-10,125.74940490722656
2015-09-11,125.8691177368164
2015-09-14,130.61813354492188
2015-09-15,130.05941772460938
2015-09-16,131.4562225341797
2015-09-18,134.72862243652344
2015-09-21,132.4539337158203
2015-09-22,129.500732421875
2015-09-23,131.4163055419922
2015-09-24,131.13694763183594
2015-09-28,132.2543487548828
2015-09-29,130.538330078125
2015-09-30,131.65574645996094
2015-10-01,131.9351043701172
2015-10-05,133.69105529785156
2015-10-06,135.56671142578125
2015-10-07,143.5083465576172
2015-10-08,142.3111114501953
2015-10-09,142.3111114501953
2015-10-12,136.96348571777344
2015-10-13,138.51988220214844
2015-10-14,137.3625946044922
2015-10-15,136.2052001953125
2015-10-16,138.51988220214844
2015-10-19,138.28045654296875
2015-10-20,139.11851501464844
2015-10-21,138.16070556640625
2015-10-23,145.42393493652344
2015-10-26,143.70790100097656
2015-10-27,144.8253173828125
2015-10-28,142.86985778808594
2015-10-29,140.036376953125
2015-10-30,136.40478515625
2015-11-02,134.9281768798828
2015-11-03,136.40478515625
2015-11-04,135.8859405517578
2015-11-05,136.2451629638672
2015-11-06,128.98191833496094
2015-11-09,120.44166564941406
2015-11-10,121.75861358642578
2015-11-13,118.64580535888672
2015-11-16,117.328857421875
2015-11-17,120.40174865722656
2015-11-18,118.68572235107422
2015-11-19,119.80313873291016
2015-11-20,124.91132354736328
2015-11-23,122.91593170166016
2015-11-24,124.31271362304688
2015-11-26,124.2728042602539
2015-11-27,128.70257568359375
2015-11-30,129.42088317871094
2015-12-01,131.09703063964844
2015-12-02,133.37179565429688
2015-12-03,132.73324584960938
2015-12-04,135.12770080566406
2015-12-07,133.212158203125
2015-12-08,130.65805053710938
2015-12-09,125.11089324951172
2015-12-10,128.58282470703125
2015-12-11,126.58744049072266
2015-12-14,128.2236785888672
2015-12-15,127.46540069580078
2015-12-16,128.38333129882812
2015-12-17,132.89288330078125
2015-12-18,133.37179565429688
2015-12-21,134.16990661621094
2015-12-22,138.51988220214844
2015-12-23,142.3510284423828
2015-12-24,142.0716552734375
2015-12-28,139.43775939941406
2015-12-29,139.7570037841797
2015-12-30,139.7969207763672
2015-12-31,140.59510803222656
2016-01-01,142.111572265625
2016-01-04,138.9189453125
2016-01-05,140.59510803222656
2016-01-06,135.76625061035156
2016-01-07,130.5782470703125
2016-01-08,135.2474365234375
2016-01-11,134.5690155029297
2016-01-12,127.30580139160156
2016-01-13,123.83380889892578
2016-01-14,124.83149719238281
2016-01-15,111.86149597167969
2016-01-18,100.76713562011719
2016-01-19,103.6005859375
2016-01-20,93.06493377685547
2016-01-21,97.41486358642578
2016-01-22,101.68500518798828
2016-01-25,106.3143081665039
2016-01-27,106.3143081665039
2016-01-28,103.52075958251953
2016-01-29,105.71569061279297
2016-02-01,106.6335678100586
2016-02-02,102.12399291992188
2016-02-03,104.67809295654297
2016-02-04,104.95742797851562
2016-02-05,108.62897491455078
2016-02-08,109.78630065917969
2016-02-09,109.62667083740234
2016-02-10,104.119384765625
2016-02-11,96.81625366210938
2016-02-12,88.43562316894531
2016-02-15,91.82778930664062
2016-02-16,89.3934097290039
2016-02-17,90.830078125
2016-02-18,108.3895034790039
2016-02-19,112.10091400146484
2016-02-22,107.83079528808594
2016-02-23,103.6005859375
2016-02-24,99.33045196533203
2016-02-25,101.00657653808594
2016-02-26,97.29515075683594
2016-02-29,103.28132629394531
2016-03-01,104.35884094238281
2016-03-02,101.445556640625
2016-03-03,105.59596252441406
2016-03-04,110.38490295410156
2016-03-08,106.7931900024414
2016-03-09,104.27901458740234
2016-03-10,103.80013275146484
2016-03-11,102.88223266601562
2016-03-14,105.03726196289062
2016-03-15,102.56298065185547
2016-03-16,103.24140930175781
2016-03-17,95.5791244506836
2016-03-18,97.05570220947266
2016-03-21,97.734130859375
2016-03-22,98.13321685791016
2016-03-23,95.37955474853516
2016-03-28,93.98279571533203
2016-03-29,95.73876190185547
2016-03-30,92.90531158447266
2016-03-31,93.86308288574219
2016-04-01,94.26216125488281
2016-04-04,95.41948699951172
2016-04-05,93.0250244140625
2016-04-06,93.82316589355469
2016-04-07,93.5438232421875
2016-04-08,96.49700164794922
2016-04-11,97.01580810546875
2016-04-12,98.77174377441406
2016-04-13,100.36804962158203
2016-04-18,99.72953033447266
2016-04-20,100.20841217041016
2016-04-21,102.12399291992188
2016-04-22,101.48545837402344
2016-04-25,102.36344146728516
2016-04-26,105.87532806396484
2016-04-27,105.35652923583984
2016-04-28,101.48545837402344
2016-04-29,100.64740753173828
2016-05-02,99.8492431640625
2016-05-03,98.09331512451172
2016-05-04,97.45478057861328
2016-05-05,92.3465805053711
2016-05-06,92.90531158447266
2016-05-09,92.78558349609375
2016-05-10,93.58373260498047
2016-05-11,94.02272033691406
2016-05-12,94.22224426269531
2016-05-13,95.25984191894531
2016-05-16,98.93135833740234
2016-05-17,98.45246887207031
2016-05-18,96.41719055175781
2016-05-19,95.4992904663086
2016-05-20,96.09793090820312
2016-05-23,95.21994018554688
2016-05-24,91.02963256835938
2016-05-25,92.9452133178711
2016-05-26,93.90298461914062
2016-05-27,96.89606475830078
2016-05-30,95.5791244506836
2016-05-31,94.98049926757812
2016-06-01,94.22224426269531
2016-06-02,93.70344543457031
2016-06-03,92.66584777832031
2016-06-06,92.3465805053711
2016-06-07,92.66584777832031
2016-06-08,92.46630859375
2016-06-09,92.0273208618164
2016-06-10,91.66815948486328
2016-06-13,91.46861267089844
2016-06-14,90.90991973876953
2016-06-15,91.46861267089844
2016-06-16,91.82778930664062
2016-06-17,91.5085220336914
2016-06-20,93.26445770263672
2016-06-21,94.94059753417969
2016-06-22,93.50390625
2016-06-23,94.10252380371094
2016-06-24,90.4709243774414
2016-06-27,91.8676986694336
2016-06-28,98.57219696044922
2016-06-29,96.53691101074219
2016-06-30,97.61441802978516
2016-07-01,96.2176513671875
2016-07-04,96.0580062866211
2016-07-05,94.6612319946289
2016-07-07,97.21533966064453
2016-07-08,95.97820281982422
2016-07-11,97.6942367553711
2016-07-12,101.28594207763672
2016-07-13,98.33275604248047
2016-07-14,99.64971923828125
2016-07-15,97.45478057861328
2016-07-18,96.49700164794922
2016-07-19,96.57682037353516
2016-07-20,97.05570220947266
2016-07-21,98.05917358398438
2016-07-22,97.01556396484375
2016-07-25,95.57054901123047
2016-07-26,93.28265380859375
2016-07-27,92.80098724365234
2016-07-28,93.68403625488281
2016-07-29,90.63349151611328
2016-08-01,90.03140258789062
2016-08-02,88.34556579589844
2016-08-03,86.74002838134766
2016-08-04,88.58638763427734
2016-08-05,83.0071029663086
2016-08-08,71.12600708007812
2016-08-09,73.7751693725586
2016-08-10,73.49420928955078
2016-08-11,70.96546936035156
2016-08-12,70.48379516601562
2016-08-16,68.5169906616211
2016-08-17,69.52045440673828
2016-08-18,68.9986572265625
2016-08-19,73.69490814208984
2016-08-22,72.4907455444336
2016-08-23,72.5710220336914
2016-08-24,73.53433227539062
2016-08-25,73.17311096191406
2016-08-26,72.4907455444336
2016-08-29,70.40350341796875
2016-08-30,69.52045440673828
2016-08-31,68.79796600341797
2016-09-01,68.39657592773438
2016-09-02,66.95158386230469
2016-09-06,66.67060089111328
2016-09-07,66.51004028320312
2016-09-08,65.7474136352539
2016-09-09,66.91144561767578
2016-09-12,66.79102325439453
2016-09-14,64.86436462402344
2016-09-15,65.30587768554688
2016-09-16,65.30587768554688
2016-09-19,64.18199157714844
2016-09-20,62.53630065917969
2016-09-21,60.64978790283203
2016-09-22,67.6339340209961
2016-09-23,65.82769012451172
2016-09-26,70.40350341796875
2016-09-27,72.81183624267578
2016-09-28,72.08934020996094
2016-09-29,68.15574645996094
2016-09-30,69.88169860839844
2016-10-03,72.41046142578125
2016-10-04,72.2499008178711
2016-10-05,72.1294937133789
2016-10-06,69.88169860839844
2016-10-07,70.36338806152344
2016-10-10,70.52392578125
2016-10-13,69.07893371582031
2016-10-14,69.4803237915039
2016-10-17,68.47687530517578
2016-10-18,68.83809661865234
2016-10-19,69.35989379882812
2016-10-20,70.36338806152344
2016-10-21,73.49420928955078
2016-10-24,72.04920196533203
2016-10-25,72.04920196533203
2016-10-26,70.80490112304688
2016-10-27,70.1225357055664
2016-10-28,71.32670593261719
2016-11-01,70.80490112304688
2016-11-02,69.84156799316406
2016-11-03,68.35645294189453
2016-11-04,65.6671371459961
2016-11-07,69.27963256835938
2016-11-08,69.15922546386719
2016-11-09,66.87129974365234
2016-11-10,70.76476287841797
2016-11-11,69.76129913330078
2016-11-15,69.35989379882812
2016-11-16,68.27615356445312
2016-11-17,67.51351165771484
2016-11-18,66.02838134765625
2016-11-21,63.70034408569336
2016-11-22,64.14186096191406
2016-11-23,64.10172271728516
2016-11-24,64.54324340820312
2016-11-25,66.26922607421875
2016-11-28,67.43324279785156
2016-11-29,66.67060089111328
2016-11-30,66.26922607421875
2016-12-01,70.64434814453125
2016-12-02,70.72462463378906
2016-12-05,69.72115325927734
2016-12-06,69.60073852539062
2016-12-07,68.63742065429688
2016-12-08,69.31976318359375
2016-12-09,79.87630462646484
2016-12-12,90.11168670654297
2016-12-13,87.82376098632812
2016-12-14,86.17808532714844
2016-12-15,85.2950210571289
2016-12-16,85.53585815429688
2016-12-19,87.4625244140625
2016-12-20,84.8534927368164
2016-12-21,86.53932189941406
2016-12-22,86.25834655761719
2016-12-23,86.53932189941406
2016-12-26,85.97738647460938
2016-12-27,91.5968246459961
2016-12-28,94.9684829711914
2016-12-29,94.92835235595703
2016-12-30,94.56710052490234
2017-01-02,93.2023696899414
2017-01-03,95.2895736694336
2017-01-04,95.16918182373047
2017-01-05,97.33667755126953
2017-01-06,95.04875946044922
2017-01-09,94.56710052490234
2017-01-10,93.5636215209961
2017-01-11,94.40653991699219
2017-01-12,92.96154022216797
2017-01-13,91.47638702392578
2017-01-16,92.84112548828125
2017-01-17,94.20584869384766
2017-01-18,93.5636215209961
2017-01-19,92.6805648803711
2017-01-20,90.11168670654297
2017-01-23,100.70832824707031
2017-01-24,100.22666931152344
2017-01-25,101.39069366455078
2017-01-27,100.90902709960938
2017-01-30,98.62112426757812
2017-01-31,96.73458862304688
2017-02-01,98.29999542236328
2017-02-02,96.6944580078125
2017-02-03,96.4134750366211
2017-02-06,95.97196197509766
2017-02-07,94.60723876953125
2017-02-08,96.4134750366211
2017-02-09,93.5636215209961
2017-02-10,97.45709991455078
2017-02-13,103.6786117553711
2017-02-14,102.6751480102539
2017-02-15,100.14640808105469
2017-02-16,103.71873474121094
2017-02-17,103.83916473388672
2017-02-20,102.03291320800781
2017-02-21,101.14985656738281
2017-02-22,100.62805938720703
2017-02-23,98.98236846923828
2017-02-27,99.62458801269531
2017-02-28,99.50415802001953
2017-03-01,113.75345611572266
2017-03-02,106.1270751953125
2017-03-03,112.38874816894531
2017-03-06,112.62957000732422
2017-03-07,115.3991470336914
2017-03-08,113.83373260498047
2017-03-09,111.90707397460938
2017-03-10,109.53887939453125
2017-03-14,111.26485443115234
2017-03-15,109.98041534423828
2017-03-16,113.95414733886719
2017-03-17,112.14790344238281
2017-03-20,114.03443908691406
2017-03-21,110.98387145996094
2017-03-22,111.70636749267578
2017-03-23,111.70636749267578
2017-03-24,111.50569915771484
2017-03-27,112.18804931640625
2017-03-28,113.43234252929688
2017-03-29,112.7098617553711
2017-03-30,112.14790344238281
2017-03-31,112.06763458251953
2017-04-03,112.9105453491211
2017-04-05,113.99427795410156
2017-04-06,117.88777160644531
2017-04-07,118.00817108154297
2017-04-10,120.13552856445312
2017-04-11,120.09538269042969
2017-04-12,118.0483169555664
2017-04-13,116.72371673583984
2017-04-17,115.3188705444336
2017-04-18,110.90359497070312
2017-04-19,109.73956298828125
2017-04-20,114.2752914428711
2017-04-21,113.91401672363281
2017-04-24,114.03443908691406
2017-04-25,119.17221069335938
2017-04-26,115.59983825683594
2017-04-27,113.95414733886719
2017-04-28,114.2752914428711
2017-05-02,114.03443908691406
2017-05-03,113.1112060546875
2017-05-04,115.80054473876953
2017-05-05,114.03443908691406
2017-05-08,114.43584442138672
2017-05-09,114.5562515258789
2017-05-10,113.95414733886719
2017-05-11,118.16873168945312
2017-05-12,114.83718872070312
2017-05-15,91.87779998779297
2017-05-16,83.93030548095703
2017-05-17,85.97738647460938
2017-05-18,87.4625244140625
2017-05-19,88.0645980834961
2017-05-22,87.4625244140625
2017-05-23,81.56210327148438
2017-05-24,81.60225677490234
2017-05-25,82.4451675415039
2017-05-26,82.6458511352539
2017-05-29,81.84307861328125
2017-05-30,81.00016784667969
2017-05-31,81.60225677490234
2017-06-01,81.52198028564453
2017-06-02,81.44169616699219
2017-06-05,81.04029846191406
2017-06-06,79.59530639648438
2017-06-07,75.66168975830078
2017-06-08,74.8990707397461
2017-06-09,72.9322509765625
2017-06-12,73.93574523925781
2017-06-13,73.45404815673828
2017-06-14,72.5710220336914
2017-06-15,74.85892486572266
2017-06-16,77.70878601074219
2017-06-19,79.35448455810547
2017-06-20,82.6458511352539
2017-06-21,83.8901596069336
2017-06-22,83.16766357421875
2017-06-23,80.1572494506836
2017-06-27,77.5482177734375
2017-06-28,77.78905487060547
2017-06-29,77.5482177734375
2017-06-30,79.39461517333984
2017-07-03,79.55517578125
2017-07-04,80.31779479980469
2017-07-05,82.08393096923828
2017-07-06,82.12405395507812
2017-07-07,84.1310043334961
2017-07-10,83.20780944824219
2017-07-11,81.64238739013672
2017-07-12,83.20780944824219
2017-07-13,84.41197204589844
2017-07-14,82.72614288330078
2017-07-17,82.32475280761719
2017-07-18,83.12753295898438
2017-07-19,83.28807830810547
2017-07-20,85.97738647460938
2017-07-21,85.57599639892578
2017-07-24,84.53238677978516
2017-07-25,83.52892303466797
2017-07-26,83.20780944824219
2017-07-27,82.6028060913086
2017-07-28,82.44148254394531
2017-07-31,82.03813171386719
2017-08-01,81.63481140136719
2017-08-02,80.50546264648438
2017-08-03,79.21479797363281
2017-08-04,80.06180572509766
2017-08-07,80.18279266357422
2017-08-08,78.85179901123047
2017-08-09,77.8838119506836
2017-08-10,72.68077850341797
2017-08-11,72.51945495605469
2017-08-14,74.49578857421875
2017-08-16,75.66545867919922
2017-08-17,75.94779205322266
2017-08-18,75.74612426757812
2017-08-21,74.09246063232422
2017-08-22,72.64044952392578
2017-08-23,73.32612609863281
2017-08-24,74.1327896118164
2017-08-28,74.69745635986328
2017-08-29,73.52778625488281
2017-08-30,73.76979064941406
2017-08-31,77.15779113769531
2017-09-01,78.36780548095703
2017-09-04,72.76144409179688
2017-09-05,75.90746307373047
2017-09-06,76.75447845458984
2017-09-07,76.95612335205078
2017-09-08,77.11746978759766
2017-09-11,76.79479217529297
2017-09-12,79.17447662353516
2017-09-13,77.27879333496094
2017-09-14,78.60978698730469
2017-09-15,81.75579833984375
2017-09-18,87.03947448730469
2017-09-19,85.46646881103516
2017-09-20,91.59715270996094
2017-09-21,92.64582061767578
2017-09-22,87.16048431396484
2017-09-25,83.97413635253906
2017-09-26,86.19247436523438
2017-09-27,82.7641372680664
2017-09-28,86.9991455078125
2017-09-29,84.98247528076172
2017-10-03,86.8781509399414
2017-10-04,89.1771469116211
2017-10-05,98.57482147216797
2017-10-06,96.96150207519531
2017-10-09,94.33980560302734
2017-10-10,101.4384994506836
2017-10-11,97.80850219726562
2017-10-12,97.52616119384766
2017-10-13,99.5831527709961
2017-10-16,99.3411636352539
2017-10-17,101.31749725341797
2017-10-18,99.30082702636719
2017-10-19,97.04216766357422
2017-10-23,95.91282653808594
2017-10-24,96.47750854492188
2017-10-25,95.06582641601562
2017-10-26,98.4941635131836
2017-10-27,98.37316131591797
2017-10-30,100.10749816894531
2017-10-31,98.57482147216797
2017-11-01,96.11449432373047
2017-11-02,108.1741943359375
2017-11-03,105.06851196289062
2017-11-06,102.28550720214844
2017-11-07,99.78483581542969
2017-11-08,97.88917541503906
2017-11-09,100.26884460449219
2017-11-10,95.7111587524414
2017-11-13,95.42881774902344
2017-11-14,94.33980560302734
2017-11-15,90.30648803710938
2017-11-16,99.54283142089844
2017-11-17,99.66383361816406
2017-11-20,99.74451446533203
2017-11-21,98.69583129882812
2017-11-22,97.68749237060547
2017-11-23,104.86685180664062
2017-11-24,106.6011734008789
2017-11-27,105.22984313964844
2017-11-28,108.25482940673828
2017-11-29,105.91551208496094
2017-11-30,103.69715881347656
2017-12-01,101.96283721923828
2017-12-04,105.18949890136719
2017-12-05,101.72083282470703
2017-12-06,101.07550048828125
2017-12-07,102.40650177001953
2017-12-08,101.76116943359375
2017-12-11,102.48717498779297
2017-12-12,101.76116943359375
2017-12-13,99.86549377441406
2017-12-14,102.24516296386719
2017-12-15,103.45516967773438
2017-12-18,100.87384796142578
2017-12-19,102.20484924316406
2017-12-20,104.50382995605469
2017-12-21,103.09217834472656
2017-12-22,105.91551208496094
2017-12-26,103.61650848388672
2017-12-27,102.60816955566406
2017-12-28,102.44683837890625
2017-12-29,102.28550720214844
2018-01-01,102.64850616455078
2018-01-02,101.23684692382812
2018-01-03,107.52886199951172
2018-01-04,113.1755142211914
2018-01-05,109.8278579711914
2018-01-08,114.42585754394531
2018-01-09,114.22419738769531
2018-01-10,117.97518920898438
2018-01-11,117.69288635253906
2018-01-12,116.32150268554688
2018-01-15,116.11985778808594
2018-01-16,112.69152069091797
2018-01-17,111.56219482421875
2018-01-18,107.2868423461914
2018-01-19,105.2701644897461
2018-01-22,106.72217559814453
2018-01-23,109.1421890258789
2018-01-24,108.98085021972656
2018-01-25,105.99617004394531
2018-01-29,103.81817626953125
2018-01-30,100.38983154296875
2018-01-31,104.18115997314453
2018-02-01,100.6318359375
2018-02-02,93.61383056640625
2018-02-05,95.59014892578125
2018-02-06,91.07282257080078
2018-02-07,93.89617156982422
2018-02-08,99.66383361816406
2018-02-09,94.94482421875
2018-02-12,93.61383056640625
2018-02-14,92.44415283203125
2018-02-15,89.1771469116211
2018-02-16,86.51513671875
2018-02-19,85.06314086914062
2018-02-20,84.942138671875
2018-02-21,84.1354751586914
2018-02-22,84.90180206298828
2018-02-23,87.72515869140625
2018-02-26,88.04782104492188
2018-02-27,86.3941421508789
2018-02-28,85.86981201171875
2018-03-01,85.34547424316406
2018-03-05,84.90180206298828
2018-03-06,84.45814514160156
2018-03-07,82.8044662475586
2018-03-08,80.86846923828125
2018-03-09,79.17447662353516
2018-03-12,79.69879913330078
2018-03-13,80.62645721435547
2018-03-14,78.36780548095703
2018-03-15,78.24679565429688
2018-03-16,75.2217788696289
2018-03-19,73.40679168701172
2018-03-20,72.0757827758789
2018-03-21,69.8574447631836
2018-03-22,67.43743133544922
2018-03-23,67.92144012451172
2018-03-26,67.88111877441406
2018-03-27,67.80044555664062
2018-03-28,65.38044738769531
2018-04-02,66.02576446533203
2018-04-03,70.66411590576172
2018-04-04,75.78646087646484
2018-04-05,89.41915130615234
2018-04-06,85.66813659667969
2018-04-09,86.15214538574219
2018-04-10,86.11181640625
2018-04-11,90.26615142822266
2018-04-12,86.31346893310547
2018-04-13,86.3941421508789
2018-04-16,84.61946868896484
2018-04-17,86.9991455078125
2018-04-18,84.45814514160156
2018-04-19,84.86146545410156
2018-04-20,83.77246856689453
2018-04-23,87.64447021484375
2018-04-24,87.07982635498047
2018-04-25,85.18412780761719
2018-04-26,84.57914733886719
2018-04-27,83.97413635253906
2018-04-30,83.85311889648438
2018-05-02,82.44148254394531
2018-05-03,80.02145385742188
2018-05-04,80.5457992553711
2018-05-07,78.93246459960938
2018-05-08,79.86012268066406
2018-05-09,78.85179901123047
2018-05-10,78.2871322631836
2018-05-11,77.96446990966797
2018-05-14,77.44012451171875
2018-05-15,78.40813446044922
2018-05-16,76.67379760742188
2018-05-17,76.75447845458984
2018-05-18,77.60145568847656
2018-05-21,74.37478637695312
2018-05-22,74.57646179199219
2018-05-23,73.9714584350586
2018-05-24,72.84211730957031
2018-05-25,73.36644744873047
2018-05-28,74.65713500976562
2018-05-29,73.36644744873047
2018-05-30,76.9964599609375
2018-05-31,76.14947509765625
2018-06-01,74.61679077148438
2018-06-04,71.83378601074219
2018-06-05,68.40544128417969
2018-06-06,69.3734359741211
2018-06-07,72.84211730957031
2018-06-08,74.29411315917969
2018-06-11,74.69745635986328
2018-06-12,75.2217788696289
2018-06-13,73.76979064941406
2018-06-14,74.09246063232422
2018-06-15,74.09246063232422
2018-06-18,72.92279815673828
2018-06-19,71.55144500732422
2018-06-20,71.6724624633789
2018-06-21,71.02711486816406
2018-06-22,74.33445739746094
2018-06-25,72.39844512939453
2018-06-26,70.94644165039062
2018-06-27,68.00212860107422
2018-06-28,66.99378204345703
2018-06-29,68.6474380493164
2018-07-02,66.1064453125
2018-07-03,67.2761001586914
2018-07-04,67.07444763183594
2018-07-05,68.2441177368164
2018-07-06,69.21212005615234
2018-07-09,70.22044372558594
2018-07-10,69.69611358642578
2018-07-11,69.3734359741211
2018-07-12,68.44036102294922
2018-07-13,66.93928527832031
2018-07-16,66.20904541015625
2018-07-17,65.72222137451172
2018-07-18,65.1136703491211
2018-07-19,64.05886840820312
2018-07-20,67.22328186035156
2018-07-23,67.10157012939453
2018-07-24,70.4282455444336
2018-07-25,71.4424819946289
2018-07-26,72.74068450927734
2018-07-27,71.88874816894531
2018-07-30,70.71223449707031
2018-07-31,71.36133575439453
2018-08-01,70.79338073730469
2018-08-02,70.50939178466797
2018-08-03,73.0246810913086
2018-08-06,73.59264373779297
2018-08-07,74.72858428955078
2018-08-08,76.1890869140625
2018-08-09,75.66167449951172
2018-08-10,73.14639282226562
2018-08-13,71.56419372558594
2018-08-14,70.50939178466797
2018-08-16,70.67166900634766
2018-08-17,71.88874816894531
2018-08-20,70.3876724243164
2018-08-21,70.1848373413086
2018-08-23,69.69800567626953
2018-08-24,70.50939178466797
2018-08-27,69.81971740722656
2018-08-28,69.41403198242188
2018-08-29,70.59052276611328
2018-08-30,72.82183074951172
2018-08-31,71.6047592163086
2018-09-03,72.25386810302734
2018-09-04,70.67166900634766
2018-09-05,70.06312561035156
2018-09-06,71.52361297607422
2018-09-07,70.10369110107422
2018-09-10,68.80547332763672
2018-09-11,68.07523345947266
2018-09-12,67.71009826660156
2018-09-14,68.48091888427734
2018-09-17,68.03466033935547
2018-09-18,66.65531158447266
2018-09-19,66.53360748291016
2018-09-21,66.7364501953125
2018-09-24,65.84392547607422
2018-09-25,65.03253173828125
2018-09-26,64.54571533203125
2018-09-27,60.77277755737305
2018-09-28,60.08308792114258
2018-10-01,60.08308792114258
2018-10-03,60.123653411865234
2018-10-04,57.608360290527344
2018-10-05,56.310142517089844
2018-10-08,52.17208480834961
2018-10-09,53.22687911987305
2018-10-10,57.851783752441406
2018-10-11,57.36494827270508
2018-10-12,60.853904724121094
2018-10-15,59.23112487792969
2018-10-16,60.6104850769043
2018-10-17,58.663177490234375
2018-10-19,58.98772048950195
2018-10-22,57.52722930908203
2018-10-23,56.310142517089844
2018-10-24,57.0403938293457
2018-10-25,57.648929595947266
2018-10-26,58.33861541748047
2018-10-29,60.651039123535156
2018-10-30,62.152130126953125
2018-10-31,63.00408172607422
2018-11-01,65.88449096679688
2018-11-02,68.23751068115234
2018-11-05,67.34497833251953
2018-11-06,65.03253173828125
2018-11-07,66.29017639160156
2018-11-09,65.80335235595703
2018-11-12,65.84392547607422
2018-11-13,64.42400360107422
2018-11-14,66.69586944580078
2018-11-15,65.19481658935547
2018-11-16,66.24961853027344
2018-11-19,68.31864166259766
2018-11-20,65.15424346923828
2018-11-21,65.2353744506836
2018-11-22,65.19481658935547
2018-11-26,64.30229187011719
2018-11-27,62.638946533203125
2018-11-28,61.219017028808594
2018-11-29,60.97560119628906
2018-11-30,60.52934646606445
2018-12-03,58.50087356567383
2018-12-04,58.13575744628906
2018-12-05,57.44608688354492
2018-12-06,57.28379440307617
2018-12-07,55.94502258300781
2018-12-10,55.742164611816406
2018-12-11,58.33861541748047
2018-12-12,58.7037353515625
2018-12-13,58.460323333740234
2018-12-14,58.54145431518555
2018-12-17,59.31227111816406
2018-12-18,59.190574645996094
2018-12-19,57.8923454284668
2018-12-20,58.41975021362305
2018-12-21,57.36494827270508
2018-12-24,57.648929595947266
2018-12-26,57.97348403930664
2018-12-27,57.608360290527344
2018-12-28,58.29803466796875
2018-12-31,59.35284423828125
2019-01-01,59.0688591003418
2019-01-02,63.815460205078125
2019-01-03,60.73219299316406
2019-01-04,61.462432861328125
2019-01-07,62.395538330078125
2019-01-08,61.219017028808594
2019-01-09,60.40764617919922
2019-01-10,60.48878479003906
2019-01-11,63.49090576171875
2019-01-14,65.07311248779297
2019-01-15,66.65531158447266
2019-01-16,66.65531158447266
2019-01-17,65.1136703491211
2019-01-18,63.97772979736328
2019-01-21,63.044639587402344
2019-01-22,62.152130126953125
2019-01-23,60.813323974609375
2019-01-24,63.12579345703125
2019-01-25,62.59838104248047
2019-01-28,60.123653411865234
2019-01-29,60.326499938964844
2019-01-30,59.27171325683594
2019-01-31,59.0688591003418
2019-02-01,60.0019416809082
2019-02-04,59.88023376464844
2019-02-05,57.81120300292969
2019-02-06,58.21690368652344
2019-02-07,58.50087356567383
2019-02-08,59.677398681640625
2019-02-11,60.853904724121094
2019-02-12,59.27171325683594
2019-02-14,60.204776763916016
2019-02-15,57.851783752441406
2019-02-18,56.55355453491211
2019-02-19,56.95924758911133
2019-02-20,57.405517578125
2019-02-21,57.97348403930664
2019-02-22,59.92080307006836
2019-02-25,59.92080307006836
2019-02-26,59.596248626708984
2019-02-27,58.82544708251953
2019-02-28,58.41975021362305
2019-03-01,61.868133544921875
2019-03-05,64.78911590576172
2019-03-06,67.50726318359375
2019-03-07,67.71009826660156
2019-03-08,67.99408721923828
2019-03-11,70.91508483886719
2019-03-12,70.7528076171875
2019-03-13,68.31864166259766
2019-03-14,67.02043914794922
2019-03-15,69.65744018554688
2019-03-18,68.11580657958984
2019-03-19,69.5762939453125
2019-03-20,68.64320373535156
2019-03-22,66.81758880615234
2019-03-25,64.05886840820312
2019-03-26,66.7364501953125
2019-03-27,68.3998031616211
2019-03-28,68.03466033935547
2019-04-01,67.791259765625
2019-04-02,68.19693756103516
2019-04-03,67.26384735107422
2019-04-04,66.97986602783203
2019-04-05,67.22328186035156
2019-04-08,66.97986602783203
2019-04-09,66.41188049316406
2019-04-10,66.77702331542969
2019-04-11,65.96563720703125
2019-04-12,66.45246124267578
2019-04-15,68.07523345947266
2019-04-16,68.52149200439453
2019-04-18,66.89871978759766
2019-04-22,66.77702331542969
2019-04-23,67.54783630371094
2019-04-24,66.85814666748047
2019-04-25,67.83180236816406
2019-04-26,68.52149200439453
2019-04-30,66.77702331542969
2019-05-02,66.61473083496094
2019-05-03,67.38555908203125
2019-05-06,67.62897491455078
2019-05-07,69.08946990966797
2019-05-08,68.1563720703125
2019-05-09,69.5762939453125
2019-05-10,68.52149200439453
2019-05-13,65.19481658935547
2019-05-14,63.57203674316406
2019-05-15,64.26171875
2019-05-16,64.01829528808594
2019-05-17,63.409767150878906
2019-05-20,68.76492309570312
2019-05-21,68.8866195678711
2019-05-22,69.5762939453125
2019-05-23,70.46882629394531
2019-05-24,76.10794830322266
2019-05-27,75.21540832519531
2019-05-28,75.5805435180664
2019-05-29,77.28446197509766
2019-05-30,76.31079864501953
2019-05-31,76.79762268066406
2019-06-03,75.7022476196289
2019-06-04,75.05314636230469
2019-06-06,72.70012664794922
2019-06-07,72.74068450927734
2019-06-10,70.7528076171875
2019-06-11,71.4424819946289
2019-06-12,70.46882629394531
2019-06-13,70.4282455444336
2019-06-14,70.3065414428711
2019-06-17,68.56206512451172
2019-06-18,67.10157012939453
2019-06-19,64.38343048095703
2019-06-20,66.69586944580078
2019-06-21,64.30229187011719
2019-06-24,70.67166900634766
2019-06-25,68.76492309570312
2019-06-26,75.5805435180664
2019-06-27,78.5826644897461
2019-06-28,83.00472259521484
2019-07-01,84.4652099609375
2019-07-02,83.61326599121094
2019-07-03,83.57270050048828
2019-07-04,83.6538314819336
2019-07-05,82.63960266113281
2019-07-08,76.67591857910156
2019-07-09,78.09584045410156
2019-07-10,77.24388122558594
2019-07-11,77.40789031982422
2019-07-12,78.2278823852539
2019-07-15,78.2278823852539
2019-07-16,78.96588897705078
2019-07-17,76.2598876953125
2019-07-18,75.84989929199219
2019-07-19,73.47189331054688
2019-07-22,72.65188598632812
2019-07-23,74.16888427734375
2019-07-24,72.3648910522461
2019-07-25,71.33988952636719
2019-07-26,71.58589935302734
2019-07-29,69.78190612792969
2019-07-30,69.04389190673828
2019-07-31,68.75690460205078
2019-08-01,68.59290313720703
2019-08-02,72.61089324951172
2019-08-05,70.80690002441406
2019-08-06,70.60189819335938
2019-08-07,71.42189025878906
2019-08-08,73.47189331054688
2019-08-09,72.11888885498047
2019-08-13,69.94590759277344
2019-08-14,73.1627426147461
2019-08-16,74.6474380493164
2019-08-19,73.08025360107422
2019-08-20,74.44123840332031
2019-08-21,72.62660217285156
2019-08-22,69.53348541259766
2019-08-23,73.1627426147461
2019-08-26,72.09046936035156
2019-08-27,73.86385345458984
2019-08-28,72.3379135131836
2019-08-29,70.89444732666016
2019-08-30,74.19378662109375
2019-09-03,71.3068618774414
2019-09-04,71.47184753417969
2019-09-05,72.379150390625
2019-09-06,75.6784896850586
2019-09-09,76.58580780029297
2019-09-11,79.14278411865234
2019-09-12,76.17338562011719
2019-09-13,75.96717071533203
2019-09-16,75.88469696044922
2019-09-17,72.9977798461914
2019-09-18,74.56495666503906
2019-09-19,72.09046936035156
2019-09-20,78.15298461914062
2019-09-23,79.39022827148438
2019-09-24,77.53437042236328
2019-09-25,75.76097869873047
2019-09-26,78.35919952392578
2019-09-27,76.25587463378906
2019-09-30,75.55476379394531
2019-10-01,73.78136444091797
2019-10-03,72.62660217285156
2019-10-04,73.65764617919922
2019-10-07,72.66783905029297
2019-10-09,76.46206665039062
2019-10-10,75.63724517822266
2019-10-11,76.83325958251953
2019-10-14,75.22482299804688
2019-10-15,74.23502349853516
2019-10-16,75.51351928710938
2019-10-17,77.53437042236328
2019-10-18,77.1219482421875
2019-10-22,77.57561492919922
2019-10-23,78.77162170410156
2019-10-24,77.78181457519531
2019-10-25,75.6784896850586
2019-10-27,77.57561492919922
2019-10-29,76.91574096679688
2019-10-30,76.87450408935547
2019-10-31,79.72017669677734
2019-11-01,79.10155487060547
2019-11-04,81.28736114501953
2019-11-05,80.00885772705078
2019-11-06,79.26651000976562
2019-11-07,81.98847198486328
2019-11-08,80.05010986328125
2019-11-11,77.98802947998047
2019-11-13,77.36940002441406
2019-11-14,75.59600830078125
2019-11-15,74.89488983154297
2019-11-18,74.1113052368164
2019-11-19,73.78136444091797
2019-11-20,73.1627426147461
2019-11-21,73.90509796142578
2019-11-22,73.41020202636719
2019-11-25,73.53392028808594
2019-11-26,73.65764617919922
2019-11-27,73.41020202636719
2019-11-28,73.78136444091797
2019-11-29,72.83280944824219
2019-12-02,77.94676971435547
2019-12-03,75.71971893310547
2019-12-04,75.8022232055664
2019-12-05,74.1113052368164
2019-12-06,76.87450408935547
2019-12-09,79.59645080566406
2019-12-10,80.79244995117188
2019-12-11,80.83369445800781
2019-12-12,78.44168090820312
2019-12-13,78.40043640136719
2019-12-16,76.13214874267578
2019-12-17,77.16319274902344
2019-12-18,80.70996856689453
2019-12-19,81.82349395751953
2019-12-20,80.38003540039062
2019-12-23,80.79244995117188
2019-12-24,80.29755401611328
2019-12-26,79.76140594482422
2019-12-27,83.30819702148438
2019-12-30,87.67981719970703
2019-12-31,85.65897369384766
2020-01-01,85.37027740478516
2020-01-02,87.3498764038086
2020-01-03,86.27759552001953
2020-01-06,82.60709381103516
2020-01-07,82.02970123291016
2020-01-08,81.2461166381836
2020-01-09,83.88557434082031
2020-01-10,82.52461242675781
2020-01-13,87.76231384277344
2020-01-14,87.76231384277344
2020-01-15,86.93746948242188
2020-01-16,94.15475463867188
2020-01-17,93.94855499267578
2020-01-20,92.34011840820312
2020-01-21,92.95875549316406
2020-01-22,90.27803802490234
2020-01-23,95.68069458007812
2020-01-24,101.2895736694336
2020-01-27,99.02128601074219
2020-01-28,97.16541290283203
2020-01-29,97.28913116455078
2020-01-30,94.85587310791016
2020-01-31,94.27848815917969
2020-02-03,87.30863952636719
2020-02-04,91.96895599365234
2020-02-05,91.76274108886719
2020-02-06,91.2678451538086
2020-02-07,91.10286712646484
2020-02-10,88.05099487304688
2020-02-11,89.3707275390625
2020-02-12,87.80353546142578
2020-02-13,87.88603973388672
2020-02-14,84.75166320800781
2020-02-17,85.16407012939453
2020-02-18,83.67935943603516
2020-02-19,84.71041107177734
2020-02-20,83.7618637084961
2020-02-24,88.7933349609375
2020-02-25,84.00930786132812
2020-02-26,82.6895751953125
2020-02-27,82.93701934814453
2020-02-28,78.15298461914062
2020-03-02,75.30731201171875
2020-03-03,74.31749725341797
2020-03-04,70.60575866699219
2020-03-05,71.38935089111328
2020-03-06,68.17250061035156
2020-03-09,62.72860336303711
2020-03-11,62.522377014160156
2020-03-12,55.84123611450195
2020-03-13,57.160972595214844
2020-03-16,52.8718376159668
2020-03-17,52.0470085144043
2020-03-18,47.01551818847656
2020-03-19,44.37604904174805
2020-03-20,48.78890609741211
2020-03-23,43.9636344909668
2020-03-24,44.99467086791992
2020-03-25,45.1183967590332
2020-03-26,48.33525085449219
2020-03-27,50.23237228393555
2020-03-30,47.84034729003906
2020-03-31,50.314849853515625
2020-04-01,49.81995391845703
2020-04-03,49.86119842529297
2020-04-07,51.75831604003906
2020-04-08,53.36673355102539
2020-04-09,59.05808639526367
2020-04-13,62.97604751586914
2020-04-15,58.89311218261719
2020-04-16,60.62527847290039
2020-04-17,61.656314849853516
2020-04-20,61.36763000488281
2020-04-21,58.02705383300781
2020-04-22,61.07892990112305
2020-04-23,64.00708770751953
2020-04-24,61.862525939941406
2020-04-27,62.60488510131836
2020-04-28,62.357421875
2020-04-29,62.19245529174805
2020-04-30,63.42970657348633
2020-05-04,61.07892990112305
2020-05-05,58.645668029785156
2020-05-06,59.223052978515625
2020-05-07,58.68692398071289
2020-05-08,56.459861755371094
2020-05-11,59.8416862487793
2020-05-12,58.645668029785156
2020-05-13,59.88292694091797
2020-05-14,58.810646057128906
2020-05-15,58.72814178466797
2020-05-18,56.12993621826172
2020-05-19,57.078495025634766
2020-05-20,60.584022521972656
2020-05-21,63.09978103637695
2020-05-22,67.4301528930664
2020-05-26,65.65675354003906
2020-05-27,65.2031021118164
2020-05-28,65.90421295166016
2020-05-29,65.65675354003906
2020-06-01,65.69801330566406
2020-06-02,65.94544219970703
2020-06-03,64.66696166992188
2020-06-04,64.74945068359375
2020-06-05,70.1108627319336
2020-06-08,72.17294311523438
2020-06-09,69.07982635498047
2020-06-10,71.5130844116211
2020-06-11,69.03857421875
2020-06-12,68.37871551513672
2020-06-15,66.64657592773438
2020-06-16,66.64657592773438
2020-06-17,66.52284240722656
2020-06-18,73.1627426147461
2020-06-19,71.34811401367188
2020-06-22,71.10065460205078
2020-06-23,73.1627426147461
2020-06-24,70.97693634033203
2020-06-25,71.59556579589844
2020-06-26,71.47184753417969
2020-06-29,69.49222564697266
2020-06-30,68.17250061035156
2020-07-01,69.03857421875
2020-07-02,69.78092956542969
2020-07-03,72.9977798461914
2020-07-06,75.47227478027344
2020-07-07,74.56495666503906
2020-07-08,72.58535766601562
2020-07-09,73.94634246826172
2020-07-10,75.71971893310547
2020-07-13,76.17338562011719
2020-07-14,76.7920150756836
2020-07-15,76.33834838867188
2020-07-16,79.10155487060547
2020-07-17,78.8128662109375
2020-07-20,76.75077819824219
2020-07-21,75.47227478027344
2020-07-22,73.94634246826172
2020-07-23,75.05986022949219
2020-07-24,75.22482299804688
2020-07-27,73.20399475097656
2020-07-28,72.75032043457031
2020-07-29,73.08025360107422
2020-07-30,71.47184753417969
2020-07-31,70.60575866699219
2020-08-03,70.19335174560547
2020-08-04,72.66783905029297
2020-08-05,72.75032043457031
2020-08-06,75.6784896850586
2020-08-07,75.76097869873047
2020-08-10,78.73036193847656
2020-08-11,78.31794738769531
2020-08-12,88.09224700927734
2020-08-13,85.65897369384766
2020-08-14,83.96807861328125
2020-08-17,87.22615051269531
2020-08-18,86.52505493164062
2020-08-19,87.18489837646484
2020-08-20,86.23636627197266
2020-08-21,91.5565414428711
2020-08-24,99.35120391845703
2020-08-25,94.07227325439453
2020-08-26,95.26828002929688
2020-08-27,107.80574798583984
2020-08-28,104.9600830078125
2020-08-31,93.5361328125
2020-09-01,91.35032653808594
2020-09-02,96.38182067871094
2020-09-03,96.71174621582031
2020-09-04,89.53570556640625
2020-09-07,89.78314208984375
2020-09-08,88.0097427368164
2020-09-09,85.57649230957031
2020-09-10,88.86628723144531
2020-09-11,87.4920883178711
2020-09-14,91.82295227050781
2020-09-15,92.65580749511719
2020-09-16,92.5308837890625
2020-09-17,89.65750122070312
2020-09-18,88.86628723144531
2020-09-21,84.91020202636719
2020-09-22,83.61927032470703
2020-09-23,84.7436294555664
2020-09-24,80.95410919189453
2020-09-25,84.61870574951172
2020-09-28,86.867431640625
2020-09-29,89.69915008544922
2020-09-30,86.45099639892578
2020-10-01,86.0345687866211
2020-10-05,85.03512573242188
2020-10-06,85.70140838623047
2020-10-07,87.95014190673828
2020-10-08,88.57479858398438
2020-10-09,86.61756896972656
2020-10-12,85.03512573242188
2020-10-13,84.36884307861328
2020-10-14,83.16119384765625
2020-10-15,82.32833099365234
2020-10-16,81.70368957519531
2020-10-19,81.99517822265625
2020-10-20,81.53711700439453
2020-10-21,81.74533081054688
2020-10-22,81.62039184570312
2020-10-23,80.53768157958984
2020-10-26,79.3716812133789
2020-10-27,78.08074188232422
2020-10-28,78.53881072998047
2020-10-29,78.2889633178711
2020-10-30,81.78697204589844
2020-11-02,82.28668975830078
2020-11-03,86.36771392822266
2020-11-04,83.28612518310547
2020-11-05,84.24390411376953
2020-11-06,84.4521255493164
2020-11-09,82.32833099365234
2020-11-10,82.3699722290039
2020-11-11,87.57535552978516
2020-11-12,85.57649230957031
2020-11-13,84.95183563232422
2020-11-14,85.45155334472656
2020-11-17,89.74079895019531
2020-11-18,90.15721893310547
2020-11-19,87.45042419433594
2020-11-20,88.28329467773438
2020-11-23,87.78357696533203
2020-11-24,90.86515045166016
2020-11-25,91.57308197021484
2020-11-26,88.94959259033203
2020-11-27,89.69915008544922
2020-12-01,89.2410888671875
2020-12-02,94.44645690917969
2020-12-03,95.77904510498047
2020-12-04,92.07281494140625
2020-12-07,95.57083129882812
2020-12-08,92.98895263671875
2020-12-09,103.23314666748047
2020-12-10,97.56969451904297
2020-12-11,97.73626708984375
2020-12-14,97.9444808959961
2020-12-15,96.40369415283203
2020-12-16,96.73683166503906
2020-12-17,94.9878158569336
2020-12-18,95.40426635742188
2020-12-21,87.90849304199219
2020-12-22,88.94959259033203
2020-12-23,92.19774627685547
2020-12-24,91.65637969970703
2020-12-28,98.65241241455078
2020-12-29,99.06884765625
2020-12-30,97.69461822509766
2020-12-31,97.31983947753906
2021-01-01,96.86176300048828
2021-01-04,95.82068634033203
2021-01-05,96.52861785888672
2021-01-06,95.65411376953125
2021-01-07,95.44589233398438
2021-01-08,95.69575500488281
2021-01-11,94.65467834472656
2021-01-12,94.69631958007812
2021-01-13,92.7807388305664
2021-01-14,93.57196044921875
2021-01-15,91.78130340576172
2021-01-18,90.11558532714844
2021-01-19,93.15552520751953
2021-01-20,91.8646011352539
2021-01-21,90.36544799804688
2021-01-22,89.2410888671875
2021-01-25,87.5337142944336
2021-01-27,85.36827087402344
2021-01-28,85.57649230957031
2021-01-29,84.99349212646484
2021-02-01,88.74137878417969
2021-02-02,88.0750732421875
2021-02-03,89.40765380859375
2021-02-04,89.19943237304688
2021-02-05,88.19999694824219
2021-02-08,88.86628723144531
2021-02-09,88.19999694824219
2021-02-10,86.99236297607422
2021-02-11,86.70085144042969
2021-02-12,88.0750732421875
2021-02-15,86.90906524658203
2021-02-16,85.78470611572266
2021-02-17,101.27591705322266
2021-02-18,94.19660186767578
2021-02-19,95.8623275756836
2021-02-22,94.19660186767578
2021-02-23,95.02947235107422
2021-02-24,98.48584747314453
2021-02-25,96.44532012939453
2021-02-26,93.9467544555664
2021-03-01,92.82238006591797
2021-03-02,94.11331939697266
2021-03-03,93.61360931396484
2021-03-04,91.82295227050781
2021-03-05,90.40708923339844
2021-03-08,90.90680694580078
2021-03-09,90.19888305664062
2021-03-10,90.69859313964844
2021-03-12,93.0722427368164
2021-03-15,92.44760131835938
2021-03-16,91.44816589355469
2021-03-17,89.19943237304688
2021-03-18,86.70085144042969
2021-03-19,85.992919921875
2021-03-22,88.28329467773438
2021-03-23,88.53314208984375
2021-03-24,85.95126342773438
2021-03-25,82.6614761352539
2021-03-26,82.61982727050781
2021-03-30,83.24446868896484
2021-03-31,87.65864562988281
2021-04-01,88.40821838378906
2021-04-05,85.86798095703125
2021-04-06,85.53484344482422
2021-04-07,88.49151611328125
2021-04-08,87.74192810058594
2021-04-09,87.11727905273438
2021-04-12,82.91133880615234
2021-04-13,84.28556060791016
2021-04-15,83.36941528320312
2021-04-16,85.53484344482422
2021-04-19,82.03683471679688
2021-04-20,82.1201171875
2021-04-22,82.20340728759766
2021-04-23,82.3699722290039
2021-04-26,82.74475860595703
2021-04-27,84.82691955566406
2021-04-28,84.7436294555664
2021-04-29,83.41104888916016
2021-04-30,83.0779037475586
2021-05-03,83.61927032470703
2021-05-04,82.61982727050781
2021-05-05,84.41047668457031
2021-05-06,86.28441619873047
2021-05-07,86.57592010498047
2021-05-10,85.57649230957031
2021-05-11,89.78244018554688
2021-05-12,88.03341674804688
2021-05-14,86.57592010498047
2021-05-17,87.45042419433594
2021-05-18,88.94959259033203
2021-05-19,90.44873046875
2021-05-20,89.99065399169922
2021-05-21,90.86515045166016
2021-05-24,91.82295227050781
2021-05-25,90.11558532714844
2021-05-26,95.1543960571289
2021-05-27,97.40312194824219
2021-05-28,94.0716781616211
2021-05-31,89.44930267333984
2021-06-01,88.03341674804688
2021-06-02,88.78301239013672
2021-06-03,89.9073715209961
2021-06-04,92.5308837890625
2021-06-07,92.73909759521484
2021-06-08,91.3648681640625
2021-06-09,89.2410888671875
2021-06-10,97.73626708984375
2021-06-11,101.19264221191406
2021-06-14,101.31756591796875
2021-06-15,102.52521514892578
2021-06-16,109.2297592163086
2021-06-17,108.48018646240234
2021-06-18,104.9821548461914
2021-06-21,117.39178466796875
2021-06-22,114.64334106445312
2021-06-23,110.52068328857422
2021-06-24,109.8543930053711
2021-06-25,116.80879211425781
2021-06-28,114.18527221679688
2021-06-29,113.97706604003906
2021-06-30,118.7660140991211
2021-07-01,117.84986877441406
2021-07-02,116.35069274902344
2021-07-05,118.89093780517578
2021-07-06,116.3923568725586
2021-07-07,115.7260513305664
2021-07-08,116.05921173095703
2021-07-09,135.92295837402344
2021-07-12,133.38272094726562
2021-07-13,135.92295837402344
2021-07-14,132.9246368408203
2021-07-15,133.09121704101562
2021-07-16,135.92295837402344
2021-07-19,134.215576171875
2021-07-20,127.46940612792969
2021-07-22,132.0501708984375
2021-07-23,130.842529296875
2021-07-26,127.92750549316406
2021-07-27,127.21955108642578
2021-07-28,129.5515899658203
2021-07-29,135.67308044433594
2021-07-30,132.25836181640625
2021-08-02,129.50991821289062
2021-08-03,129.80142211914062
2021-08-04,125.17903900146484
2021-08-05,121.47281646728516
2021-08-06,122.93032836914062
2021-08-09,118.84928894042969
2021-08-10,110.89545440673828
2021-08-11,113.97706604003906
2021-08-12,118.55780792236328
2021-08-13,114.0186996459961
2021-08-16,113.01927185058594
2021-08-17,114.26856994628906
2021-08-18,111.2726058959961
2021-08-20,108.5298080444336
2021-08-23,102.326904296875
2021-08-24,106.04020690917969
2021-08-25,108.06565856933594
2021-08-26,108.31883239746094
2021-08-27,110.00670623779297
2021-08-30,111.98993682861328
2021-08-31,110.68183898925781
2021-09-01,110.63964080810547
2021-09-02,112.41190338134766
2021-09-03,111.35697174072266
2021-09-06,109.8801040649414
2021-09-07,110.0910873413086
2021-09-08,119.12116241455078
2021-09-09,115.829833984375
2021-09-13,117.77086639404297
2021-09-14,118.15066528320312
2021-09-15,117.93965911865234
2021-09-16,116.336181640625
2021-09-17,112.707275390625
2021-09-20,117.22232055664062
2021-09-21,116.54717254638672
2021-09-22,116.5893783569336
2021-09-23,117.55988311767578
2021-09-24,125.91482543945312
2021-09-27,126.50558471679688
2021-09-28,122.83447265625
2021-09-29,128.57325744628906
2021-09-30,130.76744079589844
2021-10-01,130.8518524169922
2021-10-04,129.6703338623047
2021-10-05,128.024658203125
2021-10-06,125.32408905029297
2021-10-07,125.36627197265625
2021-10-08,124.2269515991211
2021-10-11,123.6362075805664
2021-10-12,125.83043670654297
2021-10-13,124.69113159179688
2021-10-14,123.29864501953125
2021-10-18,123.97380828857422
2021-10-19,120.42925262451172
2021-10-20,117.43330383300781
2021-10-21,117.0113296508789
2021-10-22,120.97785186767578
2021-10-25,117.18013763427734
2021-10-26,119.96510314941406
2021-10-27,120.64025115966797
2021-10-28,117.644287109375
2021-10-29,115.70325469970703
2021-11-01,125.28189086914062
2021-11-02,125.74604797363281
2021-11-03,123.88939666748047
2021-11-04,127.51831817626953
2021-11-08,125.02870178222656
2021-11-09,125.53507995605469
2021-11-10,129.41717529296875
2021-11-11,125.70386505126953
2021-11-12,124.18476867675781
2021-11-15,122.11714172363281
2021-11-16,120.766845703125
2021-11-17,119.37433624267578
2021-11-18,119.75413513183594
2021-11-22,111.39918518066406
2021-11-23,114.09976959228516
2021-11-24,114.4373550415039
2021-11-25,115.02810668945312
2021-11-26,110.72404479980469
2021-11-29,108.4032211303711
2021-11-30,108.5298080444336
2021-12-01,109.92230987548828
2021-12-02,111.98993682861328
2021-12-03,111.52577209472656
2021-12-06,110.13328552246094
2021-12-07,115.02810668945312
2021-12-08,119.66974639892578
2021-12-09,127.51831817626953
2021-12-10,132.455322265625
2021-12-13,128.10906982421875
2021-12-14,125.66163635253906
2021-12-15,124.01598358154297
2021-12-16,124.2269515991211
2021-12-17,120.34487915039062
2021-12-20,114.4373550415039
2021-12-21,117.55988311767578
2021-12-22,118.69918823242188
2021-12-23,123.087646484375
2021-12-24,131.99114990234375
2021-12-27,141.48541259765625
2021-12-28,144.22817993164062
2021-12-29,141.99176025390625
2021-12-30,143.9328155517578
2021-12-31,150.8108673095703
2022-01-03,155.6212921142578
2022-01-04,149.6715545654297
2022-01-05,144.77674865722656
2022-01-06,146.3380126953125
2022-01-07,143.1732635498047
2022-01-10,144.90333557128906
2022-01-11,143.5530548095703
2022-01-12,144.56576538085938
2022-01-13,153.7646026611328
2022-01-14,151.02186584472656
2022-01-17,150.8108673095703
2022-01-18,144.43914794921875
2022-01-19,147.5617218017578
2022-01-20,147.3507537841797
2022-01-21,143.0044708251953
2022-01-24,132.03334045410156
2022-01-25,134.6495361328125
2022-01-27,137.01255798339844
2022-01-28,136.46400451660156
2022-01-31,134.94493103027344
2022-02-01,136.92816162109375
2022-02-02,145.83164978027344
2022-02-03,144.9877471923828
2022-02-04,148.11029052734375
2022-02-07,132.87728881835938
2022-02-08,128.95298767089844
2022-02-09,126.716552734375
2022-02-10,128.15126037597656
2022-02-11,128.9951934814453
2022-02-14,123.12984466552734
2022-02-15,123.88939666748047
2022-02-16,131.78016662597656
2022-02-17,128.53103637695312
2022-02-18,125.40847778320312
2022-02-21,123.46743774414062
2022-02-22,119.79631805419922
2022-02-23,120.93560791015625
2022-02-24,111.35697174072266
2022-02-25,115.95640563964844
2022-02-28,115.95640563964844
2022-03-02,115.57666015625
2022-03-03,119.66974639892578
2022-03-04,119.41655731201172
2022-03-07,115.32347869873047
2022-03-08,119.03677368164062
2022-03-09,119.75413513183594
2022-03-10,120.68244934082031
2022-03-11,121.77957916259766
2022-03-14,123.29864501953125
2022-03-15,119.92291259765625
2022-03-16,123.34083557128906
2022-03-17,121.82177734375
2022-03-21,119.75413513183594
2022-03-22,120.59803771972656
2022-03-23,120.42925262451172
2022-03-24,117.89745330810547
2022-03-25,115.57666015625
2022-03-28,114.73270416259766
2022-03-29,113.93098449707031
2022-03-30,116.6315689086914
2022-03-31,117.93965911865234
2022-04-01,120.42925262451172
2022-04-04,122.32809448242188
2022-04-05,121.6529769897461
2022-04-06,123.59403228759766
2022-04-07,120.89344787597656
2022-04-08,124.18476867675781
2022-04-11,123.6362075805664
2022-04-12,126.21021270751953
2022-04-13,127.47611999511719
2022-04-18,123.88939666748047
2022-04-19,120.21829986572266
2022-04-20,124.48014068603516
2022-04-21,124.2691650390625
2022-04-22,123.6362075805664
2022-04-25,120.59803771972656
2022-04-26,123.29864501953125
2022-04-27,132.15994262695312
2022-04-28,130.72523498535156
2022-04-29,124.2691650390625
2022-05-02,123.38304901123047
2022-05-04,119.66974639892578
2022-05-05,116.50499725341797
2022-05-06,115.57666015625
2022-05-09,112.24311828613281
2022-05-10,109.92230987548828
2022-05-11,106.75755310058594
2022-05-12,107.09512329101562
2022-05-13,107.85467529296875
2022-05-16,107.22171783447266
2022-05-17,111.48359680175781
2022-05-18,113.97319793701172
2022-05-19,108.6563949584961
2022-05-20,111.7789535522461
2022-05-23,108.4454116821289
2022-05-24,106.33557891845703
2022-05-25,103.63499450683594
2022-05-26,105.36505889892578
2022-05-27,106.54656982421875
2022-05-30,110.55524444580078
2022-05-31,110.25987243652344
2022-06-01,113.3402328491211
2022-06-02,114.5639419555664
2022-06-03,113.17145538330078
2022-06-06,112.91826629638672
2022-06-07,111.35697174072266
2022-06-08,110.89280700683594
2022-06-09,112.0743408203125
2022-06-10,110.51305389404297
2022-06-13,105.66043090820312
2022-06-14,105.23847198486328
2022-06-15,104.141357421875
2022-06-16,100.93441009521484
2022-06-17,98.44481658935547
2022-06-20,90.42745208740234
2022-06-21,95.70201873779297
2022-06-22,94.94248962402344
2022-06-23,95.32225036621094
2022-06-24,98.3182144165039
2022-06-27,100.63903045654297
2022-06-28,100.0060806274414
2022-06-29,100.55464172363281
2022-06-30,98.4026107788086
2022-07-01,101.27198791503906
2022-07-04,102.15811157226562
2022-07-05,105.70264434814453
2022-07-06,104.98529815673828
2022-07-07,106.67316436767578
2022-07-08,105.28067016601562
2022-07-11,107.72808074951172
2022-07-12,115.02810668945312
2022-07-13,114.81710815429688
2022-07-14,110.72404479980469
2022-07-15,113.67779541015625
2022-07-18,112.41190338134766
2022-07-19,113.04486083984375
2022-07-20,111.86335754394531
2022-07-21,114.31076049804688
2022-07-22,116.25180053710938
2022-07-25,139.50216674804688
2022-07-26,144.94552612304688
2022-07-27,137.7299041748047
2022-07-28,144.5648193359375
2022-07-29,142.1145477294922
2022-08-01,146.45623779296875
2022-08-02,145.08067321777344
2022-08-03,139.70729064941406
2022-08-04,140.781982421875
2022-08-05,141.21185302734375
2022-08-08,141.6846923828125
2022-08-10,142.37249755859375
2022-08-11,144.0919647216797
2022-08-12,142.02859497070312
2022-08-16,142.88833618164062
2022-08-17,144.9946746826172
2022-08-18,149.46534729003906
2022-08-19,145.9403839111328
2022-08-22,143.57611083984375
2022-08-23,140.1371612548828
2022-08-24,139.70729064941406
2022-08-25,148.2186737060547
2022-08-26,146.71414184570312
2022-08-29,147.78883361816406
2022-08-30,157.46087646484375
2022-09-01,168.72341918945312
2022-09-02,162.31838989257812
2022-09-05,162.36138916015625
2022-09-06,160.55592346191406
2022-09-07,161.45864868164062
2022-09-08,160.34100341796875
2022-09-09,158.2776336669922
2022-09-12,160.77085876464844
2022-09-13,171.6895294189453
2022-09-14,167.7347412109375
2022-09-15,164.38177490234375
2022-09-16,158.1056671142578
2022-09-19,158.83644104003906
2022-09-20,158.01971435546875
2022-09-21,149.50828552246094
2022-09-22,151.270751953125
2022-09-23,147.83181762695312
2022-09-26,142.6733856201172
2022-09-27,146.28427124023438
2022-09-28,144.47885131835938
2022-09-29,145.08067321777344
2022-09-30,146.80014038085938
2022-10-03,143.92001342773438
2022-10-04,147.78883361816406
2022-10-06,152.38841247558594
2022-10-07,160.8998260498047
2022-10-10,154.58074951171875
2022-10-11,149.8092041015625
2022-10-12,149.16439819335938
2022-10-13,160.21205139160156
2022-10-14,161.32969665527344
2022-10-17,165.4564208984375
2022-10-18,163.99488830566406
2022-10-19,170.5718536376953
2022-10-20,176.50405883789062
2022-10-21,174.7415771484375
2022-10-24,206.59486389160156
2022-10-25,213.04287719726562
2022-10-27,225.07920837402344
2022-10-28,229.11997985839844
2022-10-31,234.10641479492188
2022-11-01,223.57464599609375
2022-11-02,229.16294860839844
2022-11-03,226.02490234375
2022-11-04,228.2172393798828
2022-11-07,252.20391845703125
2022-11-09,263.0796203613281
2022-11-10,239.78070068359375
2022-11-11,242.74679565429688
2022-11-14,233.4616241455078
2022-11-15,236.04083251953125
2022-11-16,243.5205841064453
2022-11-17,234.36439514160156
2022-11-18,233.1177520751953
2022-11-21,231.35531616210938
2022-11-22,234.14944458007812
2022-11-23,234.53631591796875
2022-11-24,232.7738494873047
2022-11-25,243.34864807128906
2022-11-28,244.33729553222656
2022-11-29,242.78981018066406
2022-11-30,234.92320251464844
2022-12-01,235.48204040527344
2022-12-02,234.3213653564453
2022-12-05,233.20372009277344
2022-12-06,225.93893432617188
2022-12-07,236.42771911621094
2022-12-08,235.99786376953125
2022-12-09,220.6085662841797
2022-12-12,216.094970703125
2022-12-13,225.33714294433594
2022-12-14,223.7895965576172
2022-12-15,216.9116973876953
2022-12-16,210.6356201171875
2022-12-19,212.05418395996094
2022-12-20,211.2804412841797
2022-12-21,196.9228057861328
2022-12-22,182.39324951171875
2022-12-23,173.7099151611328
2022-12-26,183.16702270507812
2022-12-27,187.2937469482422
2022-12-28,190.3458251953125
2022-12-29,189.5720672607422
2022-12-30,190.56076049804688
2023-01-02,197.78253173828125
2023-01-03,195.5902099609375
2023-01-04,192.40921020507812
2023-01-05,189.8300018310547
2023-01-06,185.7032470703125
2023-01-09,186.43402099609375
2023-01-10,183.46792602539062
2023-01-11,187.46571350097656
2023-01-12,185.74624633789062
2023-01-13,190.646728515625
2023-01-16,188.92726135253906
2023-01-17,187.6376495361328
2023-01-18,185.27337646484375
2023-01-19,186.21908569335938
2023-01-20,185.8751983642578
2023-01-23,183.8118133544922
2023-01-24,188.19647216796875
2023-01-25,179.16925048828125
2023-01-27,171.30262756347656
2023-01-30,171.47459411621094
2023-01-31,179.08326721191406
2023-02-01,176.67601013183594
2023-02-02,173.8388671875
2023-02-03,180.45883178710938
2023-02-06,212.09716796875
2023-02-07,206.42291259765625
2023-02-08,224.52037048339844
2023-02-09,221.68325805664062
2023-02-10,218.24432373046875
2023-02-13,216.8257293701172
2023-02-14,218.11534118652344
2023-02-15,217.34156799316406
2023-02-16,220.56558227539062
2023-02-17,223.9185791015625
2023-02-20,219.06105041503906
2023-02-21,214.93431091308594
2023-02-22,207.79847717285156
2023-02-23,206.80979919433594
2023-02-24,207.28265380859375
2023-02-27,197.78253173828125
2023-02-28,196.6219024658203
2023-03-01,208.52928161621094
2023-03-02,204.78939819335938
2023-03-03,210.59262084960938
2023-03-06,212.87095642089844
2023-03-08,208.0994110107422
2023-03-09,206.16500854492188
2023-03-10,200.0608367919922
2023-03-13,193.26893615722656
2023-03-14,189.65805053710938
2023-03-15,186.43402099609375
2023-03-16,186.00416564941406
2023-03-17,190.25985717773438
2023-03-20,187.7236328125
2023-03-21,188.6263427734375
2023-03-22,189.8300018310547
2023-03-23,189.9589385986328
2023-03-24,182.43621826171875
2023-03-27,178.1805419921875
2023-03-28,179.08326721191406
2023-03-29,193.0970001220703
2023-03-31,200.53370666503906
2023-04-03,210.7645721435547
2023-04-05,213.5587158203125
2023-04-06,216.73974609375
2023-04-10,214.46144104003906
2023-04-11,215.92300415039062
2023-04-12,219.31898498535156
2023-04-13,218.93206787109375
2023-04-17,211.92523193359375
2023-04-18,207.5405731201172
2023-04-19,210.89353942871094
2023-04-20,210.59262084960938
2023-04-21,212.95689392089844
2023-04-24,211.2374267578125
2023-04-25,226.02490234375
2023-04-26,224.52037048339844
2023-04-27,223.3167266845703
2023-04-28,234.96617126464844
2023-05-02,243.17666625976562
2023-05-03,232.301025390625
2023-05-04,239.60879516601562
2023-05-05,236.6856689453125
2023-05-08,215.06326293945312
2023-05-09,211.53834533691406
2023-05-10,208.7442169189453
2023-05-11,212.61300659179688
2023-05-12,206.80979919433594
2023-05-15,203.32785034179688
2023-05-16,207.79847717285156
2023-05-17,214.8913116455078
2023-05-18,209.77586364746094
2023-05-19,209.2170867919922
2023-05-22,205.73512268066406
2023-05-23,204.40252685546875
2023-05-24,203.24188232421875
2023-05-25,200.83462524414062
2023-05-26,207.2396697998047
2023-05-29,210.54965209960938
2023-05-30,207.19667053222656
2023-05-31,200.44773864746094
2023-06-01,198.16944885253906
2023-06-02,198.42735290527344
2023-06-05,197.22372436523438
2023-06-06,197.09474182128906
2023-06-07,195.20333862304688
2023-06-08,196.53594970703125
2023-06-09,195.33229064941406
2023-06-12,195.5902099609375
2023-06-13,201.04957580566406
2023-06-14,193.3978729248047
2023-06-15,194.08567810058594
2023-06-16,199.33009338378906
2023-06-19,198.16944885253906
2023-06-20,215.70806884765625
2023-06-21,211.15147399902344
2023-06-22,210.85055541992188
2023-06-23,214.50445556640625
2023-06-26,222.24208068847656
2023-06-27,225.5090789794922
2023-06-28,217.04067993164062
2023-06-30,220.1356964111328
2023-07-03,228.0023193359375
2023-07-04,224.219482421875
2023-07-05,225.80999755859375
2023-07-06,229.50686645507812
2023-07-07,229.5928192138672
2023-07-10,225.16517639160156
2023-07-11,224.86428833007812
2023-07-12,226.88462829589844
2023-07-13,226.2828369140625
2023-07-14,238.3621368408203
2023-07-17,238.44813537597656
2023-07-18,256.80352783203125
2023-07-19,258.0931091308594
2023-07-20,270.5592956542969
2023-07-21,274.9439697265625
2023-07-24,278.5548400878906
2023-07-25,255.7288360595703
2023-07-26,255.68585205078125
2023-07-27,264.67010498046875
2023-07-28,265.7017822265625
2023-07-31,257.0614013671875
2023-08-01,275.4168395996094
2023-08-02,271.9778747558594
2023-08-03,273.2244873046875
2023-08-04,273.65435791015625
2023-08-07,286.5074157714844
2023-08-08,285.21783447265625
2023-08-09,284.5300598144531
2023-08-10,275.67474365234375
2023-08-11,284.8309326171875
2023-08-14,284.1431579589844
2023-08-16,289.9034118652344
2023-08-17,283.88525390625
2023-08-18,286.58935546875
2023-08-21,279.2306823730469
2023-08-22,277.6791687011719
2023-08-23,296.0758361816406
2023-08-24,302.1046142578125
2023-08-25,300.9520568847656
2023-08-28,299.00152587890625
2023-08-29,296.60772705078125
2023-08-30,292.52947998046875
2023-08-31,289.1604309082031
2023-09-01,289.382080078125
2023-09-04,314.96014404296875
2023-09-05,312.655029296875
2023-09-06,306.9364929199219
2023-09-07,308.2220458984375
2023-09-08,308.3993835449219
2023-09-11,304.8530578613281
2023-09-12,282.3780517578125
2023-09-13,289.11614990234375
2023-09-14,290.97796630859375
2023-09-15,293.6377258300781
2023-09-18,286.81097412109375
2023-09-20,281.7574462890625
2023-09-21,281.7131042480469
2023-09-22,284.6388244628906
2023-09-25,282.6883239746094
2023-09-26,283.0873107910156
2023-09-27,283.7522277832031
2023-09-28,285.3924255371094
2023-09-29,285.12646484375
2023-10-03,282.59967041015625
2023-10-04,279.71826171875
2023-10-05,284.7718505859375
2023-10-06,298.2036437988281
2023-10-09,288.0965576171875
2023-10-10,283.88525390625
2023-10-11,286.057373046875
2023-10-12,286.1903381347656
2023-10-13,287.69757080078125
2023-10-16,289.4264221191406
2023-10-17,290.71197509765625
2023-10-18,291.0666198730469
2023-10-19,288.9831237792969
2023-10-20,288.1408386230469
2023-10-23,268.01531982421875
2023-10-25,258.9721374511719
2023-10-26,261.8092346191406
2023-10-27,264.6463317871094
2023-10-30,260.4350280761719
2023-10-31,260.0360107421875
2023-11-01,260.7896423339844
2023-11-02,266.3308410644531
2023-11-03,264.95660400390625
2023-11-06,267.12872314453125
2023-11-07,265.931884765625
2023-11-08,267.3060607910156
2023-11-09,265.88751220703125
2023-11-10,267.6606750488281
2023-11-13,272.5812683105469
2023-11-15,280.250244140625
2023-11-16,277.5904846191406
2023-11-17,279.71826171875
2023-11-20,277.8564758300781
2023-11-21,275.59564208984375
2023-11-22,274.2657775878906
2023-11-23,273.91119384765625
2023-11-24,273.5565185546875
2023-11-28,272.2709655761719
2023-11-29,272.5812683105469
2023-11-30,272.53692626953125
2023-12-01,282.112060546875
2023-12-04,283.88525390625
2023-12-05,279.6296081542969
2023-12-06,294.1253356933594
2023-12-07,294.1696472167969
2023-12-08,289.95831298828125
2023-12-11,288.5398254394531
2023-12-12,283.7522277832031
2023-12-13,285.4811096191406
2023-12-14,288.31817626953125
2023-12-15,292.706787109375
2023-12-18,289.7810363769531
2023-12-19,292.9284362792969
2023-12-20,280.4718933105469
2023-12-21,284.10687255859375
2023-12-22,287.83056640625
2023-12-26,290.35736083984375
2023-12-27,294.25830078125
2023-12-28,289.4264221191406
2023-12-29,286.81097412109375
2024-01-01,287.4759521484375
2024-01-02,286.057373046875
2024-01-03,284.8161315917969
2024-01-04,286.8553161621094
2024-01-05,284.1512451171875
2024-01-08,294.4799499511719
2024-01-09,290.71197509765625
2024-01-10,288.4954833984375
2024-01-11,289.24908447265625
2024-01-12,288.0079040527344
2024-01-15,299.04583740234375
2024-01-16,293.6820373535156
2024-01-17,290.8893127441406
2024-01-18,288.0522155761719
2024-01-19,289.0274353027344
2024-01-23,278.34405517578125
2024-01-24,281.4028015136719
2024-01-25,279.27496337890625
2024-01-29,282.6440124511719
2024-01-30,280.8265380859375
2024-01-31,282.4223327636719
2024-02-01,289.20477294921875
2024-02-02,285.83575439453125
2024-02-05,268.5029602050781
2024-02-06,268.7689208984375
2024-02-07,266.8184814453125
2024-02-08,260.1690673828125
2024-02-09,263.44940185546875
2024-02-12,257.819580078125
2024-02-13,251.25885009765625
2024-02-14,258.0412292480469
2024-02-15,261.32159423828125
2024-02-16,264.3359680175781
2024-02-19,265.1339111328125
2024-02-20,262.8731384277344
2024-02-21,262.385498046875
2024-02-22,261.7648620605469
2024-02-23,273.91119384765625
2024-02-26,271.8719482421875
2024-02-27,269.4781799316406
2024-02-28,273.77813720703125
2024-02-29,268.6359558105469
2024-03-01,267.04010009765625
2024-03-04,268.6359558105469
2024-03-05,268.0596618652344
2024-03-06,259.41546630859375
2024-03-07,261.7648620605469
2024-03-11,256.4453430175781
2024-03-12,248.37742614746094
2024-03-13,228.5178680419922
2024-03-14,242.12698364257812
2024-03-15,248.46604919433594
2024-03-18,248.86505126953125
2024-03-19,242.48162841796875
2024-03-20,243.1908721923828
2024-03-21,246.16094970703125
2024-03-22,250.54957580566406
2024-03-26,255.11546325683594
2024-03-27,245.6289825439453
2024-03-28,240.79708862304688
2024-04-01,254.05157470703125
2024-04-02,256.04638671875
2024-04-03,264.7349853515625
2024-04-04,266.4194641113281
2024-04-05,266.7297668457031
2024-04-08,277.3244934082031
2024-04-09,278.5657043457031
2024-04-10,281.04815673828125
2024-04-12,275.24102783203125
2024-04-15,268.9462585449219
2024-04-16,267.61639404296875
2024-04-18,268.2369689941406
2024-04-19,268.1483459472656
2024-04-22,280.560546875
2024-04-23,287.3429260253906
2024-04-24,288.31817626953125
2024-04-25,290.8006591796875
2024-04-26,286.3233642578125
2024-04-29,284.9048156738281
2024-04-30,280.560546875
2024-05-02,281.2254638671875
2024-05-03,277.546142578125
2024-05-06,283.2646484375
2024-05-07,281.8460998535156
2024-05-08,279.6296081542969
2024-05-09,277.1028137207031
2024-05-10,302.3705749511719
2024-05-13,343.5526123046875
2024-05-14,354.1473083496094
2024-05-15,388.2809143066406
2024-05-16,384.55718994140625
2024-05-17,373.3418884277344
2024-05-21,360.3533935546875
2024-05-22,378.0408020019531
2024-05-23,374.5830993652344
2024-05-24,362.3482360839844
2024-05-27,365.7615661621094
2024-05-28,355.29986572265625
2024-05-29,362.2152099609375
2024-05-30,370.90380859375
2024-05-31,370.8594665527344
2024-06-03,369.88421630859375
2024-06-04,339.87322998046875
2024-06-05,365.40692138671875
2024-06-06,374.8934326171875
2024-06-07,391.8272705078125
2024-06-10,388.4582214355469
2024-06-11,416.29705810546875
2024-06-12,422.8577880859375
2024-06-13,413.991943359375
2024-06-14,413.1939697265625
2024-06-18,395.41790771484375
2024-06-19,391.6056213378906
2024-06-20,393.64471435546875
2024-06-21,389.56646728515625
2024-06-24,426.62579345703125
2024-06-25,425.4732360839844
2024-06-26,416.5187072753906
2024-06-27,410.9775085449219
2024-06-28,414.2135925292969
2024-07-01,428.39898681640625
2024-07-02,422.5031433105469
2024-07-03,496.17852783203125
2024-07-04,477.5602111816406
2024-07-05,473.7478942871094
2024-07-08,471.088134765625
2024-07-09,527.3864135742188
2024-07-10,564.3571166992188
2024-07-11,575.4838256835938
2024-07-12,563.2250366210938
2024-07-15,562.139404296875
2024-07-16,569.7389526367188
2024-07-18,553.9970703125
2024-07-19,528.031982421875
2024-07-22,540.4717407226562
2024-07-23,535.1791381835938
2024-07-24,540.290771484375
2024-07-25,570.1913452148438
2024-07-26,567.8842163085938
2024-07-29,556.5302734375
2024-07-30,547.16650390625
2024-07-31,544.1357421875
2024-08-01,552.8209228515625
2024-08-02,541.5572509765625
2024-08-05,507.3594055175781
2024-08-06,490.2604675292969
2024-08-07,497.3623962402344
2024-08-08,490.44134521484375
2024-08-09,489.8985900878906
2024-08-12,505.3690490722656
2024-08-13,471.5330505371094
2024-08-14,469.6331481933594
2024-08-16,490.16998291015625
2024-08-19,531.9221801757812
2024-08-20,538.9337158203125
2024-08-21,527.2177734375
2024-08-22,526.0867919921875
2024-08-23,544.0000610351562
2024-08-26,557.7063598632812
2024-08-27,555.444580078125
2024-08-28,544.452392578125
2024-08-29,534.1387329101562
2024-08-30,531.8317260742188
2024-09-02,547.5283203125
2024-09-03,598.6895141601562
2024-09-04,602.625
2024-09-05,610.1793212890625
2024-09-06,586.1141357421875
2024-09-09,590.0043334960938
2024-09-10,584.757080078125
2024-09-11,621.9856567382812
2024-09-12,612.4410400390625
2024-09-13,619.8143920898438
2024-09-16,622.98095703125
2024-09-17,634.4254760742188
2024-09-18,617.1907958984375
2024-09-19,578.831298828125
2024-09-20,596.111083984375
2024-09-23,604.2987060546875
2024-09-24,595.296875
2024-09-25,598.9608764648438
2024-09-26,586.7926025390625
2024-09-27,565.5773315429688
2024-09-30,565.125
2024-10-01,570.1460571289062
2024-10-03,545.0404663085938
2024-10-04,530.474609375
2024-10-07,507.85699462890625
2024-10-08,496.41253662109375
2024-10-09,504.9166564941406
2024-10-10,510.39019775390625
2024-10-11,510.7972412109375
2024-10-14,508.3545837402344
2024-10-15,508.1737060546875
2024-10-16,507.40460205078125
2024-10-17,494.6934509277344
2024-10-18,494.5578308105469
2024-10-21,485.0131530761719
2024-10-22,462.5764465332031
2024-10-23,474.20196533203125
2024-10-24,458.1886291503906
2024-10-25,453.12225341796875
2024-10-28,469.7236633300781
2024-10-29,466.376220703125
2024-10-30,494.7840576171875
2024-10-31,500.8002624511719
2024-11-01,514.05419921875
2024-11-04,500.6193542480469
2024-11-05,512.0639038085938
2024-11-06,534.8624877929688
2024-11-07,519.6634521484375
2024-11-08,511.0234680175781
2024-11-11,516.8136596679688
2024-11-12,504.3553161621094
2024-11-13,473.734375
2024-11-14,473.5975036621094
2024-11-18,481.6748352050781
2024-11-19,492.3533935546875
2024-11-21,481.12725830078125
2024-11-22,488.47442626953125
2024-11-25,492.9922790527344
2024-11-26,505.49615478515625
2024-11-27,516.6310424804688
2024-11-28,518.2738647460938
2024-11-29,519.414794921875
2024-12-02,556.3333129882812
2024-12-03,553.7777709960938
2024-12-04,554.1884765625
2024-12-05,557.2003784179688
2024-12-06,563.40673828125
2024-12-09,556.5158081054688
2024-12-10,552.0892944335938
2024-12-11,566.9662475585938
2024-12-12,550.2182006835938
2024-12-13,559.390869140625
2024-12-16,556.6071166992188
2024-12-17,571.5296630859375
2024-12-18,558.0674438476562
2024-12-19,542.5516357421875
2024-12-20,519.5973510742188
2024-12-23,506.63702392578125
2024-12-24,514.5775146484375
2024-12-26,499.472412109375
2024-12-27,493.7224426269531
2024-12-30,490.02606201171875
2024-12-31,498.8791198730469
2025-01-01,499.8831481933594
2025-01-02,521.4683227539062
2025-01-03,525.02783203125
2025-01-06,492.39898681640625
2025-01-07,511.1092529296875
2025-01-08,500.9327087402344
2025-01-09,484.6867370605469
2025-01-10,475.74237060546875
2025-01-13,450.3237609863281
2025-01-14,469.94671630859375
2025-01-15,469.809814453125
2025-01-16,479.1649169921875
2025-01-17,475.01220703125
2025-01-20,476.01611328125
2025-01-21,467.5736999511719
2025-01-22,457.3515319824219
2025-01-23,458.2642517089844
2025-01-24,448.9090881347656
2025-01-27,419.9766540527344
2025-01-28,417.6949462890625
2025-01-29,434.57977294921875
2025-01-30,416.7822265625
2025-01-31,441.927001953125
2025-02-01,462.82769775390625
2025-02-03,440.5579528808594
2025-02-04,442.24639892578125
2025-02-05,443.70672607421875
2025-02-06,442.9765930175781
2025-02-07,435.9944763183594
2025-02-10,422.89727783203125
2025-02-11,400.07989501953125
2025-02-12,410.30206298828125
2025-02-13,406.4231262207031
2025-02-14,383.33197021484375
2025-02-17,377.947021484375
2025-02-18,362.3855895996094
2025-02-19,377.3537902832031
2025-02-20,373.1097412109375
2025-02-21,366.4471130371094
2025-02-24,365.3518371582031
2025-02-25,359.8756408691406
2025-02-27,348.1018981933594
2025-02-28,334.4114990234375
2025-03-03,336.328125
2025-03-04,337.42340087890625
2025-03-05,353.1217346191406
2025-03-06,376.7605285644531
2025-03-07,371.6950988769531
2025-03-10,365.0324401855469
2025-03-11,368.45501708984375
2025-03-12,367.4053955078125
2025-03-13,368.5919189453125
2025-03-17,360.74273681640625
2025-03-18,360.74273681640625
2025-03-19,392.5045166015625
2025-03-20,389.1731872558594
2025-03-21,392.1394348144531
2025-03-24,392.4588928222656
2025-03-25,380.95892333984375
2025-03-26,374.66131591796875
2025-03-27,381.91729736328125
2025-03-28,375.4827575683594
2025-04-01,374.9808044433594
2025-04-02,377.2625427246094
2025-04-03,395.3338928222656
2025-04-04,374.1137390136719
2025-04-07,350.5205383300781
2025-04-08,378.3121337890625
2025-04-09,368.911376953125
2025-04-11,384.10772705078125
2025-04-15,392.0481872558594
2025-04-16,411.62548828125
2025-04-17,408.9330139160156
2025-04-21,411.44293212890625
2025-04-22,423.3992614746094
2025-04-23,422.98858642578125
2025-04-24,424.9964599609375
2025-04-25,408.0660095214844
2025-04-28,412.40130615234375
2025-04-29,407.4727478027344
2025-04-30,396.4747619628906
2025-05-02,396.10968017578125
2025-05-05,433.6214294433594
2025-05-06,424.9051818847656
2025-05-07,432.8912658691406
2025-05-08,430.518310546875
2025-05-09,424.6770324707031
2025-05-12,446.9011535644531
2025-05-13,449.5479736328125
2025-05-14,459.5419921875
2025-05-15,454.7047119140625
2025-05-16,455.2979431152344
2025-05-19,457.9447937011719
2025-05-20,451.6015319824219
2025-05-21,459.8614196777344
2025-05-22,452.3773193359375
2025-05-23,453.5638427734375
2025-05-26,450.962646484375
2025-05-27,444.02618408203125
2025-05-28,447.12933349609375
2025-05-29,447.2662353515625
2025-05-30,440.7404479980469
2025-06-02,438.7325439453125
2025-06-03,435.9031982421875
2025-06-04,437.3634948730469
2025-06-05,441.927001953125
2025-06-06,454.978515625
2025-06-09,497.1450500488281
2025-06-10,486.1470947265625
2025-06-11,485.234375
2025-06-12,483.08953857421875
2025-06-13,492.9466247558594
2025-06-16,493.4942932128906
2025-06-17,494.361328125
2025-06-18,491.1669006347656
2025-06-19,477.93280029296875
2025-06-20,495.7760009765625
2025-06-23,473.780029296875
2025-06-24,482.95263671875
2025-06-25,493.6311340332031
2025-06-26,492.3077697753906
2025-06-27,494.8177185058594
2025-06-30,513.2540893554688
2025-07-01,516.4485473632812
2025-07-02,520.7838134765625
2025-07-03,517.726318359375
2025-07-04,520.1906127929688
2025-07-07,525.4386596679688
2025-07-08,532.4663696289062
2025-07-09,528.5874633789062
2025-07-10,519.6428833007812
2025-07-11,512.471923828125
2025-07-14,497.8955383300781
2025-07-15,502.2074890136719
2025-07-16,512.0032348632812
2025-07-17,504.2229309082031
2025-07-18,489.177734375
2025-07-21,490.16204833984375
2025-07-22,489.365234375
2025-07-23,484.0220642089844
2025-07-24,483.45965576171875
2025-07-25,469.3987731933594
2025-07-28,456.3690490722656
2025-07-29,485.24072265625
2025-07-30,487.0685729980469
2025-07-31,480.8818359375
2025-08-01,477.9290771484375
2025-08-04,483.60028076171875
2025-08-05,483.45965576171875
2025-08-06,481.35052490234375
2025-08-07,491.239990234375
2025-08-08,464.8055725097656
2025-08-11,467.52398681640625
2025-08-12,470.336181640625
2025-08-13,474.2263488769531
2025-08-14,460.49359130859375
2025-08-18,466.39910888671875
2025-08-19,471.88287353515625
2025-08-20,461.29034423828125
2025-08-21,456.7439880371094
2025-08-22,454.2599182128906
2025-08-25,442.12066650390625
2025-08-26,435.93389892578125
2025-08-28,449.1980285644531
2025-08-29,443.3393249511719
2025-09-01,449.6667175292969
2025-09-02,448.2606201171875
2025-09-03,460.25921630859375
2025-09-04,446.9013977050781
2025-09-05,446.7138977050781
2025-09-08,463.9619140625
2025-09-09,457.868896484375
2025-09-10,462.6026916503906
2025-09-11,460.44671630859375
2025-09-12,453.5099792480469
2025-09-15,455.384765625
2025-09-16,477.6947021484375
2025-09-17,471.03924560546875
2025-09-18,467.8052062988281
2025-09-19,471.6016540527344
2025-09-22,465.3680114746094
2025-09-23,462.2746276855469
2025-09-24,451.8695373535156
2025-09-25,451.0259094238281
2025-09-26,442.9643249511719
2025-09-29,438.55859375
2025-09-30,439.6834716796875
2025-10-01,455.3379211425781
2025-10-03,456.8846130371094
2025-10-06,452.5257568359375
2025-10-07,448.8230285644531
2025-10-08,446.3389587402344
2025-10-09,441.7457275390625
2025-10-10,444.979736328125
2025-10-13,443.6205139160156
2025-10-14,438.8866882324219
2025-10-15,442.0738220214844
2025-10-16,440.52716064453125
2025-10-17,435.6058349609375
2025-10-20,426.1850280761719
2025-10-21,430.6845397949219
2025-10-23,431.76251220703125
2025-10-24,427.2161560058594
2025-10-27,426.60687255859375
2025-10-28,424.2633972167969
2025-10-29,431.0594787597656
2025-10-30,427.3099060058594
2025-10-31,426.4194030761719
2025-11-03,424.1696472167969
2025-11-04,417.7953796386719
2025-11-06,406.3592224121094
2025-11-07,414.3270263671875
2025-11-10,416.95172119140625
2025-11-11,425.0601806640625
2025-11-12,440.15216064453125
2025-11-13,436.12139892578125
2025-11-14,433.2250061035156
2025-11-17,428.0019836425781
2025-11-18,426.2926330566406
2025-11-19,422.1617126464844
2025-11-20,422.39910888671875
2025-11-21,416.2264709472656
2025-11-24,406.9674987792969
2025-11-25,401.6020202636719
2025-11-26,413.330078125
2025-11-27,422.54156494140625
2025-11-28,416.65380859375
2025-12-01,422.0667419433594
2025-12-02,423.5386962890625
2025-12-03,419.5027160644531
2025-12-04,420.1199951171875
2025-12-05,412.7602844238281
2025-12-08,394.8595886230469
2025-12-09,405.4480895996094
2025-12-10,401.98187255859375
2025-12-11,403.6912536621094
2025-12-12,405.92291259765625
2025-12-15,410.86102294921875
2025-12-16,402.31427001953125
2025-12-17,397.9459228515625
2025-12-18,388.63946533203125
2025-12-19,394.05242919921875
2025-12-22,400.69989013671875
2025-12-23,401.0797424316406
2025-12-24,398.6106872558594
2025-12-26,413.1876220703125
2025-12-29,401.0322570800781
2025-12-30,396.2840576171875
2025-12-31,399.03802490234375
2026-01-01,398.4207458496094
2026-01-02,408.96173095703125
2026-01-05,402.17181396484375
2026-01-06,398.8006286621094
2026-01-07,397.9459228515625
2026-01-08,383.79632568359375
2026-01-09,372.4006652832031
2026-01-12,370.7388000488281
2026-01-13,389.3042297363281
2026-01-14,388.63946533203125
2026-01-15,388.63946533203125
2026-01-16,378.9531555175781
2026-01-19,371.4985046386719
2026-01-20,357.728759765625
2026-01-21,361.1474304199219
2026-01-22,359.4855651855469
2026-01-23,353.26544189453125
2026-01-27,361.3373718261719
2026-01-28,382.5617980957031
2026-01-29,378.3833923339844
2026-01-30,391.6783447265625
2026-02-02,402.50421142578125
2026-02-03,393.0078125
2026-02-04,406.7300720214844
2026-02-05,391.7732849121094
2026-02-06,368.4122009277344
2026-02-09,385.9804992675781
2026-02-10,390.39630126953125
2026-02-11,391.2035217285156
2026-02-12,385.8855285644531
2026-02-13,390.44378662109375
2026-02-16,384.0337219238281
2026-02-17,394.1473693847656
2026-02-18,398.3732604980469
2026-02-19,391.06103515625
2026-02-20,391.0135803222656
2026-02-23,388.54449462890625
2026-02-24,387.3574523925781
2026-02-25,392.10565185546875
2026-02-26,389.589111328125
2026-02-27,401.2221984863281
2026-03-02,385.31573486328125
2026-03-04,372.6855773925781
2026-03-05,373.8251037597656
2026-03-06,377.4337463378906
2026-03-09,369.6466979980469
2026-03-10,388.82940673828125
2026-03-11,379.4754638671875
2026-03-12,374.2999267578125
2026-03-13,367.2726135253906
2026-03-16,374.4423828125
2026-03-17,373.49273681640625
2026-03-18,384.603515625
2026-03-19,376.4366149902344
2026-03-20,374.2524719238281
2026-03-23,362.71435546875
2026-03-24,373.9675598144531
2026-03-25,386.5502624511719
2026-03-27,370.4064025878906
2026-03-30,358.7258605957031
2026-04-01,375.6294250488281
2026-04-02,379.8553161621094
2026-04-06,382.6092529296875
2026-04-07,383.55889892578125
2026-04-08,397.32867431640625
2026-04-09,395.1919860839844
2026-04-10,404.3559875488281
2026-04-13,400.3675231933594
2026-04-15,406.7300720214844
2026-04-16,406.3977355957031
2026-04-17,423.7286376953125
2026-04-20,431.70556640625
2026-04-21,429.7113342285156
2026-04-22,434.12713623046875
2026-04-23,436.881103515625
2026-04-24,429.47393798828125
2026-04-27,438.54296875
2026-04-28,436.02642822265625
2026-04-29,432.65521240234375
2026-04-30,427.62213134765625
2026-05-01,427.62213134765625
2026-05-04,423.396240234375
2026-05-05,417.50848388671875
2026-05-06,428.9516296386719
2026-05-07,442.24658203125
2026-05-08,443.2436828613281
2026-05-11,453.6422424316406
2026-05-12,440.6321716308594
2026-05-13,451.932861328125
2026-05-14,466.50982666015625
2026-05-15,458.770263671875
2026-05-18,443.5760498046875
2026-05-19,441.2494201660156
2026-05-20,437.35589599609375
2026-05-21,437.54583740234375
2026-05-22,437.97320556640625
2026-05-25,438.9228515625
2026-05-26,443.908447265625
2026-05-27,447.89691162109375
2026-05-28,447.89691162109375
2026-05-29,440.48974609375
2026-06-01,440.394775390625
2026-06-02,451.4580383300781
2026-06-03,447.94439697265625
2026-06-04,455.7789306640625
2026-06-05,453.4523010253906
2026-06-08,465.4177551269531
2026-06-09,468.4090881347656
2026-06-10,476.1961364746094
2026-06-11,466.17742919921875
2026-06-12,476.38604736328125
2026-06-15,483.46087646484375
2026-06-16,484.88531494140625
2026-06-17,485.2651672363281
2026-06-18,499.79461669921875
2026-06-19,498.6075744628906
2026-06-22,493.71697998046875
2026-06-23,488.6363830566406
2026-06-24,491.53277587890625
2026-06-25,490.0608215332031
2026-06-26,490.0608215332031
2026-06-29,492.387451171875
2026-06-30,488.73138427734375
2026-07-01,491.4378356933594
2026-07-02,497.3730773925781
2026-07-03,498.32269287109375
2026-07-06,500.4593811035156
2026-07-07,506.3946228027344
2026-07-08,511.142822265625
2026-07-09,518.5499877929688
2026-07-10,506.45001220703125
2026-07-13,488.75
2026-07-14,469.20001220703125
2026-07-15,466.79998779296875
2026-07-16,458.1000061035156
2026-07-17,450.20001220703125
2026-07-20,448.54998779296875
2026-07-21,453.25
2026-07-22,447.8999938964844
2026-07-23,440.79998779296875
2026-07-24,452.20001220703125
2026-07-27,447.6499938964844
2026-07-28,450.75
2026-07-29,448.29998779296875
2026-07-30,452.0
