date,adj
2007-01-02,29.999340057373047
2007-01-03,29.960878372192383
2007-01-04,30.653167724609375
2007-01-05,29.922422409057617
2007-01-08,29.57627296447754
2007-01-09,29.191667556762695
2007-01-10,28.999357223510742
2007-01-11,29.307044982910156
2007-01-12,29.307044982910156
2007-01-15,29.537817001342773
2007-01-16,29.345508575439453
2007-01-17,29.191667556762695
2007-01-18,29.422426223754883
2007-01-19,29.922422409057617
2007-01-22,31.268545150756836
2007-01-23,30.268566131591797
2007-01-24,30.153182983398438
2007-01-25,30.230100631713867
2007-01-29,29.960878372192383
2007-01-31,29.191667556762695
2007-02-01,28.84551429748535
2007-02-02,28.730134963989258
2007-02-05,28.653213500976562
2007-02-06,28.422447204589844
2007-02-07,28.383983612060547
2007-02-08,28.576295852661133
2007-02-09,28.15322494506836
2007-02-12,27.191707611083984
2007-02-13,26.884023666381836
2007-02-14,27.114784240722656
2007-02-15,27.42247200012207
2007-02-19,26.460956573486328
2007-02-20,26.07634925842285
2007-02-21,26.03788948059082
2007-02-22,25.999425888061523
2007-02-23,25.884044647216797
2007-02-26,25.384052276611328
2007-02-27,25.345596313476562
2007-02-28,25.191753387451172
2007-03-01,25.499435424804688
2007-03-02,25.845584869384766
2007-03-05,24.537919998168945
2007-03-06,24.576383590698242
2007-03-07,24.42254066467285
2007-03-08,24.768686294555664
2007-03-09,24.076387405395508
2007-03-12,24.1917724609375
2007-03-13,25.03791046142578
2007-03-14,24.730224609375
2007-03-15,25.08748435974121
2007-03-16,24.849308013916016
2007-03-19,24.531747817993164
2007-03-20,24.372962951660156
2007-03-21,24.452356338500977
2007-03-22,24.61113929748535
2007-03-23,24.452356338500977
2007-03-26,24.372962951660156
2007-03-28,24.214183807373047
2007-03-29,24.214183807373047
2007-03-30,24.769916534423828
2007-04-02,24.650833129882812
2007-04-03,24.968399047851562
2007-04-04,25.206567764282227
2007-04-05,25.76230812072754
2007-04-09,26.19895362854004
2007-04-10,26.119564056396484
2007-04-11,26.159257888793945
2007-04-12,26.159257888793945
2007-04-13,26.079864501953125
2007-04-16,26.437122344970703
2007-04-17,26.595909118652344
2007-04-18,26.754690170288086
2007-04-19,26.913471221923828
2007-04-20,27.072250366210938
2007-04-23,26.794382095336914
2007-04-24,26.397430419921875
2007-04-25,26.635601043701172
2007-04-26,26.357736587524414
2007-04-27,26.278343200683594
2007-04-30,26.318037033081055
2007-05-03,26.159257888793945
2007-05-04,26.278343200683594
2007-05-07,26.159257888793945
2007-05-08,26.040170669555664
2007-05-09,26.000476837158203
2007-05-10,25.921083450317383
2007-05-11,25.921083450317383
2007-05-14,26.079864501953125
2007-05-15,26.040170669555664
2007-05-16,26.595909118652344
2007-05-17,26.437122344970703
2007-05-18,25.841691970825195
2007-05-21,26.119564056396484
2007-05-22,25.52412986755371
2007-05-23,25.28595733642578
2007-05-24,25.325654983520508
2007-05-25,25.325654983520508
2007-05-28,25.444740295410156
2007-05-29,25.444740295410156
2007-05-30,25.405044555664062
2007-05-31,26.19895362854004
2007-06-01,26.357736587524414
2007-06-04,26.357736587524414
2007-06-05,26.000476837158203
2007-06-06,25.88138771057129
2007-06-07,25.960784912109375
2007-06-08,25.60352325439453
2007-06-11,25.68290901184082
2007-06-12,25.246261596679688
2007-06-13,24.968399047851562
2007-06-14,25.008094787597656
2007-06-15,25.1668758392334
2007-06-18,25.28595733642578
2007-06-19,25.1668758392334
2007-06-20,25.127178192138672
2007-06-21,25.325654983520508
2007-06-22,27.23103141784668
2007-06-25,28.06463623046875
2007-06-26,27.270727157592773
2007-06-27,25.921083450317383
2007-06-28,25.921083450317383
2007-06-29,25.841691970825195
2007-07-02,25.60352325439453
2007-07-03,25.88138771057129
2007-07-04,25.841691970825195
2007-07-05,26.000476837158203
2007-07-06,25.88138771057129
2007-07-09,25.52412986755371
2007-07-10,25.56382942199707
2007-07-11,25.444740295410156
2007-07-12,25.56382942199707
2007-07-13,25.36534881591797
2007-07-16,26.159257888793945
2007-07-17,25.444740295410156
2007-07-18,25.325654983520508
2007-07-19,25.008094787597656
2007-07-20,24.690532684326172
2007-07-23,24.134794235229492
2007-07-24,24.372962951660156
2007-07-25,23.817228317260742
2007-07-26,23.97601318359375
2007-07-27,23.856924057006836
2007-07-30,23.817228317260742
2007-07-31,23.936317443847656
2007-08-01,23.658447265625
2007-08-02,23.57906150817871
2007-08-03,23.698144912719727
2007-08-06,23.340885162353516
2007-08-07,23.658447265625
2007-08-08,23.896621704101562
2007-08-09,23.698144912719727
2007-08-10,23.261491775512695
2007-08-13,23.618751525878906
2007-08-14,23.618751525878906
2007-08-16,23.14240837097168
2007-08-17,22.348501205444336
2007-08-20,22.745452880859375
2007-08-21,21.872156143188477
2007-08-22,22.03093910217285
2007-08-23,22.110328674316406
2007-08-24,22.189720153808594
2007-08-27,22.507280349731445
2007-08-28,22.507280349731445
2007-08-29,22.427892684936523
2007-08-30,22.824844360351562
2007-08-31,23.420278549194336
2007-09-03,23.77753257751465
2007-09-04,24.492055892944336
2007-09-05,24.333271026611328
2007-09-06,24.412660598754883
2007-09-07,24.134794235229492
2007-09-10,23.97601318359375
2007-09-11,23.658447265625
2007-09-12,23.658447265625
2007-09-13,23.57906150817871
2007-09-14,25.76230812072754
2007-09-17,26.635601043701172
2007-09-18,26.516517639160156
2007-09-19,26.19895362854004
2007-09-20,25.72260856628418
2007-09-21,25.08748435974121
2007-09-24,24.690532684326172
2007-09-25,24.849308013916016
2007-09-26,25.841691970825195
2007-09-27,26.714994430541992
2007-09-28,26.595909118652344
2007-10-01,26.754690170288086
2007-10-03,26.2386474609375
2007-10-04,25.960784912109375
2007-10-05,25.405044555664062
2007-10-08,24.571441650390625
2007-10-09,24.928699493408203
2007-10-10,24.690532684326172
2007-10-11,25.48443603515625
2007-10-12,24.650833129882812
2007-10-15,24.690532684326172
2007-10-16,24.253875732421875
2007-10-17,23.856924057006836
2007-10-18,23.817228317260742
2007-10-19,23.856924057006836
2007-10-22,23.856924057006836
2007-10-23,24.055402755737305
2007-10-24,24.055402755737305
2007-10-25,23.896621704101562
2007-10-26,23.77753257751465
2007-10-29,23.856924057006836
2007-10-30,23.658447265625
2007-10-31,23.73784065246582
2007-11-01,22.824844360351562
2007-11-02,22.66606330871582
2007-11-05,22.507280349731445
2007-11-06,22.943933486938477
2007-11-07,22.70575714111328
2007-11-08,22.427892684936523
2007-11-12,22.7851505279541
2007-11-13,22.824844360351562
2007-11-14,23.2218017578125
2007-11-15,23.499666213989258
2007-11-16,25.36534881591797
2007-11-19,28.024938583374023
2007-11-20,28.660064697265625
2007-11-21,25.960784912109375
2007-11-22,25.56382942199707
2007-11-23,25.801998138427734
2007-11-26,25.52412986755371
2007-11-27,25.405044555664062
2007-11-28,25.1668758392334
2007-11-29,24.809616088867188
2007-11-30,24.134794235229492
2007-12-03,24.61113929748535
2007-12-04,24.690532684326172
2007-12-05,29.652454376220703
2007-12-06,33.10594940185547
2007-12-07,33.621986389160156
2007-12-10,34.693763732910156
2007-12-11,33.463218688964844
2007-12-12,32.55021667480469
2007-12-13,33.185333251953125
2007-12-14,33.22502899169922
2007-12-17,31.279958724975586
2007-12-18,31.95478630065918
2007-12-19,32.66930389404297
2007-12-20,31.79599952697754
2007-12-24,31.99448013305664
2007-12-26,32.03417205810547
2007-12-27,32.31204605102539
2007-12-28,33.93955612182617
2007-12-31,37.353355407714844
2008-01-01,37.8693962097168
2008-01-02,41.680152893066406
2008-01-03,39.615989685058594
2008-01-04,37.63123321533203
2008-01-07,36.281578063964844
2008-01-08,34.574684143066406
2008-01-09,33.185333251953125
2008-01-10,32.272342681884766
2008-01-11,31.79599952697754
2008-01-14,33.26473617553711
2008-01-15,32.98686599731445
2008-01-16,31.59752655029297
2008-01-17,32.31204605102539
2008-01-18,30.724231719970703
2008-01-21,29.295198440551758
2008-01-22,27.826465606689453
2008-01-23,26.437122344970703
2008-01-24,25.127178192138672
2008-01-25,25.960784912109375
2008-01-28,25.921083450317383
2008-01-29,27.11195182800293
2008-01-30,26.079864501953125
2008-01-31,25.72260856628418
2008-02-01,26.437122344970703
2008-02-04,27.19133758544922
2008-02-05,27.667686462402344
2008-02-06,28.382198333740234
2008-02-07,27.548595428466797
2008-02-08,26.397430419921875
2008-02-11,25.08748435974121
2008-02-12,24.174489974975586
2008-02-13,23.698144912719727
2008-02-14,24.650833129882812
2008-02-15,25.127178192138672
2008-02-18,25.76230812072754
2008-02-19,25.841691970825195
2008-02-20,25.008094787597656
2008-02-21,25.1668758392334
2008-02-22,25.28595733642578
2008-02-25,24.968399047851562
2008-02-26,25.008094787597656
2008-02-27,25.008094787597656
2008-02-28,25.04778480529785
2008-02-29,25.325654983520508
2008-03-03,25.28595733642578
2008-03-04,24.293575286865234
2008-03-05,24.095102310180664
2008-03-07,22.943933486938477
2008-03-10,22.348501205444336
2008-03-11,22.864540100097656
2008-03-12,23.063016891479492
2008-03-13,22.03093910217285
2008-03-14,21.951547622680664
2008-03-17,21.117944717407227
2008-03-18,20.40342903137207
2008-03-19,19.847692489624023
2008-03-24,18.85530662536621
2008-03-25,20.52251434326172
2008-03-26,20.800386428833008
2008-03-27,22.03093910217285
2008-03-28,22.626367568969727
2008-03-31,22.427892684936523
2008-04-01,23.77753257751465
2008-04-02,23.77753257751465
2008-04-03,23.102710723876953
2008-04-04,22.546977996826172
2008-04-07,22.427892684936523
2008-04-08,23.261491775512695
2008-04-09,24.293575286865234
2008-04-10,23.97601318359375
2008-04-11,23.97601318359375
2008-04-15,23.896621704101562
2008-04-16,24.769916534423828
2008-04-17,25.008094787597656
2008-04-21,25.246261596679688
2008-04-22,25.1668758392334
2008-04-23,25.246261596679688
2008-04-24,24.928699493408203
2008-04-25,24.253875732421875
2008-04-28,24.372962951660156
2008-04-29,24.571441650390625
2008-04-30,24.333271026611328
2008-05-02,24.372962951660156
2008-05-05,24.095102310180664
2008-05-06,23.817228317260742
2008-05-07,23.618751525878906
2008-05-08,23.18210220336914
2008-05-09,23.618751525878906
2008-05-12,22.983627319335938
2008-05-13,23.2218017578125
2008-05-14,23.18210220336914
2008-05-15,24.333271026611328
2008-05-16,24.174489974975586
2008-05-20,23.856924057006836
2008-05-21,23.936317443847656
2008-05-22,23.698144912719727
2008-05-23,24.372962951660156
2008-05-26,23.817228317260742
2008-05-27,23.420278549194336
2008-05-28,23.261491775512695
2008-05-29,23.02332305908203
2008-05-30,23.02332305908203
2008-06-02,22.626367568969727
2008-06-03,22.427892684936523
2008-06-04,22.189720153808594
2008-06-05,21.991243362426758
2008-06-06,22.03093910217285
2008-06-09,21.356117248535156
2008-06-10,21.475202560424805
2008-06-11,22.70575714111328
2008-06-12,22.7851505279541
2008-06-13,22.30880355834961
2008-06-16,22.229413986206055
2008-06-17,25.36534881591797
2008-06-18,24.015708923339844
2008-06-19,23.97601318359375
2008-06-20,23.14240837097168
2008-06-23,21.951547622680664
2008-06-24,22.26911163330078
2008-06-25,22.26911163330078
2008-06-26,23.102710723876953
2008-06-27,22.229413986206055
2008-06-30,20.879772186279297
2008-07-01,19.609519958496094
2008-07-02,20.08586311340332
2008-07-03,19.68891143798828
2008-07-04,19.966779708862305
2008-07-07,20.681293487548828
2008-07-08,20.165254592895508
2008-07-09,20.760684967041016
2008-07-10,20.681293487548828
2008-07-11,20.482818603515625
2008-07-14,20.046165466308594
2008-07-15,19.609519958496094
2008-07-16,19.411041259765625
2008-07-17,19.68891143798828
2008-07-18,20.363731384277344
2008-07-21,20.641597747802734
2008-07-22,21.673681259155273
2008-07-23,22.388198852539062
2008-07-24,22.150022506713867
2008-07-25,21.475202560424805
2008-07-28,25.801998138427734
2008-07-29,24.134794235229492
2008-07-30,28.024938583374023
2008-07-31,26.635601043701172
2008-08-01,26.794382095336914
2008-08-04,28.81884765625
2008-08-05,28.302810668945312
2008-08-06,27.350120544433594
2008-08-07,29.057016372680664
2008-08-08,28.660064697265625
2008-08-11,29.533370971679688
2008-08-12,27.46920394897461
2008-08-13,27.23103141784668
2008-08-14,26.714994430541992
2008-08-18,27.083194732666016
2008-08-19,27.165016174316406
2008-08-20,27.819589614868164
2008-08-21,27.4923038482666
2008-08-22,27.4923038482666
2008-08-25,26.9195499420166
2008-08-26,27.4923038482666
2008-08-27,27.083194732666016
2008-08-28,26.46952247619629
2008-08-29,27.410486221313477
2008-09-01,27.124101638793945
2008-09-02,27.165016174316406
2008-09-04,26.837724685668945
2008-09-05,26.67407989501953
2008-09-08,27.042282104492188
2008-09-09,27.124101638793945
2008-09-10,26.837724685668945
2008-09-11,27.00136947631836
2008-09-12,26.59225845336914
2008-09-15,25.20128059387207
2008-09-16,24.58761215209961
2008-09-17,24.546701431274414
2008-09-18,25.569480895996094
2008-09-19,25.896770477294922
2008-09-22,25.937685012817383
2008-09-23,24.91490364074707
2008-09-24,24.79216957092285
2008-09-25,24.464879989624023
2008-09-26,23.360275268554688
2008-09-29,22.992074966430664
2008-09-30,23.155719757080078
2008-10-01,23.319366455078125
2008-10-03,23.319366455078125
2008-10-06,22.092031478881836
2008-10-07,21.84656524658203
2008-10-08,21.069252014160156
2008-10-10,21.232898712158203
2008-10-13,21.72382926940918
2008-10-14,22.092031478881836
2008-10-15,22.173852920532227
2008-10-16,21.60109519958496
2008-10-17,20.701051712036133
2008-10-20,21.02834129333496
2008-10-21,21.60109519958496
2008-10-22,21.273807525634766
2008-10-23,20.37376594543457
2008-10-24,19.146427154541016
2008-10-27,18.369115829467773
2008-10-29,19.882827758789062
2008-10-31,20.57832145690918
2008-11-03,20.61922836303711
2008-11-04,20.53740692138672
2008-11-05,20.57832145690918
2008-11-06,20.414670944213867
2008-11-07,20.21011734008789
2008-11-10,20.701051712036133
2008-11-11,20.087383270263672
2008-11-12,19.964649200439453
2008-11-14,21.92838478088379
2008-11-17,20.455583572387695
2008-11-18,20.782873153686523
2008-11-19,20.455583572387695
2008-11-20,20.660137176513672
2008-11-21,20.61922836303711
2008-11-24,21.92838478088379
2008-11-25,22.46023178100586
2008-11-26,22.296586990356445
2008-11-27,22.296586990356445
2008-11-28,21.72382926940918
2008-12-01,22.255674362182617
2008-12-02,22.173852920532227
2008-12-03,22.296586990356445
2008-12-04,22.41931915283203
2008-12-05,22.787517547607422
2008-12-08,23.155719757080078
2008-12-10,23.196632385253906
2008-12-11,23.196632385253906
2008-12-12,24.014856338500977
2008-12-15,24.464879989624023
2008-12-16,24.669435501098633
2008-12-17,24.91490364074707
2008-12-18,25.774038314819336
2008-12-19,25.855857849121094
2008-12-22,26.10132598876953
2008-12-23,25.774038314819336
2008-12-24,26.019500732421875
2008-12-26,25.97859001159668
2008-12-29,27.615036010742188
2008-12-30,28.18779754638672
2008-12-31,28.59690284729004
2009-01-02,28.556001663208008
2009-01-05,28.801462173461914
2009-01-06,27.737773895263672
2009-01-07,25.896770477294922
2009-01-09,24.58761215209961
2009-01-12,24.137592315673828
2009-01-13,23.973941802978516
2009-01-14,24.546701431274414
2009-01-15,24.546701431274414
2009-01-16,23.68756866455078
2009-01-19,23.56483268737793
2009-01-20,23.11481285095215
2009-01-21,22.9511661529541
2009-01-22,22.9511661529541
2009-01-23,22.623876571655273
2009-01-27,22.91025161743164
2009-01-28,22.828432083129883
2009-01-29,22.623876571655273
2009-01-30,22.992074966430664
2009-02-02,23.073902130126953
2009-02-03,23.073902130126953
2009-02-04,23.27845573425293
2009-02-05,22.86934471130371
2009-02-06,23.237545013427734
2009-02-09,23.237545013427734
2009-02-10,24.383052825927734
2009-02-11,24.71034812927246
2009-02-12,24.955812454223633
2009-02-13,25.855857849121094
2009-02-16,25.814945220947266
2009-02-17,25.48765754699707
2009-02-18,25.569480895996094
2009-02-19,25.73312759399414
2009-02-20,25.119457244873047
2009-02-24,25.07854461669922
2009-02-25,25.528566360473633
2009-02-26,25.774038314819336
2009-02-27,25.814945220947266
2009-03-02,24.423969268798828
2009-03-03,24.58761215209961
2009-03-04,24.873991012573242
2009-03-05,24.83308219909668
2009-03-06,24.58761215209961
2009-03-09,24.464879989624023
2009-03-12,24.342144012451172
2009-03-13,24.014856338500977
2009-03-16,24.137592315673828
2009-03-17,24.669435501098633
2009-03-18,25.119457244873047
2009-03-19,25.160369873046875
2009-03-20,25.364927291870117
2009-03-23,25.814945220947266
2009-03-24,25.69221305847168
2009-03-25,25.405834197998047
2009-03-26,25.69221305847168
2009-03-27,26.75590705871582
2009-03-30,27.32866096496582
2009-03-31,28.065061569213867
2009-04-01,27.7786865234375
2009-04-02,27.00136947631836
2009-04-06,27.00136947631836
2009-04-08,27.00136947631836
2009-04-09,26.9195499420166
2009-04-13,26.75590705871582
2009-04-15,27.655948638916016
2009-04-16,26.87863540649414
2009-04-17,26.796815872192383
2009-04-20,30.64246940612793
2009-04-21,29.251487731933594
2009-04-22,28.719633102416992
2009-04-23,28.351442337036133
2009-04-24,28.065061569213867
2009-04-27,27.655948638916016
2009-04-28,27.36957550048828
2009-04-29,27.410486221313477
2009-04-30,27.2059268951416
2009-05-04,28.59690284729004
2009-05-05,28.67873191833496
2009-05-06,27.737773895263672
2009-05-07,27.98324203491211
2009-05-08,27.410486221313477
2009-05-11,27.90141487121582
2009-05-12,27.533218383789062
2009-05-13,27.696857452392578
2009-05-14,27.574129104614258
2009-05-15,27.32866096496582
2009-05-18,27.32866096496582
2009-05-19,27.819589614868164
2009-05-20,29.7424259185791
2009-05-21,30.765195846557617
2009-05-22,30.64246940612793
2009-05-25,31.747066497802734
2009-05-26,31.951618194580078
2009-05-27,33.13804626464844
2009-05-28,32.72893524169922
2009-05-29,31.951618194580078
2009-06-01,32.933494567871094
2009-06-02,37.02460861206055
2009-06-03,38.49740982055664
2009-06-04,37.51552963256836
2009-06-05,34.8972282409668
2009-06-08,32.319828033447266
2009-06-09,32.81075668334961
2009-06-10,32.933494567871094
2009-06-11,32.44255828857422
2009-06-12,32.52437973022461
2009-06-15,35.1836051940918
2009-06-16,34.6108512878418
2009-06-17,33.42442321777344
2009-06-18,32.40163803100586
2009-06-19,32.974403381347656
2009-06-22,32.68803024291992
2009-06-23,32.974403381347656
2009-06-24,35.920013427734375
2009-06-25,33.66989517211914
2009-06-26,34.447200775146484
2009-06-29,34.56993103027344
2009-06-30,32.72893524169922
2009-07-01,33.301692962646484
2009-07-02,32.933494567871094
2009-07-03,32.933494567871094
2009-07-06,32.68803024291992
2009-07-07,32.68803024291992
2009-07-08,31.787979125976562
2009-07-09,32.64710998535156
2009-07-10,32.360740661621094
2009-07-13,31.951618194580078
2009-07-14,32.76984405517578
2009-07-15,33.178958892822266
2009-07-16,32.64710998535156
2009-07-17,32.892581939697266
2009-07-20,33.09713363647461
2009-07-21,32.933494567871094
2009-07-22,34.20172882080078
2009-07-23,34.8972282409668
2009-07-24,34.48812484741211
2009-07-27,34.69267272949219
2009-07-28,35.06087112426758
2009-07-29,34.48812484741211
2009-07-30,34.11991500854492
2009-07-31,35.26542282104492
2009-08-03,35.06087112426758
2009-08-04,34.651756286621094
2009-08-05,34.815406799316406
2009-08-06,34.938140869140625
2009-08-07,34.038089752197266
2009-08-10,33.71080780029297
2009-08-11,33.547157287597656
2009-08-12,34.24264144897461
2009-08-13,36.24729537963867
2009-08-14,35.87909698486328
2009-08-17,35.12108612060547
2009-08-18,35.373748779296875
2009-08-19,35.0789794921875
2009-08-20,34.8263053894043
2009-08-21,35.75276565551758
2009-08-24,36.51076889038086
2009-08-25,37.68989944458008
2009-08-26,36.974002838134766
2009-08-27,39.41647720336914
2009-08-28,38.27945327758789
2009-08-31,39.837581634521484
2009-09-01,38.32157516479492
2009-09-02,38.6163444519043
2009-09-03,39.50069808959961
2009-09-04,40.55348587036133
2009-09-07,41.395721435546875
2009-09-08,40.04814147949219
2009-09-09,43.417076110839844
2009-09-10,40.848270416259766
2009-09-11,39.92180633544922
2009-09-14,41.47994613647461
2009-09-15,42.19583511352539
2009-09-16,41.47994613647461
2009-09-17,40.679813385009766
2009-09-18,40.63771057128906
2009-09-22,40.469261169433594
2009-09-23,42.02738952636719
2009-09-24,42.32217025756836
2009-09-25,44.680423736572266
2009-09-29,43.88030242919922
2009-09-30,44.090858459472656
2009-10-01,43.83818817138672
2009-10-05,43.417076110839844
2009-10-06,42.659061431884766
2009-10-07,41.77471923828125
2009-10-08,42.11161804199219
2009-10-09,42.11161804199219
2009-10-12,42.53273391723633
2009-10-13,42.61695098876953
2009-10-14,43.37496566772461
2009-10-15,43.88030242919922
2009-10-16,43.79608154296875
2009-10-20,43.79608154296875
2009-10-21,43.248626708984375
2009-10-22,43.62763595581055
2009-10-23,43.669742584228516
2009-10-26,44.638309478759766
2009-10-27,44.090858459472656
2009-10-28,44.301422119140625
2009-10-29,44.132972717285156
2009-10-30,48.17568588256836
2009-11-03,45.35420608520508
2009-11-04,46.57544708251953
2009-11-05,46.19643783569336
2009-11-06,46.32277297973633
2009-11-09,47.16500473022461
2009-11-10,47.670345306396484
2009-11-11,48.259910583496094
2009-11-12,48.04935073852539
2009-11-13,47.88090133666992
2009-11-16,48.17568588256836
2009-11-17,48.93369674682617
2009-11-18,48.765254974365234
2009-11-19,48.259910583496094
2009-11-20,48.091468811035156
2009-11-23,48.93369674682617
2009-11-24,48.97580337524414
2009-11-25,49.98648452758789
2009-11-26,49.81804275512695
2009-11-27,49.565364837646484
2009-11-30,50.112815856933594
2009-12-01,53.43963623046875
2009-12-02,54.11341857910156
2009-12-03,53.65019989013672
2009-12-04,55.84000778198242
2009-12-07,54.99776840209961
2009-12-08,55.62944412231445
2009-12-09,56.51378631591797
2009-12-10,56.17688751220703
2009-12-11,55.16621017456055
2009-12-14,54.4503173828125
2009-12-15,53.397525787353516
2009-12-16,54.2818717956543
2009-12-17,53.90286636352539
2009-12-18,53.48174285888672
2009-12-21,54.32398223876953
2009-12-22,55.25043869018555
2009-12-23,55.58732986450195
2009-12-24,54.99776840209961
2009-12-29,53.90286636352539
2009-12-30,54.32398223876953
2009-12-31,54.11341857910156
2010-01-04,54.70298767089844
2010-01-05,54.87143325805664
2010-01-06,58.198246002197266
2010-01-07,58.914146423339844
2010-01-08,59.63005065917969
2010-01-11,59.88270950317383
2010-01-12,58.07190704345703
2010-01-13,59.88270950317383
2010-01-14,60.64073181152344
2010-01-15,59.63005065917969
2010-01-18,58.24036407470703
2010-01-19,57.01912307739258
2010-01-20,58.787803649902344
2010-01-21,57.94559097290039
2010-01-22,56.724334716796875
2010-01-25,56.555908203125
2010-01-27,55.25043869018555
2010-01-28,58.70358657836914
2010-01-29,60.051170349121094
2010-02-01,64.6413345336914
2010-02-02,61.398746490478516
2010-02-03,63.209537506103516
2010-02-04,64.6413345336914
2010-02-05,61.65138626098633
2010-02-08,61.44084167480469
2010-02-09,64.22020721435547
2010-02-10,63.37797546386719
2010-02-11,63.462188720703125
2010-02-15,62.87264633178711
2010-02-16,63.63065719604492
2010-02-17,64.17808532714844
2010-02-18,63.50431823730469
2010-02-19,62.704193115234375
2010-02-22,61.27240753173828
2010-02-23,60.051170349121094
2010-02-24,58.998374938964844
2010-02-25,59.84060287475586
2010-02-26,60.72494125366211
2010-03-02,63.67275619506836
2010-03-03,64.93611145019531
2010-03-04,64.13600158691406
2010-03-05,64.5149917602539
2010-03-08,66.78902435302734
2010-03-09,66.4100112915039
2010-03-10,67.50492858886719
2010-03-11,67.54702758789062
2010-03-12,67.08380126953125
2010-03-15,66.87323760986328
2010-03-16,66.83113098144531
2010-03-17,66.66268920898438
2010-03-18,66.83113098144531
2010-03-19,67.37858581542969
2010-03-22,66.5363540649414
2010-03-23,66.78902435302734
2010-03-25,67.37858581542969
2010-03-26,67.37858581542969
2010-03-29,67.50492858886719
2010-03-30,66.74691772460938
2010-03-31,67.84181213378906
2010-04-01,70.11583709716797
2010-04-05,70.03160858154297
2010-04-06,69.39994812011719
2010-04-07,69.69470977783203
2010-04-08,69.14727783203125
2010-04-09,69.23149108886719
2010-04-12,68.43138122558594
2010-04-13,68.89460754394531
2010-04-15,69.06304168701172
2010-04-16,68.59981536865234
2010-04-19,67.84181213378906
2010-04-20,68.59981536865234
2010-04-21,68.51559448242188
2010-04-22,68.59981536865234
2010-04-23,68.59981536865234
2010-04-26,68.64193725585938
2010-04-27,70.95807647705078
2010-04-28,70.157958984375
2010-04-29,73.94800567626953
2010-04-30,76.13780212402344
2010-05-03,76.64315032958984
2010-05-04,75.21134185791016
2010-05-05,75.75880432128906
2010-05-06,74.28487396240234
2010-05-07,72.55831146240234
2010-05-10,76.0535659790039
2010-05-11,76.0535659790039
2010-05-12,75.54823303222656
2010-05-13,75.8009033203125
2010-05-14,74.4112319946289
2010-05-17,75.54823303222656
2010-05-18,75.67456817626953
2010-05-19,76.2641372680664
2010-05-20,76.68525695800781
2010-05-21,75.50611877441406
2010-05-24,76.0535659790039
2010-05-25,73.94800567626953
2010-05-26,75.08499908447266
2010-05-27,77.90648651123047
2010-05-28,78.58027648925781
2010-05-31,80.09628295898438
2010-06-01,80.1384048461914
2010-06-02,80.47529602050781
2010-06-03,80.64372253417969
2010-06-04,80.0120620727539
2010-06-07,80.0120620727539
2010-06-08,80.0120620727539
2010-06-09,80.68586730957031
2010-06-10,83.80211639404297
2010-06-11,82.41242980957031
2010-06-14,82.74931335449219
2010-06-15,82.95989227294922
2010-06-16,81.4438705444336
2010-06-17,80.98063659667969
2010-06-18,80.18051147460938
2010-06-21,79.5488510131836
2010-06-22,78.87505340576172
2010-06-23,79.16983032226562
2010-06-24,79.4225082397461
2010-06-25,78.20127868652344
2010-06-28,79.00139617919922
2010-06-29,78.28548431396484
2010-06-30,77.56958770751953
2010-07-01,77.10637664794922
2010-07-02,76.64315032958984
2010-07-05,76.47469329833984
2010-07-06,79.00139617919922
2010-07-07,80.1384048461914
2010-07-08,80.72795867919922
2010-07-09,80.18051147460938
2010-07-12,82.49664306640625
2010-07-13,82.1597671508789
2010-07-14,80.81217956542969
2010-07-15,80.89642333984375
2010-07-16,80.72795867919922
2010-07-19,79.88572692871094
2010-07-20,80.39107513427734
2010-07-21,79.50672912597656
2010-07-22,79.2961654663086
2010-07-23,79.75939178466797
2010-07-26,79.59095001220703
2010-07-27,75.63246154785156
2010-07-28,72.2214126586914
2010-07-29,72.17930603027344
2010-07-30,71.96875
2010-08-02,72.3477554321289
2010-08-03,73.56898498535156
2010-08-04,73.3584213256836
2010-08-05,73.31632995605469
2010-08-06,73.31632995605469
2010-08-09,76.55890655517578
2010-08-10,76.43009948730469
2010-08-11,74.15436553955078
2010-08-12,72.43684387207031
2010-08-13,70.8481216430664
2010-08-16,72.3080062866211
2010-08-17,71.19164276123047
2010-08-18,71.57807922363281
2010-08-19,73.93968200683594
2010-08-20,75.82897186279297
2010-08-23,73.8967514038086
2010-08-24,73.2097396850586
2010-08-25,78.61995697021484
2010-08-26,80.68099212646484
2010-08-27,90.17034912109375
2010-08-30,86.56352996826172
2010-08-31,84.41661834716797
2010-09-01,95.70938110351562
2010-09-02,93.09015655517578
2010-09-03,91.07206726074219
2010-09-06,91.15792083740234
2010-09-07,89.78389739990234
2010-09-08,88.02342224121094
2010-09-09,90.51384735107422
2010-09-13,88.4957504272461
2010-09-14,86.04826354980469
2010-09-15,88.19518280029297
2010-09-16,86.00532531738281
2010-09-17,88.88220977783203
2010-09-20,89.5262680053711
2010-09-21,86.39178466796875
2010-09-22,87.29348754882812
2010-09-23,86.2629623413086
2010-09-24,87.20760345458984
2010-09-27,87.89462280273438
2010-09-28,87.25053405761719
2010-09-29,86.04826354980469
2010-09-30,83.68666076660156
2010-10-01,87.03584289550781
2010-10-04,86.22002410888672
2010-10-05,87.20760345458984
2010-10-06,91.07206726074219
2010-10-07,88.96807098388672
2010-10-08,89.65508270263672
2010-10-11,90.94322967529297
2010-10-12,90.51384735107422
2010-10-13,91.37262725830078
2010-10-14,89.3545150756836
2010-10-15,89.5262680053711
2010-10-18,86.4347152709961
2010-10-19,86.77823638916016
2010-10-20,87.03584289550781
2010-10-21,87.67992401123047
2010-10-22,88.19518280029297
2010-10-25,89.86978912353516
2010-10-26,89.99859619140625
2010-10-27,88.92514038085938
2010-10-28,88.10931396484375
2010-10-29,89.26863861083984
2010-11-01,90.08447265625
2010-11-02,90.85735321044922
2010-11-03,97.1263427734375
2010-11-04,93.51953125
2010-11-08,93.4765853881836
2010-11-09,94.8935546875
2010-11-10,94.20653533935547
2010-11-11,91.71613311767578
2010-11-12,92.1025619506836
2010-11-15,90.68560028076172
2010-11-16,91.07206726074219
2010-11-18,91.88787841796875
2010-11-19,86.77823638916016
2010-11-22,88.19518280029297
2010-11-23,89.13981628417969
2010-11-24,87.07879638671875
2010-11-25,87.67992401123047
2010-11-26,85.4041976928711
2010-11-29,84.37367248535156
2010-11-30,85.36125946044922
2010-12-01,87.33641815185547
2010-12-02,90.64266967773438
2010-12-03,88.92514038085938
2010-12-06,89.18275451660156
2010-12-07,86.64939880371094
2010-12-08,84.67425537109375
2010-12-09,81.2821273803711
2010-12-10,83.81547546386719
2010-12-13,84.50249481201172
2010-12-14,85.01775360107422
2010-12-15,83.94429016113281
2010-12-16,85.27539825439453
2010-12-20,85.96240234375
2010-12-21,87.12173461914062
2010-12-22,87.37935638427734
2010-12-23,88.4957504272461
2010-12-24,88.92514038085938
2010-12-27,88.53868103027344
2010-12-28,89.3545150756836
2010-12-29,90.68560028076172
2010-12-30,94.20653533935547
2010-12-31,96.22463989257812
2011-01-03,95.58057403564453
2011-01-04,95.06529998779297
2011-01-05,93.64834594726562
2011-01-06,92.3172607421875
2011-01-07,89.65508270263672
2011-01-10,88.62455749511719
2011-01-11,86.86409759521484
2011-01-12,87.76580047607422
2011-01-13,86.90703582763672
2011-01-14,86.22002410888672
2011-01-17,86.60646057128906
2011-01-18,87.67992401123047
2011-01-19,88.40986633300781
2011-01-20,90.85735321044922
2011-01-21,92.7895736694336
2011-01-24,93.51953125
2011-01-25,94.12065887451172
2011-01-27,91.802001953125
2011-01-28,90.04153442382812
2011-01-31,86.52059936523438
2011-02-01,86.86409759521484
2011-02-02,87.37935638427734
2011-02-03,89.18275451660156
2011-02-04,87.37935638427734
2011-02-07,86.86409759521484
2011-02-08,86.04826354980469
2011-02-09,82.78496551513672
2011-02-10,83.94429016113281
2011-02-11,84.20191955566406
2011-02-14,85.83357238769531
2011-02-15,84.84599304199219
2011-02-16,83.81547546386719
2011-02-17,87.29348754882812
2011-02-18,87.42229461669922
2011-02-21,88.10931396484375
2011-02-22,89.39745330810547
2011-02-23,91.54437255859375
2011-02-24,89.86978912353516
2011-02-25,90.98617553710938
2011-02-28,90.98617553710938
2011-03-01,91.88787841796875
2011-03-03,90.68560028076172
2011-03-04,91.5873031616211
2011-03-07,89.82682800292969
2011-03-08,89.78389739990234
2011-03-09,89.74095153808594
2011-03-10,90.72855377197266
2011-03-11,89.82682800292969
2011-03-14,89.22570037841797
2011-03-15,88.06637573242188
2011-03-16,87.93756103515625
2011-03-17,87.59403991699219
2011-03-18,87.12173461914062
2011-03-21,85.87652587890625
2011-03-22,86.34883880615234
2011-03-23,86.305908203125
2011-03-24,86.64939880371094
2011-03-25,87.29348754882812
2011-03-28,86.64939880371094
2011-03-29,86.56352996826172
2011-03-30,86.86409759521484
2011-03-31,87.55110931396484
2011-04-01,87.55110931396484
2011-04-04,90.04153442382812
2011-04-05,91.114990234375
2011-04-06,90.38504028320312
2011-04-07,91.54437255859375
2011-04-08,91.24378967285156
2011-04-11,91.45848846435547
2011-04-13,91.71613311767578
2011-04-15,92.5319595336914
2011-04-18,91.71613311767578
2011-04-19,91.7590560913086
2011-04-20,91.5873031616211
2011-04-21,89.22570037841797
2011-04-25,89.26863861083984
2011-04-26,88.79631805419922
2011-04-27,90.85735321044922
2011-04-28,90.12740325927734
2011-04-29,88.79631805419922
2011-05-02,87.59403991699219
2011-05-03,87.89462280273438
2011-05-04,87.72286987304688
2011-05-05,87.03584289550781
2011-05-06,88.15222930908203
2011-05-09,88.6675033569336
2011-05-10,88.83924865722656
2011-05-11,89.78389739990234
2011-05-12,89.31157684326172
2011-05-13,90.04153442382812
2011-05-16,90.59972381591797
2011-05-17,91.802001953125
2011-05-18,92.05962371826172
2011-05-19,92.01668548583984
2011-05-20,91.37262725830078
2011-05-23,90.90029907226562
2011-05-24,89.5692138671875
2011-05-25,88.58161926269531
2011-05-26,86.77823638916016
2011-05-27,86.77823638916016
2011-05-30,86.90703582763672
2011-05-31,86.73528289794922
2011-06-01,86.82115173339844
2011-06-02,86.69234466552734
2011-06-03,84.15898132324219
2011-06-06,85.01775360107422
2011-06-07,85.53300476074219
2011-06-08,85.79065704345703
2011-06-09,85.1036376953125
2011-06-10,85.36125946044922
2011-06-13,84.93186950683594
2011-06-14,86.56352996826172
2011-06-15,86.99290466308594
2011-06-16,85.36125946044922
2011-06-17,83.55784606933594
2011-06-20,83.25728607177734
2011-06-21,83.51490020751953
2011-06-22,81.06744384765625
2011-06-23,80.50923919677734
2011-06-24,79.99397277832031
2011-06-27,79.43577575683594
2011-06-28,79.65047454833984
2011-06-29,79.77928924560547
2011-06-30,79.09226989746094
2011-07-01,79.77928924560547
2011-07-04,78.96346282958984
2011-07-05,77.50355529785156
2011-07-06,79.65047454833984
2011-07-07,80.72391510009766
2011-07-08,80.68099212646484
2011-07-11,79.39283752441406
2011-07-12,80.72391510009766
2011-07-13,80.38042449951172
2011-07-14,80.03691864013672
2011-07-15,80.07984924316406
2011-07-18,81.06744384765625
2011-07-19,81.15331268310547
2011-07-20,80.63804626464844
2011-07-21,80.72391510009766
2011-07-22,81.36799621582031
2011-07-25,82.44145965576172
2011-07-26,81.58269500732422
2011-07-27,80.80979919433594
2011-07-28,80.63804626464844
2011-07-29,79.39283752441406
2011-08-01,78.70582580566406
2011-08-02,78.27644348144531
2011-08-03,78.49113464355469
2011-08-04,78.10468292236328
2011-08-05,76.51597595214844
2011-08-08,78.06175994873047
2011-08-09,76.687744140625
2011-08-10,77.8899917602539
2011-08-11,76.47303771972656
2011-08-12,78.27644348144531
2011-08-16,78.06175994873047
2011-08-17,74.79844665527344
2011-08-18,74.79844665527344
2011-08-19,74.79844665527344
2011-08-22,73.98262786865234
2011-08-23,75.1419448852539
2011-08-24,75.01314544677734
2011-08-25,73.55323028564453
2011-08-26,73.59619140625
2011-08-29,77.16004180908203
2011-08-30,75.18489837646484
2011-09-02,75.70015716552734
2011-09-05,74.58377075195312
2011-09-06,73.2526626586914
2011-09-07,75.6142807006836
2011-09-08,77.11711120605469
2011-09-09,76.21541595458984
2011-09-12,77.80412292480469
2011-09-13,78.33101654052734
2011-09-14,78.98963165283203
2011-09-15,78.24319458007812
2011-09-16,78.24319458007812
2011-09-19,78.33101654052734
2011-09-20,78.287109375
2011-09-21,79.07745361328125
2011-09-22,79.34088897705078
2011-09-23,78.15538787841797
2011-09-26,78.15538787841797
2011-09-27,78.15538787841797
2011-09-28,78.15538787841797
2011-09-29,79.07745361328125
2011-09-30,79.07745361328125
2011-10-03,77.49676513671875
2011-10-04,78.46273803710938
2011-10-05,78.72618103027344
2011-10-07,79.34088897705078
2011-10-10,79.8677749633789
2011-10-11,80.4385757446289
2011-10-12,81.36064910888672
2011-10-13,80.78984069824219
2011-10-14,80.48249053955078
2011-10-17,83.51210021972656
2011-10-18,81.09718322753906
2011-10-19,80.35075378417969
2011-10-20,80.65811920166016
2011-10-21,80.52638244628906
2011-10-24,79.99950408935547
2011-10-25,80.9654541015625
2011-10-28,81.00936889648438
2011-10-31,80.70203399658203
2011-11-01,83.73165130615234
2011-11-02,81.27281188964844
2011-11-03,80.35075378417969
2011-11-04,80.3946762084961
2011-11-08,80.30685424804688
2011-11-09,79.07745361328125
2011-11-11,76.92597961425781
2011-11-14,74.86231994628906
2011-11-15,73.76463317871094
2011-11-16,74.20370483398438
2011-11-17,71.30581665039062
2011-11-18,69.98857879638672
2011-11-21,74.37932586669922
2011-11-22,69.54949951171875
2011-11-23,72.71085357666016
2011-11-24,71.65707397460938
2011-11-25,71.78878784179688
2011-11-28,71.83271026611328
2011-11-29,71.83271026611328
2011-11-30,69.15435028076172
2011-12-01,69.98857879638672
2011-12-02,68.84699249267578
2011-12-05,71.0862808227539
2011-12-07,71.0862808227539
2011-12-08,69.76904296875
2011-12-09,70.25203704833984
2011-12-12,69.72514343261719
2011-12-13,70.12030792236328
2011-12-14,68.8030776977539
2011-12-15,70.29594421386719
2011-12-16,70.20811462402344
2011-12-19,71.34972381591797
2011-12-20,71.83271026611328
2011-12-21,69.9446792602539
2011-12-22,71.61316680908203
2011-12-23,72.09614562988281
2011-12-26,72.00833129882812
2011-12-27,72.22785949707031
2011-12-28,71.39363098144531
2011-12-29,69.50560760498047
2011-12-30,73.54508209228516
2012-01-02,72.886474609375
2012-01-03,72.84257507324219
2012-01-04,72.1839599609375
2012-01-05,72.49131774902344
2012-01-06,72.09614562988281
2012-01-09,71.61316680908203
2012-01-10,73.67681121826172
2012-01-11,74.68669891357422
2012-01-12,72.97430419921875
2012-01-13,74.02809143066406
2012-01-16,73.5890121459961
2012-01-17,75.65267181396484
2012-01-18,75.87220001220703
2012-01-19,76.35517883300781
2012-01-20,76.39909362792969
2012-01-23,77.4089584350586
2012-01-24,75.38920593261719
2012-01-25,77.71630859375
2012-01-27,76.66252136230469
2012-01-30,75.25748443603516
2012-01-31,71.92052459716797
2012-02-01,70.47157287597656
2012-02-02,71.83271026611328
2012-02-03,71.21798706054688
2012-02-06,71.34972381591797
2012-02-07,71.04236602783203
2012-02-08,71.87659454345703
2012-02-09,71.96442413330078
2012-02-10,72.09614562988281
2012-02-13,71.74488830566406
2012-02-14,72.35960388183594
2012-02-15,71.56925201416016
2012-02-16,71.52534484863281
2012-02-17,72.05224609375
2012-02-21,71.30581665039062
2012-02-22,69.68123626708984
2012-02-23,68.27619171142578
2012-02-24,68.27619171142578
2012-02-27,67.44194793701172
2012-02-28,68.53963470458984
2012-02-29,71.4814453125
2012-03-01,70.47157287597656
2012-03-02,69.9446792602539
2012-03-05,68.89088439941406
2012-03-06,68.71526336669922
2012-03-07,68.7591781616211
2012-03-09,68.93480682373047
2012-03-12,67.74931335449219
2012-03-13,68.8030776977539
2012-03-14,68.84699249267578
2012-03-15,68.40792846679688
2012-03-16,67.39804077148438
2012-03-19,66.82723999023438
2012-03-20,67.74931335449219
2012-03-21,67.9249267578125
2012-03-22,68.49573516845703
2012-03-23,68.364013671875
2012-03-26,68.40792846679688
2012-03-27,73.7207260131836
2012-03-28,70.69111633300781
2012-03-29,68.67135620117188
2012-03-30,68.8030776977539
2012-04-02,68.89088439941406
2012-04-03,68.7591781616211
2012-04-04,68.89088439941406
2012-04-09,68.32010650634766
2012-04-10,69.02262115478516
2012-04-11,69.11043548583984
2012-04-12,71.1740951538086
2012-04-13,70.29594421386719
2012-04-16,69.68123626708984
2012-04-17,71.1740951538086
2012-04-18,71.13018035888672
2012-04-19,71.26190185546875
2012-04-20,70.99845886230469
2012-04-23,70.51547241210938
2012-04-24,69.41778564453125
2012-04-25,69.15435028076172
2012-04-26,69.02262115478516
2012-04-27,68.40792846679688
2012-04-30,69.54949951171875
2012-05-02,69.9446792602539
2012-05-03,69.19824981689453
2012-05-04,68.23228454589844
2012-05-07,67.83712005615234
2012-05-08,67.61758422851562
2012-05-09,67.70539855957031
2012-05-10,66.78334045410156
2012-05-11,66.47598266601562
2012-05-14,70.55937957763672
2012-05-15,68.32010650634766
2012-05-16,67.793212890625
2012-05-17,68.71526336669922
2012-05-18,67.48585510253906
2012-05-21,70.03250122070312
2012-05-22,69.9007797241211
2012-05-23,69.9007797241211
2012-05-24,70.55937957763672
2012-05-25,72.14006042480469
2012-05-28,74.73059844970703
2012-05-29,72.05224609375
2012-05-30,70.99845886230469
2012-05-31,68.67135620117188
2012-06-01,69.11043548583984
2012-06-04,69.19824981689453
2012-06-05,68.93480682373047
2012-06-06,69.19824981689453
2012-06-07,68.71526336669922
2012-06-08,68.49573516845703
2012-06-11,68.45182037353516
2012-06-12,68.01274871826172
2012-06-13,68.32010650634766
2012-06-14,68.1883773803711
2012-06-15,67.6614990234375
2012-06-18,68.8030776977539
2012-06-19,68.89088439941406
2012-06-20,68.32010650634766
2012-06-21,68.364013671875
2012-06-22,67.9249267578125
2012-06-25,68.27619171142578
2012-06-26,68.10057067871094
2012-06-27,68.10057067871094
2012-06-28,68.49573516845703
2012-06-29,68.32010650634766
2012-07-02,68.84699249267578
2012-07-03,68.40792846679688
2012-07-04,68.89088439941406
2012-07-05,69.98857879638672
2012-07-06,69.9007797241211
2012-07-09,69.54949951171875
2012-07-10,69.50560760498047
2012-07-11,69.11043548583984
2012-07-12,68.71526336669922
2012-07-13,68.364013671875
2012-07-16,68.1883773803711
2012-07-17,67.61758422851562
2012-07-18,68.89088439941406
2012-07-19,69.37388610839844
2012-07-20,70.86672973632812
2012-07-23,71.56925201416016
2012-07-24,71.96442413330078
2012-07-25,72.14006042480469
2012-07-26,71.83271026611328
2012-07-27,71.65707397460938
2012-07-30,71.52534484863281
2012-07-31,72.31568908691406
2012-08-01,72.62303924560547
2012-08-02,71.83271026611328
2012-08-03,71.96442413330078
2012-08-06,75.33987426757812
2012-08-07,76.82505798339844
2012-08-08,76.51002502441406
2012-08-09,76.23997497558594
2012-08-10,76.33000946044922
2012-08-13,76.42001342773438
2012-08-14,76.42001342773438
2012-08-16,76.19498443603516
2012-08-17,78.44525909423828
2012-08-21,76.91506958007812
2012-08-22,79.120361328125
2012-08-23,78.44525909423828
2012-08-24,77.00508117675781
2012-08-27,77.59015655517578
2012-08-28,77.63516998291016
2012-08-29,77.00508117675781
2012-08-30,76.42001342773438
2012-08-31,75.33987426757812
2012-09-03,76.23997497558594
2012-09-04,76.46500396728516
2012-09-05,75.96995544433594
2012-09-06,76.46500396728516
2012-09-07,78.62529754638672
2012-09-10,80.33551788330078
2012-09-11,82.81085205078125
2012-09-12,84.11601257324219
2012-09-13,82.90084838867188
2012-09-14,82.27076721191406
2012-09-17,79.4354019165039
2012-09-18,79.39039611816406
2012-09-20,79.25538635253906
2012-09-21,79.75045013427734
2012-09-24,79.97547149658203
2012-09-25,80.47055053710938
2012-09-26,80.7405776977539
2012-09-27,80.33551788330078
2012-09-28,80.56055450439453
2012-10-01,79.34539031982422
2012-10-03,78.94033813476562
2012-10-04,78.40027618408203
2012-10-05,77.05008697509766
2012-10-08,77.05008697509766
2012-10-09,77.14009857177734
2012-10-10,76.19498443603516
2012-10-11,76.37500762939453
2012-10-12,75.96995544433594
2012-10-15,79.120361328125
2012-10-16,77.90519714355469
2012-10-17,77.23011779785156
2012-10-18,78.89533233642578
2012-10-19,78.04021453857422
2012-10-22,79.120361328125
2012-10-23,77.90519714355469
2012-10-25,77.27511596679688
2012-10-29,77.545166015625
2012-10-30,76.01495361328125
2012-10-31,77.27511596679688
2012-11-01,76.91506958007812
2012-11-02,79.25538635253906
2012-11-05,79.16537475585938
2012-11-06,80.60556030273438
2012-11-07,78.71531677246094
2012-11-08,78.08523559570312
2012-11-09,79.97547149658203
2012-11-12,81.19063568115234
2012-11-15,80.87557983398438
2012-11-16,79.93046569824219
2012-11-19,79.25538635253906
2012-11-20,78.2202377319336
2012-11-21,77.27511596679688
2012-11-22,77.45513916015625
2012-11-23,75.92494201660156
2012-11-26,79.57042694091797
2012-11-27,79.21036529541016
2012-11-29,80.20050048828125
2012-11-30,79.16537475585938
2012-12-03,79.03035736083984
2012-12-04,78.1302261352539
2012-12-05,78.40027618408203
2012-12-06,79.48041534423828
2012-12-07,78.40027618408203
2012-12-10,78.49026489257812
2012-12-11,78.80532836914062
2012-12-12,78.2202377319336
2012-12-13,77.68017578125
2012-12-14,77.63516998291016
2012-12-17,80.29051971435547
2012-12-18,80.47055053710938
2012-12-19,79.39039611816406
2012-12-20,79.48041534423828
2012-12-21,79.48041534423828
2012-12-24,87.80650329589844
2012-12-26,84.83612060546875
2012-12-27,82.72084045410156
2012-12-28,84.11601257324219
2012-12-31,85.33116912841797
2013-01-01,85.46619415283203
2013-01-02,85.96125030517578
2013-01-03,85.87124633789062
2013-01-04,85.60121154785156
2013-01-07,86.186279296875
2013-01-08,85.37618255615234
2013-01-09,84.83612060546875
2013-01-10,84.65608978271484
2013-01-11,82.27076721191406
2013-01-14,82.94586181640625
2013-01-15,84.0260009765625
2013-01-16,83.35091400146484
2013-01-17,83.89098358154297
2013-01-18,84.0260009765625
2013-01-21,83.53095245361328
2013-01-22,83.53095245361328
2013-01-23,84.0260009765625
2013-01-24,83.57594299316406
2013-01-25,83.6209487915039
2013-01-28,83.71096801757812
2013-01-29,83.89098358154297
2013-01-30,83.53095245361328
2013-01-31,83.30590057373047
2013-02-01,83.39593505859375
2013-02-04,83.26090240478516
2013-02-05,83.66594696044922
2013-02-06,83.57594299316406
2013-02-07,83.66594696044922
2013-02-08,83.21588897705078
2013-02-11,82.00074005126953
2013-02-12,83.44092559814453
2013-02-13,83.57594299316406
2013-02-14,83.71096801757812
2013-02-15,83.0358657836914
2013-02-18,83.44092559814453
2013-02-19,83.71096801757812
2013-02-20,83.71096801757812
2013-02-21,83.35091400146484
2013-02-22,83.66594696044922
2013-02-25,83.66594696044922
2013-02-26,83.48594665527344
2013-02-27,83.66594696044922
2013-02-28,82.6308364868164
2013-03-01,82.00074005126953
2013-03-04,81.28064727783203
2013-03-05,83.26090240478516
2013-03-06,83.0358657836914
2013-03-07,82.49581146240234
2013-03-08,83.53095245361328
2013-03-11,83.66594696044922
2013-03-12,83.26090240478516
2013-03-13,83.26090240478516
2013-03-14,83.66594696044922
2013-03-15,83.39593505859375
2013-03-18,83.30590057373047
2013-03-19,83.1258773803711
2013-03-20,82.76585388183594
2013-03-21,82.85586547851562
2013-03-22,83.35091400146484
2013-03-25,81.10062408447266
2013-03-26,81.91072845458984
2013-03-28,82.72084045410156
2013-04-01,82.90084838867188
2013-04-02,82.76585388183594
2013-04-03,82.00074005126953
2013-04-04,81.4606704711914
2013-04-05,81.05562591552734
2013-04-08,81.01061248779297
2013-04-09,80.60556030273438
2013-04-10,80.60556030273438
2013-04-11,80.1554946899414
2013-04-12,79.97547149658203
2013-04-15,80.02047729492188
2013-04-16,80.51554107666016
2013-04-17,79.25538635253906
2013-04-18,80.7405776977539
2013-04-22,80.92060089111328
2013-04-23,80.9655990600586
2013-04-25,80.9655990600586
2013-04-26,80.9655990600586
2013-04-29,80.83058166503906
2013-04-30,80.47055053710938
2013-05-02,79.93046569824219
2013-05-03,80.47055053710938
2013-05-06,80.87557983398438
2013-05-07,80.87557983398438
2013-05-08,82.31578063964844
2013-05-09,82.76585388183594
2013-05-10,82.72084045410156
2013-05-13,83.44092559814453
2013-05-14,82.5858154296875
2013-05-15,83.7559585571289
2013-05-16,83.6209487915039
2013-05-17,84.47605895996094
2013-05-20,82.36077880859375
2013-05-21,81.10062408447266
2013-05-22,81.10062408447266
2013-05-23,80.83058166503906
2013-05-24,79.75045013427734
2013-05-27,80.06547546386719
2013-05-28,79.75045013427734
2013-05-29,79.93046569824219
2013-05-30,79.7054443359375
2013-05-31,80.11048889160156
2013-06-03,79.39039611816406
2013-06-04,80.33551788330078
2013-06-05,80.9655990600586
2013-06-06,80.69556427001953
2013-06-07,80.2455062866211
2013-06-10,79.39039611816406
2013-06-11,80.06547546386719
2013-06-12,81.95574188232422
2013-06-13,82.72084045410156
2013-06-14,83.57594299316406
2013-06-17,83.66594696044922
2013-06-18,83.57594299316406
2013-06-19,83.71096801757812
2013-06-20,83.21588897705078
2013-06-21,83.35091400146484
2013-06-24,82.99085235595703
2013-06-25,83.1708984375
2013-06-26,82.00074005126953
2013-06-27,82.36077880859375
2013-06-28,81.10062408447266
2013-07-01,79.93046569824219
2013-07-02,80.425537109375
2013-07-03,80.02047729492188
2013-07-04,80.78557586669922
2013-07-05,80.33551788330078
2013-07-08,80.87557983398438
2013-07-09,80.38053131103516
2013-07-10,80.47055053710938
2013-07-11,81.91072845458984
2013-07-12,81.95574188232422
2013-07-15,81.91072845458984
2013-07-16,81.86571502685547
2013-07-17,81.64068603515625
2013-07-18,81.82071685791016
2013-07-19,81.82071685791016
2013-07-22,81.64068603515625
2013-07-23,81.64068603515625
2013-07-24,80.9655990600586
2013-07-25,80.87557983398438
2013-07-26,80.425537109375
2013-07-29,79.93046569824219
2013-07-30,79.16537475585938
2013-07-31,79.30037689208984
2013-08-01,81.01061248779297
2013-08-02,79.97547149658203
2013-08-05,79.8404541015625
2013-08-06,75.11483764648438
2013-08-07,76.5550308227539
2013-08-08,78.04021453857422
2013-08-12,76.6450424194336
2013-08-13,77.90519714355469
2013-08-14,78.08523559570312
2013-08-16,75.02482604980469
2013-08-19,77.14009857177734
2013-08-20,77.60228729248047
2013-08-21,77.04766845703125
2013-08-22,77.32498168945312
2013-08-23,76.53924560546875
2013-08-26,76.44681549072266
2013-08-27,75.8459701538086
2013-08-28,74.55181884765625
2013-08-29,75.79974365234375
2013-08-30,76.95523071289062
2013-09-02,76.30815124511719
2013-09-03,77.92583465576172
2013-09-04,77.32498168945312
2013-09-05,76.67790222167969
2013-09-06,76.77035522460938
2013-09-10,76.72412872314453
2013-09-11,77.27875518798828
2013-09-12,77.55607604980469
2013-09-13,77.37120056152344
2013-09-16,77.46363830566406
2013-09-17,77.14009857177734
2013-09-18,77.46363830566406
2013-09-19,77.37120056152344
2013-09-20,77.64851379394531
2013-09-23,77.64851379394531
2013-09-24,77.23253631591797
2013-09-25,76.77035522460938
2013-09-26,77.46363830566406
2013-09-27,77.46363830566406
2013-09-30,76.63168334960938
2013-10-01,77.18632507324219
2013-10-03,78.52668762207031
2013-10-04,78.48046875
2013-10-07,78.341796875
2013-10-08,77.8796157836914
2013-10-09,77.83338928222656
2013-10-10,79.91325378417969
2013-10-11,79.95948028564453
2013-10-14,78.11071014404297
2013-10-15,76.81655883789062
2013-10-17,77.18632507324219
2013-10-18,77.18632507324219
2013-10-21,78.75777435302734
2013-10-22,78.2493667602539
2013-10-23,77.74095153808594
2013-10-24,77.27875518798828
2013-10-25,77.23253631591797
2013-10-28,81.80825805664062
2013-10-29,82.3166732788086
2013-10-30,81.11495971679688
2013-10-31,81.62338256835938
2013-11-01,83.14862060546875
2013-11-05,83.84190368652344
2013-11-06,84.072998046875
2013-11-07,84.48898315429688
2013-11-08,83.37971496582031
2013-11-11,82.68641662597656
2013-11-12,83.05618286132812
2013-11-13,81.62338256835938
2013-11-14,81.53093719482422
2013-11-18,82.68641662597656
2013-11-19,88.4638442993164
2013-11-20,93.77906799316406
2013-11-21,94.74967193603516
2013-11-22,91.560546875
2013-11-25,92.39248657226562
2013-11-26,93.03955078125
2013-11-27,93.50174713134766
2013-11-28,94.5185775756836
2013-11-29,98.77075958251953
2013-12-02,102.97672271728516
2013-12-03,101.68257141113281
2013-12-04,98.35478210449219
2013-12-05,99.74136352539062
2013-12-06,99.60270690917969
2013-12-09,99.27916717529297
2013-12-10,97.66149139404297
2013-12-11,97.98503112792969
2013-12-12,96.13624572753906
2013-12-13,95.21186065673828
2013-12-16,99.7875747680664
2013-12-17,99.27916717529297
2013-12-18,100.52709197998047
2013-12-19,100.61953735351562
2013-12-20,106.44317626953125
2013-12-23,111.11131286621094
2013-12-24,119.8467788696289
2013-12-26,126.54859924316406
2013-12-27,122.20399475097656
2013-12-30,117.72069549560547
2013-12-31,120.03166961669922
2014-01-01,117.30472564697266
2014-01-02,118.7375259399414
2014-01-03,119.19971466064453
2014-01-06,126.77967834472656
2014-01-07,125.67042541503906
2014-01-08,123.26702880859375
2014-01-09,119.70812225341797
2014-01-10,118.2291030883789
2014-01-13,122.6661605834961
2014-01-14,121.78800201416016
2014-01-15,124.65361022949219
2014-01-16,123.59054565429688
2014-01-17,118.69129943847656
2014-01-20,122.15775299072266
2014-01-21,124.4687271118164
2014-01-22,126.68724060058594
2014-01-23,124.3300552368164
2014-01-24,120.03166961669922
2014-01-27,114.39289855957031
2014-01-28,113.65339660644531
2014-01-29,115.27107238769531
2014-01-30,106.99781036376953
2014-01-31,112.91387939453125
2014-02-03,111.989501953125
2014-02-04,111.01889038085938
2014-02-05,110.23316192626953
2014-02-06,108.7541275024414
2014-02-07,108.84657287597656
2014-02-10,107.92218780517578
2014-02-11,106.95158386230469
2014-02-12,110.8340072631836
2014-02-13,108.47682189941406
2014-02-14,106.90536499023438
2014-02-17,108.15328979492188
2014-02-18,108.15328979492188
2014-02-19,108.8927993774414
2014-02-20,108.1070556640625
2014-02-21,108.7541275024414
2014-02-24,109.63230895996094
2014-02-25,108.98523712158203
2014-02-26,115.87191772460938
2014-02-28,118.59886932373047
2014-03-03,115.50215911865234
2014-03-04,118.2291030883789
2014-03-05,122.52750396728516
2014-03-06,120.35518646240234
2014-03-07,114.06936645507812
2014-03-10,113.28363037109375
2014-03-11,113.93070983886719
2014-03-12,113.51473999023438
2014-03-13,114.3466796875
2014-03-14,114.76266479492188
2014-03-18,117.62825775146484
2014-03-19,119.15348815917969
2014-03-20,119.8467788696289
2014-03-21,124.05274963378906
2014-03-24,120.86360168457031
2014-03-25,118.69129943847656
2014-03-26,119.80057525634766
2014-03-27,118.46019744873047
2014-03-28,116.65764617919922
2014-03-31,116.79631042480469
2014-04-01,129.64529418945312
2014-04-02,127.38054656982422
2014-04-03,129.09063720703125
2014-04-04,127.5654296875
2014-04-07,124.00651550292969
2014-04-09,126.22505950927734
2014-04-10,126.27129364013672
2014-04-11,124.37628936767578
2014-04-15,125.16199493408203
2014-04-16,122.01909637451172
2014-04-17,121.92664337158203
2014-04-21,128.53604125976562
2014-04-22,128.8133544921875
2014-04-23,127.10321807861328
2014-04-24,127.10321807861328
2014-04-25,124.09896087646484
2014-04-28,123.45189666748047
2014-04-29,122.94346618652344
2014-04-30,120.58629608154297
2014-05-02,123.49812316894531
2014-05-05,120.63250732421875
2014-05-06,123.03592681884766
2014-05-07,124.74602508544922
2014-05-08,128.7209014892578
2014-05-09,125.0233383178711
2014-05-12,122.25019836425781
2014-05-13,122.20399475097656
2014-05-14,123.08213806152344
2014-05-15,120.90984344482422
2014-05-16,118.50640869140625
2014-05-19,114.02314758300781
2014-05-20,116.47277069091797
2014-05-21,118.3677749633789
2014-05-22,115.54838562011719
2014-05-23,115.27107238769531
2014-05-26,113.0987548828125
2014-05-27,113.00630950927734
2014-05-28,112.72900390625
2014-05-29,114.1155776977539
2014-05-30,110.27938079833984
2014-06-02,108.8927993774414
2014-06-03,109.44743347167969
2014-06-04,115.31729125976562
2014-06-05,117.16606140136719
2014-06-06,117.85934448242188
2014-06-09,119.47702026367188
2014-06-10,120.12409973144531
2014-06-11,119.19971466064453
2014-06-12,123.35944366455078
2014-06-13,118.41398620605469
2014-06-16,121.92664337158203
2014-06-17,123.82164764404297
2014-06-18,121.74177551269531
2014-06-19,123.77542114257812
2014-06-20,121.64933013916016
2014-06-23,119.56947326660156
2014-06-24,121.14093780517578
2014-06-25,121.83421325683594
2014-06-26,120.72496032714844
2014-06-27,120.86360168457031
2014-06-30,123.49812316894531
2014-07-01,133.38906860351562
2014-07-02,136.02354431152344
2014-07-03,134.0361328125
2014-07-04,135.1453857421875
2014-07-07,135.46893310546875
2014-07-08,127.38054656982422
2014-07-09,124.60738372802734
2014-07-10,126.87213897705078
2014-07-11,121.41824340820312
2014-07-14,121.14093780517578
2014-07-15,123.12834930419922
2014-07-16,123.1745834350586
2014-07-17,123.82164764404297
2014-07-18,123.03592681884766
2014-07-21,124.4687271118164
2014-07-22,132.00247192382812
2014-07-23,132.9730987548828
2014-07-24,130.8470001220703
2014-07-25,132.0487060546875
2014-07-28,134.0679473876953
2014-07-30,133.03482055664062
2014-07-31,131.95477294921875
2014-08-01,132.98788452148438
2014-08-04,130.96859741210938
2014-08-05,133.17572021484375
2014-08-06,133.26962280273438
2014-08-07,131.25038146972656
2014-08-08,127.1180191040039
2014-08-11,127.44670867919922
2014-08-12,126.69535827636719
2014-08-13,126.55447387695312
2014-08-14,128.66763305664062
2014-08-18,129.32508850097656
2014-08-19,128.52676391601562
2014-08-20,143.1310272216797
2014-08-21,139.51516723632812
2014-08-22,138.24729919433594
2014-08-25,141.1587371826172
2014-08-26,145.3380889892578
2014-08-27,152.71066284179688
2014-08-28,149.47047424316406
2014-09-01,151.44276428222656
2014-09-02,151.48971557617188
2014-09-03,147.63906860351562
2014-09-04,147.12254333496094
2014-09-05,146.88771057128906
2014-09-08,149.4235382080078
2014-09-09,150.59750366210938
2014-09-10,154.917724609375
2014-09-11,152.47586059570312
2014-09-12,149.51744079589844
2014-09-15,150.59750366210938
2014-09-16,141.9100799560547
2014-09-17,139.23341369628906
2014-09-18,143.17796325683594
2014-09-19,144.11712646484375
2014-09-22,144.0701904296875
2014-09-23,139.23341369628906
2014-09-24,135.3358154296875
2014-09-25,132.7061004638672
2014-09-26,132.14260864257812
2014-09-29,134.3966522216797
2014-09-30,137.40203857421875
2014-10-01,136.3219757080078
2014-10-07,144.821533203125
2014-10-08,140.45437622070312
2014-10-09,141.53440856933594
2014-10-10,140.59524536132812
2014-10-13,140.5482635498047
2014-10-14,143.50668334960938
2014-10-15,143.50668334960938
2014-10-16,140.45437622070312
2014-10-17,137.9654998779297
2014-10-20,138.90469360351562
2014-10-21,137.68377685546875
2014-10-22,138.71688842773438
2014-10-27,141.01785278320312
2014-10-28,146.7938232421875
2014-10-29,150.64443969726562
2014-10-30,147.4512481689453
2014-10-31,147.263427734375
2014-11-03,147.73301696777344
2014-11-05,146.4181365966797
2014-11-07,143.7884521484375
2014-11-10,144.25804138183594
2014-11-11,145.71376037597656
2014-11-12,150.69140625
2014-11-13,146.183349609375
2014-11-14,142.9901580810547
2014-11-17,145.47897338867188
2014-11-18,147.63906860351562
2014-11-19,145.24415588378906
2014-11-20,143.83538818359375
2014-11-21,141.95703125
2014-11-24,139.28036499023438
2014-11-25,140.8769989013672
2014-11-26,139.09254455566406
2014-11-27,137.26113891601562
2014-11-28,137.26113891601562
2014-12-01,135.0540771484375
2014-12-02,136.5567626953125
2014-12-03,137.12025451660156
2014-12-04,138.76382446289062
2014-12-05,143.88233947753906
2014-12-08,143.7884521484375
2014-12-09,141.06480407714844
2014-12-10,144.0701904296875
2014-12-11,143.69451904296875
2014-12-12,143.69451904296875
2014-12-15,143.7884521484375
2014-12-16,143.69451904296875
2014-12-17,144.49282836914062
2014-12-18,143.9762725830078
2014-12-19,143.45973205566406
2014-12-22,146.6998748779297
2014-12-23,149.4235382080078
2014-12-24,154.26031494140625
2014-12-26,151.25491333007812
2014-12-29,149.89312744140625
2014-12-30,148.4373779296875
2014-12-31,150.83229064941406
2015-01-01,151.72451782226562
2015-01-02,152.194091796875
2015-01-05,150.22183227539062
2015-01-06,147.54518127441406
2015-01-07,146.6998748779297
2015-01-08,150.87924194335938
2015-01-09,149.2356719970703
2015-01-12,148.48434448242188
2015-01-13,147.16949462890625
2015-01-14,145.66680908203125
2015-01-15,144.6337127685547
2015-01-16,145.90159606933594
2015-01-19,147.16949462890625
2015-01-20,147.63906860351562
2015-01-21,146.5120391845703
2015-01-22,147.9208221435547
2015-01-23,147.5921173095703
2015-01-27,147.54518127441406
2015-01-28,150.08096313476562
2015-01-29,157.2656707763672
2015-01-30,155.0116424560547
2015-02-02,156.04473876953125
2015-02-03,156.37344360351562
2015-02-04,154.1194305419922
2015-02-05,150.550537109375
2015-02-06,148.48434448242188
2015-02-09,144.6806640625
2015-02-10,144.7276153564453
2015-02-11,144.77456665039062
2015-02-12,146.5120391845703
2015-02-13,146.37118530273438
2015-02-16,145.57286071777344
2015-02-18,144.821533203125
2015-02-19,144.96241760253906
2015-02-20,144.7276153564453
2015-02-23,147.63906860351562
2015-02-24,148.9539337158203
2015-02-25,146.93467712402344
2015-02-26,146.5590057373047
2015-02-27,146.65292358398438
2015-03-02,147.4982147216797
2015-03-03,147.5921173095703
2015-03-04,146.5120391845703
2015-03-05,148.57826232910156
2015-03-09,147.54518127441406
2015-03-10,147.9208221435547
2015-03-11,145.9485626220703
2015-03-12,151.6775665283203
2015-03-13,147.54518127441406
2015-03-16,147.16949462890625
2015-03-17,148.9539337158203
2015-03-18,147.4982147216797
2015-03-19,147.4982147216797
2015-03-20,147.4512481689453
2015-03-23,147.4512481689453
2015-03-24,146.6998748779297
2015-03-25,143.74148559570312
2015-03-26,141.39352416992188
2015-03-27,136.6037139892578
2015-03-30,142.84927368164062
2015-03-31,142.94317626953125
2015-04-01,143.92933654785156
2015-04-06,146.9816131591797
2015-04-07,146.74684143066406
2015-04-08,158.86227416992188
2015-04-09,161.53895568847656
2015-04-10,157.2187042236328
2015-04-13,156.7960662841797
2015-04-15,154.1194305419922
2015-04-16,152.1001739501953
2015-04-17,149.0948028564453
2015-04-20,145.00936889648438
2015-04-21,144.6806640625
2015-04-22,147.9208221435547
2015-04-23,150.1279296875
2015-04-24,143.74148559570312
2015-04-27,143.83538818359375
2015-04-28,143.88233947753906
2015-04-29,143.69451904296875
2015-04-30,144.21107482910156
2015-05-04,146.5590057373047
2015-05-05,145.3380889892578
2015-05-06,143.69451904296875
2015-05-07,141.9100799560547
2015-05-08,142.89622497558594
2015-05-11,144.96241760253906
2015-05-12,143.69451904296875
2015-05-13,143.88233947753906
2015-05-14,143.7884521484375
2015-05-15,143.7884521484375
2015-05-18,145.0563507080078
2015-05-19,145.38504028320312
2015-05-20,145.1972198486328
2015-05-21,148.62521362304688
2015-05-22,148.15562438964844
2015-05-25,145.66680908203125
2015-05-26,149.18870544433594
2015-05-27,147.7799530029297
2015-05-28,146.88771057128906
2015-05-29,145.29112243652344
2015-06-01,143.69451904296875
2015-06-02,143.7884521484375
2015-06-03,144.77456665039062
2015-06-04,144.77456665039062
2015-06-05,143.83538818359375
2015-06-08,142.00399780273438
2015-06-09,138.2942352294922
2015-06-10,139.70298767089844
2015-06-11,138.669921875
2015-06-12,136.93243408203125
2015-06-15,139.6560516357422
2015-06-16,139.46820068359375
2015-06-17,141.01785278320312
2015-06-18,140.4073944091797
2015-06-19,141.1587371826172
2015-06-22,142.61447143554688
2015-06-23,141.2996063232422
2015-06-24,140.8769989013672
2015-06-25,140.4073944091797
2015-06-26,139.98475646972656
2015-06-29,138.38816833496094
2015-06-30,140.50132751464844
2015-07-01,143.17796325683594
2015-07-02,143.69451904296875
2015-07-03,146.46510314941406
2015-07-06,147.73301696777344
2015-07-07,146.60598754882812
2015-07-08,145.0563507080078
2015-07-09,145.10328674316406
2015-07-10,143.92933654785156
2015-07-13,148.9539337158203
2015-07-14,149.37655639648438
2015-07-15,153.555908203125
2015-07-16,155.0116424560547
2015-07-17,157.6882781982422
2015-07-20,163.79295349121094
2015-07-21,156.42041015625
2015-07-22,157.54742431640625
2015-07-23,157.64134216308594
2015-07-24,154.9646759033203
2015-07-27,151.44276428222656
2015-07-28,153.97853088378906
2015-07-29,155.4342498779297
2015-07-30,155.80995178222656
2015-07-31,155.7629852294922
2015-08-03,157.50045776367188
2015-08-04,171.6351318359375
2015-08-05,163.8399200439453
2015-08-06,179.8529510498047
2015-08-07,177.9276123046875
2015-08-10,171.8699188232422
2015-08-11,175.20401000976562
2015-08-12,180.27557373046875
2015-08-13,179.52423095703125
2015-08-14,179.7120819091797
2015-08-17,178.6320343017578
2015-08-18,176.19012451171875
2015-08-19,202.76890563964844
2015-08-20,191.8744354248047
2015-08-21,191.4518280029297
2015-08-24,179.33639526367188
2015-08-25,169.28717041015625
2015-08-26,172.386474609375
2015-08-27,180.60427856445312
2015-08-28,182.62351989746094
2015-08-31,189.71434020996094
2015-09-01,190.04307556152344
2015-09-02,194.03456115722656
2015-09-03,196.71124267578125
2015-09-04,188.68121337890625
2015-09-07,182.15391540527344
2015-09-08,175.6266326904297
2015-09-09,181.684326171875
2015-09-10,182.01304626464844
2015-09-11,193.5180206298828
2015-09-14,201.1723175048828
2015-09-15,193.6588897705078
2015-09-16,192.0153045654297
2015-09-18,193.6588897705078
2015-09-21,194.73895263671875
2015-09-22,198.30780029296875
2015-09-23,208.22796630859375
2015-09-24,225.6475372314453
2015-09-28,222.65725708007812
2015-09-29,220.28402709960938
2015-09-30,226.5019073486328
2015-10-01,228.59036254882812
2015-10-05,241.78555297851562
2015-10-06,257.21160888671875
2015-10-07,244.680908203125
2015-10-08,249.7122039794922
2015-10-09,247.9085235595703
2015-10-12,241.50074768066406
2015-10-13,239.88699340820312
2015-10-14,239.41233825683594
2015-10-15,234.1437225341797
2015-10-16,235.42529296875
2015-10-19,238.8902130126953
2015-10-20,249.5697784423828
2015-10-21,252.51260375976562
2015-10-23,249.33245849609375
2015-10-26,242.68740844726562
2015-10-27,236.6593780517578
2015-10-28,233.716552734375
2015-10-29,229.91937255859375
2015-10-30,228.06825256347656
2015-11-02,220.90106201171875
2015-11-03,223.98626708984375
2015-11-04,229.0650177001953
2015-11-05,224.69822692871094
2015-11-06,219.00247192382812
2015-11-09,216.7716522216797
2015-11-10,216.24952697753906
2015-11-13,213.7813262939453
2015-11-16,210.3638916015625
2015-11-17,211.59796142578125
2015-11-18,218.76515197753906
2015-11-19,220.6162567138672
2015-11-20,218.43289184570312
2015-11-23,218.10064697265625
2015-11-24,217.05641174316406
2015-11-26,216.67669677734375
2015-11-27,216.3444366455078
2015-11-30,231.3433074951172
2015-12-01,231.24839782714844
2015-12-02,227.1189422607422
2015-12-03,226.26458740234375
2015-12-04,219.4771270751953
2015-12-07,221.37570190429688
2015-12-08,218.3854522705078
2015-12-09,211.6454315185547
2015-12-10,215.63247680664062
2015-12-11,216.2969970703125
2015-12-14,219.04994201660156
2015-12-15,221.56556701660156
2015-12-16,217.76840209960938
2015-12-17,219.5245819091797
2015-12-18,221.613037109375
2015-12-21,221.613037109375
2015-12-22,219.9992218017578
2015-12-23,217.76840209960938
2015-12-24,215.39515686035156
2015-12-28,216.91403198242188
2015-12-29,219.8568572998047
2015-12-30,219.4771270751953
2015-12-31,219.23980712890625
2016-01-01,218.86009216308594
2016-01-04,214.9204864501953
2016-01-05,216.4393768310547
2016-01-06,217.15133666992188
2016-01-07,208.2754364013672
2016-01-08,209.88926696777344
2016-01-11,202.10501098632812
2016-01-12,203.00686645507812
2016-01-13,192.46966552734375
2016-01-14,193.51390075683594
2016-01-15,182.73939514160156
2016-01-18,175.80950927734375
2016-01-19,185.6822052001953
2016-01-20,182.73939514160156
2016-01-21,179.74911499023438
2016-01-22,181.647705078125
2016-01-25,189.62176513671875
2016-01-27,187.24855041503906
2016-01-28,184.16334533691406
2016-01-29,185.8720703125
2016-02-01,183.83106994628906
2016-02-02,182.45458984375
2016-02-03,182.26473999023438
2016-02-04,176.75880432128906
2016-02-05,177.66065979003906
2016-02-08,171.63262939453125
2016-02-09,171.86993408203125
2016-02-10,173.81600952148438
2016-02-11,172.059814453125
2016-02-12,163.65853881835938
2016-02-15,170.82574462890625
2016-02-16,170.58840942382812
2016-02-17,172.72430419921875
2016-02-18,169.544189453125
2016-02-19,172.72430419921875
2016-02-22,170.92063903808594
2016-02-23,172.01234436035156
2016-02-24,171.3478240966797
2016-02-25,171.96487426757812
2016-02-26,172.39207458496094
2016-02-29,170.96812438964844
2016-03-01,173.67359924316406
2016-03-02,176.04684448242188
2016-03-03,177.04360961914062
2016-03-04,178.9896697998047
2016-03-08,178.79981994628906
2016-03-09,179.55923461914062
2016-03-10,178.13531494140625
2016-03-11,176.1892547607422
2016-03-14,177.7081298828125
2016-03-15,175.71461486816406
2016-03-16,175.95191955566406
2016-03-17,178.06605529785156
2016-03-18,174.3182830810547
2016-03-21,170.47445678710938
2016-03-22,172.73269653320312
2016-03-23,172.4444122314453
2016-03-28,170.9549102783203
2016-03-29,171.8678436279297
2016-03-30,169.70567321777344
2016-03-31,177.9699249267578
2016-04-01,174.7026824951172
2016-04-04,175.9038848876953
2016-04-05,179.02700805664062
2016-04-06,175.56752014160156
2016-04-07,175.66363525390625
2016-04-08,175.66363525390625
2016-04-11,177.8258056640625
2016-04-12,179.6996612548828
2016-04-13,179.6996612548828
2016-04-18,180.61257934570312
2016-04-20,178.45042419433594
2016-04-21,177.72970581054688
2016-04-22,177.00897216796875
2016-04-25,172.6365966796875
2016-04-26,173.50146484375
2016-04-27,172.82879638671875
2016-04-28,169.12908935546875
2016-04-29,173.3092803955078
2016-05-02,170.9549102783203
2016-05-03,174.60658264160156
2016-05-04,173.69366455078125
2016-05-05,172.34832763671875
2016-05-06,172.06004333496094
2016-05-09,172.39634704589844
2016-05-10,173.98194885253906
2016-05-11,172.30027770996094
2016-05-12,172.4924774169922
2016-05-13,172.58856201171875
2016-05-16,174.4624481201172
2016-05-17,173.93389892578125
2016-05-18,177.72970581054688
2016-05-19,177.8258056640625
2016-05-20,175.5194854736328
2016-05-23,175.8077850341797
2016-05-24,175.13511657714844
2016-05-25,175.66363525390625
2016-05-26,176.3843536376953
2016-05-27,180.75674438476562
2016-05-30,180.66062927246094
2016-05-31,179.4594268798828
2016-06-01,175.4233856201172
2016-06-02,174.22218322753906
2016-06-03,175.32728576660156
2016-06-06,173.50146484375
2016-06-07,171.91587829589844
2016-06-08,171.7236785888672
2016-06-09,173.5495147705078
2016-06-10,174.5585174560547
2016-06-13,171.53150939941406
2016-06-14,170.57052612304688
2016-06-15,170.04202270507812
2016-06-16,173.93389892578125
2016-06-17,172.6365966796875
2016-06-20,172.68466186523438
2016-06-21,171.29124450683594
2016-06-22,169.46542358398438
2016-06-23,172.78074645996094
2016-06-24,175.66363525390625
2016-06-27,175.47146606445312
2016-06-28,174.8468017578125
2016-06-29,174.36634826660156
2016-06-30,179.07504272460938
2016-07-01,177.05703735351562
2016-07-04,188.1080780029297
2016-07-05,185.6095733642578
2016-07-07,185.32130432128906
2016-07-08,184.8408203125
2016-07-11,184.7927703857422
2016-07-12,182.9188995361328
2016-07-13,180.90086364746094
2016-07-14,183.25523376464844
2016-07-15,185.32130432128906
2016-07-18,181.1891632080078
2016-07-19,181.38134765625
2016-07-20,182.2942657470703
2016-07-21,180.13209533691406
2016-07-22,177.24920654296875
2016-07-25,177.34532165527344
2016-07-26,178.7387237548828
2016-07-27,180.37234497070312
2016-07-28,183.9759521484375
2016-07-29,183.25523376464844
2016-08-01,181.0930633544922
2016-08-02,178.64260864257812
2016-08-03,178.4984893798828
2016-08-04,176.3843536376953
2016-08-05,178.64260864257812
2016-08-08,176.76873779296875
2016-08-09,175.8558349609375
2016-08-10,174.030029296875
2016-08-11,174.1741485595703
2016-08-12,175.47146606445312
2016-08-16,175.32728576660156
2016-08-17,177.29727172851562
2016-08-18,178.78677368164062
2016-08-19,181.28524780273438
2016-08-22,182.00596618652344
2016-08-23,182.5345001220703
2016-08-24,183.44741821289062
2016-08-25,184.0240020751953
2016-08-26,184.12010192871094
2016-08-29,183.1591339111328
2016-08-30,182.5825653076172
2016-08-31,181.57354736328125
2016-09-01,179.7477264404297
2016-09-02,188.06002807617188
2016-09-06,193.4894561767578
2016-09-07,209.00897216796875
2016-09-08,208.5765380859375
2016-09-09,215.5435028076172
2016-09-12,214.48646545410156
2016-09-14,224.1441192626953
2016-09-15,221.2131805419922
2016-09-16,216.8888397216797
2016-09-19,219.1470947265625
2016-09-20,215.111083984375
2016-09-21,217.03302001953125
2016-09-22,217.9939422607422
2016-09-23,214.10206604003906
2016-09-26,213.14111328125
2016-09-27,211.31527709960938
2016-09-28,213.90988159179688
2016-09-29,201.6095733642578
2016-09-30,206.2222137451172
2016-10-03,212.22821044921875
2016-10-04,216.6486053466797
2016-10-05,214.91888427734375
2016-10-06,213.62159729003906
2016-10-07,211.79576110839844
2016-10-10,211.55552673339844
2016-10-13,211.9879608154297
2016-10-14,208.9128875732422
2016-10-17,209.7296905517578
2016-10-18,209.44139099121094
2016-10-19,207.95191955566406
2016-10-20,207.37535095214844
2016-10-21,208.0960693359375
2016-10-24,210.93089294433594
2016-10-25,214.91888427734375
2016-10-26,217.22518920898438
2016-10-27,215.25521850585938
2016-10-28,216.98495483398438
2016-11-01,216.5044708251953
2016-11-02,216.07205200195312
2016-11-03,212.42039489746094
2016-11-04,206.8948516845703
2016-11-07,208.3843536376953
2016-11-08,207.71168518066406
2016-11-09,204.82879638671875
2016-11-10,217.8017578125
2016-11-11,215.0149688720703
2016-11-15,206.94293212890625
2016-11-16,210.0179901123047
2016-11-17,203.24322509765625
2016-11-18,209.10507202148438
2016-11-21,201.22520446777344
2016-11-22,197.4293975830078
2016-11-23,203.051025390625
2016-11-24,205.7897491455078
2016-11-25,205.64561462402344
2016-11-28,204.82879638671875
2016-11-29,205.59754943847656
2016-11-30,210.3543243408203
2016-12-01,208.04803466796875
2016-12-02,209.92189025878906
2016-12-05,214.48646545410156
2016-12-06,214.58253479003906
2016-12-07,210.3062744140625
2016-12-08,212.8047637939453
2016-12-09,214.29425048828125
2016-12-12,212.13209533691406
2016-12-13,208.48045349121094
2016-12-14,212.42039489746094
2016-12-15,216.1200714111328
2016-12-16,215.83181762695312
2016-12-19,212.66064453125
2016-12-20,208.48045349121094
2016-12-21,205.35733032226562
2016-12-22,201.4174041748047
2016-12-23,198.7747344970703
2016-12-26,201.94590759277344
2016-12-27,205.11709594726562
2016-12-28,207.90386962890625
2016-12-29,212.5645294189453
2016-12-30,212.42039489746094
2017-01-02,214.82278442382812
2017-01-03,213.90988159179688
2017-01-04,212.27622985839844
2017-01-05,211.6996612548828
2017-01-06,208.86483764648438
2017-01-09,211.07505798339844
2017-01-10,214.6786346435547
2017-01-11,211.50747680664062
2017-01-12,210.0660400390625
2017-01-13,209.63360595703125
2017-01-16,209.7777557373047
2017-01-17,208.72067260742188
2017-01-18,208.5765380859375
2017-01-19,209.7777557373047
2017-01-20,206.84681701660156
2017-01-23,209.4894561767578
2017-01-24,208.72067260742188
2017-01-25,209.5375213623047
2017-01-27,211.411376953125
2017-01-30,207.85581970214844
2017-01-31,204.97293090820312
2017-02-01,204.63661193847656
2017-02-02,209.2492218017578
2017-02-03,219.6276092529297
2017-02-06,201.8978729248047
2017-02-07,201.46542358398438
2017-02-08,201.75372314453125
2017-02-09,201.99395751953125
2017-02-10,201.94590759277344
2017-02-13,203.24322509765625
2017-02-14,202.37835693359375
2017-02-15,201.94590759277344
2017-02-16,201.75372314453125
2017-02-17,202.76272583007812
2017-02-20,205.2131805419922
2017-02-21,202.28224182128906
2017-02-22,203.43540954589844
2017-02-23,203.72369384765625
2017-02-27,203.43540954589844
2017-02-28,203.4834442138672
2017-03-01,206.2222137451172
2017-03-02,201.84982299804688
2017-03-03,202.37835693359375
2017-03-06,201.80177307128906
2017-03-07,201.80177307128906
2017-03-08,201.75372314453125
2017-03-09,201.75372314453125
2017-03-10,201.3693389892578
2017-03-14,203.5795440673828
2017-03-15,200.21617126464844
2017-03-16,199.54351806640625
2017-03-17,197.9579315185547
2017-03-20,197.7176971435547
2017-03-21,196.66062927246094
2017-03-22,197.47744750976562
2017-03-23,197.7176971435547
2017-03-24,196.27626037597656
2017-03-27,194.97894287109375
2017-03-28,194.97894287109375
2017-03-29,195.89187622070312
2017-03-30,196.3242950439453
2017-03-31,195.9398956298828
2017-04-03,199.591552734375
2017-04-05,199.9279022216797
2017-04-06,197.23721313476562
2017-04-07,197.47744750976562
2017-04-10,193.1531219482422
2017-04-11,195.02699279785156
2017-04-12,192.6245880126953
2017-04-13,193.8258056640625
2017-04-17,196.37234497070312
2017-04-18,198.34230041503906
2017-04-19,198.10208129882812
2017-04-20,197.28524780273438
2017-04-21,196.90084838867188
2017-04-24,194.3543243408203
2017-04-25,191.90386962890625
2017-04-26,188.06002807617188
2017-04-27,192.8167724609375
2017-04-28,191.75975036621094
2017-05-02,188.3963623046875
2017-05-03,187.291259765625
2017-05-04,186.2822723388672
2017-05-05,183.01499938964844
2017-05-08,183.1591339111328
2017-05-09,179.3633270263672
2017-05-10,180.94891357421875
2017-05-11,180.0360107421875
2017-05-12,176.57655334472656
2017-05-15,176.81678771972656
2017-05-16,177.7777557373047
2017-05-17,176.91287231445312
2017-05-18,176.0960693359375
2017-05-19,173.02098083496094
2017-05-22,171.67562866210938
2017-05-23,167.4954833984375
2017-05-24,165.47744750976562
2017-05-25,165.04501342773438
2017-05-26,170.33030700683594
2017-05-29,172.01197814941406
2017-05-30,172.30027770996094
2017-05-31,176.33631896972656
2017-06-01,177.58555603027344
2017-06-02,181.62158203125
2017-06-05,180.61257934570312
2017-06-06,176.57655334472656
2017-06-07,177.201171875
2017-06-08,180.13209533691406
2017-06-09,180.2281951904297
2017-06-12,179.84381103515625
2017-06-13,177.9699249267578
2017-06-14,179.3633270263672
2017-06-15,178.4984893798828
2017-06-16,175.08705139160156
2017-06-19,179.31529235839844
2017-06-20,177.29727172851562
2017-06-21,179.26724243164062
2017-06-22,175.95193481445312
2017-06-23,176.72068786621094
2017-06-27,176.91287231445312
2017-06-28,174.1741485595703
2017-06-29,175.56752014160156
2017-06-30,175.23121643066406
2017-07-03,175.66363525390625
2017-07-04,175.18316650390625
2017-07-05,177.29727172851562
2017-07-06,177.63360595703125
2017-07-07,179.55552673339844
2017-07-10,183.351318359375
2017-07-11,183.25523376464844
2017-07-12,182.43841552734375
2017-07-13,180.18014526367188
2017-07-14,177.63360595703125
2017-07-17,178.21017456054688
2017-07-18,175.95193481445312
2017-07-19,176.5284881591797
2017-07-20,176.48045349121094
2017-07-21,175.8077850341797
2017-07-24,175.66363525390625
2017-07-25,175.08705139160156
2017-07-26,174.89486694335938
2017-07-27,174.75074768066406
2017-07-28,175.37535095214844
2017-07-31,173.8858642578125
2017-08-01,172.9729461669922
2017-08-02,172.92491149902344
2017-08-03,171.81980895996094
2017-08-04,169.3212890625
2017-08-07,172.92491149902344
2017-08-08,171.6111602783203
2017-08-09,169.2270050048828
2017-08-10,166.40492248535156
2017-08-11,166.40492248535156
2017-08-14,164.993896484375
2017-08-16,168.49716186523438
2017-08-17,166.40492248535156
2017-08-18,168.49716186523438
2017-08-21,165.09120178222656
2017-08-22,165.72373962402344
2017-08-23,165.0425567626953
2017-08-24,165.48045349121094
2017-08-28,164.45867919921875
2017-08-29,160.51751708984375
2017-08-30,161.2473602294922
2017-08-31,160.12826538085938
2017-09-01,164.7506103515625
2017-09-04,163.9234619140625
2017-09-05,170.58938598632812
2017-09-06,165.821044921875
2017-09-07,168.01058959960938
2017-09-08,167.03746032714844
2017-09-11,170.0054931640625
2017-09-12,169.51893615722656
2017-09-13,167.8159637451172
2017-09-14,169.3729705810547
2017-09-15,167.2321014404297
2017-09-18,169.908203125
2017-09-19,167.2321014404297
2017-09-20,168.93507385253906
2017-09-21,178.17979431152344
2017-09-22,180.904541015625
2017-09-25,177.4012908935547
2017-09-26,178.90963745117188
2017-09-27,179.98007202148438
2017-09-28,180.36932373046875
2017-09-29,181.5857391357422
2017-10-03,182.5102081298828
2017-10-04,186.45138549804688
2017-10-05,183.48333740234375
2017-10-06,184.89437866210938
2017-10-09,185.3809356689453
2017-10-10,185.52688598632812
2017-10-11,181.0018768310547
2017-10-12,180.4666290283203
2017-10-13,177.88784790039062
2017-10-16,179.20156860351562
2017-10-17,181.73170471191406
2017-10-18,177.449951171875
2017-10-19,179.68814086914062
2017-10-23,178.95828247070312
2017-10-24,173.46009826660156
2017-10-25,175.01712036132812
2017-10-26,173.6547393798828
2017-10-27,177.93650817871094
2017-10-30,178.86097717285156
2017-10-31,185.91615295410156
2017-11-01,195.35549926757812
2017-11-02,200.9996337890625
2017-11-03,195.69610595703125
2017-11-06,196.47459411621094
2017-11-07,194.7229766845703
2017-11-08,193.01998901367188
2017-11-09,192.92266845703125
2017-11-10,194.4796905517578
2017-11-13,189.5653839111328
2017-11-14,192.53343200683594
2017-11-15,195.2581787109375
2017-11-16,197.44772338867188
2017-11-17,199.588623046875
2017-11-20,202.70262145996094
2017-11-21,203.14051818847656
2017-11-22,209.4171905517578
2017-11-23,204.84349060058594
2017-11-24,202.16738891601562
2017-11-27,203.72439575195312
2017-11-28,206.69244384765625
2017-11-29,204.64889526367188
2017-11-30,207.5196075439453
2017-12-01,205.42738342285156
2017-12-04,206.69244384765625
2017-12-05,206.1085662841797
2017-12-06,207.81153869628906
2017-12-07,209.3685302734375
2017-12-08,209.80645751953125
2017-12-11,204.25961303710938
2017-12-12,205.67066955566406
2017-12-13,206.05990600585938
2017-12-14,206.54647827148438
2017-12-15,204.1623077392578
2017-12-18,206.35183715820312
2017-12-19,207.32496643066406
2017-12-20,207.7142333984375
2017-12-21,209.7091522216797
2017-12-22,228.0526123046875
2017-12-26,249.12083435058594
2017-12-27,247.17457580566406
2017-12-28,244.20652770996094
2017-12-29,245.7148895263672
2018-01-01,241.8223876953125
2018-01-02,236.9567413330078
2018-01-03,238.70835876464844
2018-01-04,237.34596252441406
2018-01-05,236.61611938476562
2018-01-08,236.32420349121094
2018-01-09,235.8862762451172
2018-01-10,231.3612518310547
2018-01-11,231.45855712890625
2018-01-12,236.47015380859375
2018-01-15,232.52899169921875
2018-01-16,233.21018981933594
2018-01-17,229.95021057128906
2018-01-18,231.75050354003906
2018-01-19,232.13973999023438
2018-01-22,233.064208984375
2018-01-23,232.6749725341797
2018-01-24,232.13973999023438
2018-01-25,233.2588348388672
2018-01-29,235.7403106689453
2018-01-30,231.02064514160156
2018-01-31,224.5006866455078
2018-02-01,226.009033203125
2018-02-02,221.8732452392578
2018-02-05,226.39828491210938
2018-02-06,234.52391052246094
2018-02-07,247.7097930908203
2018-02-08,273.8382873535156
2018-02-09,279.287841796875
2018-02-12,285.7104797363281
2018-02-14,280.01763916015625
2018-02-15,279.2391662597656
2018-02-16,277.8281555175781
2018-02-19,279.5797424316406
2018-02-20,278.26605224609375
2018-02-21,277.87677001953125
2018-02-22,277.3415832519531
2018-02-23,280.796142578125
2018-02-26,279.0445251464844
2018-02-27,280.45556640625
2018-02-28,275.8818664550781
2018-03-01,280.5041809082031
2018-03-05,279.5310974121094
2018-03-06,281.1367492675781
2018-03-07,296.706787109375
2018-03-08,278.0714111328125
2018-03-09,274.860107421875
2018-03-12,277.14691162109375
2018-03-13,274.2275390625
2018-03-14,275.0546875
2018-03-15,266.88043212890625
2018-03-16,273.44903564453125
2018-03-19,259.4360046386719
2018-03-20,260.5550842285156
2018-03-21,258.9007873535156
2018-03-22,253.3539581298828
2018-03-23,239.38955688476562
2018-03-26,238.0271759033203
2018-03-27,241.1411895751953
2018-03-28,242.26028442382812
2018-04-02,250.7264862060547
2018-04-03,251.31036376953125
2018-04-04,248.78024291992188
2018-04-05,250.09396362304688
2018-04-06,249.12083435058594
2018-04-09,246.347412109375
2018-04-10,252.0888671875
2018-04-11,253.30528259277344
2018-04-12,248.05038452148438
2018-04-13,253.88914489746094
2018-04-16,250.96978759765625
2018-04-17,253.15928649902344
2018-04-18,248.3909912109375
2018-04-19,248.63427734375
2018-04-20,251.4563446044922
2018-04-23,249.60740661621094
2018-04-24,251.4563446044922
2018-04-25,249.21815490722656
2018-04-26,236.85940551757812
2018-04-27,237.20001220703125
2018-04-30,241.3358154296875
2018-05-02,247.41786193847656
2018-05-03,248.147705078125
2018-05-04,248.1963653564453
2018-05-07,243.4766845703125
2018-05-08,243.86595153808594
2018-05-09,239.38955688476562
2018-05-10,234.3292999267578
2018-05-11,233.11288452148438
2018-05-14,228.8797607421875
2018-05-15,232.13973999023438
2018-05-16,230.92333984375
2018-05-17,236.56748962402344
2018-05-18,236.47015380859375
2018-05-21,231.7018280029297
2018-05-22,237.39463806152344
2018-05-23,238.75701904296875
2018-05-24,238.90298461914062
2018-05-25,237.15135192871094
2018-05-28,235.93495178222656
2018-05-29,234.6698760986328
2018-05-30,235.49703979492188
2018-05-31,231.1666259765625
2018-06-01,230.19349670410156
2018-06-04,225.6197967529297
2018-06-05,215.74253845214844
2018-06-06,216.81297302246094
2018-06-07,224.20875549316406
2018-06-08,228.782470703125
2018-06-11,231.7018280029297
2018-06-12,238.5137481689453
2018-06-13,243.42803955078125
2018-06-14,234.037353515625
2018-06-15,243.719970703125
2018-06-18,243.3307342529297
2018-06-19,236.2268829345703
2018-06-20,230.04751586914062
2018-06-21,224.1114501953125
2018-06-22,221.92189025878906
2018-06-25,222.06787109375
2018-06-26,214.5747833251953
2018-06-27,208.97930908203125
2018-06-28,212.82313537597656
2018-06-29,219.87831115722656
2018-07-02,219.927001953125
2018-07-03,226.6415557861328
2018-07-04,232.52899169921875
2018-07-05,229.56094360351562
2018-07-06,230.1448516845703
2018-07-09,231.94512939453125
2018-07-10,232.28570556640625
2018-07-11,230.87469482421875
2018-07-12,230.53407287597656
2018-07-13,233.64810180664062
2018-07-16,227.03082275390625
2018-07-17,220.65684509277344
2018-07-18,220.0729522705078
2018-07-19,221.04608154296875
2018-07-20,221.24070739746094
2018-07-23,227.4200897216797
2018-07-24,225.71710205078125
2018-07-25,232.28570556640625
2018-07-26,231.94512939453125
2018-07-27,231.75050354003906
2018-07-30,232.38302612304688
2018-07-31,234.3292999267578
2018-08-01,250.92112731933594
2018-08-02,252.18617248535156
2018-08-03,247.17457580566406
2018-08-06,242.2116241455078
2018-08-07,237.29733276367188
2018-08-08,239.63282775878906
2018-08-09,238.90298461914062
2018-08-10,238.70835876464844
2018-08-13,241.1411895751953
2018-08-14,241.2871551513672
2018-08-16,243.3307342529297
2018-08-17,244.93638610839844
2018-08-20,245.7635498046875
2018-08-21,234.18331909179688
2018-08-23,233.21018981933594
2018-08-24,237.44329833984375
2018-08-27,232.9182586669922
2018-08-28,239.73016357421875
2018-08-29,239.0003204345703
2018-08-30,240.8979034423828
2018-08-31,239.34088134765625
2018-09-03,243.3307342529297
2018-09-04,236.5188446044922
2018-09-05,243.42803955078125
2018-09-06,236.90806579589844
2018-09-07,240.36268615722656
2018-09-10,248.68292236328125
2018-09-11,239.97344970703125
2018-09-12,244.40115356445312
2018-09-14,239.97344970703125
2018-09-17,235.49703979492188
2018-09-18,236.0809326171875
2018-09-19,234.864501953125
2018-09-21,231.94512939453125
2018-09-24,221.72727966308594
2018-09-25,218.61326599121094
2018-09-26,225.66842651367188
2018-09-27,217.88340759277344
2018-09-28,208.44406127929688
2018-10-01,204.06500244140625
2018-10-03,205.96258544921875
2018-10-04,197.98292541503906
2018-10-05,186.74330139160156
2018-10-08,183.96990966796875
2018-10-09,179.8827667236328
2018-10-10,190.5385284423828
2018-10-11,193.6525115966797
2018-10-12,202.8485870361328
2018-10-15,204.5515594482422
2018-10-16,202.41067504882812
2018-10-17,202.1187286376953
2018-10-19,205.9139404296875
2018-10-22,202.7999267578125
2018-10-23,197.10711669921875
2018-10-24,197.39907836914062
2018-10-25,190.58717346191406
2018-10-26,191.90087890625
2018-10-29,194.1390838623047
2018-10-30,196.2799835205078
2018-10-31,195.89071655273438
2018-11-01,195.74473571777344
2018-11-02,196.66921997070312
2018-11-05,195.64743041992188
2018-11-06,194.04176330566406
2018-11-07,195.98802185058594
2018-11-09,196.1826629638672
2018-11-12,196.71788024902344
2018-11-13,197.2530975341797
2018-11-14,193.21461486816406
2018-11-15,187.22987365722656
2018-11-16,185.08900451660156
2018-11-19,186.0621337890625
2018-11-20,184.16452026367188
2018-11-21,180.41798400878906
2018-11-22,180.7099151611328
2018-11-26,183.04544067382812
2018-11-27,186.45138549804688
2018-11-28,186.5973358154297
2018-11-29,185.91615295410156
2018-11-30,184.505126953125
2018-12-03,184.6997528076172
2018-12-04,183.43467712402344
2018-12-05,181.0018768310547
2018-12-06,181.82901000976562
2018-12-07,175.30905151367188
2018-12-10,170.4920654296875
2018-12-11,174.09263610839844
2018-12-12,173.75205993652344
2018-12-13,175.0657501220703
2018-12-14,174.87115478515625
2018-12-17,178.0338134765625
2018-12-18,178.90963745117188
2018-12-19,175.64964294433594
2018-12-20,174.5305633544922
2018-12-21,171.80580139160156
2018-12-24,169.95684814453125
2018-12-26,168.3025360107422
2018-12-27,168.64312744140625
2018-12-28,168.3025360107422
2018-12-31,167.4753875732422
2019-01-01,168.39984130859375
2019-01-02,168.1565704345703
2019-01-03,168.20523071289062
2019-01-04,169.03237915039062
2019-01-07,167.9132843017578
2019-01-08,168.64312744140625
2019-01-09,168.3511962890625
2019-01-10,169.421630859375
2019-01-11,168.0592498779297
2019-01-14,167.03746032714844
2019-01-15,167.2321014404297
2019-01-16,167.3293914794922
2019-01-17,167.3293914794922
2019-01-18,167.13478088378906
2019-01-21,165.821044921875
2019-01-22,166.3562774658203
2019-01-23,161.39332580566406
2019-01-24,160.17691040039062
2019-01-25,155.99246215820312
2019-01-28,151.22413635253906
2019-01-29,161.87989807128906
2019-01-30,161.53929138183594
2019-01-31,160.2742156982422
2019-02-01,161.87989807128906
2019-02-04,161.1013946533203
2019-02-05,164.50733947753906
2019-02-06,163.82614135742188
2019-02-07,163.09629821777344
2019-02-08,162.4151153564453
2019-02-11,158.1333465576172
2019-02-12,158.5712432861328
2019-02-14,151.66204833984375
2019-02-15,147.76954650878906
2019-02-18,148.110107421875
2019-02-19,146.79640197753906
2019-02-20,149.13192749023438
2019-02-21,145.72596740722656
2019-02-22,152.34324645996094
2019-02-25,150.4456329345703
2019-02-26,147.7208709716797
2019-02-27,156.4303741455078
2019-02-28,161.78256225585938
2019-03-01,160.46884155273438
2019-03-05,168.88641357421875
2019-03-06,170.39476013183594
2019-03-07,170.6866912841797
2019-03-08,169.3729705810547
2019-03-11,172.2923583984375
2019-03-12,177.25531005859375
2019-03-13,174.57919311523438
2019-03-14,175.45501708984375
2019-03-15,173.2655029296875
2019-03-18,173.94668579101562
2019-03-19,174.43324279785156
2019-03-20,173.4114532470703
2019-03-22,170.73533630371094
2019-03-25,168.594482421875
2019-03-26,163.1449432373047
2019-03-27,163.4368896484375
2019-03-28,161.1013946533203
2019-04-01,160.7607879638672
2019-04-02,164.65330505371094
2019-04-03,164.7992706298828
2019-04-04,163.33958435058594
2019-04-05,164.166748046875
2019-04-08,163.4368896484375
2019-04-09,162.3177947998047
2019-04-10,159.73899841308594
2019-04-11,160.2742156982422
2019-04-12,162.3177947998047
2019-04-15,160.17691040039062
2019-04-16,161.68527221679688
2019-04-18,159.73899841308594
2019-04-22,159.25244140625
2019-04-23,157.9873809814453
2019-04-24,159.7876434326172
2019-04-25,157.64678955078125
2019-04-26,154.67874145507812
2019-04-30,168.10791015625
2019-05-02,168.69178771972656
2019-05-03,168.69178771972656
2019-05-06,164.4100341796875
2019-05-07,161.83123779296875
2019-05-08,162.9989776611328
2019-05-09,163.53421020507812
2019-05-10,161.0040740966797
2019-05-13,160.6148223876953
2019-05-14,160.566162109375
2019-05-15,159.0091552734375
2019-05-16,159.34974670410156
2019-05-17,160.0309295654297
2019-05-20,164.50733947753906
2019-05-21,176.23355102539062
2019-05-22,179.3475341796875
2019-05-23,182.21826171875
2019-05-24,193.60386657714844
2019-05-27,198.12892150878906
2019-05-28,182.4615478515625
2019-05-29,188.93284606933594
2019-05-30,190.8791046142578
2019-05-31,190.92774963378906
2019-06-03,193.9444580078125
2019-06-04,197.64236450195312
2019-06-06,180.1260528564453
2019-06-07,182.70481872558594
2019-06-10,177.4985809326172
2019-06-11,176.81741333007812
2019-06-12,173.1195068359375
2019-06-13,169.421630859375
2019-06-14,168.0592498779297
2019-06-17,167.4267120361328
2019-06-18,171.07595825195312
2019-06-19,168.49716186523438
2019-06-20,169.17835998535156
2019-06-21,170.7840118408203
2019-06-24,170.29745483398438
2019-06-25,171.80580139160156
2019-06-26,172.14639282226562
2019-06-27,173.70339965820312
2019-06-28,182.2669219970703
2019-07-01,181.92633056640625
2019-07-02,183.87258911132812
2019-07-03,182.12095642089844
2019-07-04,181.82901000976562
2019-07-05,173.70339965820312
2019-07-08,172.19505310058594
2019-07-09,168.54580688476562
2019-07-10,162.7556915283203
2019-07-11,162.70704650878906
2019-07-12,163.2422637939453
2019-07-15,163.1449432373047
2019-07-16,165.38314819335938
2019-07-17,164.7992706298828
2019-07-18,159.0091552734375
2019-07-19,154.5327606201172
2019-07-22,153.4136505126953
2019-07-23,156.0897674560547
2019-07-24,155.16529846191406
2019-07-25,155.7005157470703
2019-07-26,154.92202758789062
2019-07-29,153.7056121826172
2019-07-30,152.6351776123047
2019-07-31,151.07815551757812
2019-08-01,150.73757934570312
2019-08-02,151.41876220703125
2019-08-05,157.84140014648438
2019-08-06,158.52259826660156
2019-08-07,155.9438018798828
2019-08-08,156.77098083496094
2019-08-09,160.0309295654297
2019-08-13,156.77098083496094
2019-08-14,159.93362426757812
2019-08-16,155.06800842285156
2019-08-19,157.11155700683594
2019-08-20,155.01931762695312
2019-08-21,154.3867950439453
2019-08-22,152.44053649902344
2019-08-23,155.16529846191406
2019-08-26,155.4572296142578
2019-08-27,156.96559143066406
2019-08-28,156.47903442382812
2019-08-29,156.1870880126953
2019-08-30,156.96559143066406
2019-09-03,156.38169860839844
2019-09-04,158.52259826660156
2019-09-05,157.8900604248047
2019-09-06,158.27931213378906
2019-09-09,159.6903533935547
2019-09-11,162.9989776611328
2019-09-12,163.1449432373047
2019-09-13,167.3293914794922
2019-09-16,170.63804626464844
2019-09-17,164.993896484375
2019-09-18,167.18344116210938
2019-09-19,165.13987731933594
2019-09-20,168.3511962890625
2019-09-23,172.0004119873047
2019-09-24,170.9299774169922
2019-09-25,170.248779296875
2019-09-26,170.15147399902344
2019-09-27,170.20013427734375
2019-09-30,169.95684814453125
2019-10-01,165.4318084716797
2019-10-03,163.58287048339844
2019-10-04,164.166748046875
2019-10-07,163.0476531982422
2019-10-09,162.56109619140625
2019-10-10,158.5712432861328
2019-10-11,158.765869140625
2019-10-14,155.8464813232422
2019-10-15,155.06800842285156
2019-10-16,156.04112243652344
2019-10-17,157.01425170898438
2019-10-18,156.57632446289062
2019-10-22,156.62498474121094
2019-10-23,155.01931762695312
2019-10-24,155.7005157470703
2019-10-25,163.77749633789062
2019-10-27,166.0157012939453
2019-10-29,175.45501708984375
2019-10-30,175.94158935546875
2019-10-31,175.1630859375
2019-11-01,171.56251525878906
2019-11-04,173.1681671142578
2019-11-05,170.20013427734375
2019-11-06,171.8544464111328
2019-11-07,172.87623596191406
2019-11-08,173.1681671142578
2019-11-11,175.64964294433594
2019-11-13,171.02728271484375
2019-11-14,177.10934448242188
2019-11-15,179.05560302734375
2019-11-18,188.68955993652344
2019-11-19,193.16595458984375
2019-11-20,195.20953369140625
2019-11-21,188.64093017578125
2019-11-22,189.66270446777344
2019-11-25,189.1274871826172
2019-11-26,183.48333740234375
2019-11-27,184.5537567138672
2019-11-28,185.81884765625
2019-11-29,186.74330139160156
2019-12-02,186.74330139160156
2019-12-03,190.68447875976562
2019-12-04,193.3119354248047
2019-12-05,192.72805786132812
2019-12-06,200.70770263671875
2019-12-09,202.02142333984375
2019-12-10,201.38888549804688
2019-12-11,197.4963836669922
2019-12-12,198.8587646484375
2019-12-13,197.5937042236328
2019-12-16,196.71788024902344
2019-12-17,196.57191467285156
2019-12-18,195.98802185058594
2019-12-19,197.3017578125
2019-12-20,196.32862854003906
2019-12-23,198.66412353515625
2019-12-24,200.2211456298828
2019-12-26,201.8754425048828
2019-12-27,203.14051818847656
2019-12-30,210.77957153320312
2019-12-31,206.05990600585938
2020-01-01,207.0330352783203
2020-01-02,204.84349060058594
2020-01-03,209.0766143798828
2020-01-06,203.43246459960938
2020-01-07,205.33006286621094
2020-01-08,202.26470947265625
2020-01-09,211.4607696533203
2020-01-10,212.67718505859375
2020-01-13,217.49417114257812
2020-01-14,218.6619110107422
2020-01-15,223.08966064453125
2020-01-16,226.15499877929688
2020-01-17,224.7439727783203
2020-01-20,223.8681640625
2020-01-21,221.67861938476562
2020-01-22,219.927001953125
2020-01-23,221.7759246826172
2020-01-24,222.5057830810547
2020-01-27,222.55442810058594
2020-01-28,221.43533325195312
2020-01-29,221.581298828125
2020-01-30,222.2624969482422
2020-01-31,228.14993286132812
2020-02-03,222.1165313720703
2020-02-04,221.6299591064453
2020-02-05,223.72218322753906
2020-02-06,229.46365356445312
2020-02-07,233.21018981933594
2020-02-10,249.46144104003906
2020-02-11,243.18475341796875
2020-02-12,244.64443969726562
2020-02-13,244.06057739257812
2020-02-14,240.26536560058594
2020-02-17,239.34088134765625
2020-02-18,232.4316864013672
2020-02-19,232.72361755371094
2020-02-20,243.08743286132812
2020-02-24,249.65603637695312
2020-02-25,253.694580078125
2020-02-26,240.8979034423828
2020-02-27,233.89138793945312
2020-02-28,228.2958984375
2020-03-02,219.53775024414062
2020-03-03,223.6735382080078
2020-03-04,220.85145568847656
2020-03-05,234.4752655029297
2020-03-06,235.35107421875
2020-03-09,225.13323974609375
2020-03-11,221.92189025878906
2020-03-12,209.0279541015625
2020-03-13,213.79627990722656
2020-03-16,204.45425415039062
2020-03-17,199.83187866210938
2020-03-18,185.0403289794922
2020-03-19,194.86158752441406
2020-03-20,196.96266174316406
2020-03-23,181.71771240234375
2020-03-24,174.63272094726562
2020-03-25,191.5878448486328
2020-03-26,184.99147033691406
2020-03-27,188.3140869140625
2020-03-30,181.47341918945312
2020-03-31,190.51287841796875
2020-04-01,189.4867706298828
2020-04-03,195.6922607421875
2020-04-07,203.0215606689453
2020-04-08,203.0215606689453
2020-04-09,233.41371154785156
2020-04-13,230.8728790283203
2020-04-15,235.56362915039062
2020-04-16,237.61582946777344
2020-04-17,234.0977783203125
2020-04-20,231.89898681640625
2020-04-21,223.8856201171875
2020-04-22,239.86349487304688
2020-04-23,244.50537109375
2020-04-24,254.5220947265625
2020-04-27,254.1311798095703
2020-04-28,243.52813720703125
2020-04-29,244.847412109375
2020-04-30,239.27716064453125
2020-05-04,239.37486267089844
2020-05-05,234.29322814941406
2020-05-06,239.71690368652344
2020-05-07,246.65530395507812
2020-05-08,246.8507537841797
2020-05-11,244.11448669433594
2020-05-12,237.0294952392578
2020-05-13,236.19883728027344
2020-05-14,238.1533203125
2020-05-15,235.02613830566406
2020-05-18,226.03555297851562
2020-05-19,226.67074584960938
2020-05-20,229.21156311035156
2020-05-21,236.34542846679688
2020-05-22,234.3909454345703
2020-05-26,237.56698608398438
2020-05-27,240.1566619873047
2020-05-28,241.23162841796875
2020-05-29,242.59976196289062
2020-06-01,249.88018798828125
2020-06-02,244.7985382080078
2020-06-03,243.3326873779297
2020-06-04,241.18275451660156
2020-06-05,255.05955505371094
2020-06-08,248.36546325683594
2020-06-09,244.11448669433594
2020-06-10,247.5836944580078
2020-06-11,241.81796264648438
2020-06-12,237.7135467529297
2020-06-15,241.67138671875
2020-06-16,242.69747924804688
2020-06-17,245.1405792236328
2020-06-18,249.1961212158203
2020-06-19,243.52813720703125
2020-06-22,266.6398620605469
2020-06-23,282.27569580078125
2020-06-24,269.27838134765625
2020-06-25,268.2522888183594
2020-06-26,266.9330139160156
2020-06-29,268.5943298339844
2020-06-30,273.2362060546875
2020-07-01,268.88751220703125
2020-07-02,263.65924072265625
2020-07-03,260.0434875488281
2020-07-06,257.64923095703125
2020-07-07,249.0006866455078
2020-07-08,242.35543823242188
2020-07-09,239.228271484375
2020-07-10,233.7557373046875
2020-07-13,234.48866271972656
2020-07-14,253.5448455810547
2020-07-15,252.12783813476562
2020-07-16,255.450439453125
2020-07-17,263.2195129394531
2020-07-20,270.84197998046875
2020-07-21,265.7603454589844
2020-07-22,257.0628662109375
2020-07-23,269.7181396484375
2020-07-24,266.05352783203125
2020-07-27,255.40159606933594
2020-07-28,262.2422790527344
2020-07-29,274.6531982421875
2020-07-30,280.7121276855469
2020-07-31,292.34124755859375
2020-08-03,312.1303405761719
2020-08-04,314.3780212402344
2020-08-05,333.6784973144531
2020-08-06,328.3036804199219
2020-08-07,328.59686279296875
2020-08-10,337.48974609375
2020-08-11,324.73675537109375
2020-08-12,313.10760498046875
2020-08-13,320.1925964355469
2020-08-14,316.3324890136719
2020-08-17,320.5834655761719
2020-08-18,322.0493469238281
2020-08-19,330.89337158203125
2020-08-20,321.0232238769531
2020-08-21,319.80169677734375
2020-08-24,313.6939392089844
2020-08-25,310.12701416015625
2020-08-26,320.5346374511719
2020-08-27,327.5218811035156
2020-08-28,321.56072998046875
2020-08-31,304.068115234375
2020-09-01,295.51727294921875
2020-09-02,313.2541809082031
2020-09-03,318.53131103515625
2020-09-04,311.2996826171875
2020-09-07,313.0587463378906
2020-09-08,324.0038146972656
2020-09-09,326.49578857421875
2020-09-10,319.7528381347656
2020-09-11,319.3130798339844
2020-09-14,337.24542236328125
2020-09-15,340.76348876953125
2020-09-16,344.81903076171875
2020-09-17,346.626953125
2020-09-18,349.75408935546875
2020-09-21,323.2708740234375
2020-09-22,331.08880615234375
2020-09-23,334.8023376464844
2020-09-24,318.8733215332031
2020-09-25,327.0821533203125
2020-09-28,357.0345458984375
2020-09-29,357.13226318359375
2020-09-30,348.0439147949219
2020-10-01,341.0078125
2020-10-05,338.7601318359375
2020-10-06,347.9461975097656
2020-10-07,359.0378723144531
2020-10-08,345.5030822753906
2020-10-09,342.766845703125
2020-10-12,337.53857421875
2020-10-13,335.388671875
2020-10-14,339.7862548828125
2020-10-15,333.9716796875
2020-10-16,340.2748718261719
2020-10-19,342.6202392578125
2020-10-20,343.6463317871094
2020-10-21,339.19989013671875
2020-10-22,343.5486145019531
2020-10-23,339.00445556640625
2020-10-26,337.0988464355469
2020-10-27,341.8872985839844
2020-10-28,336.3170471191406
2020-10-29,333.28759765625
2020-10-30,337.196533203125
2020-11-02,331.3330993652344
2020-11-03,323.41748046875
2020-11-04,316.4302062988281
2020-11-05,317.6029052734375
2020-11-06,324.83447265625
2020-11-09,327.5218811035156
2020-11-10,314.5734558105469
2020-11-11,318.53131103515625
2020-11-12,327.8150634765625
2020-11-13,326.4468994140625
2020-11-14,327.66845703125
2020-11-17,317.4074401855469
2020-11-18,323.51519775390625
2020-11-19,314.1336975097656
2020-11-20,316.47906494140625
2020-11-23,321.56072998046875
2020-11-24,320.241455078125
2020-11-25,318.8733215332031
2020-11-26,319.85052490234375
2020-11-27,335.63299560546875
2020-12-01,336.1704406738281
2020-12-02,337.44085693359375
2020-12-03,336.6102294921875
2020-12-04,337.0988464355469
2020-12-07,357.0345458984375
2020-12-08,348.33709716796875
2020-12-09,349.6563415527344
2020-12-10,339.4930725097656
2020-12-11,338.46697998046875
2020-12-14,339.4442138671875
2020-12-15,337.6851501464844
2020-12-16,336.02386474609375
2020-12-17,340.91009521484375
2020-12-18,337.53857421875
2020-12-21,321.70733642578125
2020-12-22,314.9643249511719
2020-12-23,320.5834655761719
2020-12-24,323.4663391113281
2020-12-28,323.5640869140625
2020-12-29,318.0915222167969
2020-12-30,318.23809814453125
2020-12-31,324.5412902832031
2021-01-01,325.176513671875
2021-01-04,326.98443603515625
2021-01-05,326.1048889160156
2021-01-06,322.63568115234375
2021-01-07,322.2447814941406
2021-01-08,321.41412353515625
2021-01-11,321.95166015625
2021-01-12,319.9482727050781
2021-01-13,317.2120056152344
2021-01-14,321.4630126953125
2021-01-15,317.4074401855469
2021-01-18,314.32916259765625
2021-01-19,314.86663818359375
2021-01-20,315.6484069824219
2021-01-21,304.65447998046875
2021-01-22,294.8332214355469
2021-01-25,293.6116638183594
2021-01-27,293.56280517578125
2021-01-28,285.10968017578125
2021-01-29,284.7187805175781
2021-02-01,287.1130065917969
2021-02-02,281.5427551269531
2021-02-03,287.6505126953125
2021-02-04,298.2046813964844
2021-02-05,281.2984619140625
2021-02-08,273.2362060546875
2021-02-09,269.22955322265625
2021-02-10,271.3305969238281
2021-02-11,278.9042053222656
2021-02-12,283.15521240234375
2021-02-15,295.85931396484375
2021-02-16,290.1424560546875
2021-02-17,285.3051452636719
2021-02-18,287.40618896484375
2021-02-19,288.6766052246094
2021-02-22,280.4189453125
2021-02-23,277.6826477050781
2021-02-24,275.8258972167969
2021-02-25,274.70208740234375
2021-02-26,271.3305969238281
2021-03-01,272.94305419921875
2021-03-02,275.63043212890625
2021-03-03,274.36004638671875
2021-03-04,281.4450378417969
2021-03-05,276.8520202636719
2021-03-08,285.0608215332031
2021-03-09,284.669921875
2021-03-10,283.54608154296875
2021-03-12,287.06414794921875
2021-03-15,281.8359375
2021-03-16,278.36676025390625
2021-03-17,272.5032958984375
2021-03-18,271.0374450683594
2021-03-19,266.05352783203125
2021-03-22,268.88751220703125
2021-03-23,267.421630859375
2021-03-24,275.874755859375
2021-03-25,266.2000732421875
2021-03-26,268.9363708496094
2021-03-30,274.6043701171875
2021-03-31,279.392822265625
2021-04-01,281.24957275390625
2021-04-05,277.92694091796875
2021-04-06,278.5621643066406
2021-04-07,281.1518859863281
2021-04-08,283.20404052734375
2021-04-09,303.72607421875
2021-04-12,295.6638488769531
2021-04-13,305.53399658203125
2021-04-15,304.4590148925781
2021-04-16,305.5828552246094
2021-04-19,309.8338317871094
2021-04-20,309.58953857421875
2021-04-22,307.14642333984375
2021-04-23,299.133056640625
2021-04-26,300.1591796875
2021-04-27,299.91485595703125
2021-04-28,301.576171875
2021-04-29,298.5955810546875
2021-04-30,297.1785888671875
2021-05-03,302.8465881347656
2021-05-04,307.1952819824219
2021-05-05,311.8860168457031
2021-05-06,320.8277893066406
2021-05-07,322.97772216796875
2021-05-10,325.5185546875
2021-05-11,327.4241638183594
2021-05-12,331.2842712402344
2021-05-14,326.98443603515625
2021-05-17,325.7139587402344
2021-05-18,329.7206726074219
2021-05-19,330.50250244140625
2021-05-20,331.08880615234375
2021-05-21,346.333740234375
2021-05-24,356.79022216796875
2021-05-25,338.9555969238281
2021-05-26,339.6396484375
2021-05-27,321.658447265625
2021-05-28,327.9616394042969
2021-05-31,333.4341735839844
2021-06-01,327.71734619140625
2021-06-02,332.212646484375
2021-06-03,329.28094482421875
2021-06-04,329.2320251464844
2021-06-07,325.9582824707031
2021-06-08,332.3103332519531
2021-06-09,329.3298034667969
2021-06-10,330.45361328125
2021-06-11,329.8183898925781
2021-06-14,372.6214904785156
2021-06-15,373.6476135253906
2021-06-16,351.65972900390625
2021-06-17,345.35650634765625
2021-06-18,337.58746337890625
2021-06-21,354.0539245605469
2021-06-22,351.36651611328125
2021-06-23,347.4087219238281
2021-06-24,341.64300537109375
2021-06-25,343.5486145019531
2021-06-28,349.55865478515625
2021-06-29,346.284912109375
2021-06-30,345.8940124511719
2021-07-01,350.82904052734375
2021-07-02,351.36651611328125
2021-07-05,352.93011474609375
2021-07-06,352.0994567871094
2021-07-07,348.8257141113281
2021-07-08,362.7025146484375
2021-07-09,358.8424377441406
2021-07-12,366.4160461425781
2021-07-13,372.47491455078125
2021-07-14,365.341064453125
2021-07-15,369.2500305175781
2021-07-16,370.276123046875
2021-07-19,365.7807922363281
2021-07-20,366.66033935546875
2021-07-22,372.9635314941406
2021-07-23,370.71588134765625
2021-07-26,367.53985595703125
2021-07-27,360.2105712890625
2021-07-28,358.7935485839844
2021-07-29,352.4903869628906
2021-07-30,363.7286376953125
2021-08-02,363.28887939453125
2021-08-03,362.7513732910156
2021-08-04,358.1094970703125
2021-08-05,349.6563415527344
2021-08-06,351.70855712890625
2021-08-09,350.09613037109375
2021-08-10,343.0599670410156
2021-08-11,340.5191955566406
2021-08-12,357.0345458984375
2021-08-13,352.0017395019531
2021-08-16,346.67578125
2021-08-17,334.3625793457031
2021-08-18,336.1216125488281
2021-08-20,328.7434387207031
2021-08-23,327.3264465332031
2021-08-24,325.1276550292969
2021-08-25,327.5218811035156
2021-08-26,328.59686279296875
2021-08-27,330.9422302246094
2021-08-30,339.7373962402344
2021-08-31,337.78289794921875
2021-09-01,333.72735595703125
2021-09-02,334.6557312011719
2021-09-03,332.7012634277344
2021-09-06,335.0954895019531
2021-09-07,339.6396484375
2021-09-08,341.2032165527344
2021-09-09,337.831787109375
2021-09-13,360.7969055175781
2021-09-14,355.3243713378906
2021-09-15,358.64697265625
2021-09-16,357.13226318359375
2021-09-17,353.27215576171875
2021-09-20,344.3304138183594
2021-09-21,344.2815246582031
2021-09-22,345.4542236328125
2021-09-23,344.9656066894531
2021-09-24,345.7962646484375
2021-09-27,342.4736633300781
2021-09-28,340.0794372558594
2021-09-29,343.3531799316406
2021-09-30,341.4475402832031
2021-10-01,338.3204040527344
2021-10-04,340.0305480957031
2021-10-05,349.60748291015625
2021-10-06,347.5064392089844
2021-10-07,347.35986328125
2021-10-08,345.84515380859375
2021-10-11,342.52252197265625
2021-10-12,338.2715148925781
2021-10-13,349.21661376953125
2021-10-14,346.04058837890625
2021-10-18,345.7962646484375
2021-10-19,333.1410217285156
2021-10-20,326.49578857421875
2021-10-21,318.53131103515625
2021-10-22,324.9810485839844
2021-10-25,319.0687561035156
2021-10-26,319.26422119140625
2021-10-27,317.2608642578125
2021-10-28,311.2019958496094
2021-10-29,311.7394714355469
2021-11-01,316.8699645996094
2021-11-02,317.2120056152344
2021-11-03,315.5018615722656
2021-11-04,318.8733215332031
2021-11-08,316.96771240234375
2021-11-09,318.92218017578125
2021-11-10,316.28363037109375
2021-11-11,310.029296875
2021-11-12,299.2796630859375
2021-11-15,294.882080078125
2021-11-16,289.84930419921875
2021-11-17,287.845947265625
2021-11-18,275.4838562011719
2021-11-22,269.86474609375
2021-11-23,280.4189453125
2021-11-24,280.7609558105469
2021-11-25,283.49725341796875
2021-11-26,283.54608154296875
2021-11-29,273.5782470703125
2021-11-30,278.6110534667969
2021-12-01,278.5133056640625
2021-12-02,281.1029968261719
2021-12-03,278.02471923828125
2021-12-06,273.4316711425781
2021-12-07,276.558837890625
2021-12-08,278.02471923828125
2021-12-09,288.1391296386719
2021-12-10,288.43231201171875
2021-12-13,287.3084716796875
2021-12-14,288.18798828125
2021-12-15,285.1585388183594
2021-12-16,283.7415771484375
2021-12-17,277.2917785644531
2021-12-20,269.62042236328125
2021-12-21,271.7703552246094
2021-12-22,279.1973876953125
2021-12-23,281.78704833984375
2021-12-24,283.83929443359375
2021-12-27,283.594970703125
2021-12-28,285.6471252441406
2021-12-29,291.2662658691406
2021-12-30,298.2535705566406
2021-12-31,297.2763366699219
2022-01-03,296.39678955078125
2022-01-04,295.7615966796875
2022-01-05,294.0025634765625
2022-01-06,298.1558532714844
2022-01-07,297.5694885253906
2022-01-10,294.7355041503906
2022-01-11,290.9731140136719
2022-01-12,292.34124755859375
2022-01-13,306.9998474121094
2022-01-14,301.13641357421875
2022-01-17,294.9309387207031
2022-01-18,292.14581298828125
2022-01-19,284.76763916015625
2022-01-20,280.6143493652344
2022-01-21,278.41558837890625
2022-01-24,277.1940612792969
2022-01-25,277.6338195800781
2022-01-27,279.63714599609375
2022-01-28,278.41558837890625
2022-01-31,284.669921875
2022-02-01,285.7449035644531
2022-02-02,286.1357727050781
2022-02-03,286.2823791503906
2022-02-04,287.5527648925781
2022-02-07,299.03533935546875
2022-02-08,304.8010559082031
2022-02-09,306.21807861328125
2022-02-10,293.3184814453125
2022-02-11,297.76495361328125
2022-02-14,297.08087158203125
2022-02-15,296.73883056640625
2022-02-16,306.51123046875
2022-02-17,294.2957458496094
2022-02-18,288.77435302734375
2022-02-21,278.22015380859375
2022-02-22,273.67596435546875
2022-02-23,268.8386535644531
2022-02-24,259.0662536621094
2022-02-25,265.71148681640625
2022-02-28,263.903564453125
2022-03-02,260.48321533203125
2022-03-03,268.9363708496094
2022-03-04,264.19677734375
2022-03-07,252.51873779296875
2022-03-08,251.29718017578125
2022-03-09,258.0890197753906
2022-03-10,263.5126647949219
2022-03-11,265.4183044433594
2022-03-14,263.903564453125
2022-03-15,256.91632080078125
2022-03-16,254.8152618408203
2022-03-17,256.0856628417969
2022-03-21,257.6981201171875
2022-03-22,256.57427978515625
2022-03-23,254.8152618408203
2022-03-24,253.74029541015625
2022-03-25,251.05288696289062
2022-03-28,245.43373107910156
2022-03-29,256.3299560546875
2022-03-30,251.83468627929688
2022-03-31,251.2483367919922
2022-04-01,262.73089599609375
2022-04-04,259.9945983886719
2022-04-05,264.7342224121094
2022-04-06,275.3861389160156
2022-04-07,278.8064880371094
2022-04-08,275.5327453613281
2022-04-11,274.7998046875
2022-04-12,271.37945556640625
2022-04-13,274.75091552734375
2022-04-18,278.6598815917969
2022-04-19,274.6043701171875
2022-04-20,273.040771484375
2022-04-21,277.0962829589844
2022-04-22,276.216796875
2022-04-25,270.0113220214844
2022-04-26,271.0374450683594
2022-04-27,266.5421447753906
2022-04-28,265.1739807128906
2022-04-29,262.8774719238281
2022-05-02,263.4149475097656
2022-05-04,257.64923095703125
2022-05-05,267.6170959472656
2022-05-06,261.16729736328125
2022-05-09,249.4404296875
2022-05-10,246.11782836914062
2022-05-11,241.8668212890625
2022-05-12,239.37486267089844
2022-05-13,239.6680450439453
2022-05-16,241.7690887451172
2022-05-17,244.40765380859375
2022-05-18,244.7985382080078
2022-05-19,241.47593688964844
2022-05-20,243.6747283935547
2022-05-23,241.5247802734375
2022-05-24,240.1077880859375
2022-05-25,239.76576232910156
2022-05-26,236.6385955810547
2022-05-27,240.05892944335938
2022-05-30,239.47259521484375
2022-05-31,240.44984436035156
2022-06-01,239.52145385742188
2022-06-02,242.35543823242188
2022-06-03,238.29989624023438
2022-06-06,238.6907958984375
2022-06-07,238.54421997070312
2022-06-08,237.07835388183594
2022-06-09,235.66134643554688
2022-06-10,234.9284210205078
2022-06-13,229.7978973388672
2022-06-14,229.84678649902344
2022-06-15,231.3614959716797
2022-06-16,229.7978973388672
2022-06-17,234.63525390625
2022-06-20,230.38424682617188
2022-06-21,231.60581970214844
2022-06-22,227.59912109375
2022-06-23,225.69351196289062
2022-06-24,226.7196044921875
2022-06-27,229.7001953125
2022-06-28,239.47259521484375
2022-06-29,230.38424682617188
2022-06-30,233.21824645996094
2022-07-01,240.01007080078125
2022-07-04,242.30657958984375
2022-07-05,239.76576232910156
2022-07-06,242.59976196289062
2022-07-07,240.74301147460938
2022-07-08,242.89292907714844
2022-07-11,242.5020294189453
2022-07-12,240.25439453125
2022-07-13,255.49932861328125
2022-07-14,258.4798889160156
2022-07-15,257.94244384765625
2022-07-18,251.54148864746094
2022-07-19,247.2416534423828
2022-07-20,250.07562255859375
2022-07-21,250.3688201904297
2022-07-22,248.65863037109375
2022-07-25,246.65530395507812
2022-07-26,247.4370880126953
2022-07-27,246.5575714111328
2022-07-28,245.6780548095703
2022-07-29,247.73025512695312
2022-08-01,252.61647033691406
2022-08-02,249.4404296875
2022-08-03,249.04954528808594
2022-08-04,251.73695373535156
2022-08-05,266.3466491699219
2022-08-08,270.9885559082031
2022-08-10,263.8547058105469
2022-08-11,259.2616882324219
2022-08-12,258.8219299316406
2022-08-16,259.9457702636719
2022-08-17,259.21282958984375
2022-08-18,257.11175537109375
2022-08-19,255.49932861328125
2022-08-22,254.1311798095703
2022-08-23,254.4732208251953
2022-08-24,254.1800537109375
2022-08-25,255.5481719970703
2022-08-26,257.551513671875
2022-08-29,255.9879608154297
2022-08-30,257.9913024902344
2022-09-01,260.0434875488281
2022-09-02,267.3727722167969
2022-09-05,273.8714294433594
2022-09-06,274.3111877441406
2022-09-07,273.67596435546875
2022-09-08,273.82257080078125
2022-09-09,269.27838134765625
2022-09-12,270.9885559082031
2022-09-13,273.4316711425781
2022-09-14,275.97247314453125
2022-09-15,273.9691467285156
2022-09-16,270.64654541015625
2022-09-19,267.5682373046875
2022-09-20,267.2262268066406
2022-09-21,271.9169616699219
2022-09-22,271.52606201171875
2022-09-23,269.27838134765625
2022-09-26,264.3921813964844
2022-09-27,259.1151123046875
2022-09-28,254.08233642578125
2022-09-29,256.37884521484375
2022-09-30,257.8935546875
2022-10-03,269.522705078125
2022-10-04,275.63043212890625
2022-10-06,275.5815734863281
2022-10-07,276.9497375488281
2022-10-10,271.0374450683594
2022-10-11,267.12847900390625
2022-10-12,267.8125305175781
2022-10-13,273.3828125
2022-10-14,278.5133056640625
2022-10-17,293.02532958984375
2022-10-18,290.4356689453125
2022-10-19,284.76763916015625
2022-10-20,292.39013671875
2022-10-21,285.5982971191406
2022-10-24,293.6605224609375
2022-10-25,291.4617614746094
2022-10-27,294.882080078125
2022-10-28,301.2829895019531
2022-10-31,304.99652099609375
2022-11-01,300.1103210449219
2022-11-02,301.185302734375
2022-11-03,302.8465881347656
2022-11-04,298.0092468261719
2022-11-07,300.89208984375
2022-11-09,289.6538391113281
2022-11-10,293.56280517578125
2022-11-11,307.2930603027344
2022-11-14,292.1946716308594
2022-11-15,278.6110534667969
2022-11-16,278.26898193359375
2022-11-17,278.5133056640625
2022-11-18,279.3439636230469
2022-11-21,275.5815734863281
2022-11-22,273.67596435546875
2022-11-23,274.01800537109375
2022-11-24,274.457763671875
2022-11-25,286.0380554199219
2022-11-28,282.7643127441406
2022-11-29,280.37005615234375
2022-11-30,278.5621643066406
2022-12-01,280.37005615234375
2022-12-02,277.0962829589844
2022-12-05,278.9042053222656
2022-12-06,279.4416809082031
2022-12-07,278.6110534667969
2022-12-08,281.5427551269531
2022-12-09,277.4383544921875
2022-12-12,278.36676025390625
2022-12-13,275.4350280761719
2022-12-14,274.7998046875
2022-12-15,273.5782470703125
2022-12-16,274.6043701171875
2022-12-19,275.1907043457031
2022-12-20,276.65655517578125
2022-12-21,274.3111877441406
2022-12-22,270.4510803222656
2022-12-23,260.43438720703125
2022-12-26,265.9557800292969
2022-12-27,265.9557800292969
2022-12-28,265.2228698730469
2022-12-29,265.8580322265625
2022-12-30,264.68536376953125
2023-01-02,268.8386535644531
2023-01-03,267.8125305175781
2023-01-04,265.6137390136719
2023-01-05,270.0113220214844
2023-01-06,266.3466491699219
2023-01-09,265.90692138671875
2023-01-10,269.86474609375
2023-01-11,268.9363708496094
2023-01-12,263.3661193847656
2023-01-13,263.5615539550781
2023-01-16,261.8514099121094
2023-01-17,259.1151123046875
2023-01-18,258.0401306152344
2023-01-19,255.1572723388672
2023-01-20,254.08233642578125
2023-01-23,254.1800537109375
2023-01-24,249.04954528808594
2023-01-25,249.34271240234375
2023-01-27,249.098388671875
2023-01-30,250.07562255859375
2023-01-31,259.5060119628906
2023-02-01,251.68807983398438
2023-02-02,248.90293884277344
2023-02-03,250.0267791748047
2023-02-06,254.5220947265625
2023-02-07,254.27777099609375
2023-02-08,256.9651794433594
2023-02-09,258.3821716308594
2023-02-10,258.6753845214844
2023-02-13,261.069580078125
2023-02-14,260.2389221191406
2023-02-15,260.6298522949219
2023-02-16,262.38885498046875
2023-02-17,260.9718322753906
2023-02-20,268.6431884765625
2023-02-21,266.9819030761719
2023-02-22,263.7569885253906
2023-02-23,264.6365051269531
2023-02-24,263.1217956542969
2023-02-27,262.3399963378906
2023-02-28,256.7697448730469
2023-03-01,255.8902130126953
2023-03-02,251.59036254882812
2023-03-03,254.37547302246094
2023-03-06,254.71751403808594
2023-03-08,259.0173645019531
2023-03-09,254.76638793945312
2023-03-10,250.7597198486328
2023-03-13,245.4826202392578
2023-03-14,244.2610626220703
2023-03-15,244.16334533691406
2023-03-16,244.21218872070312
2023-03-17,243.9678955078125
2023-03-20,244.35879516601562
2023-03-21,243.7235870361328
2023-03-22,249.24497985839844
2023-03-23,250.3688201904297
2023-03-24,249.0006866455078
2023-03-27,249.0006866455078
2023-03-28,244.6031036376953
2023-03-29,250.2222137451172
2023-03-31,250.46653747558594
2023-04-03,255.35272216796875
2023-04-05,260.09234619140625
2023-04-06,259.1151123046875
2023-04-10,257.6981201171875
2023-04-11,259.55487060546875
2023-04-12,262.3399963378906
2023-04-13,261.2650451660156
2023-04-17,257.7469787597656
2023-04-18,257.0140380859375
2023-04-19,260.7275390625
2023-04-20,264.8808288574219
2023-04-21,283.3995361328125
2023-04-24,290.9731140136719
2023-04-25,288.43231201171875
2023-04-26,286.2334899902344
2023-04-27,280.8098449707031
2023-04-28,288.28570556640625
2023-05-02,288.62774658203125
2023-05-03,292.1946716308594
2023-05-04,288.3834533691406
2023-05-05,291.4617614746094
2023-05-08,295.7127685546875
2023-05-09,294.3934631347656
2023-05-10,297.9115295410156
2023-05-11,293.6116638183594
2023-05-12,291.9015197753906
2023-05-15,291.02197265625
2023-05-16,287.7482604980469
2023-05-17,285.2562561035156
2023-05-18,283.1063537597656
2023-05-19,280.9075622558594
2023-05-22,283.20404052734375
2023-05-23,283.4483642578125
2023-05-24,284.4744567871094
2023-05-25,283.35064697265625
2023-05-26,282.910888671875
2023-05-29,288.28570556640625
2023-05-30,293.1230773925781
2023-05-31,291.2662658691406
2023-06-01,289.4095153808594
2023-06-02,290.2890319824219
2023-06-05,290.2890319824219
2023-06-06,288.28570556640625
2023-06-07,289.2629699707031
2023-06-08,291.1197204589844
2023-06-09,291.1685791015625
2023-06-12,294.10028076171875
2023-06-13,297.2274475097656
2023-06-14,301.9670715332031
2023-06-15,301.234130859375
2023-06-16,301.9670715332031
2023-06-19,301.9182434082031
2023-06-20,302.6022644042969
2023-06-21,306.51123046875
2023-06-22,306.07147216796875
2023-06-23,307.3907470703125
2023-06-26,316.3324890136719
2023-06-27,312.814453125
2023-06-28,305.8271789550781
2023-06-30,303.1886291503906
2023-07-03,303.0909118652344
2023-07-04,325.27423095703125
2023-07-05,330.111572265625
2023-07-06,327.03326416015625
2023-07-07,331.08880615234375
2023-07-10,325.6651306152344
2023-07-11,321.5118408203125
2023-07-12,316.1859130859375
2023-07-13,316.9188232421875
2023-07-14,322.5379638671875
2023-07-17,325.3719482421875
2023-07-18,321.8538818359375
2023-07-19,319.557373046875
2023-07-20,320.7789611816406
2023-07-21,327.6195983886719
2023-07-24,333.7762145996094
2023-07-25,329.8183898925781
2023-07-26,332.45697021484375
2023-07-27,330.40472412109375
2023-07-28,337.04998779296875
2023-07-31,335.4375305175781
2023-08-01,339.3953552246094
2023-08-02,335.1932067871094
2023-08-03,364.4615783691406
2023-08-04,368.81024169921875
2023-08-07,372.6703796386719
2023-08-08,381.2700500488281
2023-08-09,380.2439880371094
2023-08-10,399.78875732421875
2023-08-11,397.736572265625
2023-08-14,390.3095397949219
2023-08-16,389.9674987792969
2023-08-17,381.0257568359375
2023-08-18,380.73260498046875
2023-08-21,380.6837158203125
2023-08-22,379.9507751464844
2023-08-23,381.3677978515625
2023-08-24,376.5793151855469
2023-08-25,373.5987243652344
2023-08-28,371.6931457519531
2023-08-29,368.9079895019531
2023-08-30,377.60540771484375
2023-08-31,371.8885498046875
2023-09-01,371.7419738769531
2023-09-04,369.9829406738281
2023-09-05,372.3771667480469
2023-09-06,376.628173828125
2023-09-07,392.3128967285156
2023-09-08,388.6971130371094
2023-09-11,383.02911376953125
2023-09-12,368.0284729003906
2023-09-13,367.0512390136719
2023-09-14,362.6536560058594
2023-09-15,364.36383056640625
2023-09-18,359.8196716308594
2023-09-20,354.2493896484375
2023-09-21,361.0900573730469
2023-09-22,359.62420654296875
2023-09-25,361.4320983886719
2023-09-26,366.1717224121094
2023-09-27,374.7225646972656
2023-09-28,379.6087646484375
2023-09-29,374.9179992675781
2023-10-03,377.60540771484375
2023-10-04,372.5726318359375
2023-10-05,374.6736755371094
2023-10-06,372.6214904785156
2023-10-09,363.7286376953125
2023-10-10,368.7125244140625
2023-10-11,366.51373291015625
2023-10-12,364.6081237792969
2023-10-13,376.5793151855469
2023-10-16,380.6837158203125
2023-10-17,375.84637451171875
2023-10-18,375.0157470703125
2023-10-19,367.3932800292969
2023-10-20,363.2400207519531
2023-10-23,346.4803161621094
2023-10-25,347.45758056640625
2023-10-26,344.6724548339844
2023-10-27,355.76409912109375
2023-10-30,356.6925048828125
2023-10-31,354.0539245605469
2023-11-01,356.3993225097656
2023-11-02,354.9334716796875
2023-11-03,354.1028137207031
2023-11-06,352.2948913574219
2023-11-07,352.2460632324219
2023-11-08,357.5719909667969
2023-11-09,377.26336669921875
2023-11-10,377.1656799316406
2023-11-13,377.361083984375
2023-11-15,375.50433349609375
2023-11-16,383.2734375
2023-11-17,377.89862060546875
2023-11-20,380.1950988769531
2023-11-21,381.2212219238281
2023-11-22,401.01031494140625
2023-11-23,397.88311767578125
2023-11-24,396.5150146484375
2023-11-28,386.5471496582031
2023-11-29,384.2017822265625
2023-11-30,384.6903991699219
2023-12-01,388.1107482910156
2023-12-04,391.14019775390625
2023-12-05,394.4627990722656
2023-12-06,400.4239807128906
2023-12-07,401.9386901855469
2023-12-08,394.4139404296875
2023-12-11,387.7198486328125
2023-12-12,393.04583740234375
2023-12-13,401.987548828125
2023-12-14,400.2284851074219
2023-12-15,392.3617248535156
2023-12-18,385.1301574707031
2023-12-19,383.0779724121094
2023-12-20,373.9896240234375
2023-12-21,378.3872375488281
2023-12-22,383.02911376953125
2023-12-26,389.1368713378906
2023-12-27,386.5471496582031
2023-12-28,384.10406494140625
2023-12-29,387.42669677734375
2024-01-01,385.2279052734375
2024-01-02,389.52777099609375
2024-01-03,402.32958984375
2024-01-04,405.5544738769531
2024-01-05,405.3590087890625
2024-01-08,399.3489990234375
2024-01-09,399.3978576660156
2024-01-10,394.7559814453125
2024-01-11,401.6455078125
2024-01-12,415.0337219238281
2024-01-15,410.3918151855469
2024-01-16,405.8476257324219
2024-01-17,408.77935791015625
2024-01-18,428.1775817871094
2024-01-19,432.0376892089844
2024-01-23,408.58392333984375
2024-01-24,414.3496398925781
2024-01-25,407.7532653808594
2024-01-29,404.4794921875
2024-01-30,405.8965148925781
2024-01-31,407.9486999511719
2024-02-01,405.7010803222656
2024-02-02,413.5678405761719
2024-02-05,416.5972900390625
2024-02-06,423.04705810546875
2024-02-07,454.36761474609375
2024-02-08,439.2692565917969
2024-02-09,436.6307067871094
2024-02-12,422.06982421875
2024-02-13,436.6307067871094
2024-02-14,435.8000793457031
2024-02-15,443.569091796875
2024-02-16,425.7833557128906
2024-02-19,430.864990234375
2024-02-20,439.7090148925781
2024-02-21,443.7156677246094
2024-02-22,445.1815490722656
2024-02-23,461.6969299316406
2024-02-26,471.61590576171875
2024-02-27,445.8656311035156
2024-02-28,435.2137145996094
2024-02-29,426.7605895996094
2024-03-01,433.7478332519531
2024-03-04,449.1393737792969
2024-03-05,449.0904846191406
2024-03-06,440.1976318359375
2024-03-07,439.1715087890625
2024-03-11,424.3663330078125
2024-03-12,420.60394287109375
2024-03-13,414.1053161621094
2024-03-14,427.4935302734375
2024-03-15,418.30743408203125
2024-03-18,421.3857727050781
2024-03-19,417.2813720703125
2024-03-20,427.10260009765625
2024-03-21,426.27197265625
2024-03-22,419.9687805175781
2024-03-26,411.124755859375
2024-03-27,414.2519226074219
2024-03-28,415.2291259765625
2024-04-01,423.92657470703125
2024-04-02,430.7184143066406
2024-04-03,432.72174072265625
2024-04-04,435.067138671875
2024-04-05,441.8589172363281
2024-04-08,439.80670166015625
2024-04-09,444.20428466796875
2024-04-10,441.02825927734375
2024-04-12,440.3442077636719
2024-04-15,439.95330810546875
2024-04-16,443.47137451171875
2024-04-18,441.71234130859375
2024-04-19,438.48748779296875
2024-04-22,440.2953186035156
2024-04-23,433.7478332519531
2024-04-24,442.3475646972656
2024-04-25,446.5497131347656
2024-04-26,446.3053894042969
2024-04-29,451.0938415527344
2024-04-30,443.1293640136719
2024-05-02,436.6307067871094
2024-05-03,438.4385986328125
2024-05-06,438.38970947265625
2024-05-07,436.92388916015625
2024-05-08,441.419189453125
2024-05-09,435.2137145996094
2024-05-10,429.8877258300781
2024-05-13,427.1514587402344
2024-05-14,446.9405822753906
2024-05-15,444.6440734863281
2024-05-16,462.0389404296875
2024-05-17,467.16943359375
2024-05-21,470.0034484863281
2024-05-22,470.3943176269531
2024-05-23,464.43316650390625
2024-05-24,459.1072082519531
2024-05-27,453.7323913574219
2024-05-28,454.9050598144531
2024-05-29,454.5141906738281
2024-05-30,448.5041809082031
2024-05-31,422.65618896484375
2024-06-03,422.75390625
2024-06-04,413.90985107421875
2024-06-05,423.3402404785156
2024-06-06,425.5390319824219
2024-06-07,432.86834716796875
2024-06-10,438.4385986328125
2024-06-11,439.95330810546875
2024-06-12,448.3575439453125
2024-06-13,446.8916931152344
2024-06-14,450.7518005371094
2024-06-18,447.52691650390625
2024-06-19,450.6540832519531
2024-06-20,448.0155334472656
2024-06-21,450.21435546875
2024-06-24,449.7257385253906
2024-06-25,452.6574401855469
2024-06-26,451.6802062988281
2024-06-27,447.2337341308594
2024-06-28,451.5335693359375
2024-07-01,461.25714111328125
2024-07-02,459.8890075683594
2024-07-03,485.7369689941406
2024-07-04,495.7536926269531
2024-07-05,503.57159423828125
2024-07-08,495.41168212890625
2024-07-09,488.619873046875
2024-07-10,486.567626953125
2024-07-11,488.71759033203125
2024-07-12,480.11785888671875
2024-07-15,487.3005676269531
2024-07-16,483.44049072265625
2024-07-18,481.33941650390625
2024-07-19,474.596435546875
2024-07-22,477.0395812988281
2024-07-23,486.518798828125
2024-07-24,494.4833068847656
2024-07-25,494.4833068847656
2024-07-26,490.67205810546875
2024-07-29,517.1552734375
2024-07-30,503.66937255859375
2024-07-31,497.8058776855469
2024-08-01,490.9652404785156
2024-08-02,496.9752197265625
2024-08-05,480.9485168457031
2024-08-06,484.6131591796875
2024-08-07,506.1124572753906
2024-08-08,489.4993591308594
2024-08-09,478.065673828125
2024-08-12,479.92242431640625
2024-08-13,458.8628845214844
2024-08-14,464.4820251464844
2024-08-16,470.93182373046875
2024-08-19,474.20556640625
2024-08-20,498.19677734375
2024-08-21,512.3179321289062
2024-08-22,518.914306640625
2024-08-23,524.3868408203125
2024-08-26,512.5133666992188
2024-08-27,525.950439453125
2024-08-28,520.5267333984375
2024-08-29,516.52001953125
2024-08-30,530.7877197265625
2024-09-02,530.2991333007812
2024-09-03,534.2081298828125
2024-09-04,559.7140502929688
2024-09-05,547.8894653320312
2024-09-06,558.1015625
2024-09-09,549.941650390625
2024-09-10,566.9945068359375
2024-09-11,564.9422607421875
2024-09-12,598.7058715820312
2024-09-13,583.6564331054688
2024-09-16,566.3104248046875
2024-09-17,549.3553466796875
2024-09-18,569.1444702148438
2024-09-19,540.5601806640625
2024-09-20,551.1631469726562
2024-09-23,550.8211669921875
2024-09-24,553.8017578125
2024-09-25,546.66796875
2024-09-26,533.1819458007812
2024-09-27,528.9798583984375
2024-09-30,527.2696533203125
2024-10-01,526.3901977539062
2024-10-03,517.2529296875
2024-10-04,506.943115234375
2024-10-07,492.82196044921875
2024-10-08,503.2295837402344
2024-10-09,520.2335205078125
2024-10-10,529.908203125
2024-10-11,523.9959106445312
2024-10-14,521.9926147460938
2024-10-15,552.042724609375
2024-10-16,551.4563598632812
2024-10-17,534.1591796875
2024-10-18,527.07421875
2024-10-21,524.5333862304688
2024-10-22,516.52001953125
2024-10-23,508.7021179199219
2024-10-24,505.6726989746094
2024-10-25,504.6466064453125
2024-10-28,503.81591796875
2024-10-29,508.8487548828125
2024-10-30,510.4123229980469
2024-10-31,534.1103515625
2024-11-01,538.94775390625
2024-11-04,524.631103515625
2024-11-05,528.7355346679688
2024-11-06,534.84326171875
2024-11-07,507.1385803222656
2024-11-08,502.692138671875
2024-11-11,502.44781494140625
2024-11-12,487.3005676269531
2024-11-13,484.4177551269531
2024-11-14,484.85748291015625
2024-11-18,476.8929748535156
2024-11-19,476.8441162109375
2024-11-21,474.44989013671875
2024-11-22,481.9048156738281
2024-11-25,487.9773864746094
2024-11-26,505.4544982910156
2024-11-27,504.2696228027344
2024-11-28,510.2434387207031
2024-11-29,505.2570495605469
2024-12-02,501.5048828125
2024-12-03,510.638427734375
2024-12-04,513.4525146484375
2024-12-05,511.28021240234375
2024-12-06,508.169921875
2024-12-09,505.6519775390625
2024-12-10,495.62982177734375
2024-12-11,513.3538208007812
2024-12-12,503.7265319824219
2024-12-13,497.2096252441406
2024-12-16,497.9008483886719
2024-12-17,499.67816162109375
2024-12-18,508.7623291015625
2024-12-19,502.640380859375
2024-12-20,485.3113708496094
2024-12-23,482.6947326660156
2024-12-24,493.260009765625
2024-12-26,497.9008483886719
2024-12-27,493.40814208984375
2024-12-30,488.4710998535156
2024-12-31,493.1612854003906
2025-01-01,504.6645812988281
2025-01-02,500.7643127441406
2025-01-03,503.1834716796875
2025-01-06,491.23583984375
2025-01-07,499.7275390625
2025-01-08,491.87762451171875
2025-01-09,482.6947326660156
2025-01-10,482.39849853515625
2025-01-13,467.6861267089844
2025-01-14,475.0423278808594
2025-01-15,469.1178894042969
2025-01-16,478.1033020019531
2025-01-17,475.68414306640625
2025-01-20,472.9194030761719
2025-01-21,470.3521423339844
2025-01-22,460.3299560546875
2025-01-23,464.47705078125
2025-01-24,464.97076416015625
2025-01-27,469.0684814453125
2025-01-28,459.0956726074219
2025-01-29,471.0926818847656
2025-01-30,469.4634704589844
2025-01-31,464.08209228515625
2025-02-01,476.91839599609375
2025-02-03,471.6357727050781
2025-02-04,470.3027648925781
2025-02-05,467.7848815917969
2025-02-06,472.5738220214844
2025-02-07,466.25439453125
2025-02-10,454.8004455566406
2025-02-11,455.7878723144531
2025-02-12,435.5459899902344
2025-02-13,404.98565673828125
2025-02-14,400.3448791503906
2025-02-17,399.999267578125
2025-02-18,400.83856201171875
2025-02-19,401.332275390625
2025-02-20,405.6274719238281
2025-02-21,397.92572021484375
2025-02-24,398.8143615722656
2025-02-25,395.6546630859375
2025-02-27,385.2868957519531
2025-02-28,377.09136962890625
2025-03-03,380.0042419433594
2025-03-04,377.4369812011719
2025-03-05,395.9508972167969
2025-03-06,400.49298095703125
2025-03-07,396.7901916503906
2025-03-10,380.54730224609375
2025-03-11,386.8667297363281
2025-03-12,392.34686279296875
2025-03-13,385.9780578613281
2025-03-17,395.111572265625
2025-03-18,395.111572265625
2025-03-19,402.41839599609375
2025-03-20,402.96148681640625
2025-03-21,408.73785400390625
2025-03-24,410.1695556640625
2025-03-25,403.9982604980469
2025-03-26,382.818359375
2025-03-27,389.9277038574219
2025-03-28,388.9896545410156
2025-04-01,396.7901916503906
2025-04-02,395.70404052734375
2025-04-03,405.9237365722656
2025-04-04,393.2355041503906
2025-04-07,391.6556396484375
2025-04-08,405.87432861328125
2025-04-09,401.6778564453125
2025-04-11,416.1927795410156
2025-04-15,419.648681640625
2025-04-16,425.3756408691406
2025-04-17,425.03009033203125
2025-04-21,425.1781921386719
2025-04-22,424.83258056640625
2025-04-23,430.7076721191406
2025-04-24,420.7842102050781
2025-04-25,420.24114990234375
2025-04-28,420.6361083984375
2025-04-29,415.9459228515625
2025-04-30,415.6990661621094
2025-05-02,417.4270324707031
2025-05-05,419.0562438964844
2025-05-06,420.1917724609375
2025-05-07,426.3136901855469
2025-05-08,423.69708251953125
2025-05-09,424.1413879394531
2025-05-12,429.6708984375
2025-05-13,431.39886474609375
2025-05-14,435.9409484863281
2025-05-15,438.16259765625
2025-05-16,435.5459899902344
2025-05-19,444.9757385253906
2025-05-20,450.3077392578125
2025-05-21,461.4654541015625
2025-05-22,458.05889892578125
2025-05-23,460.42864990234375
2025-05-26,453.61553955078125
2025-05-27,453.71429443359375
2025-05-28,450.70269775390625
2025-05-29,437.2739562988281
2025-05-30,433.3736572265625
2025-06-02,433.07745361328125
2025-06-03,436.43463134765625
2025-06-04,432.0900573730469
2025-06-05,429.2265625
2025-06-06,423.79583740234375
2025-06-09,432.73187255859375
2025-06-10,437.9651184082031
2025-06-11,448.03668212890625
2025-06-12,454.94854736328125
2025-06-13,469.8584289550781
2025-06-16,484.0771179199219
2025-06-17,467.2418212890625
2025-06-18,462.5022277832031
2025-06-19,451.7888488769531
2025-06-20,449.2709655761719
2025-06-23,453.5168151855469
2025-06-24,471.5863952636719
2025-06-25,465.81005859375
2025-06-26,468.6241760253906
2025-06-27,473.6105651855469
2025-06-30,481.3617248535156
2025-07-01,485.1138916015625
2025-07-02,482.990966796875
2025-07-03,481.657958984375
2025-07-04,483.2378234863281
2025-07-07,503.2822265625
2025-07-08,500.418701171875
2025-07-09,498.9375915527344
2025-07-10,499.9743957519531
2025-07-11,495.037353515625
2025-07-14,483.38592529296875
2025-07-15,500.3693542480469
2025-07-16,490.1003112792969
2025-07-17,492.5194396972656
2025-07-18,483.3365478515625
2025-07-21,480.8680419921875
2025-07-22,484.323974609375
2025-07-23,484.12646484375
2025-07-24,484.1758728027344
2025-07-25,483.04034423828125
2025-07-28,481.0161437988281
2025-07-29,480.1768493652344
2025-07-30,478.8932189941406
2025-07-31,473.3143615722656
2025-08-01,469.4140930175781
2025-08-04,475.68414306640625
2025-08-05,470.4508972167969
2025-08-06,468.5254211425781
2025-08-07,470.944580078125
2025-08-08,468.67352294921875
2025-08-11,478.69573974609375
2025-08-12,478.0539245605469
2025-08-13,477.11590576171875
2025-08-14,470.89520263671875
2025-08-18,470.3521423339844
2025-08-19,473.166259765625
2025-08-20,471.5863952636719
2025-08-21,471.833251953125
2025-08-22,468.67352294921875
2025-08-25,463.58837890625
2025-08-26,456.4790344238281
2025-08-28,454.8004455566406
2025-08-29,451.986328125
2025-09-01,450.3077392578125
2025-09-02,458.2563781738281
2025-09-03,458.1576232910156
2025-09-04,454.5535888671875
2025-09-05,465.0201416015625
2025-09-08,460.3299560546875
2025-09-09,451.7394714355469
2025-09-10,454.15863037109375
2025-09-11,459.0462951660156
2025-09-12,457.5158386230469
2025-09-15,460.6755065917969
2025-09-16,460.5768127441406
2025-09-17,463.98333740234375
2025-09-18,468.96978759765625
2025-09-19,480.7199401855469
2025-09-22,477.9551696777344
2025-09-23,472.0801086425781
2025-09-24,471.6851501464844
2025-09-25,458.3057556152344
2025-09-26,448.431640625
2025-09-29,442.7046813964844
2025-09-30,436.7308654785156
2025-10-01,451.5419921875
2025-10-03,455.541015625
2025-10-06,459.786865234375
2025-10-07,449.81402587890625
2025-10-08,443.5933532714844
2025-10-09,443.741455078125
2025-10-10,450.3077392578125
2025-10-13,440.38427734375
2025-10-14,430.6582946777344
2025-10-15,430.8558044433594
2025-10-16,430.2139892578125
2025-10-17,432.2381591796875
2025-10-20,429.5721435546875
2025-10-21,443.1490173339844
2025-10-23,432.2875061035156
2025-10-24,424.83258056640625
2025-10-27,426.2149658203125
2025-10-28,426.60992431640625
2025-10-29,434.805419921875
2025-10-30,446.0618896484375
2025-10-31,454.8498229980469
2025-11-03,454.3561096191406
2025-11-04,441.5691833496094
2025-11-06,416.34088134765625
2025-11-07,420.6854553222656
2025-11-10,408.5897216796875
2025-11-11,403.85015869140625
2025-11-12,402.0728454589844
2025-11-13,405.08441162109375
2025-11-14,403.65264892578125
2025-11-17,407.5035705566406
2025-11-18,404.5907287597656
2025-11-19,405.5287780761719
2025-11-20,408.73785400390625
2025-11-21,405.8249816894531
2025-11-24,404.2451171875
2025-11-25,411.8481750488281
2025-11-26,413.5267639160156
2025-11-27,409.97210693359375
2025-11-28,409.1821594238281
2025-12-01,403.0108642578125
2025-12-02,408.5897216796875
2025-12-03,407.8985290527344
2025-12-04,408.8859558105469
2025-12-05,408.8365478515625
2025-12-08,409.77459716796875
2025-12-09,412.489990234375
2025-12-10,417.8219909667969
2025-12-11,422.6109313964844
2025-12-12,413.62548828125
2025-12-15,415.5015563964844
2025-12-16,415.55096435546875
2025-12-17,409.6758728027344
2025-12-18,408.1453857421875
2025-12-19,405.8249816894531
2025-12-22,407.20733642578125
2025-12-23,405.4793701171875
2025-12-24,403.9982604980469
2025-12-26,402.1221923828125
2025-12-29,419.79681396484375
2025-12-30,403.8995056152344
2025-12-31,417.7726135253906
2026-01-01,413.5761413574219
2026-01-02,414.2673034667969
2026-01-05,407.7010498046875
2026-01-06,407.40484619140625
2026-01-07,404.73883056640625
2026-01-08,397.2839050292969
2026-01-09,394.9634704589844
2026-01-12,394.0254211425781
2026-01-13,386.619873046875
2026-01-14,384.9412841796875
2026-01-15,384.9412841796875
2026-01-16,380.3992004394531
2026-01-19,384.2500915527344
2026-01-20,377.3876037597656
2026-01-21,370.574462890625
2026-01-22,371.907470703125
2026-01-23,364.9462585449219
2026-01-27,362.4777526855469
2026-01-28,367.3653869628906
2026-01-29,358.8243103027344
2026-01-30,372.9936218261719
2026-02-02,372.0555725097656
2026-02-03,376.9432678222656
2026-02-04,381.9296569824219
2026-02-05,373.73419189453125
2026-02-06,363.8107604980469
2026-02-09,379.9054870605469
2026-02-10,392.1000061035156
2026-02-11,393.04998779296875
2026-02-12,388.29998779296875
2026-02-13,376.29998779296875
2026-02-16,374.1499938964844
2026-02-17,379.6000061035156
2026-02-18,379.1499938964844
2026-02-19,376.54998779296875
2026-02-20,368.8999938964844
2026-02-23,374.1499938964844
2026-02-24,368.8500061035156
2026-02-25,364.29998779296875
2026-02-26,363.20001220703125
2026-02-27,356.6499938964844
2026-03-02,372.04998779296875
2026-03-04,371.45001220703125
2026-03-05,368.1000061035156
2026-03-06,362.1499938964844
2026-03-09,371.8999938964844
2026-03-10,378.04998779296875
2026-03-11,369.04998779296875
2026-03-12,366.8999938964844
2026-03-13,352.8500061035156
2026-03-16,341.3500061035156
2026-03-17,340.54998779296875
2026-03-18,337.04998779296875
2026-03-19,338.3999938964844
2026-03-20,332.8500061035156
2026-03-23,328.04998779296875
2026-03-24,331.1499938964844
2026-03-25,329.8999938964844
2026-03-27,321.1000061035156
2026-03-30,321.1000061035156
2026-04-01,328.29998779296875
2026-04-02,333.25
2026-04-06,336.8999938964844
2026-04-07,339.20001220703125
2026-04-08,345.8500061035156
2026-04-09,340.6000061035156
2026-04-10,351.54998779296875
2026-04-13,353.54998779296875
2026-04-15,356.8999938964844
2026-04-16,355.79998779296875
2026-04-17,358.45001220703125
2026-04-20,359.95001220703125
2026-04-21,363.79998779296875
2026-04-22,359.0
2026-04-23,371.95001220703125
2026-04-24,366.1499938964844
2026-04-27,367.04998779296875
2026-04-28,365.20001220703125
2026-04-29,363.25
2026-04-30,364.45001220703125
2026-05-04,371.8500061035156
2026-05-05,368.29998779296875
2026-05-06,371.45001220703125
2026-05-07,375.54998779296875
2026-05-08,380.20001220703125
2026-05-11,380.3999938964844
2026-05-12,375.70001220703125
2026-05-13,369.70001220703125
2026-05-14,369.1000061035156
2026-05-15,366.1499938964844
2026-05-18,361.8999938964844
2026-05-19,362.6000061035156
2026-05-20,363.6000061035156
2026-05-21,362.3999938964844
2026-05-22,373.25
2026-05-25,369.3500061035156
2026-05-26,403.1499938964844
2026-05-27,429.54998779296875
2026-05-28,429.54998779296875
2026-05-29,405.0
2026-06-01,395.1499938964844
2026-06-02,392.75
2026-06-03,398.79998779296875
2026-06-04,400.54998779296875
2026-06-05,381.0
2026-06-08,381.25
2026-06-09,393.5
2026-06-10,380.75
2026-06-11,378.8999938964844
2026-06-12,387.8500061035156
2026-06-15,384.79998779296875
2026-06-16,384.25
2026-06-17,380.79998779296875
2026-06-18,384.20001220703125
2026-06-19,389.3500061035156
2026-06-22,403.5
2026-06-23,412.1000061035156
2026-06-24,410.6499938964844
2026-06-25,408.29998779296875
2026-06-26,408.29998779296875
2026-06-29,420.70001220703125
2026-06-30,423.8500061035156
2026-07-01,430.54998779296875
2026-07-02,434.25
2026-07-03,433.79998779296875
2026-07-06,430.45001220703125
2026-07-07,426.1499938964844
2026-07-08,423.3999938964844
2026-07-09,432.1000061035156
2026-07-10,432.29998779296875
2026-07-13,428.0
2026-07-14,421.6499938964844
2026-07-15,424.1000061035156
2026-07-16,421.70001220703125
2026-07-17,420.1000061035156
2026-07-20,417.8999938964844
2026-07-21,413.25
2026-07-22,410.29998779296875
2026-07-23,401.25
2026-07-24,412.95001220703125
2026-07-27,417.1000061035156
2026-07-28,407.45001220703125
2026-07-29,414.29998779296875
2026-07-30,407.45001220703125
