date,adj
2007-01-02,96.78782653808594
2007-01-03,98.53475189208984
2007-01-04,101.03034973144531
2007-01-05,99.53299713134766
2007-01-08,95.3736572265625
2007-01-09,92.2125473022461
2007-01-10,90.29924774169922
2007-01-11,92.75326538085938
2007-01-12,93.75151062011719
2007-01-15,97.95244598388672
2007-01-16,102.27815246582031
2007-01-17,98.03563690185547
2007-01-18,96.24710845947266
2007-01-19,95.58161926269531
2007-01-22,91.17271423339844
2007-01-23,87.22134399414062
2007-01-24,85.34963989257812
2007-01-25,85.89035034179688
2007-01-29,84.35140228271484
2007-01-31,81.14871215820312
2007-02-01,81.02393341064453
2007-02-02,80.89915466308594
2007-02-05,81.35668182373047
2007-02-06,81.73101806640625
2007-02-07,80.60799407958984
2007-02-08,80.98233032226562
2007-02-09,79.85930633544922
2007-02-12,76.40705871582031
2007-02-13,73.12117767333984
2007-02-14,72.74683380126953
2007-02-15,75.94953918457031
2007-02-19,78.44514465332031
2007-02-20,76.5318374633789
2007-02-21,76.5318374633789
2007-02-22,73.03800201416016
2007-02-23,70.91674041748047
2007-02-26,67.38130187988281
2007-02-27,65.42640686035156
2007-02-28,68.71228790283203
2007-03-01,70.583984375
2007-03-02,74.03624725341797
2007-03-05,70.33442687988281
2007-03-06,68.62910461425781
2007-03-07,68.29635620117188
2007-03-08,67.50606536865234
2007-03-09,67.42289733886719
2007-03-12,70.70877075195312
2007-03-13,68.04680633544922
2007-03-14,66.46624755859375
2007-03-15,66.54943084716797
2007-03-16,64.6361312866211
2007-03-19,64.88570404052734
2007-03-20,66.5078353881836
2007-03-21,64.6777114868164
2007-03-22,64.2201919555664
2007-03-23,64.92728424072266
2007-03-26,64.09542083740234
2007-03-28,63.59630584716797
2007-03-29,61.64140701293945
2007-03-30,59.561744689941406
2007-04-02,56.69179916381836
2007-04-03,58.23074722290039
2007-04-04,60.268829345703125
2007-04-05,60.102455139160156
2007-04-09,60.80954360961914
2007-04-10,60.72635269165039
2007-04-11,60.019264221191406
2007-04-12,61.267066955566406
2007-04-13,60.435211181640625
2007-04-16,61.10068893432617
2007-04-17,60.3104248046875
2007-04-18,61.10068893432617
2007-04-19,58.48031234741211
2007-04-20,58.68828201293945
2007-04-23,59.97767639160156
2007-04-24,59.31218338012695
2007-04-25,59.644920349121094
2007-04-26,59.644920349121094
2007-04-27,60.435211181640625
2007-04-30,62.97239303588867
2007-05-03,66.13350677490234
2007-05-04,69.46096801757812
2007-05-07,72.9548110961914
2007-05-08,74.28580474853516
2007-05-09,71.04151153564453
2007-05-10,71.04151153564453
2007-05-11,71.91497802734375
2007-05-14,71.66542053222656
2007-05-15,69.336181640625
2007-05-16,70.583984375
2007-05-17,69.1698226928711
2007-05-18,70.00167846679688
2007-05-21,68.71228790283203
2007-05-22,67.46448516845703
2007-05-23,67.29811096191406
2007-05-24,67.46448516845703
2007-05-25,67.71404266357422
2007-05-28,68.2131576538086
2007-05-29,71.62383270263672
2007-05-30,73.66189575195312
2007-05-31,71.58223724365234
2007-06-01,72.3309097290039
2007-06-04,69.8353042602539
2007-06-05,68.29635620117188
2007-06-06,68.08837890625
2007-06-07,71.49903106689453
2007-06-08,74.36898803710938
2007-06-11,75.36723327636719
2007-06-12,73.07958984375
2007-06-13,72.78844451904297
2007-06-14,71.79020690917969
2007-06-15,71.37425994873047
2007-06-18,71.45745849609375
2007-06-19,71.95657348632812
2007-06-20,71.9981689453125
2007-06-21,72.41410064697266
2007-06-22,71.66542053222656
2007-06-25,72.37249755859375
2007-06-26,70.37601470947266
2007-06-27,70.8751449584961
2007-06-28,71.74860382080078
2007-06-29,70.70877075195312
2007-07-02,72.62206268310547
2007-07-03,70.79195404052734
2007-07-04,71.16629791259766
2007-07-05,71.54063415527344
2007-07-06,70.16805267333984
2007-07-09,66.96536254882812
2007-07-10,68.878662109375
2007-07-11,75.78315734863281
2007-07-12,73.37074279785156
2007-07-13,74.36898803710938
2007-07-16,77.23894500732422
2007-07-17,76.78141021728516
2007-07-18,73.37074279785156
2007-07-19,76.15750122070312
2007-07-20,74.11942291259766
2007-07-23,72.9132308959961
2007-07-24,71.54063415527344
2007-07-25,71.41585540771484
2007-07-26,71.9981689453125
2007-07-27,75.15925598144531
2007-07-30,73.32916259765625
2007-07-31,71.16629791259766
2007-08-01,67.38130187988281
2007-08-02,68.04680633544922
2007-08-03,68.2131576538086
2007-08-06,67.29811096191406
2007-08-07,68.1299819946289
2007-08-08,67.58927154541016
2007-08-09,67.00696563720703
2007-08-10,66.42464447021484
2007-08-13,67.29811096191406
2007-08-14,68.00519561767578
2007-08-16,64.92728424072266
2007-08-17,63.8874626159668
2007-08-20,64.17860412597656
2007-08-21,61.433441162109375
2007-08-22,62.05734634399414
2007-08-23,60.39360427856445
2007-08-24,62.098934173583984
2007-08-27,61.14228820800781
2007-08-28,62.223716735839844
2007-08-29,60.7679557800293
2007-08-30,61.5582275390625
2007-08-31,61.47502899169922
2007-09-03,61.267066955566406
2007-09-04,66.13350677490234
2007-09-05,66.34146118164062
2007-09-06,64.2201919555664
2007-09-07,63.63788986206055
2007-09-10,64.3865737915039
2007-09-11,63.30514144897461
2007-09-12,64.05382537841797
2007-09-13,64.0122299194336
2007-09-14,63.84585952758789
2007-09-17,63.84585952758789
2007-09-18,65.0104751586914
2007-09-19,63.63788986206055
2007-09-20,65.17133331298828
2007-09-21,63.80827331542969
2007-09-24,62.615596771240234
2007-09-25,60.69879150390625
2007-09-26,61.209938049316406
2007-09-27,60.61360549926758
2007-09-28,60.35802459716797
2007-10-01,61.55070877075195
2007-10-03,60.3154296875
2007-10-04,59.761688232421875
2007-10-05,59.591304779052734
2007-10-08,57.67450714111328
2007-10-09,57.291141510009766
2007-10-10,56.183650970458984
2007-10-11,57.12076187133789
2007-10-12,56.5244140625
2007-10-15,57.07815933227539
2007-10-16,63.80827331542969
2007-10-17,61.33772659301758
2007-10-18,61.42292022705078
2007-10-19,58.526405334472656
2007-10-22,57.37633514404297
2007-10-23,59.63389587402344
2007-10-24,59.08015823364258
2007-10-25,58.35603713989258
2007-10-26,59.08015823364258
2007-10-29,56.055870056152344
2007-10-30,58.44122314453125
2007-10-31,56.950374603271484
2007-11-01,56.48183059692383
2007-11-02,54.69279861450195
2007-11-05,54.053871154785156
2007-11-06,52.90378952026367
2007-11-07,52.81859588623047
2007-11-08,52.09447479248047
2007-11-12,57.58930969238281
2007-11-13,56.09845733642578
2007-11-14,57.930076599121094
2007-11-15,58.99496841430664
2007-11-16,57.2485466003418
2007-11-19,59.12275695800781
2007-11-20,60.869178771972656
2007-11-21,57.930076599121094
2007-11-22,52.64821243286133
2007-11-23,52.22225570678711
2007-11-26,53.414939880371094
2007-11-27,53.11677169799805
2007-11-28,53.713104248046875
2007-11-29,53.24455642700195
2007-11-30,54.09646987915039
2007-12-03,55.842891693115234
2007-12-04,57.03556823730469
2007-12-05,57.84488296508789
2007-12-06,59.29313659667969
2007-12-07,58.696800231933594
2007-12-10,58.696800231933594
2007-12-11,59.761688232421875
2007-12-12,71.73107147216797
2007-12-13,71.17731475830078
2007-12-14,69.85684967041016
2007-12-17,65.34170532226562
2007-12-18,63.89346694946289
2007-12-19,64.1064453125
2007-12-20,63.63789749145508
2007-12-24,64.1916275024414
2007-12-26,65.17133331298828
2007-12-27,66.2788314819336
2007-12-28,70.45319366455078
2007-12-31,74.03123474121094
2008-01-01,74.11641693115234
2008-01-02,75.64985656738281
2008-01-03,74.24421691894531
2008-01-04,71.09212493896484
2008-01-07,71.21990966796875
2008-01-08,68.36601257324219
2008-01-09,66.364013671875
2008-01-10,65.98065185546875
2008-01-11,63.89346694946289
2008-01-14,62.615596771240234
2008-01-15,65.08615112304688
2008-01-16,63.63789749145508
2008-01-17,64.02125549316406
2008-01-18,60.78397750854492
2008-01-21,53.84089279174805
2008-01-22,50.26286315917969
2008-01-23,52.90378952026367
2008-01-24,48.55903625488281
2008-01-25,51.24256134033203
2008-01-28,50.94438552856445
2008-01-29,51.796302795410156
2008-01-30,52.81859588623047
2008-01-31,51.88149642944336
2008-02-01,52.00927734375
2008-02-04,53.542724609375
2008-02-05,47.494140625
2008-02-06,51.75370788574219
2008-02-07,53.4575309753418
2008-02-08,50.901790618896484
2008-02-11,50.688819885253906
2008-02-12,49.155372619628906
2008-02-13,48.38865280151367
2008-02-14,48.3460578918457
2008-02-15,49.8369026184082
2008-02-18,50.30545425415039
2008-02-19,49.24056625366211
2008-02-20,47.749717712402344
2008-02-21,48.55903625488281
2008-02-22,47.19597244262695
2008-02-25,47.664527893066406
2008-02-26,48.55903625488281
2008-02-27,47.366355895996094
2008-02-28,48.77201461791992
2008-02-29,46.89780044555664
2008-03-03,44.17168045043945
2008-03-04,44.25687789916992
2008-03-05,42.808624267578125
2008-03-07,39.52875900268555
2008-03-10,39.18798828125
2008-03-11,41.275177001953125
2008-03-12,42.51045227050781
2008-03-13,38.71944808959961
2008-03-14,38.676841735839844
2008-03-17,36.206298828125
2008-03-18,33.39498519897461
2008-03-19,33.948726654052734
2008-03-24,32.202308654785156
2008-03-25,32.457881927490234
2008-03-26,33.05421829223633
2008-03-27,33.30978775024414
2008-03-28,34.502471923828125
2008-03-31,37.95271682739258
2008-04-01,36.84523391723633
2008-04-02,37.100807189941406
2008-04-03,37.484169006347656
2008-04-04,37.484169006347656
2008-04-07,38.71944808959961
2008-04-08,37.22859573364258
2008-04-09,37.7823371887207
2008-04-10,38.16569519042969
2008-04-11,38.16569519042969
2008-04-15,37.185997009277344
2008-04-16,39.826927185058594
2008-04-17,41.65854263305664
2008-04-21,41.23258590698242
2008-04-22,41.23258590698242
2008-04-23,40.46586227416992
2008-04-24,40.210289001464844
2008-04-25,40.38067626953125
2008-04-28,40.46586227416992
2008-04-29,40.167694091796875
2008-04-30,41.317771911621094
2008-05-02,41.78632736206055
2008-05-05,41.74373245239258
2008-05-06,39.65654373168945
2008-05-07,40.508453369140625
2008-05-08,40.03990936279297
2008-05-09,38.421268463134766
2008-05-12,36.9730224609375
2008-05-13,36.84523391723633
2008-05-14,37.14339828491211
2008-05-15,37.910125732421875
2008-05-16,38.4638671875
2008-05-20,39.35837936401367
2008-05-21,38.336082458496094
2008-05-22,39.57135009765625
2008-05-23,38.421268463134766
2008-05-26,38.208290100097656
2008-05-27,37.61195755004883
2008-05-28,37.61195755004883
2008-05-29,37.56935501098633
2008-05-30,38.16569519042969
2008-06-02,36.376678466796875
2008-06-03,36.035911560058594
2008-06-04,35.69514846801758
2008-06-05,36.206298828125
2008-06-06,34.92842483520508
2008-06-09,33.69314956665039
2008-06-10,34.502471923828125
2008-06-11,35.269195556640625
2008-06-12,34.885833740234375
2008-06-13,35.056217193603516
2008-06-16,37.484169006347656
2008-06-17,37.185997009277344
2008-06-18,36.76004409790039
2008-06-19,36.9730224609375
2008-06-20,35.439571380615234
2008-06-23,33.60796356201172
2008-06-24,33.60796356201172
2008-06-25,33.43758010864258
2008-06-26,33.1394157409668
2008-06-27,32.79864501953125
2008-06-30,29.476179122924805
2008-07-01,28.113122940063477
2008-07-02,30.32809829711914
2008-07-03,31.392990112304688
2008-07-04,30.924436569213867
2008-07-07,33.224605560302734
2008-07-08,32.75605392456055
2008-07-09,33.26719665527344
2008-07-10,33.0968132019043
2008-07-11,33.65055847167969
2008-07-14,33.9061279296875
2008-07-15,31.776351928710938
2008-07-16,31.776351928710938
2008-07-17,32.96902847290039
2008-07-18,32.75605392456055
2008-07-21,33.01162338256836
2008-07-22,33.01162338256836
2008-07-23,32.415283203125
2008-07-24,32.3726921081543
2008-07-25,32.67085266113281
2008-07-28,32.457881927490234
2008-07-29,32.67085266113281
2008-07-30,33.0968132019043
2008-07-31,33.224605560302734
2008-08-01,33.9061279296875
2008-08-04,32.96902847290039
2008-08-05,36.24889373779297
2008-08-06,35.69514846801758
2008-08-07,33.948726654052734
2008-08-08,33.0968132019043
2008-08-11,34.6302604675293
2008-08-12,34.11910629272461
2008-08-13,34.7580451965332
2008-08-14,34.715450286865234
2008-08-18,33.69314956665039
2008-08-19,32.92643356323242
2008-08-20,32.92643356323242
2008-08-21,32.15971374511719
2008-08-22,31.776351928710938
2008-08-25,31.946733474731445
2008-08-26,32.24489974975586
2008-08-27,31.6485595703125
2008-08-28,31.81894874572754
2008-08-29,32.24489974975586
2008-09-01,32.33009338378906
2008-09-02,32.841243743896484
2008-09-04,32.62826156616211
2008-09-05,33.39498519897461
2008-09-08,34.24690246582031
2008-09-09,34.289493560791016
2008-09-10,32.92643356323242
2008-09-11,33.224605560302734
2008-09-12,32.75605392456055
2008-09-15,30.58367347717285
2008-09-16,29.390995025634766
2008-09-17,29.092824935913086
2008-09-18,28.69550323486328
2008-09-19,29.445999145507812
2008-09-22,29.1369686126709
2008-09-23,29.09282684326172
2008-09-24,28.651355743408203
2008-09-25,27.768417358398438
2008-09-26,27.945005416870117
2008-09-29,26.488155364990234
2008-09-30,27.85671043395996
2008-10-01,27.062063217163086
2008-10-03,27.503536224365234
2008-10-06,28.56306266784668
2008-10-07,28.651355743408203
2008-10-08,25.207895278930664
2008-10-10,24.72227668762207
2008-10-13,23.48616600036621
2008-10-14,24.81057357788086
2008-10-15,24.854721069335938
2008-10-16,24.678133010864258
2008-10-17,23.13298797607422
2008-10-20,23.706899642944336
2008-10-21,24.678133010864258
2008-10-22,25.075454711914062
2008-10-23,25.252042770385742
2008-10-24,21.631994247436523
2008-10-27,21.455406188964844
2008-10-29,21.322965621948242
2008-10-31,21.941022872924805
2008-11-03,22.073463439941406
2008-11-04,22.735668182373047
2008-11-05,22.603225708007812
2008-11-06,22.69152069091797
2008-11-07,21.85272789001465
2008-11-10,23.13298797607422
2008-11-11,21.543699264526367
2008-11-12,21.85272789001465
2008-11-14,21.190523147583008
2008-11-17,20.528322219848633
2008-11-18,21.85272789001465
2008-11-19,21.85272789001465
2008-11-20,20.837350845336914
2008-11-21,19.998558044433594
2008-11-24,19.42464828491211
2008-11-25,20.66075897216797
2008-11-26,18.894886016845703
2008-11-27,18.894886016845703
2008-11-28,19.866117477416992
2008-12-01,18.320974349975586
2008-12-02,19.159767150878906
2008-12-03,19.55708885192871
2008-12-04,19.42464828491211
2008-12-05,19.07147216796875
2008-12-08,19.689529418945312
2008-12-10,19.512939453125
2008-12-11,20.616615295410156
2008-12-12,20.528322219848633
2008-12-15,21.190523147583008
2008-12-16,21.190523147583008
2008-12-17,21.631994247436523
2008-12-18,20.74905776977539
2008-12-19,21.36711311340332
2008-12-22,21.05808448791504
2008-12-23,20.307584762573242
2008-12-24,20.440027236938477
2008-12-26,20.307584762573242
2008-12-29,19.42464828491211
2008-12-30,21.190523147583008
2008-12-31,22.073463439941406
2009-01-02,20.881494522094727
2009-01-05,21.05808448791504
2009-01-06,20.484174728393555
2009-01-07,17.17315673828125
2009-01-09,16.246068954467773
2009-01-12,16.996566772460938
2009-01-13,16.378509521484375
2009-01-14,16.90827178955078
2009-01-15,16.64339256286621
2009-01-16,17.30559539794922
2009-01-19,17.30559539794922
2009-01-20,16.819978713989258
2009-01-21,16.819978713989258
2009-01-22,16.5992431640625
2009-01-23,16.201921463012695
2009-01-27,15.937040328979492
2009-01-28,17.217302322387695
2009-01-29,16.5992431640625
2009-01-30,16.290218353271484
2009-02-02,17.261445999145508
2009-02-03,17.17315673828125
2009-02-04,16.33436393737793
2009-02-05,17.17315673828125
2009-02-06,16.996566772460938
2009-02-09,16.5992431640625
2009-02-10,16.7316837310791
2009-02-11,17.17315673828125
2009-02-12,17.791210174560547
2009-02-13,17.879505157470703
2009-02-16,17.12900733947754
2009-02-17,16.86412811279297
2009-02-18,17.30559539794922
2009-02-19,17.52633285522461
2009-02-20,16.90827178955078
2009-02-24,16.90827178955078
2009-02-25,17.217302322387695
2009-02-26,17.393890380859375
2009-02-27,17.08485984802246
2009-03-02,16.775833129882812
2009-03-03,17.12900733947754
2009-03-04,16.7316837310791
2009-03-05,16.378509521484375
2009-03-06,17.30559539794922
2009-03-09,16.5992431640625
2009-03-12,16.996566772460938
2009-03-13,16.422657012939453
2009-03-16,16.775833129882812
2009-03-17,16.86412811279297
2009-03-18,16.510950088500977
2009-03-19,16.378509521484375
2009-03-20,16.5992431640625
2009-03-23,16.201921463012695
2009-03-24,16.201921463012695
2009-03-25,16.7316837310791
2009-03-26,16.46680450439453
2009-03-27,16.68754005432129
2009-03-30,16.378509521484375
2009-03-31,16.422657012939453
2009-04-01,15.98118782043457
2009-04-02,16.819978713989258
2009-04-06,18.056095123291016
2009-04-08,19.07147216796875
2009-04-09,18.100238800048828
2009-04-13,19.292207717895508
2009-04-15,20.793201446533203
2009-04-16,20.74905776977539
2009-04-17,24.01593017578125
2009-04-20,24.192514419555664
2009-04-21,23.795194625854492
2009-04-22,22.33834457397461
2009-04-23,23.000547409057617
2009-04-24,22.51493263244629
2009-04-27,22.735668182373047
2009-04-28,23.795194625854492
2009-04-29,23.61860466003418
2009-04-30,23.61860466003418
2009-05-04,23.35372543334961
2009-05-05,23.530311584472656
2009-05-06,22.779813766479492
2009-05-07,22.956401824951172
2009-05-08,23.883487701416016
2009-05-11,24.104223251342773
2009-05-12,23.83934211730957
2009-05-13,23.04469871520996
2009-05-14,24.413249969482422
2009-05-15,22.956401824951172
2009-05-18,22.956401824951172
2009-05-19,23.927635192871094
2009-05-20,25.42862892150879
2009-05-21,26.973772048950195
2009-05-22,27.194507598876953
2009-05-25,29.04867935180664
2009-05-26,28.298181533813477
2009-05-27,29.755027770996094
2009-05-28,29.88747215270996
2009-05-29,30.90284538269043
2009-06-01,31.609201431274414
2009-06-02,30.90284538269043
2009-06-03,32.66872787475586
2009-06-04,38.89344024658203
2009-06-05,37.569034576416016
2009-06-08,33.81654357910156
2009-06-09,32.094810485839844
2009-06-10,29.84332275390625
2009-06-11,31.035289764404297
2009-06-12,30.37308692932129
2009-06-15,28.827945709228516
2009-06-16,30.461380004882812
2009-06-17,30.37308692932129
2009-06-18,29.578439712524414
2009-06-19,30.50552749633789
2009-06-22,29.225263595581055
2009-06-23,30.328933715820312
2009-06-24,28.96038055419922
2009-06-25,28.96038055419922
2009-06-26,28.298181533813477
2009-06-29,29.578439712524414
2009-06-30,28.69550323486328
2009-07-01,29.931615829467773
2009-07-02,29.578439712524414
2009-07-03,29.490148544311523
2009-07-06,27.591829299926758
2009-07-07,26.753036499023438
2009-07-08,24.898868560791016
2009-07-09,24.545690536499023
2009-07-10,23.83934211730957
2009-07-13,23.04469871520996
2009-07-14,25.16374969482422
2009-07-15,24.81057357788086
2009-07-16,25.207895278930664
2009-07-17,24.98716163635254
2009-07-20,26.17912483215332
2009-07-21,26.488155364990234
2009-07-22,26.22327423095703
2009-07-23,25.693511962890625
2009-07-24,26.046688079833984
2009-07-27,28.298181533813477
2009-07-28,29.490148544311523
2009-07-29,28.56306266784668
2009-07-30,30.682109832763672
2009-07-31,30.461380004882812
2009-08-03,30.417234420776367
2009-08-04,31.653343200683594
2009-08-05,31.035289764404297
2009-08-06,31.565053939819336
2009-08-07,29.225263595581055
2009-08-10,29.1369686126709
2009-08-11,29.1369686126709
2009-08-12,29.578439712524414
2009-08-13,29.578439712524414
2009-08-14,29.799175262451172
2009-08-17,29.1369686126709
2009-08-18,29.931615829467773
2009-08-19,30.01991081237793
2009-08-20,28.827945709228516
2009-08-21,30.01991081237793
2009-08-24,30.417234420776367
2009-08-25,29.622587203979492
2009-08-26,30.726261138916016
2009-08-27,31.78578758239746
2009-08-28,31.874080657958984
2009-08-31,32.624576568603516
2009-09-01,30.37308692932129
2009-09-02,30.328933715820312
2009-09-03,30.682109832763672
2009-09-04,34.4787483215332
2009-09-07,34.78778076171875
2009-09-08,34.4787483215332
2009-09-09,33.37508010864258
2009-09-10,33.4633674621582
2009-09-11,32.27140426635742
2009-09-14,32.27140426635742
2009-09-15,33.24263381958008
2009-09-16,33.860687255859375
2009-09-17,33.5467529296875
2009-09-18,33.63644790649414
2009-09-22,34.04008483886719
2009-09-23,34.084938049316406
2009-09-24,33.098270416259766
2009-09-25,33.27766036987305
2009-09-29,34.219486236572266
2009-09-30,33.63644790649414
2009-10-01,32.78432846069336
2009-10-05,32.24614334106445
2009-10-06,31.39401626586914
2009-10-07,32.11159896850586
2009-10-08,31.39401626586914
2009-10-09,30.99038314819336
2009-10-12,30.676443099975586
2009-10-13,30.676443099975586
2009-10-14,33.72614288330078
2009-10-15,35.026756286621094
2009-10-16,35.29584503173828
2009-10-20,34.35402297973633
2009-10-21,33.41220474243164
2009-10-22,32.739479064941406
2009-10-23,31.977052688598633
2009-10-26,31.483715057373047
2009-10-27,30.631595611572266
2009-10-28,30.13825798034668
2009-10-29,29.9588680267334
2009-10-30,29.600074768066406
2009-11-03,29.24128532409668
2009-11-04,30.31765365600586
2009-11-05,30.31765365600586
2009-11-06,30.048561096191406
2009-11-09,30.76613998413086
2009-11-10,30.855838775634766
2009-11-11,30.810983657836914
2009-11-12,30.58674430847168
2009-11-13,30.49704933166504
2009-11-16,30.54189682006836
2009-11-17,31.304325103759766
2009-11-18,31.842504501342773
2009-11-19,31.080081939697266
2009-11-20,30.900686264038086
2009-11-23,30.810983657836914
2009-11-24,31.618263244628906
2009-11-25,32.15644454956055
2009-11-26,30.99038314819336
2009-11-27,30.362504959106445
2009-11-30,30.407350540161133
2009-12-01,31.39401626586914
2009-12-02,32.2012939453125
2009-12-03,31.483715057373047
2009-12-04,32.290992736816406
2009-12-07,32.38068771362305
2009-12-08,33.05341720581055
2009-12-09,33.322505950927734
2009-12-10,34.39887237548828
2009-12-11,36.013427734375
2009-12-14,35.96857833862305
2009-12-15,35.29584503173828
2009-12-16,34.17463302612305
2009-12-17,35.07160186767578
2009-12-18,34.66796875
2009-12-21,34.802513122558594
2009-12-22,34.802513122558594
2009-12-23,36.73100280761719
2009-12-24,35.69948196411133
2009-12-29,35.52008819580078
2009-12-30,36.6861572265625
2009-12-31,36.596458435058594
2010-01-04,39.69101333618164
2010-01-05,39.64616012573242
2010-01-06,38.74919128417969
2010-01-07,39.64616012573242
2010-01-08,46.32860565185547
2010-01-11,49.87164306640625
2010-01-12,48.1225471496582
2010-01-13,47.76375961303711
2010-01-14,49.55770492553711
2010-01-15,49.19891357421875
2010-01-18,49.06436538696289
2010-01-19,47.58436584472656
2010-01-20,46.64254379272461
2010-01-21,45.74557113647461
2010-01-22,44.17586898803711
2010-01-25,42.606170654296875
2010-01-27,40.13949966430664
2010-01-28,38.83888626098633
2010-01-29,39.33222198486328
2010-02-01,40.00495147705078
2010-02-02,39.91525650024414
2010-02-03,39.78070831298828
2010-02-04,37.53828048706055
2010-02-05,37.53828048706055
2010-02-08,40.13949966430664
2010-02-09,39.91525650024414
2010-02-10,39.018280029296875
2010-02-11,40.13949966430664
2010-02-15,39.55646514892578
2010-02-16,40.09465026855469
2010-02-17,39.87040328979492
2010-02-18,39.51161575317383
2010-02-19,38.704341888427734
2010-02-22,36.05827713012695
2010-02-23,36.82070541381836
2010-02-24,37.358882904052734
2010-02-25,37.044944763183594
2010-02-26,39.018280029296875
2010-03-02,38.07645797729492
2010-03-03,37.807373046875
2010-03-04,38.52494812011719
2010-03-05,38.4801025390625
2010-03-08,39.28737258911133
2010-03-09,37.98676300048828
2010-03-10,36.73100280761719
2010-03-11,37.22433853149414
2010-03-12,36.82070541381836
2010-03-15,36.372215270996094
2010-03-16,36.4619140625
2010-03-17,38.30070114135742
2010-03-18,37.044944763183594
2010-03-19,36.2376708984375
2010-03-22,36.10312271118164
2010-03-23,36.50675964355469
2010-03-25,36.6861572265625
2010-03-26,36.013427734375
2010-03-29,35.07160186767578
2010-03-30,35.07160186767578
2010-03-31,37.1346435546875
2010-04-01,37.26918411254883
2010-04-05,38.74919128417969
2010-04-06,39.64616012573242
2010-04-07,38.74919128417969
2010-04-08,40.63283157348633
2010-04-09,41.61949920654297
2010-04-12,40.946773529052734
2010-04-13,41.48495864868164
2010-04-15,40.76737976074219
2010-04-16,40.09465026855469
2010-04-19,38.79404067993164
2010-04-20,38.74919128417969
2010-04-21,39.42191696166992
2010-04-22,41.39525604248047
2010-04-23,41.79889678955078
2010-04-26,43.278900146484375
2010-04-27,42.78556442260742
2010-04-28,41.66434860229492
2010-04-29,42.33707809448242
2010-04-30,42.38192367553711
2010-05-03,41.260711669921875
2010-05-04,40.677677154541016
2010-05-05,40.45343780517578
2010-05-06,40.363739013671875
2010-05-07,38.614646911621094
2010-05-10,39.19768142700195
2010-05-11,40.99161911010742
2010-05-12,40.99161911010742
2010-05-13,40.99161911010742
2010-05-14,40.76737976074219
2010-05-17,39.018280029296875
2010-05-18,38.704341888427734
2010-05-19,37.76251983642578
2010-05-20,40.677677154541016
2010-05-21,39.78070831298828
2010-05-24,40.13949966430664
2010-05-25,37.672821044921875
2010-05-26,38.56979751586914
2010-05-27,39.96010208129883
2010-05-28,41.35041046142578
2010-05-31,41.61949920654297
2010-06-01,41.260711669921875
2010-06-02,41.48495864868164
2010-06-03,42.15768814086914
2010-06-04,41.57465362548828
2010-06-07,41.260711669921875
2010-06-08,41.260711669921875
2010-06-09,41.35041046142578
2010-06-10,43.637691497802734
2010-06-11,44.08617401123047
2010-06-14,44.5346565246582
2010-06-15,44.44496536254883
2010-06-16,43.77223205566406
2010-06-17,44.041324615478516
2010-06-18,44.08617401123047
2010-06-21,44.66920852661133
2010-06-22,45.835269927978516
2010-06-23,45.43163299560547
2010-06-24,45.521331787109375
2010-06-25,45.252235412597656
2010-06-28,46.32860565185547
2010-06-29,46.50799560546875
2010-06-30,46.7770881652832
2010-07-01,47.89830780029297
2010-07-02,47.718910217285156
2010-07-05,47.943153381347656
2010-07-06,48.79528045654297
2010-07-07,48.7055778503418
2010-07-08,48.167396545410156
2010-07-09,48.84012985229492
2010-07-12,49.3783073425293
2010-07-13,49.19891357421875
2010-07-14,48.660728454589844
2010-07-15,52.78680419921875
2010-07-16,51.8449821472168
2010-07-19,52.56256103515625
2010-07-20,55.791656494140625
2010-07-21,55.61226272583008
2010-07-22,55.70195770263672
2010-07-23,53.5043830871582
2010-07-26,52.33831787109375
2010-07-27,53.0558967590332
2010-07-28,54.17710876464844
2010-07-29,53.818321228027344
2010-07-30,53.0558967590332
2010-08-02,54.04256057739258
2010-08-03,54.89468765258789
2010-08-04,56.64378356933594
2010-08-05,57.76499557495117
2010-08-06,56.060752868652344
2010-08-09,58.8862190246582
2010-08-10,58.751670837402344
2010-08-11,59.28984832763672
2010-08-12,56.464385986328125
2010-08-13,56.105594635009766
2010-08-16,54.8498420715332
2010-08-17,55.2983283996582
2010-08-18,55.43286895751953
2010-08-19,54.221961975097656
2010-08-20,60.63530731201172
2010-08-23,70.05351257324219
2010-08-24,66.7795639038086
2010-08-25,67.27289581298828
2010-08-26,70.05351257324219
2010-08-27,73.64141082763672
2010-08-30,71.578369140625
2010-08-31,69.15653991699219
2010-09-01,70.41230010986328
2010-09-02,69.51532745361328
2010-09-03,69.06684875488281
2010-09-06,73.46200561523438
2010-09-07,72.2510986328125
2010-09-08,73.32745361328125
2010-09-09,76.01837921142578
2010-09-13,74.94200897216797
2010-09-14,73.1480712890625
2010-09-15,72.02685546875
2010-09-16,71.7129135131836
2010-09-17,72.02685546875
2010-09-20,72.2539291381836
2010-09-21,71.02774047851562
2010-09-22,69.84697723388672
2010-09-23,68.80245208740234
2010-09-24,69.71073150634766
2010-09-27,72.3447494506836
2010-09-28,70.61901092529297
2010-09-29,71.61811828613281
2010-09-30,69.43824005126953
2010-10-01,70.9369125366211
2010-10-04,69.61990356445312
2010-10-05,67.93958282470703
2010-10-06,67.48544311523438
2010-10-07,67.30377960205078
2010-10-08,67.6216812133789
2010-10-11,67.98499298095703
2010-10-12,68.34831237792969
2010-10-13,67.21295166015625
2010-10-14,66.39549255371094
2010-10-15,66.12301635742188
2010-10-18,68.12123107910156
2010-10-19,67.6670913696289
2010-10-20,65.80511474609375
2010-10-21,67.48544311523438
2010-10-22,68.39372253417969
2010-10-25,71.16397857666016
2010-10-26,71.98143768310547
2010-10-27,74.16131591796875
2010-10-28,73.61634826660156
2010-10-29,71.61811828613281
2010-11-01,69.89237976074219
2010-11-02,68.25747680664062
2010-11-03,71.7543716430664
2010-11-04,72.20851135253906
2010-11-08,71.02774047851562
2010-11-09,71.70895385742188
2010-11-10,68.07582092285156
2010-11-11,68.39372253417969
2010-11-12,66.30467224121094
2010-11-15,66.07759857177734
2010-11-16,62.580711364746094
2010-11-18,61.581600189208984
2010-11-19,59.94668960571289
2010-11-22,61.17286682128906
2010-11-23,59.44712829589844
2010-11-24,60.08293151855469
2010-11-25,59.35630416870117
2010-11-26,53.588706970214844
2010-11-29,56.177310943603516
2010-11-30,58.130123138427734
2010-12-01,60.76414108276367
2010-12-02,61.76325225830078
2010-12-03,60.49165344238281
2010-12-06,60.718727111816406
2010-12-07,57.35808181762695
2010-12-08,59.5379638671875
2010-12-09,54.54240036010742
2010-12-10,55.49610137939453
2010-12-13,57.176422119140625
2010-12-14,57.85763931274414
2010-12-15,57.221839904785156
2010-12-16,57.131011962890625
2010-12-20,56.358970642089844
2010-12-21,55.81399917602539
2010-12-22,56.8131103515625
2010-12-23,57.267250061035156
2010-12-24,56.22272872924805
2010-12-27,56.086483001708984
2010-12-28,55.859413146972656
2010-12-29,56.22272872924805
2010-12-30,56.358970642089844
2010-12-31,58.26636505126953
2011-01-03,61.036624908447266
2011-01-04,60.537071228027344
2011-01-05,61.53618240356445
2011-01-06,59.5379638671875
2011-01-07,57.35808181762695
2011-01-10,53.86119079589844
2011-01-11,53.86119079589844
2011-01-12,53.86119079589844
2011-01-13,52.04462432861328
2011-01-14,54.315330505371094
2011-01-17,50.954681396484375
2011-01-18,51.04551315307617
2011-01-19,51.1363410949707
2011-01-20,51.77214050292969
2011-01-21,50.954681396484375
2011-01-24,52.317108154296875
2011-01-25,52.362525939941406
2011-01-27,50.63678741455078
2011-01-28,49.7739143371582
2011-01-31,50.18264389038086
2011-02-01,49.955570220947266
2011-02-02,48.95646286010742
2011-02-03,47.32155227661133
2011-02-04,46.776580810546875
2011-02-07,45.32332992553711
2011-02-08,45.41415786743164
2011-02-09,41.553955078125
2011-02-10,42.78013229370117
2011-02-11,43.46134948730469
2011-02-14,46.73116683959961
2011-02-15,45.41415786743164
2011-02-16,46.45868682861328
2011-02-17,46.9582405090332
2011-02-18,45.41415786743164
2011-02-21,45.27791213989258
2011-02-22,44.50587463378906
2011-02-23,44.778358459472656
2011-02-24,43.14344787597656
2011-02-25,43.643001556396484
2011-02-28,44.09714889526367
2011-03-01,43.87007522583008
2011-03-03,44.2333869934082
2011-03-04,44.41504669189453
2011-03-07,43.18886184692383
2011-03-08,44.960018157958984
2011-03-09,45.18708801269531
2011-03-10,43.597591400146484
2011-03-11,43.279693603515625
2011-03-14,42.23516845703125
2011-03-15,44.50587463378906
2011-03-16,42.689308166503906
2011-03-17,44.27880096435547
2011-03-18,43.32510757446289
2011-03-21,42.64389419555664
2011-03-22,41.87185287475586
2011-03-23,42.14433670043945
2011-03-24,43.14344787597656
2011-03-25,48.09359359741211
2011-03-28,46.32244110107422
2011-03-29,45.41415786743164
2011-03-30,41.73561096191406
2011-03-31,43.14344787597656
2011-04-01,44.05173110961914
2011-04-04,45.55039978027344
2011-04-05,46.41326904296875
2011-04-06,48.09359359741211
2011-04-07,49.00187683105469
2011-04-08,48.27524948120117
2011-04-11,48.00276184082031
2011-04-13,47.95734786987305
2011-04-15,47.821109771728516
2011-04-18,48.45690155029297
2011-04-19,48.68397521972656
2011-04-20,49.68309020996094
2011-04-21,48.68397521972656
2011-04-25,48.5023193359375
2011-04-26,49.04729080200195
2011-04-27,48.6385612487793
2011-04-28,49.31977462768555
2011-04-29,47.91193771362305
2011-05-02,47.50320816040039
2011-05-03,47.68486785888672
2011-05-04,47.23072052001953
2011-05-05,47.0036506652832
2011-05-06,46.36785125732422
2011-05-09,45.459571838378906
2011-05-10,45.8228874206543
2011-05-11,45.8682975769043
2011-05-12,44.64211654663086
2011-05-13,44.91460037231445
2011-05-16,44.50587463378906
2011-05-17,44.73294448852539
2011-05-18,45.005428314208984
2011-05-19,42.78013229370117
2011-05-20,43.279693603515625
2011-05-23,44.36962890625
2011-05-24,43.37051773071289
2011-05-25,42.189754486083984
2011-05-26,42.189754486083984
2011-05-27,42.23516845703125
2011-05-30,42.46223831176758
2011-05-31,44.05173110961914
2011-06-01,44.09714889526367
2011-06-02,44.50587463378906
2011-06-03,44.687530517578125
2011-06-06,44.006317138671875
2011-06-07,43.50676345825195
2011-06-08,44.1879768371582
2011-06-09,43.279693603515625
2011-06-10,43.87007522583008
2011-06-13,44.09714889526367
2011-06-14,44.778358459472656
2011-06-15,43.688419342041016
2011-06-16,43.37051773071289
2011-06-17,43.37051773071289
2011-06-20,42.50764846801758
2011-06-21,42.189754486083984
2011-06-22,40.509429931640625
2011-06-23,39.873634338378906
2011-06-24,40.100704193115234
2011-06-27,40.0552864074707
2011-06-28,40.827327728271484
2011-06-29,40.87274169921875
2011-06-30,39.69197463989258
2011-07-01,40.87274169921875
2011-07-04,40.87274169921875
2011-07-05,39.555728912353516
2011-07-06,40.827327728271484
2011-07-07,40.87274169921875
2011-07-08,41.599369049072266
2011-07-11,49.410606384277344
2011-07-12,47.59403610229492
2011-07-13,47.23072052001953
2011-07-14,46.50409698486328
2011-07-15,45.459571838378906
2011-07-18,45.59581756591797
2011-07-19,45.55039978027344
2011-07-20,45.23249816894531
2011-07-21,46.64033889770508
2011-07-22,45.459571838378906
2011-07-25,45.41415786743164
2011-07-26,45.27791213989258
2011-07-27,45.504981994628906
2011-07-28,44.687530517578125
2011-07-29,44.73294448852539
2011-08-01,42.78013229370117
2011-08-02,43.32510757446289
2011-08-03,41.917266845703125
2011-08-04,42.64389419555664
2011-08-05,40.827327728271484
2011-08-08,39.510318756103516
2011-08-09,40.146114349365234
2011-08-10,39.737388610839844
2011-08-11,41.326881408691406
2011-08-12,41.78102493286133
2011-08-16,39.60114288330078
2011-08-17,39.056175231933594
2011-08-18,38.42037582397461
2011-08-19,34.605587005615234
2011-08-22,35.96800994873047
2011-08-23,36.422149658203125
2011-08-24,36.1496696472168
2011-08-25,33.3794059753418
2011-08-26,32.92526626586914
2011-08-29,33.924373626708984
2011-08-30,35.33221435546875
2011-09-02,35.695526123046875
2011-09-05,36.24049758911133
2011-09-06,35.9225959777832
2011-09-07,36.78546905517578
2011-09-08,37.33043670654297
2011-09-09,38.19330596923828
2011-09-12,38.556617736816406
2011-09-13,39.10158920288086
2011-09-14,40.41859817504883
2011-09-15,41.37229919433594
2011-09-16,38.6474494934082
2011-09-19,39.10158920288086
2011-09-20,39.430965423583984
2011-09-21,38.30167770385742
2011-09-22,40.51319885253906
2011-09-23,38.81926727294922
2011-09-26,36.843013763427734
2011-09-27,38.16051483154297
2011-09-28,37.737030029296875
2011-09-29,38.772212982177734
2011-09-30,39.19569778442383
2011-10-03,39.14863967895508
2011-10-04,36.0431022644043
2011-10-05,35.90194320678711
2011-10-07,35.90194320678711
2011-10-10,36.748905181884766
2011-10-11,35.760780334472656
2011-10-12,35.66667556762695
2011-10-13,36.70185470581055
2011-10-14,37.31355285644531
2011-10-17,37.17238998413086
2011-10-18,36.60774612426758
2011-10-19,36.98417282104492
2011-10-20,36.32542037963867
2011-10-21,36.090152740478516
2011-10-24,37.54882049560547
2011-10-25,37.17238998413086
2011-10-28,38.395782470703125
2011-10-31,38.48989486694336
2011-11-01,38.395782470703125
2011-11-02,38.348731994628906
2011-11-03,38.96043014526367
2011-11-04,39.94855499267578
2011-11-08,37.737030029296875
2011-11-09,36.98417282104492
2011-11-11,36.9371223449707
2011-11-14,36.843013763427734
2011-11-15,35.478458404541016
2011-11-16,35.90194320678711
2011-11-17,35.38434982299805
2011-11-18,33.878631591796875
2011-11-21,33.831581115722656
2011-11-22,34.2080078125
2011-11-23,34.2080078125
2011-11-24,35.0079231262207
2011-11-25,34.39622116088867
2011-11-28,34.34917068481445
2011-11-29,34.1139030456543
2011-11-30,34.819705963134766
2011-12-01,33.78452682495117
2011-12-02,34.537384033203125
2011-12-05,33.6904182434082
2011-12-07,36.0431022644043
2011-12-08,34.443275451660156
2011-12-09,34.06684875488281
2011-12-12,34.25506591796875
2011-12-13,34.58443832397461
2011-12-14,35.102027893066406
2011-12-15,34.34917068481445
2011-12-16,34.819705963134766
2011-12-19,33.78452682495117
2011-12-20,33.78452682495117
2011-12-21,33.0787239074707
2011-12-22,33.45515060424805
2011-12-23,33.45515060424805
2011-12-26,32.231754302978516
2011-12-27,31.196577072143555
2011-12-28,31.62005615234375
2011-12-29,31.525951385498047
2011-12-30,33.36104202270508
2012-01-02,32.37291717529297
2012-01-03,33.73747253417969
2012-01-04,32.74934387207031
2012-01-05,33.549259185791016
2012-01-06,32.37291717529297
2012-01-09,32.93756103515625
2012-01-10,34.96086883544922
2012-01-11,35.24319076538086
2012-01-12,35.33729553222656
2012-01-13,35.102027893066406
2012-01-16,36.18426513671875
2012-01-17,35.29024124145508
2012-01-18,35.760780334472656
2012-01-19,35.33729553222656
2012-01-20,35.05497360229492
2012-01-23,34.537384033203125
2012-01-24,36.419532775878906
2012-01-25,35.90194320678711
2012-01-27,36.51363754272461
2012-01-30,36.60774612426758
2012-01-31,36.560691833496094
2012-02-01,37.078285217285156
2012-02-02,36.65480041503906
2012-02-03,36.9371223449707
2012-02-06,37.21944046020508
2012-02-07,37.31355285644531
2012-02-08,39.28980255126953
2012-02-09,38.25462341308594
2012-02-10,38.48989486694336
2012-02-13,38.58399963378906
2012-02-14,39.24275207519531
2012-02-15,43.289363861083984
2012-02-16,43.854007720947266
2012-02-17,44.230438232421875
2012-02-21,43.38347244262695
2012-02-22,41.17195129394531
2012-02-23,42.630611419677734
2012-02-24,41.077842712402344
2012-02-27,39.80739212036133
2012-02-28,40.18382263183594
2012-02-29,41.40721893310547
2012-03-01,41.40721893310547
2012-03-02,41.40721893310547
2012-03-05,39.85444641113281
2012-03-06,41.40721893310547
2012-03-07,39.66623306274414
2012-03-09,41.360164642333984
2012-03-12,39.619178771972656
2012-03-13,40.701412200927734
2012-03-14,40.84257507324219
2012-03-15,39.3839111328125
2012-03-16,38.58399963378906
2012-03-19,39.90150451660156
2012-03-20,40.41909408569336
2012-03-21,39.90150451660156
2012-03-22,39.713287353515625
2012-03-23,39.76034164428711
2012-03-26,38.81926727294922
2012-03-27,38.25462341308594
2012-03-28,35.38434982299805
2012-03-29,35.196136474609375
2012-03-30,37.36060333251953
2012-04-02,36.79595947265625
2012-04-03,38.58399963378906
2012-04-04,37.83114242553711
2012-04-09,38.53694534301758
2012-04-10,37.21944046020508
2012-04-11,36.843013763427734
2012-04-12,36.748905181884766
2012-04-13,37.36060333251953
2012-04-16,37.17238998413086
2012-04-17,38.8663215637207
2012-04-18,40.18382263183594
2012-04-19,38.16051483154297
2012-04-20,37.92524719238281
2012-04-23,36.560691833496094
2012-04-24,39.054534912109375
2012-04-25,39.19569778442383
2012-04-26,38.58399963378906
2012-04-27,39.94855499267578
2012-04-30,38.395782470703125
2012-05-02,37.92524719238281
2012-05-03,37.737030029296875
2012-05-04,39.10158920288086
2012-05-07,38.11346435546875
2012-05-08,36.9371223449707
2012-05-09,38.81926727294922
2012-05-10,37.64292526245117
2012-05-11,38.8663215637207
2012-05-14,38.395782470703125
2012-05-15,36.843013763427734
2012-05-16,35.38434982299805
2012-05-17,36.0431022644043
2012-05-18,36.23131561279297
2012-05-21,38.30167770385742
2012-05-22,37.078285217285156
2012-05-23,37.64292526245117
2012-05-24,37.83114242553711
2012-05-25,37.17238998413086
2012-05-28,37.87819290161133
2012-05-29,35.760780334472656
2012-05-30,37.407657623291016
2012-05-31,36.137210845947266
2012-06-01,34.72560119628906
2012-06-04,35.24319076538086
2012-06-05,36.70185470581055
2012-06-06,37.078285217285156
2012-06-07,35.66667556762695
2012-06-08,36.0431022644043
2012-06-11,36.70185470581055
2012-06-12,37.4547119140625
2012-06-13,36.70185470581055
2012-06-14,38.25462341308594
2012-06-15,37.59587478637695
2012-06-18,37.64292526245117
2012-06-19,35.99604797363281
2012-06-20,37.87819290161133
2012-06-21,36.89006805419922
2012-06-22,38.58399963378906
2012-06-25,36.79595947265625
2012-06-26,36.89006805419922
2012-06-27,37.83114242553711
2012-06-28,37.31355285644531
2012-06-29,39.3839111328125
2012-07-02,39.336856842041016
2012-07-03,39.430965423583984
2012-07-04,37.36060333251953
2012-07-05,39.10158920288086
2012-07-06,38.58399963378906
2012-07-09,37.689979553222656
2012-07-10,38.348731994628906
2012-07-11,37.64292526245117
2012-07-12,38.58399963378906
2012-07-13,37.17238998413086
2012-07-16,36.70185470581055
2012-07-17,36.79595947265625
2012-07-18,36.748905181884766
2012-07-19,37.9723014831543
2012-07-20,37.031227111816406
2012-07-23,37.689979553222656
2012-07-24,36.23131561279297
2012-07-25,36.560691833496094
2012-07-26,35.760780334472656
2012-07-27,36.0431022644043
2012-07-30,35.0079231262207
2012-07-31,35.85488510131836
2012-08-01,36.137210845947266
2012-08-02,36.51363754272461
2012-08-03,37.50176239013672
2012-08-06,36.79595947265625
2012-08-07,36.51363754272461
2012-08-08,35.85488510131836
2012-08-09,35.57256317138672
2012-08-10,35.29024124145508
2012-08-13,35.6196174621582
2012-08-14,35.760780334472656
2012-08-16,35.760780334472656
2012-08-17,35.33729553222656
2012-08-21,35.66667556762695
2012-08-22,36.23131561279297
2012-08-23,36.090152740478516
2012-08-24,35.33729553222656
2012-08-27,35.102027893066406
2012-08-28,34.819705963134766
2012-08-29,34.77265548706055
2012-08-30,34.537384033203125
2012-08-31,35.71372604370117
2012-09-03,34.443275451660156
2012-09-04,34.72560119628906
2012-09-05,34.67854309082031
2012-09-06,34.631492614746094
2012-09-07,35.478458404541016
2012-09-10,35.66667556762695
2012-09-11,34.819705963134766
2012-09-12,34.819705963134766
2012-09-13,35.760780334472656
2012-09-14,36.090152740478516
2012-09-17,36.137210845947266
2012-09-18,38.73242950439453
2012-09-20,37.55723190307617
2012-09-21,37.704132080078125
2012-09-24,37.312400817871094
2012-09-25,37.94896697998047
2012-09-26,37.067569732666016
2012-09-27,37.45930099487305
2012-09-28,37.704132080078125
2012-10-01,38.83036422729492
2012-10-03,38.781394958496094
2012-10-04,38.92829513549805
2012-10-05,38.19379806518555
2012-10-08,38.19379806518555
2012-10-09,38.63449478149414
2012-10-10,37.26343536376953
2012-10-11,36.82273864746094
2012-10-12,37.116539001464844
2012-10-15,38.09586715698242
2012-10-16,37.165504455566406
2012-10-17,36.28410720825195
2012-10-18,38.29172897338867
2012-10-19,36.82273864746094
2012-10-22,36.871707916259766
2012-10-23,38.92829513549805
2012-10-25,37.99793243408203
2012-10-29,36.577903747558594
2012-10-30,36.675838470458984
2012-10-31,39.02622604370117
2012-11-01,36.96963882446289
2012-11-02,36.52893829345703
2012-11-05,37.21446990966797
2012-11-06,37.704132080078125
2012-11-07,38.19379806518555
2012-11-08,38.19379806518555
2012-11-09,37.067569732666016
2012-11-12,36.23514175415039
2012-11-15,37.99793243408203
2012-11-16,37.21446990966797
2012-11-19,36.773773193359375
2012-11-20,37.21446990966797
2012-11-21,36.382041931152344
2012-11-22,36.137210845947266
2012-11-23,36.96963882446289
2012-11-26,36.28410720825195
2012-11-27,36.871707916259766
2012-11-29,36.382041931152344
2012-11-30,36.871707916259766
2012-12-03,37.067569732666016
2012-12-04,36.72480773925781
2012-12-05,36.96963882446289
2012-12-06,36.23514175415039
2012-12-07,36.382041931152344
2012-12-10,36.333072662353516
2012-12-11,36.382041931152344
2012-12-12,36.28410720825195
2012-12-13,36.96963882446289
2012-12-14,36.333072662353516
2012-12-17,37.21446990966797
2012-12-18,36.577903747558594
2012-12-19,36.72480773925781
2012-12-20,38.046897888183594
2012-12-21,36.431007385253906
2012-12-24,37.116539001464844
2012-12-26,35.94134521484375
2012-12-27,36.137210845947266
2012-12-28,36.333072662353516
2012-12-31,35.99031066894531
2013-01-01,36.28410720825195
2013-01-02,36.72480773925781
2013-01-03,36.62687301635742
2013-01-04,36.92067337036133
2013-01-07,37.900001525878906
2013-01-08,37.165504455566406
2013-01-09,37.312400817871094
2013-01-10,37.01860427856445
2013-01-11,37.55723190307617
2013-01-14,37.21446990966797
2013-01-15,37.704132080078125
2013-01-16,37.21446990966797
2013-01-17,37.99793243408203
2013-01-18,37.21446990966797
2013-01-21,37.410335540771484
2013-01-22,37.21446990966797
2013-01-23,36.72480773925781
2013-01-24,35.74547576904297
2013-01-25,35.74547576904297
2013-01-28,36.382041931152344
2013-01-29,35.598575592041016
2013-01-30,35.647544860839844
2013-01-31,35.50064468383789
2013-02-01,35.94134521484375
2013-02-04,36.773773193359375
2013-02-05,36.773773193359375
2013-02-06,35.15788269042969
2013-02-07,35.7944450378418
2013-02-08,35.7944450378418
2013-02-11,35.25581359863281
2013-02-12,35.54961013793945
2013-02-13,35.94134521484375
2013-02-14,34.668216705322266
2013-02-15,34.08061981201172
2013-02-18,34.276485443115234
2013-02-19,34.276485443115234
2013-02-20,34.17855453491211
2013-02-21,35.25581359863281
2013-02-22,35.25581359863281
2013-02-25,35.25581359863281
2013-02-26,33.39508819580078
2013-02-27,32.513694763183594
2013-02-28,32.31782913208008
2013-03-01,33.297157287597656
2013-03-04,31.436431884765625
2013-03-05,31.82816505432129
2013-03-06,31.583332061767578
2013-03-07,30.506071090698242
2013-03-08,32.072998046875
2013-03-11,31.289535522460938
2013-03-12,28.498449325561523
2013-03-13,29.281911849975586
2013-03-14,29.281911849975586
2013-03-15,29.037078857421875
2013-03-18,29.379844665527344
2013-03-19,28.008785247802734
2013-03-20,26.637725830078125
2013-03-21,26.392894744873047
2013-03-22,26.539793014526367
2013-03-25,25.46253204345703
2013-03-26,27.029457092285156
2013-03-28,26.9315242767334
2013-04-01,25.903230667114258
2013-04-02,28.400516510009766
2013-04-03,27.95981788635254
2013-04-04,26.44186019897461
2013-04-05,27.617053985595703
2013-04-08,27.617053985595703
2013-04-09,27.617053985595703
2013-04-10,27.617053985595703
2013-04-11,27.617053985595703
2013-04-12,27.617053985595703
2013-04-15,24.18940544128418
2013-04-16,24.238372802734375
2013-04-17,24.238372802734375
2013-04-18,24.238372802734375
2013-04-22,22.57351303100586
2013-04-23,23.2100772857666
2013-04-25,24.58113670349121
2013-04-26,25.60943031311035
2013-04-29,26.001161575317383
2013-04-30,26.001161575317383
2013-05-02,26.001161575317383
2013-05-03,26.001161575317383
2013-05-06,26.001161575317383
2013-05-07,26.001161575317383
2013-05-08,26.001161575317383
2013-05-09,26.001161575317383
2013-05-10,26.637725830078125
2013-05-13,26.637725830078125
2013-05-14,26.637725830078125
2013-05-15,27.421188354492188
2013-05-16,27.666019439697266
2013-05-17,27.666019439697266
2013-05-20,27.666019439697266
2013-05-21,27.666019439697266
2013-05-22,27.666019439697266
2013-05-23,25.46253204345703
2013-05-24,26.9315242767334
2013-05-27,24.972867965698242
2013-05-28,26.44186019897461
2013-05-29,26.392894744873047
2013-05-30,26.148061752319336
2013-05-31,25.95219612121582
2013-06-03,25.95219612121582
2013-06-04,25.95219612121582
2013-06-05,25.95219612121582
2013-06-06,25.95219612121582
2013-06-07,25.95219612121582
2013-06-10,25.95219612121582
2013-06-11,23.503875732421875
2013-06-12,23.69974136352539
2013-06-13,25.46253204345703
2013-06-14,25.46253204345703
2013-06-17,25.46253204345703
2013-06-18,25.41356658935547
2013-06-19,25.46253204345703
2013-06-20,25.46253204345703
2013-06-21,24.972867965698242
2013-06-24,24.483203887939453
2013-06-25,24.72803497314453
2013-06-26,25.756330490112305
2013-06-27,25.756330490112305
2013-06-28,25.46253204345703
2013-07-01,25.46253204345703
2013-07-02,25.46253204345703
2013-07-03,25.46253204345703
2013-07-04,25.46253204345703
2013-07-05,25.46253204345703
2013-07-08,25.46253204345703
2013-07-09,26.735658645629883
2013-07-10,26.735658645629883
2013-07-11,26.735658645629883
2013-07-12,26.735658645629883
2013-07-15,25.56046485900879
2013-07-16,25.56046485900879
2013-07-17,25.119766235351562
2013-07-18,23.993539810180664
2013-07-19,24.972867965698242
2013-07-22,23.993539810180664
2013-07-23,23.993539810180664
2013-07-24,23.993539810180664
2013-07-25,25.168733596801758
2013-07-26,25.46253204345703
2013-07-29,24.336305618286133
2013-07-30,24.336305618286133
2013-07-31,23.161109924316406
2013-08-01,24.238372802734375
2013-08-02,23.06317710876465
2013-08-05,24.091472625732422
2013-08-06,23.06317710876465
2013-08-07,23.846641540527344
2013-08-08,24.972867965698242
2013-08-12,24.972867965698242
2013-08-13,24.972867965698242
2013-08-14,26.19702911376953
2013-08-16,27.47015380859375
2013-08-19,28.841215133666992
2013-08-20,28.841215133666992
2013-08-21,30.261240005493164
2013-08-22,30.261240005493164
2013-08-23,30.261240005493164
2013-08-26,30.261240005493164
2013-08-27,31.730234146118164
2013-08-28,32.31782913208008
2013-08-29,33.93372344970703
2013-08-30,35.54961013793945
2013-09-02,37.312400817871094
2013-09-03,35.45167922973633
2013-09-04,37.165504455566406
2013-09-05,37.01860427856445
2013-09-06,35.20684814453125
2013-09-10,36.92067337036133
2013-09-11,36.82273864746094
2013-09-12,36.82273864746094
2013-09-13,38.63449478149414
2013-09-16,38.144832611083984
2013-09-17,37.900001525878906
2013-09-18,36.29999923706055
2013-09-19,37.75
2013-09-20,36.54999923706055
2013-09-23,38.0
2013-09-24,39.099998474121094
2013-09-25,39.099998474121094
2013-09-26,38.70000076293945
2013-09-27,39.29999923706055
2013-09-30,40.0
2013-10-01,38.0
2013-10-03,38.5
2013-10-04,37.0
2013-10-07,38.0
2013-10-08,38.0
2013-10-09,39.900001525878906
2013-10-10,41.849998474121094
2013-10-11,41.099998474121094
2013-10-14,41.099998474121094
2013-10-15,41.099998474121094
2013-10-17,41.099998474121094
2013-10-18,41.099998474121094
2013-10-21,41.099998474121094
2013-10-22,41.95000076293945
2013-10-23,40.650001525878906
2013-10-24,40.650001525878906
2013-10-25,40.650001525878906
2013-10-28,42.0
2013-10-29,42.0
2013-10-30,42.0
2013-10-31,42.0
2013-11-01,42.0
2013-11-05,42.0
2013-11-06,42.0
2013-11-07,42.0
2013-11-08,42.0
2013-11-11,44.0
2013-11-12,43.0
2013-11-13,41.0
2013-11-14,43.0
2013-11-18,43.0
2013-11-19,43.0
2013-11-20,43.0
2013-11-21,43.0
2013-11-22,43.0
2013-11-25,43.0
2013-11-26,43.0
2013-11-27,43.0
2013-11-28,44.900001525878906
2013-11-29,44.900001525878906
2013-12-02,44.900001525878906
2013-12-03,44.900001525878906
2013-12-04,44.900001525878906
2013-12-05,44.900001525878906
2013-12-06,44.900001525878906
2013-12-09,44.900001525878906
2013-12-10,44.900001525878906
2013-12-11,44.900001525878906
2013-12-12,46.0
2013-12-13,46.5
2013-12-16,46.5
2013-12-17,46.5
2013-12-18,46.5
2013-12-19,46.5
2013-12-20,46.5
2013-12-23,44.20000076293945
2013-12-24,44.20000076293945
2013-12-26,44.20000076293945
2013-12-27,44.20000076293945
2013-12-30,42.0
2013-12-31,42.0
2014-01-01,42.0
2014-01-02,41.0
2014-01-03,40.29999923706055
2014-01-06,42.20000076293945
2014-01-07,44.0
2014-01-08,41.79999923706055
2014-01-09,42.20000076293945
2014-01-10,44.0
2014-01-13,41.79999923706055
2014-01-14,39.900001525878906
2014-01-15,37.95000076293945
2014-01-16,37.5
2014-01-17,36.0
2014-01-20,36.0
2014-01-21,36.900001525878906
2014-01-22,36.849998474121094
2014-01-23,38.54999923706055
2014-01-24,38.349998474121094
2014-01-27,38.349998474121094
2014-01-28,38.95000076293945
2014-01-29,37.599998474121094
2014-01-30,36.45000076293945
2014-01-31,38.25
2014-02-03,39.150001525878906
2014-02-04,41.0
2014-02-05,39.599998474121094
2014-02-06,41.54999923706055
2014-02-07,40.349998474121094
2014-02-10,41.20000076293945
2014-02-11,40.5
2014-02-12,39.04999923706055
2014-02-13,40.150001525878906
2014-02-14,40.79999923706055
2014-02-17,38.79999923706055
2014-02-18,37.75
2014-02-19,36.5
2014-02-20,36.5
2014-02-21,36.5
2014-02-24,37.150001525878906
2014-02-25,38.650001525878906
2014-02-26,38.0
2014-02-28,37.0
2014-03-03,37.0
2014-03-04,37.0
2014-03-05,37.0
2014-03-06,36.0
2014-03-07,35.099998474121094
2014-03-10,34.849998474121094
2014-03-11,34.20000076293945
2014-03-12,33.54999923706055
2014-03-13,34.0
2014-03-14,33.5
2014-03-18,32.849998474121094
2014-03-19,33.04999923706055
2014-03-20,35.0
2014-03-21,34.95000076293945
2014-03-24,33.29999923706055
2014-03-25,34.400001525878906
2014-03-26,35.5
2014-03-27,39.04999923706055
2014-03-28,40.20000076293945
2014-03-31,40.20000076293945
2014-04-01,40.0
2014-04-02,40.0
2014-04-03,42.45000076293945
2014-04-04,42.25
2014-04-07,40.849998474121094
2014-04-09,38.95000076293945
2014-04-10,39.0
2014-04-11,42.0
2014-04-15,40.04999923706055
2014-04-16,38.099998474121094
2014-04-17,39.5
2014-04-21,40.150001525878906
2014-04-22,38.150001525878906
2014-04-23,40.45000076293945
2014-04-24,40.45000076293945
2014-04-25,39.95000076293945
2014-04-28,39.849998474121094
2014-04-29,39.849998474121094
2014-04-30,39.599998474121094
2014-05-02,37.54999923706055
2014-05-05,37.5
2014-05-06,37.5
2014-05-07,37.5
2014-05-08,40.0
2014-05-09,39.0
2014-05-12,36.599998474121094
2014-05-13,37.0
2014-05-14,36.299991607666016
2014-05-15,37.0
2014-05-16,37.5
2014-05-19,39.04999923706055
2014-05-20,42.29999923706055
2014-05-21,41.849998474121094
2014-05-22,43.400001525878906
2014-05-23,42.349998474121094
2014-05-26,43.25
2014-05-27,40.70000076293945
2014-05-28,41.0
2014-05-29,43.400001525878906
2014-05-30,38.79999923706055
2014-06-02,39.95000076293945
2014-06-03,40.25
2014-06-04,38.0
2014-06-05,39.5
2014-06-06,39.45000076293945
2014-06-09,39.900001525878906
2014-06-10,39.79999923706055
2014-06-11,43.150001525878906
2014-06-12,40.599998474121094
2014-06-13,39.70000076293945
2014-06-16,38.650001525878906
2014-06-17,38.849998474121094
2014-06-18,39.5
2014-06-19,40.95000076293945
2014-06-20,41.20000076293945
2014-06-23,43.04999923706055
2014-06-24,41.400001525878906
2014-06-25,40.5
2014-06-26,41.79999923706055
2014-06-27,41.849998474121094
2014-06-30,43.0
2014-07-01,43.0
2014-07-02,43.25
2014-07-03,42.25
2014-07-04,42.5
2014-07-07,44.0
2014-07-08,52.25
2014-07-09,48.54999923706055
2014-07-10,48.900001525878906
2014-07-11,45.849998474121094
2014-07-14,44.5
2014-07-15,48.0
2014-07-16,56.04999923706055
2014-07-17,54.45000076293945
2014-07-18,52.95000076293945
2014-07-21,53.099998474121094
2014-07-22,55.099998474121094
2014-07-23,53.849998474121094
2014-07-24,53.95000076293945
2014-07-25,52.20000076293945
2014-07-28,52.5
2014-07-30,49.099998474121094
2014-07-31,50.0
2014-08-01,49.04999923706055
2014-08-04,50.54999923706055
2014-08-05,50.349998474121094
2014-08-06,49.45000076293945
2014-08-07,51.5
2014-08-08,47.900001525878906
2014-08-11,49.70000076293945
2014-08-12,49.70000076293945
2014-08-13,47.650001525878906
2014-08-14,44.900001525878906
2014-08-18,43.79999923706055
2014-08-19,44.900001525878906
2014-08-20,46.5
2014-08-21,47.04999923706055
2014-08-22,46.5
2014-08-25,45.0
2014-08-26,44.04999923706055
2014-08-27,44.5
2014-08-28,43.900001525878906
2014-09-01,44.400001525878906
2014-09-02,44.04999923706055
2014-09-03,43.349998474121094
2014-09-04,42.75
2014-09-05,42.45000076293945
2014-09-08,48.45000076293945
2014-09-09,47.79999923706055
2014-09-10,48.70000076293945
2014-09-11,47.70000076293945
2014-09-12,50.099998474121094
2014-09-15,49.75
2014-09-16,48.599998474121094
2014-09-17,49.04999923706055
2014-09-18,48.599998474121094
2014-09-19,48.599998474121094
2014-09-22,48.599998474121094
2014-09-23,47.599998474121094
2014-09-24,47.54999923706055
2014-09-25,44.5
2014-09-26,44.54999923706055
2014-09-29,46.849998474121094
2014-09-30,46.5
2014-10-01,46.599998474121094
2014-10-07,46.599998474121094
2014-10-08,46.5
2014-10-09,47.95000076293945
2014-10-10,48.0
2014-10-13,47.0
2014-10-14,47.0
2014-10-15,47.0
2014-10-16,46.849998474121094
2014-10-17,45.099998474121094
2014-10-20,48.599998474121094
2014-10-21,47.79999923706055
2014-10-22,47.650001525878906
2014-10-27,47.5
2014-10-28,47.20000076293945
2014-10-29,46.20000076293945
2014-10-30,48.0
2014-10-31,47.29999923706055
2014-11-03,48.45000076293945
2014-11-05,48.5
2014-11-07,49.599998474121094
2014-11-10,48.900001525878906
2014-11-11,49.70000076293945
2014-11-12,49.150001525878906
2014-11-13,50.0
2014-11-14,49.54999923706055
2014-11-17,53.25
2014-11-18,53.599998474121094
2014-11-19,57.79999923706055
2014-11-20,56.75
2014-11-21,56.849998474121094
2014-11-24,54.54999923706055
2014-11-25,50.20000076293945
2014-11-26,51.650001525878906
2014-11-27,50.20000076293945
2014-11-28,49.75
2014-12-01,49.099998474121094
2014-12-02,47.75
2014-12-03,47.75
2014-12-04,47.75
2014-12-05,49.95000076293945
2014-12-08,49.75
2014-12-09,47.900001525878906
2014-12-10,47.70000076293945
2014-12-11,47.29999923706055
2014-12-12,47.900001525878906
2014-12-15,47.400001525878906
2014-12-16,45.54999923706055
2014-12-17,46.0
2014-12-18,46.04999923706055
2014-12-19,46.349998474121094
2014-12-22,46.349998474121094
2014-12-23,49.20000076293945
2014-12-24,46.79999923706055
2014-12-26,46.79999923706055
2014-12-29,48.650001525878906
2014-12-30,46.650001525878906
2014-12-31,46.5
2015-01-01,45.849998474121094
2015-01-02,47.25
2015-01-05,47.099998474121094
2015-01-06,46.70000076293945
2015-01-07,48.95000076293945
2015-01-08,46.099998474121094
2015-01-09,46.20000076293945
2015-01-12,45.04999923706055
2015-01-13,44.5
2015-01-14,45.0
2015-01-15,45.45000076293945
2015-01-16,45.599998474121094
2015-01-19,45.650001525878906
2015-01-20,46.0
2015-01-21,46.54999923706055
2015-01-22,46.04999923706055
2015-01-23,45.849998474121094
2015-01-27,45.04999923706055
2015-01-28,44.70000076293945
2015-01-29,45.95000076293945
2015-01-30,45.5
2015-02-02,46.20000076293945
2015-02-03,46.54999923706055
2015-02-04,45.099998474121094
2015-02-05,47.45000076293945
2015-02-06,44.20000076293945
2015-02-09,44.04999923706055
2015-02-10,44.04999923706055
2015-02-11,44.599998474121094
2015-02-12,42.79999923706055
2015-02-13,44.75
2015-02-16,43.70000076293945
2015-02-18,45.0
2015-02-19,43.650001525878906
2015-02-20,43.650001525878906
2015-02-23,43.54999923706055
2015-02-24,42.79999923706055
2015-02-25,42.5
2015-02-26,42.5
2015-02-27,42.650001525878906
2015-03-02,44.95000076293945
2015-03-03,44.0
2015-03-04,41.900001525878906
2015-03-05,43.20000076293945
2015-03-09,43.0
2015-03-10,43.45000076293945
2015-03-11,41.650001525878906
2015-03-12,39.900001525878906
2015-03-13,41.0
2015-03-16,40.900001525878906
2015-03-17,40.900001525878906
2015-03-18,40.70000076293945
2015-03-19,41.0
2015-03-20,39.5
2015-03-23,38.599998474121094
2015-03-24,40.54999923706055
2015-03-25,37.900001525878906
2015-03-26,37.900001525878906
2015-03-27,39.0
2015-03-30,38.5
2015-03-31,42.45000076293945
2015-04-01,41.04999923706055
2015-04-06,43.599998474121094
2015-04-07,42.900001525878906
2015-04-08,45.0
2015-04-09,45.0
2015-04-10,43.25
2015-04-13,44.150001525878906
2015-04-15,44.70000076293945
2015-04-16,44.20000076293945
2015-04-17,44.20000076293945
2015-04-20,44.20000076293945
2015-04-21,43.0
2015-04-22,42.54999923706055
2015-04-23,42.54999923706055
2015-04-24,40.5
2015-04-27,44.0
2015-04-28,41.0
2015-04-29,41.0
2015-04-30,39.79999923706055
2015-05-04,43.0
2015-05-05,42.04999923706055
2015-05-06,40.599998474121094
2015-05-07,38.349998474121094
2015-05-08,42.0
2015-05-11,40.400001525878906
2015-05-12,39.04999923706055
2015-05-13,40.0
2015-05-14,42.0
2015-05-15,40.0
2015-05-18,40.0
2015-05-19,40.0
2015-05-20,41.25
2015-05-21,40.099998474121094
2015-05-22,42.95000076293945
2015-05-25,41.95000076293945
2015-05-26,43.0
2015-05-27,43.79999923706055
2015-05-28,41.45000076293945
2015-05-29,40.20000076293945
2015-06-01,39.0
2015-06-02,38.849998474121094
2015-06-03,39.0
2015-06-04,37.849998474121094
2015-06-05,37.54999923706055
2015-06-08,37.79999923706055
2015-06-09,37.599998474121094
2015-06-10,38.0
2015-06-11,38.0
2015-06-12,36.099998474121094
2015-06-15,37.650001525878906
2015-06-16,37.54999923706055
2015-06-17,38.54999923706055
2015-06-18,37.75
2015-06-19,37.650001525878906
2015-06-22,39.95000076293945
2015-06-23,40.0
2015-06-24,38.150001525878906
2015-06-25,38.29999923706055
2015-06-26,38.5
2015-06-29,38.5
2015-06-30,37.5
2015-07-01,38.75
2015-07-02,39.900001525878906
2015-07-03,38.75
2015-07-06,42.25
2015-07-07,41.0
2015-07-08,39.54999923706055
2015-07-09,39.0
2015-07-10,39.849998474121094
2015-07-13,40.04999923706055
2015-07-14,39.5
2015-07-15,41.54999923706055
2015-07-16,39.54999923706055
2015-07-17,39.25
2015-07-20,38.79999923706055
2015-07-21,38.5
2015-07-22,37.849998474121094
2015-07-23,38.0
2015-07-24,38.04999923706055
2015-07-27,36.54999923706055
2015-07-28,37.79999923706055
2015-07-29,38.0
2015-07-30,38.0
2015-07-31,38.150001525878906
2015-08-03,39.150001525878906
2015-08-04,39.54999923706055
2015-08-05,39.599998474121094
2015-08-06,38.95000076293945
2015-08-07,38.54999923706055
2015-08-10,38.54999923706055
2015-08-11,38.25
2015-08-12,38.29999923706055
2015-08-13,38.400001525878906
2015-08-14,37.95000076293945
2015-08-17,37.150001525878906
2015-08-18,37.849998474121094
2015-08-19,38.349998474121094
2015-08-20,37.75
2015-08-21,37.04999923706055
2015-08-24,36.650001525878906
2015-08-25,35.45000076293945
2015-08-26,35.45000076293945
2015-08-27,35.45000076293945
2015-08-28,35.29999923706055
2015-08-31,35.29999923706055
2015-09-01,35.29999923706055
2015-09-02,34.75
2015-09-03,34.79999923706055
2015-09-04,34.0
2015-09-07,33.0
2015-09-08,32.349998474121094
2015-09-09,33.5
2015-09-10,33.0
2015-09-11,31.649999618530273
2015-09-14,37.400001525878906
2015-09-15,35.099998474121094
2015-09-16,35.349998474121094
2015-09-18,36.54999923706055
2015-09-21,36.45000076293945
2015-09-22,35.650001525878906
2015-09-23,35.54999923706055
2015-09-24,35.5
2015-09-28,34.400001525878906
2015-09-29,35.20000076293945
2015-09-30,34.099998474121094
2015-10-01,34.04999923706055
2015-10-05,36.79999923706055
2015-10-06,35.25
2015-10-07,36.70000076293945
2015-10-08,35.0
2015-10-09,36.349998474121094
2015-10-12,35.599998474121094
2015-10-13,36.70000076293945
2015-10-14,37.20000076293945
2015-10-15,37.0
2015-10-16,37.0
2015-10-19,38.0
2015-10-20,38.0
2015-10-21,38.5
2015-10-23,36.650001525878906
2015-10-26,38.599998474121094
2015-10-27,39.0
2015-10-28,37.79999923706055
2015-10-29,38.0
2015-10-30,38.599998474121094
2015-11-02,38.0
2015-11-03,38.0
2015-11-04,38.0
2015-11-05,37.75
2015-11-06,36.900001525878906
2015-11-09,38.900001525878906
2015-11-10,37.5
2015-11-13,39.0
2015-11-16,40.0
2015-11-17,39.099998474121094
2015-11-18,39.900001525878906
2015-11-19,40.0
2015-11-20,39.5
2015-11-23,40.70000076293945
2015-11-24,41.20000076293945
2015-11-26,40.5
2015-11-27,41.0
2015-11-30,40.95000076293945
2015-12-01,43.79999923706055
2015-12-02,43.0
2015-12-03,45.29999923706055
2015-12-04,43.900001525878906
2015-12-07,44.20000076293945
2015-12-08,44.900001525878906
2015-12-09,42.599998474121094
2015-12-10,42.04999923706055
2015-12-11,42.04999923706055
2015-12-14,42.650001525878906
2015-12-15,42.650001525878906
2015-12-16,51.150001525878906
2015-12-17,51.900001525878906
2015-12-18,50.95000076293945
2015-12-21,60.95000076293945
2015-12-22,58.599998474121094
2015-12-23,60.95000076293945
2015-12-24,59.04999923706055
2015-12-28,56.29999923706055
2015-12-29,56.29999923706055
2015-12-30,56.650001525878906
2015-12-31,55.5
2016-01-01,57.54999923706055
2016-01-04,58.900001525878906
2016-01-05,58.04999923706055
2016-01-06,55.900001525878906
2016-01-07,52.650001525878906
2016-01-08,53.75
2016-01-11,52.599998474121094
2016-01-12,51.0
2016-01-13,48.20000076293945
2016-01-14,45.849998474121094
2016-01-15,44.75
2016-01-18,42.25
2016-01-19,42.099998474121094
2016-01-20,40.20000076293945
2016-01-21,41.349998474121094
2016-01-22,41.54999923706055
2016-01-25,41.54999923706055
2016-01-27,45.70000076293945
2016-01-28,50.25
2016-01-29,51.95000076293945
2016-02-01,49.79999923706055
2016-02-02,47.349998474121094
2016-02-03,45.04999923706055
2016-02-04,43.400001525878906
2016-02-05,45.0
2016-02-08,45.150001525878906
2016-02-09,45.75
2016-02-10,45.0
2016-02-11,42.75
2016-02-12,40.650001525878906
2016-02-15,38.650001525878906
2016-02-16,36.75
2016-02-17,35.5
2016-02-18,35.75
2016-02-19,34.0
2016-02-22,32.29999923706055
2016-02-23,30.700000762939453
2016-02-24,29.450000762939453
2016-02-25,29.0
2016-02-26,30.149999618530273
2016-02-29,28.75
2016-03-01,30.100000381469727
2016-03-02,31.600000381469727
2016-03-03,33.0
2016-03-04,32.849998474121094
2016-03-08,33.150001525878906
2016-03-09,34.70000076293945
2016-03-10,33.400001525878906
2016-03-11,33.900001525878906
2016-03-14,34.75
2016-03-15,34.5
2016-03-16,33.0
2016-03-17,33.0
2016-03-18,31.450000762939453
2016-03-21,31.799999237060547
2016-03-22,32.0
2016-03-23,33.0
2016-03-28,32.04999923706055
2016-03-29,31.75
2016-03-30,30.5
2016-03-31,31.0
2016-04-01,33.650001525878906
2016-04-04,32.25
2016-04-05,33.5
2016-04-06,33.599998474121094
2016-04-07,35.29999923706055
2016-04-08,35.25
2016-04-11,34.45000076293945
2016-04-12,37.849998474121094
2016-04-13,37.5
2016-04-18,36.599998474121094
2016-04-20,35.900001525878906
2016-04-21,35.5
2016-04-22,36.5
2016-04-25,37.95000076293945
2016-04-26,37.5
2016-04-27,36.099998474121094
2016-04-28,36.20000076293945
2016-04-29,35.04999923706055
2016-05-02,36.29999923706055
2016-05-03,35.599998474121094
2016-05-04,36.95000076293945
2016-05-05,36.75
2016-05-06,37.5
2016-05-09,37.099998474121094
2016-05-10,38.54999923706055
2016-05-11,37.25
2016-05-12,39.70000076293945
2016-05-13,38.599998474121094
2016-05-16,37.79999923706055
2016-05-17,38.0
2016-05-18,38.0
2016-05-19,37.5
2016-05-20,42.400001525878906
2016-05-23,40.29999923706055
2016-05-24,37.400001525878906
2016-05-25,37.099998474121094
2016-05-26,36.04999923706055
2016-05-27,37.75
2016-05-30,36.400001525878906
2016-05-31,35.79999923706055
2016-06-01,37.20000076293945
2016-06-02,36.79999923706055
2016-06-03,36.849998474121094
2016-06-06,37.04999923706055
2016-06-07,37.95000076293945
2016-06-08,38.70000076293945
2016-06-09,37.400001525878906
2016-06-10,38.400001525878906
2016-06-13,37.45000076293945
2016-06-14,37.70000076293945
2016-06-15,35.95000076293945
2016-06-16,35.95000076293945
2016-06-17,37.0
2016-06-20,36.150001525878906
2016-06-21,36.349998474121094
2016-06-22,36.900001525878906
2016-06-23,36.04999923706055
2016-06-24,36.29999923706055
2016-06-27,36.0
2016-06-28,36.79999923706055
2016-06-29,37.099998474121094
2016-06-30,36.0
2016-07-01,35.349998474121094
2016-07-04,36.04999923706055
2016-07-05,37.04999923706055
2016-07-07,36.54999923706055
2016-07-08,36.75
2016-07-11,37.25
2016-07-12,36.25
2016-07-13,36.20000076293945
2016-07-14,35.70000076293945
2016-07-15,35.70000076293945
2016-07-18,35.900001525878906
2016-07-19,35.95000076293945
2016-07-20,36.0
2016-07-21,36.599998474121094
2016-07-22,37.400001525878906
2016-07-25,37.25
2016-07-26,37.45000076293945
2016-07-27,37.95000076293945
2016-07-28,36.79999923706055
2016-07-29,36.400001525878906
2016-08-01,35.849998474121094
2016-08-02,35.95000076293945
2016-08-03,36.04999923706055
2016-08-04,35.900001525878906
2016-08-05,37.45000076293945
2016-08-08,39.5
2016-08-09,40.54999923706055
2016-08-10,40.70000076293945
2016-08-11,40.349998474121094
2016-08-12,40.95000076293945
2016-08-16,39.54999923706055
2016-08-17,41.70000076293945
2016-08-18,40.54999923706055
2016-08-19,42.400001525878906
2016-08-22,40.20000076293945
2016-08-23,41.400001525878906
2016-08-24,41.75
2016-08-25,40.349998474121094
2016-08-26,40.25
2016-08-29,39.20000076293945
2016-08-30,37.95000076293945
2016-08-31,39.0
2016-09-01,36.75
2016-09-02,37.400001525878906
2016-09-06,37.900001525878906
2016-09-07,37.79999923706055
2016-09-08,37.70000076293945
2016-09-09,37.79999923706055
2016-09-12,35.849998474121094
2016-09-14,37.29999923706055
2016-09-15,37.29999923706055
2016-09-16,37.04999923706055
2016-09-19,37.29999923706055
2016-09-20,37.099998474121094
2016-09-21,38.29999923706055
2016-09-22,39.70000076293945
2016-09-23,38.849998474121094
2016-09-26,38.20000076293945
2016-09-27,40.5
2016-09-28,39.900001525878906
2016-09-29,38.0
2016-09-30,36.400001525878906
2016-10-03,37.5
2016-10-04,38.0
2016-10-05,38.70000076293945
2016-10-06,40.0
2016-10-07,40.0
2016-10-10,41.0
2016-10-13,41.0
2016-10-14,41.5
2016-10-17,41.29999923706055
2016-10-18,41.0
2016-10-19,42.25
2016-10-20,41.849998474121094
2016-10-21,43.75
2016-10-24,43.400001525878906
2016-10-25,42.95000076293945
2016-10-26,46.099998474121094
2016-10-27,44.5
2016-10-28,47.75
2016-11-01,48.0
2016-11-02,45.400001525878906
2016-11-03,46.45000076293945
2016-11-04,45.04999923706055
2016-11-07,45.0
2016-11-08,44.349998474121094
2016-11-09,43.0
2016-11-10,44.0
2016-11-11,42.599998474121094
2016-11-15,38.95000076293945
2016-11-16,40.79999923706055
2016-11-17,39.04999923706055
2016-11-18,39.04999923706055
2016-11-21,36.04999923706055
2016-11-22,35.75
2016-11-23,35.75
2016-11-24,35.75
2016-11-25,39.04999923706055
2016-11-28,37.599998474121094
2016-11-29,38.0
2016-11-30,37.95000076293945
2016-12-01,38.5
2016-12-02,38.349998474121094
2016-12-05,38.099998474121094
2016-12-06,39.75
2016-12-07,39.0
2016-12-08,39.099998474121094
2016-12-09,38.70000076293945
2016-12-12,38.150001525878906
2016-12-13,37.54999923706055
2016-12-14,38.650001525878906
2016-12-15,38.0
2016-12-16,38.0
2016-12-19,44.349998474121094
2016-12-20,42.04999923706055
2016-12-21,41.75
2016-12-22,40.900001525878906
2016-12-23,40.5
2016-12-26,39.29999923706055
2016-12-27,38.70000076293945
2016-12-28,39.0
2016-12-29,39.849998474121094
2016-12-30,40.54999923706055
2017-01-02,41.0
2017-01-03,42.75
2017-01-04,42.0
2017-01-05,42.0
2017-01-06,40.70000076293945
2017-01-09,40.0
2017-01-10,41.400001525878906
2017-01-11,41.0
2017-01-12,41.599998474121094
2017-01-13,40.54999923706055
2017-01-16,40.150001525878906
2017-01-17,40.20000076293945
2017-01-18,40.25
2017-01-19,40.20000076293945
2017-01-20,41.5
2017-01-23,40.45000076293945
2017-01-24,41.900001525878906
2017-01-25,41.150001525878906
2017-01-27,41.900001525878906
2017-01-30,41.45000076293945
2017-01-31,39.5
2017-02-01,39.900001525878906
2017-02-02,40.099998474121094
2017-02-03,40.95000076293945
2017-02-06,40.150001525878906
2017-02-07,39.5
2017-02-08,39.75
2017-02-09,40.099998474121094
2017-02-10,40.0
2017-02-13,40.849998474121094
2017-02-14,39.099998474121094
2017-02-15,38.95000076293945
2017-02-16,39.54999923706055
2017-02-17,38.900001525878906
2017-02-20,38.0
2017-02-21,38.349998474121094
2017-02-22,38.099998474121094
2017-02-23,38.75
2017-02-27,38.29999923706055
2017-02-28,39.75
2017-03-01,39.400001525878906
2017-03-02,38.04999923706055
2017-03-03,38.75
2017-03-06,38.04999923706055
2017-03-07,37.70000076293945
2017-03-08,40.45000076293945
2017-03-09,40.20000076293945
2017-03-10,40.0
2017-03-14,39.099998474121094
2017-03-15,39.70000076293945
2017-03-16,39.25
2017-03-17,37.0
2017-03-20,36.5
2017-03-21,36.29999923706055
2017-03-22,36.70000076293945
2017-03-23,44.0
2017-03-24,40.54999923706055
2017-03-27,38.29999923706055
2017-03-28,38.400001525878906
2017-03-29,39.099998474121094
2017-03-30,40.25
2017-03-31,39.20000076293945
2017-04-03,39.150001525878906
2017-04-05,40.54999923706055
2017-04-06,39.5
2017-04-07,40.25
2017-04-10,39.54999923706055
2017-04-11,38.95000076293945
2017-04-12,38.79999923706055
2017-04-13,42.599998474121094
2017-04-17,41.099998474121094
2017-04-18,40.349998474121094
2017-04-19,40.54999923706055
2017-04-20,40.20000076293945
2017-04-21,40.150001525878906
2017-04-24,41.0
2017-04-25,45.75
2017-04-26,43.95000076293945
2017-04-27,43.25
2017-04-28,42.650001525878906
2017-05-02,41.79999923706055
2017-05-03,41.349998474121094
2017-05-04,43.29999923706055
2017-05-05,41.400001525878906
2017-05-08,41.150001525878906
2017-05-09,41.95000076293945
2017-05-10,41.29999923706055
2017-05-11,41.0
2017-05-12,41.04999923706055
2017-05-15,42.45000076293945
2017-05-16,42.45000076293945
2017-05-17,41.099998474121094
2017-05-18,41.20000076293945
2017-05-19,41.5
2017-05-22,40.099998474121094
2017-05-23,40.75
2017-05-24,39.54999923706055
2017-05-25,39.5
2017-05-26,40.5
2017-05-29,39.900001525878906
2017-05-30,39.20000076293945
2017-05-31,39.04999923706055
2017-06-01,38.70000076293945
2017-06-02,42.54999923706055
2017-06-05,42.70000076293945
2017-06-06,41.099998474121094
2017-06-07,41.79999923706055
2017-06-08,41.29999923706055
2017-06-09,43.54999923706055
2017-06-12,42.900001525878906
2017-06-13,41.54999923706055
2017-06-14,42.599998474121094
2017-06-15,43.20000076293945
2017-06-16,42.20000076293945
2017-06-19,43.20000076293945
2017-06-20,41.79999923706055
2017-06-21,42.150001525878906
2017-06-22,42.599998474121094
2017-06-23,42.20000076293945
2017-06-27,41.099998474121094
2017-06-28,41.0
2017-06-29,41.0
2017-06-30,40.04999923706055
2017-07-03,40.25
2017-07-04,40.0
2017-07-05,40.95000076293945
2017-07-06,41.150001525878906
2017-07-07,41.29999923706055
2017-07-10,41.79999923706055
2017-07-11,39.95000076293945
2017-07-12,41.70000076293945
2017-07-13,41.70000076293945
2017-07-14,41.0
2017-07-17,40.599998474121094
2017-07-18,40.29999923706055
2017-07-19,41.0
2017-07-20,40.79999923706055
2017-07-21,41.0
2017-07-24,40.95000076293945
2017-07-25,41.54999923706055
2017-07-26,41.04999923706055
2017-07-27,42.0
2017-07-28,41.04999923706055
2017-07-31,43.79999923706055
2017-08-01,41.20000076293945
2017-08-02,41.25
2017-08-03,40.599998474121094
2017-08-04,40.70000076293945
2017-08-07,40.599998474121094
2017-08-08,40.29999923706055
2017-08-09,40.54999923706055
2017-08-10,40.099998474121094
2017-08-11,39.95000076293945
2017-08-14,41.349998474121094
2017-08-16,40.900001525878906
2017-08-17,40.25
2017-08-18,40.5
2017-08-21,40.29999923706055
2017-08-22,40.0
2017-08-23,40.0
2017-08-24,40.04999923706055
2017-08-28,41.04999923706055
2017-08-29,40.04999923706055
2017-08-30,41.099998474121094
2017-08-31,39.75
2017-09-01,40.54999923706055
2017-09-04,40.95000076293945
2017-09-05,40.849998474121094
2017-09-06,40.5
2017-09-07,40.45000076293945
2017-09-08,40.29999923706055
2017-09-11,40.650001525878906
2017-09-12,40.849998474121094
2017-09-13,40.099998474121094
2017-09-14,40.45000076293945
2017-09-15,39.900001525878906
2017-09-18,39.70000076293945
2017-09-19,39.29999923706055
2017-09-20,40.099998474121094
2017-09-21,38.70000076293945
2017-09-22,38.54999923706055
2017-09-25,38.5
2017-09-26,38.0
2017-09-27,38.04999923706055
2017-09-28,39.900001525878906
2017-09-29,37.099998474121094
2017-10-03,38.04999923706055
2017-10-04,37.599998474121094
2017-10-05,37.5
2017-10-06,37.70000076293945
2017-10-09,39.0
2017-10-10,38.849998474121094
2017-10-11,37.349998474121094
2017-10-12,38.54999923706055
2017-10-13,38.099998474121094
2017-10-16,38.75
2017-10-17,38.04999923706055
2017-10-18,38.400001525878906
2017-10-19,38.45000076293945
2017-10-23,38.70000076293945
2017-10-24,38.54999923706055
2017-10-25,38.099998474121094
2017-10-26,37.95000076293945
2017-10-27,38.099998474121094
2017-10-30,37.650001525878906
2017-10-31,38.70000076293945
2017-11-01,38.70000076293945
2017-11-02,38.599998474121094
2017-11-03,39.29999923706055
2017-11-06,37.45000076293945
2017-11-07,37.95000076293945
2017-11-08,37.650001525878906
2017-11-09,38.150001525878906
2017-11-10,41.5
2017-11-13,40.75
2017-11-14,39.349998474121094
2017-11-15,39.20000076293945
2017-11-16,38.54999923706055
2017-11-17,38.400001525878906
2017-11-20,38.5
2017-11-21,38.54999923706055
2017-11-22,38.849998474121094
2017-11-23,39.0
2017-11-24,39.25
2017-11-27,38.650001525878906
2017-11-28,38.25
2017-11-29,38.5
2017-11-30,39.0
2017-12-01,39.25
2017-12-04,38.79999923706055
2017-12-05,40.54999923706055
2017-12-06,39.099998474121094
2017-12-07,41.900001525878906
2017-12-08,44.29999923706055
2017-12-11,40.650001525878906
2017-12-12,41.099998474121094
2017-12-13,39.900001525878906
2017-12-14,40.29999923706055
2017-12-15,39.5
2017-12-18,40.0
2017-12-19,40.70000076293945
2017-12-20,40.95000076293945
2017-12-21,43.400001525878906
2017-12-22,44.650001525878906
2017-12-26,45.400001525878906
2017-12-27,45.150001525878906
2017-12-28,43.45000076293945
2017-12-29,43.45000076293945
2018-01-01,43.400001525878906
2018-01-02,42.5
2018-01-03,43.849998474121094
2018-01-04,47.29999923706055
2018-01-05,52.150001525878906
2018-01-08,56.95000076293945
2018-01-09,57.95000076293945
2018-01-10,55.04999923706055
2018-01-11,54.70000076293945
2018-01-12,52.349998474121094
2018-01-15,52.20000076293945
2018-01-16,51.95000076293945
2018-01-17,51.599998474121094
2018-01-18,50.849998474121094
2018-01-19,49.95000076293945
2018-01-22,48.45000076293945
2018-01-23,52.54999923706055
2018-01-24,51.25
2018-01-25,49.099998474121094
2018-01-29,50.349998474121094
2018-01-30,53.04999923706055
2018-01-31,51.54999923706055
2018-02-01,51.849998474121094
2018-02-02,47.04999923706055
2018-02-05,48.29999923706055
2018-02-06,46.099998474121094
2018-02-07,47.29999923706055
2018-02-08,46.75
2018-02-09,48.900001525878906
2018-02-12,48.20000076293945
2018-02-14,47.04999923706055
2018-02-15,47.900001525878906
2018-02-16,46.150001525878906
2018-02-19,50.650001525878906
2018-02-20,50.650001525878906
2018-02-21,49.650001525878906
2018-02-22,49.150001525878906
2018-02-23,48.95000076293945
2018-02-26,48.400001525878906
2018-02-27,47.25
2018-02-28,49.5
2018-03-01,48.70000076293945
2018-03-05,48.150001525878906
2018-03-06,48.099998474121094
2018-03-07,46.29999923706055
2018-03-08,46.099998474121094
2018-03-09,44.29999923706055
2018-03-12,43.45000076293945
2018-03-13,44.54999923706055
2018-03-14,42.45000076293945
2018-03-15,43.04999923706055
2018-03-16,43.599998474121094
2018-03-19,41.75
2018-03-20,42.150001525878906
2018-03-21,42.0
2018-03-22,42.849998474121094
2018-03-23,40.599998474121094
2018-03-26,38.79999923706055
2018-03-27,39.5
2018-03-28,37.70000076293945
2018-04-02,39.79999923706055
2018-04-03,40.0
2018-04-04,39.45000076293945
2018-04-05,40.20000076293945
2018-04-06,39.75
2018-04-09,40.650001525878906
2018-04-10,40.04999923706055
2018-04-11,40.79999923706055
2018-04-12,39.79999923706055
2018-04-13,39.150001525878906
2018-04-16,39.150001525878906
2018-04-17,38.70000076293945
2018-04-18,41.20000076293945
2018-04-19,41.79999923706055
2018-04-20,41.70000076293945
2018-04-23,42.79999923706055
2018-04-24,41.099998474121094
2018-04-25,41.599998474121094
2018-04-26,39.54999923706055
2018-04-27,39.54999923706055
2018-04-30,39.599998474121094
2018-05-02,39.400001525878906
2018-05-03,39.150001525878906
2018-05-04,40.099998474121094
2018-05-07,39.29999923706055
2018-05-08,39.349998474121094
2018-05-09,37.150001525878906
2018-05-10,30.700000762939453
2018-05-11,30.0
2018-05-14,27.799999237060547
2018-05-15,29.600000381469727
2018-05-16,27.75
2018-05-17,26.899999618530273
2018-05-18,27.399999618530273
2018-05-21,27.0
2018-05-22,27.049999237060547
2018-05-23,25.450000762939453
2018-05-24,25.950000762939453
2018-05-25,26.0
2018-05-28,25.950000762939453
2018-05-29,27.399999618530273
2018-05-30,27.600000381469727
2018-05-31,26.850000381469727
2018-06-01,27.700000762939453
2018-06-04,25.649999618530273
2018-06-05,25.649999618530273
2018-06-06,24.950000762939453
2018-06-07,25.25
2018-06-08,25.25
2018-06-11,25.950000762939453
2018-06-12,25.549999237060547
2018-06-13,25.600000381469727
2018-06-14,25.600000381469727
2018-06-15,25.899999618530273
2018-06-18,25.649999618530273
2018-06-19,24.399999618530273
2018-06-20,24.950000762939453
2018-06-21,25.75
2018-06-22,26.350000381469727
2018-06-25,25.200000762939453
2018-06-26,24.649999618530273
2018-06-27,24.450000762939453
2018-06-28,23.200000762939453
2018-06-29,23.0
2018-07-02,22.450000762939453
2018-07-03,22.950000762939453
2018-07-04,24.450000762939453
2018-07-05,19.899999618530273
2018-07-06,19.700000762939453
2018-07-09,18.200000762939453
2018-07-10,21.350000381469727
2018-07-11,20.75
2018-07-12,21.450000762939453
2018-07-13,20.200000762939453
2018-07-16,18.950000762939453
2018-07-17,19.850000381469727
2018-07-18,16.200000762939453
2018-07-19,16.100000381469727
2018-07-20,15.649999618530273
2018-07-23,15.449999809265137
2018-07-24,16.049999237060547
2018-07-25,15.850000381469727
2018-07-26,16.200000762939453
2018-07-27,16.149999618530273
2018-07-30,15.600000381469727
2018-07-31,15.600000381469727
2018-08-01,15.050000190734863
2018-08-02,14.5
2018-08-03,15.199999809265137
2018-08-06,15.949999809265137
2018-08-07,16.0
2018-08-08,16.5
2018-08-09,15.899999618530273
2018-08-10,15.199999809265137
2018-08-13,14.5
2018-08-14,14.899999618530273
2018-08-16,14.699999809265137
2018-08-17,14.600000381469727
2018-08-20,14.600000381469727
2018-08-21,14.75
2018-08-23,14.550000190734863
2018-08-24,14.399999618530273
2018-08-27,14.5
2018-08-28,13.949999809265137
2018-08-29,13.949999809265137
2018-08-30,13.600000381469727
2018-08-31,13.25
2018-09-03,13.649999618530273
2018-09-04,13.649999618530273
2018-09-05,13.649999618530273
2018-09-06,14.100000381469727
2018-09-07,14.449999809265137
2018-09-10,13.850000381469727
2018-09-11,13.949999809265137
2018-09-12,13.949999809265137
2018-09-14,13.899999618530273
2018-09-17,14.0
2018-09-18,13.699999809265137
2018-09-19,13.25
2018-09-21,13.649999618530273
2018-09-24,13.0
2018-09-25,12.399999618530273
2018-09-26,12.0
2018-09-27,12.600000381469727
2018-09-28,12.050000190734863
2018-10-01,11.649999618530273
2018-10-03,12.199999809265137
2018-10-04,11.600000381469727
2018-10-05,11.050000190734863
2018-10-08,10.5
2018-10-09,10.0
2018-10-10,9.550000190734863
2018-10-11,9.100000381469727
2018-10-12,8.649999618530273
2018-10-15,9.050000190734863
2018-10-16,9.199999809265137
2018-10-17,9.649999618530273
2018-10-19,10.100000381469727
2018-10-22,10.600000381469727
2018-10-23,10.100000381469727
2018-10-24,10.600000381469727
2018-10-25,11.050000190734863
2018-10-26,11.600000381469727
2018-10-29,11.949999809265137
2018-10-30,12.5
2018-10-31,11.899999618530273
2018-11-01,11.399999618530273
2018-11-02,11.0
2018-11-05,11.550000190734863
2018-11-06,12.0
2018-11-07,12.600000381469727
2018-11-09,12.600000381469727
2018-11-12,13.600000381469727
2018-11-13,12.949999809265137
2018-11-14,13.25
2018-11-15,13.199999809265137
2018-11-16,13.050000190734863
2018-11-19,13.199999809265137
2018-11-20,13.149999618530273
2018-11-21,13.149999618530273
2018-11-22,12.600000381469727
2018-11-26,12.0
2018-11-27,11.399999618530273
2018-11-28,11.949999809265137
2018-11-29,12.5
2018-11-30,12.25
2018-12-03,12.800000190734863
2018-12-04,12.800000190734863
2018-12-05,12.449999809265137
2018-12-06,11.850000381469727
2018-12-07,11.300000190734863
2018-12-10,11.649999618530273
2018-12-11,11.300000190734863
2018-12-12,11.600000381469727
2018-12-13,12.050000190734863
2018-12-14,12.050000190734863
2018-12-17,12.050000190734863
2018-12-18,11.449999809265137
2018-12-19,11.199999809265137
2018-12-20,11.75
2018-12-21,11.550000190734863
2018-12-24,11.25
2018-12-26,11.25
2018-12-27,11.25
2018-12-28,11.25
2018-12-31,11.25
2019-01-01,11.25
2019-01-02,11.199999809265137
2019-01-03,11.600000381469727
2019-01-04,12.149999618530273
2019-01-07,11.699999809265137
2019-01-08,12.0
2019-01-09,12.0
2019-01-10,11.600000381469727
2019-01-11,11.800000190734863
2019-01-14,12.350000381469727
2019-01-15,11.800000190734863
2019-01-16,12.300000190734863
2019-01-17,11.800000190734863
2019-01-18,12.350000381469727
2019-01-21,12.149999618530273
2019-01-22,11.600000381469727
2019-01-23,11.050000190734863
2019-01-24,11.050000190734863
2019-01-25,11.050000190734863
2019-01-28,11.050000190734863
2019-01-29,11.050000190734863
2019-01-30,10.5
2019-01-31,10.449999809265137
2019-02-01,9.949999809265137
2019-02-04,9.600000381469727
2019-02-05,9.199999809265137
2019-02-06,9.199999809265137
2019-02-07,9.25
2019-02-08,9.25
2019-02-11,9.699999809265137
2019-02-12,9.699999809265137
2019-02-14,9.0
2019-02-15,9.25
2019-02-18,9.399999618530273
2019-02-19,9.050000190734863
2019-02-20,9.050000190734863
2019-02-21,9.050000190734863
2019-02-22,9.050000190734863
2019-02-25,8.649999618530273
2019-02-26,8.649999618530273
2019-02-27,8.649999618530273
2019-02-28,8.649999618530273
2019-03-01,8.649999618530273
2019-03-05,8.649999618530273
2019-03-06,9.25
2019-03-07,9.25
2019-03-08,9.25
2019-03-11,9.25
2019-03-12,9.699999809265137
2019-03-13,9.850000381469727
2019-03-14,10.300000190734863
2019-03-15,10.800000190734863
2019-03-18,11.300000190734863
2019-03-19,11.850000381469727
2019-03-20,12.399999618530273
2019-03-22,12.699999809265137
2019-03-25,12.649999618530273
2019-03-26,13.100000381469727
2019-03-27,13.75
2019-03-28,14.399999618530273
2019-04-01,15.850000381469727
2019-04-02,16.600000381469727
2019-04-03,17.399999618530273
2019-04-04,17.200000762939453
2019-04-05,16.350000381469727
2019-04-08,15.550000190734863
2019-04-09,15.550000190734863
2019-04-10,15.050000190734863
2019-04-11,15.0
2019-04-12,14.25
2019-04-15,13.550000190734863
2019-04-16,12.899999618530273
2019-04-18,12.300000190734863
2019-04-22,11.800000190734863
2019-04-23,11.850000381469727
2019-04-24,11.800000190734863
2019-04-25,11.600000381469727
2019-04-26,12.0
2019-04-30,11.600000381469727
2019-05-02,11.050000190734863
2019-05-03,11.600000381469727
2019-05-06,11.600000381469727
2019-05-07,11.25
2019-05-08,11.25
2019-05-09,11.25
2019-05-10,10.699999809265137
2019-05-13,10.199999809265137
2019-05-14,9.699999809265137
2019-05-15,10.149999618530273
2019-05-16,10.149999618530273
2019-05-17,10.149999618530273
2019-05-20,10.149999618530273
2019-05-21,10.0
2019-05-22,10.0
2019-05-23,10.0
2019-05-24,9.5
2019-05-27,9.949999809265137
2019-05-28,9.550000190734863
2019-05-29,9.5
2019-05-30,9.949999809265137
2019-05-31,9.5
2019-06-03,9.550000190734863
2019-06-04,9.550000190734863
2019-06-06,9.100000381469727
2019-06-07,9.100000381469727
2019-06-10,8.699999809265137
2019-06-11,8.699999809265137
2019-06-12,8.699999809265137
2019-06-13,8.350000381469727
2019-06-14,8.350000381469727
2019-06-17,7.949999809265137
2019-06-18,7.949999809265137
2019-06-19,7.599999904632568
2019-06-20,7.599999904632568
2019-06-21,7.949999809265137
2019-06-24,7.949999809265137
2019-06-25,7.599999904632568
2019-06-26,7.25
2019-06-27,7.0
2019-06-28,7.0
2019-07-01,6.650000095367432
2019-07-02,6.650000095367432
2019-07-03,6.949999809265137
2019-07-04,6.949999809265137
2019-07-05,6.949999809265137
2019-07-08,6.650000095367432
2019-07-09,6.349999904632568
2019-07-10,6.349999904632568
2019-07-11,6.349999904632568
2019-07-12,6.099999904632568
2019-07-15,5.800000190734863
2019-07-16,5.800000190734863
2019-07-17,5.800000190734863
2019-07-18,5.800000190734863
2019-07-19,5.599999904632568
2019-07-22,5.550000190734863
2019-07-23,5.300000190734863
2019-07-24,5.300000190734863
2019-07-25,5.300000190734863
2019-07-26,5.300000190734863
2019-07-29,5.300000190734863
2019-07-30,5.300000190734863
2019-07-31,5.300000190734863
2019-08-01,5.300000190734863
2019-08-02,5.300000190734863
2019-08-05,5.300000190734863
2019-08-06,5.050000190734863
2019-08-07,5.050000190734863
2019-08-08,5.050000190734863
2019-08-09,5.050000190734863
2019-08-13,5.300000190734863
2019-08-14,5.300000190734863
2019-08-16,5.150000095367432
2019-08-19,5.150000095367432
2019-08-20,5.0
2019-08-21,4.75
2019-08-22,4.75
2019-08-23,4.650000095367432
2019-08-26,4.449999809265137
2019-08-27,4.550000190734863
2019-08-28,4.550000190734863
2019-08-29,4.550000190734863
2019-08-30,4.550000190734863
2019-09-03,4.550000190734863
2019-09-04,4.349999904632568
2019-09-05,4.349999904632568
2019-09-06,4.5
2019-09-09,4.5
2019-09-11,4.699999809265137
2019-09-12,4.599999904632568
2019-09-13,4.599999904632568
2019-09-16,4.599999904632568
2019-09-17,4.5
2019-09-18,4.5
2019-09-19,4.5
2019-09-20,4.349999904632568
2019-09-23,4.550000190734863
2019-09-24,4.449999809265137
2019-09-25,4.25
2019-09-26,4.050000190734863
2019-09-27,3.8499999046325684
2019-09-30,3.8499999046325684
2019-10-01,3.8499999046325684
2019-10-03,3.8499999046325684
2019-10-04,3.700000047683716
2019-10-07,3.700000047683716
2019-10-09,3.549999952316284
2019-10-10,3.549999952316284
2019-10-11,3.4000000953674316
2019-10-14,3.4000000953674316
2019-10-15,3.25
2019-10-16,3.0999999046325684
2019-10-17,3.0999999046325684
2019-10-18,3.0999999046325684
2019-10-22,2.950000047683716
2019-10-23,2.950000047683716
2019-10-24,2.950000047683716
2019-10-25,2.950000047683716
2019-10-29,2.950000047683716
2019-10-30,2.8499999046325684
2019-10-31,2.8499999046325684
2019-11-01,2.75
2019-11-04,2.75
2019-11-05,2.75
2019-11-06,2.75
2019-11-07,2.75
2019-11-08,2.75
2019-11-11,2.75
2019-11-13,2.8499999046325684
2019-11-14,2.8499999046325684
2019-11-15,2.8499999046325684
2019-11-18,2.950000047683716
2019-11-19,2.8499999046325684
2019-11-20,2.75
2019-11-21,2.75
2019-11-22,2.75
2019-11-25,2.75
2019-11-26,2.75
2019-11-27,2.8499999046325684
2019-11-28,2.8499999046325684
2019-11-29,2.8499999046325684
2019-12-02,2.9000000953674316
2019-12-03,3.0
2019-12-04,3.0
2019-12-05,3.0
2019-12-06,3.0
2019-12-09,3.1500000953674316
2019-12-10,3.049999952316284
2019-12-11,2.9000000953674316
2019-12-12,2.799999952316284
2019-12-13,2.799999952316284
2019-12-16,2.799999952316284
2019-12-17,2.799999952316284
2019-12-18,2.700000047683716
2019-12-19,2.700000047683716
2019-12-20,2.700000047683716
2019-12-23,2.700000047683716
2019-12-24,2.700000047683716
2019-12-26,2.5999999046325684
2019-12-27,2.5999999046325684
2019-12-30,2.5999999046325684
2019-12-31,2.5
2020-01-01,2.5
2020-01-02,2.5
2020-01-03,2.5999999046325684
2020-01-06,2.5999999046325684
2020-01-07,2.700000047683716
2020-01-08,2.700000047683716
2020-01-09,2.5999999046325684
2020-01-10,2.5999999046325684
2020-01-13,2.5999999046325684
2020-01-14,2.5
2020-01-15,2.5
2020-01-16,2.4000000953674316
2020-01-17,2.4000000953674316
2020-01-20,2.4000000953674316
2020-01-21,2.4000000953674316
2020-01-22,2.4000000953674316
2020-01-23,2.299999952316284
2020-01-24,2.4000000953674316
2020-01-27,2.299999952316284
2020-01-28,2.299999952316284
2020-01-29,2.299999952316284
2020-01-30,2.299999952316284
2020-01-31,2.299999952316284
2020-02-03,2.299999952316284
2020-02-04,2.299999952316284
2020-02-05,2.299999952316284
2020-02-06,2.299999952316284
2020-02-07,2.299999952316284
2020-02-10,2.299999952316284
2020-02-11,2.299999952316284
2020-02-12,2.299999952316284
2020-02-13,2.299999952316284
2020-02-14,2.0
2020-02-17,1.899999976158142
2020-02-18,1.850000023841858
2020-02-19,1.850000023841858
2020-02-20,1.850000023841858
2020-02-24,1.7999999523162842
2020-02-25,1.75
2020-02-26,1.7000000476837158
2020-02-27,1.7000000476837158
2020-02-28,1.7000000476837158
2020-03-02,1.649999976158142
2020-03-03,1.600000023841858
2020-03-04,1.600000023841858
2020-03-05,1.600000023841858
2020-03-06,1.5499999523162842
2020-03-09,1.5
2020-03-11,1.5
2020-03-12,1.4500000476837158
2020-03-13,1.399999976158142
2020-03-16,1.4500000476837158
2020-03-17,1.4500000476837158
2020-03-18,1.399999976158142
2020-03-19,1.399999976158142
2020-03-20,1.350000023841858
2020-03-23,1.350000023841858
2020-03-24,1.350000023841858
2020-03-25,1.350000023841858
2020-03-26,1.350000023841858
2020-03-27,1.25
2020-03-30,1.25
2020-03-31,1.2000000476837158
2020-04-01,1.149999976158142
2020-04-03,1.149999976158142
2020-04-07,1.149999976158142
2020-04-08,1.149999976158142
2020-04-09,1.149999976158142
2020-04-13,1.149999976158142
2020-04-15,1.149999976158142
2020-04-16,1.149999976158142
2020-04-17,1.100000023841858
2020-04-20,1.100000023841858
2020-04-21,1.100000023841858
2020-04-22,1.149999976158142
2020-04-23,1.149999976158142
2020-04-24,1.149999976158142
2020-04-27,1.2000000476837158
2020-04-28,1.2000000476837158
2020-04-29,1.2000000476837158
2020-04-30,1.2000000476837158
2020-05-04,1.2000000476837158
2020-05-05,1.2000000476837158
2020-05-06,1.2000000476837158
2020-05-07,1.2000000476837158
2020-05-08,1.25
2020-05-11,1.2999999523162842
2020-05-12,1.2999999523162842
2020-05-13,1.350000023841858
2020-05-14,1.350000023841858
2020-05-15,1.4500000476837158
2020-05-18,1.4500000476837158
2020-05-19,1.4500000476837158
2020-05-20,1.4500000476837158
2020-05-21,1.5
2020-05-22,1.5
2020-05-26,1.5499999523162842
2020-05-27,1.5499999523162842
2020-05-28,1.600000023841858
2020-05-29,1.600000023841858
2020-06-01,1.600000023841858
2020-06-02,1.600000023841858
2020-06-03,1.600000023841858
2020-06-04,1.600000023841858
2020-06-05,1.600000023841858
2020-06-08,1.600000023841858
2020-06-09,1.649999976158142
2020-06-10,1.649999976158142
2020-06-11,1.7000000476837158
2020-06-12,1.7000000476837158
2020-06-15,1.75
2020-06-16,1.75
2020-06-17,1.75
2020-06-18,1.75
2020-06-19,1.7999999523162842
2020-06-22,1.7999999523162842
2020-06-23,1.7999999523162842
2020-06-24,1.850000023841858
2020-06-25,1.850000023841858
2020-06-26,1.899999976158142
2020-06-29,1.899999976158142
2020-06-30,1.899999976158142
2020-07-01,1.9500000476837158
2020-07-02,1.9500000476837158
2020-07-03,1.9500000476837158
2020-07-06,1.9500000476837158
2020-07-07,2.0
2020-07-08,2.0
2020-07-09,2.0
2020-07-10,2.0999999046325684
2020-07-13,2.0999999046325684
2020-07-14,2.200000047683716
2020-07-15,2.299999952316284
2020-07-16,2.299999952316284
2020-07-17,2.299999952316284
2020-07-20,2.299999952316284
2020-07-21,2.4000000953674316
2020-07-22,2.5
2020-07-23,2.5
2020-07-24,2.5
2020-07-27,2.5999999046325684
2020-07-28,2.700000047683716
2020-07-29,2.700000047683716
2020-07-30,2.799999952316284
2020-07-31,2.799999952316284
2020-08-03,2.799999952316284
2020-08-04,2.9000000953674316
2020-08-05,3.0
2020-08-06,3.0
2020-08-07,3.1500000953674316
2020-08-10,3.299999952316284
2020-08-11,3.450000047683716
2020-08-12,3.5999999046325684
2020-08-13,3.75
2020-08-14,3.9000000953674316
2020-08-17,4.050000190734863
2020-08-18,4.25
2020-08-19,4.449999809265137
2020-08-20,4.650000095367432
2020-08-21,4.849999904632568
2020-08-24,4.849999904632568
2020-08-25,4.900000095367432
2020-08-26,5.099999904632568
2020-08-27,5.349999904632568
2020-08-28,5.099999904632568
2020-08-31,5.099999904632568
2020-09-01,4.849999904632568
2020-09-02,4.650000095367432
2020-09-03,4.449999809265137
2020-09-04,4.25
2020-09-07,4.050000190734863
2020-09-08,3.8499999046325684
2020-09-09,3.700000047683716
2020-09-10,3.549999952316284
2020-09-11,3.4000000953674316
2020-09-14,3.25
2020-09-15,3.4000000953674316
2020-09-16,3.4000000953674316
2020-09-17,3.5
2020-09-18,3.5999999046325684
2020-09-21,3.5999999046325684
2020-09-22,3.5999999046325684
2020-09-23,3.5999999046325684
2020-09-24,3.450000047683716
2020-09-25,3.450000047683716
2020-09-28,3.5999999046325684
2020-09-29,3.5999999046325684
2020-09-30,3.5999999046325684
2020-10-01,3.75
2020-10-05,3.75
2020-10-06,4.050000190734863
2020-10-07,4.25
2020-10-08,4.400000095367432
2020-10-09,4.5
2020-10-12,4.699999809265137
2020-10-13,4.699999809265137
2020-10-14,4.699999809265137
2020-10-15,4.5
2020-10-16,4.5
2020-10-19,4.099999904632568
2020-10-20,4.099999904632568
2020-10-21,3.9000000953674316
2020-10-22,4.050000190734863
2020-10-23,4.25
2020-10-26,4.449999809265137
2020-10-27,4.650000095367432
2020-10-28,4.599999904632568
2020-10-29,4.400000095367432
2020-10-30,4.199999809265137
2020-11-02,4.400000095367432
2020-11-03,4.400000095367432
2020-11-04,4.199999809265137
2020-11-05,4.0
2020-11-06,3.799999952316284
2020-11-09,3.6500000953674316
2020-11-10,3.6500000953674316
2020-11-11,3.6500000953674316
2020-11-12,3.6500000953674316
2020-11-13,3.5
2020-11-14,3.3499999046325684
2020-11-17,3.3499999046325684
2020-11-18,3.299999952316284
2020-11-19,3.299999952316284
2020-11-20,3.299999952316284
2020-11-23,3.1500000953674316
2020-11-24,3.0
2020-11-25,2.8499999046325684
2020-11-26,2.950000047683716
2020-11-27,3.049999952316284
2020-12-01,3.049999952316284
2020-12-02,3.049999952316284
2020-12-03,3.200000047683716
2020-12-04,3.3499999046325684
2020-12-07,3.3499999046325684
2020-12-08,3.5
2020-12-09,3.6500000953674316
2020-12-10,3.799999952316284
2020-12-11,3.950000047683716
2020-12-14,4.099999904632568
2020-12-15,4.300000190734863
2020-12-16,4.5
2020-12-17,4.699999809265137
2020-12-18,4.900000095367432
2020-12-21,4.800000190734863
2020-12-22,4.800000190734863
2020-12-23,4.800000190734863
2020-12-24,4.699999809265137
2020-12-28,4.800000190734863
2020-12-29,5.0
2020-12-30,5.0
2020-12-31,5.25
2021-01-01,5.25
2021-01-04,5.5
2021-01-05,5.75
2021-01-06,6.0
2021-01-07,6.300000190734863
2021-01-08,6.599999904632568
2021-01-11,6.900000095367432
2021-01-12,7.199999809265137
2021-01-13,7.199999809265137
2021-01-14,6.849999904632568
2021-01-15,7.099999904632568
2021-01-18,6.75
2021-01-19,6.449999809265137
2021-01-20,6.150000095367432
2021-01-21,5.849999904632568
2021-01-22,5.599999904632568
2021-01-25,5.849999904632568
2021-01-27,5.849999904632568
2021-01-28,5.849999904632568
2021-01-29,5.849999904632568
2021-02-01,5.599999904632568
2021-02-02,5.599999904632568
2021-02-03,5.349999904632568
2021-02-04,5.349999904632568
2021-02-05,5.349999904632568
2021-02-08,5.599999904632568
2021-02-09,5.449999809265137
2021-02-10,5.650000095367432
2021-02-11,5.5
2021-02-12,5.650000095367432
2021-02-15,5.599999904632568
2021-02-16,5.599999904632568
2021-02-17,5.599999904632568
2021-02-18,5.599999904632568
2021-02-19,5.349999904632568
2021-02-22,5.349999904632568
2021-02-23,5.099999904632568
2021-02-24,5.349999904632568
2021-02-25,5.349999904632568
2021-02-26,5.099999904632568
2021-03-01,5.099999904632568
2021-03-02,4.849999904632568
2021-03-03,4.849999904632568
2021-03-04,5.0
2021-03-05,4.75
2021-03-08,4.75
2021-03-09,4.949999809265137
2021-03-10,4.949999809265137
2021-03-12,4.75
2021-03-15,4.75
2021-03-16,4.75
2021-03-17,4.550000190734863
2021-03-18,4.550000190734863
2021-03-19,4.550000190734863
2021-03-22,4.349999904632568
2021-03-23,4.550000190734863
2021-03-24,4.400000095367432
2021-03-25,4.199999809265137
2021-03-26,4.0
2021-03-30,3.799999952316284
2021-03-31,3.6500000953674316
2021-04-01,3.799999952316284
2021-04-05,3.799999952316284
2021-04-06,3.799999952316284
2021-04-07,3.75
2021-04-08,3.799999952316284
2021-04-09,3.950000047683716
2021-04-12,3.950000047683716
2021-04-13,3.950000047683716
2021-04-15,3.950000047683716
2021-04-16,3.8499999046325684
2021-04-19,3.75
2021-04-20,3.75
2021-04-22,3.75
2021-04-23,3.75
2021-04-26,3.75
2021-04-27,3.75
2021-04-28,3.75
2021-04-29,3.75
2021-04-30,3.75
2021-05-03,3.75
2021-05-04,3.75
2021-05-05,4.050000190734863
2021-05-06,4.25
2021-05-07,4.449999809265137
2021-05-10,4.650000095367432
2021-05-11,4.650000095367432
2021-05-12,4.849999904632568
2021-05-14,4.849999904632568
2021-05-17,5.050000190734863
2021-05-18,4.949999809265137
2021-05-19,5.050000190734863
2021-05-20,4.800000190734863
2021-05-21,5.0
2021-05-24,4.75
2021-05-25,4.949999809265137
2021-05-26,4.949999809265137
2021-05-27,5.0
2021-05-28,5.199999809265137
2021-05-31,5.349999904632568
2021-06-01,5.099999904632568
2021-06-02,5.300000190734863
2021-06-03,5.099999904632568
2021-06-04,5.0
2021-06-07,5.099999904632568
2021-06-08,5.099999904632568
2021-06-09,5.300000190734863
2021-06-10,5.550000190734863
2021-06-11,5.300000190734863
2021-06-14,5.5
2021-06-15,5.5
2021-06-16,5.75
2021-06-17,6.0
2021-06-18,5.699999809265137
2021-06-21,5.449999809265137
2021-06-22,5.199999809265137
2021-06-23,5.0
2021-06-24,5.099999904632568
2021-06-25,4.949999809265137
2021-06-28,4.900000095367432
2021-06-29,4.75
2021-06-30,4.949999809265137
2021-07-01,4.949999809265137
2021-07-02,5.050000190734863
2021-07-05,5.0
2021-07-06,4.949999809265137
2021-07-07,4.800000190734863
2021-07-08,4.800000190734863
2021-07-09,4.800000190734863
2021-07-12,5.0
2021-07-13,5.25
2021-07-14,5.5
2021-07-15,5.449999809265137
2021-07-16,5.199999809265137
2021-07-19,4.949999809265137
2021-07-20,4.800000190734863
2021-07-22,4.949999809265137
2021-07-23,4.800000190734863
2021-07-26,5.0
2021-07-27,5.050000190734863
2021-07-28,4.800000190734863
2021-07-29,4.800000190734863
2021-07-30,4.800000190734863
2021-08-02,4.800000190734863
2021-08-03,4.900000095367432
2021-08-04,5.0
2021-08-05,4.75
2021-08-06,4.550000190734863
2021-08-09,4.550000190734863
2021-08-10,4.599999904632568
2021-08-11,4.699999809265137
2021-08-12,4.900000095367432
2021-08-13,4.699999809265137
2021-08-16,4.699999809265137
2021-08-17,4.650000095367432
2021-08-18,4.800000190734863
2021-08-20,4.849999904632568
2021-08-23,4.75
2021-08-24,4.550000190734863
2021-08-25,4.650000095367432
2021-08-26,4.5
2021-08-27,4.300000190734863
2021-08-30,4.300000190734863
2021-08-31,4.25
2021-09-01,4.099999904632568
2021-09-02,4.099999904632568
2021-09-03,4.050000190734863
2021-09-06,4.050000190734863
2021-09-07,3.950000047683716
2021-09-08,4.099999904632568
2021-09-09,4.150000095367432
2021-09-13,4.25
2021-09-14,4.25
2021-09-15,4.449999809265137
2021-09-16,4.5
2021-09-17,4.699999809265137
2021-09-20,4.5
2021-09-21,4.449999809265137
2021-09-22,4.650000095367432
2021-09-23,4.449999809265137
2021-09-24,4.349999904632568
2021-09-27,4.349999904632568
2021-09-28,4.550000190734863
2021-09-29,4.5
2021-09-30,4.5
2021-10-01,4.699999809265137
2021-10-04,4.699999809265137
2021-10-05,4.75
2021-10-06,4.800000190734863
2021-10-07,4.599999904632568
2021-10-08,4.800000190734863
2021-10-11,4.849999904632568
2021-10-12,4.650000095367432
2021-10-13,4.650000095367432
2021-10-14,4.650000095367432
2021-10-18,4.599999904632568
2021-10-19,4.699999809265137
2021-10-20,4.550000190734863
2021-10-21,4.400000095367432
2021-10-22,4.5
2021-10-25,4.699999809265137
2021-10-26,4.900000095367432
2021-10-27,4.75
2021-10-28,4.599999904632568
2021-10-29,4.5
2021-11-01,4.5
2021-11-02,4.699999809265137
2021-11-03,4.699999809265137
2021-11-04,4.900000095367432
2021-11-08,5.0
2021-11-09,5.150000095367432
2021-11-10,5.0
2021-11-11,4.849999904632568
2021-11-12,4.849999904632568
2021-11-15,4.849999904632568
2021-11-16,4.800000190734863
2021-11-17,4.849999904632568
2021-11-18,4.949999809265137
2021-11-22,5.050000190734863
2021-11-23,5.050000190734863
2021-11-24,5.0
2021-11-25,4.849999904632568
2021-11-26,4.800000190734863
2021-11-29,4.849999904632568
2021-11-30,4.849999904632568
2021-12-01,4.949999809265137
2021-12-02,4.800000190734863
2021-12-03,4.900000095367432
2021-12-06,4.800000190734863
2021-12-07,4.900000095367432
2021-12-08,4.900000095367432
2021-12-09,5.099999904632568
2021-12-10,4.949999809265137
2021-12-13,5.050000190734863
2021-12-14,5.0
2021-12-15,5.050000190734863
2021-12-16,5.050000190734863
2021-12-17,5.099999904632568
2021-12-20,5.25
2021-12-21,5.349999904632568
2021-12-22,5.599999904632568
2021-12-23,5.849999904632568
2021-12-24,6.099999904632568
2021-12-27,6.400000095367432
2021-12-28,6.699999809265137
2021-12-29,7.0
2021-12-30,7.349999904632568
2021-12-31,7.699999809265137
2022-01-03,8.050000190734863
2022-01-04,8.0
2022-01-05,7.599999904632568
2022-01-06,7.25
2022-01-07,6.900000095367432
2022-01-10,7.199999809265137
2022-01-11,7.550000190734863
2022-01-12,7.900000095367432
2022-01-13,8.199999809265137
2022-01-14,8.5
2022-01-17,8.899999618530273
2022-01-18,9.300000190734863
2022-01-19,9.600000381469727
2022-01-20,9.600000381469727
2022-01-21,10.050000190734863
2022-01-24,9.600000381469727
2022-01-25,9.149999618530273
2022-01-27,9.050000190734863
2022-01-28,8.75
2022-01-31,8.899999618530273
2022-02-01,9.199999809265137
2022-02-02,9.0
2022-02-03,9.0
2022-02-04,8.699999809265137
2022-02-07,8.399999618530273
2022-02-08,8.649999618530273
2022-02-09,8.25
2022-02-10,8.149999618530273
2022-02-11,7.75
2022-02-14,7.900000095367432
2022-02-15,7.550000190734863
2022-02-16,7.199999809265137
2022-02-17,7.349999904632568
2022-02-18,7.050000190734863
2022-02-21,6.75
2022-02-22,6.5
2022-02-23,6.550000190734863
2022-02-24,6.25
2022-02-25,5.949999809265137
2022-02-28,5.800000190734863
2022-03-02,5.900000095367432
2022-03-03,6.050000190734863
2022-03-04,6.050000190734863
2022-03-07,6.25
2022-03-08,5.949999809265137
2022-03-09,6.099999904632568
2022-03-10,6.099999904632568
2022-03-11,6.199999809265137
2022-03-14,6.449999809265137
2022-03-15,6.550000190734863
2022-03-16,6.25
2022-03-17,6.400000095367432
2022-03-21,6.25
2022-03-22,6.349999904632568
2022-03-23,6.300000190734863
2022-03-24,6.400000095367432
2022-03-25,6.25
2022-03-28,6.25
2022-03-29,5.949999809265137
2022-03-30,5.849999904632568
2022-03-31,5.900000095367432
2022-04-01,6.150000095367432
2022-04-04,6.099999904632568
2022-04-05,6.150000095367432
2022-04-06,6.150000095367432
2022-04-07,6.0
2022-04-08,6.150000095367432
2022-04-11,6.199999809265137
2022-04-12,6.0
2022-04-13,6.150000095367432
2022-04-18,6.199999809265137
2022-04-19,6.150000095367432
2022-04-20,6.199999809265137
2022-04-21,6.5
2022-04-22,6.800000190734863
2022-04-25,7.099999904632568
2022-04-26,7.150000095367432
2022-04-27,6.849999904632568
2022-04-28,6.650000095367432
2022-04-29,6.550000190734863
2022-05-02,6.400000095367432
2022-05-04,6.550000190734863
2022-05-05,6.300000190734863
2022-05-06,6.050000190734863
2022-05-09,6.050000190734863
2022-05-10,6.0
2022-05-11,6.0
2022-05-12,5.699999809265137
2022-05-13,5.449999809265137
2022-05-16,5.699999809265137
2022-05-17,5.699999809265137
2022-05-18,5.949999809265137
2022-05-19,5.949999809265137
2022-05-20,5.75
2022-05-23,6.0
2022-05-24,6.300000190734863
2022-05-25,6.0
2022-05-26,6.199999809265137
2022-05-27,6.150000095367432
2022-05-30,6.050000190734863
2022-05-31,5.849999904632568
2022-06-01,5.650000095367432
2022-06-02,5.849999904632568
2022-06-03,5.599999904632568
2022-06-06,5.599999904632568
2022-06-07,5.800000190734863
2022-06-08,5.650000095367432
2022-06-09,5.599999904632568
2022-06-10,5.599999904632568
2022-06-13,5.849999904632568
2022-06-14,5.849999904632568
2022-06-15,5.849999904632568
2022-06-16,6.099999904632568
2022-06-17,6.099999904632568
2022-06-20,6.099999904632568
2022-06-21,6.050000190734863
2022-06-22,6.050000190734863
2022-06-23,5.800000190734863
2022-06-24,5.75
2022-06-27,5.75
2022-06-28,5.699999809265137
2022-06-29,5.699999809265137
2022-06-30,5.550000190734863
2022-07-01,5.300000190734863
2022-07-04,5.550000190734863
2022-07-05,5.550000190734863
2022-07-06,5.300000190734863
2022-07-07,5.5
2022-07-08,5.75
2022-07-11,5.75
2022-07-12,5.5
2022-07-13,5.550000190734863
2022-07-14,5.550000190734863
2022-07-15,5.75
2022-07-18,5.75
2022-07-19,5.699999809265137
2022-07-20,5.699999809265137
2022-07-21,5.699999809265137
2022-07-22,5.650000095367432
2022-07-25,5.550000190734863
2022-07-26,5.550000190734863
2022-07-27,5.300000190734863
2022-07-28,5.25
2022-07-29,5.300000190734863
2022-08-01,5.550000190734863
2022-08-02,5.699999809265137
2022-08-03,5.699999809265137
2022-08-04,5.699999809265137
2022-08-05,5.699999809265137
2022-08-08,5.449999809265137
2022-08-10,5.300000190734863
2022-08-11,5.550000190734863
2022-08-12,5.800000190734863
2022-08-16,5.550000190734863
2022-08-17,5.599999904632568
2022-08-18,5.400000095367432
2022-08-19,5.650000095367432
2022-08-22,5.900000095367432
2022-08-23,5.650000095367432
2022-08-24,5.650000095367432
2022-08-25,5.5
2022-08-26,5.349999904632568
2022-08-29,5.599999904632568
2022-08-30,5.800000190734863
2022-09-01,5.900000095367432
2022-09-02,6.0
2022-09-05,6.199999809265137
2022-09-06,6.0
2022-09-07,5.900000095367432
2022-09-08,6.099999904632568
2022-09-09,6.400000095367432
2022-09-12,6.150000095367432
2022-09-13,5.849999904632568
2022-09-14,6.099999904632568
2022-09-15,6.25
2022-09-16,6.5
2022-09-19,6.800000190734863
2022-09-20,6.5
2022-09-21,6.199999809265137
2022-09-22,5.949999809265137
2022-09-23,5.949999809265137
2022-09-26,5.75
2022-09-27,5.550000190734863
2022-09-28,5.800000190734863
2022-09-29,6.050000190734863
2022-09-30,6.050000190734863
2022-10-03,6.199999809265137
2022-10-04,6.199999809265137
2022-10-06,6.5
2022-10-07,6.75
2022-10-10,6.699999809265137
2022-10-11,6.5
2022-10-12,6.199999809265137
2022-10-13,6.0
2022-10-14,6.0
2022-10-17,5.900000095367432
2022-10-18,6.150000095367432
2022-10-19,6.0
2022-10-20,6.0
2022-10-21,6.300000190734863
2022-10-24,6.449999809265137
2022-10-25,6.449999809265137
2022-10-27,6.199999809265137
2022-10-28,6.300000190734863
2022-10-31,6.0
2022-11-01,6.050000190734863
2022-11-02,6.0
2022-11-03,6.25
2022-11-04,6.099999904632568
2022-11-07,6.400000095367432
2022-11-09,6.300000190734863
2022-11-10,6.349999904632568
2022-11-11,6.050000190734863
2022-11-14,5.800000190734863
2022-11-15,6.0
2022-11-16,5.699999809265137
2022-11-17,5.699999809265137
2022-11-18,5.900000095367432
2022-11-21,6.0
2022-11-22,5.699999809265137
2022-11-23,5.699999809265137
2022-11-24,5.800000190734863
2022-11-25,5.599999904632568
2022-11-28,5.849999904632568
2022-11-29,5.800000190734863
2022-11-30,5.699999809265137
2022-12-01,5.699999809265137
2022-12-02,5.599999904632568
2022-12-05,5.599999904632568
2022-12-06,5.599999904632568
2022-12-07,5.599999904632568
2022-12-08,5.900000095367432
2022-12-09,5.949999809265137
2022-12-12,6.199999809265137
2022-12-13,6.199999809265137
2022-12-14,6.199999809265137
2022-12-15,6.199999809265137
2022-12-16,6.300000190734863
2022-12-19,6.400000095367432
2022-12-20,6.300000190734863
2022-12-21,6.0
2022-12-22,6.150000095367432
2022-12-23,5.849999904632568
2022-12-26,5.599999904632568
2022-12-27,5.75
2022-12-28,5.5
2022-12-29,5.75
2022-12-30,5.800000190734863
2023-01-02,5.699999809265137
2023-01-03,5.449999809265137
2023-01-04,5.699999809265137
2023-01-05,5.449999809265137
2023-01-06,5.349999904632568
2023-01-09,5.199999809265137
2023-01-10,5.25
2023-01-11,5.199999809265137
2023-01-12,5.199999809265137
2023-01-13,5.25
2023-01-16,5.099999904632568
2023-01-17,5.25
2023-01-18,5.5
2023-01-19,5.449999809265137
2023-01-20,5.25
2023-01-23,5.5
2023-01-24,5.349999904632568
2023-01-25,5.349999904632568
2023-01-27,5.300000190734863
2023-01-30,5.300000190734863
2023-01-31,5.5
2023-02-01,5.75
2023-02-02,5.5
2023-02-03,5.599999904632568
2023-02-06,5.550000190734863
2023-02-07,5.599999904632568
2023-02-08,5.400000095367432
2023-02-09,5.349999904632568
2023-02-10,5.349999904632568
2023-02-13,5.349999904632568
2023-02-14,5.300000190734863
2023-02-15,5.349999904632568
2023-02-16,5.300000190734863
2023-02-17,5.25
2023-02-20,5.199999809265137
2023-02-21,5.199999809265137
2023-02-22,5.050000190734863
2023-02-23,5.0
2023-02-24,4.900000095367432
2023-02-27,4.900000095367432
2023-02-28,4.900000095367432
2023-03-01,5.099999904632568
2023-03-02,5.199999809265137
2023-03-03,4.949999809265137
2023-03-06,4.949999809265137
2023-03-08,4.800000190734863
2023-03-09,5.0
2023-03-10,5.099999904632568
2023-03-13,4.849999904632568
2023-03-14,4.650000095367432
2023-03-15,4.550000190734863
2023-03-16,4.5
2023-03-17,4.449999809265137
2023-03-20,4.449999809265137
2023-03-21,4.25
2023-03-22,4.25
2023-03-23,4.099999904632568
2023-03-24,3.9000000953674316
2023-03-27,3.9000000953674316
2023-03-28,3.700000047683716
2023-03-29,3.75
2023-03-31,3.5999999046325684
2023-04-03,3.75
2023-04-05,3.9000000953674316
2023-04-06,4.050000190734863
2023-04-10,4.25
2023-04-11,4.449999809265137
2023-04-12,4.650000095367432
2023-04-13,4.849999904632568
2023-04-17,4.849999904632568
2023-04-18,4.599999904632568
2023-04-19,4.5
2023-04-20,4.550000190734863
2023-04-21,4.550000190734863
2023-04-24,4.599999904632568
2023-04-25,4.599999904632568
2023-04-26,4.800000190734863
2023-04-27,4.800000190734863
2023-04-28,4.800000190734863
2023-05-02,4.900000095367432
2023-05-03,4.800000190734863
2023-05-04,4.800000190734863
2023-05-05,5.0
2023-05-08,5.0
2023-05-09,5.050000190734863
2023-05-10,4.800000190734863
2023-05-11,4.949999809265137
2023-05-12,4.949999809265137
2023-05-15,4.900000095367432
2023-05-16,4.650000095367432
2023-05-17,4.449999809265137
2023-05-18,4.650000095367432
2023-05-19,4.650000095367432
2023-05-22,4.599999904632568
2023-05-23,4.400000095367432
2023-05-24,4.400000095367432
2023-05-25,4.25
2023-05-26,4.199999809265137
2023-05-29,4.400000095367432
2023-05-30,4.5
2023-05-31,4.300000190734863
2023-06-01,4.449999809265137
2023-06-02,4.650000095367432
2023-06-05,4.75
2023-06-06,4.650000095367432
2023-06-07,4.449999809265137
2023-06-08,4.449999809265137
2023-06-09,4.449999809265137
2023-06-12,4.300000190734863
2023-06-13,4.199999809265137
2023-06-14,4.199999809265137
2023-06-15,4.150000095367432
2023-06-16,4.25
2023-06-19,4.400000095367432
2023-06-20,4.5
2023-06-21,4.699999809265137
2023-06-22,4.5
2023-06-23,4.349999904632568
2023-06-26,4.300000190734863
2023-06-27,4.300000190734863
2023-06-28,4.300000190734863
2023-06-30,4.400000095367432
2023-07-03,4.5
2023-07-04,4.400000095367432
2023-07-05,4.400000095367432
2023-07-06,4.599999904632568
2023-07-07,4.800000190734863
2023-07-10,5.0
2023-07-11,5.0
2023-07-12,4.75
2023-07-13,4.550000190734863
2023-07-14,4.699999809265137
2023-07-17,4.900000095367432
2023-07-18,4.849999904632568
2023-07-19,4.75
2023-07-20,4.949999809265137
2023-07-21,4.949999809265137
2023-07-24,4.900000095367432
2023-07-25,4.949999809265137
2023-07-26,4.949999809265137
2023-07-27,4.699999809265137
2023-07-28,4.75
2023-07-31,4.75
2023-08-01,4.949999809265137
2023-08-02,4.949999809265137
2023-08-03,5.0
2023-08-04,5.0
2023-08-07,5.099999904632568
2023-08-08,4.849999904632568
2023-08-09,4.849999904632568
2023-08-10,5.0
2023-08-11,5.0
2023-08-14,5.0
2023-08-16,5.25
2023-08-17,5.0
2023-08-18,5.0
2023-08-21,4.75
2023-08-22,4.75
2023-08-23,4.650000095367432
2023-08-24,4.650000095367432
2023-08-25,4.849999904632568
2023-08-28,5.050000190734863
2023-08-29,5.300000190734863
2023-08-30,5.550000190734863
2023-08-31,5.800000190734863
2023-09-01,6.050000190734863
2023-09-04,6.349999904632568
2023-09-05,6.349999904632568
2023-09-06,6.349999904632568
2023-09-07,6.349999904632568
2023-09-08,6.349999904632568
2023-09-11,6.349999904632568
2023-09-12,6.349999904632568
2023-09-13,6.349999904632568
2023-09-14,6.349999904632568
2023-09-15,6.349999904632568
2023-09-18,6.300000190734863
2023-09-20,6.300000190734863
2023-09-21,6.300000190734863
2023-09-22,6.300000190734863
2023-09-25,6.300000190734863
2023-09-26,6.300000190734863
2023-09-27,6.300000190734863
2023-09-28,6.300000190734863
2023-09-29,6.300000190734863
2023-10-03,6.300000190734863
2023-10-04,6.300000190734863
2023-10-05,6.300000190734863
2023-10-06,6.300000190734863
2023-10-09,6.300000190734863
2023-10-10,6.300000190734863
2023-10-11,6.300000190734863
2023-10-12,6.300000190734863
2023-10-13,6.300000190734863
2023-10-16,6.300000190734863
2023-10-17,6.300000190734863
2023-10-18,6.300000190734863
2023-10-19,6.300000190734863
2023-10-20,6.300000190734863
2023-10-23,6.300000190734863
2023-10-25,6.300000190734863
2023-10-26,6.300000190734863
2023-10-27,6.300000190734863
2023-10-30,6.300000190734863
2023-10-31,6.300000190734863
2023-11-01,6.300000190734863
2023-11-02,6.300000190734863
2023-11-03,6.300000190734863
2023-11-06,6.300000190734863
2023-11-07,6.300000190734863
2023-11-08,6.300000190734863
2023-11-09,6.0
2023-11-10,6.0
2023-11-13,6.0
2023-11-15,5.699999809265137
2023-11-16,5.449999809265137
2023-11-17,5.199999809265137
2023-11-20,5.199999809265137
2023-11-21,4.949999809265137
2023-11-22,4.75
2023-11-23,4.75
2023-11-24,4.699999809265137
2023-11-28,4.650000095367432
2023-11-29,4.849999904632568
2023-11-30,4.849999904632568
2023-12-01,4.599999904632568
2023-12-04,4.599999904632568
2023-12-05,4.5
2023-12-06,4.5
2023-12-07,4.699999809265137
2023-12-08,4.849999904632568
2023-12-11,4.849999904632568
2023-12-12,4.849999904632568
2023-12-13,5.050000190734863
2023-12-14,5.050000190734863
2023-12-15,5.0
2023-12-18,5.199999809265137
2023-12-19,5.099999904632568
2023-12-20,5.099999904632568
2023-12-21,5.050000190734863
2023-12-22,5.300000190734863
2023-12-26,5.300000190734863
2023-12-27,5.400000095367432
2023-12-28,5.400000095367432
2023-12-29,5.400000095367432
2024-01-01,5.650000095367432
2024-01-02,5.75
2024-01-03,6.0
2024-01-04,6.300000190734863
2024-01-05,6.599999904632568
2024-01-08,6.849999904632568
2024-01-09,6.849999904632568
2024-01-10,6.849999904632568
2024-01-11,6.849999904632568
2024-01-12,6.849999904632568
2024-01-15,6.5
2024-01-16,6.5
2024-01-17,6.5
2024-01-18,6.5
2024-01-19,6.5
2024-01-23,6.199999809265137
2024-01-24,6.199999809265137
2024-01-25,6.199999809265137
2024-01-29,5.900000095367432
2024-01-30,5.900000095367432
2024-01-31,5.900000095367432
2024-02-01,5.900000095367432
2024-02-02,5.900000095367432
2024-02-05,5.900000095367432
2024-02-06,5.900000095367432
2024-02-07,5.900000095367432
2024-02-08,5.900000095367432
2024-02-09,5.900000095367432
2024-02-12,5.599999904632568
2024-02-13,5.599999904632568
2024-02-14,5.599999904632568
2024-02-15,5.599999904632568
2024-02-16,5.599999904632568
2024-02-19,5.599999904632568
2024-02-20,5.599999904632568
2024-02-21,5.599999904632568
2024-02-22,5.599999904632568
2024-02-23,5.599999904632568
2024-02-26,5.349999904632568
2024-02-27,5.349999904632568
2024-02-28,5.349999904632568
2024-02-29,5.349999904632568
2024-03-01,5.150000095367432
2024-03-04,5.199999809265137
2024-03-05,5.449999809265137
2024-03-06,5.400000095367432
2024-03-07,5.150000095367432
2024-03-11,5.400000095367432
2024-03-12,5.400000095367432
2024-03-13,5.150000095367432
2024-03-14,5.150000095367432
2024-03-15,4.949999809265137
2024-03-18,4.949999809265137
2024-03-19,4.699999809265137
2024-03-20,4.5
2024-03-21,4.699999809265137
2024-03-22,4.699999809265137
2024-03-26,4.5
2024-03-27,4.300000190734863
2024-03-28,4.099999904632568
2024-04-01,3.9000000953674316
2024-04-02,3.9000000953674316
2024-04-03,4.050000190734863
2024-04-04,4.050000190734863
2024-04-05,4.050000190734863
2024-04-08,4.050000190734863
2024-04-09,4.25
2024-04-10,4.25
2024-04-12,4.25
2024-04-15,4.25
2024-04-16,4.25
2024-04-18,4.050000190734863
2024-04-19,3.9000000953674316
2024-04-22,4.050000190734863
2024-04-23,4.050000190734863
2024-04-24,4.25
2024-04-25,4.449999809265137
2024-04-26,4.349999904632568
2024-04-29,4.349999904632568
2024-04-30,4.25
2024-05-02,4.449999809265137
2024-05-03,4.400000095367432
2024-05-06,4.400000095367432
2024-05-07,4.400000095367432
2024-05-08,4.25
2024-05-09,4.25
2024-05-10,4.25
2024-05-13,4.25
2024-05-14,4.25
2024-05-15,4.25
2024-05-16,4.349999904632568
2024-05-17,4.25
2024-05-21,4.25
2024-05-22,4.25
2024-05-23,4.449999809265137
2024-05-24,4.449999809265137
2024-05-27,4.300000190734863
2024-05-28,4.300000190734863
2024-05-29,4.300000190734863
2024-05-30,4.300000190734863
2024-05-31,4.349999904632568
2024-06-03,4.550000190734863
2024-06-04,4.349999904632568
2024-06-05,4.349999904632568
2024-06-06,4.25
2024-06-07,4.449999809265137
2024-06-10,4.599999904632568
2024-06-11,4.599999904632568
2024-06-12,4.820000171661377
2024-06-13,4.570000171661377
2024-06-14,4.610000133514404
2024-06-18,4.610000133514404
2024-06-19,4.510000228881836
2024-06-20,4.730000019073486
2024-06-21,4.809999942779541
2024-06-24,5.050000190734863
2024-06-25,5.0
2024-06-26,5.0
2024-06-27,5.25
2024-06-28,5.510000228881836
2024-07-01,5.78000020980835
2024-07-02,6.059999942779541
2024-07-03,6.059999942779541
2024-07-04,6.059999942779541
2024-07-05,6.059999942779541
2024-07-08,6.059999942779541
2024-07-09,6.059999942779541
2024-07-10,6.059999942779541
2024-07-11,6.059999942779541
2024-07-12,6.059999942779541
2024-07-15,6.059999942779541
2024-07-16,6.059999942779541
2024-07-18,6.059999942779541
2024-07-19,6.059999942779541
2024-07-22,5.75
2024-07-23,5.75
2024-07-24,5.75
2024-07-25,5.75
2024-07-26,5.75
2024-07-29,6.0
2024-07-30,6.0
2024-07-31,6.0
2024-08-01,6.0
2024-08-02,6.0
2024-08-05,5.699999809265137
2024-08-06,5.699999809265137
2024-08-07,5.699999809265137
2024-08-08,5.699999809265137
2024-08-09,5.699999809265137
2024-08-12,5.409999847412109
2024-08-13,5.409999847412109
2024-08-14,5.409999847412109
2024-08-16,5.409999847412109
2024-08-19,5.139999866485596
2024-08-20,5.139999866485596
2024-08-21,5.139999866485596
2024-08-22,5.139999866485596
2024-08-23,5.139999866485596
2024-08-26,4.880000114440918
2024-08-27,4.880000114440918
2024-08-28,4.880000114440918
2024-08-29,4.880000114440918
2024-08-30,4.880000114440918
2024-09-02,5.119999885559082
2024-09-03,5.210000038146973
2024-09-04,5.440000057220459
2024-09-05,5.590000152587891
2024-09-06,5.849999904632568
2024-09-09,6.139999866485596
2024-09-10,6.440000057220459
2024-09-11,6.760000228881836
2024-09-12,7.070000171661377
2024-09-13,7.420000076293945
2024-09-16,7.420000076293945
2024-09-17,7.420000076293945
2024-09-18,7.420000076293945
2024-09-19,7.420000076293945
2024-09-20,7.420000076293945
2024-09-23,7.039999961853027
2024-09-24,7.039999961853027
2024-09-25,7.039999961853027
2024-09-26,7.039999961853027
2024-09-27,7.039999961853027
2024-09-30,7.039999961853027
2024-10-01,7.039999961853027
2024-10-03,7.039999961853027
2024-10-04,7.039999961853027
2024-10-07,6.679999828338623
2024-10-08,6.679999828338623
2024-10-09,6.679999828338623
2024-10-10,6.679999828338623
2024-10-11,6.679999828338623
2024-10-14,6.679999828338623
2024-10-15,6.679999828338623
2024-10-16,6.679999828338623
2024-10-17,6.679999828338623
2024-10-18,6.679999828338623
2024-10-21,6.679999828338623
2024-10-22,6.679999828338623
2024-10-23,6.679999828338623
2024-10-24,6.679999828338623
2024-10-25,6.679999828338623
2024-10-28,6.679999828338623
2024-10-29,6.679999828338623
2024-10-30,6.679999828338623
2024-10-31,6.679999828338623
2024-11-01,6.679999828338623
2024-11-04,6.679999828338623
2024-11-05,6.019999980926514
2024-11-06,6.309999942779541
2024-11-07,6.570000171661377
2024-11-08,6.570000171661377
2024-11-11,6.570000171661377
2024-11-12,6.570000171661377
2024-11-13,6.570000171661377
2024-11-14,6.239999771118164
2024-11-18,5.920000076293945
2024-11-19,5.630000114440918
2024-11-21,5.449999809265137
2024-11-22,5.690000057220459
2024-11-25,5.400000095367432
2024-11-26,5.639999866485596
2024-11-27,5.349999904632568
2024-11-28,5.090000152587891
2024-11-29,5.340000152587891
2024-12-02,5.599999904632568
2024-12-03,5.849999904632568
2024-12-04,6.099999904632568
2024-12-05,6.400000095367432
2024-12-06,6.699999809265137
2024-12-09,6.699999809265137
2024-12-10,6.699999809265137
2024-12-11,6.699999809265137
2024-12-12,6.699999809265137
2024-12-13,6.699999809265137
2024-12-16,6.360000133514404
2024-12-17,6.360000133514404
2024-12-18,6.360000133514404
2024-12-19,6.360000133514404
2024-12-20,6.360000133514404
2024-12-23,6.360000133514404
2024-12-24,6.360000133514404
2024-12-26,6.360000133514404
2024-12-27,6.360000133514404
2024-12-30,6.039999961853027
2024-12-31,6.039999961853027
2025-01-01,6.039999961853027
2025-01-02,6.039999961853027
2025-01-03,6.039999961853027
2025-01-06,5.730000019073486
2025-01-07,5.730000019073486
2025-01-08,5.730000019073486
2025-01-09,5.730000019073486
2025-01-10,5.730000019073486
2025-01-13,5.730000019073486
2025-01-14,5.730000019073486
2025-01-15,5.730000019073486
2025-01-16,5.730000019073486
2025-01-17,5.730000019073486
2025-01-20,5.440000057220459
2025-01-21,5.440000057220459
2025-01-22,5.440000057220459
2025-01-23,5.440000057220459
2025-01-24,5.440000057220459
2025-01-27,5.159999847412109
2025-01-28,5.159999847412109
2025-01-29,5.159999847412109
2025-01-30,5.159999847412109
2025-01-31,5.159999847412109
2025-02-01,5.159999847412109
2025-02-03,5.199999809265137
2025-02-04,4.960000038146973
2025-02-05,5.190000057220459
2025-02-06,4.989999771118164
2025-02-07,5.0
2025-02-10,5.239999771118164
2025-02-11,5.239999771118164
2025-02-12,4.96999979019165
2025-02-13,5.150000095367432
2025-02-14,5.25
2025-02-17,5.429999828338623
2025-02-18,5.440000057220459
2025-02-19,5.380000114440918
2025-02-20,5.380000114440918
2025-02-21,5.380000114440918
2025-02-24,5.380000114440918
2025-02-25,5.460000038146973
2025-02-27,5.389999866485596
2025-02-28,5.389999866485596
2025-03-03,5.389999866485596
2025-03-04,5.389999866485596
2025-03-05,5.389999866485596
2025-03-06,5.380000114440918
2025-03-07,5.110000133514404
2025-03-10,5.0
2025-03-11,4.75
2025-03-12,4.550000190734863
2025-03-13,4.5
2025-03-17,4.360000133514404
2025-03-18,4.360000133514404
2025-03-19,4.360000133514404
2025-03-20,4.78000020980835
2025-03-21,4.539999961853027
2025-03-24,4.360000133514404
2025-03-25,4.300000190734863
2025-03-26,4.090000152587891
2025-03-27,3.880000114440918
2025-03-28,3.940000057220459
2025-04-01,4.130000114440918
2025-04-02,4.329999923706055
2025-04-03,4.539999961853027
2025-04-04,4.309999942779541
2025-04-07,4.090000152587891
2025-04-08,4.090000152587891
2025-04-09,4.090000152587891
2025-04-11,4.289999961853027
2025-04-15,4.099999904632568
2025-04-16,4.150000095367432
2025-04-17,4.150000095367432
2025-04-21,3.940000057220459
2025-04-22,4.130000114440918
2025-04-23,4.139999866485596
2025-04-24,4.230000019073486
2025-04-25,4.010000228881836
2025-04-28,4.210000038146973
2025-04-29,4.420000076293945
2025-04-30,4.639999866485596
2025-05-02,4.869999885559082
2025-05-05,5.0
2025-05-06,5.25
2025-05-07,5.320000171661377
2025-05-08,5.050000190734863
2025-05-09,5.039999961853027
2025-05-12,4.78000020980835
2025-05-13,4.710000038146973
2025-05-14,4.940000057220459
2025-05-15,4.940000057220459
2025-05-16,4.809999942779541
2025-05-19,5.050000190734863
2025-05-20,5.139999866485596
2025-05-21,4.900000095367432
2025-05-22,5.110000133514404
2025-05-23,4.849999904632568
2025-05-26,4.730000019073486
2025-05-27,4.960000038146973
2025-05-28,4.960000038146973
2025-05-29,5.170000076293945
2025-05-30,5.170000076293945
2025-06-02,4.909999847412109
2025-06-03,5.150000095367432
2025-06-04,5.110000133514404
2025-06-05,4.960000038146973
2025-06-06,4.960000038146973
2025-06-09,4.96999979019165
2025-06-10,4.96999979019165
2025-06-11,4.960000038146973
2025-06-12,4.960000038146973
2025-06-13,5.199999809265137
2025-06-16,5.199999809265137
2025-06-17,5.050000190734863
2025-06-18,5.050000190734863
2025-06-19,4.900000095367432
2025-06-20,4.900000095367432
2025-06-23,4.900000095367432
2025-06-24,5.139999866485596
2025-06-25,4.880000114440918
2025-06-26,4.690000057220459
2025-06-27,4.690000057220459
2025-06-30,4.920000076293945
2025-07-01,4.760000228881836
2025-07-02,4.760000228881836
2025-07-03,4.96999979019165
2025-07-04,4.760000228881836
2025-07-07,4.809999942779541
2025-07-08,5.019999980926514
2025-07-09,5.190000057220459
2025-07-10,4.929999828338623
2025-07-11,5.090000152587891
2025-07-14,4.869999885559082
2025-07-15,4.940000057220459
2025-07-16,4.940000057220459
2025-07-17,4.940000057220459
2025-07-18,4.699999809265137
2025-07-21,4.699999809265137
2025-07-22,4.929999828338623
2025-07-23,5.170000076293945
2025-07-24,5.420000076293945
2025-07-25,5.679999828338623
2025-07-28,5.5
2025-07-29,5.389999866485596
2025-07-30,5.650000095367432
2025-07-31,5.800000190734863
2025-08-01,5.840000152587891
2025-08-04,6.110000133514404
2025-08-05,6.0
2025-08-06,6.0
2025-08-07,6.300000190734863
2025-08-08,6.610000133514404
2025-08-11,6.940000057220459
2025-08-12,7.28000020980835
2025-08-13,6.909999847412109
2025-08-14,6.909999847412109
2025-08-18,6.559999942779541
2025-08-19,6.559999942779541
2025-08-20,6.559999942779541
2025-08-21,6.559999942779541
2025-08-22,6.559999942779541
2025-08-25,6.230000019073486
2025-08-26,6.230000019073486
2025-08-28,6.230000019073486
2025-08-29,6.230000019073486
2025-09-01,5.909999847412109
2025-09-02,5.909999847412109
2025-09-03,5.909999847412109
2025-09-04,5.909999847412109
2025-09-05,5.909999847412109
2025-09-08,5.610000133514404
2025-09-09,5.610000133514404
2025-09-10,5.610000133514404
2025-09-11,5.610000133514404
2025-09-12,5.610000133514404
2025-09-15,5.320000171661377
2025-09-16,5.320000171661377
2025-09-17,5.320000171661377
2025-09-18,5.320000171661377
2025-09-19,5.320000171661377
2025-09-22,5.050000190734863
2025-09-23,5.050000190734863
2025-09-24,5.050000190734863
2025-09-25,5.050000190734863
2025-09-26,5.050000190734863
2025-09-29,4.820000171661377
2025-09-30,4.820000171661377
2025-10-01,5.059999942779541
2025-10-03,5.309999942779541
2025-10-06,5.300000190734863
2025-10-07,5.559999942779541
2025-10-08,5.300000190734863
2025-10-09,5.559999942779541
2025-10-10,5.789999961853027
2025-10-13,5.650000095367432
2025-10-14,5.369999885559082
2025-10-15,5.550000190734863
2025-10-16,5.440000057220459
2025-10-17,5.5
2025-10-20,5.429999828338623
2025-10-21,5.690000057220459
2025-10-23,5.489999771118164
2025-10-24,5.53000020980835
2025-10-27,5.260000228881836
2025-10-28,5.21999979019165
2025-10-29,5.480000019073486
2025-10-30,5.199999809265137
2025-10-31,5.0
2025-11-03,5.25
2025-11-04,5.510000228881836
2025-11-06,5.739999771118164
2025-11-07,5.449999809265137
2025-11-10,5.699999809265137
2025-11-11,5.429999828338623
2025-11-12,5.670000076293945
2025-11-13,5.380000114440918
2025-11-14,5.210000038146973
2025-11-17,5.070000171661377
2025-11-18,5.21999979019165
2025-11-19,5.0
2025-11-20,4.940000057220459
2025-11-21,5.179999828338623
2025-11-24,5.179999828338623
2025-11-25,5.159999847412109
2025-11-26,5.159999847412109
2025-11-27,5.159999847412109
2025-11-28,5.320000171661377
2025-12-01,5.349999904632568
2025-12-02,5.349999904632568
2025-12-03,5.090000152587891
2025-12-04,5.289999961853027
2025-12-05,5.5
2025-12-08,5.389999866485596
2025-12-09,5.210000038146973
2025-12-10,5.21999979019165
2025-12-11,5.21999979019165
2025-12-12,5.03000020980835
2025-12-15,5.25
2025-12-16,5.300000190734863
2025-12-17,5.289999961853027
2025-12-18,5.289999961853027
2025-12-19,5.039999961853027
2025-12-22,5.289999961853027
2025-12-23,5.03000020980835
2025-12-24,5.28000020980835
2025-12-26,5.019999980926514
2025-12-29,5.269999980926514
2025-12-30,5.010000228881836
2025-12-31,5.260000228881836
2026-01-01,5.0
2026-01-02,5.0
2026-01-05,4.78000020980835
2026-01-06,4.78000020980835
2026-01-07,5.010000228881836
2026-01-08,4.900000095367432
2026-01-09,5.090000152587891
2026-01-12,4.840000152587891
2026-01-13,4.840000152587891
2026-01-14,4.840000152587891
2026-01-15,4.840000152587891
2026-01-16,5.0
2026-01-19,5.0
2026-01-20,5.170000076293945
2026-01-21,5.019999980926514
2026-01-22,5.25
2026-01-23,5.0
2026-01-27,5.0
2026-01-28,5.0
2026-01-29,5.25
2026-01-30,5.179999828338623
2026-02-02,5.420000076293945
2026-02-03,5.5
2026-02-04,5.409999847412109
2026-02-05,5.139999866485596
2026-02-06,5.380000114440918
2026-02-09,5.159999847412109
2026-02-10,4.960000038146973
2026-02-11,5.0
2026-02-12,5.25
2026-02-13,5.5
2026-02-16,5.489999771118164
2026-02-17,5.400000095367432
2026-02-18,5.130000114440918
2026-02-19,4.880000114440918
2026-02-20,5.099999904632568
2026-02-23,4.989999771118164
2026-02-24,4.760000228881836
2026-02-25,4.75
2026-02-26,4.980000019073486
2026-02-27,4.96999979019165
2026-03-02,5.199999809265137
2026-03-04,5.090000152587891
2026-03-05,5.090000152587891
2026-03-06,4.840000152587891
2026-03-09,4.630000114440918
2026-03-10,4.659999847412109
2026-03-11,4.889999866485596
2026-03-12,4.889999866485596
2026-03-13,5.099999904632568
2026-03-16,5.099999904632568
2026-03-17,5.0
2026-03-18,5.139999866485596
2026-03-19,4.900000095367432
2026-03-20,4.900000095367432
2026-03-23,4.659999847412109
2026-03-24,4.889999866485596
2026-03-25,4.670000076293945
2026-03-27,4.900000095367432
2026-03-30,5.139999866485596
2026-04-01,5.039999961853027
2026-04-02,4.789999961853027
2026-04-06,5.019999980926514
2026-04-07,5.210000038146973
2026-04-08,5.400000095367432
2026-04-09,5.599999904632568
2026-04-10,5.320000171661377
2026-04-13,5.099999904632568
2026-04-15,5.099999904632568
2026-04-16,5.230000019073486
2026-04-17,5.400000095367432
2026-04-20,5.269999980926514
2026-04-21,5.480000019073486
2026-04-22,5.239999771118164
2026-04-23,4.980000019073486
2026-04-24,4.980000019073486
2026-04-27,4.980000019073486
2026-04-28,4.980000019073486
2026-04-29,5.21999979019165
2026-04-30,4.960000038146973
2026-05-04,5.199999809265137
2026-05-05,5.460000038146973
2026-05-06,5.380000114440918
2026-05-07,5.380000114440918
2026-05-08,5.630000114440918
2026-05-11,5.909999847412109
2026-05-12,6.199999809265137
2026-05-13,6.360000133514404
2026-05-14,6.670000076293945
2026-05-15,6.340000152587891
2026-05-18,6.340000152587891
2026-05-19,6.320000171661377
2026-05-20,6.210000038146973
2026-05-21,6.199999809265137
2026-05-22,6.190000057220459
2026-05-25,6.039999961853027
2026-05-26,5.739999771118164
2026-05-27,5.460000038146973
2026-05-28,5.460000038146973
2026-05-29,5.650000095367432
2026-06-01,5.369999885559082
2026-06-02,5.369999885559082
2026-06-03,5.400000095367432
2026-06-04,5.550000190734863
2026-06-05,5.300000190734863
2026-06-08,5.050000190734863
2026-06-09,4.940000057220459
2026-06-10,4.900000095367432
2026-06-11,5.050000190734863
2026-06-12,5.0
2026-06-15,4.809999942779541
2026-06-16,4.71999979019165
2026-06-17,4.730000019073486
2026-06-18,4.730000019073486
2026-06-19,4.599999904632568
2026-06-22,4.800000190734863
2026-06-23,4.559999942779541
2026-06-24,4.510000228881836
2026-06-25,4.699999809265137
2026-06-26,4.699999809265137
2026-06-29,4.880000114440918
2026-06-30,5.119999885559082
2026-07-01,5.199999809265137
2026-07-02,5.460000038146973
2026-07-03,5.730000019073486
2026-07-06,5.980000019073486
2026-07-07,5.699999809265137
2026-07-08,5.849999904632568
2026-07-09,5.559999942779541
2026-07-10,5.300000190734863
2026-07-13,5.559999942779541
2026-07-14,5.289999961853027
2026-07-15,5.03000020980835
2026-07-16,5.019999980926514
2026-07-17,5.099999904632568
2026-07-20,5.25
2026-07-21,5.349999904632568
2026-07-22,5.099999904632568
2026-07-23,5.070000171661377
2026-07-24,5.050000190734863
2026-07-27,5.0
2026-07-28,5.0
2026-07-29,5.179999828338623
2026-07-30,4.929999828338623
