date,adj
2007-01-02,379.929443359375
2007-01-03,383.9116516113281
2007-01-04,383.68011474609375
2007-01-05,385.5323486328125
2007-01-08,379.6979064941406
2007-01-09,376.8733825683594
2007-01-10,374.41925048828125
2007-01-11,376.50286865234375
2007-01-12,379.55908203125
2007-01-15,379.7442321777344
2007-01-16,377.151123046875
2007-01-17,375.43792724609375
2007-01-18,368.81634521484375
2007-01-19,370.3443908691406
2007-01-22,370.7611083984375
2007-01-23,369.78875732421875
2007-01-24,366.4084777832031
2007-01-25,369.6961669921875
2007-01-29,366.5473937988281
2007-01-31,364.787841796875
2007-02-01,365.7139892578125
2007-02-02,367.65869140625
2007-02-05,363.4913635253906
2007-02-06,362.4726257324219
2007-02-07,356.6382141113281
2007-02-08,354.6007995605469
2007-02-09,343.0709533691406
2007-02-12,340.70941162109375
2007-02-13,345.06207275390625
2007-02-14,342.8394470214844
2007-02-15,347.3310546875
2007-02-19,345.1546630859375
2007-02-20,338.857177734375
2007-02-21,338.0700988769531
2007-02-22,338.11639404296875
2007-02-23,328.8554992675781
2007-02-26,332.2356872558594
2007-02-27,329.8741455078125
2007-02-28,319.4556579589844
2007-03-01,324.1323547363281
2007-03-02,322.094970703125
2007-03-05,310.56512451171875
2007-03-06,312.2784118652344
2007-03-07,317.2330017089844
2007-03-08,321.67822265625
2007-03-09,314.5473327636719
2007-03-12,312.4173583984375
2007-03-13,317.1404113769531
2007-03-14,309.9631652832031
2007-03-15,311.35235595703125
2007-03-16,310.1484680175781
2007-03-19,312.37103271484375
2007-03-20,313.0192565917969
2007-03-21,311.58380126953125
2007-03-22,320.84478759765625
2007-03-23,320.01123046875
2007-03-26,316.0753479003906
2007-03-28,312.5099792480469
2007-03-29,315.0566711425781
2007-03-30,321.7708435058594
2007-04-02,310.47247314453125
2007-04-03,316.21429443359375
2007-04-04,314.4084167480469
2007-04-05,313.15814208984375
2007-04-09,308.85186767578125
2007-04-10,314.8714599609375
2007-04-11,310.1021423339844
2007-04-12,306.6755676269531
2007-04-13,310.1947021484375
2007-04-16,310.4261779785156
2007-04-17,316.862548828125
2007-04-18,330.9391174316406
2007-04-19,337.5606994628906
2007-04-20,340.2926940917969
2007-04-23,339.9222412109375
2007-04-24,333.6248474121094
2007-04-25,333.06915283203125
2007-04-26,325.3362731933594
2007-04-27,330.6150207519531
2007-04-30,318.76104736328125
2007-05-03,321.40045166015625
2007-05-04,323.3451843261719
2007-05-07,320.84478759765625
2007-05-08,313.8527526855469
2007-05-09,312.18585205078125
2007-05-10,312.13946533203125
2007-05-11,312.6951599121094
2007-05-14,314.3157653808594
2007-05-15,311.7690124511719
2007-05-16,313.1119079589844
2007-05-17,314.4546813964844
2007-05-18,312.37103271484375
2007-05-21,310.7041015625
2007-05-22,309.6853332519531
2007-05-23,308.2498474121094
2007-05-24,305.3790283203125
2007-05-25,305.1938171386719
2007-05-28,305.1011962890625
2007-05-29,303.52679443359375
2007-05-30,306.2541198730469
2007-05-31,307.2886047363281
2007-06-01,300.329345703125
2007-06-04,298.30743408203125
2007-06-05,298.3543701171875
2007-06-06,296.4735107421875
2007-06-07,293.6522521972656
2007-06-08,292.57073974609375
2007-06-11,291.8653259277344
2007-06-12,294.4516296386719
2007-06-13,288.4798278808594
2007-06-14,291.2071228027344
2007-06-15,290.5487976074219
2007-06-18,296.00335693359375
2007-06-19,296.426513671875
2007-06-20,294.26348876953125
2007-06-21,289.79638671875
2007-06-22,288.2917175292969
2007-06-25,286.8340759277344
2007-06-26,286.3167724609375
2007-06-27,289.84344482421875
2007-06-28,288.19769287109375
2007-06-29,291.6302795410156
2007-07-02,289.561279296875
2007-07-03,290.07855224609375
2007-07-04,288.52685546875
2007-07-05,288.9029846191406
2007-07-06,284.6710205078125
2007-07-09,286.739990234375
2007-07-10,286.22271728515625
2007-07-11,284.6710205078125
2007-07-12,282.88421630859375
2007-07-13,281.9908142089844
2007-07-16,282.3669128417969
2007-07-17,282.225830078125
2007-07-18,280.3919982910156
2007-07-19,274.6082763671875
2007-07-20,273.8089904785156
2007-07-23,263.22900390625
2007-07-24,264.54559326171875
2007-07-25,265.2980041503906
2007-07-26,261.6772766113281
2007-07-27,265.8152770996094
2007-07-30,264.54559326171875
2007-07-31,261.0189208984375
2007-08-01,257.91546630859375
2007-08-02,257.91546630859375
2007-08-03,257.7273864746094
2007-08-06,254.2477569580078
2007-08-07,256.7870178222656
2007-08-08,260.6427917480469
2007-08-09,260.83087158203125
2007-08-10,257.2101745605469
2007-08-13,256.8810119628906
2007-08-14,258.24462890625
2007-08-16,254.57699584960938
2007-08-17,251.75564575195312
2007-08-20,253.82469177246094
2007-08-21,249.78073120117188
2007-08-22,248.1349334716797
2007-08-23,248.27603149414062
2007-08-24,240.61146545410156
2007-08-27,242.0220947265625
2007-08-28,242.11611938476562
2007-08-29,241.45782470703125
2007-08-30,244.1851043701172
2007-08-31,242.72740173339844
2007-09-03,247.1004638671875
2007-09-04,255.98765563964844
2007-09-05,258.9029541015625
2007-09-06,258.3387451171875
2007-09-07,257.5393371582031
2007-09-10,258.05657958984375
2007-09-11,257.351318359375
2007-09-12,257.1160888671875
2007-09-13,256.0346374511719
2007-09-14,255.42335510253906
2007-09-17,253.82469177246094
2007-09-18,307.1474914550781
2007-09-19,309.16949462890625
2007-09-20,298.4484558105469
2007-09-21,301.4578552246094
2007-09-24,303.7619323730469
2007-09-25,296.19146728515625
2007-09-26,296.9437561035156
2007-09-27,297.17889404296875
2007-09-28,304.6553955078125
2007-10-01,324.9688415527344
2007-10-03,334.98455810546875
2007-10-04,325.10992431640625
2007-10-05,316.598876953125
2007-10-08,292.57073974609375
2007-10-09,298.4484558105469
2007-10-10,314.1537780761719
2007-10-11,304.561279296875
2007-10-12,300.94061279296875
2007-10-15,311.3795471191406
2007-10-16,307.2886047363281
2007-10-17,302.30426025390625
2007-10-18,298.21331787109375
2007-10-19,299.34185791015625
2007-10-22,299.6240234375
2007-10-23,304.32623291015625
2007-10-24,304.7023620605469
2007-10-25,308.2289733886719
2007-10-26,316.1758117675781
2007-10-29,319.1851501464844
2007-10-30,318.2446594238281
2007-10-31,331.1757507324219
2007-11-01,327.83721923828125
2007-11-02,333.1976623535156
2007-11-05,347.3512878417969
2007-11-06,371.75567626953125
2007-11-07,364.7964172363281
2007-11-08,362.02215576171875
2007-11-12,366.20709228515625
2007-11-13,374.3419189453125
2007-11-14,374.67108154296875
2007-11-15,387.3669738769531
2007-11-16,395.92498779296875
2007-11-19,408.19775390625
2007-11-20,397.2416076660156
2007-11-21,383.7933044433594
2007-11-22,379.5613708496094
2007-11-23,377.16326904296875
2007-11-26,383.74627685546875
2007-11-27,374.9532165527344
2007-11-28,373.3544921875
2007-11-29,390.0472106933594
2007-11-30,395.54888916015625
2007-12-03,395.4077453613281
2007-12-04,389.15386962890625
2007-12-05,395.7839050292969
2007-12-06,391.03466796875
2007-12-07,384.82781982421875
2007-12-10,385.7682800292969
2007-12-11,385.1099548339844
2007-12-12,388.21337890625
2007-12-13,390.37640380859375
2007-12-14,390.6114501953125
2007-12-17,376.97515869140625
2007-12-18,360.61151123046875
2007-12-19,365.7369079589844
2007-12-20,383.46417236328125
2007-12-24,389.059814453125
2007-12-26,376.8341369628906
2007-12-27,401.3325500488281
2007-12-28,405.6114807128906
2007-12-31,414.7807922363281
2008-01-01,414.5927734375
2008-01-02,432.4610900878906
2008-01-03,421.22283935546875
2008-01-04,421.55194091796875
2008-01-07,419.4830017089844
2008-01-08,397.52374267578125
2008-01-09,390.940673828125
2008-01-10,386.8027038574219
2008-01-11,390.89361572265625
2008-01-14,390.37640380859375
2008-01-15,372.8372497558594
2008-01-16,356.70867919921875
2008-01-17,370.7682189941406
2008-01-18,362.5394287109375
2008-01-21,332.77447509765625
2008-01-22,289.5142822265625
2008-01-23,307.38262939453125
2008-01-24,284.9530944824219
2008-01-25,309.7806701660156
2008-01-28,321.44219970703125
2008-01-29,324.7807312011719
2008-01-30,342.5550231933594
2008-01-31,342.0848388671875
2008-02-01,326.7086181640625
2008-02-04,327.8842468261719
2008-02-05,328.4014587402344
2008-02-06,329.4359436035156
2008-02-07,311.2384033203125
2008-02-08,299.6710205078125
2008-02-11,282.3199462890625
2008-02-12,283.1192626953125
2008-02-13,285.09417724609375
2008-02-14,287.2572326660156
2008-02-15,287.53936767578125
2008-02-18,292.8998718261719
2008-02-19,293.0408935546875
2008-02-20,290.0315246582031
2008-02-21,296.6616516113281
2008-02-22,313.0722351074219
2008-02-25,303.8559875488281
2008-02-26,321.58331298828125
2008-02-27,319.89044189453125
2008-02-28,321.2540588378906
2008-02-29,324.7807312011719
2008-03-03,300.7524719238281
2008-03-04,287.0220947265625
2008-03-05,286.3167724609375
2008-03-07,279.68670654296875
2008-03-10,272.53936767578125
2008-03-11,278.88726806640625
2008-03-12,277.71173095703125
2008-03-13,273.10357666015625
2008-03-14,265.580078125
2008-03-17,240.56439208984375
2008-03-18,235.86224365234375
2008-03-19,234.8277130126953
2008-03-24,229.32614135742188
2008-03-25,249.26345825195312
2008-03-26,266.755615234375
2008-03-27,267.9312438964844
2008-03-28,286.6929931640625
2008-03-31,284.9060974121094
2008-04-01,274.2320861816406
2008-04-02,274.5142822265625
2008-04-03,264.07537841796875
2008-04-04,265.580078125
2008-04-07,262.8998718261719
2008-04-08,260.1726379394531
2008-04-09,255.42335510253906
2008-04-10,251.94371032714844
2008-04-11,249.5455780029297
2008-04-15,251.1443634033203
2008-04-16,249.73365783691406
2008-04-17,254.52993774414062
2008-04-21,258.4327697753906
2008-04-22,262.1004638671875
2008-04-23,256.2697448730469
2008-04-24,255.98765563964844
2008-04-25,258.1976318359375
2008-04-28,265.15692138671875
2008-04-29,263.22900390625
2008-04-30,262.94683837890625
2008-05-02,258.3387451171875
2008-05-05,256.8810119628906
2008-05-06,256.1286926269531
2008-05-07,250.86219787597656
2008-05-08,243.76190185546875
2008-05-09,243.2916717529297
2008-05-12,235.15689086914062
2008-05-13,232.99383544921875
2008-05-14,230.21958923339844
2008-05-15,230.92489624023438
2008-05-16,234.0753631591797
2008-05-20,231.4891357421875
2008-05-21,239.2007598876953
2008-05-22,234.35751342773438
2008-05-23,228.15061950683594
2008-05-26,223.40139770507812
2008-05-27,222.83712768554688
2008-05-28,223.77755737304688
2008-05-29,222.4609375
2008-05-30,252.16357421875
2008-06-02,227.26092529296875
2008-06-03,225.55003356933594
2008-06-04,222.79360961914062
2008-06-05,221.17779541015625
2008-06-06,218.99166870117188
2008-06-09,219.03919982910156
2008-06-10,216.18775939941406
2008-06-11,220.512451171875
2008-06-12,218.89662170410156
2008-06-13,217.8986358642578
2008-06-16,222.8411407470703
2008-06-17,219.18177795410156
2008-06-18,220.1322479248047
2008-06-19,218.42138671875
2008-06-20,213.43130493164062
2008-06-23,213.57391357421875
2008-06-24,213.8590850830078
2008-06-25,209.4868621826172
2008-06-26,204.5918426513672
2008-06-27,202.3106689453125
2008-06-30,215.18972778320312
2008-07-01,198.6512908935547
2008-07-02,198.50875854492188
2008-07-03,198.0334930419922
2008-07-04,199.1265411376953
2008-07-07,198.12852478027344
2008-07-08,201.4552459716797
2008-07-09,206.6353759765625
2008-07-10,208.29873657226562
2008-07-11,207.58584594726562
2008-07-14,204.4967803955078
2008-07-15,202.02554321289062
2008-07-16,201.55027770996094
2008-07-17,200.74237060546875
2008-07-18,201.59780883789062
2008-07-21,198.3186492919922
2008-07-22,198.0810089111328
2008-07-23,200.88494873046875
2008-07-24,197.8909149169922
2008-07-25,197.3681640625
2008-07-28,198.0334930419922
2008-07-29,199.26910400390625
2008-07-30,197.84341430664062
2008-07-31,199.031494140625
2008-08-01,191.6177520751953
2008-08-04,193.13848876953125
2008-08-05,193.75633239746094
2008-08-06,196.46519470214844
2008-08-07,192.47315979003906
2008-08-08,191.28504943847656
2008-08-11,189.43161010742188
2008-08-12,191.99789428710938
2008-08-13,191.85536193847656
2008-08-14,190.7622833251953
2008-08-18,190.00189208984375
2008-08-19,190.2870330810547
2008-08-20,188.86131286621094
2008-08-21,186.67518615722656
2008-08-22,187.62570190429688
2008-08-25,186.91281127929688
2008-08-26,185.0593719482422
2008-08-27,188.24354553222656
2008-08-28,184.86929321289062
2008-08-29,184.82176208496094
2008-09-01,184.67919921875
2008-09-02,185.58213806152344
2008-09-04,185.772216796875
2008-09-05,184.10890197753906
2008-09-08,182.06533813476562
2008-09-09,180.63963317871094
2008-09-10,179.0238037109375
2008-09-11,179.2139129638672
2008-09-12,176.60006713867188
2008-09-15,168.37835693359375
2008-09-16,172.5605010986328
2008-09-17,162.43785095214844
2008-09-18,155.83197021484375
2008-09-19,155.45175170898438
2008-09-22,154.54884338378906
2008-09-23,149.5587921142578
2008-09-24,150.17660522460938
2008-09-25,145.13900756835938
2008-09-26,142.8103485107422
2008-09-29,130.12135314941406
2008-09-30,128.31544494628906
2008-10-01,123.08777618408203
2008-10-03,114.53340148925781
2008-10-06,108.49783325195312
2008-10-07,107.9750747680664
2008-10-08,105.17113494873047
2008-10-10,92.81483459472656
2008-10-13,94.47819519042969
2008-10-14,95.00094604492188
2008-10-15,92.76730346679688
2008-10-16,91.62672424316406
2008-10-17,90.96138763427734
2008-10-20,90.77128601074219
2008-10-21,90.10594940185547
2008-10-22,89.77327728271484
2008-10-23,84.64067840576172
2008-10-24,75.08830261230469
2008-10-27,79.31796264648438
2008-10-29,76.6565933227539
2008-10-31,79.93576049804688
2008-11-03,84.35552215576172
2008-11-04,86.16144561767578
2008-11-05,84.54560852050781
2008-11-06,84.8782958984375
2008-11-07,84.45056915283203
2008-11-10,85.97134399414062
2008-11-11,84.40303039550781
2008-11-12,80.50605010986328
2008-11-14,78.65261840820312
2008-11-17,77.32193756103516
2008-11-18,77.13182067871094
2008-11-19,76.32393646240234
2008-11-20,75.89620971679688
2008-11-21,78.36746978759766
2008-11-24,77.4645004272461
2008-11-25,79.12785339355469
2008-11-26,80.03082275390625
2008-11-27,80.03082275390625
2008-11-28,77.4645004272461
2008-12-01,80.31596374511719
2008-12-02,80.07833099365234
2008-12-03,83.02483367919922
2008-12-04,86.8267822265625
2008-12-05,85.97134399414062
2008-12-08,85.21095275878906
2008-12-10,85.97134399414062
2008-12-11,87.20697784423828
2008-12-12,98.85041046142578
2008-12-15,99.5157470703125
2008-12-16,98.8028793334961
2008-12-17,92.86235809326172
2008-12-18,93.90790557861328
2008-12-19,96.94945526123047
2008-12-22,95.95143127441406
2008-12-23,95.33362579345703
2008-12-24,95.85638427734375
2008-12-26,100.89395904541016
2008-12-29,99.84844207763672
2008-12-30,100.51376342773438
2008-12-31,102.41473388671875
2009-01-02,105.26617431640625
2009-01-05,106.64437866210938
2009-01-06,107.16716003417969
2009-01-07,102.12957763671875
2009-01-09,99.84844207763672
2009-01-12,97.37715148925781
2009-01-13,94.43065643310547
2009-01-14,95.00094604492188
2009-01-15,93.09998321533203
2009-01-16,92.76730346679688
2009-01-19,93.33759307861328
2009-01-20,93.29006958007812
2009-01-21,92.81483459472656
2009-01-22,90.29605102539062
2009-01-23,87.25450897216797
2009-01-27,89.01288604736328
2009-01-28,88.9653549194336
2009-01-29,86.77925872802734
2009-01-30,87.11190795898438
2009-02-02,84.64067840576172
2009-02-03,83.26245880126953
2009-02-04,83.16742706298828
2009-02-05,83.8802719116211
2009-02-06,84.83075714111328
2009-02-09,85.40104675292969
2009-02-10,84.97333526611328
2009-02-11,84.07036590576172
2009-02-12,84.54560852050781
2009-02-13,85.02085876464844
2009-02-16,82.1694107055664
2009-02-17,81.50406646728516
2009-02-18,80.17339324951172
2009-02-19,78.55757141113281
2009-02-20,77.6070785522461
2009-02-24,75.37345123291016
2009-02-25,79.84071350097656
2009-02-26,74.56551361083984
2009-02-27,73.85265350341797
2009-03-02,72.37940979003906
2009-03-03,70.95369720458984
2009-03-04,69.6705322265625
2009-03-05,68.86261749267578
2009-03-06,67.34184265136719
2009-03-09,67.00918579101562
2009-03-12,67.19927215576172
2009-03-13,68.14974212646484
2009-03-16,68.43488311767578
2009-03-17,67.2468032836914
2009-03-18,66.29631042480469
2009-03-19,65.4884033203125
2009-03-20,69.86062622070312
2009-03-23,74.13780212402344
2009-03-24,70.95369720458984
2009-03-25,71.2863540649414
2009-03-26,72.2368392944336
2009-03-27,73.85265350341797
2009-03-30,71.6190185546875
2009-03-31,72.37940979003906
2009-04-01,76.70411682128906
2009-04-02,79.74567413330078
2009-04-06,81.40902709960938
2009-04-08,82.59712982177734
2009-04-09,83.21493530273438
2009-04-13,86.68421173095703
2009-04-15,90.15347290039062
2009-04-16,87.34956359863281
2009-04-17,87.06439971923828
2009-04-20,87.63470458984375
2009-04-21,87.34956359863281
2009-04-22,87.58717346191406
2009-04-23,87.53964233398438
2009-04-24,89.15545654296875
2009-04-27,85.6861801147461
2009-04-28,82.64464569091797
2009-04-29,82.92977905273438
2009-04-30,82.92977905273438
2009-05-04,85.638671875
2009-05-05,89.01288604736328
2009-05-06,87.53964233398438
2009-05-07,87.82479095458984
2009-05-08,88.15745544433594
2009-05-11,88.39507293701172
2009-05-12,88.58516693115234
2009-05-13,88.39507293701172
2009-05-14,87.34956359863281
2009-05-15,87.82479095458984
2009-05-18,95.47618865966797
2009-05-19,92.48216247558594
2009-05-20,111.01661682128906
2009-05-21,125.22636413574219
2009-05-22,129.8362274169922
2009-05-25,134.4936065673828
2009-05-26,124.65607452392578
2009-05-27,137.15493774414062
2009-05-28,132.73516845703125
2009-05-29,146.0419921875
2009-06-01,154.7864532470703
2009-06-02,151.5072784423828
2009-06-03,164.38633728027344
2009-06-04,165.24176025390625
2009-06-05,168.66354370117188
2009-06-08,153.12310791015625
2009-06-09,156.44976806640625
2009-06-10,157.7329559326172
2009-06-11,158.2081756591797
2009-06-12,157.87550354003906
2009-06-15,150.6518096923828
2009-06-16,151.79241943359375
2009-06-17,145.7093048095703
2009-06-18,138.7232666015625
2009-06-19,142.5727081298828
2009-06-22,140.62420654296875
2009-06-23,139.5311737060547
2009-06-24,143.9984130859375
2009-06-25,147.75283813476562
2009-06-26,149.9864959716797
2009-06-29,165.00416564941406
2009-06-30,164.2437744140625
2009-07-01,180.68716430664062
2009-07-02,172.5605010986328
2009-07-03,179.5465545654297
2009-07-06,173.083251953125
2009-07-07,172.46542358398438
2009-07-08,165.28929138183594
2009-07-09,157.35276794433594
2009-07-10,153.36073303222656
2009-07-13,148.7033233642578
2009-07-14,152.3627166748047
2009-07-15,155.30918884277344
2009-07-16,152.93299865722656
2009-07-17,155.30918884277344
2009-07-20,163.10317993164062
2009-07-21,161.62994384765625
2009-07-22,159.77651977539062
2009-07-23,167.57046508789062
2009-07-24,167.1902618408203
2009-07-27,166.76255798339844
2009-07-28,167.61801147460938
2009-07-29,163.72097778320312
2009-07-30,162.2477264404297
2009-07-31,165.28929138183594
2009-08-03,163.0556640625
2009-08-04,159.63389587402344
2009-08-05,161.58241271972656
2009-08-06,161.96261596679688
2009-08-07,163.53089904785156
2009-08-10,155.35671997070312
2009-08-11,154.35874938964844
2009-08-12,155.0715789794922
2009-08-13,157.35276794433594
2009-08-14,156.16464233398438
2009-08-17,153.59832763671875
2009-08-18,153.83595275878906
2009-08-19,153.3131866455078
2009-08-20,153.3131866455078
2009-08-21,153.21817016601562
2009-08-24,156.30723571777344
2009-08-25,164.1487274169922
2009-08-26,172.37039184570312
2009-08-27,175.1268310546875
2009-08-28,171.13479614257812
2009-08-31,169.899169921875
2009-09-01,168.1882781982422
2009-09-02,165.6695098876953
2009-09-03,167.09519958496094
2009-09-04,166.61997985839844
2009-09-07,169.09121704101562
2009-09-08,173.22581481933594
2009-09-09,180.44952392578125
2009-09-10,177.5980682373047
2009-09-11,173.93870544433594
2009-09-14,176.83767700195312
2009-09-15,176.31491088867188
2009-09-16,177.69313049316406
2009-09-17,195.46717834472656
2009-09-18,215.04718017578125
2009-09-22,213.3363037109375
2009-09-23,209.96206665039062
2009-09-24,207.253173828125
2009-09-25,205.44728088378906
2009-09-29,201.6453399658203
2009-09-30,198.36618041992188
2009-10-01,195.08700561523438
2009-10-05,188.76626586914062
2009-10-06,186.58013916015625
2009-10-07,187.00787353515625
2009-10-08,185.01182556152344
2009-10-09,181.40000915527344
2009-10-12,182.25546264648438
2009-10-13,182.25546264648438
2009-10-14,186.81781005859375
2009-10-15,185.67718505859375
2009-10-16,187.5306396484375
2009-10-20,194.13650512695312
2009-10-21,188.95639038085938
2009-10-22,191.85536193847656
2009-10-23,195.46717834472656
2009-10-26,195.32461547851562
2009-10-27,178.4534912109375
2009-10-28,176.69508361816406
2009-10-29,175.2218475341797
2009-10-30,172.70306396484375
2009-11-03,169.23382568359375
2009-11-04,170.65953063964844
2009-11-05,169.66151428222656
2009-11-06,171.65756225585938
2009-11-09,179.9267578125
2009-11-10,182.54058837890625
2009-11-11,178.6436004638672
2009-11-12,176.79014587402344
2009-11-13,177.88319396972656
2009-11-16,187.67320251464844
2009-11-17,189.6217041015625
2009-11-18,189.47914123535156
2009-11-19,184.10890197753906
2009-11-20,180.92478942871094
2009-11-23,184.10890197753906
2009-11-24,183.96632385253906
2009-11-25,180.97225952148438
2009-11-26,180.97225952148438
2009-11-27,175.98223876953125
2009-11-30,178.26341247558594
2009-12-01,182.445556640625
2009-12-02,185.72471618652344
2009-12-03,183.5386199951172
2009-12-04,184.25144958496094
2009-12-07,182.06533813476562
2009-12-08,184.20394897460938
2009-12-09,184.44155883789062
2009-12-10,185.4395751953125
2009-12-11,182.06533813476562
2009-12-14,182.73068237304688
2009-12-15,179.45150756835938
2009-12-16,178.9762725830078
2009-12-17,181.40000915527344
2009-12-18,178.7386474609375
2009-12-21,180.92478942871094
2009-12-22,180.44952392578125
2009-12-23,182.3505096435547
2009-12-24,181.875244140625
2009-12-29,184.96432495117188
2009-12-30,188.38607788085938
2009-12-31,186.24749755859375
2010-01-04,194.70681762695312
2010-01-05,196.08502197265625
2010-01-06,195.13450622558594
2010-01-07,209.01156616210938
2010-01-08,212.148193359375
2010-01-11,217.23326110839844
2010-01-12,215.33230590820312
2010-01-13,227.35594177246094
2010-01-14,222.46096801757812
2010-01-15,224.2193603515625
2010-01-18,224.50448608398438
2010-01-19,224.64706420898438
2010-01-20,218.42138671875
2010-01-21,238.9043426513672
2010-01-22,237.2885284423828
2010-01-25,230.06483459472656
2010-01-27,218.5164337158203
2010-01-28,219.08673095703125
2010-01-29,221.60552978515625
2010-02-01,223.7440948486328
2010-02-02,220.60751342773438
2010-02-03,224.694580078125
2010-02-04,219.41941833496094
2010-02-05,207.34825134277344
2010-02-08,210.38980102539062
2010-02-09,208.0611114501953
2010-02-10,201.97801208496094
2010-02-11,204.06910705566406
2010-02-15,202.0730743408203
2010-02-16,227.87872314453125
2010-02-17,225.59754943847656
2010-02-18,227.3084259033203
2010-02-19,217.1382598876953
2010-02-22,211.4353485107422
2010-02-23,208.6313934326172
2010-02-24,212.575927734375
2010-02-25,214.99966430664062
2010-02-26,204.2591552734375
2010-03-02,208.10862731933594
2010-03-03,207.68087768554688
2010-03-04,207.68087768554688
2010-03-05,216.75807189941406
2010-03-08,224.50448608398438
2010-03-09,220.512451171875
2010-03-10,219.41941833496094
2010-03-11,220.75010681152344
2010-03-12,215.7125244140625
2010-03-15,211.72044372558594
2010-03-16,221.17779541015625
2010-03-17,217.9936981201172
2010-03-18,221.082763671875
2010-03-19,226.31044006347656
2010-03-22,224.97972106933594
2010-03-23,225.59754943847656
2010-03-25,222.9362030029297
2010-03-26,234.15191650390625
2010-03-29,240.5201873779297
2010-03-30,232.77371215820312
2010-03-31,227.49853515625
2010-04-01,240.71026611328125
2010-04-05,248.5517578125
2010-04-06,248.0290069580078
2010-04-07,247.31617736816406
2010-04-08,241.99343872070312
2010-04-09,242.2785186767578
2010-04-12,246.5557098388672
2010-04-13,242.8488311767578
2010-04-15,239.52212524414062
2010-04-16,240.04493713378906
2010-04-19,233.81924438476562
2010-04-20,241.1379852294922
2010-04-21,240.2825164794922
2010-04-22,240.80531311035156
2010-04-23,236.6707000732422
2010-04-26,237.66873168945312
2010-04-27,234.7222137451172
2010-04-28,225.35992431640625
2010-04-29,228.40147399902344
2010-04-30,225.7401580810547
2010-05-03,220.369873046875
2010-05-04,219.13424682617188
2010-05-05,216.09268188476562
2010-05-06,215.09471130371094
2010-05-07,206.06507873535156
2010-05-10,214.23924255371094
2010-05-11,213.9541015625
2010-05-12,211.00762939453125
2010-05-13,213.09866333007812
2010-05-14,208.34625244140625
2010-05-17,205.4948272705078
2010-05-18,208.01358032226562
2010-05-19,200.64732360839844
2010-05-20,200.1720733642578
2010-05-21,195.41969299316406
2010-05-24,196.46519470214844
2010-05-25,192.0929412841797
2010-05-26,195.8948974609375
2010-05-27,198.7938690185547
2010-05-28,200.4572296142578
2010-05-31,201.1700897216797
2010-06-01,192.52069091796875
2010-06-02,192.71075439453125
2010-06-03,194.89691162109375
2010-06-04,193.18600463867188
2010-06-07,191.4276123046875
2010-06-08,188.14849853515625
2010-06-09,185.772216796875
2010-06-10,187.00787353515625
2010-06-11,187.29299926757812
2010-06-14,200.26712036132812
2010-06-15,198.50875854492188
2010-06-16,198.17608642578125
2010-06-17,195.32461547851562
2010-06-18,194.99191284179688
2010-06-21,198.7938690185547
2010-06-22,202.64337158203125
2010-06-23,204.4967803955078
2010-06-24,207.395751953125
2010-06-25,207.1106414794922
2010-06-28,215.76004028320312
2010-06-29,213.0511474609375
2010-06-30,221.98568725585938
2010-07-01,223.7916259765625
2010-07-02,228.59158325195312
2010-07-05,223.6490478515625
2010-07-06,230.68263244628906
2010-07-07,229.1143341064453
2010-07-08,230.15988159179688
2010-07-09,230.63511657714844
2010-07-12,222.03323364257812
2010-07-13,218.37387084960938
2010-07-14,212.05313110351562
2010-07-15,214.52438354492188
2010-07-16,215.7125244140625
2010-07-19,218.08872985839844
2010-07-20,217.4233856201172
2010-07-21,218.32635498046875
2010-07-22,219.41941833496094
2010-07-23,223.36392211914062
2010-07-26,219.51443481445312
2010-07-27,218.18377685546875
2010-07-28,217.32835388183594
2010-07-29,212.71849060058594
2010-07-30,218.4689483642578
2010-08-02,214.28680419921875
2010-08-03,220.79759216308594
2010-08-04,221.7006072998047
2010-08-05,228.6866455078125
2010-08-06,229.77967834472656
2010-08-09,268.9872131347656
2010-08-10,254.7299041748047
2010-08-11,305.6759033203125
2010-08-12,296.78887939453125
2010-08-13,356.1466369628906
2010-08-16,376.7245788574219
2010-08-17,357.5723571777344
2010-08-18,366.5544128417969
2010-08-19,362.0871887207031
2010-08-20,349.968505859375
2010-08-23,352.91497802734375
2010-08-24,347.68731689453125
2010-08-25,357.33477783203125
2010-08-26,358.2376708984375
2010-08-27,361.8970642089844
2010-08-30,358.90301513671875
2010-08-31,343.8853759765625
2010-09-01,347.9248962402344
2010-09-02,340.84381103515625
2010-09-03,339.37054443359375
2010-09-06,372.0672302246094
2010-09-07,389.98382568359375
2010-09-08,389.0809020996094
2010-09-09,386.94232177734375
2010-09-13,383.425537109375
2010-09-14,376.3444519042969
2010-09-15,378.86322021484375
2010-09-16,371.25933837890625
2010-09-17,371.0692138671875
2010-09-20,370.736572265625
2010-09-21,367.552490234375
2010-09-22,357.8099670410156
2010-09-23,359.0455627441406
2010-09-24,357.38226318359375
2010-09-27,354.6258850097656
2010-09-28,353.0575866699219
2010-09-29,345.02593994140625
2010-09-30,348.59027099609375
2010-10-01,356.76446533203125
2010-10-04,351.4417419433594
2010-10-05,366.982177734375
2010-10-06,360.2812194824219
2010-10-07,361.1842041015625
2010-10-08,368.40789794921875
2010-10-11,373.1602783203125
2010-10-12,362.3723449707031
2010-10-13,366.6970520019531
2010-10-14,368.1226806640625
2010-10-15,378.5305480957031
2010-10-18,365.9841003417969
2010-10-19,364.89111328125
2010-10-20,354.9110107421875
2010-10-21,359.61590576171875
2010-10-22,381.99981689453125
2010-10-25,397.5402526855469
2010-10-26,416.02716064453125
2010-10-27,421.82513427734375
2010-10-28,400.5818176269531
2010-10-29,409.89654541015625
2010-11-01,409.373779296875
2010-11-02,407.71044921875
2010-11-03,399.8689270019531
2010-11-04,400.866943359375
2010-11-08,412.9856262207031
2010-11-09,407.99560546875
2010-11-10,411.0372314453125
2010-11-11,406.6173400878906
2010-11-12,388.2254638671875
2010-11-15,386.18194580078125
2010-11-16,374.5384826660156
2010-11-18,383.3780212402344
2010-11-19,371.11676025390625
2010-11-22,374.68109130859375
2010-11-23,365.31878662109375
2010-11-24,364.74853515625
2010-11-25,356.1466369628906
2010-11-26,334.4755554199219
2010-11-29,323.5925598144531
2010-11-30,325.9687194824219
2010-12-01,340.5586853027344
2010-12-02,379.528564453125
2010-12-03,365.5089111328125
2010-12-06,376.1067810058594
2010-12-07,365.0335998535156
2010-12-08,349.968505859375
2010-12-09,324.4480285644531
2010-12-10,342.5546875
2010-12-13,349.49322509765625
2010-12-14,354.38824462890625
2010-12-15,347.1170349121094
2010-12-16,351.3466491699219
2010-12-20,345.4061279296875
2010-12-21,348.4001159667969
2010-12-22,348.01995849609375
2010-12-23,346.07147216796875
2010-12-24,343.5051574707031
2010-12-27,343.1725158691406
2010-12-28,351.1565856933594
2010-12-29,354.38824462890625
2010-12-30,352.39227294921875
2010-12-31,358.1426696777344
2011-01-03,361.4693603515625
2011-01-04,359.1881408691406
2011-01-05,349.4457092285156
2011-01-06,345.1210021972656
2011-01-07,333.6201477050781
2011-01-10,315.32330322265625
2011-01-11,313.23223876953125
2011-01-12,324.162841796875
2011-01-13,325.25592041015625
2011-01-14,313.37481689453125
2011-01-17,310.3332824707031
2011-01-18,313.5649108886719
2011-01-19,316.51141357421875
2011-01-20,315.13323974609375
2011-01-21,324.11529541015625
2011-01-24,337.3746032714844
2011-01-25,325.54107666015625
2011-01-27,316.4638977050781
2011-01-28,301.3511962890625
2011-01-31,301.7314147949219
2011-02-01,292.5116271972656
2011-02-02,283.8147888183594
2011-02-03,288.2344970703125
2011-02-04,264.9001159667969
2011-02-07,265.9456787109375
2011-02-08,251.7358856201172
2011-02-09,242.42112731933594
2011-02-10,246.1280517578125
2011-02-11,265.8506164550781
2011-02-14,281.058349609375
2011-02-15,271.125732421875
2011-02-16,277.06634521484375
2011-02-17,287.09393310546875
2011-02-18,284.4801025390625
2011-02-21,278.15936279296875
2011-02-22,272.694091796875
2011-02-23,273.3118591308594
2011-02-24,256.1081237792969
2011-02-25,252.82894897460938
2011-02-28,252.16357421875
2011-03-01,261.0506286621094
2011-03-03,259.1021728515625
2011-03-04,261.14569091796875
2011-03-07,254.3972625732422
2011-03-08,255.72793579101562
2011-03-09,273.8346862792969
2011-03-10,280.7732238769531
2011-03-11,272.8366394042969
2011-03-14,275.0227355957031
2011-03-15,268.2743225097656
2011-03-16,275.7356262207031
2011-03-17,276.7336730957031
2011-03-18,275.6880798339844
2011-03-21,269.8425598144531
2011-03-22,273.7871398925781
2011-03-23,282.76922607421875
2011-03-24,302.9670104980469
2011-03-25,311.7590026855469
2011-03-28,300.68585205078125
2011-03-29,299.30767822265625
2011-03-30,305.9610290527344
2011-03-31,302.77691650390625
2011-04-01,309.8104553222656
2011-04-04,321.5490417480469
2011-04-05,327.1568908691406
2011-04-06,320.93121337890625
2011-04-07,316.55889892578125
2011-04-08,307.814453125
2011-04-11,301.3511962890625
2011-04-13,308.24212646484375
2011-04-15,303.9175109863281
2011-04-18,297.9294738769531
2011-04-19,297.5492248535156
2011-04-20,309.90557861328125
2011-04-21,315.27581787109375
2011-04-25,311.1886901855469
2011-04-26,315.7510070800781
2011-04-27,348.4952087402344
2011-04-28,339.8933410644531
2011-04-29,335.0458679199219
2011-05-02,333.6201477050781
2011-05-03,318.6975402832031
2011-05-04,311.1886901855469
2011-05-05,321.07373046875
2011-05-06,319.9806213378906
2011-05-09,324.59051513671875
2011-05-10,341.9368591308594
2011-05-11,342.7923278808594
2011-05-12,330.4835205078125
2011-05-13,333.95281982421875
2011-05-16,323.64007568359375
2011-05-17,318.554931640625
2011-05-18,314.6462707519531
2011-05-19,314.5032958984375
2011-05-20,328.1359558105469
2011-05-23,320.5093688964844
2011-05-24,325.0376281738281
2011-05-25,324.9422302246094
2011-05-26,320.9859619140625
2011-05-27,324.56097412109375
2011-05-30,324.3702697753906
2011-05-31,343.9611511230469
2011-06-01,353.6851806640625
2011-06-02,342.62652587890625
2011-06-03,339.38525390625
2011-06-06,361.6454162597656
2011-06-07,358.5948486328125
2011-06-08,363.3614196777344
2011-06-09,356.7358093261719
2011-06-10,370.6543884277344
2011-06-13,366.3644104003906
2011-06-14,373.46673583984375
2011-06-15,364.1717529296875
2011-06-16,368.8907470703125
2011-06-17,359.4051208496094
2011-06-20,341.2442321777344
2011-06-21,342.38824462890625
2011-06-22,339.1468811035156
2011-06-23,331.6631774902344
2011-06-24,339.9571838378906
2011-06-27,345.0098571777344
2011-06-28,355.2104797363281
2011-06-29,353.97119140625
2011-06-30,348.4418640136719
2011-07-01,358.2134094238281
2011-07-04,357.3077697753906
2011-07-05,358.547119140625
2011-07-06,364.1241455078125
2011-07-07,365.41107177734375
2011-07-08,368.22344970703125
2011-07-11,374.6107177734375
2011-07-12,365.50640869140625
2011-07-13,369.03375244140625
2011-07-14,375.2779846191406
2011-07-15,372.6087341308594
2011-07-18,371.5600891113281
2011-07-19,373.895751953125
2011-07-20,381.045654296875
2011-07-21,375.9930114746094
2011-07-22,380.5690612792969
2011-07-25,383.2383728027344
2011-07-26,372.51336669921875
2011-07-27,374.1341247558594
2011-07-28,368.5093688964844
2011-07-29,362.3604736328125
2011-08-01,352.8747863769531
2011-08-02,348.4418640136719
2011-08-03,354.3048095703125
2011-08-04,356.3067932128906
2011-08-05,338.5272216796875
2011-08-08,331.6631774902344
2011-08-09,335.5719299316406
2011-08-10,342.4358825683594
2011-08-11,350.20550537109375
2011-08-12,341.9591979980469
2011-08-16,335.09521484375
2011-08-17,333.2839050292969
2011-08-18,317.69696044921875
2011-08-19,311.5003356933594
2011-08-22,330.900634765625
2011-08-23,336.7159423828125
2011-08-24,332.0445556640625
2011-08-25,328.37420654296875
2011-08-26,319.27001953125
2011-08-29,324.1319274902344
2011-08-30,333.6652526855469
2011-09-02,333.3792724609375
2011-09-05,341.6731872558594
2011-09-06,345.724853515625
2011-09-07,350.3484802246094
2011-09-08,343.72283935546875
2011-09-09,333.4745788574219
2011-09-12,333.6175842285156
2011-09-13,330.8529052734375
2011-09-14,332.09222412109375
2011-09-15,333.9035339355469
2011-09-16,331.2342834472656
2011-09-19,330.1855773925781
2011-09-20,333.5222473144531
2011-09-21,340.81524658203125
2011-09-22,323.98895263671875
2011-09-23,324.3702697753906
2011-09-26,319.03167724609375
2011-09-27,326.6582336425781
2011-09-28,319.6512756347656
2011-09-29,320.5569763183594
2011-09-30,318.5549621582031
2011-10-03,316.9820251464844
2011-10-04,311.5003356933594
2011-10-05,308.6879577636719
2011-10-07,318.8409729003906
2011-10-10,327.5639343261719
2011-10-11,323.7506408691406
2011-10-12,327.0872802734375
2011-10-13,321.1289367675781
2011-10-14,319.3653259277344
2011-10-17,318.07830810546875
2011-10-18,322.5589599609375
2011-10-19,330.9482727050781
2011-10-20,341.2918701171875
2011-10-21,366.9364013671875
2011-10-24,363.2184753417969
2011-10-25,369.987060546875
2011-10-28,374.515380859375
2011-10-31,371.13104248046875
2011-11-01,371.5600891113281
2011-11-02,370.2731018066406
2011-11-03,364.5054626464844
2011-11-04,366.2214050292969
2011-11-08,368.4140625
2011-11-09,362.884765625
2011-11-11,359.8818054199219
2011-11-14,354.35247802734375
2011-11-15,341.1011962890625
2011-11-16,343.0078430175781
2011-11-17,341.5779113769531
2011-11-18,345.5819091796875
2011-11-21,328.231201171875
2011-11-22,333.7129211425781
2011-11-23,336.3345642089844
2011-11-24,360.78741455078125
2011-11-25,369.3197937011719
2011-11-28,370.9403991699219
2011-11-29,365.3158264160156
2011-11-30,370.6067199707031
2011-12-01,368.22344970703125
2011-12-02,374.65838623046875
2011-12-05,367.84210205078125
2011-12-07,390.53131103515625
2011-12-08,384.04864501953125
2011-12-09,370.0824279785156
2011-12-12,362.5987854003906
2011-12-13,364.3624572753906
2011-12-14,357.546142578125
2011-12-15,352.255126953125
2011-12-16,340.5292053222656
2011-12-19,325.8002624511719
2011-12-20,312.21533203125
2011-12-21,315.31365966796875
2011-12-22,314.4556579589844
2011-12-23,316.12396240234375
2011-12-26,319.1745910644531
2011-12-27,308.44964599609375
2011-12-28,291.52801513671875
2011-12-29,291.3851013183594
2011-12-30,295.436767578125
2012-01-02,297.438720703125
2012-01-03,302.8250427246094
2012-01-04,302.9203796386719
2012-01-05,300.4893493652344
2012-01-06,295.7227783203125
2012-01-09,295.2937927246094
2012-01-10,306.9720153808594
2012-01-11,312.3583068847656
2012-01-12,308.87872314453125
2012-01-13,321.7486572265625
2012-01-16,328.8032531738281
2012-01-17,332.95025634765625
2012-01-18,329.4706115722656
2012-01-19,320.1756286621094
2012-01-20,312.6919860839844
2012-01-23,310.2610168457031
2012-01-24,310.2133483886719
2012-01-25,319.079345703125
2012-01-27,325.08526611328125
2012-01-30,317.69696044921875
2012-01-31,325.51422119140625
2012-02-01,333.6652526855469
2012-02-02,343.15081787109375
2012-02-03,349.1091613769531
2012-02-06,345.1528625488281
2012-02-07,342.4358825683594
2012-02-08,349.01385498046875
2012-02-09,353.2561340332031
2012-02-10,353.828125
2012-02-13,349.7287902832031
2012-02-14,357.6891174316406
2012-02-15,361.4548034667969
2012-02-16,358.6900939941406
2012-02-17,356.83111572265625
2012-02-21,368.12811279296875
2012-02-22,347.2024841308594
2012-02-23,352.016845703125
2012-02-24,347.0594177246094
2012-02-27,332.8072204589844
2012-02-28,341.7685546875
2012-02-29,340.4814758300781
2012-03-01,338.81317138671875
2012-03-02,335.9532165527344
2012-03-05,344.1042175292969
2012-03-06,337.2878723144531
2012-03-07,362.2651062011719
2012-03-09,363.5520935058594
2012-03-12,371.369384765625
2012-03-13,386.8609619140625
2012-03-14,380.9026794433594
2012-03-15,377.9949951171875
2012-03-16,376.4220275878906
2012-03-19,367.1747131347656
2012-03-20,366.2214050292969
2012-03-21,392.48565673828125
2012-03-22,373.8480529785156
2012-03-23,384.5730285644531
2012-03-26,379.1390380859375
2012-03-27,384.38238525390625
2012-03-28,388.6246643066406
2012-03-29,392.10430908203125
2012-03-30,404.8789367675781
2012-04-02,408.07257080078125
2012-04-03,405.6416015625
2012-04-04,406.3565979003906
2012-04-09,390.7696228027344
2012-04-10,393.96331787109375
2012-04-11,389.95928955078125
2012-04-12,386.19366455078125
2012-04-13,379.23431396484375
2012-04-16,383.4290466308594
2012-04-17,394.7259521484375
2012-04-18,393.6772766113281
2012-04-19,403.5918884277344
2012-04-20,394.63067626953125
2012-04-23,384.52532958984375
2012-04-24,384.6683044433594
2012-04-25,377.6137390136719
2012-04-26,384.7159729003906
2012-04-27,380.0923767089844
2012-04-30,383.95330810546875
2012-05-02,386.24139404296875
2012-05-03,397.01397705078125
2012-05-04,385.5263366699219
2012-05-07,391.10333251953125
2012-05-08,374.4676818847656
2012-05-09,364.0763854980469
2012-05-10,362.3604736328125
2012-05-11,359.8341369628906
2012-05-14,347.0118713378906
2012-05-15,347.7745056152344
2012-05-16,338.6072998046875
2012-05-17,337.887451171875
2012-05-18,340.335205078125
2012-05-21,346.4786376953125
2012-05-22,339.8072814941406
2012-05-23,334.7677307128906
2012-05-24,336.15960693359375
2012-05-25,340.71923828125
2012-05-28,345.6147155761719
2012-05-29,348.7823791503906
2012-05-30,349.0224304199219
2012-05-31,348.2064514160156
2012-06-01,342.8309631347656
2012-06-04,344.31890869140625
2012-06-05,345.3267517089844
2012-06-06,353.389892578125
2012-06-07,358.2854309082031
2012-06-08,354.5418701171875
2012-06-11,367.78857421875
2012-06-12,361.02117919921875
2012-06-13,363.8049621582031
2012-06-14,361.4051818847656
2012-06-15,364.1889343261719
2012-06-18,355.78973388671875
2012-06-19,363.6129455566406
2012-06-20,366.4926452636719
2012-06-21,376.1877136230469
2012-06-22,382.1391906738281
2012-06-25,379.4034729003906
2012-06-26,376.66766357421875
2012-06-27,382.23516845703125
2012-06-28,381.563232421875
2012-06-29,386.21881103515625
2012-07-02,396.4418029785156
2012-07-03,395.1459045410156
2012-07-04,393.5621032714844
2012-07-05,402.2012634277344
2012-07-06,395.8658752441406
2012-07-09,384.92291259765625
2012-07-10,387.4667053222656
2012-07-11,383.4830627441406
2012-07-12,374.3639221191406
2012-07-13,377.57965087890625
2012-07-16,366.5886535644531
2012-07-17,357.13360595703125
2012-07-18,366.7806701660156
2012-07-19,362.0290832519531
2012-07-20,361.3091735839844
2012-07-23,344.41485595703125
2012-07-24,342.3990173339844
2012-07-25,335.4397277832031
2012-07-26,322.48095703125
2012-07-27,321.71295166015625
2012-07-30,328.2883605957031
2012-07-31,331.64801025390625
2012-08-01,342.0150451660156
2012-08-02,345.806640625
2012-08-03,343.3589172363281
2012-08-06,346.4786376953125
2012-08-07,347.0545349121094
2012-08-08,340.2872314453125
2012-08-09,338.7033996582031
2012-08-10,340.5751647949219
2012-08-13,343.1189880371094
2012-08-14,348.6864318847656
2012-08-16,353.8219299316406
2012-08-17,346.76654052734375
2012-08-21,350.4622497558594
2012-08-22,346.5746154785156
2012-08-23,343.5029296875
2012-08-24,341.0551452636719
2012-08-27,334.1438293457031
2012-08-28,324.4487609863281
2012-08-29,319.0252990722656
2012-08-30,327.5204772949219
2012-08-31,327.7123718261719
2012-09-03,326.800537109375
2012-09-04,330.3521423339844
2012-09-05,330.73614501953125
2012-09-06,326.8485107421875
2012-09-07,336.7835998535156
2012-09-10,340.815185546875
2012-09-11,339.5672912597656
2012-09-12,341.24713134765625
2012-09-13,340.815185546875
2012-09-14,345.1827392578125
2012-09-17,354.78179931640625
2012-09-18,363.46893310546875
2012-09-20,357.9494934082031
2012-09-21,366.6366882324219
2012-09-24,368.84442138671875
2012-09-25,379.0195007324219
2012-09-26,371.8201904296875
2012-09-27,374.74786376953125
2012-09-28,377.4836120605469
2012-10-01,377.62762451171875
2012-10-03,376.71575927734375
2012-10-04,370.7642822265625
2012-10-05,364.9568176269531
2012-10-08,367.2606506347656
2012-10-09,367.30859375
2012-10-10,356.9895935058594
2012-10-11,363.7569885253906
2012-10-12,360.15728759765625
2012-10-15,357.8055419921875
2012-10-16,357.42156982421875
2012-10-17,359.00537109375
2012-10-18,367.59661865234375
2012-10-19,363.5650329589844
2012-10-22,357.2295837402344
2012-10-23,357.6134948730469
2012-10-25,360.4452819824219
2012-10-29,366.3006896972656
2012-10-30,365.3408203125
2012-10-31,366.9246520996094
2012-11-01,371.0522155761719
2012-11-02,373.9800109863281
2012-11-05,374.6038818359375
2012-11-06,382.0431823730469
2012-11-07,384.7308654785156
2012-11-08,389.1465148925781
2012-11-09,382.1391906738281
2012-11-12,390.2024230957031
2012-11-15,388.3305969238281
2012-11-16,394.2820129394531
2012-11-19,393.46612548828125
2012-11-20,381.6112365722656
2012-11-21,382.9551696777344
2012-11-22,385.0189514160156
2012-11-23,381.22723388671875
2012-11-26,395.09796142578125
2012-11-27,424.47113037109375
2012-11-29,430.51849365234375
2012-11-30,422.8392333984375
2012-12-03,446.5489807128906
2012-12-04,437.2378234863281
2012-12-05,444.0052490234375
2012-12-06,451.0125427246094
2012-12-07,454.3722229003906
2012-12-10,462.387451171875
2012-12-11,465.2671813964844
2012-12-12,459.123779296875
2012-12-13,448.46875
2012-12-14,448.7567443847656
2012-12-17,452.7883605957031
2012-12-18,456.34002685546875
2012-12-19,451.8764953613281
2012-12-20,443.33331298828125
2012-12-21,435.654052734375
2012-12-24,437.2857971191406
2012-12-26,440.21356201171875
2012-12-27,435.2220458984375
2012-12-28,441.12548828125
2012-12-31,440.5015563964844
2013-01-01,441.5574645996094
2013-01-02,441.2214660644531
2013-01-03,440.7415466308594
2013-01-04,434.93408203125
2013-01-07,433.8302307128906
2013-01-08,429.22265625
2013-01-09,425.5749816894531
2013-01-10,421.30340576171875
2013-01-11,413.43218994140625
2013-01-14,419.2875671386719
2013-01-15,418.80767822265625
2013-01-16,409.256591796875
2013-01-17,412.3282470703125
2013-01-18,411.32037353515625
2013-01-21,412.2322998046875
2013-01-22,388.0426025390625
2013-01-23,383.8670349121094
2013-01-24,362.74908447265625
2013-01-25,370.1403503417969
2013-01-28,368.5085144042969
2013-01-29,354.10992431640625
2013-01-30,361.3571472167969
2013-01-31,361.4051818847656
2013-02-01,364.1889343261719
2013-02-04,349.7902526855469
2013-02-05,341.96710205078125
2013-02-06,341.8230895996094
2013-02-07,341.4871520996094
2013-02-08,339.8552551269531
2013-02-11,344.078857421875
2013-02-12,343.2148742675781
2013-02-13,343.0229797363281
2013-02-14,327.952392578125
2013-02-15,327.8084411621094
2013-02-18,335.5836181640625
2013-02-19,342.1109924316406
2013-02-20,344.22283935546875
2013-02-21,329.8721923828125
2013-02-22,324.20880126953125
2013-02-25,324.7367248535156
2013-02-26,319.793212890625
2013-02-27,315.9535827636719
2013-02-28,298.6752014160156
2013-03-01,304.33868408203125
2013-03-04,298.38726806640625
2013-03-05,308.32232666015625
2013-03-06,312.4978332519531
2013-03-07,308.2262878417969
2013-03-08,308.2262878417969
2013-03-11,308.32232666015625
2013-03-12,307.55438232421875
2013-03-13,300.4990539550781
2013-03-14,296.89935302734375
2013-03-15,287.3003234863281
2013-03-18,276.30938720703125
2013-03-19,274.0056457519531
2013-03-20,264.6944885253906
2013-03-21,252.64767456054688
2013-03-22,256.0073547363281
2013-03-25,258.8870849609375
2013-03-26,258.74310302734375
2013-03-28,274.3896179199219
2013-04-01,271.7498474121094
2013-04-02,274.7255859375
2013-04-03,270.7899475097656
2013-04-04,256.4872741699219
2013-04-05,248.80801391601562
2013-04-08,246.88819885253906
2013-04-09,243.43255615234375
2013-04-10,243.19256591796875
2013-04-11,243.19256591796875
2013-04-12,245.0164031982422
2013-04-15,248.13609313964844
2013-04-16,258.5511474609375
2013-04-17,257.0632019042969
2013-04-18,264.07049560546875
2013-04-22,271.12591552734375
2013-04-23,267.4302978515625
2013-04-25,268.1981506347656
2013-04-26,256.5352783203125
2013-04-29,269.5899963378906
2013-04-30,278.75714111328125
2013-05-02,284.9005432128906
2013-05-03,285.092529296875
2013-05-06,297.9552917480469
2013-05-07,304.9145812988281
2013-05-08,298.5792236328125
2013-05-09,296.179443359375
2013-05-10,295.8914794921875
2013-05-13,290.8519592285156
2013-05-14,292.19586181640625
2013-05-15,302.8988037109375
2013-05-16,300.2110595703125
2013-05-17,299.0591735839844
2013-05-20,302.034912109375
2013-05-21,296.5634460449219
2013-05-22,284.9965515136719
2013-05-23,270.837890625
2013-05-24,273.53521728515625
2013-05-27,275.4618835449219
2013-05-28,281.0491027832031
2013-05-29,277.0513610839844
2013-05-30,272.9090576171875
2013-05-31,264.09466552734375
2013-06-03,267.1773376464844
2013-06-04,266.2620849609375
2013-06-05,270.8379211425781
2013-06-06,277.2439880371094
2013-06-07,277.532958984375
2013-06-10,272.8608703613281
2013-06-11,266.2620849609375
2013-06-12,265.154296875
2013-06-13,250.27098083496094
2013-06-14,258.2183837890625
2013-06-17,261.9272155761719
2013-06-18,258.7000427246094
2013-06-19,261.01202392578125
2013-06-20,248.05535888671875
2013-06-21,249.06680297851562
2013-06-24,229.55958557128906
2013-06-25,235.96566772460938
2013-06-26,220.98597717285156
2013-06-27,228.9333953857422
2013-06-28,238.7111358642578
2013-07-01,243.91305541992188
2013-07-02,243.86489868164062
2013-07-03,230.61920166015625
2013-07-04,232.11236572265625
2013-07-05,231.389892578125
2013-07-08,228.6444091796875
2013-07-09,231.9678955078125
2013-07-10,231.389892578125
2013-07-11,237.073486328125
2013-07-12,231.3417205810547
2013-07-15,238.08494567871094
2013-07-16,229.27056884765625
2013-07-17,230.2820587158203
2013-07-18,232.6421661376953
2013-07-19,224.5503387451172
2013-07-22,227.6810760498047
2013-07-23,227.82559204101562
2013-07-24,217.61436462402344
2013-07-25,208.65548706054688
2013-07-26,200.659912109375
2013-07-29,196.99928283691406
2013-07-30,179.99668884277344
2013-07-31,178.55166625976562
2013-08-01,179.611328125
2013-08-02,183.03114318847656
2013-08-05,190.20787048339844
2013-08-06,186.4990692138672
2013-08-07,184.09078979492188
2013-08-08,200.5635986328125
2013-08-12,208.4146728515625
2013-08-13,214.3872528076172
2013-08-14,205.62100219726562
2013-08-16,185.29495239257812
2013-08-19,185.77659606933594
2013-08-20,188.71473693847656
2013-08-21,181.82696533203125
2013-08-22,190.11154174804688
2013-08-23,194.78367614746094
2013-08-26,191.46018981933594
2013-08-27,181.24896240234375
2013-08-28,176.3842315673828
2013-08-29,180.2375030517578
2013-08-30,183.6573028564453
2013-09-02,186.25827026367188
2013-09-03,176.28787231445312
2013-09-04,175.99887084960938
2013-09-05,180.67098999023438
2013-09-06,186.306396484375
2013-09-10,203.50172424316406
2013-09-11,221.1786651611328
2013-09-12,210.4376220703125
2013-09-13,217.13270568847656
2013-09-16,213.08676147460938
2013-09-17,224.40577697753906
2013-09-18,223.58697509765625
2013-09-19,225.3690948486328
2013-09-20,217.80703735351562
2013-09-23,217.27723693847656
2013-09-24,213.03860473632812
2013-09-25,203.54989624023438
2013-09-26,213.61659240722656
2013-09-27,222.1420135498047
2013-09-30,219.9263458251953
2013-10-01,222.5272979736328
2013-10-03,232.11236572265625
2013-10-04,235.29135131835938
2013-10-07,241.8900909423828
2013-10-08,243.4795684814453
2013-10-09,245.50254821777344
2013-10-10,243.2387237548828
2013-10-11,250.94529724121094
2013-10-14,243.2869110107422
2013-10-15,241.4565887451172
2013-10-17,238.75927734375
2013-10-18,244.49105834960938
2013-10-21,249.83749389648438
2013-10-22,264.5281677246094
2013-10-23,260.33770751953125
2013-10-24,261.01202392578125
2013-10-25,265.1061706542969
2013-10-28,257.8812561035156
2013-10-29,256.0508728027344
2013-10-30,260.28955078125
2013-10-31,258.60369873046875
2013-11-01,263.5648498535156
2013-11-05,262.45703125
2013-11-06,265.78045654296875
2013-11-07,260.1450500488281
2013-11-08,263.13134765625
2013-11-11,258.07391357421875
2013-11-12,259.8560485839844
2013-11-13,260.19317626953125
2013-11-14,262.4088439941406
2013-11-18,264.7208557128906
2013-11-19,265.82861328125
2013-11-20,260.9156799316406
2013-11-21,258.65191650390625
2013-11-22,258.5074157714844
2013-11-25,261.7345275878906
2013-11-26,260.8193664550781
2013-11-27,257.640380859375
2013-11-28,262.8904724121094
2013-11-29,267.658935546875
2013-12-02,274.980224609375
2013-12-03,274.9319763183594
2013-12-04,267.8997802734375
2013-12-05,265.5396423339844
2013-12-06,266.984619140625
2013-12-09,266.9364318847656
2013-12-10,261.78271484375
2013-12-11,259.133544921875
2013-12-12,255.1358184814453
2013-12-13,248.9705047607422
2013-12-16,250.12648010253906
2013-12-17,250.12648010253906
2013-12-18,250.94529724121094
2013-12-19,249.88565063476562
2013-12-20,277.0994567871094
2013-12-23,279.026123046875
2013-12-24,283.216552734375
2013-12-26,284.42071533203125
2013-12-27,280.27850341796875
2013-12-30,272.95721435546875
2013-12-31,271.70489501953125
2014-01-01,283.9391174316406
2014-01-02,275.7989807128906
2014-01-03,275.84716796875
2014-01-06,273.77606201171875
2014-01-07,267.5144348144531
2014-01-08,267.658935546875
2014-01-09,273.1017150878906
2014-01-10,271.3195495605469
2014-01-13,269.9227294921875
2014-01-14,270.4044189453125
2014-01-15,273.9205017089844
2014-01-16,275.5099792480469
2014-01-17,274.6911926269531
2014-01-20,276.6660461425781
2014-01-21,284.6134338378906
2014-01-22,289.09283447265625
2014-01-23,292.2236633300781
2014-01-24,280.9046325683594
2014-01-27,265.2506408691406
2014-01-28,261.6863098144531
2014-01-29,258.8445739746094
2014-01-30,257.8812561035156
2014-01-31,260.7230224609375
2014-02-03,250.70445251464844
2014-02-04,249.9820098876953
2014-02-05,261.78271484375
2014-02-06,270.2117614746094
2014-02-07,276.0398864746094
2014-02-10,275.6545104980469
2014-02-11,282.060546875
2014-02-12,273.43890380859375
2014-02-13,262.7460021972656
2014-02-14,265.20245361328125
2014-02-17,265.2506408691406
2014-02-18,267.1291198730469
2014-02-19,265.3469543457031
2014-02-20,266.0213317871094
2014-02-21,269.8745422363281
2014-02-24,270.54888916015625
2014-02-25,267.2254333496094
2014-02-26,270.2598571777344
2014-02-28,263.8056640625
2014-03-03,257.83306884765625
2014-03-04,262.4088439941406
2014-03-05,261.9272155761719
2014-03-06,267.2735900878906
2014-03-07,268.4295959472656
2014-03-10,271.1750793457031
2014-03-11,267.99615478515625
2014-03-12,276.0398864746094
2014-03-13,275.89532470703125
2014-03-14,270.0672607421875
2014-03-18,269.4892578125
2014-03-19,265.7323303222656
2014-03-20,266.7438049316406
2014-03-21,270.45257568359375
2014-03-24,273.0054016113281
2014-03-25,269.97088623046875
2014-03-26,273.8723449707031
2014-03-27,277.14764404296875
2014-03-28,282.060546875
2014-03-31,291.50115966796875
2014-04-01,286.5882263183594
2014-04-02,291.8383483886719
2014-04-03,285.4321594238281
2014-04-04,287.5997009277344
2014-04-07,283.3129577636719
2014-04-09,294.6801452636719
2014-04-10,301.1825256347656
2014-04-11,309.4189758300781
2014-04-15,306.0473327636719
2014-04-16,310.7193908691406
2014-04-17,318.76318359375
2014-04-21,319.919189453125
2014-04-22,320.0155029296875
2014-04-23,320.5453186035156
2014-04-24,320.5453186035156
2014-04-25,308.93731689453125
2014-04-28,299.97833251953125
2014-04-29,298.6297607421875
2014-04-30,298.1962585449219
2014-05-02,282.060546875
2014-05-05,291.69378662109375
2014-05-06,298.87054443359375
2014-05-07,295.0654296875
2014-05-08,292.6571350097656
2014-05-09,297.1366271972656
2014-05-12,303.49444580078125
2014-05-13,301.905029296875
2014-05-14,299.3040771484375
2014-05-15,294.6319580078125
2014-05-16,297.5700988769531
2014-05-19,318.3778076171875
2014-05-20,335.3804626464844
2014-05-21,332.92401123046875
2014-05-22,340.8714294433594
2014-05-23,343.7132263183594
2014-05-26,334.0318298339844
2014-05-27,330.1784973144531
2014-05-28,327.9629211425781
2014-05-29,328.5408020019531
2014-05-30,328.4440002441406
2014-06-02,329.60675048828125
2014-06-03,334.93634033203125
2014-06-04,350.10125732421875
2014-06-05,342.1553955078125
2014-06-06,345.88604736328125
2014-06-09,358.38623046875
2014-06-10,368.4638671875
2014-06-11,363.861083984375
2014-06-12,361.7777404785156
2014-06-13,354.46173095703125
2014-06-16,346.1283264160156
2014-06-17,352.03924560546875
2014-06-18,352.6690673828125
2014-06-19,360.22735595703125
2014-06-20,350.6341552734375
2014-06-23,366.57427978515625
2014-06-24,394.9661560058594
2014-06-25,397.92156982421875
2014-06-26,390.6540222167969
2014-06-27,394.9661560058594
2014-06-30,393.4157409667969
2014-07-01,395.5475158691406
2014-07-02,402.6212463378906
2014-07-03,423.6971130371094
2014-07-04,429.26885986328125
2014-07-07,430.286376953125
2014-07-08,403.0573425292969
2014-07-09,393.1734619140625
2014-07-10,401.119384765625
2014-07-11,383.87103271484375
2014-07-14,380.14031982421875
2014-07-15,389.0552062988281
2014-07-16,399.1328430175781
2014-07-17,417.8346252441406
2014-07-18,447.6799621582031
2014-07-21,436.1488037109375
2014-07-22,419.9664001464844
2014-07-23,420.9354553222656
2014-07-24,422.1466979980469
2014-07-25,405.2375793457031
2014-07-28,395.4021301269531
2014-07-30,404.12322998046875
2014-07-31,409.93719482421875
2014-08-01,403.20269775390625
2014-08-04,407.12713623046875
2014-08-05,405.09222412109375
2014-08-06,408.7743835449219
2014-08-07,415.702880859375
2014-08-08,387.6985778808594
2014-08-11,391.1870422363281
2014-08-12,401.119384765625
2014-08-13,391.5746154785156
2014-08-14,397.7762451171875
2014-08-18,413.0380554199219
2014-08-19,408.4353332519531
2014-08-20,417.883056640625
2014-08-21,409.9856872558594
2014-08-22,414.879150390625
2014-08-25,417.883056640625
2014-08-26,422.9703369140625
2014-08-27,442.0112609863281
2014-08-28,440.5577697753906
2014-09-01,460.8583984375
2014-09-02,464.0561218261719
2014-09-03,457.0308532714844
2014-09-04,449.9571228027344
2014-09-05,457.951416015625
2014-09-08,460.66461181640625
2014-09-09,456.44940185546875
2014-09-10,450.3446960449219
2014-09-11,458.9688720703125
2014-09-12,451.1683349609375
2014-09-15,476.2655944824219
2014-09-16,446.0811462402344
2014-09-17,448.6489562988281
2014-09-18,456.2071533203125
2014-09-19,447.7768859863281
2014-09-22,454.65679931640625
2014-09-23,442.6895446777344
2014-09-24,432.5150146484375
2014-09-25,409.16204833984375
2014-09-26,417.54388427734375
2014-09-29,413.3772277832031
2014-09-30,423.35791015625
2014-10-01,417.3985900878906
2014-10-07,412.5535583496094
2014-10-08,415.2182922363281
2014-10-09,448.55206298828125
2014-10-10,452.0404968261719
2014-10-13,446.0811462402344
2014-10-14,453.0094909667969
2014-10-15,453.0094909667969
2014-10-16,445.0636291503906
2014-10-17,431.9820861816406
2014-10-20,453.97845458984375
2014-10-21,468.85272216796875
2014-10-22,496.5177917480469
2014-10-27,472.0019836425781
2014-10-28,488.0389709472656
2014-10-29,472.68023681640625
2014-10-30,449.90863037109375
2014-10-31,448.309814453125
2014-11-03,446.27490234375
2014-11-05,446.8562927246094
2014-11-07,440.9454040527344
2014-11-10,443.51324462890625
2014-11-11,439.8310546875
2014-11-12,448.16448974609375
2014-11-13,445.9357604980469
2014-11-14,447.00164794921875
2014-11-17,448.40673828125
2014-11-18,455.8195495605469
2014-11-19,468.7073669433594
2014-11-20,484.9381408691406
2014-11-21,481.110595703125
2014-11-24,474.6182556152344
2014-11-25,459.5018005371094
2014-11-26,480.04473876953125
2014-11-27,485.1319580078125
2014-11-28,473.1163330078125
2014-12-01,472.8255920410156
2014-12-02,513.1361694335938
2014-12-03,520.3068237304688
2014-12-04,535.5202026367188
2014-12-05,546.324462890625
2014-12-08,548.2141723632812
2014-12-09,531.1111450195312
2014-12-10,518.7079467773438
2014-12-11,504.4150695800781
2014-12-12,492.4479675292969
2014-12-15,502.1864013671875
2014-12-16,478.3974304199219
2014-12-17,462.9418029785156
2014-12-18,485.47113037109375
2014-12-19,492.7386779785156
2014-12-22,492.2057189941406
2014-12-23,485.8102722167969
2014-12-24,480.96527099609375
2014-12-26,484.9381408691406
2014-12-29,489.97698974609375
2014-12-30,482.5156555175781
2014-12-31,488.0389709472656
2015-01-01,493.8045349121094
2015-01-02,500.0061950683594
2015-01-05,496.9053649902344
2015-01-06,493.8529968261719
2015-01-07,512.6032104492188
2015-01-08,516.8668212890625
2015-01-09,506.9345397949219
2015-01-12,520.2098999023438
2015-01-13,509.2602233886719
2015-01-14,509.21173095703125
2015-01-15,513.3299560546875
2015-01-16,524.27978515625
2015-01-19,518.0296630859375
2015-01-20,509.6961975097656
2015-01-21,514.1536254882812
2015-01-22,505.0450439453125
2015-01-23,494.9189147949219
2015-01-27,494.192138671875
2015-01-28,494.3860168457031
2015-01-29,499.8607482910156
2015-01-30,494.192138671875
2015-02-02,491.7696228027344
2015-02-03,499.7154541015625
2015-02-04,489.97698974609375
2015-02-05,515.0257568359375
2015-02-06,496.1301574707031
2015-02-09,492.06036376953125
2015-02-10,479.9477844238281
2015-02-11,492.10882568359375
2015-02-12,494.6766662597656
2015-02-13,492.4963684082031
2015-02-16,497.38983154296875
2015-02-18,499.2794494628906
2015-02-19,498.31036376953125
2015-02-20,501.3628234863281
2015-02-23,486.2463073730469
2015-02-24,480.9167785644531
2015-02-25,474.42449951171875
2015-02-26,477.71905517578125
2015-02-27,482.41876220703125
2015-03-02,512.7970581054688
2015-03-03,522.7293090820312
2015-03-04,505.2872314453125
2015-03-05,502.5740661621094
2015-03-09,497.3414611816406
2015-03-10,490.7037353515625
2015-03-11,502.0410461425781
2015-03-12,503.93060302734375
2015-03-13,482.41876220703125
2015-03-16,477.76751708984375
2015-03-17,476.604736328125
2015-03-18,480.0931701660156
2015-03-19,475.2481384277344
2015-03-20,453.59088134765625
2015-03-23,444.1430969238281
2015-03-24,429.8987121582031
2015-03-25,421.1292724609375
2015-03-26,417.15631103515625
2015-03-27,423.89093017578125
2015-03-30,432.4665832519531
2015-03-31,429.3172912597656
2015-04-01,438.9104309082031
2015-04-06,442.8349304199219
2015-04-07,439.2496032714844
2015-04-08,449.1334533691406
2015-04-09,461.6820983886719
2015-04-10,464.0561218261719
2015-04-13,476.2171325683594
2015-04-15,488.3297424316406
2015-04-16,483.43621826171875
2015-04-17,464.4436950683594
2015-04-20,444.0461730957031
2015-04-21,439.4433898925781
2015-04-22,437.31158447265625
2015-04-23,438.4743957519531
2015-04-24,431.1584777832031
2015-04-27,415.84814453125
2015-04-28,422.77655029296875
2015-04-29,437.8929748535156
2015-04-30,430.4801330566406
2015-05-04,428.0576171875
2015-05-05,427.71844482421875
2015-05-06,414.24932861328125
2015-05-07,408.53216552734375
2015-05-08,413.71636962890625
2015-05-11,416.9624938964844
2015-05-12,409.45269775390625
2015-05-13,409.93719482421875
2015-05-14,411.34228515625
2015-05-15,410.71246337890625
2015-05-18,420.9354553222656
2015-05-19,418.4644470214844
2015-05-20,414.53997802734375
2015-05-21,411.68145751953125
2015-05-22,406.8363952636719
2015-05-25,406.5942077636719
2015-05-26,404.75311279296875
2015-05-27,410.21875
2015-05-28,419.73486328125
2015-05-29,422.1261291503906
2015-06-01,425.9814147949219
2015-06-02,430.17822265625
2015-06-03,420.0765075683594
2015-06-04,400.36102294921875
2015-06-05,404.46026611328125
2015-06-08,409.04754638671875
2015-06-09,410.6091613769531
2015-06-10,417.3924560546875
2015-06-11,434.17987060546875
2015-06-12,437.0591125488281
2015-06-15,439.2551574707031
2015-06-16,440.4263610839844
2015-06-17,443.2080383300781
2015-06-18,457.9458312988281
2015-06-19,453.3097839355469
2015-06-22,447.112060546875
2015-06-23,456.3842468261719
2015-06-24,451.2601623535156
2015-06-25,449.6985168457031
2015-06-26,451.84576416015625
2015-06-29,439.59674072265625
2015-06-30,454.8713684082031
2015-07-01,459.4098815917969
2015-07-02,460.6298522949219
2015-07-03,458.7754211425781
2015-07-06,471.8540344238281
2015-07-07,495.3271789550781
2015-07-08,474.6844787597656
2015-07-09,481.126220703125
2015-07-10,484.9326477050781
2015-07-13,482.8829650878906
2015-07-14,492.5943908691406
2015-07-15,483.71258544921875
2015-07-16,486.2014465332031
2015-07-17,478.1981201171875
2015-07-20,478.5885314941406
2015-07-21,458.9218444824219
2015-07-22,448.088134765625
2015-07-23,459.5074462890625
2015-07-24,462.43548583984375
2015-07-27,461.3131408691406
2015-07-28,456.09136962890625
2015-07-29,456.3354187011719
2015-07-30,448.4296875
2015-07-31,457.1650085449219
2015-08-03,468.97479248046875
2015-08-04,465.1195373535156
2015-08-05,444.91607666015625
2015-08-06,449.5032958984375
2015-08-07,451.455322265625
2015-08-10,443.2080383300781
2015-08-11,435.49755859375
2015-08-12,426.5181884765625
2015-08-13,426.8598327636719
2015-08-14,443.5496826171875
2015-08-17,438.13275146484375
2015-08-18,438.6695861816406
2015-08-19,442.03680419921875
2015-08-20,430.3246154785156
2015-08-21,431.3494567871094
2015-08-24,381.2799377441406
2015-08-25,377.4734802246094
2015-08-26,382.5975646972656
2015-08-27,386.5992126464844
2015-08-28,388.8928527832031
2015-08-31,383.3783264160156
2015-09-01,380.4991149902344
2015-09-02,377.6686706542969
2015-09-03,389.91766357421875
2015-09-04,378.05908203125
2015-09-07,366.7373352050781
2015-09-08,370.93414306640625
2015-09-09,383.3295593261719
2015-09-10,383.671142578125
2015-09-11,379.1327209472656
2015-09-14,381.9631042480469
2015-09-15,376.4486389160156
2015-09-16,382.93914794921875
2015-09-18,397.3841552734375
2015-09-21,399.67779541015625
2015-09-22,381.8655090332031
2015-09-23,378.6447448730469
2015-09-24,379.3279113769531
2015-09-28,391.38165283203125
2015-09-29,403.19146728515625
2015-09-30,417.00201416015625
2015-10-01,426.12774658203125
2015-10-05,443.3056640625
2015-10-06,435.5462951660156
2015-10-07,435.93670654296875
2015-10-08,427.7869873046875
2015-10-09,423.5901184082031
2015-10-12,428.2749938964844
2015-10-13,425.8837890625
2015-10-14,439.88958740234375
2015-10-15,449.35687255859375
2015-10-16,445.355224609375
2015-10-19,441.2559814453125
2015-10-20,427.1037902832031
2015-10-21,433.3990478515625
2015-10-23,436.1806945800781
2015-10-26,430.22698974609375
2015-10-27,428.9582214355469
2015-10-28,434.22869873046875
2015-10-29,416.9044494628906
2015-10-30,410.4139404296875
2015-11-02,409.9747314453125
2015-11-03,410.8043518066406
2015-11-04,407.3883056640625
2015-11-05,404.70428466796875
2015-11-06,401.7762145996094
2015-11-09,404.9970703125
2015-11-10,398.36016845703125
2015-11-13,398.50653076171875
2015-11-16,401.8738098144531
2015-11-17,405.6314697265625
2015-11-18,397.96978759765625
2015-11-19,415.0500183105469
2015-11-20,406.4122619628906
2015-11-23,409.9747314453125
2015-11-24,411.7803649902344
2015-11-26,408.94989013671875
2015-11-27,407.0955505371094
2015-11-30,404.2651062011719
2015-12-01,405.2411193847656
2015-12-02,404.70428466796875
2015-12-03,407.24188232421875
2015-12-04,402.6058044433594
2015-12-07,408.12030029296875
2015-12-08,404.0698547363281
2015-12-09,397.18896484375
2015-12-10,392.6504821777344
2015-12-11,393.33367919921875
2015-12-14,396.749755859375
2015-12-15,394.9929504394531
2015-12-16,394.65130615234375
2015-12-17,396.7009582519531
2015-12-18,408.1691589355469
2015-12-21,411.2923278808594
2015-12-22,409.0963134765625
2015-12-23,404.70428466796875
2015-12-24,419.295654296875
2015-12-28,421.88214111328125
2015-12-29,417.05084228515625
2015-12-30,416.41644287109375
2015-12-31,417.9780578613281
2016-01-01,415.0988464355469
2016-01-04,408.94989013671875
2016-01-05,409.1451110839844
2016-01-06,412.65875244140625
2016-01-07,400.36102294921875
2016-01-08,398.99456787109375
2016-01-11,392.8945007324219
2016-01-12,392.6504821777344
2016-01-13,388.8928527832031
2016-01-14,388.74639892578125
2016-01-15,379.62066650390625
2016-01-18,372.2518005371094
2016-01-19,376.5462646484375
2016-01-20,367.9573059082031
2016-01-21,380.15753173828125
2016-01-22,384.20794677734375
2016-01-25,387.3312683105469
2016-01-27,388.8928527832031
2016-01-28,391.4792785644531
2016-01-29,400.263427734375
2016-02-01,399.5313720703125
2016-02-02,392.30889892578125
2016-02-03,381.8655090332031
2016-02-04,388.55120849609375
2016-02-05,392.9433288574219
2016-02-08,385.13519287109375
2016-02-09,386.20880126953125
2016-02-10,381.2799377441406
2016-02-11,367.66455078125
2016-02-12,352.53631591796875
2016-02-15,391.7232666015625
2016-02-16,394.163330078125
2016-02-17,395.6761474609375
2016-02-18,397.4817810058594
2016-02-19,397.28656005859375
2016-02-22,394.7489318847656
2016-02-23,393.4313659667969
2016-02-24,390.69842529296875
2016-02-25,389.9664001464844
2016-02-26,390.4544372558594
2016-02-29,388.941650390625
2016-03-01,393.4313659667969
2016-03-02,391.0400390625
2016-03-03,395.5296936035156
2016-03-04,388.55120849609375
2016-03-08,382.2071228027344
2016-03-09,380.0111083984375
2016-03-10,379.62066650390625
2016-03-11,386.5016174316406
2016-03-14,382.3047790527344
2016-03-15,378.01025390625
2016-03-16,375.52142333984375
2016-03-17,373.22784423828125
2016-03-18,377.6686706542969
2016-03-21,382.2071228027344
2016-03-22,384.1103515625
2016-03-23,383.2319641113281
2016-03-28,379.52313232421875
2016-03-29,386.15997314453125
2016-03-30,395.4809265136719
2016-03-31,395.9201354980469
2016-04-01,392.6504821777344
2016-04-04,407.6322937011719
2016-04-05,395.4809265136719
2016-04-06,387.86798095703125
2016-04-07,388.50244140625
2016-04-08,391.0400390625
2016-04-11,391.38165283203125
2016-04-12,389.5272216796875
2016-04-13,390.4544372558594
2016-04-18,390.69842529296875
2016-04-20,389.4784851074219
2016-04-21,388.55120849609375
2016-04-22,389.6736145019531
2016-04-25,387.5263977050781
2016-04-26,389.380859375
2016-04-27,408.51068115234375
2016-04-28,405.04583740234375
2016-04-29,411.8779602050781
2016-05-02,445.0624694824219
2016-05-03,443.5496826171875
2016-05-04,449.5032958984375
2016-05-05,455.4570007324219
2016-05-06,456.3842468261719
2016-05-09,464.3387145996094
2016-05-10,464.0459289550781
2016-05-11,451.455322265625
2016-05-12,456.3842468261719
2016-05-13,456.18896484375
2016-05-16,463.6554870605469
2016-05-17,463.7043151855469
2016-05-18,458.9706726074219
2016-05-19,462.87469482421875
2016-05-20,459.70263671875
2016-05-23,445.30645751953125
2016-05-24,437.9375305175781
2016-05-25,443.4032287597656
2016-05-26,442.22418212890625
2016-05-27,439.5223388671875
2016-05-30,463.495361328125
2016-05-31,457.55126953125
2016-06-01,466.59027099609375
2016-06-02,470.4220275878906
2016-06-03,476.415283203125
2016-06-06,464.7235412597656
2016-06-07,469.4886474609375
2016-06-08,464.42877197265625
2016-06-09,471.3554382324219
2016-06-10,466.4920349121094
2016-06-13,457.109130859375
2016-06-14,454.75115966796875
2016-06-15,456.2248840332031
2016-06-16,450.37896728515625
2016-06-17,456.4213562011719
2016-06-20,447.0384521484375
2016-06-21,470.22552490234375
2016-06-22,458.9267883300781
2016-06-23,453.9651184082031
2016-06-24,441.7329406738281
2016-06-27,452.1966247558594
2016-06-28,453.6212463378906
2016-06-29,454.3581237792969
2016-06-30,457.6986389160156
2016-07-01,454.80023193359375
2016-07-04,455.93011474609375
2016-07-05,452.1474914550781
2016-07-07,451.8035888671875
2016-07-08,452.63873291015625
2016-07-11,452.0000915527344
2016-07-12,455.93011474609375
2016-07-13,451.3614807128906
2016-07-14,453.5229797363281
2016-07-15,451.7544860839844
2016-07-18,452.3930969238281
2016-07-19,456.9126281738281
2016-07-20,473.0747985839844
2016-07-21,480.59088134765625
2016-07-22,450.42816162109375
2016-07-25,448.2666015625
2016-07-26,446.5963439941406
2016-07-27,453.0808410644531
2016-07-28,451.95098876953125
2016-07-29,449.6912536621094
2016-08-01,449.9859924316406
2016-08-02,451.214111328125
2016-08-03,448.954345703125
2016-08-04,450.2807312011719
2016-08-05,450.0841979980469
2016-08-08,445.85943603515625
2016-08-09,429.7464294433594
2016-08-10,413.0438537597656
2016-08-11,410.0472717285156
2016-08-12,414.7632141113281
2016-08-16,419.9705810546875
2016-08-17,418.5458679199219
2016-08-18,412.7491760253906
2016-08-19,404.8399963378906
2016-08-22,393.88507080078125
2016-08-23,393.148193359375
2016-08-24,402.7276306152344
2016-08-25,397.667724609375
2016-08-26,395.6535949707031
2016-08-29,399.53448486328125
2016-08-30,403.4644775390625
2016-08-31,406.068115234375
2016-09-01,419.8723449707031
2016-09-02,422.37762451171875
2016-09-06,431.5149230957031
2016-09-07,442.51898193359375
2016-09-08,445.9085998535156
2016-09-09,443.943603515625
2016-09-12,430.0903015136719
2016-09-14,444.7786865234375
2016-09-15,456.9126281738281
2016-09-16,467.72015380859375
2016-09-19,513.5538330078125
2016-09-20,507.5115051269531
2016-09-21,516.1083374023438
2016-09-22,519.940185546875
2016-09-23,526.03173828125
2016-09-26,548.5309448242188
2016-09-27,539.2954711914062
2016-09-28,538.2637329101562
2016-09-29,513.0626220703125
2016-09-30,525.0491333007812
2016-10-03,538.2146606445312
2016-10-04,556.5874633789062
2016-10-05,559.7314453125
2016-10-06,554.5242309570312
2016-10-07,545.4360961914062
2016-10-10,578.6446533203125
2016-10-13,570.3916625976562
2016-10-14,572.4057006835938
2016-10-17,601.6351318359375
2016-10-18,610.1829223632812
2016-10-19,623.3976440429688
2016-10-20,629.882080078125
2016-10-21,624.3309936523438
2016-10-24,616.716552734375
2016-10-25,617.0113525390625
2016-10-26,604.7301025390625
2016-10-27,583.4588623046875
2016-10-28,592.890869140625
2016-11-01,631.798095703125
2016-11-02,619.2711181640625
2016-11-03,623.29931640625
2016-11-04,603.8457641601562
2016-11-07,600.7509765625
2016-11-08,595.3472290039062
2016-11-09,579.2341918945312
2016-11-10,576.3848876953125
2016-11-11,539.6392822265625
2016-11-15,500.3883056640625
2016-11-16,493.9038391113281
2016-11-17,502.5989685058594
2016-11-18,501.3217468261719
2016-11-21,493.6090393066406
2016-11-22,507.85540771484375
2016-11-23,516.4523315429688
2016-11-24,513.8486328125
2016-11-25,501.9602966308594
2016-11-28,504.7604675292969
2016-11-29,489.8755798339844
2016-11-30,500.1427001953125
2016-12-01,490.4650573730469
2016-12-02,484.1770324707031
2016-12-05,476.21881103515625
2016-12-06,476.7591552734375
2016-12-07,478.4294128417969
2016-12-08,485.7982482910156
2016-12-09,485.7982482910156
2016-12-12,479.4610290527344
2016-12-13,477.2503967285156
2016-12-14,475.1871337890625
2016-12-15,481.2786865234375
2016-12-16,477.10302734375
2016-12-19,466.3446350097656
2016-12-20,464.82177734375
2016-12-21,471.8957824707031
2016-12-22,462.41461181640625
2016-12-23,463.9375
2016-12-26,453.6212463378906
2016-12-27,482.94891357421875
2016-12-28,482.0646667480469
2016-12-29,480.8365783691406
2016-12-30,485.0121765136719
2017-01-02,506.3324890136719
2017-01-03,516.8942260742188
2017-01-04,498.8163757324219
2017-01-05,511.29412841796875
2017-01-06,502.4024658203125
2017-01-09,500.19183349609375
2017-01-10,499.2584533691406
2017-01-11,502.500732421875
2017-01-12,500.1427001953125
2017-01-13,501.9112548828125
2017-01-16,502.8445739746094
2017-01-17,507.21673583984375
2017-01-18,502.79547119140625
2017-01-19,523.4279174804688
2017-01-20,506.77459716796875
2017-01-23,508.78875732421875
2017-01-24,512.6204223632812
2017-01-25,505.8903503417969
2017-01-27,495.96710205078125
2017-01-30,494.100341796875
2017-01-31,486.28948974609375
2017-02-01,490.21942138671875
2017-02-02,498.3741760253906
2017-02-03,494.9354248046875
2017-02-06,496.7530822753906
2017-02-07,493.3143005371094
2017-02-08,497.9320373535156
2017-02-09,497.5882263183594
2017-02-10,498.61981201171875
2017-02-13,496.6056823730469
2017-02-14,493.216064453125
2017-02-15,494.05120849609375
2017-02-16,491.6932067871094
2017-02-17,492.77392578125
2017-02-20,495.32843017578125
2017-02-21,562.2859497070312
2017-02-22,565.7246704101562
2017-02-23,548.5800170898438
2017-02-27,591.0732421875
2017-02-28,617.6990966796875
2017-03-01,626.885498046875
2017-03-02,595.4454345703125
2017-03-03,598.7859497070312
2017-03-06,613.9656372070312
2017-03-07,636.661376953125
2017-03-08,637.3982543945312
2017-03-09,629.4400634765625
2017-03-10,624.871337890625
2017-03-14,624.0853881835938
2017-03-15,621.9730224609375
2017-03-16,620.5974731445312
2017-03-17,628.9978637695312
2017-03-20,636.71044921875
2017-03-21,654.7885131835938
2017-03-22,644.5214233398438
2017-03-23,643.3424072265625
2017-03-24,640.4439697265625
2017-03-27,630.56982421875
2017-03-28,630.32421875
2017-03-29,620.990478515625
2017-03-30,627.6223754882812
2017-03-31,622.5625
2017-04-03,629.3908081054688
2017-04-05,628.703125
2017-04-06,633.8612670898438
2017-04-07,633.419189453125
2017-04-10,635.3840942382812
2017-04-11,646.5354614257812
2017-04-12,641.1317749023438
2017-04-13,625.264404296875
2017-04-17,635.1385498046875
2017-04-18,716.8335571289062
2017-04-19,720.8126831054688
2017-04-20,722.3847045898438
2017-04-21,745.5717163085938
2017-04-24,741.1996459960938
2017-04-25,748.6175537109375
2017-04-26,744.2454223632812
2017-04-27,750.3368530273438
2017-04-28,730.686767578125
2017-05-02,713.394775390625
2017-05-03,769.7904052734375
2017-05-04,758.2460327148438
2017-05-05,743.9015502929688
2017-05-08,772.443115234375
2017-05-09,769.3973999023438
2017-05-10,755.7897338867188
2017-05-11,749.256103515625
2017-05-12,750.0912475585938
2017-05-15,759.277587890625
2017-05-16,771.26416015625
2017-05-17,769.9378662109375
2017-05-18,733.8799438476562
2017-05-19,710.447265625
2017-05-22,703.4224243164062
2017-05-23,687.309326171875
2017-05-24,650.6620483398438
2017-05-25,667.6914672851562
2017-05-26,709.871337890625
2017-05-29,684.6223754882812
2017-05-30,684.5732421875
2017-05-31,683.3427734375
2017-06-01,683.0474853515625
2017-06-02,691.66064453125
2017-06-05,739.5005493164062
2017-06-06,717.05712890625
2017-06-07,717.6477661132812
2017-06-08,722.0281982421875
2017-06-09,720.6500244140625
2017-06-12,706.4752807617188
2017-06-13,719.4195556640625
2017-06-14,710.314208984375
2017-06-15,718.4844970703125
2017-06-16,728.3772583007812
2017-06-19,720.2562255859375
2017-06-20,723.8492431640625
2017-06-21,731.7733154296875
2017-06-22,719.5672607421875
2017-06-23,701.15966796875
2017-06-27,688.855224609375
2017-06-28,703.1283569335938
2017-06-29,710.5111083984375
2017-06-30,713.3658447265625
2017-07-03,756.0377807617188
2017-07-04,753.2815551757812
2017-07-05,802.893310546875
2017-07-06,806.830810546875
2017-07-07,795.559814453125
2017-07-10,802.794921875
2017-07-11,776.5123901367188
2017-07-12,790.0966796875
2017-07-13,794.1817626953125
2017-07-14,779.8592529296875
2017-07-17,787.6849975585938
2017-07-18,781.877197265625
2017-07-19,783.0584106445312
2017-07-20,794.9200439453125
2017-07-21,788.2755737304688
2017-07-24,796.1996459960938
2017-07-25,794.2802124023438
2017-07-26,791.2286376953125
2017-07-27,774.6422119140625
2017-07-28,773.953125
2017-07-31,779.3670654296875
2017-08-01,776.9553833007812
2017-08-02,764.552490234375
2017-08-03,751.6574096679688
2017-08-04,757.12060546875
2017-08-07,764.7986450195312
2017-08-08,763.6665649414062
2017-08-09,768.9329223632812
2017-08-10,711.9876098632812
2017-08-11,706.9182739257812
2017-08-14,720.01025390625
2017-08-16,726.9992065429688
2017-08-17,734.3326416015625
2017-08-18,762.2391967773438
2017-08-21,733.2498168945312
2017-08-22,719.9117431640625
2017-08-23,725.473388671875
2017-08-24,722.2742919921875
2017-08-28,753.1832275390625
2017-08-29,744.3731079101562
2017-08-30,751.1160278320312
2017-08-31,764.9955444335938
2017-09-01,798.9066772460938
2017-09-04,845.76220703125
2017-09-05,841.3326416015625
2017-09-06,843.9904174804688
2017-09-07,879.0828247070312
2017-09-08,871.0602416992188
2017-09-11,887.2037353515625
2017-09-12,893.4544677734375
2017-09-13,872.044677734375
2017-09-14,880.4117431640625
2017-09-15,866.5322265625
2017-09-18,871.8969116210938
2017-09-19,868.94384765625
2017-09-20,856.4425048828125
2017-09-21,848.3706665039062
2017-09-22,812.4415893554688
2017-09-25,785.5685424804688
2017-09-26,801.6136474609375
2017-09-27,773.9039916992188
2017-09-28,798.020751953125
2017-09-29,799.4480590820312
2017-10-03,793.1973876953125
2017-10-04,801.416748046875
2017-10-05,823.6141357421875
2017-10-06,835.7709350585938
2017-10-09,838.034912109375
2017-10-10,855.1136474609375
2017-10-11,827.600830078125
2017-10-12,831.242919921875
2017-10-13,834.9834594726562
2017-10-16,842.2184448242188
2017-10-17,847.6817016601562
2017-10-18,871.65087890625
2017-10-19,878.5906372070312
2017-10-23,893.5529174804688
2017-10-24,888.04052734375
2017-10-25,873.1766357421875
2017-10-26,859.9862670898438
2017-10-27,886.1209716796875
2017-10-30,885.1857299804688
2017-10-31,878.3445434570312
2017-11-01,948.7262573242188
2017-11-02,938.3905029296875
2017-11-03,958.3237915039062
2017-11-06,949.7105712890625
2017-11-07,953.9926147460938
2017-11-08,942.7216186523438
2017-11-09,945.4286499023438
2017-11-10,932.8287963867188
2017-11-13,913.6338500976562
2017-11-14,909.9425048828125
2017-11-15,903.6425170898438
2017-11-16,926.1843872070312
2017-11-17,935.9296264648438
2017-11-20,967.281494140625
2017-11-21,954.533935546875
2017-11-22,961.7689819335938
2017-11-23,957.5855102539062
2017-11-24,963.2455444335938
2017-11-27,978.1094360351562
2017-11-28,967.3306274414062
2017-11-29,964.0330810546875
2017-11-30,950.1044311523438
2017-12-01,928.0054321289062
2017-12-04,927.7593994140625
2017-12-05,927.710205078125
2017-12-06,921.853271484375
2017-12-07,923.4774780273438
2017-12-08,939.7686157226562
2017-12-11,943.558349609375
2017-12-12,962.7042236328125
2017-12-13,957.1917724609375
2017-12-14,957.8807983398438
2017-12-15,961.52294921875
2017-12-18,1004.3425903320312
2017-12-19,1011.4299926757812
2017-12-20,1006.6558837890625
2017-12-21,1019.058837890625
2017-12-22,1014.5799560546875
2017-12-26,1036.5804443359375
2017-12-27,1020.4368286132812
2017-12-28,1030.9202880859375
2017-12-29,1040.91162109375
2018-01-01,1034.75927734375
2018-01-02,1029.44384765625
2018-01-03,1039.3857421875
2018-01-04,1080.138427734375
2018-01-05,1092.1475830078125
2018-01-08,1071.6727294921875
2018-01-09,1109.816650390625
2018-01-10,1096.5771484375
2018-01-11,1096.478759765625
2018-01-12,1106.912841796875
2018-01-15,1111.244140625
2018-01-16,1075.7579345703125
2018-01-17,1091.5570068359375
2018-01-18,1045.3905029296875
2018-01-19,1064.9791259765625
2018-01-22,1085.207763671875
2018-01-23,1106.2239990234375
2018-01-24,1106.7652587890625
2018-01-25,1057.9410400390625
2018-01-29,1092.19677734375
2018-01-30,1062.0751953125
2018-01-31,1033.28271484375
2018-02-01,1001.7833251953125
2018-02-02,918.7032470703125
2018-02-05,917.3251953125
2018-02-06,872.044677734375
2018-02-07,904.774658203125
2018-02-08,951.1380004882812
2018-02-09,951.03955078125
2018-02-12,963.7869873046875
2018-02-14,959.111328125
2018-02-15,947.5942993164062
2018-02-16,915.4057006835938
2018-02-19,925.298583984375
2018-02-20,940.2608032226562
2018-02-21,929.1375122070312
2018-02-22,907.5800170898438
2018-02-23,936.0772094726562
2018-02-26,942.6724853515625
2018-02-27,931.7952270507812
2018-02-28,939.5225219726562
2018-03-01,922.2469482421875
2018-03-05,905.9065551757812
2018-03-06,895.0294799804688
2018-03-07,877.75390625
2018-03-08,892.3716430664062
2018-03-09,887.646728515625
2018-03-12,909.0073852539062
2018-03-13,911.9112548828125
2018-03-14,929.9249267578125
2018-03-15,927.3656616210938
2018-03-16,911.6652221679688
2018-03-19,890.5014038085938
2018-03-20,899.50830078125
2018-03-21,918.8017578125
2018-03-22,913.4862060546875
2018-03-23,877.7047119140625
2018-03-26,905.955810546875
2018-03-27,906.0050659179688
2018-03-28,883.7092895507812
2018-04-02,911.566650390625
2018-04-03,915.7009887695312
2018-04-04,920.0814208984375
2018-04-05,946.9544067382812
2018-04-06,975.3532104492188
2018-04-09,1019.600341796875
2018-04-10,1021.1260375976562
2018-04-11,1026.3431396484375
2018-04-12,1034.02099609375
2018-04-13,1048.5404052734375
2018-04-16,1054.6927490234375
2018-04-17,1035.3009033203125
2018-04-18,1025.9493408203125
2018-04-19,1036.875732421875
2018-04-20,1030.6248779296875
2018-04-23,1027.9180908203125
2018-04-24,1048.8355712890625
2018-04-25,1114.689453125
2018-04-26,1093.3780517578125
2018-04-27,1085.257080078125
2018-04-30,1094.65771484375
2018-05-02,1101.597412109375
2018-05-03,1089.73583984375
2018-05-04,1091.6553955078125
2018-05-07,1113.40966796875
2018-05-08,1099.1363525390625
2018-05-09,1100.1700439453125
2018-05-10,1069.5072021484375
2018-05-11,1082.500732421875
2018-05-14,1054.98779296875
2018-05-15,1045.2921142578125
2018-05-16,1052.281005859375
2018-05-17,1050.8538818359375
2018-05-18,1028.9024658203125
2018-05-21,991.8905029296875
2018-05-22,1001.0723876953125
2018-05-23,985.769287109375
2018-05-24,981.326416015625
2018-05-25,1015.8818359375
2018-05-28,1040.6629638671875
2018-05-29,997.2218627929688
2018-05-30,994.9511108398438
2018-05-31,968.935791015625
2018-06-01,962.8638305664062
2018-06-04,939.0700073242188
2018-06-05,939.711669921875
2018-06-06,965.677734375
2018-06-07,965.8257446289062
2018-06-08,972.8355712890625
2018-06-11,972.8849487304688
2018-06-12,976.9329223632812
2018-06-13,975.0570068359375
2018-06-14,985.1275634765625
2018-06-15,973.2305297851562
2018-06-18,974.365966796875
2018-06-19,949.337890625
2018-06-20,956.3477172851562
2018-06-21,941.5875854492188
2018-06-22,948.8442993164062
2018-06-25,944.154541015625
2018-06-26,942.7229614257812
2018-06-27,897.8995971679688
2018-06-28,881.2142333984375
2018-06-29,905.2550048828125
2018-07-02,881.85595703125
2018-07-03,879.3877563476562
2018-07-04,882.2014770507812
2018-07-05,872.0324096679688
2018-07-06,882.1027221679688
2018-07-09,888.7177124023438
2018-07-10,911.9192504882812
2018-07-11,889.2607421875
2018-07-12,888.125244140625
2018-07-13,874.3524169921875
2018-07-16,817.4346313476562
2018-07-17,827.8507080078125
2018-07-18,806.5744018554688
2018-07-19,810.2767333984375
2018-07-20,790.1357421875
2018-07-23,806.919921875
2018-07-24,825.8760986328125
2018-07-25,836.4895629882812
2018-07-26,827.3569946289062
2018-07-27,842.1171264648438
2018-07-30,839.3527221679688
2018-07-31,825.4318237304688
2018-08-01,791.3204956054688
2018-08-02,782.9779052734375
2018-08-03,792.3572387695312
2018-08-06,802.180908203125
2018-08-07,787.02587890625
2018-08-08,768.908935546875
2018-08-09,780.2135620117188
2018-08-10,778.436279296875
2018-08-13,774.2897338867188
2018-08-14,754.9879760742188
2018-08-16,761.6028442382812
2018-08-17,785.4955444335938
2018-08-20,769.6986694335938
2018-08-21,773.8947143554688
2018-08-23,791.6661376953125
2018-08-24,795.7634887695312
2018-08-27,809.7337036132812
2018-08-28,813.9296875
2018-08-29,816.3980712890625
2018-08-30,835.897216796875
2018-08-31,832.5404052734375
2018-09-03,828.5911254882812
2018-09-04,795.5165405273438
2018-09-05,778.1401977539062
2018-09-06,785.7423095703125
2018-09-07,797.6393432617188
2018-09-10,778.5844116210938
2018-09-11,769.2050170898438
2018-09-12,773.4505004882812
2018-09-14,784.2613525390625
2018-09-17,788.6549072265625
2018-09-18,775.5731201171875
2018-09-19,765.1077880859375
2018-09-21,742.8936157226562
2018-09-24,718.0629272460938
2018-09-25,712.0897827148438
2018-09-26,718.3097534179688
2018-09-27,692.7387084960938
2018-09-28,654.974609375
2018-10-01,660.1084594726562
2018-10-03,658.6275024414062
2018-10-04,651.6177368164062
2018-10-05,648.0139770507812
2018-10-08,624.8618774414062
2018-10-09,592.8240356445312
2018-10-10,643.4231567382812
2018-10-11,623.9733276367188
2018-10-12,654.4808959960938
2018-10-15,664.3538208007812
2018-10-16,664.798095703125
2018-10-17,631.6248779296875
2018-10-19,632.0198364257812
2018-10-22,619.5797729492188
2018-10-23,610.1017456054688
2018-10-24,634.9323120117188
2018-10-25,610.4473266601562
2018-10-26,683.4088134765625
2018-10-29,735.8836669921875
2018-10-30,736.179931640625
2018-10-31,742.9922485351562
2018-11-01,754.8892822265625
2018-11-02,749.0148315429688
2018-11-05,748.4224243164062
2018-11-06,741.2645263671875
2018-11-07,745.5592041015625
2018-11-09,756.3207397460938
2018-11-12,756.123291015625
2018-11-13,762.491455078125
2018-11-14,755.33349609375
2018-11-15,755.580322265625
2018-11-16,764.6141357421875
2018-11-19,772.1669311523438
2018-11-20,779.0780639648438
2018-11-21,794.282470703125
2018-11-22,804.5010375976562
2018-11-26,797.8861083984375
2018-11-27,805.98193359375
2018-11-28,806.0806884765625
2018-11-29,815.7069091796875
2018-11-30,799.2189331054688
2018-12-03,793.245849609375
2018-12-04,802.3290405273438
2018-12-05,789.0498657226562
2018-12-06,763.1825561523438
2018-12-07,780.1641235351562
2018-12-10,754.1981811523438
2018-12-11,779.7691650390625
2018-12-12,803.1681518554688
2018-12-13,853.273681640625
2018-12-14,838.859130859375
2018-12-17,846.2638549804688
2018-12-18,841.4754638671875
2018-12-19,842.5615234375
2018-12-20,847.2511596679688
2018-12-21,848.5840454101562
2018-12-24,824.0989990234375
2018-12-26,823.0623779296875
2018-12-27,817.1878662109375
2018-12-28,826.4190063476562
2018-12-31,834.021240234375
2019-01-01,832.244140625
2019-01-02,806.919921875
2019-01-03,801.242919921875
2019-01-04,811.8563842773438
2019-01-07,803.5631713867188
2019-01-08,804.5504760742188
2019-01-09,794.5786743164062
2019-01-10,798.9228515625
2019-01-11,805.7351684570312
2019-01-14,804.5010375976562
2019-01-15,804.8466186523438
2019-01-16,805.4883422851562
2019-01-17,799.169677734375
2019-01-18,796.7013549804688
2019-01-21,795.714111328125
2019-01-22,802.5264282226562
2019-01-23,803.5631713867188
2019-01-24,786.0385131835938
2019-01-25,764.5648193359375
2019-01-28,737.167236328125
2019-01-29,753.6550903320312
2019-01-30,754.2968139648438
2019-01-31,744.7694091796875
2019-02-01,733.218017578125
2019-02-04,733.6129150390625
2019-02-05,719.2476806640625
2019-02-06,702.0687255859375
2019-02-07,645.3977661132812
2019-02-08,678.8178100585938
2019-02-11,679.0151977539062
2019-02-12,686.2719116210938
2019-02-14,695.601806640625
2019-02-15,677.633056640625
2019-02-18,678.0279541015625
2019-02-19,674.91796875
2019-02-20,679.7557373046875
2019-02-21,689.7767944335938
2019-02-22,718.9021606445312
2019-02-25,745.608642578125
2019-02-26,747.188232421875
2019-02-27,755.6296997070312
2019-02-28,757.9992065429688
2019-03-01,776.2149658203125
2019-03-05,780.855224609375
2019-03-06,807.0680541992188
2019-03-07,804.7971801757812
2019-03-08,797.8861083984375
2019-03-11,809.3882446289062
2019-03-12,804.9945678710938
2019-03-13,799.1203002929688
2019-03-14,805.3402709960938
2019-03-15,805.7844848632812
2019-03-18,808.104736328125
2019-03-19,810.8690795898438
2019-03-20,807.6110229492188
2019-03-22,799.6139526367188
2019-03-25,780.0653686523438
2019-03-26,792.1597290039062
2019-03-27,788.8030395507812
2019-03-28,784.9031372070312
2019-04-01,815.6080932617188
2019-04-02,806.3275146484375
2019-04-03,798.9228515625
2019-04-04,791.0244750976562
2019-04-05,796.2077026367188
2019-04-08,786.7791137695312
2019-04-09,771.5252685546875
2019-04-10,767.9708862304688
2019-04-11,767.5266723632812
2019-04-12,774.1909790039062
2019-04-15,786.5814819335938
2019-04-16,785.05126953125
2019-04-18,771.3277587890625
2019-04-22,745.8060913085938
2019-04-23,745.3617553710938
2019-04-24,749.4097290039062
2019-04-25,747.089599609375
2019-04-26,747.43505859375
2019-04-30,761.8496704101562
2019-05-02,731.8358154296875
2019-05-03,750.643798828125
2019-05-06,795.8128051757812
2019-05-07,798.6759643554688
2019-05-08,796.8494262695312
2019-05-09,795.0723266601562
2019-05-10,794.1837768554688
2019-05-13,769.4519653320312
2019-05-14,781.2994995117188
2019-05-15,767.8722534179688
2019-05-16,776.5111083984375
2019-05-17,786.4334716796875
2019-05-20,808.94384765625
2019-05-21,797.7874145507812
2019-05-22,792.752197265625
2019-05-23,793.8917236328125
2019-05-24,844.531982421875
2019-05-27,847.4555053710938
2019-05-28,842.5995483398438
2019-05-29,830.2120361328125
2019-05-30,840.5679931640625
2019-05-31,820.5497436523438
2019-06-03,833.3336791992188
2019-06-04,843.2437133789062
2019-06-06,801.1261596679688
2019-06-07,804.7432861328125
2019-06-10,806.3784790039062
2019-06-11,805.9819946289062
2019-06-12,794.1891479492188
2019-06-13,789.6304931640625
2019-06-14,779.2249755859375
2019-06-17,773.923095703125
2019-06-18,771.2969360351562
2019-06-19,734.1343383789062
2019-06-20,755.7877807617188
2019-06-21,743.2020874023438
2019-06-24,733.6884155273438
2019-06-25,742.1118774414062
2019-06-26,741.36865234375
2019-06-27,729.3775024414062
2019-06-28,724.6207275390625
2019-07-01,730.7153930664062
2019-07-02,735.4722290039062
2019-07-03,746.8191528320312
2019-07-04,753.310302734375
2019-07-05,720.85498046875
2019-07-08,706.0889892578125
2019-07-09,707.5755615234375
2019-07-10,692.859130859375
2019-07-11,699.8952026367188
2019-07-12,704.9989624023438
2019-07-15,693.6023559570312
2019-07-16,699.2015380859375
2019-07-17,695.0393676757812
2019-07-18,689.7870483398438
2019-07-19,671.7012329101562
2019-07-22,673.088623046875
2019-07-23,663.4263916015625
2019-07-24,646.777587890625
2019-07-25,658.12451171875
2019-07-26,676.1607666015625
2019-07-29,651.6829833984375
2019-07-30,630.0791015625
2019-07-31,652.0299072265625
2019-08-01,632.308837890625
2019-08-02,622.1016235351562
2019-08-05,616.7501831054688
2019-08-06,628.29541015625
2019-08-07,615.16455078125
2019-08-08,634.3403930664062
2019-08-09,626.1646728515625
2019-08-13,608.8221435546875
2019-08-14,618.831298828125
2019-08-16,626.9078979492188
2019-08-19,611.1510009765625
2019-08-20,594.2544555664062
2019-08-21,561.4027099609375
2019-08-22,543.416015625
2019-08-23,554.961181640625
2019-08-26,568.934326171875
2019-08-27,581.9660034179688
2019-08-28,567.1009521484375
2019-08-29,554.5152587890625
2019-08-30,564.6234741210938
2019-09-03,551.2449340820312
2019-09-04,570.7182006835938
2019-09-05,563.384765625
2019-09-06,558.3306274414062
2019-09-09,555.9026489257812
2019-09-11,567.9432983398438
2019-09-12,587.7138061523438
2019-09-13,579.3894653320312
2019-09-16,568.3892822265625
2019-09-17,562.1954956054688
2019-09-18,558.2315063476562
2019-09-19,554.4656982421875
2019-09-20,572.40283203125
2019-09-23,563.7811279296875
2019-09-24,585.0877075195312
2019-09-25,581.569580078125
2019-09-26,565.4658203125
2019-09-27,562.7901000976562
2019-09-30,553.2269897460938
2019-10-01,559.0242919921875
2019-10-03,550.7989501953125
2019-10-04,547.9746704101562
2019-10-07,541.6817626953125
2019-10-09,597.1778564453125
2019-10-10,579.290283203125
2019-10-11,570.4703979492188
2019-10-14,575.0785522460938
2019-10-15,572.6505737304688
2019-10-16,567.3982543945312
2019-10-17,565.9613037109375
2019-10-18,590.63720703125
2019-10-22,608.2275390625
2019-10-23,592.8670043945312
2019-10-24,596.3355102539062
2019-10-25,586.6732177734375
2019-10-27,590.885009765625
2019-10-29,573.2947387695312
2019-10-30,574.4344482421875
2019-10-31,575.0289306640625
2019-11-01,585.7317504882812
2019-11-04,593.5111694335938
2019-11-05,592.4705810546875
2019-11-06,622.250244140625
2019-11-07,667.291259765625
2019-11-08,800.7296752929688
2019-11-11,741.96337890625
2019-11-13,784.52685546875
2019-11-14,736.4632568359375
2019-11-15,735.3235473632812
2019-11-18,712.530517578125
2019-11-19,694.197021484375
2019-11-20,702.7692260742188
2019-11-21,686.07080078125
2019-11-22,685.3770751953125
2019-11-25,700.6880493164062
2019-11-26,689.6879272460938
2019-11-27,692.6113891601562
2019-11-28,709.3097534179688
2019-11-29,727.1477661132812
2019-12-02,706.1881103515625
2019-12-03,702.3232421875
2019-12-04,692.859130859375
2019-12-05,704.1565551757812
2019-12-06,690.1339111328125
2019-12-09,682.9490966796875
2019-12-10,662.633544921875
2019-12-11,661.692138671875
2019-12-12,672.2462158203125
2019-12-13,674.9219970703125
2019-12-16,667.9354858398438
2019-12-17,673.0391235351562
2019-12-18,666.8453369140625
2019-12-19,661.5929565429688
2019-12-20,657.5299072265625
2019-12-23,650.2460327148438
2019-12-24,643.160400390625
2019-12-26,632.556640625
2019-12-27,630.0296630859375
2019-12-30,634.0927124023438
2019-12-31,662.88134765625
2020-01-01,666.052490234375
2020-01-02,665.3588256835938
2020-01-03,658.5209350585938
2020-01-06,637.1152954101562
2020-01-07,633.2998657226562
2020-01-08,637.6603393554688
2020-01-09,650.939697265625
2020-01-10,661.34521484375
2020-01-13,664.3678588867188
2020-01-14,665.259765625
2020-01-15,658.4713745117188
2020-01-16,664.4174194335938
2020-01-17,689.6383666992188
2020-01-20,678.4896240234375
2020-01-21,673.5346069335938
2020-01-22,667.1426391601562
2020-01-23,672.8409423828125
2020-01-24,668.5299682617188
2020-01-27,657.3811645507812
2020-01-28,649.8001098632812
2020-01-29,652.0794067382812
2020-01-30,642.1198120117188
2020-01-31,637.61083984375
2020-02-03,609.0698852539062
2020-02-04,623.9844970703125
2020-02-05,628.8403930664062
2020-02-06,629.23681640625
2020-02-07,631.664794921875
2020-02-10,627.7007446289062
2020-02-11,626.2142333984375
2020-02-12,619.128662109375
2020-02-13,594.0562744140625
2020-02-14,593.7589721679688
2020-02-17,579.5380249023438
2020-02-18,572.1055297851562
2020-02-19,579.6371459960938
2020-02-20,578.4478759765625
2020-02-24,573.34423828125
2020-02-25,570.173095703125
2020-02-26,549.1638793945312
2020-02-27,541.5827026367188
2020-02-28,500.40655517578125
2020-03-02,486.43341064453125
2020-03-03,489.5550231933594
2020-03-04,495.20379638671875
2020-03-05,491.1406555175781
2020-03-06,473.05487060546875
2020-03-09,436.3382263183594
2020-03-11,409.7793884277344
2020-03-12,343.6795349121094
2020-03-13,341.6479797363281
2020-03-16,301.01690673828125
2020-03-17,297.3006286621094
2020-03-18,282.0392150878906
2020-03-19,263.95343017578125
2020-03-20,272.12921142578125
2020-03-23,244.92617797851562
2020-03-24,221.53854370117188
2020-03-25,227.7322998046875
2020-03-26,222.77728271484375
2020-03-27,217.9709014892578
2020-03-30,213.01589965820312
2020-03-31,220.7952880859375
2020-04-01,221.8853759765625
2020-04-03,217.42587280273438
2020-04-07,228.27734375
2020-04-08,239.6738739013672
2020-04-09,251.6154327392578
2020-04-13,264.1515808105469
2020-04-15,271.43548583984375
2020-04-16,268.809326171875
2020-04-17,271.2868347167969
2020-04-20,257.7596740722656
2020-04-21,245.1243896484375
2020-04-22,246.61090087890625
2020-04-23,248.84063720703125
2020-04-24,240.36756896972656
2020-04-27,242.59732055664062
2020-04-28,236.79995727539062
2020-04-29,237.64231872558594
2020-04-30,239.0792694091797
2020-05-04,227.13768005371094
2020-05-05,218.56553649902344
2020-05-06,229.466552734375
2020-05-07,235.56121826171875
2020-05-08,224.1646728515625
2020-05-11,222.8268280029297
2020-05-12,222.430419921875
2020-05-13,222.92591857910156
2020-05-14,220.74571228027344
2020-05-15,219.30877685546875
2020-05-18,213.56094360351562
2020-05-19,214.75015258789062
2020-05-20,219.55653381347656
2020-05-21,218.1195831298828
2020-05-22,219.30877685546875
2020-05-26,217.0790252685547
2020-05-27,215.14657592773438
2020-05-28,221.8853759765625
2020-05-29,222.13311767578125
2020-06-01,225.20523071289062
2020-06-02,236.45310974121094
2020-06-03,248.24603271484375
2020-06-04,260.6335754394531
2020-06-05,310.5305480957031
2020-06-08,328.0216979980469
2020-06-09,301.36376953125
2020-06-10,288.33209228515625
2020-06-11,282.8320007324219
2020-06-12,288.0347595214844
2020-06-15,282.3861083984375
2020-06-16,275.6968078613281
2020-06-17,275.00311279296875
2020-06-18,285.5077209472656
2020-06-19,288.8771057128906
2020-06-22,297.895263671875
2020-06-23,294.07989501953125
2020-06-24,291.2554931640625
2020-06-25,291.0573425292969
2020-06-26,290.51226806640625
2020-06-29,284.4176025390625
2020-06-30,275.0526428222656
2020-07-01,275.4985656738281
2020-07-02,273.9625244140625
2020-07-03,267.86785888671875
2020-07-06,266.3318176269531
2020-07-07,272.0300598144531
2020-07-08,267.2237243652344
2020-07-09,269.5030517578125
2020-07-10,263.90386962890625
2020-07-13,257.6605529785156
2020-07-14,248.84063720703125
2020-07-15,250.0298309326172
2020-07-16,246.5117645263672
2020-07-17,250.17848205566406
2020-07-20,250.97128295898438
2020-07-21,257.214599609375
2020-07-22,248.8901824951172
2020-07-23,250.77308654785156
2020-07-24,250.0298309326172
2020-07-27,246.2640380859375
2020-07-28,242.99371337890625
2020-07-29,239.4756622314453
2020-07-30,238.38555908203125
2020-07-31,236.94862365722656
2020-08-03,233.8765106201172
2020-08-04,247.80007934570312
2020-08-05,255.97584533691406
2020-08-06,252.9037322998047
2020-08-07,251.86318969726562
2020-08-10,258.10650634765625
2020-08-11,267.1741638183594
2020-08-12,276.2418518066406
2020-08-13,270.7913513183594
2020-08-14,265.2912902832031
2020-08-17,266.0345458984375
2020-08-18,269.15618896484375
2020-08-19,277.9265441894531
2020-08-20,281.6427917480469
2020-08-21,286.99420166015625
2020-08-24,284.71490478515625
2020-08-25,283.4266052246094
2020-08-26,295.8636779785156
2020-08-27,301.8592834472656
2020-08-28,301.8096923828125
2020-08-31,285.111328125
2020-09-01,279.9085388183594
2020-09-02,285.5077209472656
2020-09-03,287.09332275390625
2020-09-04,281.543701171875
2020-09-07,274.30938720703125
2020-09-08,262.5164794921875
2020-09-09,257.7596740722656
2020-09-10,266.38134765625
2020-09-11,268.3138427734375
2020-09-14,274.606689453125
2020-09-15,275.39947509765625
2020-09-16,283.9716491699219
2020-09-17,281.1473083496094
2020-09-18,280.2058410644531
2020-09-21,264.9444274902344
2020-09-22,259.493896484375
2020-09-23,261.4759216308594
2020-09-24,250.92172241210938
2020-09-25,261.1785888671875
2020-09-28,265.2417297363281
2020-09-29,285.2104187011719
2020-09-30,288.0843505859375
2020-10-01,284.5662536621094
2020-10-05,288.8771057128906
2020-10-06,289.3231201171875
2020-10-07,282.683349609375
2020-10-08,285.3591003417969
2020-10-09,282.8320007324219
2020-10-12,275.54815673828125
2020-10-13,275.1517333984375
2020-10-14,272.52557373046875
2020-10-15,269.75079345703125
2020-10-16,272.376953125
2020-10-19,275.3499450683594
2020-10-20,274.4580383300781
2020-10-21,277.7283630371094
2020-10-22,279.9580993652344
2020-10-23,280.8995361328125
2020-10-26,279.66082763671875
2020-10-27,277.9265441894531
2020-10-28,275.44903564453125
2020-10-29,271.0390930175781
2020-10-30,269.948974609375
2020-11-02,268.1651916503906
2020-11-03,269.70123291015625
2020-11-04,268.809326171875
2020-11-05,273.0210876464844
2020-11-06,282.43560791015625
2020-11-09,281.3950500488281
2020-11-10,283.922119140625
2020-11-11,278.91754150390625
2020-11-12,278.7193298339844
2020-11-13,277.9265441894531
2020-11-14,283.7734680175781
2020-11-17,292.0483703613281
2020-11-18,297.3997497558594
2020-11-19,307.26019287109375
2020-11-20,302.3547668457031
2020-11-23,304.4358825683594
2020-11-24,316.37744140625
2020-11-25,313.8503723144531
2020-11-26,315.5350646972656
2020-11-27,319.1522216796875
2020-12-01,320.04412841796875
2020-12-02,319.2017822265625
2020-12-03,322.4720764160156
2020-12-04,329.95416259765625
2020-12-07,337.8326110839844
2020-12-08,333.47222900390625
2020-12-09,335.10736083984375
2020-12-10,326.2874450683594
2020-12-11,327.0307312011719
2020-12-14,328.76495361328125
2020-12-15,329.5082092285156
2020-12-16,342.58941650390625
2020-12-17,354.77874755859375
2020-12-18,351.4588928222656
2020-12-21,324.9991760253906
2020-12-22,322.5711975097656
2020-12-23,336.3956604003906
2020-12-24,338.8731994628906
2020-12-28,339.9632568359375
2020-12-29,334.4136657714844
2020-12-30,332.6794128417969
2020-12-31,334.9091796875
2021-01-01,339.8641662597656
2021-01-04,344.224609375
2021-01-05,345.06695556640625
2021-01-06,343.77862548828125
2021-01-07,346.8507385253906
2021-01-08,345.06695556640625
2021-01-11,344.12548828125
2021-01-12,341.1524658203125
2021-01-13,342.98583984375
2021-01-14,341.2515869140625
2021-01-15,336.5443115234375
2021-01-18,327.0802307128906
2021-01-19,333.5713195800781
2021-01-20,335.2064514160156
2021-01-21,330.25146484375
2021-01-22,325.2469177246094
2021-01-25,319.59820556640625
2021-01-27,324.4045715332031
2021-01-28,323.01715087890625
2021-01-29,319.3008728027344
2021-02-01,320.83697509765625
2021-02-02,337.138916015625
2021-02-03,336.1479187011719
2021-02-04,340.1119384765625
2021-02-05,338.0308532714844
2021-02-08,341.6479797363281
2021-02-09,338.52630615234375
2021-02-10,331.63885498046875
2021-02-11,335.00823974609375
2021-02-12,331.14337158203125
2021-02-15,329.0126953125
2021-02-16,328.8144836425781
2021-02-17,338.0308532714844
2021-02-18,338.1794738769531
2021-02-19,359.089599609375
2021-02-22,365.87799072265625
2021-02-23,381.1394348144531
2021-02-24,378.2159423828125
2021-02-25,376.0357666015625
2021-02-26,368.35552978515625
2021-03-01,375.78802490234375
2021-03-02,375.0447998046875
2021-03-03,385.00433349609375
2021-03-04,390.8017272949219
2021-03-05,384.4096984863281
2021-03-08,382.9727783203125
2021-03-09,378.06732177734375
2021-03-10,378.5133056640625
2021-03-12,373.6077880859375
2021-03-15,364.1932678222656
2021-03-16,365.134765625
2021-03-17,351.6570739746094
2021-03-18,339.6164245605469
2021-03-19,335.3551330566406
2021-03-22,338.57586669921875
2021-03-23,345.26513671875
2021-03-24,337.1884765625
2021-03-25,341.84619140625
2021-03-26,349.3282470703125
2021-03-30,355.670654296875
2021-03-31,358.29681396484375
2021-04-01,365.38250732421875
2021-04-05,347.5940246582031
2021-04-06,345.1164855957031
2021-04-07,359.7832946777344
2021-04-08,356.1661682128906
2021-04-09,356.4634704589844
2021-04-12,331.0442199707031
2021-04-13,339.76507568359375
2021-04-15,331.8866271972656
2021-04-16,331.68841552734375
2021-04-19,313.05755615234375
2021-04-20,313.05755615234375
2021-04-22,315.0891418457031
2021-04-23,314.99005126953125
2021-04-26,316.4269714355469
2021-04-27,322.42254638671875
2021-04-28,324.8009338378906
2021-04-29,323.1658020019531
2021-04-30,318.607177734375
2021-05-03,324.75140380859375
2021-05-04,320.68829345703125
2021-05-05,322.1252136230469
2021-05-06,325.29644775390625
2021-05-07,334.760498046875
2021-05-10,340.1614990234375
2021-05-11,347.9903869628906
2021-05-12,342.7380676269531
2021-05-14,347.94085693359375
2021-05-17,353.8868713378906
2021-05-18,357.8013000488281
2021-05-19,356.2652587890625
2021-05-20,365.23382568359375
2021-05-21,365.3329162597656
2021-05-24,362.40948486328125
2021-05-25,364.73834228515625
2021-05-26,371.5762634277344
2021-05-27,372.17083740234375
2021-05-28,369.5447082519531
2021-05-31,365.0851745605469
2021-06-01,362.4590148925781
2021-06-02,382.1799621582031
2021-06-03,392.2386474609375
2021-06-04,392.932373046875
2021-06-07,405.96405029296875
2021-06-08,422.5137634277344
2021-06-09,410.17578125
2021-06-10,414.2388916015625
2021-06-11,410.8199462890625
2021-06-14,407.4505310058594
2021-06-15,407.6982727050781
2021-06-16,401.9504699707031
2021-06-17,423.1083984375
2021-06-18,413.94158935546875
2021-06-21,412.6532897949219
2021-06-22,428.95526123046875
2021-06-23,428.36065673828125
2021-06-24,409.33343505859375
2021-06-25,413.3965148925781
2021-06-28,410.17578125
2021-06-29,407.59918212890625
2021-06-30,408.3424377441406
2021-07-01,406.0631408691406
2021-07-02,407.8964538574219
2021-07-05,414.883056640625
2021-07-06,419.441650390625
2021-07-07,415.2794494628906
2021-07-08,413.9911193847656
2021-07-09,412.9505920410156
2021-07-12,433.216552734375
2021-07-13,455.5141296386719
2021-07-14,443.96893310546875
2021-07-15,438.1716003417969
2021-07-16,449.22125244140625
2021-07-19,464.87908935546875
2021-07-20,449.0230712890625
2021-07-22,455.6132507324219
2021-07-23,444.5635681152344
2021-07-26,444.1175842285156
2021-07-27,442.6310729980469
2021-07-28,461.9060974121094
2021-07-29,449.41949462890625
2021-07-30,436.7346496582031
2021-08-02,443.37432861328125
2021-08-03,448.2798156738281
2021-08-04,439.5589904785156
2021-08-05,432.42376708984375
2021-08-06,435.29766845703125
2021-08-09,422.5137634277344
2021-08-10,405.17120361328125
2021-08-11,409.23431396484375
2021-08-12,413.4956359863281
2021-08-13,415.4776306152344
2021-08-16,410.47308349609375
2021-08-17,410.17578125
2021-08-18,409.4820861816406
2021-08-20,400.2162170410156
2021-08-23,389.7611083984375
2021-08-24,400.01800537109375
2021-08-25,396.94586181640625
2021-08-26,391.6440734863281
2021-08-27,390.4053039550781
2021-08-30,398.6801452636719
2021-08-31,400.8603515625
2021-09-01,417.11279296875
2021-09-02,415.5767517089844
2021-09-03,412.6532897949219
2021-09-06,419.6894226074219
2021-09-07,429.4012145996094
2021-09-08,429.5498962402344
2021-09-09,431.6309814453125
2021-09-13,425.58587646484375
2021-09-14,429.748046875
2021-09-15,426.0813903808594
2021-09-16,422.1669006347656
2021-09-17,415.0317077636719
2021-09-20,407.5000915527344
2021-09-21,409.6307373046875
2021-09-22,431.5318908691406
2021-09-23,443.4239196777344
2021-09-24,436.4869079589844
2021-09-27,443.8698425292969
2021-09-28,453.3339538574219
2021-09-29,448.4779968261719
2021-09-30,454.8699951171875
2021-10-01,448.428466796875
2021-10-04,448.2302551269531
2021-10-05,456.406005859375
2021-10-06,459.2799377441406
2021-10-07,467.7034606933594
2021-10-08,462.5502624511719
2021-10-11,461.2619323730469
2021-10-12,456.406005859375
2021-10-13,459.2303466796875
2021-10-14,457.5952453613281
2021-10-18,469.8341369628906
2021-10-19,461.2619323730469
2021-10-20,451.4510192871094
2021-10-21,453.18524169921875
2021-10-22,446.7437438964844
2021-10-25,437.2796630859375
2021-10-26,446.4960021972656
2021-10-27,453.7303161621094
2021-10-28,450.1131896972656
2021-10-29,453.2348327636719
2021-11-01,462.104248046875
2021-11-02,481.5774841308594
2021-11-03,496.2938537597656
2021-11-04,501.3479919433594
2021-11-08,507.7895202636719
2021-11-09,513.7850952148438
2021-11-10,500.7533874511719
2021-11-11,495.00555419921875
2021-11-12,502.4380798339844
2021-11-15,504.122802734375
2021-11-16,503.72637939453125
2021-11-17,505.8074645996094
2021-11-18,497.6812744140625
2021-11-22,501.94256591796875
2021-11-23,582.907470703125
2021-11-24,614.8177490234375
2021-11-25,618.1375732421875
2021-11-26,590.4885864257812
2021-11-29,651.8316650390625
2021-11-30,635.2818603515625
2021-12-01,631.31787109375
2021-12-02,609.4168090820312
2021-12-03,618.1870727539062
2021-12-06,593.7589721679688
2021-12-07,631.367431640625
2021-12-08,634.2908935546875
2021-12-09,640.1378784179688
2021-12-10,650.6425170898438
2021-12-13,652.178466796875
2021-12-14,682.8995971679688
2021-12-15,670.8093872070312
2021-12-16,661.1470947265625
2021-12-17,639.49365234375
2021-12-20,598.7139892578125
2021-12-21,601.7365112304688
2021-12-22,629.4349975585938
2021-12-23,629.9304809570312
2021-12-24,617.394287109375
2021-12-27,609.7635498046875
2021-12-28,613.3312377929688
2021-12-29,611.2005615234375
2021-12-30,599.0112915039062
2021-12-31,615.9573364257812
2022-01-03,609.66455078125
2022-01-04,622.3988647460938
2022-01-05,624.2817993164062
2022-01-06,629.187255859375
2022-01-07,633.7953491210938
2022-01-10,644.1018676757812
2022-01-11,642.0703125
2022-01-12,632.65576171875
2022-01-13,637.61083984375
2022-01-14,674.1292114257812
2022-01-17,775.1123046875
2022-01-18,727.7919921875
2022-01-19,752.1211547851562
2022-01-20,782.297119140625
2022-01-21,744.2921142578125
2022-01-24,728.0397338867188
2022-01-25,777.0943603515625
2022-01-27,770.6032104492188
2022-01-28,766.6392211914062
2022-01-31,753.310302734375
2022-02-01,759.1571655273438
2022-02-02,768.076171875
2022-02-03,752.76513671875
2022-02-04,775.01318359375
2022-02-07,747.4633178710938
2022-02-08,708.1701049804688
2022-02-09,718.327880859375
2022-02-10,745.7290649414062
2022-02-11,723.1342163085938
2022-02-14,686.863525390625
2022-02-15,726.8504638671875
2022-02-16,721.0531005859375
2022-02-17,718.7738647460938
2022-02-18,729.2785034179688
2022-02-21,696.7736206054688
2022-02-22,672.1471557617188
2022-02-23,744.4903564453125
2022-02-24,688.44921875
2022-02-25,721.697265625
2022-02-28,726.9495849609375
2022-03-02,754.251708984375
2022-03-03,723.4811401367188
2022-03-04,694.4447631835938
2022-03-07,651.9802856445312
2022-03-08,669.0750732421875
2022-03-09,680.4716186523438
2022-03-10,699.0528564453125
2022-03-11,702.8187255859375
2022-03-14,702.8682861328125
2022-03-15,682.9987182617188
2022-03-16,696.278076171875
2022-03-17,706.3367309570312
2022-03-21,731.7064208984375
2022-03-22,765.846435546875
2022-03-23,766.83740234375
2022-03-24,755.1931762695312
2022-03-25,747.1165161132812
2022-03-28,723.2828979492188
2022-03-29,746.373291015625
2022-03-30,830.1624755859375
2022-03-31,846.9600219726562
2022-04-01,839.6265258789062
2022-04-04,848.446533203125
2022-04-05,817.97314453125
2022-04-06,839.1310424804688
2022-04-07,852.1131591796875
2022-04-08,867.9691772460938
2022-04-11,911.4246826171875
2022-04-12,946.0105590820312
2022-04-13,922.2761840820312
2022-04-18,889.8704223632812
2022-04-19,875.6990966796875
2022-04-20,853.4014892578125
2022-04-21,902.9515991210938
2022-04-22,901.9606323242188
2022-04-25,877.2846069335938
2022-04-26,879.6630249023438
2022-04-27,855.6312866210938
2022-04-28,823.7705078125
2022-04-29,823.3245849609375
2022-05-02,834.6220092773438
2022-05-04,798.549560546875
2022-05-05,817.5272216796875
2022-05-06,773.0806884765625
2022-05-09,783.0899047851562
2022-05-10,780.0177001953125
2022-05-11,778.7294311523438
2022-05-12,738.5938720703125
2022-05-13,765.4996337890625
2022-05-16,804.8424072265625
2022-05-17,844.1851806640625
2022-05-18,854.1942749023438
2022-05-19,837.9913940429688
2022-05-20,871.6854248046875
2022-05-23,889.5234985351562
2022-05-24,907.7084350585938
2022-05-25,853.8970336914062
2022-05-26,881.2981567382812
2022-05-27,916.82568359375
2022-05-30,958.100830078125
2022-05-31,972.8668212890625
2022-06-01,1056.0614013671875
2022-06-02,1260.059326171875
2022-06-03,1134.0533447265625
2022-06-06,1065.129150390625
2022-06-07,1028.263916015625
2022-06-08,974.501953125
2022-06-09,983.1731567382812
2022-06-10,960.0333251953125
2022-06-13,912.0687866210938
2022-06-14,866.4827270507812
2022-06-15,909.7894287109375
2022-06-16,891.4064331054688
2022-06-17,889.2756958007812
2022-06-20,844.8788452148438
2022-06-21,873.1719360351562
2022-06-22,829.518310546875
2022-06-23,805.1892700195312
2022-06-24,845.4238891601562
2022-06-27,852.2122192382812
2022-06-28,875.0548706054688
2022-06-29,899.5326538085938
2022-06-30,872.4382934570312
2022-07-01,874.8743286132812
2022-07-04,858.8165283203125
2022-07-05,901.7200927734375
2022-07-06,945.2202758789062
2022-07-07,921.5064086914062
2022-07-08,964.3602905273438
2022-07-11,972.0660400390625
2022-07-12,958.8419189453125
2022-07-13,926.4778442382812
2022-07-14,941.3424682617188
2022-07-15,956.1574096679688
2022-07-18,974.25341796875
2022-07-19,1018.0518798828125
2022-07-20,970.7236938476562
2022-07-21,964.8573608398438
2022-07-22,958.4442749023438
2022-07-25,951.3350830078125
2022-07-26,934.6807250976562
2022-07-27,923.0475463867188
2022-07-28,950.6887817382812
2022-07-29,952.3790283203125
2022-08-01,972.0660400390625
2022-08-02,985.1905517578125
2022-08-03,958.39453125
2022-08-04,961.4271240234375
2022-08-05,964.6585083007812
2022-08-08,928.0687255859375
2022-08-10,926.6766967773438
2022-08-11,942.0385131835938
2022-08-12,931.0515747070312
2022-08-16,934.8298950195312
2022-08-17,933.537353515625
2022-08-18,969.6796875
2022-08-19,968.3374633789062
2022-08-22,948.8990478515625
2022-08-23,942.3367919921875
2022-08-24,942.0385131835938
2022-08-25,947.2584838867188
2022-08-26,959.6870727539062
2022-08-29,943.2316284179688
2022-08-30,954.91455078125
2022-09-01,955.2625122070312
2022-09-02,970.7236938476562
2022-09-05,975.048828125
2022-09-06,968.735107421875
2022-09-07,968.6853637695312
2022-09-08,1017.1072998046875
2022-09-09,1029.5357666015625
2022-09-12,1007.6614990234375
2022-09-13,1005.7723388671875
2022-09-14,1043.5054931640625
2022-09-15,1087.2542724609375
2022-09-16,1141.1943359375
2022-09-19,1121.4578857421875
2022-09-20,1126.329833984375
2022-09-21,1120.1156005859375
2022-09-22,1118.4749755859375
2022-09-23,1062.99365234375
2022-09-26,1011.5391845703125
2022-09-27,1029.13818359375
2022-09-28,982.85400390625
2022-09-29,1022.7249145507812
2022-09-30,1020.636962890625
2022-10-03,1059.911376953125
2022-10-04,1060.6072998046875
2022-10-06,1113.6029052734375
2022-10-07,1156.208251953125
2022-10-10,1134.2840576171875
2022-10-11,1093.07080078125
2022-10-12,1251.0135498046875
2022-10-13,1225.4105224609375
2022-10-14,1148.99951171875
2022-10-17,1128.2188720703125
2022-10-18,1161.279052734375
2022-10-19,1147.45849609375
2022-10-20,1161.0303955078125
2022-10-21,1127.920654296875
2022-10-24,1113.9013671875
2022-10-25,1092.673095703125
2022-10-27,1120.06591796875
2022-10-28,1153.623046875
2022-10-31,1190.312255859375
2022-11-01,1198.46533203125
2022-11-02,1167.5430908203125
2022-11-03,1251.8089599609375
2022-11-04,1289.0948486328125
2022-11-07,1252.85302734375
2022-11-09,1220.0416259765625
2022-11-10,1206.2705078125
2022-11-11,1200.0562744140625
2022-11-14,1286.857666015625
2022-11-15,1285.465576171875
2022-11-16,1292.226806640625
2022-11-17,1329.21435546875
2022-11-18,1345.3218994140625
2022-11-21,1274.5782470703125
2022-11-22,1284.9188232421875
2022-11-23,1288.1004638671875
2022-11-24,1315.9903564453125
2022-11-25,1315.24462890625
2022-11-28,1322.5526123046875
2022-11-29,1318.9234619140625
2022-11-30,1356.3087158203125
2022-12-01,1361.8270263671875
2022-12-02,1599.71044921875
2022-12-05,1572.01953125
2022-12-06,1521.360595703125
2022-12-07,1528.27099609375
2022-12-08,1504.0599365234375
2022-12-09,1463.2940673828125
2022-12-12,1434.9569091796875
2022-12-13,1402.443603515625
2022-12-14,1455.9364013671875
2022-12-15,1493.5205078125
2022-12-16,1576.7921142578125
2022-12-19,1569.8818359375
2022-12-20,1566.004150390625
2022-12-21,1480.197021484375
2022-12-22,1438.9339599609375
2022-12-23,1347.9566650390625
2022-12-26,1442.9609375
2022-12-27,1412.0882568359375
2022-12-28,1433.912841796875
2022-12-29,1417.9049072265625
2022-12-30,1462.2998046875
2023-01-02,1490.8856201171875
2023-01-03,1486.560546875
2023-01-04,1455.2403564453125
2023-01-05,1470.9501953125
2023-01-06,1437.29345703125
2023-01-09,1424.0694580078125
2023-01-10,1428.891845703125
2023-01-11,1426.406005859375
2023-01-12,1467.867919921875
2023-01-13,1468.9117431640625
2023-01-16,1446.98779296875
2023-01-17,1496.4039306640625
2023-01-18,1517.4827880859375
2023-01-19,1514.5496826171875
2023-01-20,1498.83984375
2023-01-23,1502.6182861328125
2023-01-24,1518.3280029296875
2023-01-25,1513.853759765625
2023-01-27,1453.550048828125
2023-01-30,1479.6502685546875
2023-01-31,1516.88623046875
2023-02-01,1371.9190673828125
2023-02-02,1419.992919921875
2023-02-03,1379.127685546875
2023-02-06,1397.7208251953125
2023-02-07,1397.124267578125
2023-02-08,1376.940185546875
2023-02-09,1318.2772216796875
2023-02-10,1305.3017578125
2023-02-13,1273.78271484375
2023-02-14,1278.0084228515625
2023-02-15,1269.3084716796875
2023-02-16,1322.3040771484375
2023-02-17,1345.1727294921875
2023-02-20,1325.1376953125
2023-02-21,1282.9302978515625
2023-02-22,1220.3895263671875
2023-02-23,1310.9193115234375
2023-02-24,1288.4981689453125
2023-02-27,1248.3787841796875
2023-02-28,1264.038818359375
2023-03-01,1299.6839599609375
2023-03-02,1279.74853515625
2023-03-03,1299.7337646484375
2023-03-06,1299.9326171875
2023-03-08,1301.77197265625
2023-03-09,1289.243896484375
2023-03-10,1278.1575927734375
2023-03-13,1236.049560546875
2023-03-14,1271.1976318359375
2023-03-15,1248.7266845703125
2023-03-16,1247.1358642578125
2023-03-17,1267.3697509765625
2023-03-20,1250.66552734375
2023-03-21,1239.0323486328125
2023-03-22,1254.095947265625
2023-03-23,1257.774658203125
2023-03-24,1223.7701416015625
2023-03-27,1171.470458984375
2023-03-28,1102.8646240234375
2023-03-29,1185.3408203125
2023-03-31,1215.070068359375
2023-04-03,1187.031005859375
2023-04-05,1221.6820068359375
2023-04-06,1236.248291015625
2023-04-10,1281.1405029296875
2023-04-11,1302.31884765625
2023-04-12,1294.5634765625
2023-04-13,1300.7777099609375
2023-04-17,1377.2882080078125
2023-04-18,1398.466552734375
2023-04-19,1436.5477294921875
2023-04-20,1475.4244384765625
2023-04-21,1484.67138671875
2023-04-24,1543.78173828125
2023-04-25,1590.215087890625
2023-04-26,1602.6436767578125
2023-04-27,1705.10498046875
2023-04-28,1583.1556396484375
2023-05-02,1600.406494140625
2023-05-03,1574.356201171875
2023-05-04,1567.0977783203125
2023-05-05,1590.712158203125
2023-05-08,1576.145751953125
2023-05-09,1590.2647705078125
2023-05-10,1547.8582763671875
2023-05-11,1575.7481689453125
2023-05-12,1605.278564453125
2023-05-15,1591.70654296875
2023-05-16,1561.8778076171875
2023-05-17,1543.8314208984375
2023-05-18,1540.5999755859375
2023-05-19,1537.1199951171875
2023-05-22,1551.189208984375
2023-05-23,1572.2183837890625
2023-05-24,1577.836181640625
2023-05-25,1587.87841796875
2023-05-26,1557.055419921875
2023-05-29,1569.58349609375
2023-05-30,1561.977294921875
2023-05-31,1555.7132568359375
2023-06-01,1549.1510009765625
2023-06-02,1566.6005859375
2023-06-05,1575.2510986328125
2023-06-06,1603.687744140625
2023-06-07,1579.576171875
2023-06-08,1570.0311279296875
2023-06-09,1630.235107421875
2023-06-12,1654.1973876953125
2023-06-13,1648.2318115234375
2023-06-14,1660.6602783203125
2023-06-15,1650.31982421875
2023-06-16,1715.94287109375
2023-06-19,1721.4610595703125
2023-06-20,1736.723388671875
2023-06-21,1719.025146484375
2023-06-22,1663.69287109375
2023-06-23,1663.0953369140625
2023-06-26,1704.282958984375
2023-06-27,1676.4427490234375
2023-06-28,1674.9486083984375
2023-06-30,1687.3995361328125
2023-07-03,1705.876708984375
2023-07-04,1713.49658203125
2023-07-05,1739.2451171875
2023-07-06,1730.828369140625
2023-07-07,1740.7890625
2023-07-10,1795.6727294921875
2023-07-11,1795.224609375
2023-07-12,1810.5142822265625
2023-07-13,1813.9010009765625
2023-07-14,1823.263916015625
2023-07-17,1855.736083984375
2023-07-18,1832.328369140625
2023-07-19,1830.2364501953125
2023-07-20,1817.38720703125
2023-07-21,1793.6307373046875
2023-07-24,1776.5482177734375
2023-07-25,1753.1405029296875
2023-07-26,1795.4237060546875
2023-07-27,1910.2213134765625
2023-07-28,1892.9891357421875
2023-07-31,1886.8135986328125
2023-08-01,1877.201416015625
2023-08-02,1850.307373046875
2023-08-03,1881.2852783203125
2023-08-04,1899.9119873046875
2023-08-07,1941.0
2023-08-08,1953.799560546875
2023-08-09,1956.090576171875
2023-08-10,1964.80615234375
2023-08-11,1966.10107421875
2023-08-14,1925.8099365234375
2023-08-16,1934.2266845703125
2023-08-17,1931.4874267578125
2023-08-18,1939.9541015625
2023-08-21,1944.4364013671875
2023-08-22,1957.3853759765625
2023-08-23,1972.5755615234375
2023-08-24,1956.5386962890625
2023-08-25,1944.2869873046875
2023-08-28,1923.2698974609375
2023-08-29,1963.11279296875
2023-08-30,1948.0721435546875
2023-08-31,1991.451171875
2023-09-01,2017.34912109375
2023-09-04,1969.9359130859375
2023-09-05,2163.92138671875
2023-09-06,2171.441650390625
2023-09-07,2142.455810546875
2023-09-08,2067.65087890625
2023-09-11,2083.090087890625
2023-09-12,1979.050048828125
2023-09-13,1979.747314453125
2023-09-14,1987.865234375
2023-09-15,1999.3699951171875
2023-09-18,1891.8935546875
2023-09-20,1885.6680908203125
2023-09-21,1856.5328369140625
2023-09-22,1830.834228515625
2023-09-25,1778.291259765625
2023-09-26,1795.4736328125
2023-09-27,1803.093505859375
2023-09-28,1805.0855712890625
2023-09-29,1801.151123046875
2023-10-03,1802.844482421875
2023-10-04,1780.4327392578125
2023-10-05,1778.888916015625
2023-10-06,1773.6097412109375
2023-10-09,1729.035400390625
2023-10-10,1803.541748046875
2023-10-11,1776.0501708984375
2023-10-12,1772.3646240234375
2023-10-13,1787.4052734375
2023-10-16,1782.7237548828125
2023-10-17,1797.9637451171875
2023-10-18,1785.5626220703125
2023-10-19,1763.8482666015625
2023-10-20,1766.43798828125
2023-10-23,1700.746826171875
2023-10-25,1663.3443603515625
2023-10-26,1657.9654541015625
2023-10-27,1734.5635986328125
2023-10-30,1748.8572998046875
2023-10-31,1753.538818359375
2023-11-01,1705.9761962890625
2023-11-02,1806.281005859375
2023-11-03,1865.09912109375
2023-11-06,1880.2891845703125
2023-11-07,1859.5709228515625
2023-11-08,1857.1802978515625
2023-11-09,1876.753173828125
2023-11-10,1881.883056640625
2023-11-13,1839.5
2023-11-15,1803.043701171875
2023-11-16,1795.5233154296875
2023-11-17,1775.452392578125
2023-11-20,1754.933349609375
2023-11-21,1735.6094970703125
2023-11-22,1670.6156005859375
2023-11-23,1664.39013671875
2023-11-24,1641.978515625
2023-11-28,1573.5482177734375
2023-11-29,1535.5977783203125
2023-11-30,1497.5477294921875
2023-12-01,1556.614990234375
2023-12-04,1576.2874755859375
2023-12-05,1578.677978515625
2023-12-06,1666.73095703125
2023-12-07,1685.0587158203125
2023-12-08,1704.083740234375
2023-12-11,1755.630615234375
2023-12-12,1765.29248046875
2023-12-13,1748.4588623046875
2023-12-14,1745.76953125
2023-12-15,1762.3043212890625
2023-12-18,1738.6973876953125
2023-12-19,1737.2529296875
2023-12-20,1703.187255859375
2023-12-21,1707.1217041015625
2023-12-22,1716.13623046875
2023-12-26,1710.0601806640625
2023-12-27,1723.656494140625
2023-12-28,1696.7625732421875
2023-12-29,1716.38525390625
2024-01-01,1732.222900390625
2024-01-02,1712.45068359375
2024-01-03,1701.9422607421875
2024-01-04,1736.4561767578125
2024-01-05,1732.720947265625
2024-01-08,1726.794189453125
2024-01-09,1732.7706298828125
2024-01-10,1743.1796875
2024-01-11,1735.0118408203125
2024-01-12,1734.3643798828125
2024-01-15,1827.447509765625
2024-01-16,1829.887939453125
2024-01-17,1806.928466796875
2024-01-18,1782.873291015625
2024-01-19,1788.0030517578125
2024-01-23,1763.74853515625
2024-01-24,1757.0250244140625
2024-01-25,1745.4208984375
2024-01-29,1738.8466796875
2024-01-30,1702.788818359375
2024-01-31,1768.3802490234375
2024-02-01,1765.0933837890625
2024-02-02,1772.6634521484375
2024-02-05,1719.1741943359375
2024-02-06,1746.0682373046875
2024-02-07,1726.7445068359375
2024-02-08,1716.73388671875
2024-02-09,1709.1636962890625
2024-02-12,1685.5069580078125
2024-02-13,1715.38916015625
2024-02-14,1710.9566650390625
2024-02-15,1715.14013671875
2024-02-16,1763.5992431640625
2024-02-19,1755.630615234375
2024-02-20,1764.24658203125
2024-02-21,1866.34423828125
2024-02-22,1863.50537109375
2024-02-23,1848.0164794921875
2024-02-26,1868.88427734375
2024-02-27,1833.1749267578125
2024-02-28,1768.4798583984375
2024-02-29,1826.700439453125
2024-03-01,1847.7674560546875
2024-03-04,1793.6806640625
2024-03-05,1787.9532470703125
2024-03-06,1755.5308837890625
2024-03-07,1754.186279296875
2024-03-11,1689.341796875
2024-03-12,1673.9027099609375
2024-03-13,1620.4632568359375
2024-03-14,1675.496337890625
2024-03-15,1736.0577392578125
2024-03-18,1694.3720703125
2024-03-19,1703.436279296875
2024-03-20,1730.081298828125
2024-03-21,1772.0657958984375
2024-03-22,1777.2952880859375
2024-03-26,1752.592529296875
2024-03-27,1798.6610107421875
2024-03-28,1801.2010498046875
2024-04-01,1815.04638671875
2024-04-02,1845.3768310546875
2024-04-03,1912.96044921875
2024-04-04,1913.55810546875
2024-04-05,1906.0875244140625
2024-04-08,1904.493896484375
2024-04-09,1894.8817138671875
2024-04-10,1926.855712890625
2024-04-12,1898.0194091796875
2024-04-15,1873.3665771484375
2024-04-16,1864.2027587890625
2024-04-18,1902.601318359375
2024-04-19,2004.0513916015625
2024-04-22,2050.119873046875
2024-04-23,2077.013916015625
2024-04-24,2046.3846435546875
2024-04-25,2112.07568359375
2024-04-26,2099.475341796875
2024-04-29,1994.439453125
2024-04-30,2095.0927734375
2024-05-02,2285.5419921875
2024-05-03,2218.85498046875
2024-05-06,2183.39453125
2024-05-07,2164.61865234375
2024-05-08,2172.636962890625
2024-05-09,2072.730712890625
2024-05-10,2141.509765625
2024-05-13,2086.4267578125
2024-05-14,2123.779541015625
2024-05-15,2151.819091796875
2024-05-16,2144.0498046875
2024-05-17,2245.001953125
2024-05-21,2248.388427734375
2024-05-22,2220.946533203125
2024-05-23,2235.1904296875
2024-05-24,2217.70947265625
2024-05-27,2167.25830078125
2024-05-28,2176.272705078125
2024-05-29,2188.1259765625
2024-05-30,2165.16650390625
2024-05-31,2201.523193359375
2024-06-03,2254.26513671875
2024-06-04,2144.746826171875
2024-06-05,2153.313232421875
2024-06-06,2286.588134765625
2024-06-07,2461.94677734375
2024-06-10,2545.865966796875
2024-06-11,2502.985107421875
2024-06-12,2537.25
2024-06-13,2521.199951171875
2024-06-14,2487.5
2024-06-18,2488.300048828125
2024-06-19,2438.89990234375
2024-06-20,2405.800048828125
2024-06-21,2527.89990234375
2024-06-24,2610.800048828125
2024-06-25,2779.39990234375
2024-06-26,2995.050048828125
2024-06-27,2967.5
2024-06-28,2922.800048828125
2024-07-01,3043.35009765625
2024-07-02,2978.25
2024-07-03,2962.35009765625
2024-07-04,2940.050048828125
2024-07-05,3229.5
2024-07-08,3208.64990234375
2024-07-09,3077.39990234375
2024-07-10,3156.10009765625
2024-07-11,2001.300048828125
2024-07-12,2101.35009765625
2024-07-15,2206.39990234375
2024-07-16,2316.64990234375
2024-07-18,2200.85009765625
2024-07-19,2090.800048828125
2024-07-22,1986.300048828125
2024-07-23,1892.300048828125
2024-07-24,1986.9000244140625
2024-07-25,2086.199951171875
2024-07-26,2052.550048828125
2024-07-29,2043.8499755859375
2024-07-30,2035.3499755859375
2024-07-31,1969.449951171875
2024-08-01,1996.0999755859375
2024-08-02,1979.9000244140625
2024-08-05,1907.800048828125
2024-08-06,1935.0999755859375
2024-08-07,1930.5
2024-08-08,1928.6500244140625
2024-08-09,1919.5
2024-08-12,1895.949951171875
2024-08-13,1855.25
2024-08-14,1834.6500244140625
2024-08-16,1849.8499755859375
2024-08-19,1854.800048828125
2024-08-20,1850.199951171875
2024-08-21,1888.449951171875
2024-08-22,2025.449951171875
2024-08-23,2062.39990234375
2024-08-26,2020.9000244140625
2024-08-27,2006.300048828125
2024-08-28,1954.949951171875
2024-08-29,1988.949951171875
2024-08-30,1985.5
2024-09-02,2007.5
2024-09-03,2111.050048828125
2024-09-04,2078.64990234375
2024-09-05,2023.1500244140625
2024-09-06,1998.800048828125
2024-09-09,1911.050048828125
2024-09-10,1960.300048828125
2024-09-11,1915.300048828125
2024-09-12,1855.75
2024-09-13,1845.5
2024-09-16,1850.5
2024-09-17,1832.9000244140625
2024-09-18,1843.050048828125
2024-09-19,1828.300048828125
2024-09-20,1849.3499755859375
2024-09-23,1844.4000244140625
2024-09-24,1847.199951171875
2024-09-25,1839.0
2024-09-26,1824.050048828125
2024-09-27,1793.300048828125
2024-09-30,1759.25
2024-10-01,1741.9000244140625
2024-10-03,1708.949951171875
2024-10-04,1654.1500244140625
2024-10-07,1589.800048828125
2024-10-08,1612.699951171875
2024-10-09,1597.4000244140625
2024-10-10,1599.0999755859375
2024-10-11,1603.449951171875
2024-10-14,1683.9000244140625
2024-10-15,1775.25
2024-10-16,1735.9000244140625
2024-10-17,1702.9000244140625
2024-10-18,1701.8499755859375
2024-10-21,1690.550048828125
2024-10-22,1585.25
2024-10-23,1598.0
2024-10-24,1614.449951171875
2024-10-25,1560.6500244140625
2024-10-28,1567.3499755859375
2024-10-29,1588.800048828125
2024-10-30,1611.0
2024-10-31,1635.8499755859375
2024-11-01,1655.949951171875
2024-11-04,1687.300048828125
2024-11-05,1639.1500244140625
2024-11-06,1622.199951171875
2024-11-07,1614.8499755859375
2024-11-08,1594.550048828125
2024-11-11,1563.699951171875
2024-11-12,1557.8499755859375
2024-11-13,1497.8499755859375
2024-11-14,1504.699951171875
2024-11-18,1465.5999755859375
2024-11-19,1482.4000244140625
2024-11-21,1426.9000244140625
2024-11-22,1652.300048828125
2024-11-25,1726.1500244140625
2024-11-26,1662.75
2024-11-27,1631.699951171875
2024-11-28,1614.699951171875
2024-11-29,1641.75
2024-12-02,1624.699951171875
2024-12-03,1614.0999755859375
2024-12-04,1623.800048828125
2024-12-05,1618.449951171875
2024-12-06,1624.4000244140625
2024-12-09,1612.1500244140625
2024-12-10,1799.949951171875
2024-12-11,1863.050048828125
2024-12-12,1807.800048828125
2024-12-13,1810.550048828125
2024-12-16,1785.0
2024-12-17,1738.800048828125
2024-12-18,1725.5
2024-12-19,1700.5999755859375
2024-12-20,1727.300048828125
2024-12-23,1782.4000244140625
2024-12-24,1780.0999755859375
2024-12-26,1740.25
2024-12-27,1731.050048828125
2024-12-30,1680.1500244140625
2024-12-31,1676.5
2025-01-01,1694.0
2025-01-02,1777.449951171875
2025-01-03,1786.199951171875
2025-01-06,1701.8499755859375
2025-01-07,1751.5
2025-01-08,1696.6500244140625
2025-01-09,1675.0999755859375
2025-01-10,1601.050048828125
2025-01-13,1517.0999755859375
2025-01-14,1522.550048828125
2025-01-15,1592.949951171875
2025-01-16,1587.949951171875
2025-01-17,1598.1500244140625
2025-01-20,1605.949951171875
2025-01-21,1578.199951171875
2025-01-22,1522.300048828125
2025-01-23,1487.800048828125
2025-01-24,1539.6500244140625
2025-01-27,1475.949951171875
2025-01-28,1462.5
2025-01-29,1504.9000244140625
2025-01-30,1515.8499755859375
2025-01-31,1511.4000244140625
2025-02-01,1519.6500244140625
2025-02-03,1498.199951171875
2025-02-04,1487.1500244140625
2025-02-05,1507.449951171875
2025-02-06,1522.949951171875
2025-02-07,1526.4000244140625
2025-02-10,1494.699951171875
2025-02-11,1444.050048828125
2025-02-12,1416.550048828125
2025-02-13,1417.050048828125
2025-02-14,1383.199951171875
2025-02-17,1363.550048828125
2025-02-18,1341.75
2025-02-19,1401.199951171875
2025-02-20,1397.5999755859375
2025-02-21,1381.0999755859375
2025-02-24,1393.050048828125
2025-02-25,1398.300048828125
2025-02-27,1359.0999755859375
2025-02-28,1293.3499755859375
2025-03-03,1262.800048828125
2025-03-04,1279.1500244140625
2025-03-05,1310.75
2025-03-06,1357.75
2025-03-07,1330.050048828125
2025-03-10,1282.1500244140625
2025-03-11,1260.949951171875
2025-03-12,1251.9000244140625
2025-03-13,1224.0999755859375
2025-03-17,1231.3499755859375
2025-03-18,1231.3499755859375
2025-03-19,1416.4000244140625
2025-03-20,1409.300048828125
2025-03-21,1481.9000244140625
2025-03-24,1499.0999755859375
2025-03-25,1449.4000244140625
2025-03-26,1428.5
2025-03-27,1437.5
2025-03-28,1402.949951171875
2025-04-01,1373.75
2025-04-02,1413.300048828125
2025-04-03,1499.199951171875
2025-04-04,1484.550048828125
2025-04-07,1436.949951171875
2025-04-08,1458.3499755859375
2025-04-09,1493.25
2025-04-11,1493.1500244140625
2025-04-15,1522.199951171875
2025-04-16,1512.5
2025-04-17,1524.0
2025-04-21,1536.0
2025-04-22,1576.9000244140625
2025-04-23,1550.5
2025-04-24,1537.5
2025-04-25,1500.5999755859375
2025-04-28,1512.300048828125
2025-04-29,1496.4000244140625
2025-04-30,1527.300048828125
2025-05-02,1533.699951171875
2025-05-05,1574.5
2025-05-06,1532.199951171875
2025-05-07,1574.4000244140625
2025-05-08,1540.4000244140625
2025-05-09,1456.199951171875
2025-05-12,1572.699951171875
2025-05-13,1564.300048828125
2025-05-14,551.2000122070312
2025-05-15,578.7000122070312
2025-05-16,607.5999755859375
2025-05-19,637.9000244140625
2025-05-20,669.7000122070312
2025-05-21,689.2000122070312
2025-05-22,664.2999877929688
2025-05-23,634.7000122070312
2025-05-26,627.4000244140625
2025-05-27,633.7000122070312
2025-05-28,619.2000122070312
2025-05-29,614.5
2025-05-30,629.9000244140625
2025-06-02,621.0999755859375
2025-06-03,610.4500122070312
2025-06-04,615.0999755859375
2025-06-05,617.75
2025-06-06,617.1500244140625
2025-06-09,619.7999877929688
2025-06-10,617.5499877929688
2025-06-11,607.9500122070312
2025-06-12,603.2000122070312
2025-06-13,591.4500122070312
2025-06-16,592.9500122070312
2025-06-17,592.6500244140625
2025-06-18,601.9000244140625
2025-06-19,586.1500244140625
2025-06-20,587.5
2025-06-23,601.0999755859375
2025-06-24,599.5
2025-06-25,600.4500122070312
2025-06-26,598.9500122070312
2025-06-27,624.3499755859375
2025-06-30,709.4000244140625
2025-07-01,757.0
2025-07-02,758.0
2025-07-03,724.4500122070312
2025-07-04,712.9000244140625
2025-07-07,703.0
2025-07-08,707.4000244140625
2025-07-09,697.9000244140625
2025-07-10,693.4000244140625
2025-07-11,697.7000122070312
2025-07-14,686.7000122070312
2025-07-15,696.5499877929688
2025-07-16,708.4000244140625
2025-07-17,696.7000122070312
2025-07-18,718.7999877929688
2025-07-21,738.5
2025-07-22,722.0999755859375
2025-07-23,712.5
2025-07-24,719.5
2025-07-25,703.0999755859375
2025-07-28,686.0999755859375
2025-07-29,687.9500122070312
2025-07-30,683.5999755859375
2025-07-31,668.5999755859375
2025-08-01,656.9500122070312
2025-08-04,639.2999877929688
2025-08-05,630.7999877929688
2025-08-06,643.25
2025-08-07,632.0999755859375
2025-08-08,618.8499755859375
2025-08-11,611.9000244140625
2025-08-12,614.3499755859375
2025-08-13,609.8499755859375
2025-08-14,611.9500122070312
2025-08-18,612.2999877929688
2025-08-19,654.75
2025-08-20,652.1500244140625
2025-08-21,633.0
2025-08-22,621.1500244140625
2025-08-25,628.0
2025-08-26,618.7999877929688
2025-08-28,606.0499877929688
2025-08-29,599.5999755859375
2025-09-01,603.1500244140625
2025-09-02,610.0
2025-09-03,615.0499877929688
2025-09-04,610.7000122070312
2025-09-05,611.7000122070312
2025-09-08,607.6500244140625
2025-09-09,611.7999877929688
2025-09-10,622.9500122070312
2025-09-11,618.9000244140625
2025-09-12,614.6500244140625
2025-09-15,622.25
2025-09-16,628.2999877929688
2025-09-17,622.5999755859375
2025-09-18,624.75
2025-09-19,620.5499877929688
2025-09-22,618.5999755859375
2025-09-23,624.7000122070312
2025-09-24,618.9000244140625
2025-09-25,616.4000244140625
2025-09-26,607.1500244140625
2025-09-29,575.25
2025-09-30,573.75
2025-10-01,582.5499877929688
2025-10-03,588.2999877929688
2025-10-06,581.25
2025-10-07,583.2000122070312
2025-10-08,577.2999877929688
2025-10-09,577.4500122070312
2025-10-10,579.5499877929688
2025-10-13,573.2999877929688
2025-10-14,570.1500244140625
2025-10-15,578.9000244140625
2025-10-16,585.25
2025-10-17,576.4500122070312
2025-10-20,573.2000122070312
2025-10-21,581.8499755859375
2025-10-23,578.9000244140625
2025-10-24,576.25
2025-10-27,590.75
2025-10-28,576.1500244140625
2025-10-29,587.0499877929688
2025-10-30,580.9000244140625
2025-10-31,574.0499877929688
2025-11-03,575.4000244140625
2025-11-04,571.5
2025-11-06,563.4500122070312
2025-11-07,557.0499877929688
2025-11-10,551.25
2025-11-11,545.6500244140625
2025-11-12,537.6500244140625
2025-11-13,531.6500244140625
2025-11-14,522.3499755859375
2025-11-17,514.2999877929688
2025-11-18,500.8999938964844
2025-11-19,507.3500061035156
2025-11-20,509.1000061035156
2025-11-21,496.0
2025-11-24,466.8500061035156
2025-11-25,487.0
2025-11-26,490.3500061035156
2025-11-27,485.70001220703125
2025-11-28,482.75
2025-12-01,478.25
2025-12-02,476.0
2025-12-03,468.0
2025-12-04,466.45001220703125
2025-12-05,455.29998779296875
2025-12-08,445.3500061035156
2025-12-09,451.79998779296875
2025-12-10,446.70001220703125
2025-12-11,451.1000061035156
2025-12-12,451.8999938964844
2025-12-15,454.45001220703125
2025-12-16,444.5
2025-12-17,433.6000061035156
2025-12-18,425.70001220703125
2025-12-19,424.8500061035156
2025-12-22,431.79998779296875
2025-12-23,432.75
2025-12-24,429.75
2025-12-26,421.70001220703125
2025-12-29,413.75
2025-12-30,417.20001220703125
2025-12-31,427.25
2026-01-01,425.6000061035156
2026-01-02,436.5
2026-01-05,430.1499938964844
2026-01-06,424.8999938964844
2026-01-07,425.8999938964844
2026-01-08,417.04998779296875
2026-01-09,407.45001220703125
2026-01-12,404.20001220703125
2026-01-13,402.79998779296875
2026-01-14,403.20001220703125
2026-01-15,403.20001220703125
2026-01-16,395.79998779296875
2026-01-19,393.3999938964844
2026-01-20,383.0
2026-01-21,386.1499938964844
2026-01-22,381.3999938964844
2026-01-23,369.70001220703125
2026-01-27,387.70001220703125
2026-01-28,387.20001220703125
2026-01-29,373.8999938964844
2026-01-30,379.95001220703125
2026-02-02,387.45001220703125
2026-02-03,410.95001220703125
2026-02-04,417.70001220703125
2026-02-05,405.3999938964844
2026-02-06,403.70001220703125
2026-02-09,416.70001220703125
2026-02-10,421.3500061035156
2026-02-11,408.20001220703125
2026-02-12,403.29998779296875
2026-02-13,398.25
2026-02-16,391.45001220703125
2026-02-17,403.3999938964844
2026-02-18,403.20001220703125
2026-02-19,394.1000061035156
2026-02-20,398.54998779296875
2026-02-23,403.25
2026-02-24,400.95001220703125
2026-02-25,397.6000061035156
2026-02-26,405.20001220703125
2026-02-27,400.79998779296875
2026-03-02,390.70001220703125
2026-03-04,380.3500061035156
2026-03-05,390.45001220703125
2026-03-06,380.70001220703125
2026-03-09,371.1499938964844
2026-03-10,374.6499938964844
2026-03-11,378.29998779296875
2026-03-12,377.95001220703125
2026-03-13,355.45001220703125
2026-03-16,351.8500061035156
2026-03-17,352.04998779296875
2026-03-18,376.8999938964844
2026-03-19,369.6499938964844
2026-03-20,372.95001220703125
2026-03-23,347.54998779296875
2026-03-24,350.8500061035156
2026-03-25,354.5
2026-03-27,342.54998779296875
2026-03-30,321.8500061035156
2026-04-01,350.79998779296875
2026-04-02,351.0
2026-04-06,352.29998779296875
2026-04-07,353.25
2026-04-08,368.5
2026-04-09,366.75
2026-04-10,386.29998779296875
2026-04-13,397.25
2026-04-15,420.1000061035156
2026-04-16,421.04998779296875
2026-04-17,422.3999938964844
2026-04-20,420.70001220703125
2026-04-21,447.54998779296875
2026-04-22,455.20001220703125
2026-04-23,443.79998779296875
2026-04-24,434.20001220703125
2026-04-27,461.1000061035156
2026-04-28,471.8500061035156
2026-04-29,464.5
2026-04-30,465.79998779296875
2026-05-01,465.79998779296875
2026-05-04,465.04998779296875
2026-05-05,442.95001220703125
2026-05-06,518.6500244140625
2026-05-07,513.7999877929688
2026-05-08,515.7000122070312
2026-05-11,492.0
2026-05-12,479.70001220703125
2026-05-13,468.6499938964844
2026-05-14,459.79998779296875
2026-05-15,453.54998779296875
2026-05-18,502.54998779296875
2026-05-19,520.0499877929688
2026-05-20,541.5
2026-05-21,541.5
2026-05-22,552.8499755859375
2026-05-25,558.9000244140625
2026-05-26,551.8499755859375
2026-05-27,532.0
2026-05-28,532.0
2026-05-29,540.4000244140625
2026-06-01,530.0
2026-06-02,531.9000244140625
2026-06-03,514.9500122070312
2026-06-04,521.75
2026-06-05,510.1000061035156
2026-06-08,510.45001220703125
2026-06-09,536.0
2026-06-10,552.9000244140625
2026-06-11,555.0499877929688
2026-06-12,580.7000122070312
2026-06-15,591.9000244140625
2026-06-16,590.0999755859375
2026-06-17,591.8499755859375
2026-06-18,589.25
2026-06-19,586.4500122070312
2026-06-22,600.4500122070312
2026-06-23,592.8499755859375
2026-06-24,606.25
2026-06-25,592.2999877929688
2026-06-26,592.2999877929688
2026-06-29,583.4000244140625
2026-06-30,581.7999877929688
2026-07-01,591.25
2026-07-02,590.3499755859375
2026-07-03,607.9000244140625
2026-07-06,622.8499755859375
2026-07-07,610.3499755859375
2026-07-08,595.5499877929688
2026-07-09,620.5499877929688
2026-07-10,631.7000122070312
2026-07-13,625.5
2026-07-14,619.0999755859375
2026-07-15,609.2999877929688
2026-07-16,613.6500244140625
2026-07-17,604.75
2026-07-20,612.8499755859375
2026-07-21,607.7000122070312
2026-07-22,606.0499877929688
2026-07-23,605.5999755859375
2026-07-24,588.4000244140625
2026-07-27,595.0
2026-07-28,576.7999877929688
2026-07-29,588.5
2026-07-30,582.2000122070312
