an_dt,attFileSize,attchmntFile,attchmntText,bflag,csvName,desc,difference,dt,exchdisstime,fileSize,hasXbrl,old_new,orgid,seq_id,smIndustry,sm_isin,sm_name,sort_date,symbol
25-Aug-2026 15:36:35,173.04 KB,https://nsearchives.nseindia.com/corporate/ICICIPRULI_25082026153541_SE_Intimation_Aug_25_2026.pdf,ICICI Prudential Life Insurance Company Limited has informed the Exchange regarding allotment of 9894 shares under the employees stock unit scheme (2023).,,,ESOP/ESOS/ESPS,00:00:01,25082026153635,25-Aug-2026 15:36:36,173.04 KB,True,,,106755652,,INE726G01019,ICICI Prudential Life Insurance Company Limited,2026-08-25 15:36:35,ICICIPRULI
22-Aug-2026 11:50:24,217.70 KB,https://nsearchives.nseindia.com/corporate/ICICIPRULI_22082026115016_Disclosure_order_dated_21082026.pdf,ICICI Prudential Life Insurance Company Limited has informed the Exchange about Action(s) taken or orders passed (sub-para 20),,,Action(s) taken or orders passed,00:00:01,22082026115024,22-Aug-2026 11:50:25,217.70 KB,True,,,106753293,,INE726G01019,ICICI Prudential Life Insurance Company Limited,2026-08-22 11:50:24,ICICIPRULI
21-Aug-2026 18:37:33,192.07 KB,https://nsearchives.nseindia.com/corporate/ICICIPRULI_21082026183722_SE_Investor_meet_Aug_27_2026_intimation.pdf,"ICICI Prudential Life Insurance Company Limited has informed the Exchange about Schedule of meet dated August 27, 2026",,,Analysts/Institutional Investor Meet/Con. Call Updates,00:00:01,21082026183733,21-Aug-2026 18:37:34,192.07 KB,True,,,106752836,,INE726G01019,ICICI Prudential Life Insurance Company Limited,2026-08-21 18:37:33,ICICIPRULI
21-Aug-2026 10:55:36,775.22 KB,https://nsearchives.nseindia.com/corporate/ICICIPRULI_21082026105511_SE_Intimation_Post_Dispatch_Newspaper_publication_Final.pdf,ICICI Prudential Life Insurance Company Limited has informed the Exchange about  Copy of Newspaper Publication for completion of despatch of Postal Ballot Notice.,,,Copy of Newspaper Publication,00:00:01,21082026105536,21-Aug-2026 10:55:37,775.22 KB,True,,,106752073,,INE726G01019,ICICI Prudential Life Insurance Company Limited,2026-08-21 10:55:36,ICICIPRULI
20-Aug-2026 11:35:17,978.75 KB,https://nsearchives.nseindia.com/corporate/ICICIPRULI_20082026113429_SE_Intimation_Postal_ballot_notice_.pdf,"ICICI Prudential Life Insurance Company Limited has informed the Exchange regarding Notice of Postal Ballot dated August 13, 2026, together with the Explanatory Statement, seeking approval of Members on the Special Business, as set out in the Notice.",,,Shareholders meeting,00:00:01,20082026113517,20-Aug-2026 11:35:18,978.75 KB,True,,,106750625,,INE726G01019,ICICI Prudential Life Insurance Company Limited,2026-08-20 11:35:17,ICICIPRULI
19-Aug-2026 19:45:03,260.88 KB,https://nsearchives.nseindia.com/corporate/ICICIPRULI_19082026194436_SE_Intimation_IEPF_Letter_to_SH.pdf,ICICI Prudential Life Insurance Company Limited has informed the Exchange about intimation of notice sent to shareholders for transfer of unclaimed dividend and shares to Investor Education and Protection Fund (IEPF).,,,General Updates,00:00:01,19082026194503,19-Aug-2026 19:45:04,260.88 KB,True,,,106750146,,INE726G01019,ICICI Prudential Life Insurance Company Limited,2026-08-19 19:45:03,ICICIPRULI
18-Aug-2026 16:20:58,173.03 KB,https://nsearchives.nseindia.com/corporate/ICICIPRULI_18082026162025_SE_Intimation_Aug_18_2026.pdf,ICICI Prudential Life Insurance Company Limited has informed the Exchange regarding allotment of 400 shares.,,,ESOP/ESOS/ESPS,00:00:01,18082026162058,18-Aug-2026 16:20:59,173.03 KB,True,,,106748375,,INE726G01019,ICICI Prudential Life Insurance Company Limited,2026-08-18 16:20:58,ICICIPRULI
18-Aug-2026 10:22:34,523.00 KB,https://nsearchives.nseindia.com/corporate/ICICIPRULI_18082026102216_SE_Intimation_Pre_Newspaper_publication_Signed.pdf,ICICI Prudential Life Insurance Company Limited has informed the Exchange about Copy of pre-dispatch newspaper advertisement for postal ballot.,,,Copy of Newspaper Publication,00:00:01,18082026102234,18-Aug-2026 10:22:35,523.00 KB,True,,,106747883,,INE726G01019,ICICI Prudential Life Insurance Company Limited,2026-08-18 10:22:34,ICICIPRULI
13-Aug-2026 21:59:44,172.83 KB,https://nsearchives.nseindia.com/corporate/ICICIPRULI_13082026215932_SE_Intimation_Initiation_of_Postal_Ballot_process.pdf,ICICI Prudential Life Insurance Company Limited has informed the Exchange about initiation of postal ballot process,,,General Updates,00:00:01,13082026215944,13-Aug-2026 21:59:45,172.83 KB,True,,,106743137,,INE726G01019,ICICI Prudential Life Insurance Company Limited,2026-08-13 21:59:44,ICICIPRULI
12-Aug-2026 19:01:34,267.33 KB,https://nsearchives.nseindia.com/corporate/ICICIPRULI_12082026190104_SE_Intimation_TLA_August_12_2026.pdf,ICICI Prudential Life Insurance Company Limited has informed the Exchange that Company has entered into a Transitional Agreement,,,Agreements,00:00:01,12082026190134,12-Aug-2026 19:01:35,267.33 KB,True,,,106739957,,INE726G01019,ICICI Prudential Life Insurance Company Limited,2026-08-12 19:01:34,ICICIPRULI
12-Aug-2026 18:59:39,267.33 KB,https://nsearchives.nseindia.com/corporate/ICICIPRULI_12082026185703_SE_Intimation_TLA_August_12_2026.pdf,ICICI Prudential Life Insurance Company Limited has informed the Exchange that Company has entered into a Transitional Agreement,,,Agreements,00:00:01,12082026185939,12-Aug-2026 18:59:40,267.33 KB,True,,,106739953,,INE726G01019,ICICI Prudential Life Insurance Company Limited,2026-08-12 18:59:39,ICICIPRULI
11-Aug-2026 12:37:47,173.04 KB,https://nsearchives.nseindia.com/corporate/ICICIPRULI_11082026123708_SE_Intimation_Aug_11_2026.pdf,ICICI Prudential Life Insurance Company Limited has informed the Exchange regarding allotment of 125 shares.,,,ESOP/ESOS/ESPS,00:00:01,11082026123747,11-Aug-2026 12:37:48,173.04 KB,True,,,106736313,,INE726G01019,ICICI Prudential Life Insurance Company Limited,2026-08-11 12:37:47,ICICIPRULI
07-Aug-2026 19:59:47,203.13 KB,https://nsearchives.nseindia.com/corporate/ICICIPRULI_07082026195934_SE_Intimation_for_Name_change_August_7_2026.pdf,ICICI Prudential Life Insurance Company Limited has informed the Exchange about the grant of NOC by IRDAI for the change of its name.,,,Granting/withdrawal/surrender/cancellation/suspension of key licenses/ regulatory approvals,00:00:01,07082026195947,07-Aug-2026 19:59:48,203.13 KB,True,,,106732318,,INE726G01019,ICICI Prudential Life Insurance Company Limited,2026-08-07 19:59:47,ICICIPRULI
07-Aug-2026 13:10:50,382.52 KB,https://nsearchives.nseindia.com/corporate/ICICIPRULI_07082026131032_SE_monthly_business_presentation_July_2026.pdf,ICICI Prudential Life Insurance Company Limited has informed the Exchange about monthly business performance update for the month of July 2026.,,,General Updates,00:00:01,07082026131050,07-Aug-2026 13:10:51,382.52 KB,True,,,106730783,,INE726G01019,ICICI Prudential Life Insurance Company Limited,2026-08-07 13:10:50,ICICIPRULI
06-Aug-2026 17:29:05,192.20 KB,https://nsearchives.nseindia.com/corporate/ICICIPRULI_06082026172855_SE_Investor_meet_Aug_17_2026_intimation.pdf,ICICI Prudential Life Insurance Company Limited has informed the Exchange about Schedule of meet,,,Analysts/Institutional Investor Meet/Con. Call Updates,00:00:02,06082026172905,06-Aug-2026 17:29:07,192.20 KB,True,,,106729053,,INE726G01019,ICICI Prudential Life Insurance Company Limited,2026-08-06 17:29:05,ICICIPRULI
06-Aug-2026 17:27:50,192.32 KB,https://nsearchives.nseindia.com/corporate/ICICIPRULI_06082026172731_SE_Investor_meet_Aug_12_2026_intimation.pdf,ICICI Prudential Life Insurance Company Limited has informed the Exchange about Schedule of meet,,,Analysts/Institutional Investor Meet/Con. Call Updates,00:00:00,06082026172750,06-Aug-2026 17:27:50,192.32 KB,True,,,106729049,,INE726G01019,ICICI Prudential Life Insurance Company Limited,2026-08-06 17:27:50,ICICIPRULI
04-Aug-2026 18:02:57,181.54 KB,https://nsearchives.nseindia.com/corporate/ICICIPRULI_04082026180243_Disclosure_Order_dated_04082026.pdf,"ICICI Prudential Life Insurance Company Limited has informed the Exchange about Disclosure under Regulation 30 and Regulation 51 read with Schedule III of Securities and Exchange Board of India (Listing Obligations and Disclosure Requirements) Regulations, 2015 (SEBI Listing Regulations)",,,General Updates,00:00:01,04082026180257,04-Aug-2026 18:02:58,181.54 KB,True,,,106724593,,INE726G01019,ICICI Prudential Life Insurance Company Limited,2026-08-04 18:02:57,ICICIPRULI
04-Aug-2026 14:35:46,172.98 KB,https://nsearchives.nseindia.com/corporate/ICICIPRULI_04082026143525_SE_Intimation_Aug_4_2026.pdf,ICICI Prudential Life Insurance Company Limited has informed the Exchange regarding allotment of 5052 shares.,,,ESOP/ESOS/ESPS,00:00:01,04082026143546,04-Aug-2026 14:35:47,172.98 KB,True,,,106723825,,INE726G01019,ICICI Prudential Life Insurance Company Limited,2026-08-04 14:35:46,ICICIPRULI
31-Jul-2026 17:56:51,704.27 KB,https://nsearchives.nseindia.com/corporate/ICICIPRULI_31072026175633_SE_Intimation_Non_KYC_and_ECS_Rejection_for_Dividend_final.pdf,"Intimation as per Regulation 30 of SEBI (Listing Obligations and DisclosureRequirements) Regulations, 2015",,,General Updates,00:00:01,31072026175651,31-Jul-2026 17:56:52,704.27 KB,True,,,106719612,,INE726G01019,ICICI Prudential Life Insurance Company Limited,2026-07-31 17:56:51,ICICIPRULI
28-Jul-2026 13:37:02,173.03 KB,https://nsearchives.nseindia.com/corporate/ICICIPRULI_28072026133630_SE_Intimation_July_28_2026.pdf,ICICI Prudential Life Insurance Company Limited has informed the Exchange regarding allotment of 1948 shares.,,,ESOP/ESOS/ESPS,00:00:01,28072026133702,28-Jul-2026 13:37:03,173.03 KB,True,,,106713433,,INE726G01019,ICICI Prudential Life Insurance Company Limited,2026-07-28 13:37:02,ICICIPRULI
22-Jul-2026 17:30:13,612.38 KB,https://nsearchives.nseindia.com/corporate/ICICIPRULI_22072026172854_SE_intimation_Earnings_Call_Transcript_June_30_2026.pdf,ICICI Prudential Life Insurance Company Limited has informed the Exchange about Transcript,,,Analysts/Institutional Investor Meet/Con. Call Updates,00:00:01,22072026173013,22-Jul-2026 17:30:14,612.38 KB,True,,,106706753,,INE726G01019,ICICI Prudential Life Insurance Company Limited,2026-07-22 17:30:13,ICICIPRULI
21-Jul-2026 15:02:39,173.05 KB,https://nsearchives.nseindia.com/corporate/ICICIPRULI_21072026150052_SE_Intimation_July_21_2026.pdf,ICICI Prudential Life Insurance Company Limited has informed the Exchange regarding Allotment of 2000  Shares.,,,ESOP/ESOS/ESPS,00:00:01,21072026150239,21-Jul-2026 15:02:40,173.05 KB,True,,,106704893,,INE726G01019,ICICI Prudential Life Insurance Company Limited,2026-07-21 15:02:39,ICICIPRULI
17-Jul-2026 11:29:26,617.22 KB,https://nsearchives.nseindia.com/corporate/ICICIPRULI_17072026112905_SE_intimation_Newspaper_advertisement.pdf,ICICI Prudential Life Insurance Company Limited has informed the Exchange about Copy of Newspaper Publication,,,Copy of Newspaper Publication,00:00:01,17072026112926,17-Jul-2026 11:29:27,617.22 KB,True,,,106701201,,INE726G01019,ICICI Prudential Life Insurance Company Limited,2026-07-17 11:29:26,ICICIPRULI
16-Jul-2026 22:01:30,2.97 MB,https://nsearchives.nseindia.com/corporate/ICICIPRULI_16072026220115_SE_Intimation_Dividend_credit_intimation.pdf,ICICI Prudential Life Insurance Company Limited has informed the Exchange about General Updates,,,General Updates,00:00:01,16072026220130,16-Jul-2026 22:01:31,2.97 MB,True,,,106700731,,INE726G01019,ICICI Prudential Life Insurance Company Limited,2026-07-16 22:01:30,ICICIPRULI
15-Jul-2026 18:54:08,110.30 KB,https://nsearchives.nseindia.com/corporate/ICICIPRULI_15072026185142_SE_intimation_Earnings_Call_Audio_Recordings_June_30_2026.pdf,ICICI Prudential Life Insurance Company Limited has informed the Exchange about Link of Recording,,,Analysts/Institutional Investor Meet/Con. Call Updates,00:00:01,15072026185408,15-Jul-2026 18:54:09,110.30 KB,True,,,106699130,,INE726G01019,ICICI Prudential Life Insurance Company Limited,2026-07-15 18:54:08,ICICIPRULI
15-Jul-2026 14:18:24,2.01 MB,https://nsearchives.nseindia.com/corporate/ICICIPRULI_15072026141729_SE_Earnings_presentation_intimation_July_15_2026.pdf,ICICI Prudential Life Insurance Company Limited has informed the Exchange about Investor Presentation,,,Investor Presentation,00:00:01,15072026141824,15-Jul-2026 14:18:25,2.01 MB,True,,,106698484,,INE726G01019,ICICI Prudential Life Insurance Company Limited,2026-07-15 14:18:24,ICICIPRULI
15-Jul-2026 13:44:12,2.75 MB,https://nsearchives.nseindia.com/corporate/ICICIPRULI_15072026134205_Outcome_BM_July_15_2026.pdf,"ICICI Prudential Life Insurance Company Limited has submitted to the Exchange, the financial results for the period ended Jun 30, 2026.",,,Outcome of Board Meeting,00:00:01,15072026134412,15-Jul-2026 13:44:13,2.75 MB,True,,,106698457,,INE726G01019,ICICI Prudential Life Insurance Company Limited,2026-07-15 13:44:12,ICICIPRULI
15-Jul-2026 12:22:20,354.61 KB,https://nsearchives.nseindia.com/corporate/ICICIPRULI_15072026122202_SE_Intimation_Reg_74_5_June_30_2026.pdf,"ICICI Prudential Life Insurance Company Limited has informed the Exchange about Certificate under Regulation 74(5) of SEBI (Depositories and Participants) Regulations, 2018 for the quarter ended June 30, 2026.",,,"Certificate under SEBI (Depositories and Participants) Regulations, 2018",00:00:01,15072026122220,15-Jul-2026 12:22:21,354.61 KB,True,,,106698338,,INE726G01019,ICICI Prudential Life Insurance Company Limited,2026-07-15 12:22:20,ICICIPRULI
14-Jul-2026 15:25:33,173.03 KB,https://nsearchives.nseindia.com/corporate/ICICIPRULI_14072026152500_SE_Intimation_July_14_2026_Signed.pdf,ICICI Prudential Life Insurance Company Limited has informed the Exchange regarding Allotment of 6688  Shares.,,,ESOP/ESOS/ESPS,00:00:01,14072026152533,14-Jul-2026 15:25:34,173.03 KB,True,,,106697056,,INE726G01019,ICICI Prudential Life Insurance Company Limited,2026-07-14 15:25:33,ICICIPRULI
08-Jul-2026 12:54:58,510.37 KB,https://nsearchives.nseindia.com/corporate/ICICIPRULI_08072026125431_SE_monthly_business_presentation_June_2026.pdf,ICICI Prudential Life Insurance Company Limited has informed the Exchange about Investor Presentation,,,Investor Presentation,00:00:01,08072026125458,08-Jul-2026 12:54:59,510.37 KB,True,,,106690332,,INE726G01019,ICICI Prudential Life Insurance Company Limited,2026-07-08 12:54:58,ICICIPRULI
07-Jul-2026 14:35:47,225.41 KB,https://nsearchives.nseindia.com/corporate/ICICIPRULI_07072026143540_SE_Intimation_July_7_2026.pdf,ICICI Prudential Life Insurance Company Limited has informed the Exchange regarding allotment of 11360 shares.,,,ESOP/ESOS/ESPS,00:00:01,07072026143547,07-Jul-2026 14:35:48,225.41 KB,True,,,106688898,,INE726G01019,ICICI Prudential Life Insurance Company Limited,2026-07-07 14:35:47,ICICIPRULI
06-Jul-2026 18:06:00,34.10 KB,https://nsearchives.nseindia.com/corporate/ICICIPRULI_ROID_91195_KMP_Doc.zip,ICICI Prudential Life Insurance Company Limited has informed the Exchange about Resignation of Director/KMP/SMP,,,Resignation of Director/KMP/SMP,00:00:01,06072026180600,06-Jul-2026 18:06:01,34.10 KB,True,,,106687832,,INE726G01019,ICICI Prudential Life Insurance Company Limited,2026-07-06 18:06:00,ICICIPRULI
06-Jul-2026 14:59:14,891.31 KB,https://nsearchives.nseindia.com/corporate/ICICIPRULI_06072026145908_SE_Intimation.pdf,"ICICI Prudential Life Insurance Company Limited has informed the Exchange regarding Resignation of Mr Naveen Tahilyani as Non- Executive Director of the Company w.e.f. July 06, 2026.",,,Resignation,00:00:03,06072026145914,06-Jul-2026 14:59:17,891.31 KB,True,,,106687458,,INE726G01019,ICICI Prudential Life Insurance Company Limited,2026-07-06 14:59:14,ICICIPRULI
06-Jul-2026 14:56:55,891.31 KB,https://nsearchives.nseindia.com/corporate/ICICIPRULI_06072026145647_SE_Intimation.pdf,ICICI Prudential Life Insurance Company Limited has informed the Exchange about resignation of Director.,,,General Updates,00:00:02,06072026145655,06-Jul-2026 14:56:57,891.31 KB,True,,,106687455,,INE726G01019,ICICI Prudential Life Insurance Company Limited,2026-07-06 14:56:55,ICICIPRULI
06-Jul-2026 14:54:01,891.31 KB,https://nsearchives.nseindia.com/corporate/ICICIPRULI_06072026145351_SE_Intimation.pdf,"ICICI Prudential Life Insurance Company Limited has informed the Exchange regarding Outcome of Board Meeting held on July 06, 2026.",,,Outcome of Board Meeting,00:00:01,06072026145401,06-Jul-2026 14:54:02,891.31 KB,True,,,106687449,,INE726G01019,ICICI Prudential Life Insurance Company Limited,2026-07-06 14:54:01,ICICIPRULI
05-Jul-2026 10:07:19,2.02 MB,https://nsearchives.nseindia.com/corporate/ICICIPRULI_05072026100705_SE_Intimation_July_5_2026.pdf,"ICICI Prudential Life Insurance Company Limited has informed the Exchange about disclosure under Regulation 30, 30A and 51 of the Securities and Exchange Board of India (Listing Obligations and Disclosure Requirements) Regulations, 2015",,,General Updates,00:00:00,05072026100719,05-Jul-2026 10:07:19,2.02 MB,True,,,106686954,,INE726G01019,ICICI Prudential Life Insurance Company Limited,2026-07-05 10:07:19,ICICIPRULI
05-Jul-2026 10:04:51,2.02 MB,https://nsearchives.nseindia.com/corporate/ICICIPRULI_05072026100339_SE_Intimation_July_5_2026.pdf,"ICICI Prudential Life Insurance Company Limited has informed the Exchange about disclosure under Regulation 30, 30A and 51 of the Securities and Exchange Board of India (Listing Obligations and Disclosure Requirements) Regulations, 2015.",,,Agreements,00:00:01,05072026100451,05-Jul-2026 10:04:52,2.02 MB,True,,,106686953,,INE726G01019,ICICI Prudential Life Insurance Company Limited,2026-07-05 10:04:51,ICICIPRULI
03-Jul-2026 19:37:02,213.64 KB,https://nsearchives.nseindia.com/corporate/ICICIPRULI_03072026193653_SE_Earnings_intimation_Q1FY2027.pdf,ICICI Prudential Life Insurance Company Limited has informed the Exchange about Schedule of meet,,,Analysts/Institutional Investor Meet/Con. Call Updates,00:00:02,03072026193702,03-Jul-2026 19:37:04,213.64 KB,True,,,106686263,,INE726G01019,ICICI Prudential Life Insurance Company Limited,2026-07-03 19:37:02,ICICIPRULI
02-Jul-2026 20:16:55,148.73 KB,https://nsearchives.nseindia.com/corporate/ICICIPRULI_02072026201645_Disclosure_to_Stock_Exchange.pdf,"ICICI Prudential Life Insurance Company Limited has informed the Exchange about Disclosure under Regulation 30 and Regulation 51 read with Schedule III of Securities and Exchange Board of India (Listing Obligations and Disclosure Requirements) Regulations, 2015 (SEBI Listing Regulations)",,,General Updates,00:00:01,02072026201655,02-Jul-2026 20:16:56,148.73 KB,True,,,106684925,,INE726G01019,ICICI Prudential Life Insurance Company Limited,2026-07-02 20:16:55,ICICIPRULI
01-Jul-2026 01:16:44,746.82 KB,https://nsearchives.nseindia.com/corporate/ICICIPRULI_01072026011628_SE_intimation_Proceedings_of_AGM.pdf,"ICICI Prudential Life Insurance Company Limited has informed the Exchange regarding Proceedings of Annual General Meeting held on Jun 30, 2026. Further, the company has submitted the Exchange a copy of Srutinizers report along with voting results.",,,Shareholders meeting,00:00:01,01072026011644,01-Jul-2026 01:16:45,746.82 KB,True,,,106682537,,INE726G01019,ICICI Prudential Life Insurance Company Limited,2026-07-01 01:16:44,ICICIPRULI
26-Jun-2026 18:39:04,302.50 KB,https://nsearchives.nseindia.com/corporate/ICICIPRULI_26062026183853_SE_intimation_for_Window_closure.pdf,"ICICI Prudential Life Insurance Company Limited has informed the Exchange regarding the Trading Window closure pursuant to SEBI (Prohibition of Insider Trading) Regulations, 2015",,,Trading Window,00:00:01,26062026183904,26-Jun-2026 18:39:05,302.50 KB,True,,,106677810,,INE726G01019,ICICI Prudential Life Insurance Company Limited,2026-06-26 18:39:04,ICICIPRULI
23-Jun-2026 14:44:05,200.20 KB,https://nsearchives.nseindia.com/corporate/ICICIPRULI_23062026144331_SE_Intimation_June_23_2026.pdf,ICICI Prudential Life Insurance Company Limited has informed the Exchange regarding Allotment of 67604 Shares.,,,ESOP/ESOS/ESPS,00:00:01,23062026144405,23-Jun-2026 14:44:06,200.20 KB,True,,,106670826,,INE726G01019,ICICI Prudential Life Insurance Company Limited,2026-06-23 14:44:05,ICICIPRULI
18-Jun-2026 22:33:00,181.26 KB,https://nsearchives.nseindia.com/corporate/ICICIPRULI_18062026223247_Disclosure_under_Regulation_30_and_51.pdf,ICICI Prudential Life Insurance Company Limited has informed the Exchange about Rumour Verification - Regulation 30(11),,,Rumour Verification - Regulation 30(11),00:00:01,18062026223300,18-Jun-2026 22:33:01,181.26 KB,True,,,106667253,,INE726G01019,ICICI Prudential Life Insurance Company Limited,2026-06-18 22:33:00,ICICIPRULI
16-Jun-2026 14:21:10,192.93 KB,https://nsearchives.nseindia.com/corporate/ICICIPRULI_16062026142054_SE_Intimation_June_16_2026.pdf,ICICI Prudential Life Insurance Company Limited has informed the Exchange regarding Allotment of 47658  Shares.,,,ESOP/ESOS/ESPS,00:00:02,16062026142110,16-Jun-2026 14:21:12,192.93 KB,True,,,106664405,,INE726G01019,ICICI Prudential Life Insurance Company Limited,2026-06-16 14:21:10,ICICIPRULI
09-Jun-2026 13:35:11,181.08 KB,https://nsearchives.nseindia.com/corporate/ICICIPRULI_09062026133301_SE_Intimation_June_9_2026.pdf,ICICI Prudential Life Insurance Company Limited has informed the Exchange regarding allotment of 35610 shares.,,,ESOP/ESOS/ESPS,00:00:01,09062026133511,09-Jun-2026 13:35:12,181.08 KB,True,,,106658537,,INE726G01019,ICICI Prudential Life Insurance Company Limited,2026-06-09 13:35:11,ICICIPRULI
09-Jun-2026 11:02:27,416.35 KB,https://nsearchives.nseindia.com/corporate/ICICIPRULI_09062026110214_SE_monthly_business_presentation_May_2026.pdf,ICICI Prudential Life Insurance Company Limited has informed the Exchange about Investor Presentation,,,Investor Presentation,00:00:01,09062026110227,09-Jun-2026 11:02:28,416.35 KB,True,,,106658287,,INE726G01019,ICICI Prudential Life Insurance Company Limited,2026-06-09 11:02:27,ICICIPRULI
05-Jun-2026 15:45:33,148.23 KB,https://nsearchives.nseindia.com/corporate/ICICIPRULI_05062026154524_Disclosure_order_dated_June_4_2026.pdf,"ICICI Prudential Life Insurance Company Limited has informed the Exchange about Disclosure under Regulation 30 and Regulation 51 read with Schedule III of Securities and Exchange Board of India (Listing Obligations and Disclosure Requirements) Regulations, 2015 (SEBI Listing Regulations)",,,General Updates,00:00:01,05062026154533,05-Jun-2026 15:45:34,148.23 KB,True,,,106655979,,INE726G01019,ICICI Prudential Life Insurance Company Limited,2026-06-05 15:45:33,ICICIPRULI
05-Jun-2026 11:32:06,790.93 KB,https://nsearchives.nseindia.com/corporate/ICICIPRULI_05062026113153_SE_Intimation_Post_Newspaper_publication_05062026.pdf,ICICI Prudential Life Insurance Company Limited has informed the Exchange about Copy of Newspaper Publication,,,Copy of Newspaper Publication,00:00:02,05062026113206,05-Jun-2026 11:32:08,790.93 KB,True,,,106655712,,INE726G01019,ICICI Prudential Life Insurance Company Limited,2026-06-05 11:32:06,ICICIPRULI
04-Jun-2026 20:08:48,18.20 MB,https://nsearchives.nseindia.com/corporate/ICICIPRULI_04062026200821_SE_Intimation_Annual_Report_.pdf,ICICI Prudential Life Insurance Company Limited has informed the Exchange regarding ''Business Responsibility and Sustainability Report for FY2026'.',,,Updates,00:00:01,04062026200848,04-Jun-2026 20:08:49,18.20 MB,True,,,106655237,,INE726G01019,ICICI Prudential Life Insurance Company Limited,2026-06-04 20:08:48,ICICIPRULI
04-Jun-2026 20:00:30,18.20 MB,https://nsearchives.nseindia.com/corporate/ICICIPRULI_04062026195825_SE_Intimation_Annual_Report_.pdf,"ICICI Prudential Life Insurance Company Limited has informed the Exchange regarding Notice of Annual General Meeting to be held on Jun 30, 2026",,,Shareholders meeting,00:00:01,04062026200030,04-Jun-2026 20:00:31,18.20 MB,True,,,106655232,,INE726G01019,ICICI Prudential Life Insurance Company Limited,2026-06-04 20:00:30,ICICIPRULI
03-Jun-2026 11:43:54,663.67 KB,https://nsearchives.nseindia.com/corporate/ICICIPRULI_03062026114003_SE_Intimation_Pre_Newspaper_publication_03062026.pdf,ICICI Prudential Life Insurance Company Limited has informed the Exchange about Copy of Newspaper Publication,,,Copy of Newspaper Publication,00:00:01,03062026114354,03-Jun-2026 11:43:55,663.67 KB,True,,,106653333,,INE726G01019,ICICI Prudential Life Insurance Company Limited,2026-06-03 11:43:54,ICICIPRULI
02-Jun-2026 16:44:14,203.04 KB,https://nsearchives.nseindia.com/corporate/ICICIPRULI_02062026164407_Disclosure_order_dated_June_01_2026.pdf,"ICICI Prudential Life Insurance Company Limited has informed the Exchange about Update on Disclosure under Regulation 30 and Regulation 51 read with Schedule III of Securities and Exchange Board of India (Listing Obligations and Disclosure Requirements) Regulations, 2015 (SEBI Listing Regulations)",,,General Updates,00:00:01,02062026164414,02-Jun-2026 16:44:15,203.04 KB,True,,,106652538,,INE726G01019,ICICI Prudential Life Insurance Company Limited,2026-06-02 16:44:14,ICICIPRULI
02-Jun-2026 14:02:51,208.78 KB,https://nsearchives.nseindia.com/corporate/ICICIPRULI_02062026140242_SE_Intimation_June_2_2026.pdf,ICICI Prudential Life Insurance Company Limited has informed the Exchange regarding allotment of 109034 shares.,,,ESOP/ESOS/ESPS,00:00:01,02062026140251,02-Jun-2026 14:02:52,208.78 KB,True,,,106652357,,INE726G01019,ICICI Prudential Life Insurance Company Limited,2026-06-02 14:02:51,ICICIPRULI
28-May-2026 17:01:58,192.04 KB,https://nsearchives.nseindia.com/corporate/ICICIPRULI_28052026170145_SE_Investor_meet_June_9_2026_intimation.pdf,ICICI Prudential Life Insurance Company Limited has informed the Exchange about Schedule of meet,,,Analysts/Institutional Investor Meet/Con. Call Updates,00:00:01,28052026170158,28-May-2026 17:01:59,192.04 KB,True,,,106645452,,INE726G01019,ICICI Prudential Life Insurance Company Limited,2026-05-28 17:01:58,ICICIPRULI
28-May-2026 17:00:10,192.00 KB,https://nsearchives.nseindia.com/corporate/ICICIPRULI_28052026165957_SE_Investor_meet_June_8_2026_intimation.pdf,ICICI Prudential Life Insurance Company Limited has informed the Exchange about Schedule of meet,,,Analysts/Institutional Investor Meet/Con. Call Updates,00:00:02,28052026170010,28-May-2026 17:00:12,192.00 KB,True,,,106645450,,INE726G01019,ICICI Prudential Life Insurance Company Limited,2026-05-28 17:00:10,ICICIPRULI
28-May-2026 16:51:38,192.12 KB,https://nsearchives.nseindia.com/corporate/ICICIPRULI_28052026164827_SE_Investor_meet_June_4_2026_intimation.pdf,ICICI Prudential Life Insurance Company Limited has informed the Exchange about Schedule of meet,,,Analysts/Institutional Investor Meet/Con. Call Updates,00:00:01,28052026165138,28-May-2026 16:51:39,192.12 KB,True,,,106645425,,INE726G01019,ICICI Prudential Life Insurance Company Limited,2026-05-28 16:51:38,ICICIPRULI
28-May-2026 16:07:34,192.05 KB,https://nsearchives.nseindia.com/corporate/ICICIPRULI_28052026160715_SE_Investor_meet_June_3_2026_intimation.pdf,ICICI Prudential Life Insurance Company Limited has informed the Exchange about Schedule of meet,,,Analysts/Institutional Investor Meet/Con. Call Updates,00:00:01,28052026160734,28-May-2026 16:07:35,192.05 KB,True,,,106645288,,INE726G01019,ICICI Prudential Life Insurance Company Limited,2026-05-28 16:07:34,ICICIPRULI
27-May-2026 22:58:54,410.43 KB,https://nsearchives.nseindia.com/corporate/ICICIPRULI_27052026225829_SE_Intimation_under_Regulation_30_TDS_related.pdf,"ICICI Prudential Life Insurance Company Limited has informed the Exchange about Intimation Under Regulation 30 of SEBI (Listing Obligations And Disclosure Requirements) Regulations, 2015",,,General Updates,00:00:01,27052026225854,27-May-2026 22:58:55,410.43 KB,True,,,106644564,,INE726G01019,ICICI Prudential Life Insurance Company Limited,2026-05-27 22:58:54,ICICIPRULI
26-May-2026 15:23:33,201.48 KB,https://nsearchives.nseindia.com/corporate/ICICIPRULI_26052026152324_SE_Intimation_May_26_2026.pdf,ICICI Prudential Life Insurance Company Limited has informed the Exchange regarding allotment of 63019 shares.,,,ESOP/ESOS/ESPS,00:00:00,26052026152333,26-May-2026 15:23:33,201.48 KB,True,,,106641246,,INE726G01019,ICICI Prudential Life Insurance Company Limited,2026-05-26 15:23:33,ICICIPRULI
21-May-2026 12:59:23,192.61 KB,https://nsearchives.nseindia.com/corporate/ICICIPRULI_21052026125909_Disclosure_under_Regulation_30_11_.pdf,ICICI Prudential Life Insurance Company Limited has informed the Exchange about Rumour Verification - Regulation 30(11),,,Rumour Verification - Regulation 30(11),00:00:00,21052026125923,21-May-2026 12:59:23,192.61 KB,True,,,106633333,,INE726G01019,ICICI Prudential Life Insurance Company Limited,2026-05-21 12:59:23,ICICIPRULI
19-May-2026 15:00:35,208.73 KB,https://nsearchives.nseindia.com/corporate/ICICIPRULI_19052026150025_SE_Intimation_May_19_2026.pdf,ICICI Prudential Life Insurance Company Limited has informed the Exchange regarding allotment of 29301 shares.,,,ESOP/ESOS/ESPS,00:00:01,19052026150035,19-May-2026 15:00:36,208.73 KB,True,,,106629353,,INE726G01019,ICICI Prudential Life Insurance Company Limited,2026-05-19 15:00:35,ICICIPRULI
17-May-2026 23:43:33,666.20 KB,https://nsearchives.nseindia.com/corporate/ICICIPRULI_17052026233958_SE_Intimation_as_per_Reg_30_and_51.pdf,ICICI Prudential Life Insurance Company Limited has informed the Exchange regarding disclosure under Regulation 30A of Listing Regulations.,,,Updates,00:00:01,17052026234333,17-May-2026 23:43:34,666.20 KB,True,,,106626907,,INE726G01019,ICICI Prudential Life Insurance Company Limited,2026-05-17 23:43:33,ICICIPRULI
17-May-2026 22:34:46,666.20 KB,https://nsearchives.nseindia.com/corporate/ICICIPRULI_17052026223302_SE_Intimation_as_per_Reg_30_and_51.pdf,ICICI Prudential Life Insurance Company Limited has informed the Exchange about disclosure under Regulation 30 of Listing Regulations.,,,General Updates,00:00:01,17052026223446,17-May-2026 22:34:47,666.20 KB,True,,,106626900,,INE726G01019,ICICI Prudential Life Insurance Company Limited,2026-05-17 22:34:46,ICICIPRULI
15-May-2026 21:08:10,260.41 KB,https://nsearchives.nseindia.com/corporate/ICICIPRULI_15052026210753_SE_Intimation_IEPF_Letter_to_SH_.pdf,ICICI Prudential Life Insurance Company Limited has informed the Exchange about intimation of Notice sent to shareholders for transfer of shares to Investor Education and Protection Fund (IEPF).,,,General Updates,00:00:01,15052026210810,15-May-2026 21:08:11,260.41 KB,True,,,106625720,,INE726G01019,ICICI Prudential Life Insurance Company Limited,2026-05-15 21:08:10,ICICIPRULI
14-May-2026 19:56:57,204.50 KB,https://nsearchives.nseindia.com/corporate/ICICIPRULI_14052026195549_SE_Intimation_BM_May_14_2026_.pdf,ICICI Prudential Life Insurance Company Limited has informed the Exchange that Record date for the purpose of Dividend  is 05-Jun-2026.,,,Record Date,00:00:01,14052026195657,14-May-2026 19:56:58,204.50 KB,True,,,106623394,,INE726G01019,ICICI Prudential Life Insurance Company Limited,2026-05-14 19:56:57,ICICIPRULI
14-May-2026 19:54:19,204.50 KB,https://nsearchives.nseindia.com/corporate/ICICIPRULI_14052026194938_SE_Intimation_BM_May_14_2026_.pdf,ICICI Prudential Life Insurance Company Limited has informed the Exchange regarding 'Intimation of Annual General Meeting '.,,,Updates,00:00:00,14052026195419,14-May-2026 19:54:19,204.50 KB,True,,,106623386,,INE726G01019,ICICI Prudential Life Insurance Company Limited,2026-05-14 19:54:19,ICICIPRULI
12-May-2026 13:28:48,208.77 KB,https://nsearchives.nseindia.com/corporate/ICICIPRULI_12052026132835_SE_Intimation_May_12_2026.pdf,ICICI Prudential Life Insurance Company Limited has informed the Exchange regarding allotment of 255615 shares.,,,ESOP/ESOS/ESPS,00:00:00,12052026132848,12-May-2026 13:28:48,208.77 KB,True,,,106618364,,INE726G01019,ICICI Prudential Life Insurance Company Limited,2026-05-12 13:28:48,ICICIPRULI
12-May-2026 11:57:52,2.30 MB,https://nsearchives.nseindia.com/corporate/ICICIPRULI_12052026115747_SE_Intimation_IEPF_Newspaper.pdf,ICICI Prudential Life Insurance Company Limited has informed the Exchange about Copy of Newspaper Publication,,,Copy of Newspaper Publication,00:00:01,12052026115752,12-May-2026 11:57:53,2.30 MB,True,,,106618191,,INE726G01019,ICICI Prudential Life Insurance Company Limited,2026-05-12 11:57:52,ICICIPRULI
08-May-2026 17:08:10,610.36 KB,https://nsearchives.nseindia.com/corporate/ICICIPRULI_08052026170800_SE_monthly_business_presentation_April_2026.pdf,ICICI Prudential Life Insurance Company Limited has informed the Exchange about Investor Presentation,,,Investor Presentation,00:00:01,08052026170810,08-May-2026 17:08:11,610.36 KB,True,,,106614808,,INE726G01019,ICICI Prudential Life Insurance Company Limited,2026-05-08 17:08:10,ICICIPRULI
05-May-2026 14:16:13,207.91 KB,https://nsearchives.nseindia.com/corporate/ICICIPRULI_05052026141559_SE_Intimation_May_5_2026.pdf,ICICI Prudential Life Insurance Company Limited has informed the Exchange regarding allotment of 97746 shares.,,,ESOP/ESOS/ESPS,00:00:01,05052026141613,05-May-2026 14:16:14,207.91 KB,True,,,106609477,,INE726G01019,ICICI Prudential Life Insurance Company Limited,2026-05-05 14:16:13,ICICIPRULI
30-Apr-2026 13:56:45,192.23 KB,https://nsearchives.nseindia.com/corporate/ICICIPRULI_30042026135613_SE_Investor_meet_May_6_2026_intimation.pdf,ICICI Prudential Life Insurance Company Limited has informed the Exchange about Schedule of meet,,,Analysts/Institutional Investor Meet/Con. Call Updates,00:00:01,30042026135645,30-Apr-2026 13:56:46,192.23 KB,True,,,106605509,,INE726G01019,ICICI Prudential Life Insurance Company Limited,2026-04-30 13:56:45,ICICIPRULI
28-Apr-2026 13:55:53,180.38 KB,https://nsearchives.nseindia.com/corporate/ICICIPRULI_28042026135521_SE_Intimation_April_28_2026.pdf,ICICI Prudential Life Insurance Company Limited has informed the Exchange regarding allotment of 190760 shares.,,,ESOP/ESOS/ESPS,00:00:01,28042026135553,28-Apr-2026 13:55:54,180.38 KB,True,,,106602447,,INE726G01019,ICICI Prudential Life Insurance Company Limited,2026-04-28 13:55:53,ICICIPRULI
24-Apr-2026 22:40:45,180.15 KB,https://nsearchives.nseindia.com/corporate/ICICIPRULI_24042026224030_SE_Intimationclarifying_the_new_article_April_24_2026.pdf,ICICI Prudential Life Insurance Company Limited has informed the Exchange about Rumour Verification - Regulation 30(11),,,Rumour Verification - Regulation 30(11),00:00:00,24042026224045,24-Apr-2026 22:40:45,180.15 KB,True,,,106600073,,INE726G01019,ICICI Prudential Life Insurance Company Limited,2026-04-24 22:40:45,ICICIPRULI
22-Apr-2026 17:24:08,237.09 KB,https://nsearchives.nseindia.com/corporate/ICICIPRULI_22042026172359_SE_Intimation_IEPF_April_22_2026.pdf,"ICICI Prudential Life Insurance Company Limited has informed the Exchange about Intimation of notice sent to shareholders as per directive of Investor Education and Protection Fund Authority, Ministry Of Corporate Affairs for initiation of Second 100 Days' Campaign from April 1, 2026 to July 9, 2026.",,,General Updates,00:00:01,22042026172408,22-Apr-2026 17:24:09,237.09 KB,True,,,106597089,,INE726G01019,ICICI Prudential Life Insurance Company Limited,2026-04-22 17:24:08,ICICIPRULI
21-Apr-2026 13:16:24,180.46 KB,https://nsearchives.nseindia.com/corporate/ICICIPRULI_21042026131614_SE_Intimation_April_21_2026.pdf,ICICI Prudential Life Insurance Company Limited has informed the Exchange regarding allotment of 317541 shares.,,,ESOP/ESOS/ESPS,00:00:01,21042026131624,21-Apr-2026 13:16:25,180.46 KB,True,,,106595417,,INE726G01019,ICICI Prudential Life Insurance Company Limited,2026-04-21 13:16:24,ICICIPRULI
20-Apr-2026 17:42:10,310.08 KB,https://nsearchives.nseindia.com/corporate/ICICIPRULI_20042026174203_SE_intimation_Earnings_Call_Transcript_March_31_2026_.pdf,ICICI Prudential Life Insurance Company Limited has informed the Exchange about Transcript,,,Analysts/Institutional Investor Meet/Con. Call Updates,00:00:01,20042026174210,20-Apr-2026 17:42:11,310.08 KB,True,,,106594401,,INE726G01019,ICICI Prudential Life Insurance Company Limited,2026-04-20 17:42:10,ICICIPRULI
16-Apr-2026 11:32:54,913.03 KB,https://nsearchives.nseindia.com/corporate/ICICIPRULI_16042026113247_SE_intimation_Newspaper_advertisement.pdf,ICICI Prudential Life Insurance Company Limited has informed the Exchange about Copy of Newspaper Publication,,,Copy of Newspaper Publication,00:00:00,16042026113254,16-Apr-2026 11:32:54,913.03 KB,True,,,106591270,,INE726G01019,ICICI Prudential Life Insurance Company Limited,2026-04-16 11:32:54,ICICIPRULI
15-Apr-2026 12:25:14,187.73 KB,https://nsearchives.nseindia.com/corporate/ICICIPRULI_15042026122456_SE_Intimation_April_15_2026.pdf,ICICI Prudential Life Insurance Company Limited has informed the Exchange regarding allotment of 209760 shares.,,,ESOP/ESOS/ESPS,00:00:01,15042026122514,15-Apr-2026 12:25:15,187.73 KB,True,,,106590014,,INE726G01019,ICICI Prudential Life Insurance Company Limited,2026-04-15 12:25:14,ICICIPRULI
14-Apr-2026 18:13:07,440.78 KB,https://nsearchives.nseindia.com/corporate/ICICIPRULI_14042026181240_SE_Intimation_Reg_74_5_Mar_31_2026.pdf,"ICICI Prudential Life Insurance Company Limited has informed the Exchange about Certificate under Regulation 74(5) of the SEBI (Depositories and Participants) Regulations, 2018.",,,"Certificate under SEBI (Depositories and Participants) Regulations, 2018",00:00:01,14042026181307,14-Apr-2026 18:13:08,440.78 KB,True,,,106589466,,INE726G01019,ICICI Prudential Life Insurance Company Limited,2026-04-14 18:13:07,ICICIPRULI
14-Apr-2026 17:28:58,125.15 KB,https://nsearchives.nseindia.com/corporate/ICICIPRULI_14042026172850_SE_intimation_Earnings_Call_Audio_Recordings_March_31_2026.pdf,ICICI Prudential Life Insurance Company Limited has informed the Exchange about Link of Recording,,,Analysts/Institutional Investor Meet/Con. Call Updates,00:00:00,14042026172858,14-Apr-2026 17:28:58,125.15 KB,True,,,106589415,,INE726G01019,ICICI Prudential Life Insurance Company Limited,2026-04-14 17:28:58,ICICIPRULI
14-Apr-2026 15:14:02,4.74 MB,https://nsearchives.nseindia.com/corporate/ICICIPRULI_14042026151346_Outcome_BM_April_14_2026_signed.pdf,"ICICI Prudential Life Insurance Company Limited has informed the Exchange regarding Appointment of Mr Amish Banker w.e.f. April 14, 2026.",,,Appointment,00:00:01,14042026151402,14-Apr-2026 15:14:03,4.74 MB,True,,,106589237,,INE726G01019,ICICI Prudential Life Insurance Company Limited,2026-04-14 15:14:02,ICICIPRULI
14-Apr-2026 15:14:02,4.74 MB,https://nsearchives.nseindia.com/corporate/ICICIPRULI_14042026151211_Outcome_BM_April_14_2026_signed.pdf,"ICICI Prudential Life Insurance Company Limited has informed the Exchange regarding Resignation of Mr Amit Palta w.e.f. Jun 01, 2026.",,,Resignation,00:00:01,14042026151402,14-Apr-2026 15:14:03,4.74 MB,True,,,106589236,,INE726G01019,ICICI Prudential Life Insurance Company Limited,2026-04-14 15:14:02,ICICIPRULI
14-Apr-2026 15:14:02,4.74 MB,https://nsearchives.nseindia.com/corporate/ICICIPRULI_14042026151026_Outcome_BM_April_14_2026_signed.pdf,"ICICI Prudential Life Insurance Company Limited has informed the Exchange regarding Resignation of Mr. Rajiv Adhikari w.e.f. May 31, 2026.",,,Resignation,00:00:01,14042026151402,14-Apr-2026 15:14:03,4.74 MB,True,,,106589235,,INE726G01019,ICICI Prudential Life Insurance Company Limited,2026-04-14 15:14:02,ICICIPRULI
14-Apr-2026 15:05:18,4.74 MB,https://nsearchives.nseindia.com/corporate/ICICIPRULI_14042026150433_Outcome_BM_April_14_2026_signed.pdf,ICICI Prudential Life Insurance Company Limited has informed the Exchange regarding Change in Auditors of the company.,,,Change in Auditors,00:00:01,14042026150518,14-Apr-2026 15:05:19,4.74 MB,True,,,106589225,,INE726G01019,ICICI Prudential Life Insurance Company Limited,2026-04-14 15:05:18,ICICIPRULI
14-Apr-2026 15:03:09,4.74 MB,https://nsearchives.nseindia.com/corporate/ICICIPRULI_14042026150250_Outcome_BM_April_14_2026_signed.pdf,ICICI Prudential Life Insurance Company Limited has informed the Exchange about Options to purchase securities,,,Options to purchase securities,00:00:01,14042026150309,14-Apr-2026 15:03:10,4.74 MB,True,,,106589219,,INE726G01019,ICICI Prudential Life Insurance Company Limited,2026-04-14 15:03:09,ICICIPRULI
14-Apr-2026 15:00:38,4.74 MB,https://nsearchives.nseindia.com/corporate/ICICIPRULI_14042026150012_Outcome_BM_April_14_2026_signed.pdf,"ICICI Prudential Life Insurance Company Limited has informed the Exchange that Board of Directors at its meeting held on April 14, 2026, recommended Final Dividend of Rs. 1.65 per equity share.",,,Dividend,00:00:01,14042026150038,14-Apr-2026 15:00:39,4.74 MB,True,,,106589216,,INE726G01019,ICICI Prudential Life Insurance Company Limited,2026-04-14 15:00:38,ICICIPRULI
14-Apr-2026 14:57:55,1.96 MB,https://nsearchives.nseindia.com/corporate/ICICIPRULI_14042026145744_SE_Earnings_presentation_intimation_April_14_2026.pdf,ICICI Prudential Life Insurance Company Limited has informed the Exchange about Investor Presentation,,,Investor Presentation,00:00:01,14042026145755,14-Apr-2026 14:57:56,1.96 MB,True,,,106589215,,INE726G01019,ICICI Prudential Life Insurance Company Limited,2026-04-14 14:57:55,ICICIPRULI
14-Apr-2026 14:49:29,4.74 MB,https://nsearchives.nseindia.com/corporate/ICICIPRULI_14042026144725_Outcome_BM_April_14_2026_signed.pdf,"ICICI Prudential Life Insurance Company Limited has submitted to the Exchange, the financial results for the period ended March 31, 2026.",,,Outcome of Board Meeting,00:00:01,14042026144929,14-Apr-2026 14:49:30,4.74 MB,True,,,106589201,,INE726G01019,ICICI Prudential Life Insurance Company Limited,2026-04-14 14:49:29,ICICIPRULI
07-Apr-2026 18:53:25,273.70 KB,https://nsearchives.nseindia.com/corporate/team_sandeshc_07042026131856_34.pdf,"ICICI Bank Limited has Submitted to the Exchange a copy of Disclosure under Regulation 31(4) of the Securities and Exchange Board of India (Substantial Acquisition of Shares and Takeovers) Regulations, 2011.",,,Disclosure under SEBI Takeover Regulations,00:00:01,07042026185325,07-Apr-2026 18:53:26,273.70 KB,True,,,106581911,,INE726G01019,ICICI Prudential Life Insurance Company Limited,2026-04-07 18:53:25,ICICIPRULI
07-Apr-2026 13:40:29,207.96 KB,https://nsearchives.nseindia.com/corporate/ICICIPRULI_07042026134018_SE_Intimation_April_7_2026.pdf,ICICI Prudential Life Insurance Company Limited has informed the Exchange regarding allotment of 82741 shares.,,,ESOP/ESOS/ESPS,00:00:01,07042026134029,07-Apr-2026 13:40:30,207.96 KB,True,,,106581939,,INE726G01019,ICICI Prudential Life Insurance Company Limited,2026-04-07 13:40:29,ICICIPRULI
01-Apr-2026 18:11:59,174.73 KB,https://nsearchives.nseindia.com/corporate/ICICIPRULI_01042026181116_SE_Earnings_intimation_FY2026_.pdf,ICICI Prudential Life Insurance Company Limited has informed the Exchange about Schedule of meet,,,Analysts/Institutional Investor Meet/Con. Call Updates,00:00:01,01042026181159,01-Apr-2026 18:12:00,174.73 KB,True,,,106577457,,INE726G01019,ICICI Prudential Life Insurance Company Limited,2026-04-01 18:11:59,ICICIPRULI
31-Mar-2026 19:50:10,265.11 KB,https://nsearchives.nseindia.com/corporate/ICICIPRULI_31032026194201_SE_intimation_Social_Media_Post.pdf,ICICI Prudential Life Insurance Company Limited has informed the Exchange about General Updates,,,General Updates,00:00:01,31032026195010,31-Mar-2026 19:50:11,265.11 KB,True,,,106576409,,INE726G01019,ICICI Prudential Life Insurance Company Limited,2026-03-31 19:50:10,ICICIPRULI
31-Mar-2026 18:10:33,183.16 KB,https://nsearchives.nseindia.com/corporate/ICICIPRULI_31032026181027_Disclosure_order_dated_31032026.pdf,"ICICI Prudential Life Insurance Company Limited has informed the Exchange about Update on Disclosure under Regulation 30 and Regulation 51 read with Schedule III of Securities and Exchange Board of India (Listing Obligations and Disclosure Requirements) Regulations, 2015 (SEBI Listing Regulations)",,,General Updates,00:00:01,31032026181033,31-Mar-2026 18:10:34,183.16 KB,True,,,106576162,,INE726G01019,ICICI Prudential Life Insurance Company Limited,2026-03-31 18:10:33,ICICIPRULI
26-Mar-2026 16:52:22,2.31 MB,https://nsearchives.nseindia.com/corporate/ICICIPRULI_26032026165155_SE_intimation_for_Window_closure_signed.pdf,"ICICI Prudential Life Insurance Company Limited has informed the Exchange regarding the Trading Window closure pursuant to SEBI (Prohibition of Insider Trading) Regulations, 2015",,,Trading Window,00:00:01,26032026165222,26-Mar-2026 16:52:23,2.31 MB,True,,,106569797,,INE726G01019,ICICI Prudential Life Insurance Company Limited,2026-03-26 16:52:22,ICICIPRULI
26-Mar-2026 16:17:03,2.31 MB,https://nsearchives.nseindia.com/corporate/ICICIPRULI_26032026161653_Draft_disclosure_order_dated_March_26_2026.pdf,ICICI Prudential Life Insurance Company Limited has informed the Exchange about Action(s) initiated or orders passed,,,Action(s) initiated or orders passed,00:00:01,26032026161703,26-Mar-2026 16:17:04,2.31 MB,True,,,106569659,,INE726G01019,ICICI Prudential Life Insurance Company Limited,2026-03-26 16:17:03,ICICIPRULI
24-Mar-2026 18:43:19,197.39 KB,https://nsearchives.nseindia.com/corporate/ICICIPRULI_24032026184308_Disclosure_order_recd_dated_23032026.pdf,ICICI Prudential Life Insurance Company Limited has informed the Exchange about Action(s) initiated or orders passed,,,Action(s) initiated or orders passed,00:00:01,24032026184319,24-Mar-2026 18:43:20,197.39 KB,True,,,106566072,,INE726G01019,ICICI Prudential Life Insurance Company Limited,2026-03-24 18:43:19,ICICIPRULI
24-Mar-2026 13:11:34,228.38 KB,https://nsearchives.nseindia.com/corporate/ICICIPRULI_24032026131119_SE_Intimation_March_24_2026.pdf,ICICI Prudential Life Insurance Company Limited has informed the Exchange regarding allotment of 41918 shares.,,,ESOP/ESOS/ESPS,00:00:02,24032026131134,24-Mar-2026 13:11:36,228.38 KB,True,,,106565247,,INE726G01019,ICICI Prudential Life Insurance Company Limited,2026-03-24 13:11:34,ICICIPRULI
19-Mar-2026 15:14:46,142.96 KB,https://nsearchives.nseindia.com/corporate/ICICIPRULI_19032026151436_SE_Intimation_Clarification_March_19_2026.pdf,ICICI Prudential Life Insurance Company Limited has informed the Exchange about Rumour Verification - Regulation 30(11),,,Rumour Verification - Regulation 30(11),00:00:01,19032026151446,19-Mar-2026 15:14:47,142.96 KB,True,,,106561391,,INE726G01019,ICICI Prudential Life Insurance Company Limited,2026-03-19 15:14:46,ICICIPRULI
19-Mar-2026 15:10:19,142.96 KB,https://nsearchives.nseindia.com/corporate/ICICIPRULI_19032026151009_SE_Intimation_Clarification_March_19_2026.pdf,The Exchange has sought clarification from ICICI Prudential Life Insurance Company Limited with respect to recent news item captioned Prudential may exit life insurance joint venture with ICICI Bank.  The response from the Company is attached.,,,News Verification,00:00:01,19032026151019,19-Mar-2026 15:10:20,142.96 KB,True,,,106561385,,INE726G01019,ICICI Prudential Life Insurance Company Limited,2026-03-19 15:10:19,ICICIPRULI
19-Mar-2026 13:15:22,0 Bytes,-,The Exchange has sought clarification from ICICI Prudential Life Insurance Company Limited with respect to recent news item captioned Prudential may exit life insurance joint venture with ICICI Bank.  The response from the Company is awaited.,,,News Verification,00:00:01,19032026131522,19-Mar-2026 13:15:23,0 Bytes,True,,,106561304,,INE726G01019,ICICI Prudential Life Insurance Company Limited,2026-03-19 13:15:22,ICICIPRULI
17-Mar-2026 12:09:24,208.09 KB,https://nsearchives.nseindia.com/corporate/ICICIPRULI_17032026120916_SE_Intimation_March_17_2026.pdf,ICICI Prudential Life Insurance Company Limited has informed the Exchange regarding allotment of 56510 shares.,,,ESOP/ESOS/ESPS,00:00:01,17032026120924,17-Mar-2026 12:09:25,208.09 KB,True,,,106559140,,INE726G01019,ICICI Prudential Life Insurance Company Limited,2026-03-17 12:09:24,ICICIPRULI
11-Mar-2026 01:53:25,199.91 KB,https://nsearchives.nseindia.com/corporate/ICICIPRULI_11032026015316_SE_Investor_meet_Mar_20_2026_intimation.pdf,ICICI Prudential Life Insurance Company Limited has informed the Exchange about Schedule of meet,,,Analysts/Institutional Investor Meet/Con. Call Updates,00:00:02,11032026015325,11-Mar-2026 01:53:27,199.91 KB,True,,,106554415,,INE726G01019,ICICI Prudential Life Insurance Company Limited,2026-03-11 01:53:25,ICICIPRULI
11-Mar-2026 01:51:45,199.85 KB,https://nsearchives.nseindia.com/corporate/ICICIPRULI_11032026015137_SE_Investor_meet_Mar_19_2026_intimation.pdf,ICICI Prudential Life Insurance Company Limited has informed the Exchange about Schedule of meet,,,Analysts/Institutional Investor Meet/Con. Call Updates,00:00:01,11032026015145,11-Mar-2026 01:51:46,199.85 KB,True,,,106554414,,INE726G01019,ICICI Prudential Life Insurance Company Limited,2026-03-11 01:51:45,ICICIPRULI
11-Mar-2026 01:50:14,199.94 KB,https://nsearchives.nseindia.com/corporate/ICICIPRULI_11032026015006_SE_Investor_meet_Mar_18_2026_intimation.pdf,ICICI Prudential Life Insurance Company Limited has informed the Exchange about Schedule of meet,,,Analysts/Institutional Investor Meet/Con. Call Updates,00:00:01,11032026015014,11-Mar-2026 01:50:15,199.94 KB,True,,,106554413,,INE726G01019,ICICI Prudential Life Insurance Company Limited,2026-03-11 01:50:14,ICICIPRULI
11-Mar-2026 01:48:27,145.24 KB,https://nsearchives.nseindia.com/corporate/ICICIPRULI_11032026014812_SE_Investor_meet_Mar_17_2026_intimation.pdf,ICICI Prudential Life Insurance Company Limited has informed the Exchange about Schedule of meet,,,Analysts/Institutional Investor Meet/Con. Call Updates,00:00:01,11032026014827,11-Mar-2026 01:48:28,145.24 KB,True,,,106554412,,INE726G01019,ICICI Prudential Life Insurance Company Limited,2026-03-11 01:48:27,ICICIPRULI
10-Mar-2026 13:19:00,208.02 KB,https://nsearchives.nseindia.com/corporate/ICICIPRULI_10032026131834_SE_Intimation_March_10_2026.pdf,ICICI Prudential Life Insurance Company Limited has informed the Exchange regarding allotment of 130830 shares.,,,ESOP/ESOS/ESPS,00:00:01,10032026131900,10-Mar-2026 13:19:01,208.02 KB,True,,,106553733,,INE726G01019,ICICI Prudential Life Insurance Company Limited,2026-03-10 13:19:00,ICICIPRULI
09-Mar-2026 13:49:53,552.70 KB,https://nsearchives.nseindia.com/corporate/ICICIPRULI_09032026134927_SE_monthly_business_presentation_February_2026.pdf,ICICI Prudential Life Insurance Company Limited has informed the Exchange about Investor Presentation,,,Investor Presentation,00:00:00,09032026134953,09-Mar-2026 13:49:53,552.70 KB,True,,,106552786,,INE726G01019,ICICI Prudential Life Insurance Company Limited,2026-03-09 13:49:53,ICICIPRULI
04-Mar-2026 12:13:15,208.07 KB,https://nsearchives.nseindia.com/corporate/ICICIPRULI_04032026121300_SE_Intimation_March_4_2026.pdf,ICICI Prudential Life Insurance Company Limited has informed the Exchange regarding allotment of 58367 shares.,,,ESOP/ESOS/ESPS,00:00:02,04032026121315,04-Mar-2026 12:13:17,208.07 KB,True,,,106549395,,INE726G01019,ICICI Prudential Life Insurance Company Limited,2026-03-04 12:13:15,ICICIPRULI
24-Feb-2026 12:10:38,208.10 KB,https://nsearchives.nseindia.com/corporate/ICICIPRULI_24022026121021_SE_Intimation_Feb_24_2026.pdf,ICICI Prudential Life Insurance Company Limited has informed the Exchange regarding allotment of 124912 shares.,,,ESOP/ESOS/ESPS,00:00:01,24022026121038,24-Feb-2026 12:10:39,208.10 KB,True,,,106543300,,INE726G01019,ICICI Prudential Life Insurance Company Limited,2026-02-24 12:10:38,ICICIPRULI
19-Feb-2026 17:41:10,146.73 KB,https://nsearchives.nseindia.com/corporate/ICICIPRULI_19022026174055_Disclosure_order_dated_19022026_2_Signed.pdf,"ICICI Prudential Life Insurance Company Limited has informed the Exchange regarding  'Update on Disclosure under Regulation 30 and Regulation 51 read with Schedule III of Securities and Exchange Board of India (Listing Obligations and Disclosure Requirements) Regulations, 2015 (Listing Regulations)'",,,General Updates,00:00:01,19022026174110,19-Feb-2026 17:41:11,146.73 KB,True,,,106540305,,INE726G01019,ICICI Prudential Life Insurance Company Limited,2026-02-19 17:41:10,ICICIPRULI
19-Feb-2026 17:31:47,165.64 KB,https://nsearchives.nseindia.com/corporate/ICICIPRULI_19022026173120_Disclosure_order_dated_19022026__1__signed.pdf,"ICICI Prudential Life Insurance Company Limited has informed the Exchange regarding 'Update on Disclosure under Regulation 30 and Regulation 51 read with Schedule III of Securities and Exchange Board of India (Listing Obligations and Disclosure Requirements) Regulations, 2015 (Listing Regulations)'",,,General Updates,00:00:01,19022026173147,19-Feb-2026 17:31:48,165.64 KB,True,,,106540294,,INE726G01019,ICICI Prudential Life Insurance Company Limited,2026-02-19 17:31:47,ICICIPRULI
18-Feb-2026 18:38:04,129.93 KB,https://nsearchives.nseindia.com/corporate/ICICIPRULI_18022026183622_SE_Investor_meet_Feb_25_2026_intimation.pdf,ICICI Prudential Life Insurance Company Limited has informed the Exchange about Schedule of meet,,,Analysts/Institutional Investor Meet/Con. Call Updates,00:00:01,18022026183804,18-Feb-2026 18:38:05,129.93 KB,True,,,106539392,,INE726G01019,ICICI Prudential Life Insurance Company Limited,2026-02-18 18:38:04,ICICIPRULI
18-Feb-2026 18:34:20,199.47 KB,https://nsearchives.nseindia.com/corporate/ICICIPRULI_18022026183407_SE_Investor_meet_Feb_24_2026_intimation.pdf,ICICI Prudential Life Insurance Company Limited has informed the Exchange about Schedule of meet,,,Analysts/Institutional Investor Meet/Con. Call Updates,00:00:01,18022026183420,18-Feb-2026 18:34:21,199.47 KB,True,,,106539383,,INE726G01019,ICICI Prudential Life Insurance Company Limited,2026-02-18 18:34:20,ICICIPRULI
17-Feb-2026 12:38:01,200.81 KB,https://nsearchives.nseindia.com/corporate/ICICIPRULI_17022026123755_SE_Intimation_Feb_17_2026.pdf,ICICI Prudential Life Insurance Company Limited has informed the Exchange regarding allotment of 460058 shares.,,,ESOP/ESOS/ESPS,00:00:01,17022026123801,17-Feb-2026 12:38:02,200.81 KB,True,,,106537810,,INE726G01019,ICICI Prudential Life Insurance Company Limited,2026-02-17 12:38:01,ICICIPRULI
10-Feb-2026 12:19:16,137.62 KB,https://nsearchives.nseindia.com/corporate/ICICIPRULI_10022026121908_SE_Intimation_Feb_10_2026.pdf,ICICI Prudential Life Insurance Company Limited has informed the Exchange regarding allotment of 183530 shares.,,,ESOP/ESOS/ESPS,00:00:02,10022026121916,10-Feb-2026 12:19:18,137.62 KB,True,,,106527776,,INE726G01019,ICICI Prudential Life Insurance Company Limited,2026-02-10 12:19:16,ICICIPRULI
09-Feb-2026 14:34:02,381.17 KB,https://nsearchives.nseindia.com/corporate/ICICIPRULI_09022026143352_SE_monthly_business_presentation_January_2026.pdf,ICICI Prudential Life Insurance Company Limited has informed the Exchange about Investor Presentation,,,Investor Presentation,00:00:01,09022026143402,09-Feb-2026 14:34:03,381.17 KB,True,,,106526104,,INE726G01019,ICICI Prudential Life Insurance Company Limited,2026-02-09 14:34:02,ICICIPRULI
06-Feb-2026 19:12:50,144.11 KB,https://nsearchives.nseindia.com/corporate/ICICIPRULI_06022026191243_SE_Investor_meet_Feb_12_Non-participation.pdf,ICICI Prudential Life Insurance Company Limited has informed the Exchange about General Updates,,,General Updates,00:00:02,06022026191250,06-Feb-2026 19:12:52,144.11 KB,True,,,106524329,,INE726G01019,ICICI Prudential Life Insurance Company Limited,2026-02-06 19:12:50,ICICIPRULI
05-Feb-2026 18:32:41,168.18 KB,https://nsearchives.nseindia.com/corporate/ICICIPRULI_05022026183216_Outcome_BM_Feb_5_2026_Signed.pdf,"ICICI Prudential Life Insurance Company Limited has informed the Exchange about Outcome of the Board Meeting held on February 5, 2026",,,General Updates,00:00:02,05022026183241,05-Feb-2026 18:32:43,168.18 KB,True,,,106522139,,INE726G01019,ICICI Prudential Life Insurance Company Limited,2026-02-05 18:32:41,ICICIPRULI
03-Feb-2026 13:44:57,170.74 KB,https://nsearchives.nseindia.com/corporate/ICICIPRULI_03022026134439_SE_Intimation_Feb_3__2026.pdf,ICICI Prudential Life Insurance Company Limited has informed the Exchange regarding allotment of 224000 shares.,,,ESOP/ESOS/ESPS,00:00:00,03022026134457,03-Feb-2026 13:44:57,170.74 KB,True,,,106517459,,INE726G01019,ICICI Prudential Life Insurance Company Limited,2026-02-03 13:44:57,ICICIPRULI
28-Jan-2026 13:54:41,130.04 KB,https://nsearchives.nseindia.com/corporate/ICICIPRULI_28012026134948_SE_Intimation_Jan_28_2026__004_.pdf,ICICI Prudential Life Insurance Company Limited has informed the Exchange regarding allotment of 31000 shares.,,,ESOP/ESOS/ESPS,00:00:01,28012026135441,28-Jan-2026 13:54:42,130.04 KB,True,,,106509436,,INE726G01019,ICICI Prudential Life Insurance Company Limited,2026-01-28 13:54:41,ICICIPRULI
20-Jan-2026 17:51:27,469.64 KB,https://nsearchives.nseindia.com/corporate/ICICIPRULI_20012026175117_SE_intimation_Earnings_Call_Transcript_December_31_2025.pdf,ICICI Prudential Life Insurance Company Limited has informed the Exchange about Transcript,,,Analysts/Institutional Investor Meet/Con. Call Updates,00:00:01,20012026175127,20-Jan-2026 17:51:28,469.64 KB,True,,,106502398,,INE726G01019,ICICI Prudential Life Insurance Company Limited,2026-01-20 17:51:27,ICICIPRULI
20-Jan-2026 13:14:05,136.75 KB,https://nsearchives.nseindia.com/corporate/ICICIPRULI_20012026131348_SE_Intimation_Jan_20_2026.pdf,ICICI Prudential Life Insurance Company Limited has informed the Exchange regarding Allotment of 100201  Shares.,,,ESOP/ESOS/ESPS,00:00:01,20012026131405,20-Jan-2026 13:14:06,136.75 KB,True,,,106502003,,INE726G01019,ICICI Prudential Life Insurance Company Limited,2026-01-20 13:14:05,ICICIPRULI
16-Jan-2026 18:27:38,162.13 KB,https://nsearchives.nseindia.com/corporate/ICICIPRULI_16012026182729_SE_Investor_meet_Feb_12_2026_intimation.pdf,ICICI Prudential Life Insurance Company Limited has informed the Exchange about Schedule of meet,,,Analysts/Institutional Investor Meet/Con. Call Updates,00:00:01,16012026182738,16-Jan-2026 18:27:39,162.13 KB,True,,,106499383,,INE726G01019,ICICI Prudential Life Insurance Company Limited,2026-01-16 18:27:38,ICICIPRULI
16-Jan-2026 18:26:13,162.11 KB,https://nsearchives.nseindia.com/corporate/ICICIPRULI_16012026182607_SE_Investor_meet_Feb_9_2026_intimation.pdf,ICICI Prudential Life Insurance Company Limited has informed the Exchange about Schedule of meet,,,Analysts/Institutional Investor Meet/Con. Call Updates,00:00:00,16012026182613,16-Jan-2026 18:26:13,162.11 KB,True,,,106499379,,INE726G01019,ICICI Prudential Life Insurance Company Limited,2026-01-16 18:26:13,ICICIPRULI
16-Jan-2026 18:24:46,162.31 KB,https://nsearchives.nseindia.com/corporate/ICICIPRULI_16012026182438_SE_Investor_meet_Feb_5_2026_intimation.pdf,ICICI Prudential Life Insurance Company Limited has informed the Exchange about Schedule of meet,,,Analysts/Institutional Investor Meet/Con. Call Updates,00:00:01,16012026182446,16-Jan-2026 18:24:47,162.31 KB,True,,,106499368,,INE726G01019,ICICI Prudential Life Insurance Company Limited,2026-01-16 18:24:46,ICICIPRULI
16-Jan-2026 18:22:38,162.92 KB,https://nsearchives.nseindia.com/corporate/ICICIPRULI_16012026182232_SE_Investor_meet_Feb_3_4_2026_intimation.pdf,ICICI Prudential Life Insurance Company Limited has informed the Exchange about Schedule of meet,,,Analysts/Institutional Investor Meet/Con. Call Updates,00:00:01,16012026182238,16-Jan-2026 18:22:39,162.92 KB,True,,,106499365,,INE726G01019,ICICI Prudential Life Insurance Company Limited,2026-01-16 18:22:38,ICICIPRULI
16-Jan-2026 18:21:16,162.92 KB,https://nsearchives.nseindia.com/corporate/ICICIPRULI_16012026182105_SE_Investor_meet_Feb_3_4_2026_intimation.pdf,ICICI Prudential Life Insurance Company Limited has informed the Exchange about Schedule of meet,,,Analysts/Institutional Investor Meet/Con. Call Updates,00:00:01,16012026182116,16-Jan-2026 18:21:17,162.92 KB,True,,,106499364,,INE726G01019,ICICI Prudential Life Insurance Company Limited,2026-01-16 18:21:16,ICICIPRULI
16-Jan-2026 18:19:41,162.14 KB,https://nsearchives.nseindia.com/corporate/ICICIPRULI_16012026181930_SE_Investor_meet_Jan_23_2026_intimation.pdf,ICICI Prudential Life Insurance Company Limited has informed the Exchange about Schedule of meet,,,Analysts/Institutional Investor Meet/Con. Call Updates,00:00:01,16012026181941,16-Jan-2026 18:19:42,162.14 KB,True,,,106499362,,INE726G01019,ICICI Prudential Life Insurance Company Limited,2026-01-16 18:19:41,ICICIPRULI
15-Jan-2026 11:26:18,934.78 KB,https://nsearchives.nseindia.com/corporate/ICICIPRULI_15012026112546_SE_intimation_Newspaper_advertisement.pdf,ICICI Prudential Life Insurance Company Limited has informed the Exchange about Copy of Newspaper Publication,,,Copy of Newspaper Publication,00:00:01,15012026112618,15-Jan-2026 11:26:19,934.78 KB,True,,,106498023,,INE726G01019,ICICI Prudential Life Insurance Company Limited,2026-01-15 11:26:18,ICICIPRULI
14-Jan-2026 15:50:16,354.28 KB,https://nsearchives.nseindia.com/corporate/ICICIPRULI_14012026155006_SE_Intimation_Reg_74_5_Dec_31_2025.pdf,"ICICI Prudential Life Insurance Company Limited has informed the Exchange about Certificate under Regulation 74(5) of the SEBI (Depositories and Participants) Regulations, 2018.",,,"Certificate under SEBI (Depositories and Participants) Regulations, 2018",00:00:01,14012026155016,14-Jan-2026 15:50:17,354.28 KB,True,,,106497309,,INE726G01019,ICICI Prudential Life Insurance Company Limited,2026-01-14 15:50:16,ICICIPRULI
13-Jan-2026 17:57:40,129.99 KB,https://nsearchives.nseindia.com/corporate/ICICIPRULI_13012026175731_SE_intimation_Earnings_Call_Audio_Recordings_December_31_2025.pdf,ICICI Prudential Life Insurance Company Limited has informed the Exchange about Link of Recording,,,Analysts/Institutional Investor Meet/Con. Call Updates,00:00:01,13012026175740,13-Jan-2026 17:57:41,129.99 KB,True,,,106496346,,INE726G01019,ICICI Prudential Life Insurance Company Limited,2026-01-13 17:57:40,ICICIPRULI
13-Jan-2026 13:43:48,1.92 MB,https://nsearchives.nseindia.com/corporate/ICICIPRULI_13012026134338_SE_Earnings_presentation_intimation_January_13_2026.pdf,ICICI Prudential Life Insurance Company Limited has informed the Exchange about Investor Presentation,,,Investor Presentation,00:00:00,13012026134348,13-Jan-2026 13:43:48,1.92 MB,True,,,106495882,,INE726G01019,ICICI Prudential Life Insurance Company Limited,2026-01-13 13:43:48,ICICIPRULI
13-Jan-2026 13:35:08,3.24 MB,https://nsearchives.nseindia.com/corporate/ICICIPRULI_13012026133438_SE_outcome_January_13_2026.pdf,ICICI Prudential Life Insurance Company Limited has informed the Exchange about General Updates,,,General Updates,00:00:01,13012026133508,13-Jan-2026 13:35:09,3.24 MB,True,,,106495879,,INE726G01019,ICICI Prudential Life Insurance Company Limited,2026-01-13 13:35:08,ICICIPRULI
13-Jan-2026 13:27:54,3.24 MB,https://nsearchives.nseindia.com/corporate/ICICIPRULI_13012026132642_SE_outcome_January_13_2026.pdf,"ICICI Prudential Life Insurance Company Limited has informed the Exchange regarding  Board meeting held on January 13, 2026.",,,Outcome of Board Meeting,00:00:02,13012026132754,13-Jan-2026 13:27:56,3.24 MB,True,,,106495874,,INE726G01019,ICICI Prudential Life Insurance Company Limited,2026-01-13 13:27:54,ICICIPRULI
13-Jan-2026 13:24:47,3.24 MB,https://nsearchives.nseindia.com/corporate/ICICIPRULI_13012026132247_SE_outcome_January_13_2026.pdf,"Outcome of the Board Meeting held on January 13, 2026",,,Outcome of Board Meeting,00:00:01,13012026132447,13-Jan-2026 13:24:48,3.24 MB,True,,,106495869,,INE726G01019,ICICI Prudential Life Insurance Company Limited,2026-01-13 13:24:47,ICICIPRULI
13-Jan-2026 12:51:51,162.14 KB,https://nsearchives.nseindia.com/corporate/ICICIPRULI_13012026125141_SE_Investor_meet_Jan_30_2026_Reschedule.pdf,ICICI Prudential Life Insurance Company Limited has informed the Exchange about General Updates,,,General Updates,00:00:00,13012026125151,13-Jan-2026 12:51:51,162.14 KB,True,,,106495810,,INE726G01019,ICICI Prudential Life Insurance Company Limited,2026-01-13 12:51:51,ICICIPRULI
13-Jan-2026 11:47:59,143.92 KB,https://nsearchives.nseindia.com/corporate/ICICIPRULI_13012026114741_SE_Intimation_Jan_13_2026.pdf,ICICI Prudential Life Insurance Company Limited has informed the Exchange regarding allotment of 85478 shares.,,,ESOP/ESOS/ESPS,00:00:01,13012026114759,13-Jan-2026 11:48:00,143.92 KB,True,,,106495685,,INE726G01019,ICICI Prudential Life Insurance Company Limited,2026-01-13 11:47:59,ICICIPRULI
12-Jan-2026 22:54:01,173.64 KB,https://nsearchives.nseindia.com/corporate/ICICIPRULI_12012026225331_Intimation_to_Stock_Exchange_January_12_2026.pdf,ICICI Prudential Life Insurance Company Limited has informed the Exchange about General Updates,,,General Updates,00:00:00,12012026225401,12-Jan-2026 22:54:01,173.64 KB,True,,,106495277,,INE726G01019,ICICI Prudential Life Insurance Company Limited,2026-01-12 22:54:01,ICICIPRULI
10-Jan-2026 10:22:41,469.23 KB,https://nsearchives.nseindia.com/corporate/ICICIPRULI_10012026102120_SE_monthly_business_presentation_December_2025.pdf,ICICI Prudential Life Insurance Company Limited has informed the Exchange about Investor Presentation,,,Investor Presentation,00:00:01,10012026102241,10-Jan-2026 10:22:42,469.23 KB,True,,,106493656,,INE726G01019,ICICI Prudential Life Insurance Company Limited,2026-01-10 10:22:41,ICICIPRULI
07-Jan-2026 16:34:08,161.84 KB,https://nsearchives.nseindia.com/corporate/ICICIPRULI_07012026163323_SE_Investor_meet_Jan_15_2026_intimation.pdf,ICICI Prudential Life Insurance Company Limited has informed the Exchange about Schedule of meet,,,Analysts/Institutional Investor Meet/Con. Call Updates,00:00:01,07012026163408,07-Jan-2026 16:34:09,161.84 KB,True,,,106490384,,INE726G01019,ICICI Prudential Life Insurance Company Limited,2026-01-07 16:34:08,ICICIPRULI
06-Jan-2026 17:21:14,172.01 KB,https://nsearchives.nseindia.com/corporate/ICICIPRULI_06012026172103_Intimation_to_Stock_Exchange_January_6_2026_signed.pdf,ICICI Prudential Life Insurance Company Limited has informed the Exchange about General Updates,,,General Updates,00:00:00,06012026172114,06-Jan-2026 17:21:14,172.01 KB,True,,,106489124,,INE726G01019,ICICI Prudential Life Insurance Company Limited,2026-01-06 17:21:14,ICICIPRULI
06-Jan-2026 13:17:26,144.00 KB,https://nsearchives.nseindia.com/corporate/ICICIPRULI_06012026131705_SE_Intimation_Jan_6__2026.pdf,ICICI Prudential Life Insurance Company Limited has informed the Exchange regarding allotment of 39162 Shares.,,,ESOP/ESOS/ESPS,00:00:01,06012026131726,06-Jan-2026 13:17:27,144.00 KB,True,,,106488713,,INE726G01019,ICICI Prudential Life Insurance Company Limited,2026-01-06 13:17:26,ICICIPRULI
02-Jan-2026 15:54:56,175.32 KB,https://nsearchives.nseindia.com/corporate/ICICIPRULI_02012026155438_SE_Earnings_intimation_9M-FY2026_.pdf,ICICI Prudential Life Insurance Company Limited has informed the Exchange about Schedule of meet,,,Analysts/Institutional Investor Meet/Con. Call Updates,00:00:01,02012026155456,02-Jan-2026 15:54:57,175.32 KB,True,,,106486125,,INE726G01019,ICICI Prudential Life Insurance Company Limited,2026-01-02 15:54:56,ICICIPRULI
27-Dec-2025 10:38:51,146.54 KB,https://nsearchives.nseindia.com/corporate/ICICIPRULI_27122025103842_Disclosure_order_dated_December_26_2025.pdf,ICICI Prudential Life Insurance Company Limited has informed the Exchange about Action(s) taken or orders passed,,,Action(s) taken or orders passed,00:00:01,27122025103851,27-Dec-2025 10:38:52,146.54 KB,True,,,106479523,,INE726G01019,ICICI Prudential Life Insurance Company Limited,2025-12-27 10:38:51,ICICIPRULI
26-Dec-2025 18:15:26,146.31 KB,https://nsearchives.nseindia.com/corporate/ICICIPRULI_26122025181519_Disclosure_order_dated_December_26_2025.pdf,ICICI Prudential Life Insurance Company Limited has informed the Exchange about Action(s) taken or orders passed,,,Action(s) taken or orders passed,00:00:01,26122025181526,26-Dec-2025 18:15:27,146.31 KB,True,,,106478970,,INE726G01019,ICICI Prudential Life Insurance Company Limited,2025-12-26 18:15:26,ICICIPRULI
24-Dec-2025 18:00:37,156.55 KB,https://nsearchives.nseindia.com/corporate/ICICIPRULI_24122025180027_SE_intimation_for_Window_closure.pdf,"ICICI Prudential Life Insurance Company Limited has informed the Exchange regarding the Trading Window closure pursuant to SEBI (Prohibition of Insider Trading) Regulations, 2015",,,Trading Window,00:00:02,24122025180037,24-Dec-2025 18:00:39,156.55 KB,True,,,106476828,,INE726G01019,ICICI Prudential Life Insurance Company Limited,2025-12-24 18:00:37,ICICIPRULI
24-Dec-2025 15:20:18,146.28 KB,https://nsearchives.nseindia.com/corporate/ICICIPRULI_24122025152009_Disclosure_order_dated_December_23_2025_-_Maharashtra.pdf,ICICI Prudential Life Insurance Company Limited has informed the Exchange about Action(s) taken or orders passed,,,Action(s) taken or orders passed,00:00:01,24122025152018,24-Dec-2025 15:20:19,146.28 KB,True,,,106476458,,INE726G01019,ICICI Prudential Life Insurance Company Limited,2025-12-24 15:20:18,ICICIPRULI
24-Dec-2025 10:57:52,146.10 KB,https://nsearchives.nseindia.com/corporate/ICICIPRULI_24122025105743_Draft_disclosure_order_dated_23122025_.pdf,ICICI Prudential Life Insurance Company Limited has informed the Exchange about Action(s) taken or orders passed,,,Action(s) taken or orders passed,00:00:01,24122025105752,24-Dec-2025 10:57:53,146.10 KB,True,,,106476035,,INE726G01019,ICICI Prudential Life Insurance Company Limited,2025-12-24 10:57:52,ICICIPRULI
23-Dec-2025 12:10:01,143.96 KB,https://nsearchives.nseindia.com/corporate/ICICIPRULI_23122025120909_SE_Intimation_Dec_23_2025.pdf,ICICI Prudential Life Insurance Company Limited has informed the Exchange regarding allotment of 161107 shares.,,,ESOP/ESOS/ESPS,00:00:01,23122025121001,23-Dec-2025 12:10:02,143.96 KB,True,,,106474880,,INE726G01019,ICICI Prudential Life Insurance Company Limited,2025-12-23 12:10:01,ICICIPRULI
20-Dec-2025 14:47:26,183.11 KB,https://nsearchives.nseindia.com/corporate/ICICIPRULI_20122025144703_SE_Intimation_under_Regulation_30_and_51__Credit_Intimation.pdf,ICICI Prudential Life Insurance Company Limited has informed the Exchange about General Updates,,,General Updates,00:00:02,20122025144726,20-Dec-2025 14:47:28,183.11 KB,True,,,106473099,,INE726G01019,ICICI Prudential Life Insurance Company Limited,2025-12-20 14:47:26,ICICIPRULI
20-Dec-2025 11:15:12,149.64 KB,https://nsearchives.nseindia.com/corporate/ICICIPRULI_20122025111500_Draft_disclosure_order_dated_19122025.pdf,ICICI Prudential Life Insurance Company Limited has informed the Exchange about Action(s) taken or orders passed,,,Action(s) taken or orders passed,00:00:01,20122025111512,20-Dec-2025 11:15:13,149.64 KB,True,,,106473010,,INE726G01019,ICICI Prudential Life Insurance Company Limited,2025-12-20 11:15:12,ICICIPRULI
16-Dec-2025 12:26:51,143.99 KB,https://nsearchives.nseindia.com/corporate/ICICIPRULI_16122025122639_SE_Intimation_Dec_16_2025.pdf,ICICI Prudential Life Insurance Company Limited has informed the Exchange regarding Allotment of 78351  Shares.,,,ESOP/ESOS/ESPS,00:00:02,16122025122651,16-Dec-2025 12:26:53,143.99 KB,True,,,106469238,,INE726G01019,ICICI Prudential Life Insurance Company Limited,2025-12-16 12:26:51,ICICIPRULI
09-Dec-2025 12:41:02,136.74 KB,https://nsearchives.nseindia.com/corporate/ICICIPRULI_09122025124043_SE_Intimation_Dec_9_2025.pdf,ICICI Prudential Life Insurance Company Limited has informed the Exchange regarding Allotment of 133198  Shares.,,,ESOP/ESOS/ESPS,00:00:01,09122025124102,09-Dec-2025 12:41:03,136.74 KB,True,,,106464015,,INE726G01019,ICICI Prudential Life Insurance Company Limited,2025-12-09 12:41:02,ICICIPRULI
08-Dec-2025 14:36:50,443.73 KB,https://nsearchives.nseindia.com/corporate/ICICIPRULI_08122025143643_SE_monthly_business_presentation_November_2025.pdf,ICICI Prudential Life Insurance Company Limited has informed the Exchange about Investor Presentation,,,Investor Presentation,00:00:01,08122025143650,08-Dec-2025 14:36:51,443.73 KB,True,,,106463149,,INE726G01019,ICICI Prudential Life Insurance Company Limited,2025-12-08 14:36:50,ICICIPRULI
05-Dec-2025 17:57:04,221.00 KB,https://nsearchives.nseindia.com/corporate/ICICIPRULI_05122025175649_SE_Intimation_Change_in_Senior_Management_Signed.pdf,"ICICI Prudential Life Insurance Company Limited has informed the Exchange regarding Appointment of Mr. Manish Bhandari as Chief Compliance Officer (as per IRDAI regulations)of the company w.e.f. December 08, 2025.",,,Appointment,00:00:01,05122025175704,05-Dec-2025 17:57:05,221.00 KB,True,,,106462042,,INE726G01019,ICICI Prudential Life Insurance Company Limited,2025-12-05 17:57:04,ICICIPRULI
05-Dec-2025 17:54:56,221.00 KB,https://nsearchives.nseindia.com/corporate/ICICIPRULI_05122025175343_SE_Intimation_Change_in_Senior_Management_Signed.pdf,"ICICI Prudential Life Insurance Company Limited has informed the Exchange regarding Appointment of Mr. Anand Desai as Chief Risk Officer of the company w.e.f. December 08, 2025.",,,Appointment,00:00:02,05122025175456,05-Dec-2025 17:54:58,221.00 KB,True,,,106462039,,INE726G01019,ICICI Prudential Life Insurance Company Limited,2025-12-05 17:54:56,ICICIPRULI
05-Dec-2025 17:51:47,221.00 KB,https://nsearchives.nseindia.com/corporate/ICICIPRULI_05122025174825_SE_Intimation_Change_in_Senior_Management_Signed.pdf,"ICICI Prudential Life Insurance Company Limited has informed the Exchange regarding Resignation of  Mr. Deepak Kinger as Chief Risk and Governance Officer of the company w.e.f. end of day on December 07, 2025.",,,Resignation,00:00:01,05122025175147,05-Dec-2025 17:51:48,221.00 KB,True,,,106462034,,INE726G01019,ICICI Prudential Life Insurance Company Limited,2025-12-05 17:51:47,ICICIPRULI
05-Dec-2025 17:46:07,221.00 KB,https://nsearchives.nseindia.com/corporate/ICICIPRULI_05122025174537_SE_Intimation_Change_in_Senior_Management_Signed.pdf,ICICI Prudential Life Insurance Company Limited has informed the Exchange about change in Management,,,Change in Management,00:00:01,05122025174607,05-Dec-2025 17:46:08,221.00 KB,True,,,106462021,,INE726G01019,ICICI Prudential Life Insurance Company Limited,2025-12-05 17:46:07,ICICIPRULI
03-Dec-2025 18:55:04,161.60 KB,https://nsearchives.nseindia.com/corporate/ICICIPRULI_03122025185446_SE_Investor_meet_Dec_15_2025_intimation.pdf,ICICI Prudential Life Insurance Company Limited has informed the Exchange about Schedule of meet,,,Analysts/Institutional Investor Meet/Con. Call Updates,00:00:01,03122025185504,03-Dec-2025 18:55:05,161.60 KB,True,,,106460298,,INE726G01019,ICICI Prudential Life Insurance Company Limited,2025-12-03 18:55:04,ICICIPRULI
03-Dec-2025 11:46:17,169.57 KB,https://nsearchives.nseindia.com/corporate/ICICIPRULI_03122025114611_Draft_disclosure_order_dated_02122025_2.pdf,"ICICI Prudential Life Insurance Company Limited has informed the Exchange regarding 'Update on Disclosure under Regulation 30 and Regulation 51 read with Schedule III of Securities and Exchange Board of India (Listing Obligations and Disclosure Requirements) Regulations, 2015 (Listing Regulations)'.",,,Updates,00:00:01,03122025114617,03-Dec-2025 11:46:18,169.57 KB,True,,,106459885,,INE726G01019,ICICI Prudential Life Insurance Company Limited,2025-12-03 11:46:17,ICICIPRULI
03-Dec-2025 11:27:40,166.04 KB,https://nsearchives.nseindia.com/corporate/ICICIPRULI_03122025112732_Draft_disclosure_order_dated_02122025.pdf,"ICICI Prudential Life Insurance Company Limited has informed the Exchange regarding 'Update on Disclosure under Regulation 30 and Regulation 51 read with Schedule III of Securities and Exchange Board of India (Listing Obligations and Disclosure Requirements) Regulations, 2015 (Listing Regulations)'.",,,Updates,00:00:01,03122025112740,03-Dec-2025 11:27:41,166.04 KB,True,,,106459878,,INE726G01019,ICICI Prudential Life Insurance Company Limited,2025-12-03 11:27:40,ICICIPRULI
02-Dec-2025 12:56:40,143.54 KB,https://nsearchives.nseindia.com/corporate/ICICIPRULI_02122025125622_SE_Intimation_Dec_2_2025.pdf,ICICI Prudential Life Insurance Company Limited has informed the Exchange regarding Allotment of 28400  Shares.,,,ESOP/ESOS/ESPS,00:00:01,02122025125640,02-Dec-2025 12:56:41,143.54 KB,True,,,106459099,,INE726G01019,ICICI Prudential Life Insurance Company Limited,2025-12-02 12:56:40,ICICIPRULI
28-Nov-2025 22:05:18,1.97 MB,https://nsearchives.nseindia.com/corporate/ICICIPRULI_28112025203232_Intimation_November_28_2025_signed.pdf,ICICI Prudential Life Insurance Company Limited has informed the Exchange about General Updates,,,General Updates,00:00:00,28112025220518,28-Nov-2025 22:05:18,1.97 MB,True,,,106457147,,INE726G01019,ICICI Prudential Life Insurance Company Limited,2025-11-28 22:05:18,ICICIPRULI
28-Nov-2025 14:29:40,165.67 KB,https://nsearchives.nseindia.com/corporate/ICICIPRULI_28112025142930_Draft_disclosure_order_dated_27112025.pdf,"ICICI Prudential Life Insurance Company Limited has informed the Exchange regarding ' Update On Disclosure Under Regulation 30 And Regulation 51 Read With Schedule III Of Securities And Exchange Board Of India (Listing Obligations And Disclosure Requirements) Regulations, 2015 (Listing Regulations)'.",,,Updates,00:00:02,28112025142940,28-Nov-2025 14:29:42,165.67 KB,True,,,106456782,,INE726G01019,ICICI Prudential Life Insurance Company Limited,2025-11-28 14:29:40,ICICIPRULI
28-Nov-2025 12:58:59,516.91 KB,https://nsearchives.nseindia.com/corporate/ICICIPRULI_28112025125841_Intimation_to_Stock_Exchange_November_28_2025_signed.pdf,"ICICI Prudential Life Insurance Company Limited has informed the Exchange regarding allotment of 119500 securities pursuant to Non Convertible Securities at its meeting held on November 28, 2025",,,Allotment of Securities,00:00:02,28112025125859,28-Nov-2025 12:59:01,516.91 KB,True,,,106456735,,INE726G01019,ICICI Prudential Life Insurance Company Limited,2025-11-28 12:58:59,ICICIPRULI
25-Nov-2025 13:00:22,165.01 KB,https://nsearchives.nseindia.com/corporate/ICICIPRULI_25112025125945_SE_Intimation_Nov_25_2025_signed.pdf,ICICI Prudential Life Insurance Company Limited has informed the Exchange regarding Allotment of 286880  Shares.,,,ESOP/ESOS/ESPS,00:00:01,25112025130022,25-Nov-2025 13:00:23,165.01 KB,True,,,106453965,,INE726G01019,ICICI Prudential Life Insurance Company Limited,2025-11-25 13:00:22,ICICIPRULI
24-Nov-2025 20:16:01,659.62 KB,https://nsearchives.nseindia.com/corporate/ICICIPRULI_24112025201350_Disclosure_under_Reg_30_and_51_Credit_Rating_ICRA_Signed.pdf,ICICI Prudential Life Insurance Company Limited has informed the Exchange about Credit Rating- Press release,,,Credit Rating- Others,00:00:01,24112025201601,24-Nov-2025 20:16:02,659.62 KB,True,,,106453373,,INE726G01019,ICICI Prudential Life Insurance Company Limited,2025-11-24 20:16:01,ICICIPRULI
24-Nov-2025 11:22:03,174.05 KB,https://nsearchives.nseindia.com/corporate/ICICIPRULI_24112025112137_Intimation_to_Stock_Exchange_November_24_2025_Signed.pdf,"ICICI Prudential Life Insurance Company Limited has informed the Exchange about Outcome of the meeting of Executive Committee held on November 24, 2025 - Approval of terms of issuance of non-convertible debentures (NCDs).",,,General Updates,00:00:01,24112025112203,24-Nov-2025 11:22:04,174.05 KB,True,,,106452954,,INE726G01019,ICICI Prudential Life Insurance Company Limited,2025-11-24 11:22:03,ICICIPRULI
22-Nov-2025 20:08:05,358.33 KB,https://nsearchives.nseindia.com/corporate/ICICIPRULI_22112025200749_Disclosure_under_Regulation_30_and_51_Withdrawal.pdf,ICICI Prudential Life Insurance Company Limited has informed the Exchange about Withdrawal of Credit Rating by CRISIL Ratings Limited,,,Credit Rating- Others,00:00:01,22112025200805,22-Nov-2025 20:08:06,358.33 KB,True,,,106452674,,INE726G01019,ICICI Prudential Life Insurance Company Limited,2025-11-22 20:08:05,ICICIPRULI
22-Nov-2025 20:05:45,572.79 KB,https://nsearchives.nseindia.com/corporate/ICICIPRULI_22112025200530_Disclosure_under_Regulation_30_and_51_CRISIL.pdf,ICICI Prudential Life Insurance Company Limited has informed the Exchange about Credit Rating- New,,,Credit Rating- New,00:00:01,22112025200545,22-Nov-2025 20:05:46,572.79 KB,True,,,106452672,,INE726G01019,ICICI Prudential Life Insurance Company Limited,2025-11-22 20:05:45,ICICIPRULI
22-Nov-2025 17:46:32,465.37 KB,https://nsearchives.nseindia.com/corporate/ICICIPRULI_22112025174545_Disclosure_under_Regulation_30_and_51_Withdrawal_of_Credit_Rating.pdf,ICICI Prudential Life Insurance Company Limited has informed the Exchange about withdrawal of credit rating by ICRA Limited.,,,Credit Rating- Others,00:00:01,22112025174632,22-Nov-2025 17:46:33,465.37 KB,True,,,106452643,,INE726G01019,ICICI Prudential Life Insurance Company Limited,2025-11-22 17:46:32,ICICIPRULI
22-Nov-2025 17:40:05,411.32 KB,https://nsearchives.nseindia.com/corporate/ICICIPRULI_22112025173950_Disclosure_under_Regulation_30_and_51_Credit_Rating_ICRA.pdf,ICICI Prudential Life Insurance Company Limited has informed the Exchange about Credit Rating- New issued by ICRA Limited,,,Credit Rating- New,00:00:01,22112025174005,22-Nov-2025 17:40:06,411.32 KB,True,,,106452638,,INE726G01019,ICICI Prudential Life Insurance Company Limited,2025-11-22 17:40:05,ICICIPRULI
18-Nov-2025 20:58:47,311.90 KB,https://nsearchives.nseindia.com/corporate/ICICIPRULI_18112025205838_SE_Investor_meet_Nov_19_Cancellation_signed.pdf,ICICI Prudential Life Insurance Company Limited has informed the Exchange about cancellation of meeting(s) with investor(s)/analyst(s),,,General Updates,00:00:01,18112025205847,18-Nov-2025 20:58:48,311.90 KB,True,,,106449193,,INE726G01019,ICICI Prudential Life Insurance Company Limited,2025-11-18 20:58:47,ICICIPRULI
18-Nov-2025 13:28:33,165.29 KB,https://nsearchives.nseindia.com/corporate/ICICIPRULI_18112025132642_SE_Intimation_Nov_18_2025_Signed.pdf,ICICI Prudential Life Insurance Company Limited has informed the Exchange regarding Allotment of 64882  Shares.,,,ESOP/ESOS/ESPS,00:00:01,18112025132833,18-Nov-2025 13:28:34,165.29 KB,True,,,106448606,,INE726G01019,ICICI Prudential Life Insurance Company Limited,2025-11-18 13:28:33,ICICIPRULI
11-Nov-2025 12:17:58,165.07 KB,https://nsearchives.nseindia.com/corporate/ICICIPRULI_11112025121747_SE_Intimation_Nov_11_2025_Signed.pdf,ICICI Prudential Life Insurance Company Limited has informed the Exchange regarding Allotment of 18028  Shares.,,,ESOP/ESOS/ESPS,00:00:01,11112025121758,11-Nov-2025 12:17:59,165.07 KB,True,,,106436662,,INE726G01019,ICICI Prudential Life Insurance Company Limited,2025-11-11 12:17:58,ICICIPRULI
07-Nov-2025 20:19:45,2.12 MB,https://nsearchives.nseindia.com/corporate/ICICIPRULI_07112025201938_SE_monthly_business_presentation_October_2025_signed.pdf,ICICI Prudential Life Insurance Company Limited has informed the Exchange about Performance Update: October 2025,,,General Updates,00:00:01,07112025201945,07-Nov-2025 20:19:46,2.12 MB,True,,,106432853,,INE726G01019,ICICI Prudential Life Insurance Company Limited,2025-11-07 20:19:45,ICICIPRULI
05-Nov-2025 16:17:34,160.70 KB,https://nsearchives.nseindia.com/corporate/ICICIPRULI_05112025161615_SE_Investor_meet_Nov_19_2025_intimation_signed.pdf,ICICI Prudential Life Insurance Company Limited has informed the Exchange about Schedule of meet,,,Analysts/Institutional Investor Meet/Con. Call Updates,00:00:01,05112025161734,05-Nov-2025 16:17:35,160.70 KB,True,,,106428115,,INE726G01019,ICICI Prudential Life Insurance Company Limited,2025-11-05 16:17:34,ICICIPRULI
05-Nov-2025 16:17:34,160.65 KB,https://nsearchives.nseindia.com/corporate/ICICIPRULI_05112025160932_SE_Investor_meet_Nov_10_2025_intimation_signed.pdf,ICICI Prudential Life Insurance Company Limited has informed the Exchange about Schedule of meet,,,Analysts/Institutional Investor Meet/Con. Call Updates,00:00:01,05112025161734,05-Nov-2025 16:17:35,160.65 KB,True,,,106428112,,INE726G01019,ICICI Prudential Life Insurance Company Limited,2025-11-05 16:17:34,ICICIPRULI
05-Nov-2025 16:17:34,160.67 KB,https://nsearchives.nseindia.com/corporate/ICICIPRULI_05112025161234_SE_Investor_meet_Nov_12_2025_intimation_signed.pdf,ICICI Prudential Life Insurance Company Limited has informed the Exchange about Schedule of meet,,,Analysts/Institutional Investor Meet/Con. Call Updates,00:00:01,05112025161734,05-Nov-2025 16:17:35,160.67 KB,True,,,106428113,,INE726G01019,ICICI Prudential Life Insurance Company Limited,2025-11-05 16:17:34,ICICIPRULI
05-Nov-2025 16:17:34,161.47 KB,https://nsearchives.nseindia.com/corporate/ICICIPRULI_05112025161446_SE_Investor_meet_Nov_17_2025_intimation_signed.pdf,ICICI Prudential Life Insurance Company Limited has informed the Exchange about Schedule of meet,,,Analysts/Institutional Investor Meet/Con. Call Updates,00:00:01,05112025161734,05-Nov-2025 16:17:35,161.47 KB,True,,,106428114,,INE726G01019,ICICI Prudential Life Insurance Company Limited,2025-11-05 16:17:34,ICICIPRULI
04-Nov-2025 13:41:29,146.35 KB,https://nsearchives.nseindia.com/corporate/ICICIPRULI_04112025134118_SE_Intimation_Nov_4_2025_signed.pdf,ICICI Prudential Life Insurance Company Limited has informed the Exchange regarding Allotment of 45841  Shares.,,,ESOP/ESOS/ESPS,00:00:01,04112025134129,04-Nov-2025 13:41:30,146.35 KB,True,,,106426109,,INE726G01019,ICICI Prudential Life Insurance Company Limited,2025-11-04 13:41:29,ICICIPRULI
28-Oct-2025 18:06:16,587.14 KB,https://nsearchives.nseindia.com/corporate/ICICIPRULI_28102025180607_Disclosure_under_Regulation_30_and_51_Credit_Rating_CRISIL_signed.pdf,ICICI Prudential Life Insurance Company Limited has informed the Exchange about Credit Rating,,,Credit Rating,00:00:00,28102025180616,28-Oct-2025 18:06:16,587.14 KB,True,,,106418247,,INE726G01019,ICICI Prudential Life Insurance Company Limited,2025-10-28 18:06:16,ICICIPRULI
28-Oct-2025 12:19:18,135.91 KB,https://nsearchives.nseindia.com/corporate/ICICIPRULI_28102025121905_SE_Intimation_Oct_28_2025_signed.pdf,ICICI Prudential Life Insurance Company Limited has informed the Exchange regarding Allotment of 6450  Shares.,,,ESOP/ESOS/ESPS,00:00:01,28102025121918,28-Oct-2025 12:19:19,135.91 KB,True,,,106417743,,INE726G01019,ICICI Prudential Life Insurance Company Limited,2025-10-28 12:19:18,ICICIPRULI
23-Oct-2025 15:06:31,354.58 KB,https://nsearchives.nseindia.com/corporate/ICICIPRULI_23102025150622_SE_intimation_Earnings_Call_Transcript_September_30_2025.pdf,ICICI Prudential Life Insurance Company Limited has informed the Exchange about Transcript,,,Analysts/Institutional Investor Meet/Con. Call Updates,00:00:01,23102025150631,23-Oct-2025 15:06:32,354.58 KB,True,,,106414328,,INE726G01019,ICICI Prudential Life Insurance Company Limited,2025-10-23 15:06:31,ICICIPRULI
23-Oct-2025 11:53:11,146.06 KB,https://nsearchives.nseindia.com/corporate/ICICIPRULI_23102025115302_SE_Intimation_Oct_23_2025_Signed.pdf,ICICI Prudential Life Insurance Company Limited has informed the Exchange regarding Allotment of 120080  Shares.,,,ESOP/ESOS/ESPS,00:00:01,23102025115311,23-Oct-2025 11:53:12,146.06 KB,True,,,106414179,,INE726G01019,ICICI Prudential Life Insurance Company Limited,2025-10-23 11:53:11,ICICIPRULI
20-Oct-2025 16:18:57,999.22 KB,https://nsearchives.nseindia.com/corporate/ICICIPRULI_20102025161736_SE_Intimation_Scrutinizers_report_voting_result.pdf,"ICICI Prudential Life Insurance Company Limited has submitted the Exchange a copy Srutinizers report of  Postal Ballot. Further, the company has informed the Exchange regarding voting results.",,,Shareholders meeting,00:00:01,20102025161857,20-Oct-2025 16:18:58,999.22 KB,True,,,106413127,,INE726G01019,ICICI Prudential Life Insurance Company Limited,2025-10-20 16:18:57,ICICIPRULI
16-Oct-2025 11:08:31,926.50 KB,https://nsearchives.nseindia.com/corporate/ICICIPRULI_16102025110521_SE_intimation_Newspaper_advertisement.pdf,ICICI Prudential Life Insurance Company Limited has informed the Exchange about Copy of Newspaper Publication,,,Copy of Newspaper Publication,00:00:01,16102025110831,16-Oct-2025 11:08:32,926.50 KB,True,,,106409317,,INE726G01019,ICICI Prudential Life Insurance Company Limited,2025-10-16 11:08:31,ICICIPRULI
15-Oct-2025 14:18:21,579.35 KB,https://nsearchives.nseindia.com/corporate/ICICIPRULI_15102025141812_ICPL_74_5__BSE_and_NSE_Sep_30_2025_signed.pdf,"ICICI Prudential Life Insurance Company Limited has informed the Exchange about Certificate under SEBI (Depositories and Participants) Regulations, 2018 for the quarter ended on September 30, 2025",,,"Certificate under SEBI (Depositories and Participants) Regulations, 2018",00:00:01,15102025141821,15-Oct-2025 14:18:22,579.35 KB,True,,,106408318,,INE726G01019,ICICI Prudential Life Insurance Company Limited,2025-10-15 14:18:21,ICICIPRULI
14-Oct-2025 18:55:58,130.03 KB,https://nsearchives.nseindia.com/corporate/ICICIPRULI_14102025185541_SE_intimation_Earnings_Call_Audio_Recordings_September_30_2025.pdf,ICICI Prudential Life Insurance Company Limited has informed the Exchange about Link of Recording,,,Analysts/Institutional Investor Meet/Con. Call Updates,00:00:01,14102025185558,14-Oct-2025 18:55:59,130.03 KB,True,,,106407549,,INE726G01019,ICICI Prudential Life Insurance Company Limited,2025-10-14 18:55:58,ICICIPRULI
14-Oct-2025 14:01:43,2.01 MB,https://nsearchives.nseindia.com/corporate/ICICIPRULI_14102025140131_SE_Earnings_presentation_intimation_October_14_2025.pdf,ICICI Prudential Life Insurance Company Limited has informed the Exchange about Investor Presentation,,,Investor Presentation,00:00:01,14102025140143,14-Oct-2025 14:01:44,2.01 MB,True,,,106407021,,INE726G01019,ICICI Prudential Life Insurance Company Limited,2025-10-14 14:01:43,ICICIPRULI
14-Oct-2025 13:48:36,3.53 MB,https://nsearchives.nseindia.com/corporate/ICICIPRULI_14102025134713_Outcome_BM_Oct_14_2025_Financials_final_signed.pdf,"ICICI Prudential Life Insurance Company Limited has informed the Exchange regarding  Board meeting held on October 14, 2025.",,,Outcome of Board Meeting,00:00:01,14102025134836,14-Oct-2025 13:48:37,3.53 MB,True,,,106407015,,INE726G01019,ICICI Prudential Life Insurance Company Limited,2025-10-14 13:48:36,ICICIPRULI
14-Oct-2025 13:45:55,3.53 MB,https://nsearchives.nseindia.com/corporate/ICICIPRULI_14102025134404_Outcome_BM_Oct_14_2025_Financials_final_signed.pdf,"ICICI Prudential Life Insurance Company Limited has submitted to the Exchange, the financial results for the period ended September 30, 2025.",,,Outcome of Board Meeting,00:00:01,14102025134555,14-Oct-2025 13:45:56,3.53 MB,True,,,106407012,,INE726G01019,ICICI Prudential Life Insurance Company Limited,2025-10-14 13:45:55,ICICIPRULI
14-Oct-2025 11:50:51,136.34 KB,https://nsearchives.nseindia.com/corporate/ICICIPRULI_14102025114522_SE_Intimation_Oct_14_2025.pdf,ICICI Prudential Life Insurance Company Limited has informed the Exchange regarding Allotment of 17248  Shares under employee stock option scheme and employee stock unit scheme.,,,ESOP/ESOS/ESPS,00:00:01,14102025115051,14-Oct-2025 11:50:52,136.34 KB,True,,,106406858,,INE726G01019,ICICI Prudential Life Insurance Company Limited,2025-10-14 11:50:51,ICICIPRULI
10-Oct-2025 11:09:44,843.23 KB,https://nsearchives.nseindia.com/corporate/ICICIPRULI_10102025110919_Disclosure_under_Regulation_30_and_51_Credit_Rating_ICRA_signed.pdf,ICICI Prudential Life Insurance Company Limited has informed the Exchange about Credit Rating,,,Credit Rating,00:00:01,10102025110944,10-Oct-2025 11:09:45,843.23 KB,True,,,106403596,,INE726G01019,ICICI Prudential Life Insurance Company Limited,2025-10-10 11:09:44,ICICIPRULI
09-Oct-2025 16:45:14,1.91 MB,https://nsearchives.nseindia.com/corporate/ICICIPRULI_09102025164456_SE_monthly_business_presentation_September_2025_signed.pdf,Announcement Under Regulation 30 (LODR)-Performance Update,,,General Updates,00:00:01,09102025164514,09-Oct-2025 16:45:15,1.91 MB,True,,,106402767,,INE726G01019,ICICI Prudential Life Insurance Company Limited,2025-10-09 16:45:14,ICICIPRULI
07-Oct-2025 12:43:07,136.24 KB,https://nsearchives.nseindia.com/corporate/ICICIPRULI_07102025124257_SE_Intimation_Oct_7_2025_signed.pdf,ICICI Prudential Life Insurance Company Limited has informed the Exchange regarding Allotment of 15161  Shares under employee stock option scheme and employee stock unit scheme.,,,ESOP/ESOS/ESPS,00:00:01,07102025124307,07-Oct-2025 12:43:08,136.24 KB,True,,,106399513,,INE726G01019,ICICI Prudential Life Insurance Company Limited,2025-10-07 12:43:07,ICICIPRULI
06-Oct-2025 11:39:26,175.04 KB,https://nsearchives.nseindia.com/corporate/ICICIPRULI_06102025113733_SE_Earnings_intimation_H1-FY2026_final.pdf,ICICI Prudential Life Insurance Company Limited has informed the Exchange about Schedule of meet,,,Analysts/Institutional Investor Meet/Con. Call Updates,00:00:01,06102025113926,06-Oct-2025 11:39:27,175.04 KB,True,,,106398068,,INE726G01019,ICICI Prudential Life Insurance Company Limited,2025-10-06 11:39:26,ICICIPRULI
26-Sep-2025 15:11:08,222.29 KB,https://nsearchives.nseindia.com/corporate/ICICIPRULI_26092025151038_SE_intimation_Disclosure_IRDAI_Intimation_v2.pdf,"Intimation as per Regulation 30(4), 30(13) and Regulation 51(2) read with Schedule III of SEBI (Listing Obligations and Disclosure Requirements) Regulations, 2015",,,Granting/withdrawal/surrender/cancellation/suspension of key licenses/ regulatory approvals,00:00:01,26092025151108,26-Sep-2025 15:11:09,222.29 KB,True,,,106386574,,INE726G01019,ICICI Prudential Life Insurance Company Limited,2025-09-26 15:11:08,ICICIPRULI
25-Sep-2025 15:04:11,171.17 KB,https://nsearchives.nseindia.com/corporate/ICICIPRULI_25092025150357_SE_intimation_for_Window_closure.pdf,"ICICI Prudential Life Insurance Company Limited has informed the Exchange regarding the Trading Window closure pursuant to SEBI (Prohibition of Insider Trading) Regulations, 2015",,,Trading Window,00:00:01,25092025150411,25-Sep-2025 15:04:12,171.17 KB,True,,,106384102,,INE726G01019,ICICI Prudential Life Insurance Company Limited,2025-09-25 15:04:11,ICICIPRULI
23-Sep-2025 12:43:41,364.70 KB,https://nsearchives.nseindia.com/corporate/ICICIPRULI_23092025124313_SE_Intimation_Sep_23_2025_signed.pdf,ICICI Prudential Life Insurance Company Limited has informed the Exchange regarding Allotment of 33920  Shares under employee stock option scheme,,,ESOP/ESOS/ESPS,00:00:01,23092025124341,23-Sep-2025 12:43:42,364.70 KB,True,,,106380748,,INE726G01019,ICICI Prudential Life Insurance Company Limited,2025-09-23 12:43:41,ICICIPRULI
20-Sep-2025 11:25:44,815.39 KB,https://nsearchives.nseindia.com/corporate/ICICIPRULI_20092025112531_SE_Intimation_Post_Dispatch_Newspaper_publication_signed.pdf,ICICI Prudential Life Insurance Company Limited has informed the Exchange about newspaper publication confirmation completion of despatch of Postal ballot Notice.,,,Copy of Newspaper Publication,00:00:01,20092025112544,20-Sep-2025 11:25:45,815.39 KB,True,,,106378793,,INE726G01019,ICICI Prudential Life Insurance Company Limited,2025-09-20 11:25:44,ICICIPRULI
19-Sep-2025 10:58:10,372.99 KB,https://nsearchives.nseindia.com/corporate/ICICIPRULI_19092025105759_SE_Intimation_Postal_ballot_notice_signed.pdf,ICICI Prudential Life Insurance Company Limited has informed the Exchange regarding Notice of Postal Ballot,,,Shareholders meeting,00:00:01,19092025105810,19-Sep-2025 10:58:11,372.99 KB,True,,,106377813,,INE726G01019,ICICI Prudential Life Insurance Company Limited,2025-09-19 10:58:10,ICICIPRULI
18-Sep-2025 11:23:18,807.75 KB,https://nsearchives.nseindia.com/corporate/ICICIPRULI_18092025112242_SE_Intimation_Pre_Newspaper_publication_signed.pdf,ICICI Prudential Life Insurance Company Limited has informed the Exchange about  copy of pre-dispatch newspaper advertisement for postal ballot.,,,Copy of Newspaper Publication,00:00:02,18092025112318,18-Sep-2025 11:23:20,807.75 KB,True,,,106376713,,INE726G01019,ICICI Prudential Life Insurance Company Limited,2025-09-18 11:23:18,ICICIPRULI
16-Sep-2025 13:39:39,365.05 KB,https://nsearchives.nseindia.com/corporate/ICICIPRULI_16092025133929_SE_Intimation_Sep_16_2025_Signed.pdf,ICICI Prudential Life Insurance Company Limited has informed the Exchange regarding Allotment of 20628  Shares under employee stock option scheme and employee stock unit scheme,,,ESOP/ESOS/ESPS,00:00:02,16092025133939,16-Sep-2025 13:39:41,365.05 KB,True,,,106374598,,INE726G01019,ICICI Prudential Life Insurance Company Limited,2025-09-16 13:39:39,ICICIPRULI
12-Sep-2025 14:43:21,1.17 MB,https://nsearchives.nseindia.com/corporate/ICICIPRULI_12092025144311_Outcome_BM_Sep_12_2025_V1.pdf,ICICI Prudential Life Insurance Company Limited has informed the Exchange about initiation of postal ballot process,,,General Updates,00:00:01,12092025144321,12-Sep-2025 14:43:22,1.17 MB,True,,,106372154,,INE726G01019,ICICI Prudential Life Insurance Company Limited,2025-09-12 14:43:21,ICICIPRULI
12-Sep-2025 14:41:58,1.17 MB,https://nsearchives.nseindia.com/corporate/ICICIPRULI_12092025144149_Outcome_BM_Sep_12_2025_V1.pdf,"ICICI Prudential Life Insurance Company Limited has informed the Exchange regarding Appointment of Mr Samit Upadhyay  as Non- Executive Director of the company w.e.f. September 13, 2025.",,,Appointment,00:00:01,12092025144158,12-Sep-2025 14:41:59,1.17 MB,True,,,106372151,,INE726G01019,ICICI Prudential Life Insurance Company Limited,2025-09-12 14:41:58,ICICIPRULI
12-Sep-2025 14:41:58,1.17 MB,https://nsearchives.nseindia.com/corporate/ICICIPRULI_12092025144135_Outcome_BM_Sep_12_2025_V1.pdf,"ICICI Prudential Life Insurance Company Limited has informed the Exchange regarding Appointment of Mr Navin Tahilyani  as Non- Executive Director of the company w.e.f. September 13, 2025.",,,Appointment,00:00:01,12092025144158,12-Sep-2025 14:41:59,1.17 MB,True,,,106372150,,INE726G01019,ICICI Prudential Life Insurance Company Limited,2025-09-12 14:41:58,ICICIPRULI
12-Sep-2025 14:39:32,1.17 MB,https://nsearchives.nseindia.com/corporate/ICICIPRULI_12092025143904_Outcome_BM_Sep_12_2025_V1.pdf,"ICICI Prudential Life Insurance Company Limited has informed the Exchange regarding Resignation of Mr Solmaz Altin  as Non- Executive Director of the company from close of business hours on September 12, 2025 i.e. with effect from September 13, 2025",,,Resignation,00:00:00,12092025143932,12-Sep-2025 14:39:32,1.17 MB,True,,,106372147,,INE726G01019,ICICI Prudential Life Insurance Company Limited,2025-09-12 14:39:32,ICICIPRULI
12-Sep-2025 14:39:32,1.17 MB,https://nsearchives.nseindia.com/corporate/ICICIPRULI_12092025143919_Outcome_BM_Sep_12_2025_V1.pdf,"ICICI Prudential Life Insurance Company Limited has informed the Exchange regarding Resignation of Mr Anuj Bhargava as Non- Executive Director of the company from close of business hours on September 12, 2025 i.e. with effect from September 13, 2025.",,,Resignation,00:00:00,12092025143932,12-Sep-2025 14:39:32,1.17 MB,True,,,106372148,,INE726G01019,ICICI Prudential Life Insurance Company Limited,2025-09-12 14:39:32,ICICIPRULI
12-Sep-2025 14:34:49,1.17 MB,https://nsearchives.nseindia.com/corporate/ICICIPRULI_12092025143434_Outcome_BM_Sep_12_2025_V1.pdf,ICICI Prudential Life Insurance Company Limited has informed the Exchange regarding Change in Director(s) of the company.,,,Change in Director(s),00:00:02,12092025143449,12-Sep-2025 14:34:51,1.17 MB,True,,,106372136,,INE726G01019,ICICI Prudential Life Insurance Company Limited,2025-09-12 14:34:49,ICICIPRULI
12-Sep-2025 14:33:33,1.17 MB,https://nsearchives.nseindia.com/corporate/ICICIPRULI_12092025143319_Outcome_BM_Sep_12_2025_V1.pdf,ICICI Prudential Life Insurance Company Limited has informed the Exchange about issue of Securities,,,Issue of Securities,00:00:01,12092025143333,12-Sep-2025 14:33:34,1.17 MB,True,,,106372131,,INE726G01019,ICICI Prudential Life Insurance Company Limited,2025-09-12 14:33:33,ICICIPRULI
12-Sep-2025 14:32:09,1.17 MB,https://nsearchives.nseindia.com/corporate/ICICIPRULI_12092025143148_Outcome_BM_Sep_12_2025_V1.pdf,"ICICI Prudential Life Insurance Company Limited has informed the Exchange regarding  Board meeting held on September 12, 2025.",,,Outcome of Board Meeting,00:00:01,12092025143209,12-Sep-2025 14:32:10,1.17 MB,True,,,106372130,,INE726G01019,ICICI Prudential Life Insurance Company Limited,2025-09-12 14:32:09,ICICIPRULI
12-Sep-2025 14:31:05,1.17 MB,https://nsearchives.nseindia.com/corporate/ICICIPRULI_12092025143049_Outcome_BM_Sep_12_2025_V1.pdf,"ICICI Prudential Life Insurance Company Limited has informed the Exchange regarding Outcome of Board Meeting held on September 12, 2025.",,,Outcome of Board Meeting,00:00:02,12092025143105,12-Sep-2025 14:31:07,1.17 MB,True,,,106372128,,INE726G01019,ICICI Prudential Life Insurance Company Limited,2025-09-12 14:31:05,ICICIPRULI
09-Sep-2025 12:57:00,2.03 MB,https://nsearchives.nseindia.com/corporate/ICICIPRULI_09092025125642_SE_monthly_business_presentation_August_2025_signed.pdf,ICICI Prudential Life Insurance Company Limited has informed the Exchange about the performance update of the Company for the month of August 2025.,,,General Updates,00:00:00,09092025125700,09-Sep-2025 12:57:00,2.03 MB,True,,,106368782,,INE726G01019,ICICI Prudential Life Insurance Company Limited,2025-09-09 12:57:00,ICICIPRULI
09-Sep-2025 12:09:25,365.05 KB,https://nsearchives.nseindia.com/corporate/ICICIPRULI_09092025120917_SE_Intimation_Sep_9_2025_signed.pdf,ICICI Prudential Life Insurance Company Limited has informed the Exchange regarding Allotment of 11476  Shares under employee stock option scheme and employee stock unit scheme,,,ESOP/ESOS/ESPS,00:00:01,09092025120925,09-Sep-2025 12:09:26,365.05 KB,True,,,106368726,,INE726G01019,ICICI Prudential Life Insurance Company Limited,2025-09-09 12:09:25,ICICIPRULI
09-Sep-2025 11:45:55,436.98 KB,https://nsearchives.nseindia.com/corporate/ICICIPRULI_09092025114547_SE_Investor_meet_Sep_9_2025_reschedule_signed.pdf,ICICI Prudential Life Insurance Company Limited has informed the Exchange about Rescheduling Of Investor/Analyst Meet,,,General Updates,00:00:00,09092025114555,09-Sep-2025 11:45:55,436.98 KB,True,,,106368670,,INE726G01019,ICICI Prudential Life Insurance Company Limited,2025-09-09 11:45:55,ICICIPRULI
05-Sep-2025 00:10:06,313.33 KB,https://nsearchives.nseindia.com/corporate/ICICIPRULI_05092025000952_SE_Intimation_GST_related_Sep_5_signed.pdf,ICICI Prudential Life Insurance Company Limited has informed the Exchange about General Updates,,,General Updates,00:00:01,05092025001006,05-Sep-2025 00:10:07,313.33 KB,True,,,106364188,,INE726G01019,ICICI Prudential Life Insurance Company Limited,2025-09-05 00:10:06,ICICIPRULI
04-Sep-2025 22:06:19,312.05 KB,https://nsearchives.nseindia.com/corporate/ICICIPRULI_04092025220609_SE_Investor_meet_Sept_8_2025_and_Sep_9_2025_Cancellation_signed.pdf,"ICICI Prudential Life Insurance Company Limited has informed the Exchange about cancellation of Analyst/Investor meet scheduled to be held on September 8, 2025 and September 9, 2025.",,,General Updates,00:00:01,04092025220619,04-Sep-2025 22:06:20,312.05 KB,True,,,106363963,,INE726G01019,ICICI Prudential Life Insurance Company Limited,2025-09-04 22:06:19,ICICIPRULI
02-Sep-2025 15:04:37,365.09 KB,https://nsearchives.nseindia.com/corporate/ICICIPRULI_02092025150427_SE_Intimation_Sep_2_2025_signed.pdf,ICICI Prudential Life Insurance Company Limited has informed the Exchange regarding Allotment of 33821  Shares under employee stock option scheme and employee stock unit scheme.,,,ESOP/ESOS/ESPS,00:00:01,02092025150437,02-Sep-2025 15:04:38,365.09 KB,True,,,106359797,,INE726G01019,ICICI Prudential Life Insurance Company Limited,2025-09-02 15:04:37,ICICIPRULI
01-Sep-2025 12:47:45,436.74 KB,https://nsearchives.nseindia.com/corporate/ICICIPRULI_01092025124732_SE_Investor_meet_Sep_19_2025_intimation_signed.pdf,ICICI Prudential Life Insurance Company Limited has informed the Exchange about Schedule of meet,,,Analysts/Institutional Investor Meet/Con. Call Updates,00:00:01,01092025124745,01-Sep-2025 12:47:46,436.74 KB,True,,,106358052,,INE726G01019,ICICI Prudential Life Insurance Company Limited,2025-09-01 12:47:45,ICICIPRULI
26-Aug-2025 18:30:44,312.00 KB,https://nsearchives.nseindia.com/corporate/ICICIPRULI_26082025182915_SE_Investor_meet_Sept_2_2025_Cancellation_signed.pdf,"ICICI Prudential Life Insurance Company Limited has informed the Exchange about cancellation of Analyst/Investor meet scheduled to be held on September 2, 2025",,,General Updates,00:00:01,26082025183044,26-Aug-2025 18:30:45,312.00 KB,True,,,106352619,,INE726G01019,ICICI Prudential Life Insurance Company Limited,2025-08-26 18:30:44,ICICIPRULI
26-Aug-2025 12:53:33,365.11 KB,https://nsearchives.nseindia.com/corporate/ICICIPRULI_26082025125319_SE_Intimation_August_26_2025_signed.pdf,ICICI Prudential Life Insurance Company Limited has informed the Exchange regarding Allotment of 33756  Shares.,,,ESOP/ESOS/ESPS,00:00:01,26082025125333,26-Aug-2025 12:53:34,365.11 KB,True,,,106352033,,INE726G01019,ICICI Prudential Life Insurance Company Limited,2025-08-26 12:53:33,ICICIPRULI
19-Aug-2025 19:38:46,708.98 KB,https://nsearchives.nseindia.com/corporate/ICICIPRULI_19082025193837_SE_Intimation_IEPF_Letter_to_SH_signed.pdf,ICICI Prudential Life Insurance Company Limited has informed the Exchange about Intimation of Notice sent to shareholders for transfer of Equity Shares and Unpaid/Unclaimed Dividend to the Investor Education and Protection Fund (IEPF) and Special Reminder No. 2 on 'Saksham Niveshak',,,General Updates,00:00:01,19082025193846,19-Aug-2025 19:38:47,708.98 KB,True,,,106345785,,INE726G01019,ICICI Prudential Life Insurance Company Limited,2025-08-19 19:38:46,ICICIPRULI
19-Aug-2025 19:21:39,161.81 KB,https://nsearchives.nseindia.com/corporate/ICICIPRULI_19082025192126_SE_Investor_meet_August_20_2025_Cancellation.pdf,"ICICI Prudential Life Insurance Company Limited has informed the Exchange about cancellation of Analyst/Investor meet scheduled to be held on August 20, 2025.",,,General Updates,00:00:00,19082025192139,19-Aug-2025 19:21:39,161.81 KB,True,,,106345766,,INE726G01019,ICICI Prudential Life Insurance Company Limited,2025-08-19 19:21:39,ICICIPRULI
19-Aug-2025 13:43:57,365.12 KB,https://nsearchives.nseindia.com/corporate/ICICIPRULI_19082025134346_SE_Intimation_August_19_2025_Signed.pdf,ICICI Prudential Life Insurance Company Limited has informed the Exchange regarding Allotment of 65115  Shares.,,,ESOP/ESOS/ESPS,00:00:02,19082025134357,19-Aug-2025 13:43:59,365.12 KB,True,,,106345284,,INE726G01019,ICICI Prudential Life Insurance Company Limited,2025-08-19 13:43:57,ICICIPRULI
12-Aug-2025 12:38:36,365.12 KB,https://nsearchives.nseindia.com/corporate/ICICIPRULI_12082025123829_SE_Intimation_August_12_2025_signed.pdf,ICICI Prudential Life Insurance Company Limited has informed the Exchange regarding Allotment of 164008  Shares.,,,ESOP/ESOS/ESPS,00:00:01,12082025123836,12-Aug-2025 12:38:37,365.12 KB,True,,,106336109,,INE726G01019,ICICI Prudential Life Insurance Company Limited,2025-08-12 12:38:36,ICICIPRULI
08-Aug-2025 12:18:58,2.03 MB,https://nsearchives.nseindia.com/corporate/ICICIPRULI_08082025121842_SE_monthly_business_presentation_July_2025.pdf,ICICI Prudential Life Insurance Company Limited has informed the Exchange about Investor Presentation,,,Investor Presentation,00:00:01,08082025121858,08-Aug-2025 12:18:59,2.03 MB,True,,,106331623,,INE726G01019,ICICI Prudential Life Insurance Company Limited,2025-08-08 12:18:58,ICICIPRULI
07-Aug-2025 19:04:47,436.72 KB,https://nsearchives.nseindia.com/corporate/ICICIPRULI_07082025190436_SE_Investor_meet_Sep_22_2025_intimation_signed.pdf,ICICI Prudential Life Insurance Company Limited has informed the Exchange about Schedule of meet,,,Analysts/Institutional Investor Meet/Con. Call Updates,00:00:01,07082025190447,07-Aug-2025 19:04:48,436.72 KB,True,,,106330588,,INE726G01019,ICICI Prudential Life Insurance Company Limited,2025-08-07 19:04:47,ICICIPRULI
07-Aug-2025 19:03:18,436.71 KB,https://nsearchives.nseindia.com/corporate/ICICIPRULI_07082025190226_SE_Investor_meet_Sep_16_2025_intimation_signed.pdf,ICICI Prudential Life Insurance Company Limited has informed the Exchange about Schedule of meet,,,Analysts/Institutional Investor Meet/Con. Call Updates,00:00:02,07082025190318,07-Aug-2025 19:03:20,436.71 KB,True,,,106330581,,INE726G01019,ICICI Prudential Life Insurance Company Limited,2025-08-07 19:03:18,ICICIPRULI
07-Aug-2025 19:00:48,436.76 KB,https://nsearchives.nseindia.com/corporate/ICICIPRULI_07082025190036_SE_Investor_meet_Sep_8_9_2025_intimation_signed.pdf,ICICI Prudential Life Insurance Company Limited has informed the Exchange about Schedule of meet,,,Analysts/Institutional Investor Meet/Con. Call Updates,00:00:01,07082025190048,07-Aug-2025 19:00:49,436.76 KB,True,,,106330567,,INE726G01019,ICICI Prudential Life Insurance Company Limited,2025-08-07 19:00:48,ICICIPRULI
07-Aug-2025 18:58:45,436.76 KB,https://nsearchives.nseindia.com/corporate/ICICIPRULI_07082025185835_SE_Investor_meet_Sep_8_9_2025_intimation_signed.pdf,ICICI Prudential Life Insurance Company Limited has informed the Exchange about Schedule of meet,,,Analysts/Institutional Investor Meet/Con. Call Updates,00:00:01,07082025185845,07-Aug-2025 18:58:46,436.76 KB,True,,,106330560,,INE726G01019,ICICI Prudential Life Insurance Company Limited,2025-08-07 18:58:45,ICICIPRULI
07-Aug-2025 15:45:12,437.16 KB,https://nsearchives.nseindia.com/corporate/ICICIPRULI_07082025154459_SE_Investor_meet_Sep_2_2025_intimation_signed.pdf,ICICI Prudential Life Insurance Company Limited has informed the Exchange about Schedule of meet,,,Analysts/Institutional Investor Meet/Con. Call Updates,00:00:01,07082025154512,07-Aug-2025 15:45:13,437.16 KB,True,,,106329689,,INE726G01019,ICICI Prudential Life Insurance Company Limited,2025-08-07 15:45:12,ICICIPRULI
07-Aug-2025 15:37:30,436.64 KB,https://nsearchives.nseindia.com/corporate/ICICIPRULI_07082025153634_SE_Investor_meet_August_21_2025_intimation_signed.pdf,ICICI Prudential Life Insurance Company Limited has informed the Exchange about Schedule of meet,,,Analysts/Institutional Investor Meet/Con. Call Updates,00:00:00,07082025153730,07-Aug-2025 15:37:30,436.64 KB,True,,,106329666,,INE726G01019,ICICI Prudential Life Insurance Company Limited,2025-08-07 15:37:30,ICICIPRULI
07-Aug-2025 15:28:25,436.71 KB,https://nsearchives.nseindia.com/corporate/ICICIPRULI_07082025152815_SE_Investor_meet_August_20_2025_intimation_signed.pdf,ICICI Prudential Life Insurance Company Limited has informed the Exchange about Schedule of meet,,,Analysts/Institutional Investor Meet/Con. Call Updates,00:00:01,07082025152825,07-Aug-2025 15:28:26,436.71 KB,True,,,106329640,,INE726G01019,ICICI Prudential Life Insurance Company Limited,2025-08-07 15:28:25,ICICIPRULI
07-Aug-2025 15:23:39,436.79 KB,https://nsearchives.nseindia.com/corporate/ICICIPRULI_07082025152327_SE_Investor_meet_August_12_2025_intimation_signed.pdf,ICICI Prudential Life Insurance Company Limited has informed the Exchange about Schedule of meet,,,Analysts/Institutional Investor Meet/Con. Call Updates,00:00:01,07082025152339,07-Aug-2025 15:23:40,436.79 KB,True,,,106329623,,INE726G01019,ICICI Prudential Life Insurance Company Limited,2025-08-07 15:23:39,ICICIPRULI
05-Aug-2025 13:02:08,365.11 KB,https://nsearchives.nseindia.com/corporate/ICICIPRULI_05082025130149_SE_Intimation_August_5_2025_signed.pdf,ICICI Prudential Life Insurance Company Limited has informed the Exchange regarding Allotment of 32882  Shares.,,,ESOP/ESOS/ESPS,00:00:01,05082025130208,05-Aug-2025 13:02:09,365.11 KB,True,,,106325280,,INE726G01019,ICICI Prudential Life Insurance Company Limited,2025-08-05 13:02:08,ICICIPRULI
31-Jul-2025 15:50:01,162.07 KB,https://nsearchives.nseindia.com/corporate/ICICIPRULI_31072025154945_Disclosure_order_dated_July_31_signed.pdf,"Update on Disclosure under Regulation 30 and Regulation 51 read with Schedule III of Securities and Exchange Board of India (Listing Obligations and Disclosure Requirements) Regulations, 2015 (Listing Regulations)",,,General Updates,00:00:01,31072025155001,31-Jul-2025 15:50:02,162.07 KB,True,,,106319266,,INE726G01019,ICICI Prudential Life Insurance Company Limited,2025-07-31 15:50:01,ICICIPRULI
30-Jul-2025 19:30:55,222.79 KB,https://nsearchives.nseindia.com/corporate/ICICIPRULI_30072025192924_SE_Intimation_Communication_sent_to_the_Shareholders_revised.pdf,ICICI Prudential Life Insurance Company Limited has informed the Exchange about General Updates,,,General Updates,00:00:02,30072025193055,30-Jul-2025 19:30:57,222.79 KB,True,,,106318054,,INE726G01019,ICICI Prudential Life Insurance Company Limited,2025-07-30 19:30:55,ICICIPRULI
29-Jul-2025 15:06:28,365.08 KB,https://nsearchives.nseindia.com/corporate/ICICIPRULI_29072025150610_SE_Intimation_July_29_2025_signed.pdf,ICICI Prudential Life Insurance Company Limited has informed the Exchange regarding Allotment of 52467  Shares.,,,ESOP/ESOS/ESPS,00:00:01,29072025150628,29-Jul-2025 15:06:29,365.08 KB,True,,,106315654,,INE726G01019,ICICI Prudential Life Insurance Company Limited,2025-07-29 15:06:28,ICICIPRULI
28-Jul-2025 21:42:12,710.32 KB,https://nsearchives.nseindia.com/corporate/ICICIPRULI_28072025214147_SE_Intimation_IEPF_Letter_to_SH_signed.pdf,"ICICI Prudential Life Insurance Company Limited has informed the Exchange about Intimation of Notice sent to shareholders as per directive of Investor Education and Protection Fund Authority, Ministry Of Corporate Affairs for initiation of 100 Days  Campaign from July 28, 2025 to November 6, 2025",,,General Updates,00:00:01,28072025214212,28-Jul-2025 21:42:13,710.32 KB,True,,,106314843,,INE726G01019,ICICI Prudential Life Insurance Company Limited,2025-07-28 21:42:12,ICICIPRULI
22-Jul-2025 15:45:51,150.22 KB,https://nsearchives.nseindia.com/corporate/ICICIPRULI_22072025154225_SE_Intimation_July_22_2025.pdf,ICICI Prudential Life Insurance Company Limited has informed the Exchange regarding Allotment of 136869  Shares.,,,ESOP/ESOS/ESPS,00:00:01,22072025154551,22-Jul-2025 15:45:52,150.22 KB,True,,,106307591,,INE726G01019,ICICI Prudential Life Insurance Company Limited,2025-07-22 15:45:51,ICICIPRULI
22-Jul-2025 12:04:21,303.08 KB,https://nsearchives.nseindia.com/corporate/ICICIPRULI_22072025120409_SE_intimation_Earnings_Call_Transcript_June_2025_signed.pdf,ICICI Prudential Life Insurance Company Limited has informed the Exchange about Transcript,,,Analysts/Institutional Investor Meet/Con. Call Updates,00:00:01,22072025120421,22-Jul-2025 12:04:22,303.08 KB,True,,,106307287,,INE726G01019,ICICI Prudential Life Insurance Company Limited,2025-07-22 12:04:21,ICICIPRULI
19-Jul-2025 14:58:08,209.12 KB,https://nsearchives.nseindia.com/corporate/ICICIPRULI_19072025145710_SE_Intimation_Outcome_of_board_meeting_ICICI_Prulife.pdf,ICICI Prudential Life Insurance Company Limited has informed the Exchange about General Updates,,,General Updates,00:00:01,19072025145808,19-Jul-2025 14:58:09,209.12 KB,True,,,106305288,,INE726G01019,ICICI Prudential Life Insurance Company Limited,2025-07-19 14:58:08,ICICIPRULI
17-Jul-2025 11:51:26,3.15 MB,https://nsearchives.nseindia.com/corporate/ICICIPRULI_17072025115104_SE_intimation_Newspaper_advertisement.pdf,ICICI Prudential Life Insurance Company Limited has informed the Exchange about Copy of Newspaper Publication,,,Copy of Newspaper Publication,00:00:01,17072025115126,17-Jul-2025 11:51:27,3.15 MB,False,,,106302669,,INE726G01019,ICICI Prudential Life Insurance Company Limited,2025-07-17 11:51:26,ICICIPRULI
15-Jul-2025 21:11:00,130.03 KB,https://nsearchives.nseindia.com/corporate/ICICIPRULI_15072025210737_SE_intimation_Earnings_Call_Audio_Recordings_June_30_2025.pdf,ICICI Prudential Life Insurance Company Limited has informed the Exchange about Link of Recording,,,Analysts/Institutional Investor Meet/Con. Call Updates,00:00:01,15072025211100,15-Jul-2025 21:11:01,130.03 KB,False,,,106300932,,INE726G01019,ICICI Prudential Life Insurance Company Limited,2025-07-15 21:11:00,ICICIPRULI
15-Jul-2025 18:09:38,383.47 KB,https://nsearchives.nseindia.com/corporate/ICICIPRULI_15072025180928_ICPL_74_5__BSE_and_NSE_June_30_2025_signed.pdf,"ICICI Prudential Life Insurance Company Limited has informed the Exchange about Certificate under SEBI (Depositories and Participants) Regulations, 2018",,,"Certificate under SEBI (Depositories and Participants) Regulations, 2018",00:00:01,15072025180938,15-Jul-2025 18:09:39,383.47 KB,False,,,106300690,,INE726G01019,ICICI Prudential Life Insurance Company Limited,2025-07-15 18:09:38,ICICIPRULI
15-Jul-2025 13:58:09,1.84 MB,https://nsearchives.nseindia.com/corporate/ICICIPRULI_15072025135725_SE_Earnings_presentation_intimation_July_15_2025_signed.pdf,ICICI Prudential Life Insurance Company Limited has informed the Exchange about Investor Presentation,,,Investor Presentation,00:00:01,15072025135809,15-Jul-2025 13:58:10,1.84 MB,False,,,106300138,,INE726G01019,ICICI Prudential Life Insurance Company Limited,2025-07-15 13:58:09,ICICIPRULI
15-Jul-2025 13:48:06,5.57 MB,https://nsearchives.nseindia.com/corporate/ICICIPRULI_15072025134620_Outcome_BM_July_15_2025_Financials_.pdf,"ICICI Prudential Life Insurance Company Limited has informed the Exchange regarding  Board meeting held on July 15, 2025.",,,Outcome of Board Meeting,00:00:00,15072025134806,15-Jul-2025 13:48:06,5.57 MB,False,,,106300129,,INE726G01019,ICICI Prudential Life Insurance Company Limited,2025-07-15 13:48:06,ICICIPRULI
15-Jul-2025 13:43:54,5.57 MB,https://nsearchives.nseindia.com/corporate/ICICIPRULI_15072025134258_Outcome_BM_July_15_2025_Financials_.pdf,"ICICI Prudential Life Insurance Company Limited has submitted to the Exchange, the financial results for the period ended Jun 30, 2025.",,,Outcome of Board Meeting,00:00:00,15072025134354,15-Jul-2025 13:43:54,5.57 MB,False,,,106300121,,INE726G01019,ICICI Prudential Life Insurance Company Limited,2025-07-15 13:43:54,ICICIPRULI
15-Jul-2025 13:02:24,141.67 KB,https://nsearchives.nseindia.com/corporate/ICICIPRULI_15072025130201_SE_Intimation_July_15_2025_signed.pdf,ICICI Prudential Life Insurance Company Limited has informed the Exchange regarding Allotment of 6400  Shares.,,,ESOP/ESOS/ESPS,00:00:01,15072025130224,15-Jul-2025 13:02:25,141.67 KB,False,,,106300082,,INE726G01019,ICICI Prudential Life Insurance Company Limited,2025-07-15 13:02:24,ICICIPRULI
10-Jul-2025 11:59:09,182.88 KB,https://nsearchives.nseindia.com/corporate/ICICIPRULI_10072025115802_SE_Earnings_intimation_Q1FY2026_.pdf,ICICI Prudential Life Insurance Company Limited has informed the Exchange about Schedule of meet,,,Analysts/Institutional Investor Meet/Con. Call Updates,00:00:01,10072025115909,10-Jul-2025 11:59:10,182.88 KB,False,,,106295515,,INE726G01019,ICICI Prudential Life Insurance Company Limited,2025-07-10 11:59:09,ICICIPRULI
10-Jul-2025 11:35:12,2.00 MB,https://nsearchives.nseindia.com/corporate/ICICIPRULI_10072025113433_SE_monthly_business_presentation_June_2025.pdf,ICICI Prudential Life Insurance Company Limited has informed the Exchange about Investor Presentation,,,Investor Presentation,00:00:01,10072025113512,10-Jul-2025 11:35:13,2.00 MB,False,,,106295482,,INE726G01019,ICICI Prudential Life Insurance Company Limited,2025-07-10 11:35:12,ICICIPRULI
08-Jul-2025 13:06:53,142.17 KB,https://nsearchives.nseindia.com/corporate/ICICIPRULI_08072025130639_SE_Intimation_July_8_2025_signed.pdf,ICICI Prudential Life Insurance Company Limited has informed the Exchange regarding Allotment of 7748  Shares.,,,ESOP/ESOS/ESPS,00:00:01,08072025130653,08-Jul-2025 13:06:54,142.17 KB,False,,,106292886,,INE726G01019,ICICI Prudential Life Insurance Company Limited,2025-07-08 13:06:53,ICICIPRULI
04-Jul-2025 14:51:06,134.96 KB,https://nsearchives.nseindia.com/corporate/ICICIPRULI_04072025145050_SE_Intimation_MPM_trigger_July_3.pdf,ICICI Prudential Life Insurance Company Limited has informed the Exchange about Rumour Verification - Regulation 30(11),,,Rumour Verification - Regulation 30(11),00:00:01,04072025145106,04-Jul-2025 14:51:07,134.96 KB,False,,,106289934,,INE726G01019,ICICI Prudential Life Insurance Company Limited,2025-07-04 14:51:06,ICICIPRULI
30-Jun-2025 21:14:06,364.22 KB,https://nsearchives.nseindia.com/corporate/team_sandeshc_15052025130118_13.pdf,"Prudential Corporation Holdings Limited has Submitted to the Exchange a copy of Disclosure under Regulation 31(4) of the Securities and Exchange Board of India (Substantial Acquisition of Shares and Takeovers) Regulations, 2011.",,,Disclosure under SEBI Takeover Regulations,00:00:00,30062025211406,30-Jun-2025 21:14:06,364.22 KB,False,,,106232872,,INE726G01019,ICICI Prudential Life Insurance Company Limited,2025-06-30 21:14:06,ICICIPRULI
27-Jun-2025 21:42:52,1.36 MB,https://nsearchives.nseindia.com/corporate/ICICIPRULI_27062025214205_SE_intimation_combined.pdf,"ICICI Prudential Life Insurance Company Limited has informed the Exchange regarding Proceedings of Annual General Meeting held on Jun 27, 2025. Further, the company has submitted the Exchange a copy of Srutinizers report along with voting results.",,,Shareholders meeting,00:00:01,27062025214252,27-Jun-2025 21:42:53,1.36 MB,False,,,106283368,,INE726G01019,ICICI Prudential Life Insurance Company Limited,2025-06-27 21:42:52,ICICIPRULI
25-Jun-2025 12:56:48,167.85 KB,https://nsearchives.nseindia.com/corporate/ICICIPRULI_25062025125638_SE_intimation_for_Window_closure.pdf,"ICICI Prudential Life Insurance Company Limited has informed the Exchange regarding the Trading Window closure pursuant to SEBI (Prohibition of Insider Trading) Regulations, 2015",,,Trading Window,00:00:02,25062025125648,25-Jun-2025 12:56:50,167.85 KB,False,,,106277979,,INE726G01019,ICICI Prudential Life Insurance Company Limited,2025-06-25 12:56:48,ICICIPRULI
24-Jun-2025 12:47:26,142.38 KB,https://nsearchives.nseindia.com/corporate/ICICIPRULI_24062025124711_SE_Intimation_June_24_2025_signed.pdf,ICICI Prudential Life Insurance Company Limited has informed the Exchange regarding Allotment of 28846  Shares.,,,ESOP/ESOS/ESPS,00:00:01,24062025124726,24-Jun-2025 12:47:27,142.38 KB,False,,,106276583,,INE726G01019,ICICI Prudential Life Insurance Company Limited,2025-06-24 12:47:26,ICICIPRULI
17-Jun-2025 14:18:26,149.60 KB,https://nsearchives.nseindia.com/corporate/ICICIPRULI_17062025141806_SE_Intimation_June_17_2025_signed.pdf,ICICI Prudential Life Insurance Company Limited has informed the Exchange regarding Allotment of 81108  Shares.,,,ESOP/ESOS/ESPS,00:00:01,17062025141826,17-Jun-2025 14:18:27,149.60 KB,False,,,106270944,,INE726G01019,ICICI Prudential Life Insurance Company Limited,2025-06-17 14:18:26,ICICIPRULI
10-Jun-2025 18:18:41,149.59 KB,https://nsearchives.nseindia.com/corporate/ICICIPRULI_10062025181750_SE_Intimation_June_10_2025_signed.pdf,ICICI Prudential Life Insurance Company Limited has informed the Exchange regarding Allotment of 71286  Shares.,,,ESOP/ESOS/ESPS,00:00:01,10062025181841,10-Jun-2025 18:18:42,149.59 KB,False,,,106266272,,INE726G01019,ICICI Prudential Life Insurance Company Limited,2025-06-10 18:18:41,ICICIPRULI
09-Jun-2025 14:31:02,3.45 MB,https://nsearchives.nseindia.com/corporate/ICICIPRULI_09062025143019_SE_monthly_business_presentation_May_2025_signed.pdf,ICICI Prudential Life Insurance Company Limited has informed the Exchange about Investor Presentation,,,Investor Presentation,00:00:01,09062025143102,09-Jun-2025 14:31:03,3.45 MB,False,,,106264926,,INE726G01019,ICICI Prudential Life Insurance Company Limited,2025-06-09 14:31:02,ICICIPRULI
06-Jun-2025 16:36:21,1.89 MB,https://nsearchives.nseindia.com/corporate/ICICIPRULI_06062025163555_SE_Intimation_June_6_2025.pdf,"Intimation under Regulation 30 of SEBI (Listing Obligations and DisclosureRequirements) Regulations, 2015",,,General Updates,00:00:01,06062025163621,06-Jun-2025 16:36:22,1.89 MB,False,,,106263884,,INE726G01019,ICICI Prudential Life Insurance Company Limited,2025-06-06 16:36:21,ICICIPRULI
05-Jun-2025 11:44:16,7.05 MB,https://nsearchives.nseindia.com/corporate/ICICIPRULI_05062025114400_SE_Intimation_Post_Newspaper_publication_05062025_signed.pdf,ICICI Prudential Life Insurance Company Limited has informed the Exchange about Copy of post-dispatch Newspaper Publication for Annual General Meeting.,,,Copy of Newspaper Publication,00:00:01,05062025114416,05-Jun-2025 11:44:17,7.05 MB,False,,,106262645,,INE726G01019,ICICI Prudential Life Insurance Company Limited,2025-06-05 11:44:16,ICICIPRULI
04-Jun-2025 18:08:00,17.21 MB,https://nsearchives.nseindia.com/corporate/ICICIPRULI_04062025180733_SE_Intimation_Cover_Letter_June_4_2025_Signed.pdf,ICICI Prudential Life Insurance Company Limited has informed the Exchange regarding 'Business Responsibility and Sustainability Report for FY2025'.,,,Updates,00:00:01,04062025180800,04-Jun-2025 18:08:01,17.21 MB,False,,,106262053,,INE726G01019,ICICI Prudential Life Insurance Company Limited,2025-06-04 18:08:00,ICICIPRULI
04-Jun-2025 18:00:05,17.21 MB,https://nsearchives.nseindia.com/corporate/ICICIPRULI_04062025175937_SE_Intimation_Cover_Letter_June_4_2025_Signed.pdf,"ICICI Prudential Life Insurance Company Limited has informed the Exchange regarding Notice of Annual General Meeting to be held on Jun 27, 2025",,,Shareholders meeting,00:00:01,04062025180005,04-Jun-2025 18:00:06,17.21 MB,False,,,106262043,,INE726G01019,ICICI Prudential Life Insurance Company Limited,2025-06-04 18:00:05,ICICIPRULI
03-Jun-2025 18:24:26,1.94 MB,https://nsearchives.nseindia.com/corporate/ICICIPRULI_03062025181757_SE_intimation_signed.pdf,ICICI Prudential Life Insurance Company Limited has informed the Exchange about General Updates,,,General Updates,00:00:01,03062025182426,03-Jun-2025 18:24:27,1.94 MB,False,,,106261097,,INE726G01019,ICICI Prudential Life Insurance Company Limited,2025-06-03 18:24:26,ICICIPRULI
03-Jun-2025 14:07:36,163.03 KB,https://nsearchives.nseindia.com/corporate/ICICIPRULI_03062025140702_SE_Intimation_June_3_2025_signed.pdf,ICICI Prudential Life Insurance Company Limited has informed the Exchange regarding Allotment of 178739  Shares.,,,ESOP/ESOS/ESPS,00:00:00,03062025140736,03-Jun-2025 14:07:36,163.03 KB,False,,,106260800,,INE726G01019,ICICI Prudential Life Insurance Company Limited,2025-06-03 14:07:36,ICICIPRULI
02-Jun-2025 11:35:54,3.06 MB,https://nsearchives.nseindia.com/corporate/ICICIPRULI_02062025113531_SE_Intimation_Pre_Newspaper_publication_02062025_signed.pdf,ICICI Prudential Life Insurance Company Limited has informed the Exchange about Copy of Pre-dispatch Newspaper Publication for the Annual General Meeting.,,,Copy of Newspaper Publication,00:00:01,02062025113554,02-Jun-2025 11:35:55,3.06 MB,False,,,106259620,,INE726G01019,ICICI Prudential Life Insurance Company Limited,2025-06-02 11:35:54,ICICIPRULI
27-May-2025 16:38:23,157.17 KB,https://nsearchives.nseindia.com/corporate/ICICIPRULI_27052025163807_SE_Intimation_May_27_2025.pdf,ICICI Prudential Life Insurance Company Limited has informed the Exchange regarding Allotment of 84628  Shares.,,,ESOP/ESOS/ESPS,00:00:01,27052025163823,27-May-2025 16:38:24,157.17 KB,False,,,106250295,,INE726G01019,ICICI Prudential Life Insurance Company Limited,2025-05-27 16:38:23,ICICIPRULI
27-May-2025 14:41:43,167.44 KB,https://nsearchives.nseindia.com/corporate/ICICIPRULI_27052025144130_SE_Intimation_May_27_2025_signed.pdf,ICICI Prudential Life Insurance Company Limited has informed the Exchange regarding Allotment of 77495  Shares.,,,ESOP/ESOS/ESPS,00:00:01,27052025144143,27-May-2025 14:41:44,167.44 KB,False,,,106250048,,INE726G01019,ICICI Prudential Life Insurance Company Limited,2025-05-27 14:41:43,ICICIPRULI
23-May-2025 17:52:15,143.21 KB,https://nsearchives.nseindia.com/corporate/ICICIPRULI_23052025175144_6_SE_Investor_meet_June_11_12_2025_intimation_signed.pdf,ICICI Prudential Life Insurance Company Limited has informed the Exchange about Schedule of meet,,,Analysts/Institutional Investor Meet/Con. Call Updates,00:00:01,23052025175215,23-May-2025 17:52:16,143.21 KB,False,,,106246059,,INE726G01019,ICICI Prudential Life Insurance Company Limited,2025-05-23 17:52:15,ICICIPRULI
23-May-2025 16:55:05,143.18 KB,https://nsearchives.nseindia.com/corporate/ICICIPRULI_23052025165447_SE_Investor_meet_June_10_12_2025_intimation_signed.pdf,ICICI Prudential Life Insurance Company Limited has informed the Exchange about Schedule of meet,,,Analysts/Institutional Investor Meet/Con. Call Updates,00:00:00,23052025165505,23-May-2025 16:55:05,143.18 KB,False,,,106245875,,INE726G01019,ICICI Prudential Life Insurance Company Limited,2025-05-23 16:55:05,ICICIPRULI
23-May-2025 16:45:13,143.12 KB,https://nsearchives.nseindia.com/corporate/ICICIPRULI_23052025164441_SE_Investor_meet_June_9_10_2025_intimation_signed.pdf,ICICI Prudential Life Insurance Company Limited has informed the Exchange about Schedule of meet,,,Analysts/Institutional Investor Meet/Con. Call Updates,00:00:01,23052025164513,23-May-2025 16:45:14,143.12 KB,False,,,106245855,,INE726G01019,ICICI Prudential Life Insurance Company Limited,2025-05-23 16:45:13,ICICIPRULI
23-May-2025 16:30:47,143.02 KB,https://nsearchives.nseindia.com/corporate/ICICIPRULI_23052025163004_SE_Investor_meet_June_4_2025_intimation_signed.pdf,ICICI Prudential Life Insurance Company Limited has informed the Exchange about Schedule of meet,,,Analysts/Institutional Investor Meet/Con. Call Updates,00:00:01,23052025163047,23-May-2025 16:30:48,143.02 KB,False,,,106245811,,INE726G01019,ICICI Prudential Life Insurance Company Limited,2025-05-23 16:30:47,ICICIPRULI
23-May-2025 16:21:44,143.02 KB,https://nsearchives.nseindia.com/corporate/ICICIPRULI_23052025162130_SE_Investor_meet_June_3_2025_intimation_signed.pdf,ICICI Prudential Life Insurance Company Limited has informed the Exchange about Schedule of meet,,,Analysts/Institutional Investor Meet/Con. Call Updates,00:00:01,23052025162144,23-May-2025 16:21:45,143.02 KB,False,,,106245781,,INE726G01019,ICICI Prudential Life Insurance Company Limited,2025-05-23 16:21:44,ICICIPRULI
23-May-2025 16:08:03,143.45 KB,https://nsearchives.nseindia.com/corporate/ICICIPRULI_23052025160706_SE_Investor_meet_May_28_2025_intimation_signed.pdf,ICICI Prudential Life Insurance Company Limited has informed the Exchange about Schedule of meet,,,Analysts/Institutional Investor Meet/Con. Call Updates,00:00:01,23052025160803,23-May-2025 16:08:04,143.45 KB,False,,,106245741,,INE726G01019,ICICI Prudential Life Insurance Company Limited,2025-05-23 16:08:03,ICICIPRULI
20-May-2025 12:17:16,149.12 KB,https://nsearchives.nseindia.com/corporate/ICICIPRULI_20052025121704_SE_Intimation_May_20_2025_signed.pdf,ICICI Prudential Life Insurance Company Limited has informed the Exchange regarding Allotment of 48125  Shares.,,,ESOP/ESOS/ESPS,00:00:01,20052025121716,20-May-2025 12:17:17,149.12 KB,False,,,106239230,,INE726G01019,ICICI Prudential Life Insurance Company Limited,2025-05-20 12:17:16,ICICIPRULI
19-May-2025 17:01:41,137.89 KB,https://nsearchives.nseindia.com/corporate/ICICIPRULI_19052025170043_Record_Date_Intimation_Signed.pdf,"ICICI Prudential Life Insurance Company Limited has informed the Exchange regarding 'Clarification Pertaining To The Intimation On Record Date Under Regulation 42 Of SEBI (Listing Obligations And Disclosure Requirements) Regulations, 2015'.",,,Updates,00:00:01,19052025170141,19-May-2025 17:01:42,137.89 KB,False,,,106238047,,INE726G01019,ICICI Prudential Life Insurance Company Limited,2025-05-19 17:01:41,ICICIPRULI
16-May-2025 10:18:41,,https://nsearchives.nseindia.com/corporate/ICICIPRULI_16052025101752_SE_Intimation_BM_May_16_2025_signed.pdf,ICICI Prudential Life Insurance Company Limited has informed the Exchange about amendment to the Employees Stock Option Scheme,,,General Updates,00:00:00,16052025101841,16-May-2025 10:18:41,-,False,,,106234717,,INE726G01019,ICICI Prudential Life Insurance Company Limited,2025-05-16 10:18:41,ICICIPRULI
16-May-2025 10:16:43,,https://nsearchives.nseindia.com/corporate/ICICIPRULI_16052025101614_SE_Intimation_BM_May_16_2025_signed.pdf,ICICI Prudential Life Insurance Company Limited has informed the Exchange that Record date for the purpose of Dividend  is 12-Jun-2025.,,,Record Date,00:00:01,16052025101643,16-May-2025 10:16:44,-,False,,,106234716,,INE726G01019,ICICI Prudential Life Insurance Company Limited,2025-05-16 10:16:43,ICICIPRULI
16-May-2025 10:15:17,,https://nsearchives.nseindia.com/corporate/ICICIPRULI_16052025101334_SE_Intimation_BM_May_16_2025_signed.pdf,ICICI Prudential Life Insurance Company Limited has informed the Exchange regarding Annual general Meeting''.,,,Updates,00:00:00,16052025101517,16-May-2025 10:15:17,-,False,,,106234713,,INE726G01019,ICICI Prudential Life Insurance Company Limited,2025-05-16 10:15:17,ICICIPRULI
13-May-2025 15:35:13,,https://nsearchives.nseindia.com/corporate/ICICIPRULI_13052025153459_SE_monthly_business_presentation_April_2025_signed.pdf,ICICI Prudential Life Insurance Company Limited has informed the Exchange about Investor Presentation,,,Investor Presentation,00:00:01,13052025153513,13-May-2025 15:35:14,-,False,,,106229555,,INE726G01019,ICICI Prudential Life Insurance Company Limited,2025-05-13 15:35:13,ICICIPRULI
13-May-2025 12:21:04,,https://nsearchives.nseindia.com/corporate/ICICIPRULI_13052025122049_SE_Intimation_May_13_2025_signed.pdf,ICICI Prudential Life Insurance Company Limited has informed the Exchange regarding Allotment of 17700  Shares.,,,ESOP/ESOS/ESPS,00:00:00,13052025122104,13-May-2025 12:21:04,-,False,,,106229266,,INE726G01019,ICICI Prudential Life Insurance Company Limited,2025-05-13 12:21:04,ICICIPRULI
10-May-2025 05:41:14,,https://nsearchives.nseindia.com/corporate/ICICIPRULI_10052025054041_SE_Intimation.pdf,ICICI Prudential Life Insurance Company Limited has informed the Exchange regarding Change in Director(s) of the company.,,,Change in Director(s),00:00:00,10052025054114,10-May-2025 05:41:14,-,False,,,106226979,,INE726G01019,ICICI Prudential Life Insurance Company Limited,2025-05-10 05:41:14,ICICIPRULI
10-May-2025 05:39:29,,https://nsearchives.nseindia.com/corporate/ICICIPRULI_10052025053829_SE_Intimation.pdf,ICICI Prudential Life Insurance Company Limited has informed the Exchange about Retirement of Mr. Dilip Karnik,,,Retirement,00:00:01,10052025053929,10-May-2025 05:39:30,-,False,,,106226978,,INE726G01019,ICICI Prudential Life Insurance Company Limited,2025-05-10 05:39:29,ICICIPRULI
06-May-2025 11:57:36,,https://nsearchives.nseindia.com/corporate/ICICIPRULI_06052025115657_SE_Intimation_May_6_2025_signed.pdf,ICICI Prudential Life Insurance Company Limited has informed the Exchange regarding Allotment of 3000  Shares.,,,ESOP/ESOS/ESPS,00:00:00,06052025115736,06-May-2025 11:57:36,-,False,,,106221112,,INE726G01019,ICICI Prudential Life Insurance Company Limited,2025-05-06 11:57:36,ICICIPRULI
01-May-2025 16:13:03,,https://nsearchives.nseindia.com/corporate/ICICIPRULI_01052025161249_SE_Investor_meet_May_1_2025_intimation_signed.pdf,ICICI Prudential Life Insurance Company Limited has informed the Exchange about Schedule of meet,,,Analysts/Institutional Investor Meet/Con. Call Updates,00:00:00,01052025161303,01-May-2025 16:13:03,-,False,,,106217561,,INE726G01019,ICICI Prudential Life Insurance Company Limited,2025-05-01 16:13:03,ICICIPRULI
29-Apr-2025 12:32:20,,https://nsearchives.nseindia.com/corporate/ICICIPRULI_29042025123205_SE_Intimation_April_29_2025_signed.pdf,ICICI Prudential Life Insurance Company Limited has informed the Exchange regarding Allotment of 33550  Shares.,,,ESOP/ESOS/ESPS,00:00:00,29042025123220,29-Apr-2025 12:32:20,-,False,,,106214923,,INE726G01019,ICICI Prudential Life Insurance Company Limited,2025-04-29 12:32:20,ICICIPRULI
25-Apr-2025 15:10:50,,https://nsearchives.nseindia.com/corporate/ICICIPRULI_25042025151023_SE_Intimation_IEPF_Letter_to_SHs_merged_signed.pdf,ICICI Prudential Life Insurance Company Limited has informed the Exchange about Intimation of Notice sent to shareholders for transfer of shares to Investor Education and Protection Fund (IEPF),,,General Updates,00:00:00,25042025151050,25-Apr-2025 15:10:50,-,False,,,106211940,,INE726G01019,ICICI Prudential Life Insurance Company Limited,2025-04-25 15:10:50,ICICIPRULI
23-Apr-2025 11:44:38,,https://nsearchives.nseindia.com/corporate/ICICIPRULI_23042025114411_SE_Intimation_IEPF_Newspaper_signed.pdf,ICICI Prudential Life Insurance Company Limited has informed the Exchange about Copy of Newspaper Publication,,,Copy of Newspaper Publication,00:00:01,23042025114438,23-Apr-2025 11:44:39,-,False,,,106208946,,INE726G01019,ICICI Prudential Life Insurance Company Limited,2025-04-23 11:44:38,ICICIPRULI
22-Apr-2025 17:14:33,,https://nsearchives.nseindia.com/corporate/ICICIPRULI_22042025171409_Stock_Exchange_intimation_for_earnings_call_transcript.pdf,ICICI Prudential Life Insurance Company Limited has informed the Exchange about Transcript,,,Analysts/Institutional Investor Meet/Con. Call Updates,00:00:01,22042025171433,22-Apr-2025 17:14:34,-,False,,,106208217,,INE726G01019,ICICI Prudential Life Insurance Company Limited,2025-04-22 17:14:33,ICICIPRULI
22-Apr-2025 13:13:01,,https://nsearchives.nseindia.com/corporate/ICICIPRULI_22042025131241_SE_Intimation_April_22_2025_signed.pdf,ICICI Prudential Life Insurance Company Limited has informed the Exchange regarding Allotment of 162875  Shares.,,,ESOP/ESOS/ESPS,00:00:00,22042025131301,22-Apr-2025 13:13:01,-,False,,,106207929,,INE726G01019,ICICI Prudential Life Insurance Company Limited,2025-04-22 13:13:01,ICICIPRULI
19-Apr-2025 13:23:38,,https://nsearchives.nseindia.com/corporate/ICICIPRULI_19042025132310_Draft_SE_Intimation_signed.pdf,"ICICI Prudential Life Insurance Company Limited has submitted the Exchange a copy Srutinizers report of  Postal Ballot. Further, the company has informed the Exchange regarding voting results.",,,Shareholders meeting,00:00:00,19042025132338,19-Apr-2025 13:23:38,-,False,,,106206043,,INE726G01019,ICICI Prudential Life Insurance Company Limited,2025-04-19 13:23:38,ICICIPRULI
18-Apr-2025 14:09:08,,https://nsearchives.nseindia.com/corporate/ICICIPRULI_18042025140842_Draft_disclosure_order_dated_April_2025_signed.pdf,"Update on Disclosure under Regulation 30 and Regulation 51 read with Schedule III of Securities and Exchange Board of India (Listing Obligations and Disclosure Requirements) Regulations, 2015 (Listing Regulations)",,,General Updates,00:00:01,18042025140908,18-Apr-2025 14:09:09,-,False,,,106205558,,INE726G01019,ICICI Prudential Life Insurance Company Limited,2025-04-18 14:09:08,ICICIPRULI
17-Apr-2025 11:43:05,,https://nsearchives.nseindia.com/corporate/ICICIPRULI_17042025114249_SE_intimation_Newspaper_advertisement_Signed.pdf,ICICI Prudential Life Insurance Company Limited has informed the Exchange about Copy of Newspaper Publication,,,Copy of Newspaper Publication,00:00:01,17042025114305,17-Apr-2025 11:43:06,-,False,,,106204536,,INE726G01019,ICICI Prudential Life Insurance Company Limited,2025-04-17 11:43:05,ICICIPRULI
15-Apr-2025 17:48:02,,https://nsearchives.nseindia.com/corporate/ICICIPRULI_15042025174746_ICPL_74_5__BSE_and_NSE_March_2025_signed.pdf,"ICICI Prudential Life Insurance Company Limited has informed the Exchange about Certificate under SEBI (Depositories and Participants) Regulations, 2018",,,"Certificate under SEBI (Depositories and Participants) Regulations, 2018",00:00:00,15042025174802,15-Apr-2025 17:48:02,-,False,,,106202606,,INE726G01019,ICICI Prudential Life Insurance Company Limited,2025-04-15 17:48:02,ICICIPRULI
15-Apr-2025 17:33:42,,https://nsearchives.nseindia.com/corporate/ICICIPRULI_15042025173309_Outcome_BM_Appt_sec_auditor_and_grant_of_stock_option_signed.pdf,ICICI Prudential Life Insurance Company Limited has informed the Exchange about the grant of employee stock options and employee stock units.,,,Options to purchase securities,00:00:01,15042025173342,15-Apr-2025 17:33:43,-,False,,,106202587,,INE726G01019,ICICI Prudential Life Insurance Company Limited,2025-04-15 17:33:42,ICICIPRULI
15-Apr-2025 17:30:06,,https://nsearchives.nseindia.com/corporate/ICICIPRULI_15042025172948_Outcome_BM_Appt_sec_auditor_and_grant_of_stock_option_signed.pdf,ICICI Prudential Life Insurance Company Limited has informed the Exchange regarding Change in Auditors of the company.,,,Change in Auditors,00:00:01,15042025173006,15-Apr-2025 17:30:07,-,False,,,106202577,,INE726G01019,ICICI Prudential Life Insurance Company Limited,2025-04-15 17:30:06,ICICIPRULI
15-Apr-2025 17:09:31,,https://nsearchives.nseindia.com/corporate/ICICIPRULI_15042025170905_SE_Earnings_presentation_intimation_April_15_2025_signed.pdf,ICICI Prudential Life Insurance Company Limited has informed the Exchange about Investor Presentation,,,Investor Presentation,00:00:00,15042025170931,15-Apr-2025 17:09:31,-,False,,,106202540,,INE726G01019,ICICI Prudential Life Insurance Company Limited,2025-04-15 17:09:31,ICICIPRULI
15-Apr-2025 17:01:25,,https://nsearchives.nseindia.com/corporate/ICICIPRULI_15042025170023_Outcome_signed.pdf,"ICICI Prudential Life Insurance Company Limited has informed the Exchange that Board of Directors at its meeting held on April 15, 2025, recommended Final Dividend of Rs. 0.85 per equity share.",,,Dividend,00:00:00,15042025170125,15-Apr-2025 17:01:25,-,False,,,106202532,,INE726G01019,ICICI Prudential Life Insurance Company Limited,2025-04-15 17:01:25,ICICIPRULI
15-Apr-2025 16:58:07,,https://nsearchives.nseindia.com/corporate/ICICIPRULI_15042025165754_Outcome_signed.pdf,"ICICI Prudential Life Insurance Company Limited has informed the Exchange regarding  Board meeting held on April 15, 2025.",,,Outcome of Board Meeting,00:00:01,15042025165807,15-Apr-2025 16:58:08,-,False,,,106202521,,INE726G01019,ICICI Prudential Life Insurance Company Limited,2025-04-15 16:58:07,ICICIPRULI
15-Apr-2025 16:56:34,,https://nsearchives.nseindia.com/corporate/ICICIPRULI_15042025165517_Outcome_signed.pdf,"ICICI Prudential Life Insurance Company Limited has informed the Exchange regarding Outcome of Board Meeting held on April 15, 2025.",,,Outcome of Board Meeting,00:00:01,15042025165634,15-Apr-2025 16:56:35,-,False,,,106202519,,INE726G01019,ICICI Prudential Life Insurance Company Limited,2025-04-15 16:56:34,ICICIPRULI
15-Apr-2025 12:58:06,,https://nsearchives.nseindia.com/corporate/ICICIPRULI_15042025125753_SE_Intimation_April_15_2025_signed.pdf,ICICI Prudential Life Insurance Company Limited has informed the Exchange regarding Allotment of 1341  Shares.,,,ESOP/ESOS/ESPS,00:00:00,15042025125806,15-Apr-2025 12:58:06,-,False,,,106202230,,INE726G01019,ICICI Prudential Life Insurance Company Limited,2025-04-15 12:58:06,ICICIPRULI
08-Apr-2025 13:07:29,,https://nsearchives.nseindia.com/corporate/ICICIPRULI_08042025130708_SE_Intimation_April_8_2025_signed.pdf,ICICI Prudential Life Insurance Company Limited has informed the Exchange regarding Allotment of 57130  Shares.,,,ESOP/ESOS/ESPS,00:00:00,08042025130729,08-Apr-2025 13:07:29,-,False,,,106197166,,INE726G01019,ICICI Prudential Life Insurance Company Limited,2025-04-08 13:07:29,ICICIPRULI
04-Apr-2025 18:24:36,,https://nsearchives.nseindia.com/corporate/team_sandeshc_03042025123105_Disclosure1.pdf,"ICICI Bank Limited has Submitted to the Exchange a copy of Disclosure under Regulation 31(4) of the Securities and Exchange Board of India (Substantial Acquisition of Shares and Takeovers) Regulations, 2011.",,,Disclosure under SEBI Takeover Regulations,00:00:00,04042025182436,04-Apr-2025 18:24:36,-,False,,,106192937,,INE726G01019,ICICI Prudential Life Insurance Company Limited,2025-04-04 18:24:36,ICICIPRULI
28-Mar-2025 18:03:34,,https://nsearchives.nseindia.com/corporate/ICICIPRULI_28032025180321_Disclosure_order_dated_March_28_2025_signed.pdf,ICICI Prudential Life Insurance Company Limited has informed the Exchange about Action(s) taken or orders passed,,,Action(s) taken or orders passed,00:00:00,28032025180334,28-Mar-2025 18:03:34,-,False,,,106187888,,INE726G01019,ICICI Prudential Life Insurance Company Limited,2025-03-28 18:03:34,ICICIPRULI
26-Mar-2025 16:51:14,,https://nsearchives.nseindia.com/corporate/ICICIPRULI_26032025165058_SE_intimation_for_Window_closure_signed.pdf,"ICICI Prudential Life Insurance Company Limited has informed the Exchange regarding the Trading Window closure pursuant to SEBI (Prohibition of Insider Trading) Regulations, 2015",,,Trading Window,00:00:01,26032025165114,26-Mar-2025 16:51:15,-,False,,,106183689,,INE726G01019,ICICI Prudential Life Insurance Company Limited,2025-03-26 16:51:14,ICICIPRULI
25-Mar-2025 11:54:31,,https://nsearchives.nseindia.com/corporate/ICICIPRULI_25032025115354_SE_Intimation_March_25_2025_signed.pdf,ICICI Prudential Life Insurance Company Limited has informed the Exchange regarding Allotment of 21480  Shares.,,,ESOP/ESOS/ESPS,00:00:01,25032025115431,25-Mar-2025 11:54:32,-,False,,,106180888,,INE726G01019,ICICI Prudential Life Insurance Company Limited,2025-03-25 11:54:31,ICICIPRULI
20-Mar-2025 11:31:46,,https://nsearchives.nseindia.com/corporate/ICICIPRULI_20032025113126_SE_Intimation_Post_Dispatch_Newspaper_publication_signed.pdf,ICICI Prudential Life Insurance Company Limited has informed the Exchange about Copy of Post-dispatch Newspaper Publication for Postal Ballot,,,Copy of Newspaper Publication,00:00:01,20032025113146,20-Mar-2025 11:31:47,-,False,,,106176676,,INE726G01019,ICICI Prudential Life Insurance Company Limited,2025-03-20 11:31:46,ICICIPRULI
19-Mar-2025 16:16:00,,https://nsearchives.nseindia.com/corporate/ICICIPRULI_19032025161500_SE_Earnings_intimation_FY2025.pdf,ICICI Prudential Life Insurance Company Limited has informed the Exchange about Schedule of meet,,,Analysts/Institutional Investor Meet/Con. Call Updates,00:00:01,19032025161600,19-Mar-2025 16:16:01,-,False,,,106175850,,INE726G01019,ICICI Prudential Life Insurance Company Limited,2025-03-19 16:16:00,ICICIPRULI
19-Mar-2025 11:57:21,,https://nsearchives.nseindia.com/corporate/ICICIPRULI_19032025115644_SE_Intimation_Postal_ballot_notice.pdf,ICICI Prudential Life Insurance Company Limited has informed the Exchange regarding Notice of Postal Ballot,,,Shareholders meeting,00:00:01,19032025115721,19-Mar-2025 11:57:22,-,False,,,106175529,,INE726G01019,ICICI Prudential Life Insurance Company Limited,2025-03-19 11:57:21,ICICIPRULI
18-Mar-2025 13:45:57,,https://nsearchives.nseindia.com/corporate/ICICIPRULI_18032025134520_SE_Intimation_March_18_2025_signed.pdf,ICICI Prudential Life Insurance Company Limited has informed the Exchange regarding Allotment of 16025  Shares.,,,ESOP/ESOS/ESPS,00:00:00,18032025134557,18-Mar-2025 13:45:57,-,False,,,106174662,,INE726G01019,ICICI Prudential Life Insurance Company Limited,2025-03-18 13:45:57,ICICIPRULI
18-Mar-2025 11:27:31,,https://nsearchives.nseindia.com/corporate/ICICIPRULI_18032025112711_SE_Intimation_Pre_Newspaper_publication_signed.pdf,ICICI Prudential Life Insurance Company Limited has informed the Exchange about Copy of  pre-dispatch Newspaper Publication in connection with Postal Ballot,,,Copy of Newspaper Publication,00:00:01,18032025112731,18-Mar-2025 11:27:32,-,False,,,106174464,,INE726G01019,ICICI Prudential Life Insurance Company Limited,2025-03-18 11:27:31,ICICIPRULI
17-Mar-2025 18:26:50,,https://nsearchives.nseindia.com/corporate/ICICIPRULI_17032025182605_SE_Investor_meet_March_17_2025_cancellation_signed.pdf,"ICICI Prudential Life Insurance Company Limited has informed the Exchange about cancellation of Analyst/Investor meet scheduled to be held on March 17, 2025.",,,General Updates,00:00:01,17032025182650,17-Mar-2025 18:26:51,-,False,,,106173927,,INE726G01019,ICICI Prudential Life Insurance Company Limited,2025-03-17 18:26:50,ICICIPRULI
12-Mar-2025 19:51:42,,https://nsearchives.nseindia.com/corporate/ICICIPRULI_12032025195109_SE_Investor_meet_March_18_2025_intimation_signed.pdf,ICICI Prudential Life Insurance Company Limited has informed the Exchange about Schedule of meet,,,Analysts/Institutional Investor Meet/Con. Call Updates,00:00:01,12032025195142,12-Mar-2025 19:51:43,-,False,,,106171440,,INE726G01019,ICICI Prudential Life Insurance Company Limited,2025-03-12 19:51:42,ICICIPRULI
12-Mar-2025 18:34:01,,https://nsearchives.nseindia.com/corporate/ICICIPRULI_12032025183353_SE_Intimation_Fund_infusion_signed.pdf,ICICI Prudential Life Insurance Company Limited has informed the Exchange about General Updates,,,General Updates,00:00:01,12032025183401,12-Mar-2025 18:34:02,-,False,,,106171366,,INE726G01019,ICICI Prudential Life Insurance Company Limited,2025-03-12 18:34:01,ICICIPRULI
12-Mar-2025 18:32:26,,https://nsearchives.nseindia.com/corporate/ICICIPRULI_12032025183209_Draft_SE_Intimation_appointment_of_ID_and_postal_ballot_signed.pdf,ICICI Prudential Life Insurance Company Limited has informed the Exchange about General Updates,,,General Updates,00:00:01,12032025183226,12-Mar-2025 18:32:27,-,False,,,106171363,,INE726G01019,ICICI Prudential Life Insurance Company Limited,2025-03-12 18:32:26,ICICIPRULI
12-Mar-2025 18:29:32,,https://nsearchives.nseindia.com/corporate/ICICIPRULI_12032025182901_Draft_SE_Intimation_appointment_of_ID_and_postal_ballot_signed.pdf,"ICICI Prudential Life Insurance Company Limited has informed the Exchange regarding Appointment of Ms Anuradha Bhatia as Non- Executive Independent Director of the company w.e.f. March 12, 2025.",,,Appointment,00:00:01,12032025182932,12-Mar-2025 18:29:33,-,False,,,106171355,,INE726G01019,ICICI Prudential Life Insurance Company Limited,2025-03-12 18:29:32,ICICIPRULI
12-Mar-2025 18:26:35,,https://nsearchives.nseindia.com/corporate/ICICIPRULI_12032025182613_Draft_SE_Intimation_appointment_of_ID_and_postal_ballot_signed.pdf,ICICI Prudential Life Insurance Company Limited has informed the Exchange regarding Change in Director(s) of the company.,,,Change in Director(s),00:00:00,12032025182635,12-Mar-2025 18:26:35,-,False,,,106171351,,INE726G01019,ICICI Prudential Life Insurance Company Limited,2025-03-12 18:26:35,ICICIPRULI
11-Mar-2025 12:40:44,,https://nsearchives.nseindia.com/corporate/ICICIPRULI_11032025123953_SE_monthly_business_presentation_February_2025_signed.pdf,ICICI Prudential Life Insurance Company Limited has informed the Exchange about Investor Presentation,,,Investor Presentation,00:00:01,11032025124044,11-Mar-2025 12:40:45,-,False,,,106170142,,INE726G01019,ICICI Prudential Life Insurance Company Limited,2025-03-11 12:40:44,ICICIPRULI
11-Mar-2025 12:25:35,,https://nsearchives.nseindia.com/corporate/ICICIPRULI_11032025122435_SE_Intimation_March_11_2025.pdf,ICICI Prudential Life Insurance Company Limited has informed the Exchange regarding Allotment of 500  Shares.,,,ESOP/ESOS/ESPS,00:00:01,11032025122535,11-Mar-2025 12:25:36,-,False,,,106170128,,INE726G01019,ICICI Prudential Life Insurance Company Limited,2025-03-11 12:25:35,ICICIPRULI
10-Mar-2025 19:22:50,,https://nsearchives.nseindia.com/corporate/ICICIPRULI_10032025192237_SE_Investor_meet_March_17_2025_intimation_signed.pdf,ICICI Prudential Life Insurance Company Limited has informed the Exchange about Schedule of meet,,,Analysts/Institutional Investor Meet/Con. Call Updates,00:00:01,10032025192250,10-Mar-2025 19:22:51,-,False,,,106169510,,INE726G01019,ICICI Prudential Life Insurance Company Limited,2025-03-10 19:22:50,ICICIPRULI
04-Mar-2025 13:01:19,,https://nsearchives.nseindia.com/corporate/ICICIPRULI_04032025130013_SE_Intimation_March_4_2025_signed.pdf,ICICI Prudential Life Insurance Company Limited has informed the Exchange regarding Allotment of 500  Shares.,,,ESOP/ESOS/ESPS,00:00:01,04032025130119,04-Mar-2025 13:01:20,-,False,,,106164980,,INE726G01019,ICICI Prudential Life Insurance Company Limited,2025-03-04 13:01:19,ICICIPRULI
03-Mar-2025 18:27:15,,https://nsearchives.nseindia.com/corporate/ICICIPRULI_03032025182648_SE_Investor_meet_March_19_2025_intimation_signed.pdf,ICICI Prudential Life Insurance Company Limited has informed the Exchange about Schedule of meet,,,Analysts/Institutional Investor Meet/Con. Call Updates,00:00:01,03032025182715,03-Mar-2025 18:27:16,-,False,,,106164260,,INE726G01019,ICICI Prudential Life Insurance Company Limited,2025-03-03 18:27:15,ICICIPRULI
26-Feb-2025 19:26:33,,https://nsearchives.nseindia.com/corporate/ICICIPRULI_26022025192447_SE_Investor_meet_Feb_26_2025_cancellation_2_signed.pdf,"ICICI Prudential Life Insurance Company Limited has informed the Exchange about Cancellation of Analyst/Investor meet scheduled to be held on February 26, 2025",,,General Updates,00:00:01,26022025192633,26-Feb-2025 19:26:34,-,False,,,106161188,,INE726G01019,ICICI Prudential Life Insurance Company Limited,2025-02-26 19:26:33,ICICIPRULI
25-Feb-2025 12:09:07,,https://nsearchives.nseindia.com/corporate/ICICIPRULI_25022025120854_SE_Intimation_February_25_2025_signed.pdf,ICICI Prudential Life Insurance Company Limited has informed the Exchange regarding Allotment of 4410  Shares.,,,ESOP/ESOS/ESPS,00:00:01,25022025120907,25-Feb-2025 12:09:08,-,False,,,106160188,,INE726G01019,ICICI Prudential Life Insurance Company Limited,2025-02-25 12:09:07,ICICIPRULI
18-Feb-2025 11:50:46,,https://nsearchives.nseindia.com/corporate/ICICIPRULI_18022025115011_SE_Intimation_February_18_2025_signed.pdf,ICICI Prudential Life Insurance Company Limited has informed the Exchange regarding Allotment of 500  Shares.,,,ESOP/ESOS/ESPS,00:00:00,18022025115046,18-Feb-2025 11:50:46,-,False,,,106154976,,INE726G01019,ICICI Prudential Life Insurance Company Limited,2025-02-18 11:50:46,ICICIPRULI
17-Feb-2025 18:01:24,,https://nsearchives.nseindia.com/corporate/ICICIPRULI_17022025180039_Draft_disclosure_order_dated_February_17_2025_signed.pdf,ICICI Prudential Life Insurance Company Limited has informed the Exchange about Action(s) taken or orders passed,,,Action(s) taken or orders passed,00:00:01,17022025180124,17-Feb-2025 18:01:25,-,False,,,106154308,,INE726G01019,ICICI Prudential Life Insurance Company Limited,2025-02-17 18:01:24,ICICIPRULI
07-Feb-2025 15:18:28,,https://nsearchives.nseindia.com/corporate/ICICIPRULI_07022025151813_SE_monthly_business_presentation_January_2025_signed.pdf,ICICI Prudential Life Insurance Company Limited has informed the Exchange about Investor Presentation,,,Investor Presentation,00:00:01,07022025151828,07-Feb-2025 15:18:29,-,False,,,106141680,,INE726G01019,ICICI Prudential Life Insurance Company Limited,2025-02-07 15:18:28,ICICIPRULI
06-Feb-2025 15:15:29,,https://nsearchives.nseindia.com/corporate/ICICIPRULI_06022025151458_Disclosure_order_dated_Feb_6_2025_signed.pdf,ICICI Prudential Life Insurance Company Limited has informed the Exchange about Action(s) taken or orders passed,,,Action(s) taken or orders passed,00:00:01,06022025151529,06-Feb-2025 15:15:30,-,False,,,106139721,,INE726G01019,ICICI Prudential Life Insurance Company Limited,2025-02-06 15:15:29,ICICIPRULI
05-Feb-2025 18:46:30,,https://nsearchives.nseindia.com/corporate/ICICIPRULI_05022025184500_SE_Investor_meet_February_26_2025_intimation.pdf,ICICI Prudential Life Insurance Company Limited has informed the Exchange about Schedule of meet,,,Analysts/Institutional Investor Meet/Con. Call Updates,00:00:01,05022025184630,05-Feb-2025 18:46:31,-,False,,,106138525,,INE726G01019,ICICI Prudential Life Insurance Company Limited,2025-02-05 18:46:30,ICICIPRULI
05-Feb-2025 18:36:44,,https://nsearchives.nseindia.com/corporate/ICICIPRULI_05022025183414_SE_Investor_meet_February_18_2025_intimation.pdf,ICICI Prudential Life Insurance Company Limited has informed the Exchange about Schedule of meet,,,Analysts/Institutional Investor Meet/Con. Call Updates,00:00:00,05022025183644,05-Feb-2025 18:36:44,-,False,,,106138503,,INE726G01019,ICICI Prudential Life Insurance Company Limited,2025-02-05 18:36:44,ICICIPRULI
05-Feb-2025 18:24:45,,https://nsearchives.nseindia.com/corporate/ICICIPRULI_05022025182429_SE_Investor_meet_February_13_2025_intimation_1.pdf,ICICI Prudential Life Insurance Company Limited has informed the Exchange about Schedule of meet,,,Analysts/Institutional Investor Meet/Con. Call Updates,00:00:01,05022025182445,05-Feb-2025 18:24:46,-,False,,,106138468,,INE726G01019,ICICI Prudential Life Insurance Company Limited,2025-02-05 18:24:45,ICICIPRULI
05-Feb-2025 18:15:10,,https://nsearchives.nseindia.com/corporate/ICICIPRULI_05022025181452_SE_Investor_meet_February_12_2025_intimation_.pdf,ICICI Prudential Life Insurance Company Limited has informed the Exchange about Schedule of meet,,,Analysts/Institutional Investor Meet/Con. Call Updates,00:00:02,05022025181510,05-Feb-2025 18:15:12,-,False,,,106138443,,INE726G01019,ICICI Prudential Life Insurance Company Limited,2025-02-05 18:15:10,ICICIPRULI
05-Feb-2025 17:34:30,,https://nsearchives.nseindia.com/corporate/ICICIPRULI_05022025173407_SE_Intimation_dated_February_5_2025_signed.pdf,"ICICI Prudential Life Insurance Company Limited has informed the Exchange about the disclosure under Regulation 30 and Regulation 51 read with Schedule III of Securities and Exchange Board of India (Listing Obligations and Disclosure Requirements) Regulations, 2015",,,Granting/withdrawal/surrender/cancellation/suspension of key licenses/ regulatory approvals,00:00:01,05022025173430,05-Feb-2025 17:34:31,-,False,,,106138300,,INE726G01019,ICICI Prudential Life Insurance Company Limited,2025-02-05 17:34:30,ICICIPRULI
04-Feb-2025 20:47:19,,https://nsearchives.nseindia.com/corporate/ICICIPRULI_04022025204547_Disclosure_order_Nagaland_State_signed.pdf,"Update - Disclosure under Regulation 30 and Regulation 51 read with Schedule III of Securities and Exchange Board of India (Listing Obligations and Disclosure Requirements) Regulations, 2015",,,General Updates,00:00:01,04022025204719,04-Feb-2025 20:47:20,-,False,,,106136982,,INE726G01019,ICICI Prudential Life Insurance Company Limited,2025-02-04 20:47:19,ICICIPRULI
04-Feb-2025 18:56:49,,https://nsearchives.nseindia.com/corporate/ICICIPRULI_04022025185638_Draft_disclosure_order_dated_Feb_4_2025_signed.pdf,ICICI Prudential Life Insurance Company Limited has informed the Exchange about Action(s) taken or orders passed,,,Action(s) taken or orders passed,00:00:01,04022025185649,04-Feb-2025 18:56:50,-,False,,,106136768,,INE726G01019,ICICI Prudential Life Insurance Company Limited,2025-02-04 18:56:49,ICICIPRULI
04-Feb-2025 11:53:28,,https://nsearchives.nseindia.com/corporate/ICICIPRULI_04022025115255_SE_Intimation_February_4_2025_signed.pdf,ICICI Prudential Life Insurance Company Limited has informed the Exchange regarding Allotment of 40390  Shares.,,,ESOP/ESOS/ESPS,00:00:00,04022025115328,04-Feb-2025 11:53:28,-,False,,,106135650,,INE726G01019,ICICI Prudential Life Insurance Company Limited,2025-02-04 11:53:28,ICICIPRULI
31-Jan-2025 20:38:31,,https://nsearchives.nseindia.com/corporate/ICICIPRULI_31012025203754_SE_Investor_meet_February_06_2025_intimation.pdf,ICICI Prudential Life Insurance Company Limited has informed the Exchange about Schedule of meet,,,Analysts/Institutional Investor Meet/Con. Call Updates,00:00:01,31012025203831,31-Jan-2025 20:38:32,-,False,,,106132695,,INE726G01019,ICICI Prudential Life Insurance Company Limited,2025-01-31 20:38:31,ICICIPRULI
29-Jan-2025 16:19:42,,https://nsearchives.nseindia.com/corporate/ICICIPRULI_29012025161824_Disclosure_order_dated_Jan_29_2025_signed.pdf,ICICI Prudential Life Insurance Company Limited has informed the Exchange about Action(s) taken or orders passed,,,Action(s) taken or orders passed,00:00:01,29012025161942,29-Jan-2025 16:19:43,-,False,,,106128806,,INE726G01019,ICICI Prudential Life Insurance Company Limited,2025-01-29 16:19:42,ICICIPRULI
28-Jan-2025 13:20:25,,https://nsearchives.nseindia.com/corporate/ICICIPRULI_28012025131932_SE_intimation_Earnings_Call_Transcript_December_31_2024.pdf,ICICI Prudential Life Insurance Company Limited has informed the Exchange about Transcript,,,Analysts/Institutional Investor Meet/Con. Call Updates,00:00:00,28012025132025,28-Jan-2025 13:20:25,-,False,,,106126864,,INE726G01019,ICICI Prudential Life Insurance Company Limited,2025-01-28 13:20:25,ICICIPRULI
28-Jan-2025 12:22:59,,https://nsearchives.nseindia.com/corporate/ICICIPRULI_28012025122229_SE_Intimation_January_28_2025_signed.pdf,ICICI Prudential Life Insurance Company Limited has informed the Exchange regarding Allotment of 9200  Shares.,,,ESOP/ESOS/ESPS,00:00:01,28012025122259,28-Jan-2025 12:23:00,-,False,,,106126796,,INE726G01019,ICICI Prudential Life Insurance Company Limited,2025-01-28 12:22:59,ICICIPRULI
23-Jan-2025 18:20:43,,https://nsearchives.nseindia.com/corporate/ICICIPRULI_23012025182003_SE_Investor_meet_January_23_2025_intimation_signed.pdf,ICICI Prudential Life Insurance Company Limited has informed the Exchange about Schedule of meet,,,Analysts/Institutional Investor Meet/Con. Call Updates,00:00:01,23012025182043,23-Jan-2025 18:20:44,-,False,,,106122710,,INE726G01019,ICICI Prudential Life Insurance Company Limited,2025-01-23 18:20:43,ICICIPRULI
23-Jan-2025 11:37:06,,https://nsearchives.nseindia.com/corporate/ICICIPRULI_23012025113634_SE_intimation_Newspaper_advertisement_.pdf,ICICI Prudential Life Insurance Company Limited has informed the Exchange about Copy of Newspaper Publication,,,Copy of Newspaper Publication,00:00:01,23012025113706,23-Jan-2025 11:37:07,-,False,,,106122090,,INE726G01019,ICICI Prudential Life Insurance Company Limited,2025-01-23 11:37:06,ICICIPRULI
22-Jan-2025 16:02:22,,https://nsearchives.nseindia.com/corporate/ICICIPRULI_22012025160130_SE_BM_January_21_2025_Integrated_filing_Financials.pdf,"Please find attached the Integrated Filing - Financials for the quarter and nine months ended December 31, 2024.",,,Integrated Filing- Financial,00:00:01,22012025160222,22-Jan-2025 16:02:23,-,False,,,106121261,,INE726G01019,ICICI Prudential Life Insurance Company Limited,2025-01-22 16:02:22,ICICIPRULI
21-Jan-2025 18:25:03,,https://nsearchives.nseindia.com/corporate/ICICIPRULI_21012025182408_SE_Earnings_presentation_intimation_Jan_21_2024.pdf,ICICI Prudential Life Insurance Company Limited has informed the Exchange about Presentation,,,Analysts/Institutional Investor Meet/Con. Call Updates,00:00:01,21012025182503,21-Jan-2025 18:25:04,-,False,,,106120324,,INE726G01019,ICICI Prudential Life Insurance Company Limited,2025-01-21 18:25:03,ICICIPRULI
21-Jan-2025 18:18:17,,https://nsearchives.nseindia.com/corporate/SEBI_results_Dec_2024_21012025181817.pdf," ICICI Prudential Life Insurance Company Limited has submitted to the Exchange, the financial results for the period ended December 31, 2024.",,,Financial Result Updates,00:00:00,21012025181817,21-Jan-2025 18:18:17,-,False,,,168433,,INE726G01019,ICICI Prudential Life Insurance Company Limited,2025-01-21 18:18:17,ICICIPRULI
21-Jan-2025 18:16:05,,https://nsearchives.nseindia.com/corporate/ICICIPRULI_21012025181553_SE_Outcome_BM_January_21_2025_signed.pdf,"ICICI Prudential Life Insurance Company Limited has informed the Exchange regarding  Board meeting held on January 21, 2025.",,,Outcome of Board Meeting,00:00:01,21012025181605,21-Jan-2025 18:16:06,-,False,,,106120308,,INE726G01019,ICICI Prudential Life Insurance Company Limited,2025-01-21 18:16:05,ICICIPRULI
21-Jan-2025 18:14:37,,https://nsearchives.nseindia.com/corporate/ICICIPRULI_21012025181336_SE_Outcome_BM_January_21_2025_signed.pdf,"ICICI Prudential Life Insurance Company Limited has informed the Exchange regarding Outcome of Board Meeting held on January 21, 2025.",,,Outcome of Board Meeting,00:00:01,21012025181437,21-Jan-2025 18:14:38,-,False,,,106120307,,INE726G01019,ICICI Prudential Life Insurance Company Limited,2025-01-21 18:14:37,ICICIPRULI
21-Jan-2025 12:09:34,,https://nsearchives.nseindia.com/corporate/ICICIPRULI_21012025120922_SE_Intimation_January_21_2025_signed.pdf,ICICI Prudential Life Insurance Company Limited has informed the Exchange regarding Allotment of 4280  Shares.,,,ESOP/ESOS/ESPS,00:00:01,21012025120934,21-Jan-2025 12:09:35,-,False,,,106119795,,INE726G01019,ICICI Prudential Life Insurance Company Limited,2025-01-21 12:09:34,ICICIPRULI
20-Jan-2025 17:05:40,,https://nsearchives.nseindia.com/corporate/ICICIPRULI_20012025170515_SE_Investor_meet_January_20_2025_intimation.pdf,ICICI Prudential Life Insurance Company Limited has informed the Exchange about Schedule of meet,,,Analysts/Institutional Investor Meet/Con. Call Updates,00:00:01,20012025170540,20-Jan-2025 17:05:41,-,False,,,106118927,,INE726G01019,ICICI Prudential Life Insurance Company Limited,2025-01-20 17:05:40,ICICIPRULI
13-Jan-2025 18:34:47,,https://nsearchives.nseindia.com/corporate/ICICIPRULI_13012025183437_ICPL_74_5__BSE_and_NSE_Dec_2024_signed.pdf,"ICICI Prudential Life Insurance Company Limited has informed the Exchange about Certificate under SEBI (Depositories and Participants) Regulations, 2018 for the quarter ended on December 31, 2024.",,,"Certificate under SEBI (Depositories and Participants) Regulations, 2018",00:00:00,13012025183447,13-Jan-2025 18:34:47,-,False,,,106112680,,INE726G01019,ICICI Prudential Life Insurance Company Limited,2025-01-13 18:34:47,ICICIPRULI
10-Jan-2025 16:02:03,,https://nsearchives.nseindia.com/corporate/ICICIPRULI_10012025160147_SE_monthly_business_presentation_December_2024_signed.pdf,ICICI Prudential Life Insurance Company Limited has informed the Exchange about Investor Presentation,,,Investor Presentation,00:00:01,10012025160203,10-Jan-2025 16:02:04,-,False,,,106110700,,INE726G01019,ICICI Prudential Life Insurance Company Limited,2025-01-10 16:02:03,ICICIPRULI
07-Jan-2025 12:32:48,,https://nsearchives.nseindia.com/corporate/ICICIPRULI_07012025123229_SE_Intimation_January_7_2025_signed.pdf,ICICI Prudential Life Insurance Company Limited has informed the Exchange regarding Allotment of 14700  Shares.,,,ESOP/ESOS/ESPS,00:00:00,07012025123248,07-Jan-2025 12:32:48,-,False,,,106106566,,INE726G01019,ICICI Prudential Life Insurance Company Limited,2025-01-07 12:32:48,ICICIPRULI
06-Jan-2025 17:49:14,,https://nsearchives.nseindia.com/corporate/ICICIPRULI_06012025174859_Disclosure_order_06012025.pdf,"ICICI Prudential Life Insurance Company Limited has informed the Exchange about  Update - Disclosure Under Regulation 30 And Regulation 51 Read With Schedule III Of Securities And Exchange Board Of India (Listing Obligations And Disclosure Requirements) Regulations, 2015",,,General Updates,00:00:00,06012025174914,06-Jan-2025 17:49:14,-,False,,,106105776,,INE726G01019,ICICI Prudential Life Insurance Company Limited,2025-01-06 17:49:14,ICICIPRULI
27-Dec-2024 11:28:15,,https://nsearchives.nseindia.com/corporate/ICICIPRULI_27122024112715_SE_Earnings_intimation_9M_FY2025_signed.pdf,ICICI Prudential Life Insurance Company Limited has informed the Exchange about Schedule of meet,,,Analysts/Institutional Investor Meet/Con. Call Updates,00:00:00,27122024112815,27-Dec-2024 11:28:15,-,False,,,106096404,,INE726G01019,ICICI Prudential Life Insurance Company Limited,2024-12-27 11:28:15,ICICIPRULI
26-Dec-2024 12:33:11,,https://nsearchives.nseindia.com/corporate/ICICIPRULI_26122024123258_SE_intimation_for_Window_closure_signed.pdf,"ICICI Prudential Life Insurance Company Limited has informed the Exchange regarding the Trading Window closure pursuant to SEBI (Prohibition of Insider Trading) Regulations, 2015",,,Trading Window,00:00:00,26122024123311,26-Dec-2024 12:33:11,-,False,,,106094853,,INE726G01019,ICICI Prudential Life Insurance Company Limited,2024-12-26 12:33:11,ICICIPRULI
26-Dec-2024 10:51:47,,https://nsearchives.nseindia.com/corporate/ICICIPRULI_26122024105130_SE_Intimation_Completion_tenure_Dileep_Choksi_signed.pdf,"ICICI Prudential Life Insurance Company Limited has informed the Exchange about the completion of tenure of Mr. Dileep Choksi, Independent Director of the Company.",,,Retirement,00:00:01,26122024105147,26-Dec-2024 10:51:48,-,False,,,106094654,,INE726G01019,ICICI Prudential Life Insurance Company Limited,2024-12-26 10:51:47,ICICIPRULI
26-Dec-2024 10:49:23,,https://nsearchives.nseindia.com/corporate/ICICIPRULI_26122024104847_SE_Intimation_Completion_tenure_Dileep_Choksi_signed.pdf,ICICI Prudential Life Insurance Company Limited has informed the Exchange regarding Change in Director(s) of the company.,,,Change in Director(s),00:00:01,26122024104923,26-Dec-2024 10:49:24,-,False,,,106094645,,INE726G01019,ICICI Prudential Life Insurance Company Limited,2024-12-26 10:49:23,ICICIPRULI
24-Dec-2024 13:07:13,,https://nsearchives.nseindia.com/corporate/ICICIPRULI_24122024130657_Disclosure_order_dated_December_24_2024_Assam.pdf,"ICICI Prudential Life Insurance Company Limited has informed the Exchange regarding 'Update - Disclosure under Regulation 30 and Regulation 51 read with Schedule III of Securities and Exchange Board of India (Listing Obligations and Disclosure Requirements) Regulations, 2015 '",,,General Updates,00:00:01,24122024130713,24-Dec-2024 13:07:14,-,False,,,106093199,,INE726G01019,ICICI Prudential Life Insurance Company Limited,2024-12-24 13:07:13,ICICIPRULI
24-Dec-2024 11:58:29,,https://nsearchives.nseindia.com/corporate/ICICIPRULI_24122024115811_SE_Intimation_December_24_2024_signed.pdf,ICICI Prudential Life Insurance Company Limited has informed the Exchange regarding Allotment of 5000  Shares.,,,ESOP/ESOS/ESPS,00:00:01,24122024115829,24-Dec-2024 11:58:30,-,False,,,106093055,,INE726G01019,ICICI Prudential Life Insurance Company Limited,2024-12-24 11:58:29,ICICIPRULI
24-Dec-2024 10:33:56,,https://nsearchives.nseindia.com/corporate/ICICIPRULI_24122024103341_Disclosure_order_dated_December_2024.pdf,"ICICI Prudential Life Insurance Company Limited has informed the Exchange regarding 'Update - Disclosure under Regulation 30 and Regulation 51 read with Schedule III of Securities and Exchange Board of India (Listing Obligations and Disclosure Requirements) Regulations, 2015'",,,General Updates,00:00:01,24122024103356,24-Dec-2024 10:33:57,-,False,,,106092815,,INE726G01019,ICICI Prudential Life Insurance Company Limited,2024-12-24 10:33:56,ICICIPRULI
19-Dec-2024 12:08:22,,https://nsearchives.nseindia.com/corporate/ICICIPRULI_19122024120822_SE_Intimation_allotment_December_19_2024.pdf,"ICICI Prudential Life Insurance Company Limited has informed the Exchange regarding allotment of 140000 securities pursuant to Non Convertible Securities at its meeting held on December 19, 2024",,,Allotment of Securities,00:00:01,19122024120822,19-Dec-2024 12:08:23,-,False,,,106089480,,INE726G01019,ICICI Prudential Life Insurance Company Limited,2024-12-19 12:08:22,ICICIPRULI
17-Dec-2024 12:12:17,,https://nsearchives.nseindia.com/corporate/ICICIPRULI_17122024121217_SE_Intimation_December_17_2024_signed.pdf,ICICI Prudential Life Insurance Company Limited has informed the Exchange regarding Allotment of 5300  Shares.,,,ESOP/ESOS/ESPS,00:00:00,17122024121217,17-Dec-2024 12:12:17,-,False,,,106087301,,INE726G01019,ICICI Prudential Life Insurance Company Limited,2024-12-17 12:12:17,ICICIPRULI
16-Dec-2024 18:08:15,,https://nsearchives.nseindia.com/corporate/ICICIPRULI_16122024180815_SE_Investor_meet_Dec_16_2024_signed.pdf,ICICI Prudential Life Insurance Company Limited has informed the Exchange about General Updates,,,General Updates,00:00:01,16122024180815,16-Dec-2024 18:08:16,-,False,,,106086692,,INE726G01019,ICICI Prudential Life Insurance Company Limited,2024-12-16 18:08:15,ICICIPRULI
10-Dec-2024 12:43:49,,https://nsearchives.nseindia.com/corporate/ICICIPRULI_10122024124349_SE_Intimation_December_10_2024_signed.pdf,ICICI Prudential Life Insurance Company Limited has informed the Exchange regarding Allotment of 90490  Shares.,,,ESOP/ESOS/ESPS,00:00:00,10122024124349,10-Dec-2024 12:43:49,-,False,,,106081402,,INE726G01019,ICICI Prudential Life Insurance Company Limited,2024-12-10 12:43:49,ICICIPRULI
10-Dec-2024 12:31:33,,https://nsearchives.nseindia.com/corporate/ICICIPRULI_10122024123133_SE_Investor_meet_December_10_2024_intimation.pdf,ICICI Prudential Life Insurance Company Limited has informed the Exchange about Schedule of meet,,,Analysts/Institutional Investor Meet/Con. Call Updates,00:00:00,10122024123133,10-Dec-2024 12:31:33,-,False,,,106081393,,INE726G01019,ICICI Prudential Life Insurance Company Limited,2024-12-10 12:31:33,ICICIPRULI
09-Dec-2024 17:58:45,,https://nsearchives.nseindia.com/corporate/ICICIPRULI_09122024175845_SE_monthly_business_presentation_November_2024_.pdf,ICICI Prudential Life Insurance Company Limited has informed the Exchange about Investor Presentation,,,Investor Presentation,00:00:01,09122024175845,09-Dec-2024 17:58:46,-,False,,,106080666,,INE726G01019,ICICI Prudential Life Insurance Company Limited,2024-12-09 17:58:45,ICICIPRULI
09-Dec-2024 17:32:10,,https://nsearchives.nseindia.com/corporate/ICICIPRULI_09122024173210_Intimation_to_Stock_Exchange_December_9_2024.pdf,"ICICI Prudential Life Insurance Company Limited has informed the Exchange about outcome of the meeting of Executive Committee held on December 9, 2024 - Approval of terms of issuance of non-convertible debentures (NCDs).",,,General Updates,00:00:01,09122024173210,09-Dec-2024 17:32:11,-,False,,,106080631,,INE726G01019,ICICI Prudential Life Insurance Company Limited,2024-12-09 17:32:10,ICICIPRULI
03-Dec-2024 12:40:02,,https://nsearchives.nseindia.com/corporate/ICICIPRULI_03122024124002_Disclosure_under_Regulation_30_and_51_Credit_Rating_CRISIL.pdf,ICICI Prudential Life Insurance Company Limited has informed the Exchange about Credit Rating- New,,,Credit Rating- New,00:00:00,03122024124002,03-Dec-2024 12:40:02,-,False,,,106075576,,INE726G01019,ICICI Prudential Life Insurance Company Limited,2024-12-03 12:40:02,ICICIPRULI
03-Dec-2024 12:19:03,,https://nsearchives.nseindia.com/corporate/ICICIPRULI_03122024121903_Disclosure_under_Regulation_30_and_51_Credit_Rating_ICRA.pdf,ICICI Prudential Life Insurance Company Limited has informed the Exchange about Credit Rating- New,,,Credit Rating- New,00:00:00,03122024121903,03-Dec-2024 12:19:03,-,False,,,106075550,,INE726G01019,ICICI Prudential Life Insurance Company Limited,2024-12-03 12:19:03,ICICIPRULI
03-Dec-2024 11:20:31,,https://nsearchives.nseindia.com/corporate/ICICIPRULI_03122024112031_SE_Intimation_December_3_2024.pdf,ICICI Prudential Life Insurance Company Limited has informed the Exchange regarding Allotment of 161220  Shares.,,,ESOP/ESOS/ESPS,00:00:01,03122024112031,03-Dec-2024 11:20:32,-,False,,,106075418,,INE726G01019,ICICI Prudential Life Insurance Company Limited,2024-12-03 11:20:31,ICICIPRULI
02-Dec-2024 19:00:00,,https://nsearchives.nseindia.com/corporate/ICICIPRULI_02122024190000_SE_Investor_meet_December_2_2024_signed.pdf,ICICI Prudential Life Insurance Company Limited has informed the Exchange about Schedule of meet,,,Analysts/Institutional Investor Meet/Con. Call Updates,00:00:01,02122024190000,02-Dec-2024 19:00:01,-,False,,,106074931,,INE726G01019,ICICI Prudential Life Insurance Company Limited,2024-12-02 19:00:00,ICICIPRULI
28-Nov-2024 19:49:12,,https://nsearchives.nseindia.com/corporate/ICICIPRULI_28112024194912_SE_Investor_meet_Nov_28_2024_signed.pdf,ICICI Prudential Life Insurance Company Limited has informed the Exchange about Analyst/Investor Meet,,,General Updates,00:00:01,28112024194912,28-Nov-2024 19:49:13,-,False,,,106072281,,INE726G01019,ICICI Prudential Life Insurance Company Limited,2024-11-28 19:49:12,ICICIPRULI
27-Nov-2024 20:58:44,,https://nsearchives.nseindia.com/corporate/ICICIPRULI_27112024205844_SE_Investor_meet_November_27_2024_reschedule.pdf,ICICI Prudential Life Insurance Company Limited has informed the Exchange about Rescheduling of Analyst/Investor Meet.,,,General Updates,00:00:01,27112024205844,27-Nov-2024 20:58:45,-,False,,,106071237,,INE726G01019,ICICI Prudential Life Insurance Company Limited,2024-11-27 20:58:44,ICICIPRULI
27-Nov-2024 20:49:40,,https://nsearchives.nseindia.com/corporate/ICICIPRULI_27112024204940_SE_Investor_meet_November_27_2024_intimation.pdf,ICICI Prudential Life Insurance Company Limited has informed the Exchange about Schedule of meet,,,Analysts/Institutional Investor Meet/Con. Call Updates,00:00:01,27112024204940,27-Nov-2024 20:49:41,-,False,,,106071232,,INE726G01019,ICICI Prudential Life Insurance Company Limited,2024-11-27 20:49:40,ICICIPRULI
26-Nov-2024 11:42:41,,https://nsearchives.nseindia.com/corporate/ICICIPRULI_26112024114241_SE_Intimation_November_26_2024.pdf,ICICI Prudential Life Insurance Company Limited has informed the Exchange regarding Allotment of 8610  Shares.,,,ESOP/ESOS/ESPS,00:00:01,26112024114241,26-Nov-2024 11:42:42,-,False,,,106069426,,INE726G01019,ICICI Prudential Life Insurance Company Limited,2024-11-26 11:42:41,ICICIPRULI
25-Nov-2024 22:18:09,,https://nsearchives.nseindia.com/corporate/ICICIPRULI_25112024221809_SE_Investor_meet_Nov_25_2024.pdf,ICICI Prudential Life Insurance Company Limited has informed the Exchange about Analyst/Investor Meet,,,General Updates,00:00:01,25112024221809,25-Nov-2024 22:18:10,-,False,,,106069009,,INE726G01019,ICICI Prudential Life Insurance Company Limited,2024-11-25 22:18:09,ICICIPRULI
21-Nov-2024 17:45:28,,https://nsearchives.nseindia.com/corporate/ICICIPRULI_21112024174528_SE_Investor_meet_Nov_21_2024_Intimation_signed.pdf,ICICI Prudential Life Insurance Company Limited has informed the Exchange about Schedule of meet,,,Analysts/Institutional Investor Meet/Con. Call Updates,00:00:01,21112024174528,21-Nov-2024 17:45:29,-,False,,,106066293,,INE726G01019,ICICI Prudential Life Insurance Company Limited,2024-11-21 17:45:28,ICICIPRULI
21-Nov-2024 14:58:25,,https://nsearchives.nseindia.com/corporate/ICICIPRULI_21112024145825_Reg_30_LODR_Intimation_Bima_Sugam_signed.pdf,"ICICI Prudential Life Insurance Company Limited has informed the Exchange about approval of investment not exceeding 10% of the issued and subscribed share capital in the subsequent tranches, subject to commensurate increase in authorised capital of Bima Sugam India Federation.",,,General Updates,00:00:01,21112024145825,21-Nov-2024 14:58:26,-,False,,,106066059,,INE726G01019,ICICI Prudential Life Insurance Company Limited,2024-11-21 14:58:25,ICICIPRULI
19-Nov-2024 18:49:33,,https://nsearchives.nseindia.com/corporate/ICICIPRULI_19112024184933_SE_Investor_meet_Nov_19_2024_signed.pdf,ICICI Prudential Life Insurance Company Limited has informed the Exchange about 'Analyst/Investor Meet',,,General Updates,00:00:01,19112024184933,19-Nov-2024 18:49:34,-,False,,,106064726,,INE726G01019,ICICI Prudential Life Insurance Company Limited,2024-11-19 18:49:33,ICICIPRULI
19-Nov-2024 17:13:58,,https://nsearchives.nseindia.com/corporate/ICICIPRULI_19112024171358_SE_Investor_meet_Nov_19_2024_Intimation_signed.pdf,ICICI Prudential Life Insurance Company Limited has informed the Exchange about Schedule of meet,,,Analysts/Institutional Investor Meet/Con. Call Updates,00:00:01,19112024171358,19-Nov-2024 17:13:59,-,False,,,106064529,,INE726G01019,ICICI Prudential Life Insurance Company Limited,2024-11-19 17:13:58,ICICIPRULI
19-Nov-2024 11:08:25,,https://nsearchives.nseindia.com/corporate/ICICIPRULI_19112024110825_SE_Intimation_November_19_2024_signed.pdf,ICICI Prudential Life Insurance Company Limited has informed the Exchange regarding Allotment of 43200  Shares.,,,ESOP/ESOS/ESPS,00:00:01,19112024110825,19-Nov-2024 11:08:26,-,False,,,106064060,,INE726G01019,ICICI Prudential Life Insurance Company Limited,2024-11-19 11:08:25,ICICIPRULI
18-Nov-2024 17:08:29,,https://nsearchives.nseindia.com/corporate/ICICIPRULI_18112024170829_SE_Investor_meet_Nov_18_2024_signed.pdf,ICICI Prudential Life Insurance Company Limited has informed the Exchange about 'Analyst/Investor Meet',,,General Updates,00:00:00,18112024170829,18-Nov-2024 17:08:29,-,False,,,106063336,,INE726G01019,ICICI Prudential Life Insurance Company Limited,2024-11-18 17:08:29,ICICIPRULI
13-Nov-2024 22:49:13,,https://nsearchives.nseindia.com/corporate/ICICIPRULI_13112024224913_SE_Investor_meet_Nov_13_2024_signed.pdf,ICICI Prudential Life Insurance Company Limited has informed the Exchange about 'Analyst/Investor Meet',,,General Updates,00:00:01,13112024224913,13-Nov-2024 22:49:14,-,False,,,106058564,,INE726G01019,ICICI Prudential Life Insurance Company Limited,2024-11-13 22:49:13,ICICIPRULI
12-Nov-2024 22:43:50,,https://nsearchives.nseindia.com/corporate/ICICIPRULI_12112024224350_SE_Investor_meet_Nov_12_2024_signed.pdf,ICICI Prudential Life Insurance Company Limited has informed the Exchange about 'Analyst/Investor Meet'.,,,General Updates,00:00:01,12112024224350,12-Nov-2024 22:43:51,-,False,,,106056255,,INE726G01019,ICICI Prudential Life Insurance Company Limited,2024-11-12 22:43:50,ICICIPRULI
12-Nov-2024 14:40:38,,https://nsearchives.nseindia.com/corporate/ICICIPRULI_12112024144038_SE_Intimation_November_12_2024_signed.pdf,ICICI Prudential Life Insurance Company Limited has informed the Exchange regarding Allotment of 144180  Shares.,,,ESOP/ESOS/ESPS,00:00:00,12112024144038,12-Nov-2024 14:40:38,-,False,,,106054947,,INE726G01019,ICICI Prudential Life Insurance Company Limited,2024-11-12 14:40:38,ICICIPRULI
12-Nov-2024 14:32:19,,https://nsearchives.nseindia.com/corporate/ICICIPRULI_12112024143219_SE_Investor_meet_Nov_12_2024_Intimation_signed.pdf,ICICI Prudential Life Insurance Company Limited has informed the Exchange about Schedule of meet,,,Analysts/Institutional Investor Meet/Con. Call Updates,00:00:00,12112024143219,12-Nov-2024 14:32:19,-,False,,,106054927,,INE726G01019,ICICI Prudential Life Insurance Company Limited,2024-11-12 14:32:19,ICICIPRULI
12-Nov-2024 14:23:54,,https://nsearchives.nseindia.com/corporate/ICICIPRULI_12112024142354_SE_Investor_meet_Nov_12_2024_Intimation_signed.pdf,ICICI Prudential Life Insurance Company Limited has informed the Exchange about Schedule of meet,,,Analysts/Institutional Investor Meet/Con. Call Updates,00:00:01,12112024142354,12-Nov-2024 14:23:55,-,False,,,106054905,,INE726G01019,ICICI Prudential Life Insurance Company Limited,2024-11-12 14:23:54,ICICIPRULI
11-Nov-2024 22:05:12,,https://nsearchives.nseindia.com/corporate/ICICIPRULI_11112024220512_SE_Investor_meet_Nov_11_2024_signed.pdf,ICICI Prudential Life Insurance Company Limited has informed the Exchange about 'Analyst/Investor Meet',,,General Updates,00:00:01,11112024220512,11-Nov-2024 22:05:13,-,False,,,106054103,,INE726G01019,ICICI Prudential Life Insurance Company Limited,2024-11-11 22:05:12,ICICIPRULI
08-Nov-2024 13:49:12,,https://nsearchives.nseindia.com/corporate/ICICIPRULI_08112024134912_SE_monthly_business_presentation_October_2024_signed.pdf,ICICI Prudential Life Insurance Company Limited has informed the Exchange about Investor Presentation,,,Investor Presentation,00:00:01,08112024134912,08-Nov-2024 13:49:13,-,False,,,106050406,,INE726G01019,ICICI Prudential Life Insurance Company Limited,2024-11-08 13:49:12,ICICIPRULI
05-Nov-2024 17:55:18,,https://nsearchives.nseindia.com/corporate/ICICIPRULI_05112024175518_SE_Investor_meet_Nov_5_2024_Intimation_3_signed.pdf,ICICI Prudential Life Insurance Company Limited has informed the Exchange about Schedule of meet,,,Analysts/Institutional Investor Meet/Con. Call Updates,00:00:01,05112024175518,05-Nov-2024 17:55:19,-,False,,,106045632,,INE726G01019,ICICI Prudential Life Insurance Company Limited,2024-11-05 17:55:18,ICICIPRULI
05-Nov-2024 17:52:19,,https://nsearchives.nseindia.com/corporate/ICICIPRULI_05112024175219_SE_Investor_meet_Nov_5_2024_Intimation_2_signed.pdf,ICICI Prudential Life Insurance Company Limited has informed the Exchange about Schedule of meet,,,Analysts/Institutional Investor Meet/Con. Call Updates,00:00:01,05112024175219,05-Nov-2024 17:52:20,-,False,,,106045623,,INE726G01019,ICICI Prudential Life Insurance Company Limited,2024-11-05 17:52:19,ICICIPRULI
05-Nov-2024 17:09:49,,https://nsearchives.nseindia.com/corporate/ICICIPRULI_05112024170949_SE_Investor_meet_Nov_5_2024_Intimation_signed.pdf,ICICI Prudential Life Insurance Company Limited has informed the Exchange about Schedule of meet,,,Analysts/Institutional Investor Meet/Con. Call Updates,00:00:01,05112024170949,05-Nov-2024 17:09:50,-,False,,,106045454,,INE726G01019,ICICI Prudential Life Insurance Company Limited,2024-11-05 17:09:49,ICICIPRULI
05-Nov-2024 12:16:46,,https://nsearchives.nseindia.com/corporate/ICICIPRULI_05112024121646_SE_Intimation_November_5_2024_signed.pdf,ICICI Prudential Life Insurance Company Limited has informed the Exchange regarding Allotment of 29920  Shares.,,,ESOP/ESOS/ESPS,00:00:01,05112024121646,05-Nov-2024 12:16:47,-,False,,,106044752,,INE726G01019,ICICI Prudential Life Insurance Company Limited,2024-11-05 12:16:46,ICICIPRULI
29-Oct-2024 16:07:28,,https://nsearchives.nseindia.com/corporate/ICICIPRULI_29102024160729_SE_intimation_Earnings_Call_Transcript_Sep_30_2024.pdf,ICICI Prudential Life Insurance Company Limited has informed the Exchange about Transcript,,,Analysts/Institutional Investor Meet/Con. Call Updates,00:00:02,29102024160728,29-Oct-2024 16:07:30,-,False,,,106038874,,INE726G01019,ICICI Prudential Life Insurance Company Limited,2024-10-29 16:07:28,ICICIPRULI
29-Oct-2024 12:22:21,,https://nsearchives.nseindia.com/corporate/ICICIPRULI_29102024122221_SE_Intimation_October_29_2024_signed.pdf,ICICI Prudential Life Insurance Company Limited has informed the Exchange regarding Allotment of 235010  Shares.,,,ESOP/ESOS/ESPS,00:00:01,29102024122221,29-Oct-2024 12:22:22,-,False,,,106038431,,INE726G01019,ICICI Prudential Life Insurance Company Limited,2024-10-29 12:22:21,ICICIPRULI
24-Oct-2024 15:31:23,,https://nsearchives.nseindia.com/corporate/ICICIPRULI_24102024153123_SE_Issue_of_letter_of_confirmation_signed.pdf,ICICI Prudential Life Insurance Company Limited has informed the Exchange about Issue of Duplicate Share Certificate,,,Issue of Duplicate Share Certificate,00:00:01,24102024153123,24-Oct-2024 15:31:24,-,False,,,106033317,,INE726G01019,ICICI Prudential Life Insurance Company Limited,2024-10-24 15:31:23,ICICIPRULI
24-Oct-2024 11:50:45,,https://nsearchives.nseindia.com/corporate/ICICIPRULI_24102024115045_SE_intimation_Newspaper_advertisement.pdf,ICICI Prudential Life Insurance Company Limited has informed the Exchange about Copy of Newspaper Publication,,,Copy of Newspaper Publication,00:00:01,24102024115045,24-Oct-2024 11:50:46,-,False,,,106032973,,INE726G01019,ICICI Prudential Life Insurance Company Limited,2024-10-24 11:50:45,ICICIPRULI
22-Oct-2024 18:22:57,,https://nsearchives.nseindia.com/corporate/ICICIPRULI_22102024182257_SE_Earnings_presentation_intimation_Oct_22_2024.pdf,ICICI Prudential Life Insurance Company Limited has informed the Exchange about Investor Presentation,,,Investor Presentation,00:00:00,22102024182257,22-Oct-2024 18:22:57,-,False,,,106030822,,INE726G01019,ICICI Prudential Life Insurance Company Limited,2024-10-22 18:22:57,ICICIPRULI
22-Oct-2024 18:12:11,,https://nsearchives.nseindia.com/corporate/ICICIPRULI_22102024181211_Intimation_under_Reg_30_Sub_debt_Oct_22_2024.pdf,ICICI Prudential Life Insurance Company Limited has informed the Exchange about issue of Securities,,,Issue of Securities,00:00:00,22102024181211,22-Oct-2024 18:12:11,-,False,,,106030799,,INE726G01019,ICICI Prudential Life Insurance Company Limited,2024-10-22 18:12:11,ICICIPRULI
22-Oct-2024 18:09:37,,https://nsearchives.nseindia.com/corporate/Combined_SEBI_Results_September_2024_22102024180937.pdf," ICICI Prudential Life Insurance Company Limited has submitted to the Exchange, the financial results for the period ended September 30, 2024.",,,Financial Result Updates,00:00:00,22102024180937,22-Oct-2024 18:09:37,-,False,,,165827,,INE726G01019,ICICI Prudential Life Insurance Company Limited,2024-10-22 18:09:37,ICICIPRULI
22-Oct-2024 18:07:59,,https://nsearchives.nseindia.com/corporate/ICICIPRULI_22102024180759_Outcome_BM_October_22_2024.pdf,Outcome of Board meeting,,,Outcome of Board Meeting,00:00:01,22102024180759,22-Oct-2024 18:08:00,-,False,,,106030789,,INE726G01019,ICICI Prudential Life Insurance Company Limited,2024-10-22 18:07:59,ICICIPRULI
22-Oct-2024 15:50:35,,https://nsearchives.nseindia.com/corporate/ICICIPRULI_22102024155035_SE_Intimation_October_22_2024_SIGNED.pdf,ICICI Prudential Life Insurance Company Limited has informed the Exchange regarding Allotment of 15450  Shares.,,,ESOP/ESOS/ESPS,00:00:01,22102024155035,22-Oct-2024 15:50:36,-,False,,,106030479,,INE726G01019,ICICI Prudential Life Insurance Company Limited,2024-10-22 15:50:35,ICICIPRULI
15-Oct-2024 16:19:26,,https://nsearchives.nseindia.com/corporate/ICICIPRULI_15102024161926_SE_Intimation_October_15_2024_signed.pdf,ICICI Prudential Life Insurance Company Limited has informed the Exchange regarding Allotment of 46310  Shares.,,,ESOP/ESOS/ESPS,00:00:01,15102024161926,15-Oct-2024 16:19:27,-,False,,,106023133,,INE726G01019,ICICI Prudential Life Insurance Company Limited,2024-10-15 16:19:26,ICICIPRULI
11-Oct-2024 16:27:44,,https://nsearchives.nseindia.com/corporate/ICICIPRULI_11102024162744_ICPL_74_5__BSE_and_NSE_Sep_2024_signed.pdf,"ICICI Prudential Life Insurance Company Limited has informed the Exchange about Certificate under SEBI (Depositories and Participants) Regulations, 2018",,,"Certificate under SEBI (Depositories and Participants) Regulations, 2018",00:00:01,11102024162744,11-Oct-2024 16:27:45,-,False,,,106020298,,INE726G01019,ICICI Prudential Life Insurance Company Limited,2024-10-11 16:27:44,ICICIPRULI
11-Oct-2024 13:42:40,,https://nsearchives.nseindia.com/corporate/ICICIPRULI_11102024134240_SE_monthly_business_presentation_Sept_2024_signed.pdf,ICICI Prudential Life Insurance Company Limited has informed the Exchange about Investor Presentation,,,Investor Presentation,00:00:01,11102024134240,11-Oct-2024 13:42:41,-,False,,,106020098,,INE726G01019,ICICI Prudential Life Insurance Company Limited,2024-10-11 13:42:40,ICICIPRULI
09-Oct-2024 11:25:22,,https://nsearchives.nseindia.com/corporate/ICICIPRULI_09102024112522_SE_Earnings_intimation_H1_FY2025_V3_revised.pdf,ICICI Prudential Life Insurance Company Limited has informed the Exchange about Schedule of meet,,,Analysts/Institutional Investor Meet/Con. Call Updates,00:00:01,09102024112522,09-Oct-2024 11:25:23,-,False,,,106017100,,INE726G01019,ICICI Prudential Life Insurance Company Limited,2024-10-09 11:25:22,ICICIPRULI
08-Oct-2024 14:53:44,,https://nsearchives.nseindia.com/corporate/ICICIPRULI_08102024145344_SE_Earnings_intimation_H1_FY2025_V2.pdf,ICICI Prudential Life Insurance Company Limited has informed the Exchange about Schedule of meet,,,Analysts/Institutional Investor Meet/Con. Call Updates,00:00:01,08102024145344,08-Oct-2024 14:53:45,-,False,,,106016097,,INE726G01019,ICICI Prudential Life Insurance Company Limited,2024-10-08 14:53:44,ICICIPRULI
08-Oct-2024 12:10:49,,https://nsearchives.nseindia.com/corporate/ICICIPRULI_08102024121049_SE_Intimation_October_8_2024_signed.pdf,ICICI Prudential Life Insurance Company Limited has informed the Exchange regarding Allotment of 15200  Shares.,,,ESOP/ESOS/ESPS,00:00:00,08102024121049,08-Oct-2024 12:10:49,-,False,,,106015806,,INE726G01019,ICICI Prudential Life Insurance Company Limited,2024-10-08 12:10:49,ICICIPRULI
01-Oct-2024 17:24:05,,https://nsearchives.nseindia.com/corporate/ICICIPRULI_01102024172405_Disclosure_under_Regulation_30_51_55_Credit_Rating.pdf,ICICI Prudential Life Insurance Company Limited has informed the Exchange about Credit Rating- New,,,Credit Rating- New,00:00:01,01102024172405,01-Oct-2024 17:24:06,-,False,,,106010187,,INE726G01019,ICICI Prudential Life Insurance Company Limited,2024-10-01 17:24:05,ICICIPRULI
27-Sep-2024 18:56:24,,https://nsearchives.nseindia.com/corporate/ICICIPRULI_27092024185624_Disclosure_order_dated_September_27_2024_signed.pdf,ICICI Prudential Life Insurance Company Limited has informed the Exchange about Action(s) taken or orders passed,,,Action(s) taken or orders passed,00:00:01,27092024185624,27-Sep-2024 18:56:25,-,False,,,106004711,,INE726G01019,ICICI Prudential Life Insurance Company Limited,2024-09-27 18:56:24,ICICIPRULI
26-Sep-2024 12:34:00,,https://nsearchives.nseindia.com/corporate/ICICIPRULI_26092024123400_SE_intimation_for_Window_closures_signed.pdf,"ICICI Prudential Life Insurance Company Limited has informed the Exchange regarding the Trading Window closure pursuant to SEBI (Prohibition of Insider Trading) Regulations, 2015",,,Trading Window,00:00:01,26092024123400,26-Sep-2024 12:34:01,-,False,,,106000593,,INE726G01019,ICICI Prudential Life Insurance Company Limited,2024-09-26 12:34:00,ICICIPRULI
24-Sep-2024 19:11:28,,https://nsearchives.nseindia.com/corporate/ICICIPRULI_24092024191128_SE_Investor_meet_Sep_24_2024_signed.pdf,ICICI Prudential Life Insurance Company Limited has informed the Exchange about 'Analyst/Investor Meet',,,General Updates,00:00:01,24092024191128,24-Sep-2024 19:11:29,-,False,,,105997863,,INE726G01019,ICICI Prudential Life Insurance Company Limited,2024-09-24 19:11:28,ICICIPRULI
24-Sep-2024 12:40:25,,https://nsearchives.nseindia.com/corporate/ICICIPRULI_24092024124025_SE_Intimation_September_24_2024_signed.pdf,ICICI Prudential Life Insurance Company Limited has informed the Exchange regarding Allotment of 106069  Shares.,,,ESOP/ESOS/ESPS,00:00:01,24092024124025,24-Sep-2024 12:40:26,-,False,,,105997143,,INE726G01019,ICICI Prudential Life Insurance Company Limited,2024-09-24 12:40:25,ICICIPRULI
23-Sep-2024 12:31:16,,https://nsearchives.nseindia.com/corporate/ICICIPRULI_23092024123116_Disclosure_under_Regulation_30_51and_55_Credit_Rating_CRISIL_signed.pdf,ICICI Prudential Life Insurance Company Limited has informed the Exchange about Credit Rating,,,Credit Rating,00:00:01,23092024123116,23-Sep-2024 12:31:17,-,False,,,105995882,,INE726G01019,ICICI Prudential Life Insurance Company Limited,2024-09-23 12:31:16,ICICIPRULI
19-Sep-2024 18:48:25,,https://nsearchives.nseindia.com/corporate/ICICIPRULI_19092024184825_SE_Investor_meet_Sep_19_2024_signed.pdf,ICICI Prudential Life Insurance Company Limited has informed the Exchange regarding 'Analyst/Investor Meet'.,,,Updates,00:00:01,19092024184825,19-Sep-2024 18:48:26,-,False,,,105993232,,INE726G01019,ICICI Prudential Life Insurance Company Limited,2024-09-19 18:48:25,ICICIPRULI
17-Sep-2024 19:21:46,,https://nsearchives.nseindia.com/corporate/ICICIPRULI_17092024192146_SE_Investor_meet_Sep_17_2024_Intimation_signed.pdf,ICICI Prudential Life Insurance Company Limited has informed the Exchange about Schedule of meet,,,Analysts/Institutional Investor Meet/Con. Call Updates,00:00:01,17092024192146,17-Sep-2024 19:21:47,-,False,,,105990938,,INE726G01019,ICICI Prudential Life Insurance Company Limited,2024-09-17 19:21:46,ICICIPRULI
17-Sep-2024 12:59:30,,https://nsearchives.nseindia.com/corporate/ICICIPRULI_17092024125930_SE_Intimation_September_17_2024_signed.pdf,ICICI Prudential Life Insurance Company Limited has informed the Exchange regarding Allotment of 131404  Shares.,,,ESOP/ESOS/ESPS,00:00:06,17092024125930,17-Sep-2024 12:59:36,-,False,,,105990498,,INE726G01019,ICICI Prudential Life Insurance Company Limited,2024-09-17 12:59:30,ICICIPRULI
13-Sep-2024 16:54:45,,https://nsearchives.nseindia.com/corporate/ICICIPRULI_13092024165445_SE_Investor_meet_Sep_13_2024_Intimation_signed.pdf,ICICI Prudential Life Insurance Company Limited has informed the Exchange about Schedule of meet,,,Analysts/Institutional Investor Meet/Con. Call Updates,00:00:01,13092024165445,13-Sep-2024 16:54:46,-,False,,,105987958,,INE726G01019,ICICI Prudential Life Insurance Company Limited,2024-09-13 16:54:45,ICICIPRULI
12-Sep-2024 21:22:12,,https://nsearchives.nseindia.com/corporate/ICICIPRULI_12092024212213_Reg_30_LODR_Intimation_signed.pdf,"ICICI Prudential Life Insurance Company Limited has informed the Exchange regarding 'Disclosure under regulation 30 and regulation 51 read with para A of part A of Schedule III of the SEBI (Listing Obligations and Disclosure Requirements) Regulations, 2015'.",,,Updates,00:00:01,12092024212212,12-Sep-2024 21:22:13,-,False,,,105987076,,INE726G01019,ICICI Prudential Life Insurance Company Limited,2024-09-12 21:22:12,ICICIPRULI
12-Sep-2024 18:47:35,,https://nsearchives.nseindia.com/corporate/ICICIPRULI_12092024184735_SE_Investor_meet_Sep_12_2024_signed.pdf,ICICI Prudential Life Insurance Company Limited has informed the Exchange regarding ''Analyst/Investor Meet''.,,,Updates,00:00:01,12092024184735,12-Sep-2024 18:47:36,-,False,,,105986950,,INE726G01019,ICICI Prudential Life Insurance Company Limited,2024-09-12 18:47:35,ICICIPRULI
10-Sep-2024 18:21:43,,https://nsearchives.nseindia.com/corporate/ICICIPRULI_10092024182143_SE_Investor_meet_Sep_10_2024_signed.pdf,ICICI Prudential Life Insurance Company Limited has informed the Exchange regarding 'Analyst/Investor Meet'.,,,Updates,00:00:01,10092024182143,10-Sep-2024 18:21:44,-,False,,,105984607,,INE726G01019,ICICI Prudential Life Insurance Company Limited,2024-09-10 18:21:43,ICICIPRULI
10-Sep-2024 11:45:17,,https://nsearchives.nseindia.com/corporate/ICICIPRULI_10092024114517_SE_Intimation_September_10_2024_signed.pdf,ICICI Prudential Life Insurance Company Limited has informed the Exchange regarding Allotment of 183450  Shares.,,,ESOP/ESOS/ESPS,00:00:01,10092024114517,10-Sep-2024 11:45:18,-,False,,,105984008,,INE726G01019,ICICI Prudential Life Insurance Company Limited,2024-09-10 11:45:17,ICICIPRULI
09-Sep-2024 20:24:23,,https://nsearchives.nseindia.com/corporate/ICICIPRULI_09092024202423_SE_Investor_meet_Sep_9_2024_signed.pdf,ICICI Prudential Life Insurance Company Limited has informed the Exchange regarding 'Analyst/Investor Meet'.,,,Updates,00:00:01,09092024202423,09-Sep-2024 20:24:24,-,False,,,105983572,,INE726G01019,ICICI Prudential Life Insurance Company Limited,2024-09-09 20:24:23,ICICIPRULI
09-Sep-2024 12:11:50,,https://nsearchives.nseindia.com/corporate/ICICIPRULI_09092024121150_SE_monthly_business_presentation_August_2024_signed.pdf,ICICI Prudential Life Insurance Company Limited has informed the Exchange about Investor Presentation,,,Investor Presentation,00:00:01,09092024121150,09-Sep-2024 12:11:51,-,False,,,105983067,,INE726G01019,ICICI Prudential Life Insurance Company Limited,2024-09-09 12:11:50,ICICIPRULI
05-Sep-2024 18:48:06,,https://nsearchives.nseindia.com/corporate/ICICIPRULI_05092024184806_SE_Investor_meet_Sep_5_2024_Intimation_signed.pdf,ICICI Prudential Life Insurance Company Limited has informed the Exchange about Schedule of meet,,,Analysts/Institutional Investor Meet/Con. Call Updates,00:00:01,05092024184806,05-Sep-2024 18:48:07,-,False,,,105979667,,INE726G01019,ICICI Prudential Life Insurance Company Limited,2024-09-05 18:48:06,ICICIPRULI
04-Sep-2024 16:37:24,,https://nsearchives.nseindia.com/corporate/ICICIPRULI_04092024163724_SE_Investor_meet_Sep_4_2024_Intimation_signed.pdf,ICICI Prudential Life Insurance Company Limited has informed the Exchange about Schedule of meet,,,Analysts/Institutional Investor Meet/Con. Call Updates,00:00:01,04092024163724,04-Sep-2024 16:37:25,-,False,,,105977444,,INE726G01019,ICICI Prudential Life Insurance Company Limited,2024-09-04 16:37:24,ICICIPRULI
03-Sep-2024 11:51:24,,https://nsearchives.nseindia.com/corporate/ICICIPRULI_03092024115124_SE_Intimation_September_3_2024_signed.pdf,ICICI Prudential Life Insurance Company Limited has informed the Exchange regarding Allotment of 252540  Shares.,,,ESOP/ESOS/ESPS,00:00:01,03092024115124,03-Sep-2024 11:51:25,-,False,,,105975127,,INE726G01019,ICICI Prudential Life Insurance Company Limited,2024-09-03 11:51:24,ICICIPRULI
02-Sep-2024 14:31:24,,https://nsearchives.nseindia.com/corporate/ICICIPRULI_02092024143124_SE_Intimation_VR_SR.pdf,"ICICI Prudential Life Insurance Company Limited has submitted the Exchange a copy Srutinizers report of  Postal Ballot. Further, the company has informed the Exchange regarding voting results.",,,Shareholders meeting,00:00:02,02092024143124,02-Sep-2024 14:31:26,-,False,,,105973834,,INE726G01019,ICICI Prudential Life Insurance Company Limited,2024-09-02 14:31:24,ICICIPRULI
01-Sep-2024 18:06:35,,https://nsearchives.nseindia.com/corporate/ICICIPRULI_01092024180635_Disclosure_order_dated_Aug_31_2024.pdf,"ICICI Prudential Life Insurance Company Limited has informed the Exchange regarding 'Disclosure under Regulation 30 and Regulation 51 read with Schedule III of Securities and Exchange Board of India (Listing Obligations and Disclosure Requirements) Regulations, 2015'.",,,Updates,00:00:01,01092024180635,01-Sep-2024 18:06:36,-,False,,,105973341,,INE726G01019,ICICI Prudential Life Insurance Company Limited,2024-09-01 18:06:35,ICICIPRULI
31-Aug-2024 18:01:29,,https://nsearchives.nseindia.com/corporate/ICICIPRULI_31082024180129_Disclosure_order_dated_August_31_2024.pdf,"ICICI Prudential Life Insurance Company Limited has informed the Exchange regarding 'Disclosure under Regulation 30 and Regulation 51 read with Schedule III of Securities and Exchange Board of India (Listing Obligations and Disclosure Requirements) Regulations, 2015  '.",,,Updates,00:00:00,31082024180129,31-Aug-2024 18:01:29,-,False,,,105972817,,INE726G01019,ICICI Prudential Life Insurance Company Limited,2024-08-31 18:01:29,ICICIPRULI
30-Aug-2024 17:49:30,,https://nsearchives.nseindia.com/corporate/ICICIPRULI_30082024174930_Disclosure_order_dated_August_30_2024.pdf,"ICICI Prudential Life Insurance Company Limited has informed the Exchange regarding 'Disclosure under Regulation 30 and Regulation 51 read with Schedule III of Securities and Exchange Board of India (Listing Obligations and Disclosure Requirements) Regulations, 2015'.",,,Updates,00:00:01,30082024174930,30-Aug-2024 17:49:31,-,False,,,105971600,,INE726G01019,ICICI Prudential Life Insurance Company Limited,2024-08-30 17:49:30,ICICIPRULI
30-Aug-2024 17:17:12,,https://nsearchives.nseindia.com/corporate/ICICIPRULI_30082024171712_Disclosure_order_dated_Aug_30_2024.pdf,"ICICI Prudential Life Insurance Company Limited has informed the Exchange regarding 'Disclosure under Regulation 30 and Regulation 51 read with Schedule III of Securities and Exchange Board of India (Listing Obligations and Disclosure Requirements) Regulations, 2015.'.",,,Updates,00:00:02,30082024171712,30-Aug-2024 17:17:14,-,False,,,105971501,,INE726G01019,ICICI Prudential Life Insurance Company Limited,2024-08-30 17:17:12,ICICIPRULI
28-Aug-2024 18:49:56,,https://nsearchives.nseindia.com/corporate/ICICIPRULI_28082024184956_SE_Investor_meet_Aug_28_2024.pdf,ICICI Prudential Life Insurance Company Limited has informed the Exchange regarding 'Analyst/Investor Meet'.,,,Updates,00:00:01,28082024184956,28-Aug-2024 18:49:57,-,False,,,105968582,,INE726G01019,ICICI Prudential Life Insurance Company Limited,2024-08-28 18:49:56,ICICIPRULI
27-Aug-2024 15:38:12,,https://nsearchives.nseindia.com/corporate/ICICIPRULI_27082024153812_Draft_disclosure_order_dated_August_signed.pdf,"ICICI Prudential Life Insurance Company Limited has informed the Exchange regarding 'Disclosure under Regulation 30 and Regulation 51 read with Schedule III of Securities and Exchange Board of India (Listing Obligations and Disclosure Requirements) Regulations, 2015 '.",,,Updates,00:00:00,27082024153812,27-Aug-2024 15:38:12,-,False,,,105966690,,INE726G01019,ICICI Prudential Life Insurance Company Limited,2024-08-27 15:38:12,ICICIPRULI
26-Aug-2024 17:05:00,,https://nsearchives.nseindia.com/corporate/ICICIPRULI_26082024170500_SE_Investor_meet_Aug_26_2024.pdf,ICICI Prudential Life Insurance Company Limited has informed the Exchange regarding 'Analyst/Investor Meet'.,,,Updates,00:00:01,26082024170500,26-Aug-2024 17:05:01,-,False,,,105965658,,INE726G01019,ICICI Prudential Life Insurance Company Limited,2024-08-26 17:05:00,ICICIPRULI
26-Aug-2024 11:41:45,,https://nsearchives.nseindia.com/corporate/ICICIPRULI_26082024114145_SE_Intimation_August_26_2024_signed.pdf,ICICI Prudential Life Insurance Company Limited has informed the Exchange regarding Allotment of 318280  Shares.,,,ESOP/ESOS/ESPS,00:00:01,26082024114145,26-Aug-2024 11:41:46,-,False,,,105965358,,INE726G01019,ICICI Prudential Life Insurance Company Limited,2024-08-26 11:41:45,ICICIPRULI
23-Aug-2024 16:21:49,,https://nsearchives.nseindia.com/corporate/ICICIPRULI_23082024162149_SE_Investor_meet_August_23_2024_Intimation_signed.pdf,ICICI Prudential Life Insurance Company Limited has informed the Exchange about Schedule of meet,,,Analysts/Institutional Investor Meet/Con. Call Updates,00:00:01,23082024162149,23-Aug-2024 16:21:50,-,False,,,105963828,,INE726G01019,ICICI Prudential Life Insurance Company Limited,2024-08-23 16:21:49,ICICIPRULI
23-Aug-2024 12:53:41,,https://nsearchives.nseindia.com/corporate/ICICIPRULI_23082024125341_Disclosure_order_dated_August_22_2024.pdf,"ICICI Prudential Life Insurance Company Limited has informed the Exchange regarding 'Disclosure under Regulation 30 and Regulation 51 read with Schedule III of Securities and Exchange Board of India (Listing Obligations and Disclosure Requirements) Regulations, 2015'.",,,Updates,00:00:01,23082024125341,23-Aug-2024 12:53:42,-,False,,,105963568,,INE726G01019,ICICI Prudential Life Insurance Company Limited,2024-08-23 12:53:41,ICICIPRULI
21-Aug-2024 16:59:33,,https://nsearchives.nseindia.com/corporate/ICICIPRULI_21082024165934_SE_Investor_meet_August_21_2024_Intimation.pdf,ICICI Prudential Life Insurance Company Limited has informed the Exchange about Schedule of meet,,,Analysts/Institutional Investor Meet/Con. Call Updates,00:00:01,21082024165933,21-Aug-2024 16:59:34,-,False,,,105961010,,INE726G01019,ICICI Prudential Life Insurance Company Limited,2024-08-21 16:59:33,ICICIPRULI
21-Aug-2024 15:16:45,,https://nsearchives.nseindia.com/corporate/ICICIPRULI_21082024151645_Disclosure_order_dated_Aug_21_2024.pdf,"ICICI Prudential Life Insurance Company Limited has informed the Exchange regarding 'Disclosure under Regulation 30 and Regulation 51 read with Schedule III of Securities and Exchange Board of India (Listing Obligations and Disclosure Requirements) Regulations, 2015  '.",,,Updates,00:00:00,21082024151645,21-Aug-2024 15:16:45,-,False,,,105960842,,INE726G01019,ICICI Prudential Life Insurance Company Limited,2024-08-21 15:16:45,ICICIPRULI
20-Aug-2024 22:18:14,,https://nsearchives.nseindia.com/corporate/ICICIPRULI_20082024221815_SE_Investor_meet_Aug_20_2024.pdf,ICICI Prudential Life Insurance Company Limited has informed the Exchange regarding 'Analyst/Investor Meet'.,,,Updates,00:00:01,20082024221814,20-Aug-2024 22:18:15,-,False,,,105960098,,INE726G01019,ICICI Prudential Life Insurance Company Limited,2024-08-20 22:18:14,ICICIPRULI
20-Aug-2024 14:52:27,,https://nsearchives.nseindia.com/corporate/ICICIPRULI_20082024145227_Disclosure_order_dated_Aug_20_2024.pdf,"ICICI Prudential Life Insurance Company Limited has informed the Exchange regarding 'Disclosure under Regulation 30 and Regulation 51 read with Schedule III of Securities and Exchange Board of India (Listing Obligations and Disclosure Requirements) Regulations, 2015'.",,,Updates,00:00:01,20082024145227,20-Aug-2024 14:52:28,-,False,,,105959578,,INE726G01019,ICICI Prudential Life Insurance Company Limited,2024-08-20 14:52:27,ICICIPRULI
19-Aug-2024 11:32:16,,https://nsearchives.nseindia.com/corporate/ICICIPRULI_19082024113216_SE_Intimation_August_19_2024_signed.pdf,ICICI Prudential Life Insurance Company Limited has informed the Exchange regarding Allotment of 214020  Shares.,,,ESOP/ESOS/ESPS,00:00:01,19082024113216,19-Aug-2024 11:32:17,-,False,,,105958457,,INE726G01019,ICICI Prudential Life Insurance Company Limited,2024-08-19 11:32:16,ICICIPRULI
14-Aug-2024 18:06:51,,https://nsearchives.nseindia.com/corporate/ICICIPRULI_14082024180651_SE_Investor_meet_Aug_14_2024.pdf,ICICI Prudential Life Insurance Company Limited has informed the Exchange regarding 'Analyst/Investor Meet'.,,,Updates,00:00:01,14082024180651,14-Aug-2024 18:06:52,-,False,,,105955057,,INE726G01019,ICICI Prudential Life Insurance Company Limited,2024-08-14 18:06:51,ICICIPRULI
14-Aug-2024 17:27:44,,https://nsearchives.nseindia.com/corporate/ICICIPRULI_14082024172744_SE_intimation_to_the_shareholders.pdf,"ICICI Prudential Life Insurance Company Limited has informed the Exchange regarding 'Intimation to member(s) holding shares of the Company, in physical form'.",,,Updates,00:00:01,14082024172744,14-Aug-2024 17:27:45,-,False,,,105954850,,INE726G01019,ICICI Prudential Life Insurance Company Limited,2024-08-14 17:27:44,ICICIPRULI
13-Aug-2024 18:33:04,,https://nsearchives.nseindia.com/corporate/ICICIPRULI_13082024183304_SE_Investor_meet_August_13_2024_Intimation.pdf,ICICI Prudential Life Insurance Company Limited has informed the Exchange about Schedule of meet,,,Analysts/Institutional Investor Meet/Con. Call Updates,00:00:00,13082024183304,13-Aug-2024 18:33:04,-,False,,,105952721,,INE726G01019,ICICI Prudential Life Insurance Company Limited,2024-08-13 18:33:04,ICICIPRULI
13-Aug-2024 18:29:58,,https://nsearchives.nseindia.com/corporate/ICICIPRULI_13082024182958_SE_Investor_meet_Aug_13_2024.pdf,ICICI Prudential Life Insurance Company Limited has informed the Exchange regarding 'Analyst/Investor Meet'.,,,Updates,00:00:01,13082024182958,13-Aug-2024 18:29:59,-,False,,,105952706,,INE726G01019,ICICI Prudential Life Insurance Company Limited,2024-08-13 18:29:58,ICICIPRULI
12-Aug-2024 21:44:21,,https://nsearchives.nseindia.com/corporate/ICICIPRULI_12082024214421_SE_Investor_meet_Aug_12_2024.pdf,ICICI Prudential Life Insurance Company Limited has informed the Exchange regarding 'Analyst/Investor Meet'.,,,Updates,00:00:00,12082024214421,12-Aug-2024 21:44:21,-,False,,,105950920,,INE726G01019,ICICI Prudential Life Insurance Company Limited,2024-08-12 21:44:21,ICICIPRULI
12-Aug-2024 13:39:21,,https://nsearchives.nseindia.com/corporate/ICICIPRULI_12082024133921_SE_Intimation_August_12_2024.pdf,ICICI Prudential Life Insurance Company Limited has informed the Exchange regarding Allotment of 190801  Shares.,,,ESOP/ESOS/ESPS,00:00:01,12082024133921,12-Aug-2024 13:39:22,-,False,,,105949870,,INE726G01019,ICICI Prudential Life Insurance Company Limited,2024-08-12 13:39:21,ICICIPRULI
12-Aug-2024 11:55:45,,https://nsearchives.nseindia.com/corporate/ICICIPRULI_12082024115545_SE_monthly_business_presentation_July_2024.pdf,ICICI Prudential Life Insurance Company Limited has informed the Exchange about Investor Presentation,,,Investor Presentation,00:00:01,12082024115545,12-Aug-2024 11:55:46,-,False,,,105949731,,INE726G01019,ICICI Prudential Life Insurance Company Limited,2024-08-12 11:55:45,ICICIPRULI
08-Aug-2024 17:14:15,,https://nsearchives.nseindia.com/corporate/ICICIPRULI_08082024171415_SE_Investor_meet_August_8_2024_Intimation_2.pdf,ICICI Prudential Life Insurance Company Limited has informed the Exchange about Schedule of meet,,,Analysts/Institutional Investor Meet/Con. Call Updates,00:00:01,08082024171415,08-Aug-2024 17:14:16,-,False,,,105945565,,INE726G01019,ICICI Prudential Life Insurance Company Limited,2024-08-08 17:14:15,ICICIPRULI
08-Aug-2024 17:08:44,,https://nsearchives.nseindia.com/corporate/ICICIPRULI_08082024170844_SE_Investor_meet_August_8_2024_Intimation_1.pdf,ICICI Prudential Life Insurance Company Limited has informed the Exchange about Schedule of meet,,,Analysts/Institutional Investor Meet/Con. Call Updates,00:00:01,08082024170844,08-Aug-2024 17:08:45,-,False,,,105945540,,INE726G01019,ICICI Prudential Life Insurance Company Limited,2024-08-08 17:08:44,ICICIPRULI
07-Aug-2024 18:50:16,,https://nsearchives.nseindia.com/corporate/ICICIPRULI_07082024185016_SE_Investor_meet_August_7_2024_Intimation.pdf,ICICI Prudential Life Insurance Company Limited has informed the Exchange about Schedule of meet,,,Analysts/Institutional Investor Meet/Con. Call Updates,00:00:01,07082024185016,07-Aug-2024 18:50:17,-,False,,,105943925,,INE726G01019,ICICI Prudential Life Insurance Company Limited,2024-08-07 18:50:16,ICICIPRULI
03-Aug-2024 17:10:56,,https://nsearchives.nseindia.com/corporate/ICICIPRULI_03082024171056_SE_Intimation_August_3_2024.pdf,ICICI Prudential Life Insurance Company Limited has informed the Exchange regarding Allotment of 1052916  Shares.,,,ESOP/ESOS/ESPS,00:00:00,03082024171056,03-Aug-2024 17:10:56,-,False,,,105938140,,INE726G01019,ICICI Prudential Life Insurance Company Limited,2024-08-03 17:10:56,ICICIPRULI
31-Jul-2024 15:24:22,,https://nsearchives.nseindia.com/corporate/ICICIPRULI_31072024152422_Disclosure_order_dated_July_31_2024.pdf,"ICICI Prudential Life Insurance Company Limited has informed the Exchange regarding 'Disclosure under Regulation 30 and Regulation 51 read with Schedule III of Securities and Exchange Board of India (Listing Obligations and Disclosure Requirements) Regulations, 2015'.",,,Updates,00:00:01,31072024152422,31-Jul-2024 15:24:23,-,False,,,105932887,,INE726G01019,ICICI Prudential Life Insurance Company Limited,2024-07-31 15:24:22,ICICIPRULI
31-Jul-2024 10:59:24,,https://nsearchives.nseindia.com/corporate/ICICIPRULI_31072024105924_SE_Intimation_Post_Newspaper_publication_post_advertisement_signed.pdf,ICICI Prudential Life Insurance Company Limited has informed the Exchange about Copy of Newspaper Publication,,,Copy of Newspaper Publication,00:00:01,31072024105924,31-Jul-2024 10:59:25,-,False,,,105932455,,INE726G01019,ICICI Prudential Life Insurance Company Limited,2024-07-31 10:59:24,ICICIPRULI
30-Jul-2024 18:25:46,,https://nsearchives.nseindia.com/corporate/ICICIPRULI_30072024182546_SE_intimation_Earnings_Call_Transcript.pdf,ICICI Prudential Life Insurance Company Limited has informed the Exchange about Transcript,,,Analysts/Institutional Investor Meet/Con. Call Updates,00:00:04,30072024182546,30-Jul-2024 18:25:50,-,False,,,105931612,,INE726G01019,ICICI Prudential Life Insurance Company Limited,2024-07-30 18:25:46,ICICIPRULI
30-Jul-2024 13:03:01,,https://nsearchives.nseindia.com/corporate/ICICIPRULI_30072024130301_SE_Intimation_Postal_ballot_notice.pdf,ICICI Prudential Life Insurance Company Limited has informed the Exchange regarding Notice of Postal Ballot,,,Shareholders meeting,00:00:00,30072024130301,30-Jul-2024 13:03:01,-,False,,,105930924,,INE726G01019,ICICI Prudential Life Insurance Company Limited,2024-07-30 13:03:01,ICICIPRULI
29-Jul-2024 11:20:04,,https://nsearchives.nseindia.com/corporate/ICICIPRULI_29072024112004_SE_Intimation_Pre_Newspaper_publication_combined_signed.pdf,ICICI Prudential Life Insurance Company Limited has informed the Exchange about Copy of Newspaper Publication,,,Copy of Newspaper Publication,00:00:01,29072024112004,29-Jul-2024 11:20:05,-,False,,,105929221,,INE726G01019,ICICI Prudential Life Insurance Company Limited,2024-07-29 11:20:04,ICICIPRULI
26-Jul-2024 16:39:11,,https://nsearchives.nseindia.com/corporate/ICICIPRULI_26072024163911_SE_intimation_signed.pdf,"ICICI Prudential Life Insurance Company Limited has informed the Exchange regarding 'Disclosure under Regulation 30 and Regulation 51 read with Schedule III of Securities and Exchange Board of India (Listing Obligations and Disclosure Requirements) Regulations, 2015 '.",,,Updates,00:00:01,26072024163911,26-Jul-2024 16:39:12,-,False,,,105927553,,INE726G01019,ICICI Prudential Life Insurance Company Limited,2024-07-26 16:39:11,ICICIPRULI
25-Jul-2024 16:19:04,,https://nsearchives.nseindia.com/corporate/ICICIPRULI_25072024161904_SE_Intimation_for_Newspaper_intimation_signed.pdf,ICICI Prudential Life Insurance Company Limited has informed the Exchange about Copy of Newspaper Publication,,,Copy of Newspaper Publication,00:00:00,25072024161904,25-Jul-2024 16:19:04,-,False,,,105926000,,INE726G01019,ICICI Prudential Life Insurance Company Limited,2024-07-25 16:19:04,ICICIPRULI
24-Jul-2024 16:05:24,,https://nsearchives.nseindia.com/corporate/ICICIPRULI_24072024160524_SE_Intimation_July_24_2024.pdf,ICICI Prudential Life Insurance Company Limited has informed the Exchange regarding allotment of 16800 securities pursuant to ESOP/ESPS,,,Allotment of Securities,00:00:01,24072024160524,24-Jul-2024 16:05:25,-,False,,,105924322,,INE726G01019,ICICI Prudential Life Insurance Company Limited,2024-07-24 16:05:24,ICICIPRULI
23-Jul-2024 18:30:48,,https://nsearchives.nseindia.com/corporate/ICICIPRULI_23072024183048_SE_Earnings_presentation_intimation_July_23_2024.pdf,ICICI Prudential Life Insurance Company Limited has informed the Exchange about Investor Presentation,,,Investor Presentation,00:00:00,23072024183048,23-Jul-2024 18:30:48,-,False,,,105923250,,INE726G01019,ICICI Prudential Life Insurance Company Limited,2024-07-23 18:30:48,ICICIPRULI
23-Jul-2024 18:24:12,,https://nsearchives.nseindia.com/corporate/ICICIPRULI_23072024182412_SE_Intimation_BM_July_23_2024_Postal_ballot.pdf,ICICI Prudential Life Insurance Company Limited has informed the Exchange regarding 'Initiation of Postal Ballot Process'.,,,Updates,00:00:00,23072024182412,23-Jul-2024 18:24:12,-,False,,,105923239,,INE726G01019,ICICI Prudential Life Insurance Company Limited,2024-07-23 18:24:12,ICICIPRULI
23-Jul-2024 18:22:08,,https://nsearchives.nseindia.com/corporate/ICICIPRULI_23072024182208_Outcome_2_BM_July_23_2024_Other_submission.pdf,ICICI Prudential Life Insurance Company Limited has informed the Exchange about change in Management,,,Change in Management,00:00:02,23072024182208,23-Jul-2024 18:22:10,-,False,,,105923236,,INE726G01019,ICICI Prudential Life Insurance Company Limited,2024-07-23 18:22:08,ICICIPRULI
23-Jul-2024 18:20:17,,https://nsearchives.nseindia.com/corporate/SEBI_Results_June_2024_23072024182017.pdf,"ICICI Prudential Life Insurance Company Limited has submitted to the Exchange, the financial results for the period ended June 30, 2024.",,,Financial Result Updates,00:00:07,23072024182017,23-Jul-2024 18:20:24,-,False,,,163693,,INE726G01019,ICICI Prudential Life Insurance Company Limited,2024-07-23 18:20:17,ICICIPRULI
23-Jul-2024 18:17:22,,https://nsearchives.nseindia.com/corporate/ICICIPRULI_23072024181722_Outcome_1_BM_July_23_2024.pdf,"ICICI Prudential Life Insurance Company Limited has informed the Exchange regarding Outcome of Board Meeting held on July 23, 2024.",,,Outcome of Board Meeting,00:00:00,23072024181722,23-Jul-2024 18:17:22,-,False,,,105923227,,INE726G01019,ICICI Prudential Life Insurance Company Limited,2024-07-23 18:17:22,ICICIPRULI
22-Jul-2024 18:55:18,,https://nsearchives.nseindia.com/corporate/ICICIPRULI_22072024185518_Disclosure_order_dated_July_22_2024_RJ.pdf,"ICICI Prudential Life Insurance Company Limited has informed the Exchange regarding 'Disclosure under Regulation 30 and Regulation 51 read with Schedule III of Securities and Exchange Board of India (Listing Obligations and Disclosure Requirements) Regulations, 2015 '.",,,Updates,00:00:01,22072024185518,22-Jul-2024 18:55:19,-,False,,,105921937,,INE726G01019,ICICI Prudential Life Insurance Company Limited,2024-07-22 18:55:18,ICICIPRULI
18-Jul-2024 12:59:18,,https://nsearchives.nseindia.com/corporate/ICICIPRULI_18072024125918_SE_Intimation_July_18_2024.pdf,ICICI Prudential Life Insurance Company Limited has informed the Exchange regarding Allotment of 32320  Shares.,,,ESOP/ESOS/ESPS,00:00:00,18072024125918,18-Jul-2024 12:59:18,-,False,,,105917848,,INE726G01019,ICICI Prudential Life Insurance Company Limited,2024-07-18 12:59:18,ICICIPRULI
09-Jul-2024 13:39:54,,https://nsearchives.nseindia.com/corporate/ICICIPRULI_09072024133954_ICPL_74_5__BSE_and_NSE_June_30_2024_signed.pdf,"ICICI Prudential Life Insurance Company Limited has informed the Exchange about Certificate under SEBI (Depositories and Participants) Regulations, 2018",,,"Certificate under SEBI (Depositories and Participants) Regulations, 2018",00:00:00,09072024133954,09-Jul-2024 13:39:54,-,False,,,105908175,,INE726G01019,ICICI Prudential Life Insurance Company Limited,2024-07-09 13:39:54,ICICIPRULI
08-Jul-2024 16:49:26,,https://nsearchives.nseindia.com/corporate/ICICIPRULI_08072024164926_SE_Earnings_intimation_Q1_FY2025_signed.pdf,ICICI Prudential Life Insurance Company Limited has informed the Exchange about Schedule of meet,,,Analysts/Institutional Investor Meet/Con. Call Updates,00:00:01,08072024164926,08-Jul-2024 16:49:27,-,False,,,105907112,,INE726G01019,ICICI Prudential Life Insurance Company Limited,2024-07-08 16:49:26,ICICIPRULI
08-Jul-2024 13:05:37,,https://nsearchives.nseindia.com/corporate/ICICIPRULI_08072024130537_SE_monthly_business_presentation_June_2024.pdf,ICICI Prudential Life Insurance Company Limited has informed the Exchange about Investor Presentation,,,Investor Presentation,00:00:01,08072024130537,08-Jul-2024 13:05:38,-,False,,,105906707,,INE726G01019,ICICI Prudential Life Insurance Company Limited,2024-07-08 13:05:37,ICICIPRULI
04-Jul-2024 17:48:56,,https://nsearchives.nseindia.com/corporate/ICICIPRULI_04072024174856_Intimation_appointment_of_Additional_Independent_Director.pdf,"ICICI Prudential Life Insurance Company Limited has informed the Exchange regarding Appointment of Mr Suresh Vaswani as Non- Executive Independent Director of the company w.e.f. July 04, 2024.",,,Appointment,00:00:01,04072024174856,04-Jul-2024 17:48:57,-,False,,,105903741,,INE726G01019,ICICI Prudential Life Insurance Company Limited,2024-07-04 17:48:56,ICICIPRULI
04-Jul-2024 17:45:58,,https://nsearchives.nseindia.com/corporate/ICICIPRULI_04072024174558_Intimation_appointment_of_Additional_Independent_Director.pdf,ICICI Prudential Life Insurance Company Limited has informed the Exchange regarding Change in Director(s) of the company.,,,Change in Director(s),00:00:00,04072024174558,04-Jul-2024 17:45:58,-,False,,,105903732,,INE726G01019,ICICI Prudential Life Insurance Company Limited,2024-07-04 17:45:58,ICICIPRULI
03-Jul-2024 13:24:43,,https://nsearchives.nseindia.com/corporate/ICICIPRULI_03072024132443_SE_Intimation_July_3_2024.pdf,ICICI Prudential Life Insurance Company Limited has informed the Exchange regarding Allotment of 7300  Shares.,,,ESOP/ESOS/ESPS,00:00:01,03072024132443,03-Jul-2024 13:24:44,-,False,,,105902132,,INE726G01019,ICICI Prudential Life Insurance Company Limited,2024-07-03 13:24:43,ICICIPRULI
02-Jul-2024 13:10:34,,https://nsearchives.nseindia.com/corporate/ICICIPRULI_02072024131034_Disclosure_order_01072024.pdf,"ICICI Prudential Life Insurance Company Limited has informed the Exchange regarding 'Disclosure under Regulation 30 and Regulation 51 read with Schedule III of Securities and Exchange Board of India (Listing Obligations and Disclosure Requirements) Regulations, 2015  '.",,,Updates,00:00:00,02072024131034,02-Jul-2024 13:10:34,-,False,,,105900952,,INE726G01019,ICICI Prudential Life Insurance Company Limited,2024-07-02 13:10:34,ICICIPRULI
01-Jul-2024 18:15:26,,https://nsearchives.nseindia.com/corporate/ICICIPRULI_01072024181526_SE_intimation_signed.pdf,ICICI Prudential Life Insurance Company Limited has informed the Exchange about Shareholders meeting,,,Shareholders meeting,00:00:01,01072024181526,01-Jul-2024 18:15:27,-,False,,,105900129,,INE726G01019,ICICI Prudential Life Insurance Company Limited,2024-07-01 18:15:26,ICICIPRULI
28-Jun-2024 23:56:31,,https://nsearchives.nseindia.com/corporate/ICICIPRULI_28062024235631_Proceedings_FY2024.pdf,"ICICI Prudential Life Insurance Company Limited has informed the Exchange regarding Proceedings of Annual General Meeting held on Jun 28, 2024",,,Shareholders meeting,00:00:01,28062024235631,28-Jun-2024 23:56:32,-,False,,,105898024,,INE726G01019,ICICI Prudential Life Insurance Company Limited,2024-06-28 23:56:31,ICICIPRULI
28-Jun-2024 15:49:39,,https://nsearchives.nseindia.com/corporate/ICICIPRULI_28062024154939_Disclosure_order_dated_June_27_2024.pdf,"ICICI Prudential Life Insurance Company Limited has informed the Exchange regarding ' Disclosure Under Regulation 30 And Regulation 51 Read With Schedule III Of Securities And Exchange Board Of India (Listing Obligations And Disclosure Requirements) Regulations, 2015'.",,,Updates,00:00:00,28062024154939,28-Jun-2024 15:49:39,-,False,,,105896740,,INE726G01019,ICICI Prudential Life Insurance Company Limited,2024-06-28 15:49:39,ICICIPRULI
25-Jun-2024 16:03:55,,https://nsearchives.nseindia.com/corporate/ICICIPRULI_25062024160355_SE_intimation_for_Window_closure_signed.pdf,"ICICI Prudential Life Insurance Company Limited has informed the Exchange regarding the Trading Window closure pursuant to SEBI (Prohibition of Insider Trading) Regulations, 2015",,,Trading Window,00:00:01,25062024160355,25-Jun-2024 16:03:56,-,False,,,105890785,,INE726G01019,ICICI Prudential Life Insurance Company Limited,2024-06-25 16:03:55,ICICIPRULI
24-Jun-2024 13:35:33,,https://nsearchives.nseindia.com/corporate/ICICIPRULI_24062024133533_SE_Intimation_June_24_2024.pdf,ICICI Prudential Life Insurance Company Limited has informed the Exchange regarding Allotment of 63795  Shares.,,,ESOP/ESOS/ESPS,00:00:01,24062024133533,24-Jun-2024 13:35:34,-,False,,,105889384,,INE726G01019,ICICI Prudential Life Insurance Company Limited,2024-06-24 13:35:33,ICICIPRULI
18-Jun-2024 11:29:47,,https://nsearchives.nseindia.com/corporate/ICICIPRULI_18062024112947_SE_Intimation_June_18_2024_signed.pdf,ICICI Prudential Life Insurance Company Limited has informed the Exchange regarding Allotment of 306490  Shares.,,,ESOP/ESOS/ESPS,00:00:01,18062024112947,18-Jun-2024 11:29:48,-,False,,,105884311,,INE726G01019,ICICI Prudential Life Insurance Company Limited,2024-06-18 11:29:47,ICICIPRULI
14-Jun-2024 14:36:50,,https://nsearchives.nseindia.com/corporate/ICICIPRULI_14062024143650_SE_Investor_meet_June_14_2024_signed.pdf,ICICI Prudential Life Insurance Company Limited has informed the Exchange regarding 'Analyst/Investor Meet'.,,,Updates,00:00:02,14062024143650,14-Jun-2024 14:36:52,-,False,,,105882542,,INE726G01019,ICICI Prudential Life Insurance Company Limited,2024-06-14 14:36:50,ICICIPRULI
13-Jun-2024 13:13:45,,https://nsearchives.nseindia.com/corporate/ICICIPRULI_13062024131345_SE_Investor_meet_June_13_2024_cancellation.pdf,ICICI Prudential Life Insurance Company Limited has informed the Exchange regarding 'Cancellation of analyst/investor meet'.,,,Updates,00:00:01,13062024131345,13-Jun-2024 13:13:46,-,False,,,105881404,,INE726G01019,ICICI Prudential Life Insurance Company Limited,2024-06-13 13:13:45,ICICIPRULI
12-Jun-2024 12:13:54,,https://nsearchives.nseindia.com/corporate/ICICIPRULI_12062024121354_SE_Investor_meet_June_12_2024.pdf,ICICI Prudential Life Insurance Company Limited has informed the Exchange regarding 'Analyst/Investor Meet'.,,,Updates,00:00:01,12062024121354,12-Jun-2024 12:13:55,-,False,,,105880274,,INE726G01019,ICICI Prudential Life Insurance Company Limited,2024-06-12 12:13:54,ICICIPRULI
11-Jun-2024 22:58:43,,https://nsearchives.nseindia.com/corporate/ICICIPRULI_11062024225843_SE_Investor_meet_June_11_2024_2.pdf,ICICI Prudential Life Insurance Company Limited has informed the Exchange regarding 'Analyst/Investor Meet'.,,,Updates,00:00:01,11062024225843,11-Jun-2024 22:58:44,-,False,,,105879904,,INE726G01019,ICICI Prudential Life Insurance Company Limited,2024-06-11 22:58:43,ICICIPRULI
11-Jun-2024 12:43:45,,https://nsearchives.nseindia.com/corporate/ICICIPRULI_11062024124345_SE_Investor_meet_June_11_2024.pdf,ICICI Prudential Life Insurance Company Limited has informed the Exchange regarding 'Analyst/Investor Meet'.,,,Updates,00:00:01,11062024124345,11-Jun-2024 12:43:46,-,False,,,105879237,,INE726G01019,ICICI Prudential Life Insurance Company Limited,2024-06-11 12:43:45,ICICIPRULI
10-Jun-2024 22:44:56,,https://nsearchives.nseindia.com/corporate/ICICIPRULI_10062024224456_SE_Investor_meet_June_10_2024_signed.pdf,ICICI Prudential Life Insurance Company Limited has informed the Exchange regarding 'Analyst/Investor Meet'.,,,Updates,00:00:00,10062024224456,10-Jun-2024 22:44:56,-,False,,,105878757,,INE726G01019,ICICI Prudential Life Insurance Company Limited,2024-06-10 22:44:56,ICICIPRULI
10-Jun-2024 14:25:34,,https://nsearchives.nseindia.com/corporate/ICICIPRULI_10062024142534_SE_Intimation_June_10_2024.pdf,ICICI Prudential Life Insurance Company Limited has informed the Exchange regarding Allotment of 75940  Shares.,,,ESOP/ESOS/ESPS,00:00:01,10062024142534,10-Jun-2024 14:25:35,-,False,,,105878262,,INE726G01019,ICICI Prudential Life Insurance Company Limited,2024-06-10 14:25:34,ICICIPRULI
10-Jun-2024 13:39:31,,https://nsearchives.nseindia.com/corporate/ICICIPRULI_10062024133931_SE_monthly_business_presentation_May_2024_signed.pdf,ICICI Prudential Life Insurance Company Limited has informed the Exchange about Investor Presentation,,,Investor Presentation,00:00:01,10062024133931,10-Jun-2024 13:39:32,-,False,,,105878224,,INE726G01019,ICICI Prudential Life Insurance Company Limited,2024-06-10 13:39:31,ICICIPRULI
05-Jun-2024 10:41:04,,https://nsearchives.nseindia.com/corporate/ICICIPRULI_05062024104104_SE_Intimation_Newspaper_publication_signed.pdf,ICICI Prudential Life Insurance Company Limited has informed the Exchange about Copy of Newspaper Publication,,,Copy of Newspaper Publication,00:00:00,05062024104104,05-Jun-2024 10:41:04,-,False,,,105874295,,INE726G01019,ICICI Prudential Life Insurance Company Limited,2024-06-05 10:41:04,ICICIPRULI
04-Jun-2024 20:22:31,,https://nsearchives.nseindia.com/corporate/ICICIPRULI_04062024202231_SE_Intimation_Annual_Report_Cover_Letter_June_4_2024.pdf,ICICI Prudential Life Insurance Company Limited has informed the Exchange regarding 'Business Responsibility and Sustainability Reporting (BRSR) for FY2024'.,,,Updates,00:00:00,04062024202231,04-Jun-2024 20:22:31,-,False,,,105873955,,INE726G01019,ICICI Prudential Life Insurance Company Limited,2024-06-04 20:22:31,ICICIPRULI
04-Jun-2024 20:18:48,,https://nsearchives.nseindia.com/corporate/ICICIPRULI_04062024201848_SE_Intimation_Annual_Report_Cover_Letter_June_4_2024.pdf,ICICI Prudential Life Insurance Company Limited has informed the Exchange about Shareholders meeting,,,Shareholders meeting,00:00:01,04062024201848,04-Jun-2024 20:18:49,-,False,,,105873954,,INE726G01019,ICICI Prudential Life Insurance Company Limited,2024-06-04 20:18:48,ICICIPRULI
04-Jun-2024 19:03:54,,https://nsearchives.nseindia.com/corporate/ICICIPRULI_04062024190354_SE_Investor_meet_June_4_2024.pdf,ICICI Prudential Life Insurance Company Limited has informed the Exchange regarding 'Analyst/Investor Meet'.,,,Updates,00:00:01,04062024190354,04-Jun-2024 19:03:55,-,False,,,105873895,,INE726G01019,ICICI Prudential Life Insurance Company Limited,2024-06-04 19:03:54,ICICIPRULI
04-Jun-2024 17:55:42,,https://nsearchives.nseindia.com/corporate/ICICIPRULI_04062024175542_SE_Investor_meet_June_4_2024_Intimation_4.pdf,ICICI Prudential Life Insurance Company Limited has informed the Exchange about Schedule of meet,,,Analysts/Institutional Investor Meet/Con. Call Updates,00:00:01,04062024175542,04-Jun-2024 17:55:43,-,False,,,105873802,,INE726G01019,ICICI Prudential Life Insurance Company Limited,2024-06-04 17:55:42,ICICIPRULI
04-Jun-2024 17:53:21,,https://nsearchives.nseindia.com/corporate/ICICIPRULI_04062024175321_SE_Investor_meet_June_4_2024_Intimation_3.pdf,ICICI Prudential Life Insurance Company Limited has informed the Exchange about Schedule of meet,,,Analysts/Institutional Investor Meet/Con. Call Updates,00:00:01,04062024175321,04-Jun-2024 17:53:22,-,False,,,105873797,,INE726G01019,ICICI Prudential Life Insurance Company Limited,2024-06-04 17:53:21,ICICIPRULI
04-Jun-2024 17:50:03,,https://nsearchives.nseindia.com/corporate/ICICIPRULI_04062024175003_SE_Investor_meet_June_4_2024_Intimation_2.pdf,ICICI Prudential Life Insurance Company Limited has informed the Exchange about Schedule of meet,,,Analysts/Institutional Investor Meet/Con. Call Updates,00:00:00,04062024175003,04-Jun-2024 17:50:03,-,False,,,105873777,,INE726G01019,ICICI Prudential Life Insurance Company Limited,2024-06-04 17:50:03,ICICIPRULI
04-Jun-2024 17:46:45,,https://nsearchives.nseindia.com/corporate/ICICIPRULI_04062024174645_SE_Investor_meet_June_4_2024_Intimation_1.pdf,ICICI Prudential Life Insurance Company Limited has informed the Exchange about Schedule of meet,,,Analysts/Institutional Investor Meet/Con. Call Updates,00:00:01,04062024174645,04-Jun-2024 17:46:46,-,False,,,105873774,,INE726G01019,ICICI Prudential Life Insurance Company Limited,2024-06-04 17:46:45,ICICIPRULI
03-Jun-2024 14:53:52,,https://nsearchives.nseindia.com/corporate/ICICIPRULI_03062024145352_SE_Intimation_June_3_2024.pdf,ICICI Prudential Life Insurance Company Limited has informed the Exchange regarding Allotment of 7860  Shares.,,,ESOP/ESOS/ESPS,00:00:01,03062024145352,03-Jun-2024 14:53:53,-,False,,,105872461,,INE726G01019,ICICI Prudential Life Insurance Company Limited,2024-06-03 14:53:52,ICICIPRULI
01-Jun-2024 16:27:33,,https://nsearchives.nseindia.com/corporate/ICICIPRULI_01062024162733_SE_Intimation_for_TDS_for_FY2024.pdf,"ICICI Prudential Life Insurance Company Limited has informed the Exchange regarding 'Intimation under regulation 30 of SEBI (Listing Obligations and DisclosureRequirements) Regulations, 2015'.",,,Updates,00:00:01,01062024162733,01-Jun-2024 16:27:34,-,False,,,105871771,,INE726G01019,ICICI Prudential Life Insurance Company Limited,2024-06-01 16:27:33,ICICIPRULI
31-May-2024 20:26:21,,https://nsearchives.nseindia.com/corporate/ICICIPRULI_31052024202621_SE_Investor_meet_May_31_2024.pdf,ICICI Prudential Life Insurance Company Limited has informed the Exchange regarding 'Analyst/Investor Meet'.,,,Updates,00:00:00,31052024202621,31-May-2024 20:26:21,-,False,,,105871258,,INE726G01019,ICICI Prudential Life Insurance Company Limited,2024-05-31 20:26:21,ICICIPRULI
31-May-2024 11:43:00,,https://nsearchives.nseindia.com/corporate/ICICIPRULI_31052024114300_Record_Date_Intimation_SE.pdf,"ICICI Prudential Life Insurance Company Limited has informed the Exchange regarding 'Intimation under regulation 42 of SEBI (Listing Obligation DisclosureRequirements) regulations, 2015'.",,,Updates,00:00:01,31052024114300,31-May-2024 11:43:01,-,False,,,105870362,,INE726G01019,ICICI Prudential Life Insurance Company Limited,2024-05-31 11:43:00,ICICIPRULI
31-May-2024 11:32:40,,https://nsearchives.nseindia.com/corporate/ICICIPRULI_31052024113240_Record_Date_Intimation_SE.pdf,ICICI Prudential Life Insurance Company Limited has informed the Exchange that Register of Members & Share Transfer Books of the Company will remain closed from 14-Jun-2024 to 28-Jun-2024 for the purpose of Dividend.,,,Book Closure,00:00:00,31052024113240,31-May-2024 11:32:40,-,False,,,105870348,,INE726G01019,ICICI Prudential Life Insurance Company Limited,2024-05-31 11:32:40,ICICIPRULI
30-May-2024 20:53:37,,https://nsearchives.nseindia.com/corporate/ICICIPRULI_30052024205337_SE_Intimation_May_30_IRDAI_approval_Chairman.pdf,"ICICI Prudential Life Insurance Company Limited has informed the Exchange regarding 'Receipt of regulatory approval for re-designation and appointment of Mr. Sandeep Batra, Non-executive Director of the Company, as Chairman of the Board of Directors'.",,,Updates,00:00:01,30052024205337,30-May-2024 20:53:38,-,False,,,105869602,,INE726G01019,ICICI Prudential Life Insurance Company Limited,2024-05-30 20:53:37,ICICIPRULI
30-May-2024 19:24:12,,https://nsearchives.nseindia.com/corporate/ICICIPRULI_30052024192412_SE_Intimation_May_30_Change_in_Tenure_of_Auditor.pdf,ICICI Prudential Life Insurance Company Limited has informed the Exchange regarding 'Change in the tenure of appointment of joint statutory auditor'.,,,Updates,00:00:01,30052024192412,30-May-2024 19:24:13,-,False,,,105869372,,INE726G01019,ICICI Prudential Life Insurance Company Limited,2024-05-30 19:24:12,ICICIPRULI
30-May-2024 11:53:52,,https://nsearchives.nseindia.com/corporate/ICICIPRULI_30052024115352_SE_Intimation_Pre_Newspaper_publication_30052024.pdf,ICICI Prudential Life Insurance Company Limited has informed the Exchange about Copy of Newspaper Publication,,,Copy of Newspaper Publication,00:00:01,30052024115352,30-May-2024 11:53:53,-,False,,,105868147,,INE726G01019,ICICI Prudential Life Insurance Company Limited,2024-05-30 11:53:52,ICICIPRULI
27-May-2024 19:17:44,,https://nsearchives.nseindia.com/corporate/ICICIPRULI_27052024191744_SE_Investor_meet_May_27_2024_Intimation_2.pdf,ICICI Prudential Life Insurance Company Limited has informed the Exchange about Schedule of meet,,,Analysts/Institutional Investor Meet/Con. Call Updates,00:00:00,27052024191744,27-May-2024 19:17:44,-,False,,,105863283,,INE726G01019,ICICI Prudential Life Insurance Company Limited,2024-05-27 19:17:44,ICICIPRULI
27-May-2024 19:14:38,,https://nsearchives.nseindia.com/corporate/ICICIPRULI_27052024191438_SE_Investor_meet_May_27_2024_Intimation_1.pdf,ICICI Prudential Life Insurance Company Limited has informed the Exchange about Schedule of meet,,,Analysts/Institutional Investor Meet/Con. Call Updates,00:00:01,27052024191438,27-May-2024 19:14:39,-,False,,,105863271,,INE726G01019,ICICI Prudential Life Insurance Company Limited,2024-05-27 19:14:38,ICICIPRULI
24-May-2024 18:37:10,,https://nsearchives.nseindia.com/corporate/ICICIPRULI_24052024183710_SE_Investor_meet_May_24_2024_1.pdf,ICICI Prudential Life Insurance Company Limited has informed the Exchange regarding 'Announcement under Regulation 30 (LODR) - Updates'.,,,Updates,00:00:01,24052024183710,24-May-2024 18:37:11,-,False,,,105860796,,INE726G01019,ICICI Prudential Life Insurance Company Limited,2024-05-24 18:37:10,ICICIPRULI
24-May-2024 16:19:57,,https://nsearchives.nseindia.com/corporate/ICICIPRULI_24052024161957_SE_Investor_meet_May_24_2024.pdf,ICICI Prudential Life Insurance Company Limited has informed the Exchange regarding 'Analyst/Investor Meet'.,,,Updates,00:00:01,24052024161957,24-May-2024 16:19:58,-,False,,,105860378,,INE726G01019,ICICI Prudential Life Insurance Company Limited,2024-05-24 16:19:57,ICICIPRULI
24-May-2024 12:12:17,,https://nsearchives.nseindia.com/corporate/ICICIPRULI_24052024121217_SE_Intimation_May_24_2024.pdf,ICICI Prudential Life Insurance Company Limited has informed the Exchange regarding Allotment of 101240  Shares.,,,ESOP/ESOS/ESPS,00:00:01,24052024121217,24-May-2024 12:12:18,-,False,,,105859877,,INE726G01019,ICICI Prudential Life Insurance Company Limited,2024-05-24 12:12:17,ICICIPRULI
23-May-2024 18:34:16,,https://nsearchives.nseindia.com/corporate/ICICIPRULI_23052024183416_SE_Investor_meet_May_23_2024.pdf,ICICI Prudential Life Insurance Company Limited has informed the Exchange regarding 'Analyst/Investor Meet'.,,,Updates,00:00:00,23052024183416,23-May-2024 18:34:16,-,False,,,105859055,,INE726G01019,ICICI Prudential Life Insurance Company Limited,2024-05-23 18:34:16,ICICIPRULI
21-May-2024 13:02:05,,https://nsearchives.nseindia.com/corporate/ICICIPRULI_21052024130205_ICICIPRULI.pdf,"Prudential Corporation Holdings Limited has Submitted to the Exchange a copy of Disclosure under Regulation 31(4) of the Securities and Exchange Board of India (Substantial Acquisition of Shares and Takeovers) Regulations, 2011.",,,Disclosure under SEBI Takeover Regulations,00:00:00,21052024130205,21-May-2024 13:02:05,-,False,,,105841465,,INE726G01019,ICICI Prudential Life Insurance Company Limited,2024-05-21 13:02:05,ICICIPRULI
17-May-2024 14:09:10,,https://nsearchives.nseindia.com/corporate/ICICIPRULI_17052024140910_SE_Investor_meet_May_17_2024_Intimation.pdf,ICICI Prudential Life Insurance Company Limited has informed the Exchange about Schedule of meet,,,Analysts/Institutional Investor Meet/Con. Call Updates,00:00:04,17052024140910,17-May-2024 14:09:14,-,False,,,105850773,,INE726G01019,ICICI Prudential Life Insurance Company Limited,2024-05-17 14:09:10,ICICIPRULI
17-May-2024 12:12:06,,https://nsearchives.nseindia.com/corporate/ICICIPRULI_17052024121206_SE_Intimation_May_17_2024.pdf,ICICI Prudential Life Insurance Company Limited has informed the Exchange regarding Allotment of 35360  Shares.,,,ESOP/ESOS/ESPS,00:00:06,17052024121206,17-May-2024 12:12:12,-,False,,,105850583,,INE726G01019,ICICI Prudential Life Insurance Company Limited,2024-05-17 12:12:06,ICICIPRULI
15-May-2024 19:17:38,,https://nsearchives.nseindia.com/corporate/ICICIPRULI_15052024191738_SE_Intimation_IEPF_signed.pdf,ICICI Prudential Life Insurance Company Limited has informed the Exchange regarding 'Intimation of Notice sent to shareholders for transfer of shares to Investor Education and Protection Fund (IEPF)'.,,,Updates,00:00:04,15052024191738,15-May-2024 19:17:42,-,False,,,105847978,,INE726G01019,ICICI Prudential Life Insurance Company Limited,2024-05-15 19:17:38,ICICIPRULI
15-May-2024 12:23:04,,https://nsearchives.nseindia.com/corporate/ICICIPRULI_15052024122304_Stock_Exchange_intimation_for_AGM.pdf,ICICI Prudential Life Insurance Company Limited has informed the Exchange regarding 'Intimation of the date of Annual General Meeting'.,,,Updates,00:00:04,15052024122304,15-May-2024 12:23:08,-,False,,,105846991,,INE726G01019,ICICI Prudential Life Insurance Company Limited,2024-05-15 12:23:04,ICICIPRULI
14-May-2024 11:46:29,,https://nsearchives.nseindia.com/corporate/ICICIPRULI_14052024114629_SE_Intimation_IEPF_Newspaper_signed.pdf,Intimation of Notice advertised in media for transfer of shares to InvestorEducation and Protection Fund (IEPF),,,Copy of Newspaper Publication,00:00:06,14052024114629,14-May-2024 11:46:35,-,False,,,105844894,,INE726G01019,ICICI Prudential Life Insurance Company Limited,2024-05-14 11:46:29,ICICIPRULI
10-May-2024 15:38:27,,https://nsearchives.nseindia.com/corporate/ICICIPRULI_10052024153827_SE_Intimation_May_10_2024.pdf,ICICI Prudential Life Insurance Company Limited has informed the Exchange regarding Allotment of 444190  Shares.,,,ESOP/ESOS/ESPS,00:00:04,10052024153827,10-May-2024 15:38:31,-,False,,,105841775,,INE726G01019,ICICI Prudential Life Insurance Company Limited,2024-05-10 15:38:27,ICICIPRULI
09-May-2024 13:26:14,,https://nsearchives.nseindia.com/corporate/ICICIPRULI_09052024132614_SE_monthly_business_presentation_April_2024.pdf,ICICI Prudential Life Insurance Company Limited has informed the Exchange about Investor Presentation,,,Investor Presentation,00:00:05,09052024132614,09-May-2024 13:26:19,-,False,,,105839893,,INE726G01019,ICICI Prudential Life Insurance Company Limited,2024-05-09 13:26:14,ICICIPRULI
07-May-2024 19:43:44,,https://nsearchives.nseindia.com/corporate/ICICIPRULI_07052024194344_SE_Investor_meet_May_7_2024.pdf,ICICI Prudential Life Insurance Company Limited has informed the Exchange regarding 'Analyst/Investor Meet'.,,,Updates,00:00:05,07052024194344,07-May-2024 19:43:49,-,False,,,105837480,,INE726G01019,ICICI Prudential Life Insurance Company Limited,2024-05-07 19:43:44,ICICIPRULI
03-May-2024 13:43:39,,https://nsearchives.nseindia.com/corporate/ICICIPRULI_03052024134339_SE_Intimation_May_3_2024_signed.pdf,ICICI Prudential Life Insurance Company Limited has informed the Exchange regarding Allotment of 57560  Shares.,,,ESOP/ESOS/ESPS,00:00:04,03052024134339,03-May-2024 13:43:43,-,False,,,105833271,,INE726G01019,ICICI Prudential Life Insurance Company Limited,2024-05-03 13:43:39,ICICIPRULI
30-Apr-2024 15:49:16,,https://nsearchives.nseindia.com/corporate/ICICIPRULI_30042024154916_Disclosure_order_dated_April_30_2024_5.pdf,"ICICI Prudential Life Insurance Company Limited has informed the Exchange regarding 'Disclosure under Regulation 30 and Regulation 51 read with Schedule III of Securities and Exchange Board of India (Listing Obligations and Disclosure Requirements) Regulations, 2015  '.",,,Updates,00:00:12,30042024154916,30-Apr-2024 15:49:28,-,False,,,105829673,,INE726G01019,ICICI Prudential Life Insurance Company Limited,2024-04-30 15:49:16,ICICIPRULI
30-Apr-2024 15:48:02,,https://nsearchives.nseindia.com/corporate/ICICIPRULI_30042024154803_Disclosure_order_dated_April_30_2024_4.pdf,"ICICI Prudential Life Insurance Company Limited has informed the Exchange regarding 'Disclosure under Regulation 30 and Regulation 51 read with Schedule III of Securities and Exchange Board of India (Listing Obligations and Disclosure Requirements) Regulations, 2015  '.",,,Updates,00:00:07,30042024154802,30-Apr-2024 15:48:09,-,False,,,105829670,,INE726G01019,ICICI Prudential Life Insurance Company Limited,2024-04-30 15:48:02,ICICIPRULI
30-Apr-2024 15:33:48,,https://nsearchives.nseindia.com/corporate/ICICIPRULI_30042024153348_SEIntimationforearningscalltranscript.pdf,ICICI Prudential Life Insurance Company Limited has informed the Exchange about Transcript,,,Analysts/Institutional Investor Meet/Con. Call Updates,00:00:04,30042024153348,30-Apr-2024 15:33:52,-,False,,,105829650,,INE726G01019,ICICI Prudential Life Insurance Company Limited,2024-04-30 15:33:48,ICICIPRULI
30-Apr-2024 12:45:52,,https://nsearchives.nseindia.com/corporate/ICICIPRULI_30042024124552_Disclosure_order_dated_April_29_2024_3.pdf,"ICICI Prudential Life Insurance Company Limited has informed the Exchange regarding 'Disclosure Under Regulation 30 And Regulation 51 Read With Schedule III Of Securities And Exchange Board Of India (Listing Obligations And Disclosure Requirements) Regulations, 2015'.",,,Updates,00:00:06,30042024124552,30-Apr-2024 12:45:58,-,False,,,105829441,,INE726G01019,ICICI Prudential Life Insurance Company Limited,2024-04-30 12:45:52,ICICIPRULI
30-Apr-2024 12:42:29,,https://nsearchives.nseindia.com/corporate/ICICIPRULI_30042024124229_Disclosure_order_dated_April_24_2024_2.pdf,"ICICI Prudential Life Insurance Company Limited has informed the Exchange regarding 'Disclosure Under Regulation 30 And Regulation 51 Read With Schedule III Of Securities And Exchange Board Of India (Listing Obligations And Disclosure Requirements) Regulations, 2015'.",,,Updates,00:00:04,30042024124229,30-Apr-2024 12:42:33,-,False,,,105829433,,INE726G01019,ICICI Prudential Life Insurance Company Limited,2024-04-30 12:42:29,ICICIPRULI
30-Apr-2024 12:39:09,,https://nsearchives.nseindia.com/corporate/ICICIPRULI_30042024123909_Disclosure_order_dated_April_29_2024_1.pdf,"ICICI Prudential Life Insurance Company Limited has informed the Exchange regarding 'Disclosure Under Regulation 30 And Regulation 51 Read With Schedule III Of Securities And Exchange Board Of India (Listing Obligations And Disclosure Requirements) Regulations, 2015'.",,,Updates,00:00:12,30042024123909,30-Apr-2024 12:39:21,-,False,,,105829424,,INE726G01019,ICICI Prudential Life Insurance Company Limited,2024-04-30 12:39:09,ICICIPRULI
29-Apr-2024 18:52:25,,https://nsearchives.nseindia.com/corporate/ICICIPRULI_29042024185226_Disclosure_order_dated_April_29_2024_RJ_3.pdf,"ICICI Prudential Life Insurance Company Limited has informed the Exchange regarding 'Disclosure Under Regulation 30 And Regulation 51 Read With Schedule III Of Securities And Exchange Board Of India (Listing Obligations And Disclosure Requirements) Regulations, 2015'.",,,Updates,00:00:06,29042024185225,29-Apr-2024 18:52:31,-,False,,,105828593,,INE726G01019,ICICI Prudential Life Insurance Company Limited,2024-04-29 18:52:25,ICICIPRULI
29-Apr-2024 18:48:36,,https://nsearchives.nseindia.com/corporate/ICICIPRULI_29042024184836_Disclosure_order_dated_April_29_2024_2.pdf,"ICICI Prudential Life Insurance Company Limited has informed the Exchange regarding 'Disclosure Under Regulation 30 And Regulation 51 Read With Schedule III Of Securities And Exchange Board Of India (Listing Obligations And Disclosure Requirements) Regulations, 2015'.",,,Updates,00:00:11,29042024184836,29-Apr-2024 18:48:47,-,False,,,105828587,,INE726G01019,ICICI Prudential Life Insurance Company Limited,2024-04-29 18:48:36,ICICIPRULI
29-Apr-2024 18:44:49,,https://nsearchives.nseindia.com/corporate/ICICIPRULI_29042024184450_Disclosure_order_dated_April_29_2024_1.pdf,"ICICI Prudential Life Insurance Company Limited has informed the Exchange regarding 'Disclosure Under Regulation 30 And Regulation 51 Read With Schedule III Of Securities And Exchange Board Of India (Listing Obligations And Disclosure Requirements) Regulations, 2015'.",,,Updates,00:00:23,29042024184449,29-Apr-2024 18:45:12,-,False,,,105828575,,INE726G01019,ICICI Prudential Life Insurance Company Limited,2024-04-29 18:44:49,ICICIPRULI
26-Apr-2024 19:18:06,,https://nsearchives.nseindia.com/corporate/ICICIPRULI_26042024191806_Disclosure_order_dated_April_26_2024.pdf,"ICICI Prudential Life Insurance Company Limited has informed the Exchange regarding 'Disclosure Under Regulation 30 And Regulation 51 Read With Schedule III Of Securities And Exchange Board Of India (Listing Obligations And Disclosure Requirements) Regulations, 2015'.",,,Updates,00:00:08,26042024191806,26-Apr-2024 19:18:14,-,False,,,105826834,,INE726G01019,ICICI Prudential Life Insurance Company Limited,2024-04-26 19:18:06,ICICIPRULI
26-Apr-2024 14:34:14,,https://nsearchives.nseindia.com/corporate/ICICIPRULI_26042024143414_Disclosure_order_dated_April_25_2024.pdf,"ICICI Prudential Life Insurance Company Limited has informed the Exchange regarding 'Disclosure Under Regulation 30 And Regulation 51 Read With Schedule III Of Securities And Exchange Board Of India (Listing Obligations And Disclosure Requirements) Regulations, 2015'.",,,Updates,00:00:06,26042024143414,26-Apr-2024 14:34:20,-,False,,,105826345,,INE726G01019,ICICI Prudential Life Insurance Company Limited,2024-04-26 14:34:14,ICICIPRULI
25-Apr-2024 15:55:49,,https://nsearchives.nseindia.com/corporate/ICICIPRULI_25042024155549_SE_intimation_Newspaper_advertisement.pdf,ICICI Prudential Life Insurance Company Limited has informed the Exchange about Copy of Newspaper Publication,,,Copy of Newspaper Publication,00:00:04,25042024155549,25-Apr-2024 15:55:53,-,False,,,105825018,,INE726G01019,ICICI Prudential Life Insurance Company Limited,2024-04-25 15:55:49,ICICIPRULI
24-Apr-2024 20:09:22,,https://nsearchives.nseindia.com/corporate/ICICIPRULI_24042024200922_SE_Intimation_April_24_2024.pdf,ICICI Prudential Life Insurance Company Limited has informed the Exchange regarding Allotment of 59825  Shares.,,,ESOP/ESOS/ESPS,00:00:06,24042024200922,24-Apr-2024 20:09:28,-,False,,,105824117,,INE726G01019,ICICI Prudential Life Insurance Company Limited,2024-04-24 20:09:22,ICICIPRULI
23-Apr-2024 18:22:19,,https://nsearchives.nseindia.com/corporate/ICICIPRULI_23042024182219_SE_Earnings_presentation_intimation_April_23_2024_signed.pdf,ICICI Prudential Life Insurance Company Limited has informed the Exchange about Investor Presentation,,,Investor Presentation,00:00:07,23042024182219,23-Apr-2024 18:22:26,-,False,,,105822779,,INE726G01019,ICICI Prudential Life Insurance Company Limited,2024-04-23 18:22:19,ICICIPRULI
23-Apr-2024 18:20:00,,https://nsearchives.nseindia.com/corporate/ICICIPRULI_23042024182000_Intimation_Reg_30_5_April_2024_ContactdetailsofKMP.pdf,ICICI Prudential Life Insurance Company Limited has informed the Exchange regarding 'Intimation under Reg 30(5) of SEBI (LODR)'.,,,Updates,00:00:07,23042024182000,23-Apr-2024 18:20:07,-,False,,,105822776,,INE726G01019,ICICI Prudential Life Insurance Company Limited,2024-04-23 18:20:00,ICICIPRULI
23-Apr-2024 18:18:06,,https://nsearchives.nseindia.com/corporate/ICICIPRULI_23042024181806_Outcome_3_BM_April_23_2024_KMP_Signed.pdf,"ICICI Prudential Life Insurance Company Limited has informed the Exchange regarding Resignation of Ms Sonali Chandak as Company Secretary & Compliance Officer of the company w.e.f. May 21, 2024.",,,Resignation,00:00:06,23042024181806,23-Apr-2024 18:18:12,-,False,,,105822774,,INE726G01019,ICICI Prudential Life Insurance Company Limited,2024-04-23 18:18:06,ICICIPRULI
23-Apr-2024 18:16:42,,https://nsearchives.nseindia.com/corporate/ICICIPRULI_23042024181642_Outcome_3_BM_April_23_2024_KMP_Signed.pdf,"ICICI Prudential Life Insurance Company Limited has informed the Exchange regarding Appointment of Ms Priya Nair as Company Secretary & Compliance Officer of the company w.e.f. May 21, 2024.",,,Appointment,00:00:16,23042024181642,23-Apr-2024 18:16:58,-,False,,,105822773,,INE726G01019,ICICI Prudential Life Insurance Company Limited,2024-04-23 18:16:42,ICICIPRULI
23-Apr-2024 18:15:00,,https://nsearchives.nseindia.com/corporate/ICICIPRULI_23042024181500_Outcome_2_BM_April_23_2024_Other_submission_signed.pdf,ICICI Prudential Life Insurance Company Limited has informed the Exchange about change in Management,,,Change in Management,00:00:06,23042024181500,23-Apr-2024 18:15:06,-,False,,,105822769,,INE726G01019,ICICI Prudential Life Insurance Company Limited,2024-04-23 18:15:00,ICICIPRULI
23-Apr-2024 18:13:55,,https://nsearchives.nseindia.com/corporate/ICICIPRULI_23042024181355_Outcome_2_BM_April_23_2024_Other_submission_signed.pdf,ICICI Prudential Life Insurance Company Limited has informed the Exchange regarding 'Grant of Employee Stock Units to eligible employee(s)'.,,,Updates,00:00:12,23042024181355,23-Apr-2024 18:14:07,-,False,,,105822767,,INE726G01019,ICICI Prudential Life Insurance Company Limited,2024-04-23 18:13:55,ICICIPRULI
23-Apr-2024 18:12:37,,https://nsearchives.nseindia.com/corporate/ICICIPRULI_23042024181237_Outcome_2_BM_April_23_2024_Other_submission_signed.pdf,ICICI Prudential Life Insurance Company Limited has informed the Exchange regarding 'Grant of Employee Stock Options to eligible employee(s)'.,,,Updates,00:00:07,23042024181237,23-Apr-2024 18:12:44,-,False,,,105822761,,INE726G01019,ICICI Prudential Life Insurance Company Limited,2024-04-23 18:12:37,ICICIPRULI
23-Apr-2024 18:10:37,,https://nsearchives.nseindia.com/corporate/ICICIPRULI_23042024181037_Outcome_2_BM_April_23_2024_Other_submission_signed.pdf,ICICI Prudential Life Insurance Company Limited has informed the Exchange regarding Change in Auditors of the company.,,,Change in Auditors,00:00:13,23042024181037,23-Apr-2024 18:10:50,-,False,,,105822741,,INE726G01019,ICICI Prudential Life Insurance Company Limited,2024-04-23 18:10:37,ICICIPRULI
23-Apr-2024 18:08:55,,https://nsearchives.nseindia.com/corporate/ICICIPRULI_23042024180855_Outcome_BM_April_23_2024_signed.pdf,"ICICI Prudential Life Insurance Company Limited has informed the Exchange that Board of Directors at its meeting held on April 23, 2024, recommended Final Dividend of Rs. 0.60 per equity share.",,,Dividend,00:00:07,23042024180855,23-Apr-2024 18:09:02,-,False,,,105822735,,INE726G01019,ICICI Prudential Life Insurance Company Limited,2024-04-23 18:08:55,ICICIPRULI
23-Apr-2024 18:06:18,,https://nsearchives.nseindia.com/corporate/SEBIResultsMarch2024_V1_23042024180618.pdf,"ICICI Prudential Life Insurance Company Limited has submitted to the Exchange, the financial results for the period ended March 31, 2024.",,,Financial Result Updates,00:00:07,23042024180618,23-Apr-2024 18:06:25,-,False,,,161089,,INE726G01019,ICICI Prudential Life Insurance Company Limited,2024-04-23 18:06:18,ICICIPRULI
23-Apr-2024 18:01:46,,https://nsearchives.nseindia.com/corporate/ICICIPRULI_23042024180146_Outcome_BM_April_23_2024_signed.pdf,"ICICI Prudential Life Insurance Company Limited has informed the Exchange regarding Outcome of Board Meeting held on April 23, 2024.",,,Outcome of Board Meeting,00:00:08,23042024180146,23-Apr-2024 18:01:54,-,False,,,105822723,,INE726G01019,ICICI Prudential Life Insurance Company Limited,2024-04-23 18:01:46,ICICIPRULI
22-Apr-2024 16:43:48,,https://nsearchives.nseindia.com/corporate/ICICIPRULI_22042024164348_SE_Intimation.pdf,"ICICI Prudential Life Insurance Company Limited has submitted the Exchange a copy Srutinizers report of  Postal Ballot. Further, the company has informed the Exchange regarding voting results.",,,Shareholders meeting,00:00:07,22042024164348,22-Apr-2024 16:43:55,-,False,,,105821402,,INE726G01019,ICICI Prudential Life Insurance Company Limited,2024-04-22 16:43:48,ICICIPRULI
18-Apr-2024 23:35:26,,https://nsearchives.nseindia.com/corporate/ICICIPRULI_18042024233526_SE_monthly_business_presentation_March_2024.pdf,ICICI Prudential Life Insurance Company Limited has informed the Exchange about Investor Presentation,,,Investor Presentation,00:00:07,18042024233526,18-Apr-2024 23:35:33,-,False,,,105819100,,INE726G01019,ICICI Prudential Life Insurance Company Limited,2024-04-18 23:35:26,ICICIPRULI
17-Apr-2024 11:44:44,,https://nsearchives.nseindia.com/corporate/ICICIPRULI_17042024114444_SE_Intimation_April_17_2024.pdf,ICICI Prudential Life Insurance Company Limited has informed the Exchange regarding Allotment of 11330  Shares.,,,ESOP/ESOS/ESPS,00:00:14,17042024114444,17-Apr-2024 11:44:58,-,False,,,105817422,,INE726G01019,ICICI Prudential Life Insurance Company Limited,2024-04-17 11:44:44,ICICIPRULI
12-Apr-2024 17:46:38,,https://nsearchives.nseindia.com/corporate/ICICIPRULI_12042024174639_ICPL_74_5__BSE_and_NSE_March_31_2024.pdf,"ICICI Prudential Life Insurance Company Limited has informed the Exchange about Certificate under SEBI (Depositories and Participants) Regulations, 2018",,,"Certificate under SEBI (Depositories and Participants) Regulations, 2018",00:00:13,12042024174638,12-Apr-2024 17:46:51,-,False,,,105814127,,INE726G01019,ICICI Prudential Life Insurance Company Limited,2024-04-12 17:46:38,ICICIPRULI
10-Apr-2024 13:28:47,,https://nsearchives.nseindia.com/corporate/ICICIPRULI_10042024132847_SE_Intimation_April_10_2024.pdf,ICICI Prudential Life Insurance Company Limited has informed the Exchange regarding Allotment of 37720  Shares.,,,ESOP/ESOS/ESPS,00:00:05,10042024132847,10-Apr-2024 13:28:52,-,False,,,105811811,,INE726G01019,ICICI Prudential Life Insurance Company Limited,2024-04-10 13:28:47,ICICIPRULI
09-Apr-2024 18:55:08,,https://nsearchives.nseindia.com/corporate/ICICIPRULI_09042024185508_SE_Earnings_intimation_March_2024.pdf,ICICI Prudential Life Insurance Company Limited has informed the Exchange about Schedule of meet,,,Analysts/Institutional Investor Meet/Con. Call Updates,00:00:06,09042024185508,09-Apr-2024 18:55:14,-,False,,,105811155,,INE726G01019,ICICI Prudential Life Insurance Company Limited,2024-04-09 18:55:08,ICICIPRULI
09-Apr-2024 18:32:08,,https://nsearchives.nseindia.com/corporate/ICICIPRULI_09042024183209_Draft_disclosure_order_dated_April_9_2024.pdf,"ICICI Prudential Life Insurance Company Limited has informed the Exchange regarding 'Disclosure under Regulation 30 and Regulation 51 read with Schedule III of Securities and Exchange Board of India (Listing Obligations and Disclosure Requirements) Regulations, 2015'.",,,Updates,00:00:19,09042024183208,09-Apr-2024 18:32:27,-,False,,,105811126,,INE726G01019,ICICI Prudential Life Insurance Company Limited,2024-04-09 18:32:08,ICICIPRULI
07-Apr-2024 11:51:18,,https://nsearchives.nseindia.com/corporate/ICICIPRULI_07042024115118_Draft_disclosure_order_6_4_2024.pdf,"ICICI Prudential Life Insurance Company Limited has informed the Exchange regarding 'Disclosure Under Regulation 30 And Regulation 51 Read With Schedule III Of Securities And Exchange Board Of India (Listing Obligations And Disclosure Requirements) Regulations, 2015'.",,,Updates,00:00:06,07042024115118,07-Apr-2024 11:51:24,-,False,,,105808760,,INE726G01019,ICICI Prudential Life Insurance Company Limited,2024-04-07 11:51:18,ICICIPRULI
03-Apr-2024 13:05:26,,https://nsearchives.nseindia.com/corporate/ICICIPRULI_03042024130526_SE_Intimation_April_3_2024.pdf,ICICI Prudential Life Insurance Company Limited has informed the Exchange regarding Allotment of 86450  Shares.,,,ESOP/ESOS/ESPS,00:00:06,03042024130526,03-Apr-2024 13:05:32,-,False,,,105804559,,INE726G01019,ICICI Prudential Life Insurance Company Limited,2024-04-03 13:05:26,ICICIPRULI
01-Apr-2024 18:50:17,,https://nsearchives.nseindia.com/corporate/ICICIPRULI_01042024185017_ICICIPRULI.pdf,"ICICI Bank�� Limited��has Submitted to the Exchange a copy of Disclosure under Regulation 31(4) of the Securities and Exchange Board of India��(Substantial Acquisition of Shares and Takeovers) Regulations, 2011.",,,Disclosure under SEBI Takeover Regulations,00:00:16,01042024185017,01-Apr-2024 18:50:33,-,False,,,105802387,,INE726G01019,ICICI Prudential Life Insurance Company Limited,2024-04-01 18:50:17,ICICIPRULI
27-Mar-2024 14:46:19,,https://nsearchives.nseindia.com/corporate/ICICIPRULI_27032024144619_SE_intimation_for_Window_closure_signed.pdf,"ICICI Prudential Life Insurance Company Limited has informed the Exchange regarding the Trading Window closure pursuant to SEBI (Prohibition of Insider Trading) Regulations, 2015",,,Trading Window,00:00:07,27032024144619,27-Mar-2024 14:46:26,-,False,,,105795165,,INE726G01019,ICICI Prudential Life Insurance Company Limited,2024-03-27 14:46:19,ICICIPRULI
26-Mar-2024 13:25:32,,https://nsearchives.nseindia.com/corporate/ICICIPRULI_26032024132532_SE_Intimation_March_26_2024_signed.pdf,ICICI Prudential Life Insurance Company Limited has informed the Exchange regarding Allotment of 163100  Shares.,,,ESOP/ESOS/ESPS,00:00:05,26032024132532,26-Mar-2024 13:25:37,-,False,,,105793144,,INE726G01019,ICICI Prudential Life Insurance Company Limited,2024-03-26 13:25:32,ICICIPRULI
22-Mar-2024 19:52:25,,https://nsearchives.nseindia.com/corporate/ICICIPRULI_22032024195225_Disclosure_order_signed.pdf,"ICICI Prudential Life Insurance Company Limited has informed the Exchange regarding 'Disclosure Under Regulation 30 And Regulation 51 read with Schedule III Of Securities And Exchange Board Of India (Listing Obligations And Disclosure Requirements) Regulations, 2015'.",,,Updates,00:00:07,22032024195225,22-Mar-2024 19:52:32,-,False,,,105791854,,INE726G01019,ICICI Prudential Life Insurance Company Limited,2024-03-22 19:52:25,ICICIPRULI
22-Mar-2024 11:09:28,,https://nsearchives.nseindia.com/corporate/ICICIPRULI_22032024110928_SE_Intimation_Post_Newspaper_publication_March_2024_signed.pdf,ICICI Prudential Life Insurance Company Limited has informed the Exchange about Copy of Newspaper Publication,,,Copy of Newspaper Publication,00:00:06,22032024110928,22-Mar-2024 11:09:34,-,False,,,105791028,,INE726G01019,ICICI Prudential Life Insurance Company Limited,2024-03-22 11:09:28,ICICIPRULI
21-Mar-2024 13:33:23,,https://nsearchives.nseindia.com/corporate/ICICIPRULI_21032024133323_SE_Investor_meet_March_21_2024.pdf,ICICI Prudential Life Insurance Company Limited has informed the Exchange regarding 'Analyst/Investor Meet'.,,,Updates,00:00:09,21032024133323,21-Mar-2024 13:33:32,-,False,,,105789815,,INE726G01019,ICICI Prudential Life Insurance Company Limited,2024-03-21 13:33:23,ICICIPRULI
21-Mar-2024 11:40:08,,https://nsearchives.nseindia.com/corporate/ICICIPRULI_21032024114008_SE_Intimation_Postal_ballot_notice_signed.pdf,ICICI Prudential Life Insurance Company Limited has informed the Exchange regarding Notice of Postal Ballot,,,Shareholders meeting,00:00:12,21032024114008,21-Mar-2024 11:40:20,-,False,,,105789649,,INE726G01019,ICICI Prudential Life Insurance Company Limited,2024-03-21 11:40:08,ICICIPRULI
20-Mar-2024 18:42:08,,https://nsearchives.nseindia.com/corporate/ICICIPRULI_20032024184208_SE_Investor_meet_March_20_2024.pdf,ICICI Prudential Life Insurance Company Limited has informed the Exchange regarding 'Analyst/Investor Meet'.,,,Updates,00:00:06,20032024184208,20-Mar-2024 18:42:14,-,False,,,105789159,,INE726G01019,ICICI Prudential Life Insurance Company Limited,2024-03-20 18:42:08,ICICIPRULI
20-Mar-2024 11:08:16,,https://nsearchives.nseindia.com/corporate/ICICIPRULI_20032024110816_SE_Intimation_Pre_Newspaper_publication_March_2024_signed.pdf,ICICI Prudential Life Insurance Company Limited has informed the Exchange about Copy of Newspaper Publication,,,Copy of Newspaper Publication,00:00:06,20032024110816,20-Mar-2024 11:08:22,-,False,,,105788555,,INE726G01019,ICICI Prudential Life Insurance Company Limited,2024-03-20 11:08:16,ICICIPRULI
18-Mar-2024 13:00:36,,https://nsearchives.nseindia.com/corporate/ICICIPRULI_18032024130036_SE_Intimation_March_18_2024.pdf,ICICI Prudential Life Insurance Company Limited has informed the Exchange regarding Allotment of 61240  Shares.,,,ESOP/ESOS/ESPS,00:00:07,18032024130036,18-Mar-2024 13:00:43,-,False,,,105786330,,INE726G01019,ICICI Prudential Life Insurance Company Limited,2024-03-18 13:00:36,ICICIPRULI
15-Mar-2024 18:18:40,,https://nsearchives.nseindia.com/corporate/ICICIPRULI_15032024181840_SE_Intimation_BM_March_15_2024_Postal_ballot.pdf,ICICI Prudential Life Insurance Company Limited has informed the Exchange regarding 'Initiation of Postal Ballot process'.,,,Updates,00:00:05,15032024181840,15-Mar-2024 18:18:45,-,False,,,105785210,,INE726G01019,ICICI Prudential Life Insurance Company Limited,2024-03-15 18:18:40,ICICIPRULI
15-Mar-2024 18:15:37,,https://nsearchives.nseindia.com/corporate/ICICIPRULI_15032024181537_SE_Intimation_BM_March_15_2024_Change_in_Directorate.pdf,ICICI Prudential Life Insurance Company Limited has informed the Exchange regarding Change in Director(s) of the company.,,,Change in Director(s),00:00:08,15032024181537,15-Mar-2024 18:15:45,-,False,,,105785201,,INE726G01019,ICICI Prudential Life Insurance Company Limited,2024-03-15 18:15:37,ICICIPRULI
15-Mar-2024 18:14:13,,https://nsearchives.nseindia.com/corporate/ICICIPRULI_15032024181413_SE_Intimation_BM_March_15_2024_Change_in_Directorate.pdf,"ICICI Prudential Life Insurance Company Limited has informed the Exchange regarding Appointment of Mr Sandeep Batra as Chairman of the company w.e.f. Jun 30, 2024.",,,Appointment,00:00:05,15032024181413,15-Mar-2024 18:14:18,-,False,,,105785195,,INE726G01019,ICICI Prudential Life Insurance Company Limited,2024-03-15 18:14:13,ICICIPRULI
15-Mar-2024 18:08:49,,https://nsearchives.nseindia.com/corporate/ICICIPRULI_15032024180849_SE_Intimation_BM_March_15_2024_Change_in_Directorate.pdf,ICICI Prudential Life Insurance Company Limited has informed the Exchange about Retirement,,,Retirement,00:00:06,15032024180849,15-Mar-2024 18:08:55,-,False,,,105785187,,INE726G01019,ICICI Prudential Life Insurance Company Limited,2024-03-15 18:08:49,ICICIPRULI
15-Mar-2024 14:56:37,,https://nsearchives.nseindia.com/corporate/ICICIPRULI_15032024145637_SE_Investor_meet_March_15_2024_Intimation.pdf,ICICI Prudential Life Insurance Company Limited has informed the Exchange about Schedule of meet,,,Analysts/Institutional Investor Meet/Con. Call Updates,00:00:06,15032024145637,15-Mar-2024 14:56:43,-,False,,,105784879,,INE726G01019,ICICI Prudential Life Insurance Company Limited,2024-03-15 14:56:37,ICICIPRULI
13-Mar-2024 13:30:46,,https://nsearchives.nseindia.com/corporate/ICICIPRULI_13032024133046_SE_Investor_meet_March_13_2024.pdf,ICICI Prudential Life Insurance Company Limited has informed the Exchange regarding 'Analyst/Investor Meet'.,,,Updates,00:00:06,13032024133046,13-Mar-2024 13:30:52,-,False,,,105782512,,INE726G01019,ICICI Prudential Life Insurance Company Limited,2024-03-13 13:30:46,ICICIPRULI
12-Mar-2024 18:51:34,,https://nsearchives.nseindia.com/corporate/ICICIPRULI_12032024185134_SE_Investor_meet_March_12_2024.pdf,ICICI Prudential Life Insurance Company Limited has informed the Exchange regarding 'Analyst/Investor Meet'.,,,Updates,00:00:07,12032024185134,12-Mar-2024 18:51:41,-,False,,,105781843,,INE726G01019,ICICI Prudential Life Insurance Company Limited,2024-03-12 18:51:34,ICICIPRULI
11-Mar-2024 19:16:03,,https://nsearchives.nseindia.com/corporate/ICICIPRULI_11032024191603_SE_Investor_meet_March_11_2024.pdf,ICICI Prudential Life Insurance Company Limited has informed the Exchange regarding 'Analyst/Investor Meet'.,,,Updates,00:00:04,11032024191603,11-Mar-2024 19:16:07,-,False,,,105780745,,INE726G01019,ICICI Prudential Life Insurance Company Limited,2024-03-11 19:16:03,ICICIPRULI
11-Mar-2024 14:05:09,,https://nsearchives.nseindia.com/corporate/ICICIPRULI_11032024140509_SE_Intimation_March_11_2024.pdf,ICICI Prudential Life Insurance Company Limited has informed the Exchange regarding Allotment of 59810  Shares.,,,ESOP/ESOS/ESPS,00:00:06,11032024140509,11-Mar-2024 14:05:15,-,False,,,105780334,,INE726G01019,ICICI Prudential Life Insurance Company Limited,2024-03-11 14:05:09,ICICIPRULI
07-Mar-2024 20:10:16,,https://nsearchives.nseindia.com/corporate/ICICIPRULI_07032024201016_SE_monthly_business_presentation_Feb_2024.pdf,ICICI Prudential Life Insurance Company Limited has informed the Exchange about Investor Presentation,,,Investor Presentation,00:00:06,07032024201016,07-Mar-2024 20:10:22,-,False,,,105779028,,INE726G01019,ICICI Prudential Life Insurance Company Limited,2024-03-07 20:10:16,ICICIPRULI
07-Mar-2024 12:22:46,,https://nsearchives.nseindia.com/corporate/ICICIPRULI_07032024122246_Intimation_appointment_of_Additional_Independent_Director.pdf,"ICICI Prudential Life Insurance Company Limited has informed the Exchange regarding Appointment of Mr Naved Masood as Non- Executive Independent Director of the company w.e.f. March 07, 2024.",,,Appointment,00:00:05,07032024122246,07-Mar-2024 12:22:51,-,False,,,105778388,,INE726G01019,ICICI Prudential Life Insurance Company Limited,2024-03-07 12:22:46,ICICIPRULI
07-Mar-2024 12:21:14,,https://nsearchives.nseindia.com/corporate/ICICIPRULI_07032024122115_Intimation_appointment_of_Additional_Independent_Director.pdf,ICICI Prudential Life Insurance Company Limited has informed the Exchange regarding Change in Director(s) of the company.,,,Change in Director(s),00:00:04,07032024122114,07-Mar-2024 12:21:18,-,False,,,105778387,,INE726G01019,ICICI Prudential Life Insurance Company Limited,2024-03-07 12:21:14,ICICIPRULI
06-Mar-2024 20:35:43,,https://nsearchives.nseindia.com/corporate/ICICIPRULI_06032024203543_SE_Investor_meet_March_13_2024_Intimation_signed.pdf,ICICI Prudential Life Insurance Company Limited has informed the Exchange about Schedule of meet,,,Analysts/Institutional Investor Meet/Con. Call Updates,00:00:06,06032024203543,06-Mar-2024 20:35:49,-,False,,,105777831,,INE726G01019,ICICI Prudential Life Insurance Company Limited,2024-03-06 20:35:43,ICICIPRULI
06-Mar-2024 20:31:49,,https://nsearchives.nseindia.com/corporate/ICICIPRULI_06032024203149_SE_Investor_meet_March_12_2024_Intimation_signed.pdf,ICICI Prudential Life Insurance Company Limited has informed the Exchange about Schedule of meet,,,Analysts/Institutional Investor Meet/Con. Call Updates,00:00:04,06032024203149,06-Mar-2024 20:31:53,-,False,,,105777830,,INE726G01019,ICICI Prudential Life Insurance Company Limited,2024-03-06 20:31:49,ICICIPRULI
06-Mar-2024 20:30:24,,https://nsearchives.nseindia.com/corporate/ICICIPRULI_06032024203025_SE_Investor_meet_March_11_2024_Intimation_signed.pdf,ICICI Prudential Life Insurance Company Limited has informed the Exchange about Schedule of meet,,,Analysts/Institutional Investor Meet/Con. Call Updates,00:00:07,06032024203024,06-Mar-2024 20:30:31,-,False,,,105777827,,INE726G01019,ICICI Prudential Life Insurance Company Limited,2024-03-06 20:30:24,ICICIPRULI
05-Mar-2024 21:47:37,,https://nsearchives.nseindia.com/corporate/ICICIPRULI_05032024214737_Reg_30_LODR_Intimation.pdf,"ICICI Prudential Life Insurance Company Limited has informed the Exchange regarding 'Disclosure under regulation 30 and regulation 51 read with para A of part A of Schedule III of the SEBI (Listing Obligations and Disclosure Requirements) Regulations, 2015'.",,,Updates,00:00:07,05032024214737,05-Mar-2024 21:47:44,-,False,,,105776778,,INE726G01019,ICICI Prudential Life Insurance Company Limited,2024-03-05 21:47:37,ICICIPRULI
04-Mar-2024 12:51:30,,https://nsearchives.nseindia.com/corporate/ICICIPRULI_04032024125130_SE_Intimation_March_4_2024.pdf,ICICI Prudential Life Insurance Company Limited has informed the Exchange regarding Allotment of 25580  Shares.,,,ESOP/ESOS/ESPS,00:00:07,04032024125130,04-Mar-2024 12:51:37,-,False,,,105775121,,INE726G01019,ICICI Prudential Life Insurance Company Limited,2024-03-04 12:51:30,ICICIPRULI
28-Feb-2024 15:43:51,,https://nsearchives.nseindia.com/corporate/ICICIPRULI_28022024154351_SE_Investor_meet_Feb_28_2024.pdf,ICICI Prudential Life Insurance Company Limited has informed the Exchange regarding 'Analyst/Investor Meet'.,,,Updates,00:00:07,28022024154351,28-Feb-2024 15:43:58,-,False,,,105771608,,INE726G01019,ICICI Prudential Life Insurance Company Limited,2024-02-28 15:43:51,ICICIPRULI
27-Feb-2024 16:21:30,,https://nsearchives.nseindia.com/corporate/ICICIPRULI_27022024162131_SE_Investor_meet_Feb_27_2024.pdf,ICICI Prudential Life Insurance Company Limited has informed the Exchange regarding 'ICICI Prudential Life Insurance Company Limited has informed the Exchange regarding 'Analyst/Investor Meet'.'.,,,Updates,00:00:10,27022024162130,27-Feb-2024 16:21:40,-,False,,,105770558,,INE726G01019,ICICI Prudential Life Insurance Company Limited,2024-02-27 16:21:30,ICICIPRULI
26-Feb-2024 11:22:01,,https://nsearchives.nseindia.com/corporate/ICICIPRULI_26022024112201_SE_Intimation_February_26_2024.pdf,ICICI Prudential Life Insurance Company Limited has informed the Exchange regarding Allotment of 13930  Shares.,,,ESOP/ESOS/ESPS,00:00:08,26022024112201,26-Feb-2024 11:22:09,-,False,,,105769224,,INE726G01019,ICICI Prudential Life Insurance Company Limited,2024-02-26 11:22:01,ICICIPRULI
22-Feb-2024 19:51:12,,https://nsearchives.nseindia.com/corporate/ICICIPRULI_22022024195112_SE_Investor_meet_Feb_22_2024_Intimation_2.pdf,ICICI Prudential Life Insurance Company Limited has informed the Exchange about Schedule of meet,,,Analysts/Institutional Investor Meet/Con. Call Updates,00:00:05,22022024195112,22-Feb-2024 19:51:17,-,False,,,105767357,,INE726G01019,ICICI Prudential Life Insurance Company Limited,2024-02-22 19:51:12,ICICIPRULI
22-Feb-2024 19:46:16,,https://nsearchives.nseindia.com/corporate/ICICIPRULI_22022024194616_SE_Investor_meet_Feb_22_2024_Intimation_1.pdf,ICICI Prudential Life Insurance Company Limited has informed the Exchange about Schedule of meet,,,Analysts/Institutional Investor Meet/Con. Call Updates,00:00:05,22022024194616,22-Feb-2024 19:46:21,-,False,,,105767353,,INE726G01019,ICICI Prudential Life Insurance Company Limited,2024-02-22 19:46:16,ICICIPRULI
20-Feb-2024 22:39:37,,https://nsearchives.nseindia.com/corporate/ICICIPRULI_20022024223937_SE_Investor_meet_Feb_20_2024.pdf,ICICI Prudential Life Insurance Company Limited has informed the Exchange regarding 'Analyst/Investor Meet'.,,,Updates,00:00:04,20022024223937,20-Feb-2024 22:39:41,-,False,,,105765340,,INE726G01019,ICICI Prudential Life Insurance Company Limited,2024-02-20 22:39:37,ICICIPRULI
19-Feb-2024 10:59:00,,https://nsearchives.nseindia.com/corporate/ICICIPRULI_19022024105900_SE_Intimation_February_19_2024.pdf,ICICI Prudential Life Insurance Company Limited has informed the Exchange regarding Allotment of 66410  Shares.,,,ESOP/ESOS/ESPS,00:00:06,19022024105900,19-Feb-2024 10:59:06,-,False,,,105763581,,INE726G01019,ICICI Prudential Life Insurance Company Limited,2024-02-19 10:59:00,ICICIPRULI
16-Feb-2024 16:28:54,,https://nsearchives.nseindia.com/corporate/ICICIPRULI_16022024162854_Disclosure_dated_February_16_2024.pdf,"ICICI Prudential Life Insurance Company Limited has informed the Exchange regarding 'Disclosure Under Regulation 30 And Regulation 51 Read With Schedule III Of Securities And Exchange Board Of India (Listing Obligations And Disclosure Requirements) Regulations, 2015'.",,,Updates,00:00:14,16022024162854,16-Feb-2024 16:29:08,-,False,,,105762458,,INE726G01019,ICICI Prudential Life Insurance Company Limited,2024-02-16 16:28:54,ICICIPRULI
15-Feb-2024 12:23:38,,https://nsearchives.nseindia.com/corporate/ICICIPRULI_15022024122338_SE_Investor_meet_Feb_15_2024_Intimation.pdf,ICICI Prudential Life Insurance Company Limited has informed the Exchange about Schedule of meet,,,Analysts/Institutional Investor Meet/Con. Call Updates,00:00:05,15022024122338,15-Feb-2024 12:23:43,-,False,,,105760872,,INE726G01019,ICICI Prudential Life Insurance Company Limited,2024-02-15 12:23:38,ICICIPRULI
14-Feb-2024 19:16:27,,https://nsearchives.nseindia.com/corporate/ICICIPRULI_14022024191627_SE_Investor_meet_Feb_14_2024.pdf,ICICI Prudential Life Insurance Company Limited has informed the Exchange regarding 'Analyst/Investor Meet'.,,,Updates,00:00:06,14022024191627,14-Feb-2024 19:16:33,-,False,,,105760092,,INE726G01019,ICICI Prudential Life Insurance Company Limited,2024-02-14 19:16:27,ICICIPRULI
13-Feb-2024 19:18:45,,https://nsearchives.nseindia.com/corporate/ICICIPRULI_13022024191845_SE_Investor_meet_Feb_13_2024.pdf,ICICI Prudential Life Insurance Company Limited has informed the Exchange regarding 'Analyst/Investor Meet'.,,,Updates,00:00:14,13022024191845,13-Feb-2024 19:18:59,-,False,,,105758408,,INE726G01019,ICICI Prudential Life Insurance Company Limited,2024-02-13 19:18:45,ICICIPRULI
12-Feb-2024 12:46:55,,https://nsearchives.nseindia.com/corporate/ICICIPRULI_12022024124655_SE_Intimation_February_12_2024.pdf,ICICI Prudential Life Insurance Company Limited has informed the Exchange regarding Allotment of 59700  Shares.,,,ESOP/ESOS/ESPS,00:00:06,12022024124655,12-Feb-2024 12:47:01,-,False,,,105755941,,INE726G01019,ICICI Prudential Life Insurance Company Limited,2024-02-12 12:46:55,ICICIPRULI
09-Feb-2024 18:41:25,,https://nsearchives.nseindia.com/corporate/ICICIPRULI_09022024184125_Draft_disclosure_order_dated_February_09_2024_.pdf,"ICICI Prudential Life Insurance Company Limited has informed the Exchange regarding 'Disclosure under Regulation 30 and Regulation 51 read with Schedule III of Securities and Exchange Board of India (Listing Obligations and Disclosure Requirements) Regulations, 2015'.",,,Updates,00:00:07,09022024184125,09-Feb-2024 18:41:32,-,False,,,105754449,,INE726G01019,ICICI Prudential Life Insurance Company Limited,2024-02-09 18:41:25,ICICIPRULI
08-Feb-2024 17:01:23,,https://nsearchives.nseindia.com/corporate/ICICIPRULI_08022024170123_SE_Investor_meet_Feb_8_2024.pdf,ICICI Prudential Life Insurance Company Limited has informed the Exchange regarding 'Analyst/Investor Meet'.,,,Updates,00:00:12,08022024170123,08-Feb-2024 17:01:35,-,False,,,105752230,,INE726G01019,ICICI Prudential Life Insurance Company Limited,2024-02-08 17:01:23,ICICIPRULI
08-Feb-2024 14:25:13,,https://nsearchives.nseindia.com/corporate/ICICIPRULI_08022024142513_SE_Investor_meet_Feb_8_2024_Intimation_2.pdf,ICICI Prudential Life Insurance Company Limited has informed the Exchange about Schedule of meet,,,Analysts/Institutional Investor Meet/Con. Call Updates,00:00:04,08022024142513,08-Feb-2024 14:25:17,-,False,,,105751921,,INE726G01019,ICICI Prudential Life Insurance Company Limited,2024-02-08 14:25:13,ICICIPRULI
08-Feb-2024 14:21:45,,https://nsearchives.nseindia.com/corporate/ICICIPRULI_08022024142145_SE_Investor_meet_Feb_8_2024_Intimation_1.pdf,ICICI Prudential Life Insurance Company Limited has informed the Exchange about Schedule of meet,,,Analysts/Institutional Investor Meet/Con. Call Updates,00:00:12,08022024142145,08-Feb-2024 14:21:57,-,False,,,105751917,,INE726G01019,ICICI Prudential Life Insurance Company Limited,2024-02-08 14:21:45,ICICIPRULI
07-Feb-2024 21:09:22,,https://nsearchives.nseindia.com/corporate/ICICIPRULI_07022024210922_SE_Investor_meet_Feb_7_2024.pdf,ICICI Prudential Life Insurance Company Limited has informed the Exchange regarding 'Analyst/Investor Meet'.,,,Updates,00:00:04,07022024210922,07-Feb-2024 21:09:26,-,False,,,105751086,,INE726G01019,ICICI Prudential Life Insurance Company Limited,2024-02-07 21:09:22,ICICIPRULI
07-Feb-2024 14:55:37,,https://nsearchives.nseindia.com/corporate/ICICIPRULI_07022024145537_SE_monthly_business_presentation_Jan_2024.pdf,ICICI Prudential Life Insurance Company Limited has informed the Exchange about Investor Presentation,,,Investor Presentation,00:00:12,07022024145537,07-Feb-2024 14:55:49,-,False,,,105750224,,INE726G01019,ICICI Prudential Life Insurance Company Limited,2024-02-07 14:55:37,ICICIPRULI
05-Feb-2024 18:39:26,,https://nsearchives.nseindia.com/corporate/ICICIPRULI_05022024183926_SE_Investor_meet_Feb_5_2024.pdf,ICICI Prudential Life Insurance Company Limited has informed the Exchange regarding 'Analyst/Investor Meet'.,,,Updates,00:00:04,05022024183926,05-Feb-2024 18:39:30,-,False,,,105747499,,INE726G01019,ICICI Prudential Life Insurance Company Limited,2024-02-05 18:39:26,ICICIPRULI
05-Feb-2024 15:29:43,,https://nsearchives.nseindia.com/corporate/ICICIPRULI_05022024152943_SE_Intimation_February_5_2024_signed.pdf,ICICI Prudential Life Insurance Company Limited has informed the Exchange regarding Allotment of 111000  Shares.,,,ESOP/ESOS/ESPS,00:00:06,05022024152943,05-Feb-2024 15:29:49,-,False,,,105746958,,INE726G01019,ICICI Prudential Life Insurance Company Limited,2024-02-05 15:29:43,ICICIPRULI
02-Feb-2024 21:09:21,,https://nsearchives.nseindia.com/corporate/ICICIPRULI_02022024210921_SE_Investor_meet_Feb_2_2024_Intimation.pdf,ICICI Prudential Life Insurance Company Limited has informed the Exchange about Schedule of meet,,,Analysts/Institutional Investor Meet/Con. Call Updates,00:00:05,02022024210921,02-Feb-2024 21:09:26,-,False,,,105745338,,INE726G01019,ICICI Prudential Life Insurance Company Limited,2024-02-02 21:09:21,ICICIPRULI
31-Jan-2024 12:44:06,,https://nsearchives.nseindia.com/corporate/ICICIPRULI_31012024124406_SE_Investor_meet_Jan_31_2024.pdf,ICICI Prudential Life Insurance Company Limited has informed the Exchange about Schedule of meet,,,Analysts/Institutional Investor Meet/Con. Call Updates,00:00:06,31012024124406,31-Jan-2024 12:44:12,-,False,,,105740464,,INE726G01019,ICICI Prudential Life Insurance Company Limited,2024-01-31 12:44:06,ICICIPRULI
24-Jan-2024 19:33:21,,https://nsearchives.nseindia.com/corporate/ICICIPRULI_24012024193321_SE_intimation_Earnings_Call_Transcript_Signed.pdf,ICICI Prudential Life Insurance Company Limited has informed the Exchange about Transcript,,,Analysts/Institutional Investor Meet/Con. Call Updates,00:00:07,24012024193321,24-Jan-2024 19:33:28,-,False,,,105734708,,INE726G01019,ICICI Prudential Life Insurance Company Limited,2024-01-24 19:33:21,ICICIPRULI
19-Jan-2024 15:23:27,,https://nsearchives.nseindia.com/corporate/ICICIPRULI_19012024152327_SE_intimation_Newspaper_advertisement.pdf,ICICI Prudential Life Insurance Company Limited has informed the Exchange about Copy of Newspaper Publication,,,Copy of Newspaper Publication,00:00:05,19012024152327,19-Jan-2024 15:23:32,-,False,,,105730170,,INE726G01019,ICICI Prudential Life Insurance Company Limited,2024-01-19 15:23:27,ICICIPRULI
18-Jan-2024 14:33:15,,https://nsearchives.nseindia.com/corporate/ICICIPRULI_18012024143315_SE_Investor_meet_Jan_18_2024_postponement.pdf,ICICI Prudential Life Insurance Company Limited has informed the Exchange regarding 'Change in Schedule of Analyst/Investor Meet'.,,,Updates,00:00:06,18012024143315,18-Jan-2024 14:33:21,-,False,,,105728836,,INE726G01019,ICICI Prudential Life Insurance Company Limited,2024-01-18 14:33:15,ICICIPRULI
17-Jan-2024 20:13:52,,https://nsearchives.nseindia.com/corporate/ICICIPRULI_17012024201352_SE_Earnings_presentation_intimation_January_17_2024.pdf,ICICI Prudential Life Insurance Company Limited has informed the Exchange about Investor Presentation,,,Investor Presentation,00:00:05,17012024201352,17-Jan-2024 20:13:57,-,False,,,105728160,,INE726G01019,ICICI Prudential Life Insurance Company Limited,2024-01-17 20:13:52,ICICIPRULI
17-Jan-2024 20:06:01,,https://nsearchives.nseindia.com/corporate/ICICIPRULI_17012024200601_Outcome_2_BM_January_17_2024_Other_submission.pdf,ICICI Prudential Life Insurance Company Limited has informed the Exchange regarding 'Grant of Employee Stock Options'.,,,Updates,00:00:12,17012024200601,17-Jan-2024 20:06:13,-,False,,,105728153,,INE726G01019,ICICI Prudential Life Insurance Company Limited,2024-01-17 20:06:01,ICICIPRULI
17-Jan-2024 20:04:09,,https://nsearchives.nseindia.com/corporate/ICICIPRULI_17012024200409_Outcome_2_BM_January_17_2024_Other_submission.pdf,ICICI Prudential Life Insurance Company Limited has informed the Exchange regarding Change in Auditors of the company.,,,Change in Auditors,00:00:06,17012024200409,17-Jan-2024 20:04:15,-,False,,,105728151,,INE726G01019,ICICI Prudential Life Insurance Company Limited,2024-01-17 20:04:09,ICICIPRULI
17-Jan-2024 20:01:42,,https://nsearchives.nseindia.com/corporate/SEBI_Results_Q3_FY2024_17012024200142.pdf,"ICICI Prudential Life Insurance Company Limited has submitted to the Exchange, the financial results for the period ended December 31, 2023.",,,Financial Result Updates,00:00:05,17012024200142,17-Jan-2024 20:01:47,-,False,,,158999,,INE726G01019,ICICI Prudential Life Insurance Company Limited,2024-01-17 20:01:42,ICICIPRULI
17-Jan-2024 19:59:33,,https://nsearchives.nseindia.com/corporate/ICICIPRULI_17012024195933_Outcome_1_BM_January_17_2024_Financial_results.pdf,"ICICI Prudential Life Insurance Company Limited has informed the Exchange regarding Outcome of Board Meeting held on January 17, 2024.",,,Outcome of Board Meeting,00:00:05,17012024195933,17-Jan-2024 19:59:38,-,False,,,105728146,,INE726G01019,ICICI Prudential Life Insurance Company Limited,2024-01-17 19:59:33,ICICIPRULI
15-Jan-2024 23:43:46,,https://nsearchives.nseindia.com/corporate/ICICIPRULI_15012024234346_SE_Investor_meet_Jan_15_2024_Intimation_group.pdf,ICICI Prudential Life Insurance Company Limited has informed the Exchange about Schedule of meet,,,Analysts/Institutional Investor Meet/Con. Call Updates,00:00:04,15012024234346,15-Jan-2024 23:43:50,-,False,,,105726146,,INE726G01019,ICICI Prudential Life Insurance Company Limited,2024-01-15 23:43:46,ICICIPRULI
10-Jan-2024 11:45:36,,https://nsearchives.nseindia.com/corporate/ICICIPRULI_10012024114536_ICPL_74_5__BSE_and_NSE_Dec_31_2023.pdf,"ICICI Prudential Life Insurance Company Limited has informed the Exchange about Certificate under SEBI (Depositories and Participants) Regulations, 2018",,,"Certificate under SEBI (Depositories and Participants) Regulations, 2018",00:00:07,10012024114536,10-Jan-2024 11:45:43,-,False,,,105721131,,INE726G01019,ICICI Prudential Life Insurance Company Limited,2024-01-10 11:45:36,ICICIPRULI
09-Jan-2024 12:41:18,,https://nsearchives.nseindia.com/corporate/ICICIPRULI_09012024124118_SE_monthly_business_presentation_Dec_2023.pdf,ICICI Prudential Life Insurance Company Limited has informed the Exchange about Investor Presentation,,,Investor Presentation,00:00:06,09012024124118,09-Jan-2024 12:41:24,-,False,,,105719907,,INE726G01019,ICICI Prudential Life Insurance Company Limited,2024-01-09 12:41:18,ICICIPRULI
05-Jan-2024 16:33:40,,https://nsearchives.nseindia.com/corporate/ICICIPRULI_05012024163340_SE_Earnings_intimation_Jan_2024.pdf,ICICI Prudential Life Insurance Company Limited has informed the Exchange about Schedule of meet,,,Analysts/Institutional Investor Meet/Con. Call Updates,00:00:15,05012024163340,05-Jan-2024 16:33:55,-,False,,,105716992,,INE726G01019,ICICI Prudential Life Insurance Company Limited,2024-01-05 16:33:40,ICICIPRULI
02-Jan-2024 17:58:20,,https://nsearchives.nseindia.com/corporate/ICICIPRULI_02012024175820_Disclosure_order_dated_January_2_2024.pdf,"ICICI Prudential Life Insurance Company Limited has informed the Exchange regarding 'Disclosure under Regulation 30 and Regulation 51 read with Schedule III of Securities and Exchange Board of India (Listing Obligations and Disclosure Requirements) Regulations, 2015'.",,,Updates,00:00:08,02012024175820,02-Jan-2024 17:58:28,-,False,,,105713908,,INE726G01019,ICICI Prudential Life Insurance Company Limited,2024-01-02 17:58:20,ICICIPRULI
02-Jan-2024 12:58:27,,https://nsearchives.nseindia.com/corporate/ICICIPRULI_02012024125827_Disclosure_order_tamilnadu.pdf,"ICICI Prudential Life Insurance Company Limited has informed the Exchange regarding 'Disclosure under Regulation 30 and Regulation 51 read with Schedule III of Securities and Exchange Board of India (Listing Obligations and Disclosure Requirements) Regulations, 2015'.",,,Updates,00:00:06,02012024125827,02-Jan-2024 12:58:33,-,False,,,105713565,,INE726G01019,ICICI Prudential Life Insurance Company Limited,2024-01-02 12:58:27,ICICIPRULI
29-Dec-2023 09:16:40,,https://nsearchives.nseindia.com/corporate/ICICIPRULI_29122023091641_Draft_Disclosure_Reg_30_signed.pdf,"ICICI Prudential Life Insurance Company Limited has informed the Exchange regarding 'Disclosure under Regulation 30 and Regulation 51 of Securities and Exchange Board of India (Listing Obligations and Disclosure Requirements) Regulations, 2015 '.",,,Updates,00:00:11,29122023091640,29-Dec-2023 09:16:51,-,False,,,105709460,,INE726G01019,ICICI Prudential Life Insurance Company Limited,2023-12-29 09:16:40,ICICIPRULI
28-Dec-2023 11:50:55,,https://nsearchives.nseindia.com/corporate/ICICIPRULI_28122023115055_Disclosure_order_dated_December_27_2023.pdf,"ICICI Prudential Life Insurance Company Limited has informed the Exchange regarding 'Disclosure under Regulation 30 and Regulation 51 read with Schedule III of Securities and Exchange Board of India (Listing Obligations and Disclosure Requirements) Regulations, 2015 '.",,,Updates,00:00:13,28122023115055,28-Dec-2023 11:51:08,-,False,,,105707936,,INE726G01019,ICICI Prudential Life Insurance Company Limited,2023-12-28 11:50:55,ICICIPRULI
27-Dec-2023 14:32:42,,https://nsearchives.nseindia.com/corporate/ICICIPRULI_27122023143242_SE_intimation_for_Window_closure_signed.pdf,"ICICI Prudential Life Insurance Company Limited has informed the Exchange regarding the Trading Window closure pursuant to SEBI (Prohibition of Insider Trading) Regulations, 2015",,,Trading Window,00:00:06,27122023143242,27-Dec-2023 14:32:48,-,False,,,105706626,,INE726G01019,ICICI Prudential Life Insurance Company Limited,2023-12-27 14:32:42,ICICIPRULI
27-Dec-2023 12:41:18,,https://nsearchives.nseindia.com/corporate/ICICIPRULI_27122023124118_Disclosure_order_dated_December_27_2023.pdf,"ICICI Prudential Life Insurance Company Limited has informed the Exchange regarding 'Disclosure under Regulation 30 and Regulation 51 read with Schedule III of Securities and Exchange Board of India (Listing Obligations and Disclosure Requirements) Regulations, 2015  '.",,,Updates,00:00:05,27122023124118,27-Dec-2023 12:41:23,-,False,,,105706481,,INE726G01019,ICICI Prudential Life Insurance Company Limited,2023-12-27 12:41:18,ICICIPRULI
26-Dec-2023 18:29:29,,https://nsearchives.nseindia.com/corporate/ICICIPRULI_26122023182929_SE_Investor_meet_Dec_26_2023.pdf,ICICI Prudential Life Insurance Company Limited has informed the Exchange regarding 'Analyst/Investor Meet'.,,,Updates,00:00:05,26122023182929,26-Dec-2023 18:29:34,-,False,,,105705720,,INE726G01019,ICICI Prudential Life Insurance Company Limited,2023-12-26 18:29:29,ICICIPRULI
26-Dec-2023 14:02:49,,https://nsearchives.nseindia.com/corporate/ICICIPRULI_26122023140249_SE_Intimation_December_26_2023_signed.pdf,ICICI Prudential Life Insurance Company Limited has informed the Exchange regarding Allotment of 3000  Shares.,,,ESOP/ESOS/ESPS,00:00:05,26122023140249,26-Dec-2023 14:02:54,-,False,,,105705261,,INE726G01019,ICICI Prudential Life Insurance Company Limited,2023-12-26 14:02:49,ICICIPRULI
22-Dec-2023 18:41:37,,https://nsearchives.nseindia.com/corporate/ICICIPRULI_22122023184137_SE_Investor_meet_Dec_22_2023.pdf,ICICI Prudential Life Insurance Company Limited has informed the Exchange regarding 'Analyst/Investor Meet'.,,,Updates,00:00:07,22122023184137,22-Dec-2023 18:41:44,-,False,,,105703865,,INE726G01019,ICICI Prudential Life Insurance Company Limited,2023-12-22 18:41:37,ICICIPRULI
22-Dec-2023 12:30:27,,https://nsearchives.nseindia.com/corporate/ICICIPRULI_22122023123027_Disclosure_order_dated_December_21_2023.pdf,"ICICI Prudential Life Insurance Company Limited has informed the Exchange regarding 'Disclosure under Regulation 30 and Regulation 51 read with Schedule III of Securities and Exchange Board of India (Listing Obligations and Disclosure Requirements) Regulations, 2015'.",,,Updates,00:00:07,22122023123027,22-Dec-2023 12:30:34,-,False,,,105703302,,INE726G01019,ICICI Prudential Life Insurance Company Limited,2023-12-22 12:30:27,ICICIPRULI
21-Dec-2023 14:29:06,,https://nsearchives.nseindia.com/corporate/ICICIPRULI_21122023142906_SE_Investor_meet_Dec_21_2023.pdf,ICICI Prudential Life Insurance Company Limited has informed the Exchange regarding 'Analyst/Investor Meet'.,,,Updates,00:00:06,21122023142906,21-Dec-2023 14:29:12,-,False,,,105702344,,INE726G01019,ICICI Prudential Life Insurance Company Limited,2023-12-21 14:29:06,ICICIPRULI
20-Dec-2023 18:51:33,,https://nsearchives.nseindia.com/corporate/ICICIPRULI_20122023185133_disclosure_order_dated_December_20_2023.pdf,"ICICI Prudential Life Insurance Company Limited has informed the Exchange regarding 'Disclosure under Regulation 30 and Regulation 51 read with Schedule III of Securities and Exchange Board of India (Listing Obligations and Disclosure Requirements) Regulations, 2015 '.",,,Updates,00:00:11,20122023185133,20-Dec-2023 18:51:44,-,False,,,105701597,,INE726G01019,ICICI Prudential Life Insurance Company Limited,2023-12-20 18:51:33,ICICIPRULI
19-Dec-2023 19:16:17,,https://nsearchives.nseindia.com/corporate/ICICIPRULI_19122023191617_SE_Investor_meet_Dec_19_2023.pdf,ICICI Prudential Life Insurance Company Limited has informed the Exchange regarding 'Analyst/Investor Meet'.,,,Updates,00:00:05,19122023191617,19-Dec-2023 19:16:22,-,False,,,105700563,,INE726G01019,ICICI Prudential Life Insurance Company Limited,2023-12-19 19:16:17,ICICIPRULI
18-Dec-2023 12:42:49,,https://nsearchives.nseindia.com/corporate/ICICIPRULI_18122023124249_SE_Intimation_December_18_2023_signed.pdf,ICICI Prudential Life Insurance Company Limited has informed the Exchange regarding Allotment of 13000  Shares.,,,ESOP/ESOS/ESPS,00:00:07,18122023124249,18-Dec-2023 12:42:56,-,False,,,105699085,,INE726G01019,ICICI Prudential Life Insurance Company Limited,2023-12-18 12:42:49,ICICIPRULI
14-Dec-2023 17:54:18,,https://nsearchives.nseindia.com/corporate/ICICIPRULI_14122023175418_SE_Investor_meet_Dec_14_2023.pdf,ICICI Prudential Life Insurance Company Limited has informed the Exchange regarding 'Analyst/Investor Meet'.,,,Updates,00:00:12,14122023175418,14-Dec-2023 17:54:30,-,False,,,105697075,,INE726G01019,ICICI Prudential Life Insurance Company Limited,2023-12-14 17:54:18,ICICIPRULI
13-Dec-2023 17:34:56,,https://nsearchives.nseindia.com/corporate/ICICIPRULI_13122023173456_SE_Investor_meet_Dec_13_2023_Signed.pdf,ICICI Prudential Life Insurance Company Limited has informed the Exchange regarding 'Analyst/Investor Meet'.,,,Updates,00:00:05,13122023173456,13-Dec-2023 17:35:01,-,False,,,105695887,,INE726G01019,ICICI Prudential Life Insurance Company Limited,2023-12-13 17:34:56,ICICIPRULI
13-Dec-2023 13:34:44,,https://nsearchives.nseindia.com/corporate/ICICIPRULI_13122023133444_Draft_disclosure_order_dated_December_13_2023_signed.pdf,"ICICI Prudential Life Insurance Company Limited has informed the Exchange regarding 'Disclosure under Regulation 30 and Regulation 51 read with Schedule III ofSecurities and Exchange Board of India (Listing Obligations and Disclosure Requirements)Regulations, 2015'.",,,Updates,00:00:04,13122023133444,13-Dec-2023 13:34:48,-,False,,,105695593,,INE726G01019,ICICI Prudential Life Insurance Company Limited,2023-12-13 13:34:44,ICICIPRULI
12-Dec-2023 18:34:35,,https://nsearchives.nseindia.com/corporate/ICICIPRULI_12122023183435_Final_SE_intimation_signed.pdf,"ICICI Prudential Life Insurance Company Limited has informed the Exchange regarding 'Communication to members holding shares of the Company, in physical form. '.",,,Updates,00:00:07,12122023183435,12-Dec-2023 18:34:42,-,False,,,105694996,,INE726G01019,ICICI Prudential Life Insurance Company Limited,2023-12-12 18:34:35,ICICIPRULI
12-Dec-2023 13:15:23,,https://nsearchives.nseindia.com/corporate/ICICIPRULI_12122023131523_SE_Investor_meet_Dec_12_2023.pdf,ICICI Prudential Life Insurance Company Limited has informed the Exchange regarding 'Analyst/Investor Meet'.,,,Updates,00:00:05,12122023131523,12-Dec-2023 13:15:28,-,False,,,105694631,,INE726G01019,ICICI Prudential Life Insurance Company Limited,2023-12-12 13:15:23,ICICIPRULI
11-Dec-2023 14:50:53,,https://nsearchives.nseindia.com/corporate/ICICIPRULI_11122023145053_SE_Investor_meet_Dec_11_2023_signed.pdf,ICICI Prudential Life Insurance Company Limited has informed the Exchange regarding 'Analyst/Investor Meet'.,,,Updates,00:00:07,11122023145053,11-Dec-2023 14:51:00,-,False,,,105693619,,INE726G01019,ICICI Prudential Life Insurance Company Limited,2023-12-11 14:50:53,ICICIPRULI
11-Dec-2023 13:34:09,,https://nsearchives.nseindia.com/corporate/ICICIPRULI_11122023133409_SE_Intimation_December_11_2023_signed.pdf,ICICI Prudential Life Insurance Company Limited has informed the Exchange regarding Allotment of 15550  Shares.,,,ESOP/ESOS/ESPS,00:00:05,11122023133409,11-Dec-2023 13:34:14,-,False,,,105693585,,INE726G01019,ICICI Prudential Life Insurance Company Limited,2023-12-11 13:34:09,ICICIPRULI
08-Dec-2023 22:37:53,,https://nsearchives.nseindia.com/corporate/ICICIPRULI_08122023223753_SE_Investor_meet_Dec_8_2023_signed.pdf,ICICI Prudential Life Insurance Company Limited has informed the Exchange regarding 'Change in schedule of analyst/investor meet'.,,,Updates,00:00:04,08122023223753,08-Dec-2023 22:37:57,-,False,,,105692859,,INE726G01019,ICICI Prudential Life Insurance Company Limited,2023-12-08 22:37:53,ICICIPRULI
07-Dec-2023 18:21:58,,https://nsearchives.nseindia.com/corporate/ICICIPRULI_07122023182158_SE_Investor_meet_Dec_7_2023.pdf,ICICI Prudential Life Insurance Company Limited has informed the Exchange regarding 'Analyst/Investor Meet'.,,,Updates,00:00:04,07122023182158,07-Dec-2023 18:22:02,-,False,,,105691767,,INE726G01019,ICICI Prudential Life Insurance Company Limited,2023-12-07 18:21:58,ICICIPRULI
07-Dec-2023 11:40:24,,https://nsearchives.nseindia.com/corporate/ICICIPRULI_07122023114024_SE_monthly_business_presentation_Nov_2023_signed.pdf,ICICI Prudential Life Insurance Company Limited has informed the Exchange about Investor Presentation,,,Investor Presentation,00:00:06,07122023114024,07-Dec-2023 11:40:30,-,False,,,105691461,,INE726G01019,ICICI Prudential Life Insurance Company Limited,2023-12-07 11:40:24,ICICIPRULI
06-Dec-2023 18:00:14,,https://nsearchives.nseindia.com/corporate/ICICIPRULI_06122023180014_SE_Investor_meet_Dec_6_2023.pdf,ICICI Prudential Life Insurance Company Limited has informed the Exchange regarding 'Analyst/Investor Meet'.,,,Updates,00:00:07,06122023180014,06-Dec-2023 18:00:21,-,False,,,105690882,,INE726G01019,ICICI Prudential Life Insurance Company Limited,2023-12-06 18:00:14,ICICIPRULI
05-Dec-2023 19:02:41,,https://nsearchives.nseindia.com/corporate/ICICIPRULI_05122023190241_SE_Investor_meet_Dec_5_2023.pdf,ICICI Prudential Life Insurance Company Limited has informed the Exchange regarding 'Analyst/Investor Meet'.,,,Updates,00:00:05,05122023190241,05-Dec-2023 19:02:46,-,False,,,105690089,,INE726G01019,ICICI Prudential Life Insurance Company Limited,2023-12-05 19:02:41,ICICIPRULI
05-Dec-2023 13:18:35,,https://nsearchives.nseindia.com/corporate/ICICIPRULI_05122023131835_Reg_30_LODR_Intimation_Bima_Sugam.pdf,ICICI Prudential Life Insurance Company Limited has informed the Exchange about Acquisition,,,Acquisition,00:00:07,05122023131835,05-Dec-2023 13:18:42,-,False,,,105689844,,INE726G01019,ICICI Prudential Life Insurance Company Limited,2023-12-05 13:18:35,ICICIPRULI
04-Dec-2023 18:16:12,,https://nsearchives.nseindia.com/corporate/ICICIPRULI_04122023181612_SE_Investor_meet_Dec_4_2023_Intimation.pdf,ICICI Prudential Life Insurance Company Limited has informed the Exchange about Schedule of meet,,,Analysts/Institutional Investor Meet/Con. Call Updates,00:00:07,04122023181612,04-Dec-2023 18:16:19,-,False,,,105689179,,INE726G01019,ICICI Prudential Life Insurance Company Limited,2023-12-04 18:16:12,ICICIPRULI
04-Dec-2023 18:05:46,,https://nsearchives.nseindia.com/corporate/ICICIPRULI_04122023180546_SE_Investor_meet_Dec_4_2023.pdf,ICICI Prudential Life Insurance Company Limited has informed the Exchange regarding 'Change in schedule of analyst/investor meet'.,,,Updates,00:00:05,04122023180546,04-Dec-2023 18:05:51,-,False,,,105689170,,INE726G01019,ICICI Prudential Life Insurance Company Limited,2023-12-04 18:05:46,ICICIPRULI
04-Dec-2023 12:48:39,,https://nsearchives.nseindia.com/corporate/ICICIPRULI_04122023124840_SE_Intimation_December_4_2023.pdf,ICICI Prudential Life Insurance Company Limited has informed the Exchange regarding Allotment of 14000  Shares.,,,ESOP/ESOS/ESPS,00:00:07,04122023124839,04-Dec-2023 12:48:46,-,False,,,105688929,,INE726G01019,ICICI Prudential Life Insurance Company Limited,2023-12-04 12:48:39,ICICIPRULI
30-Nov-2023 19:31:19,,https://nsearchives.nseindia.com/corporate/ICICIPRULI_30112023193119_SE_Investor_meet_Nov_30_2023.pdf,ICICI Prudential Life Insurance Company Limited has informed the Exchange regarding 'Change in schedule of analyst/investor meet'.,,,Updates,00:00:05,30112023193119,30-Nov-2023 19:31:24,-,False,,,105687028,,INE726G01019,ICICI Prudential Life Insurance Company Limited,2023-11-30 19:31:19,ICICIPRULI
29-Nov-2023 21:25:39,,https://nsearchives.nseindia.com/corporate/ICICIPRULI_29112023212539_SE_Investor_meet_Nov_29_2023_Intimation.pdf,ICICI Prudential Life Insurance Company Limited has informed the Exchange about Schedule of meet,,,Analysts/Institutional Investor Meet/Con. Call Updates,00:00:06,29112023212539,29-Nov-2023 21:25:45,-,False,,,105686018,,INE726G01019,ICICI Prudential Life Insurance Company Limited,2023-11-29 21:25:39,ICICIPRULI
29-Nov-2023 21:21:50,,https://nsearchives.nseindia.com/corporate/ICICIPRULI_29112023212150_SE_Investor_meet_Nov_29_2023.pdf,ICICI Prudential Life Insurance Company Limited has informed the Exchange regarding 'Analyst/Investor Meet'.,,,Updates,00:00:06,29112023212150,29-Nov-2023 21:21:56,-,False,,,105686017,,INE726G01019,ICICI Prudential Life Insurance Company Limited,2023-11-29 21:21:50,ICICIPRULI
27-Nov-2023 17:49:52,,https://nsearchives.nseindia.com/corporate/ICICIPRULI_27112023174952_SE_Investor_meet_Nov_27_2023.pdf,ICICI Prudential Life Insurance Company Limited has informed the Exchange regarding 'Analyst/Investor Meet'.,,,Updates,00:00:06,27112023174952,27-Nov-2023 17:49:58,-,False,,,105684262,,INE726G01019,ICICI Prudential Life Insurance Company Limited,2023-11-27 17:49:52,ICICIPRULI
24-Nov-2023 22:21:34,,https://nsearchives.nseindia.com/corporate/ICICIPRULI_24112023222134_SE_Investor_meet_Nov_24_2023_Intimation.pdf,ICICI Prudential Life Insurance Company Limited has informed the Exchange about Schedule of meet,,,Analysts/Institutional Investor Meet/Con. Call Updates,00:00:06,24112023222134,24-Nov-2023 22:21:40,-,False,,,105683530,,INE726G01019,ICICI Prudential Life Insurance Company Limited,2023-11-24 22:21:34,ICICIPRULI
24-Nov-2023 22:14:15,,https://nsearchives.nseindia.com/corporate/ICICIPRULI_24112023221415_SE_Investor_meet_Nov_24_2023.pdf,ICICI Prudential Life Insurance Company Limited has informed the Exchange regarding 'Change in schedule of analyst/investor meet'.,,,Updates,00:00:04,24112023221415,24-Nov-2023 22:14:19,-,False,,,105683529,,INE726G01019,ICICI Prudential Life Insurance Company Limited,2023-11-24 22:14:15,ICICIPRULI
24-Nov-2023 12:11:59,,https://nsearchives.nseindia.com/corporate/ICICIPRULI_24112023121159_SE_Intimation_November_24_2023.pdf,ICICI Prudential Life Insurance Company Limited has informed the Exchange regarding Allotment of 28925  Shares.,,,ESOP/ESOS/ESPS,00:00:10,24112023121159,24-Nov-2023 12:12:09,-,False,,,105683032,,INE726G01019,ICICI Prudential Life Insurance Company Limited,2023-11-24 12:11:59,ICICIPRULI
21-Nov-2023 20:01:14,,https://nsearchives.nseindia.com/corporate/ICICIPRULI_21112023200114_SE_Investor_meet_Nov_21_2023.pdf,ICICI Prudential Life Insurance Company Limited has informed the Exchange about Schedule of meet,,,Analysts/Institutional Investor Meet/Con. Call Updates,00:00:08,21112023200114,21-Nov-2023 20:01:22,-,False,,,105680638,,INE726G01019,ICICI Prudential Life Insurance Company Limited,2023-11-21 20:01:14,ICICIPRULI
17-Nov-2023 17:34:57,,https://nsearchives.nseindia.com/corporate/ICICIPRULI_17112023173457_SE_Intimation_November_17_2023.pdf,ICICI Prudential Life Insurance Company Limited has informed the Exchange regarding Allotment of 10000  Shares.,,,ESOP/ESOS/ESPS,00:00:08,17112023173457,17-Nov-2023 17:35:05,-,False,,,105678478,,INE726G01019,ICICI Prudential Life Insurance Company Limited,2023-11-17 17:34:57,ICICIPRULI
16-Nov-2023 16:33:50,,https://nsearchives.nseindia.com/corporate/ICICIPRULI_16112023163350_SE_Investor_meet_Nov_16_2023.pdf,ICICI Prudential Life Insurance Company Limited has informed the Exchange regarding 'Change in schedule of analyst/investor meet'.,,,Updates,00:00:07,16112023163350,16-Nov-2023 16:33:57,-,False,,,105677487,,INE726G01019,ICICI Prudential Life Insurance Company Limited,2023-11-16 16:33:50,ICICIPRULI
15-Nov-2023 16:59:00,,https://nsearchives.nseindia.com/corporate/ICICIPRULI_15112023165900_SE_Investor_meet_Nov_15_2023.pdf,ICICI Prudential Life Insurance Company Limited has informed the Exchange regarding 'Change in schedule of analyst/investor meet'.,,,Updates,00:00:26,15112023165900,15-Nov-2023 16:59:26,-,False,,,105676490,,INE726G01019,ICICI Prudential Life Insurance Company Limited,2023-11-15 16:59:00,ICICIPRULI
10-Nov-2023 13:29:44,,https://nsearchives.nseindia.com/corporate/ICICIPRULI_10112023132944_SE_Intimation_November_10_2023.pdf,ICICI Prudential Life Insurance Company Limited has informed the Exchange regarding Allotment of 10000  Shares.,,,ESOP/ESOS/ESPS,00:00:17,10112023132944,10-Nov-2023 13:30:01,-,False,,,105672863,,INE726G01019,ICICI Prudential Life Insurance Company Limited,2023-11-10 13:29:44,ICICIPRULI
09-Nov-2023 18:35:30,,https://nsearchives.nseindia.com/corporate/ICICIPRULI_09112023183530_SE_Investor_meet_Nov_9_2023_Intimation_2.pdf,ICICI Prudential Life Insurance Company Limited has informed the Exchange about Schedule of meet,,,Analysts/Institutional Investor Meet/Con. Call Updates,00:00:09,09112023183530,09-Nov-2023 18:35:39,-,False,,,105671734,,INE726G01019,ICICI Prudential Life Insurance Company Limited,2023-11-09 18:35:30,ICICIPRULI
09-Nov-2023 18:30:57,,https://nsearchives.nseindia.com/corporate/ICICIPRULI_09112023183057_SE_Investor_meet_Nov_9_2023_Intimation.pdf,ICICI Prudential Life Insurance Company Limited has informed the Exchange about Schedule of meet,,,Analysts/Institutional Investor Meet/Con. Call Updates,00:00:10,09112023183057,09-Nov-2023 18:31:07,-,False,,,105671712,,INE726G01019,ICICI Prudential Life Insurance Company Limited,2023-11-09 18:30:57,ICICIPRULI
09-Nov-2023 18:27:05,,https://nsearchives.nseindia.com/corporate/ICICIPRULI_09112023182705_SE_Investor_meet_Nov_9_2023.pdf,ICICI Prudential Life Insurance Company Limited has informed the Exchange regarding 'Changes in schedule of analyst/investor meet'.,,,Updates,00:00:14,09112023182705,09-Nov-2023 18:27:19,-,False,,,105671696,,INE726G01019,ICICI Prudential Life Insurance Company Limited,2023-11-09 18:27:05,ICICIPRULI
09-Nov-2023 15:37:56,,https://nsearchives.nseindia.com/corporate/ICICIPRULI_09112023153756_SE_Investor_meet_Nov_9_2023.pdf,ICICI Prudential Life Insurance Company Limited has informed the Exchange regarding 'Analyst/Investor Meet'.,,,Updates,00:00:09,09112023153756,09-Nov-2023 15:38:05,-,False,,,105671146,,INE726G01019,ICICI Prudential Life Insurance Company Limited,2023-11-09 15:37:56,ICICIPRULI
08-Nov-2023 18:52:10,,https://nsearchives.nseindia.com/corporate/ICICIPRULI_08112023185210_SE_Investor_meet_Nov_8_2023.pdf,ICICI Prudential Life Insurance Company Limited has informed the Exchange regarding 'Analyst/Investor Meet'.,,,Updates,00:00:12,08112023185210,08-Nov-2023 18:52:22,-,False,,,105670012,,INE726G01019,ICICI Prudential Life Insurance Company Limited,2023-11-08 18:52:10,ICICIPRULI
07-Nov-2023 16:27:19,,https://nsearchives.nseindia.com/corporate/ICICIPRULI_07112023162719_SE_Investor_meet_Nov_7_2023.pdf,ICICI Prudential Life Insurance Company Limited has informed the Exchange regarding 'Analyst/Investor Meet'.,,,Updates,00:00:12,07112023162719,07-Nov-2023 16:27:31,-,False,,,105667750,,INE726G01019,ICICI Prudential Life Insurance Company Limited,2023-11-07 16:27:19,ICICIPRULI
07-Nov-2023 12:55:01,,https://nsearchives.nseindia.com/corporate/ICICIPRULI_07112023125501_SE_monthly_business_presentation_Oct_2023.pdf,ICICI Prudential Life Insurance Company Limited has informed the Exchange about Investor Presentation,,,Investor Presentation,00:00:06,07112023125501,07-Nov-2023 12:55:07,-,False,,,105667386,,INE726G01019,ICICI Prudential Life Insurance Company Limited,2023-11-07 12:55:01,ICICIPRULI
06-Nov-2023 18:24:14,,https://nsearchives.nseindia.com/corporate/ICICIPRULI_06112023182414_SE_Investor_meet_Nov_6_2023.pdf,ICICI Prudential Life Insurance Company Limited has informed the Exchange about Schedule of meet,,,Analysts/Institutional Investor Meet/Con. Call Updates,00:00:08,06112023182414,06-Nov-2023 18:24:22,-,False,,,105666407,,INE726G01019,ICICI Prudential Life Insurance Company Limited,2023-11-06 18:24:14,ICICIPRULI
02-Nov-2023 22:52:06,,https://nsearchives.nseindia.com/corporate/ICICIPRULI_02112023225206_SE_Intimation_November_2_2023.pdf,ICICI Prudential Life Insurance Company Limited has informed the Exchange regarding Allotment of 49600  Shares.,,,ESOP/ESOS/ESPS,00:00:05,02112023225206,02-Nov-2023 22:52:11,-,False,,,105663178,,INE726G01019,ICICI Prudential Life Insurance Company Limited,2023-11-02 22:52:06,ICICIPRULI
01-Nov-2023 18:03:41,,https://nsearchives.nseindia.com/corporate/ICICIPRULI_01112023180341_SE_Investor_meet_Nov_1_2023.pdf,ICICI Prudential Life Insurance Company Limited has informed the Exchange regarding 'Analyst/Investor Meet'.,,,Updates,00:00:07,01112023180341,01-Nov-2023 18:03:48,-,False,,,105661074,,INE726G01019,ICICI Prudential Life Insurance Company Limited,2023-11-01 18:03:41,ICICIPRULI
31-Oct-2023 13:08:18,,https://nsearchives.nseindia.com/corporate/ICICIPRULI_31102023130818_SE_Investor_meet_Oct_31_2023.pdf,ICICI Prudential Life Insurance Company Limited has informed the Exchange regarding 'Analyst/Investor Meet'.,,,Updates,00:00:05,31102023130818,31-Oct-2023 13:08:23,-,False,,,105658731,,INE726G01019,ICICI Prudential Life Insurance Company Limited,2023-10-31 13:08:18,ICICIPRULI
25-Oct-2023 11:25:15,,https://nsearchives.nseindia.com/corporate/ICICIPRULI_25102023112515_SE_Intimation_October_25_2023.pdf,ICICI Prudential Life Insurance Company Limited has informed the Exchange regarding Allotment of 282980  Shares.,,,ESOP/ESOS/ESPS,00:00:06,25102023112515,25-Oct-2023 11:25:21,-,False,,,105652479,,INE726G01019,ICICI Prudential Life Insurance Company Limited,2023-10-25 11:25:15,ICICIPRULI
23-Oct-2023 19:51:24,,https://nsearchives.nseindia.com/corporate/ICICIPRULI_23102023195124_SE_intimation_Earnings_Call_Transcript_signed.pdf,ICICI Prudential Life Insurance Company Limited has informed the Exchange about Transcript,,,Analysts/Institutional Investor Meet/Con. Call Updates,00:00:08,23102023195124,23-Oct-2023 19:51:32,-,False,,,105651833,,INE726G01019,ICICI Prudential Life Insurance Company Limited,2023-10-23 19:51:24,ICICIPRULI
19-Oct-2023 18:05:09,,https://nsearchives.nseindia.com/corporate/ICICIPRULI_19102023180509_SE_intimation_Newspaper_advertisement_signed.pdf,ICICI Prudential Life Insurance Company Limited has informed the Exchange about Copy of Newspaper Publication,,,Copy of Newspaper Publication,00:00:06,19102023180509,19-Oct-2023 18:05:15,-,False,,,105648914,,INE726G01019,ICICI Prudential Life Insurance Company Limited,2023-10-19 18:05:09,ICICIPRULI
19-Oct-2023 15:19:36,,https://nsearchives.nseindia.com/corporate/ICICIPRULI_19102023151936_SE_Investor_meet_Oct_19_2023_signed.pdf,ICICI Prudential Life Insurance Company Limited has informed the Exchange regarding 'Analyst/Investor Meet'.,,,Updates,00:00:07,19102023151936,19-Oct-2023 15:19:43,-,False,,,105648618,,INE726G01019,ICICI Prudential Life Insurance Company Limited,2023-10-19 15:19:36,ICICIPRULI
18-Oct-2023 19:06:24,,https://nsearchives.nseindia.com/corporate/ICICIPRULI_18102023190624_SE_Investor_meet_Oct_18_2023.pdf,ICICI Prudential Life Insurance Company Limited has informed the Exchange regarding 'Analyst/Investor Meet'.,,,Updates,00:00:06,18102023190624,18-Oct-2023 19:06:30,-,False,,,105647842,,INE726G01019,ICICI Prudential Life Insurance Company Limited,2023-10-18 19:06:24,ICICIPRULI
17-Oct-2023 19:00:11,,https://nsearchives.nseindia.com/corporate/ICICIPRULI_17102023190011_Outcome_BM_October_17_2023.pdf,ICICI Prudential Life Insurance Company Limited has informed the Exchange about related Party Transactions,,,Related Party Transactions,00:00:13,17102023190011,17-Oct-2023 19:00:24,-,False,,,105646556,,INE726G01019,ICICI Prudential Life Insurance Company Limited,2023-10-17 19:00:11,ICICIPRULI
17-Oct-2023 18:48:21,,https://nsearchives.nseindia.com/corporate/ICICIPRULI_17102023184821_SE_Earnings_presentation_intimation_Oct_17_2023.pdf,ICICI Prudential Life Insurance Company Limited has informed the Exchange about Investor Presentation,,,Investor Presentation,00:00:07,17102023184821,17-Oct-2023 18:48:28,-,False,,,105646541,,INE726G01019,ICICI Prudential Life Insurance Company Limited,2023-10-17 18:48:21,ICICIPRULI
17-Oct-2023 18:44:12,,https://nsearchives.nseindia.com/corporate/Outcome_BM_October_17_2023_17102023184412.pdf,"ICICI Prudential Life Insurance Company Limited has submitted to the Exchange, the financial results for the period ended September 30, 2023.",,,Financial Result Updates,00:00:06,17102023184412,17-Oct-2023 18:44:18,-,False,,,156677,,INE726G01019,ICICI Prudential Life Insurance Company Limited,2023-10-17 18:44:12,ICICIPRULI
17-Oct-2023 18:39:09,,https://nsearchives.nseindia.com/corporate/ICICIPRULI_17102023183909_Outcome_BM_October_17_2023.pdf,"ICICI Prudential Life Insurance Company Limited has informed the Exchange regarding Outcome of Board Meeting held on October 17, 2023.",,,Outcome of Board Meeting,00:00:07,17102023183909,17-Oct-2023 18:39:16,-,False,,,105646529,,INE726G01019,ICICI Prudential Life Insurance Company Limited,2023-10-17 18:39:09,ICICIPRULI
09-Oct-2023 14:55:45,,https://nsearchives.nseindia.com/corporate/ICICIPRULI_09102023145545_SE_monthly_business_presentation_Sept_2023.pdf,ICICI Prudential Life Insurance Company Limited has informed the Exchange about Investor Presentation,,,Investor Presentation,00:00:04,09102023145545,09-Oct-2023 14:55:49,-,False,,,105639205,,INE726G01019,ICICI Prudential Life Insurance Company Limited,2023-10-09 14:55:45,ICICIPRULI
06-Oct-2023 19:33:01,,https://nsearchives.nseindia.com/corporate/ICICIPRULI_06102023193301_Disclosure_under_Regulation_30_and_55_Credit_Rating.pdf,ICICI Prudential Life Insurance Company Limited has informed the Exchange about Credit Rating,,,Credit Rating,00:00:06,06102023193301,06-Oct-2023 19:33:07,-,False,,,105638007,,INE726G01019,ICICI Prudential Life Insurance Company Limited,2023-10-06 19:33:01,ICICIPRULI
06-Oct-2023 14:58:27,,https://nsearchives.nseindia.com/corporate/ICICIPRULI_06102023145827_SE_Earnings_intimation.pdf,ICICI Prudential Life Insurance Company Limited has informed the Exchange about Schedule of meet,,,Analysts/Institutional Investor Meet/Con. Call Updates,00:00:05,06102023145827,06-Oct-2023 14:58:32,-,False,,,105637618,,INE726G01019,ICICI Prudential Life Insurance Company Limited,2023-10-06 14:58:27,ICICIPRULI
04-Oct-2023 18:38:01,,https://nsearchives.nseindia.com/corporate/ICICIPRULI_04102023183801_ICPL_74_5__BSE_and_NSE_Sept_30_2023.pdf,"ICICI Prudential Life Insurance Company Limited has informed the Exchange about Certificate under SEBI (Depositories and Participants) Regulations, 2018",,,"Certificate under SEBI (Depositories and Participants) Regulations, 2018",00:00:07,04102023183801,04-Oct-2023 18:38:08,-,False,,,105635831,,INE726G01019,ICICI Prudential Life Insurance Company Limited,2023-10-04 18:38:01,ICICIPRULI
03-Oct-2023 12:31:32,,https://nsearchives.nseindia.com/corporate/ICICIPRULI_03102023123132_SE_Intimation_October_3_2023_signed.pdf,ICICI Prudential Life Insurance Company Limited has informed the Exchange regarding Allotment of 10000  Shares.,,,ESOP/ESOS/ESPS,00:00:07,03102023123132,03-Oct-2023 12:31:39,-,False,,,105634269,,INE726G01019,ICICI Prudential Life Insurance Company Limited,2023-10-03 12:31:32,ICICIPRULI
29-Sep-2023 18:12:51,,https://nsearchives.nseindia.com/corporate/ICICIPRULI_29092023181251_Disclosure_under_Regulation_30_51_55_Credit_Rating_CRISIL_signed.pdf,ICICI Prudential Life Insurance Company Limited has informed the Exchange about Credit Rating,,,Credit Rating,00:00:04,29092023181251,29-Sep-2023 18:12:55,-,False,,,105631772,,INE726G01019,ICICI Prudential Life Insurance Company Limited,2023-09-29 18:12:51,ICICIPRULI
29-Sep-2023 14:35:42,,https://nsearchives.nseindia.com/corporate/ICICIPRULI_29092023143542_SE_intimation_Scrutiniser_Report_and_voting_results_signed.pdf,"ICICI Prudential Life Insurance Company Limited has submitted the Exchange a copy Srutinizers report of  Postal Ballot. Further, the company has informed the Exchange regarding voting results.",,,Shareholders meeting,00:00:16,29092023143542,29-Sep-2023 14:35:58,-,False,,,105630927,,INE726G01019,ICICI Prudential Life Insurance Company Limited,2023-09-29 14:35:42,ICICIPRULI
27-Sep-2023 15:29:18,,https://nsearchives.nseindia.com/corporate/ICICIPRULI_27092023152918_SE_intimation_for_Window_closure_signed.pdf,"ICICI Prudential Life Insurance Company Limited has informed the Exchange regarding the Trading Window closure pursuant to SEBI (Prohibition of Insider Trading) Regulations, 2015",,,Trading Window,00:00:03,27092023152918,27-Sep-2023 15:29:21,-,False,,,105628033,,INE726G01019,ICICI Prudential Life Insurance Company Limited,2023-09-27 15:29:18,ICICIPRULI
25-Sep-2023 19:04:12,,https://nsearchives.nseindia.com/corporate/ICICIPRULI_25092023190412_SE_Investor_meet_Sept_25_2023.pdf,ICICI Prudential Life Insurance Company Limited has informed the Exchange regarding 'Change in schedule of investor(s)/analyst(s) meet'.,,,Updates,00:00:06,25092023190412,25-Sep-2023 19:04:18,-,False,,,105625884,,INE726G01019,ICICI Prudential Life Insurance Company Limited,2023-09-25 19:04:12,ICICIPRULI
25-Sep-2023 14:24:17,,https://nsearchives.nseindia.com/corporate/ICICIPRULI_25092023142417_SE_Intimation_September_25_2023_signed.pdf,ICICI Prudential Life Insurance Company Limited has informed the Exchange regarding Allotment of 4500  Shares.,,,ESOP/ESOS/ESPS,00:00:11,25092023142417,25-Sep-2023 14:24:28,-,False,,,105625413,,INE726G01019,ICICI Prudential Life Insurance Company Limited,2023-09-25 14:24:17,ICICIPRULI
21-Sep-2023 16:24:55,,https://nsearchives.nseindia.com/corporate/ICICIPRULI_21092023162455_SE_Investor_meet_Sept_21_2023.pdf,ICICI Prudential Life Insurance Company Limited has informed the Exchange about Schedule of meet,,,Analysts/Institutional Investor Meet/Con. Call Updates,00:00:02,21092023162455,21-Sep-2023 16:24:57,-,False,,,105623037,,INE726G01019,ICICI Prudential Life Insurance Company Limited,2023-09-21 16:24:55,ICICIPRULI
20-Sep-2023 17:00:23,,https://nsearchives.nseindia.com/corporate/ICICIPRULI_20092023170023_SE_Investor_meet_Sept_20_2023_2.pdf,ICICI Prudential Life Insurance Company Limited has informed the Exchange about Schedule of meet,,,Analysts/Institutional Investor Meet/Con. Call Updates,00:00:02,20092023170023,20-Sep-2023 17:00:25,-,False,,,105622196,,INE726G01019,ICICI Prudential Life Insurance Company Limited,2023-09-20 17:00:23,ICICIPRULI
20-Sep-2023 16:56:42,,https://nsearchives.nseindia.com/corporate/ICICIPRULI_20092023165642_SE_Investor_meet_Sept_20_2023_1.pdf,ICICI Prudential Life Insurance Company Limited has informed the Exchange about Schedule of meet,,,Analysts/Institutional Investor Meet/Con. Call Updates,00:00:04,20092023165642,20-Sep-2023 16:56:46,-,False,,,105622190,,INE726G01019,ICICI Prudential Life Insurance Company Limited,2023-09-20 16:56:42,ICICIPRULI
18-Sep-2023 22:18:31,,https://nsearchives.nseindia.com/corporate/ICICIPRULI_18092023221831_SE_Reg_30_disclosure_GST_Order.pdf,"ICICI Prudential Life Insurance Company Limited has informed the Exchange regarding 'Disclosure under Regulation 30 and Regulation 51 read with Schedule III of Securities and Exchange Board of India (Listing Obligations and Disclosure Requirements) Regulations, 2015'.",,,Updates,00:00:03,18092023221831,18-Sep-2023 22:18:34,-,False,,,105621210,,INE726G01019,ICICI Prudential Life Insurance Company Limited,2023-09-18 22:18:31,ICICIPRULI
18-Sep-2023 13:42:42,,https://nsearchives.nseindia.com/corporate/ICICIPRULI_18092023134242_SE_Investor_meet_Sept_18_2023.pdf,ICICI Prudential Life Insurance Company Limited has informed the Exchange about Schedule of meet,,,Analysts/Institutional Investor Meet/Con. Call Updates,00:00:03,18092023134242,18-Sep-2023 13:42:45,-,False,,,105620808,,INE726G01019,ICICI Prudential Life Insurance Company Limited,2023-09-18 13:42:42,ICICIPRULI
18-Sep-2023 11:57:58,,https://nsearchives.nseindia.com/corporate/ICICIPRULI_18092023115758_SE_Intimation_September_18_2023_signed.pdf,ICICI Prudential Life Insurance Company Limited has informed the Exchange regarding Allotment of 40000  Shares.,,,ESOP/ESOS/ESPS,00:00:06,18092023115758,18-Sep-2023 11:58:04,-,False,,,105620745,,INE726G01019,ICICI Prudential Life Insurance Company Limited,2023-09-18 11:57:58,ICICIPRULI
15-Sep-2023 20:35:48,,https://nsearchives.nseindia.com/corporate/ICICIPRULI_15092023203548_Reg_30_LODR_Intimation_Restaurant_Brands_Asia_Limited.pdf,"ICICI Prudential Life Insurance Company Limited has informed the Exchange regarding 'Disclosure under regulation 30 read with para A of part A of Schedule III of the SEBI (Listing Obligation & Disclosure Requirement) Regulations, 2015'.",,,Updates,00:00:16,15092023203548,15-Sep-2023 20:36:04,-,False,,,105619970,,INE726G01019,ICICI Prudential Life Insurance Company Limited,2023-09-15 20:35:48,ICICIPRULI
15-Sep-2023 11:21:48,,https://nsearchives.nseindia.com/corporate/ICICIPRULI_15092023112148_SE_Intimation_ODR_Portal_signed.pdf,ICICI Prudential Life Insurance Company Limited has informed the Exchange regarding 'Intimation to investors on Online Dispute Resolution (ODR) mechanism'.,,,Updates,00:00:07,15092023112148,15-Sep-2023 11:21:55,-,False,,,105619333,,INE726G01019,ICICI Prudential Life Insurance Company Limited,2023-09-15 11:21:48,ICICIPRULI
12-Sep-2023 15:45:24,,https://nsearchives.nseindia.com/corporate/ICICIPRULI_12092023154524_SE_Investor_meet_Sept_12_2023_2.pdf,ICICI Prudential Life Insurance Company Limited has informed the Exchange about Schedule of meet,,,Analysts/Institutional Investor Meet/Con. Call Updates,00:00:05,12092023154524,12-Sep-2023 15:45:29,-,False,,,105616780,,INE726G01019,ICICI Prudential Life Insurance Company Limited,2023-09-12 15:45:24,ICICIPRULI
12-Sep-2023 15:42:01,,https://nsearchives.nseindia.com/corporate/ICICIPRULI_12092023154201_SE_Investor_meet_Sept_12_2023.pdf,ICICI Prudential Life Insurance Company Limited has informed the Exchange about Schedule of meet,,,Analysts/Institutional Investor Meet/Con. Call Updates,00:00:15,12092023154201,12-Sep-2023 15:42:16,-,False,,,105616778,,INE726G01019,ICICI Prudential Life Insurance Company Limited,2023-09-12 15:42:01,ICICIPRULI
11-Sep-2023 19:02:10,,https://nsearchives.nseindia.com/corporate/ICICIPRULI_11092023190210_SE_Investor_meet_Sept_11_2023_2_Addition.pdf,ICICI Prudential Life Insurance Company Limited has informed the Exchange regarding 'Change in schedule of analyst(s)/investor(s)'.,,,Updates,00:00:06,11092023190210,11-Sep-2023 19:02:16,-,False,,,105616093,,INE726G01019,ICICI Prudential Life Insurance Company Limited,2023-09-11 19:02:10,ICICIPRULI
11-Sep-2023 15:16:15,,https://nsearchives.nseindia.com/corporate/ICICIPRULI_11092023151615_SE_Intimation_September_11_2023_signed.pdf,ICICI Prudential Life Insurance Company Limited has informed the Exchange regarding Allotment of 26920  Shares.,,,ESOP/ESOS/ESPS,00:00:05,11092023151615,11-Sep-2023 15:16:20,-,False,,,105615819,,INE726G01019,ICICI Prudential Life Insurance Company Limited,2023-09-11 15:16:15,ICICIPRULI
11-Sep-2023 11:46:48,,https://nsearchives.nseindia.com/corporate/ICICIPRULI_11092023114648_SE_Investor_meet_Sept_11_2023.pdf,ICICI Prudential Life Insurance Company Limited has informed the Exchange about Schedule of meet,,,Analysts/Institutional Investor Meet/Con. Call Updates,00:00:16,11092023114648,11-Sep-2023 11:47:04,-,False,,,105615571,,INE726G01019,ICICI Prudential Life Insurance Company Limited,2023-09-11 11:46:48,ICICIPRULI
08-Sep-2023 20:11:40,,https://nsearchives.nseindia.com/corporate/ICICIPRULI_08092023201140_SE_Investor_meet_Sept_8_2023.pdf,ICICI Prudential Life Insurance Company Limited has informed the Exchange about Schedule of meet,,,Analysts/Institutional Investor Meet/Con. Call Updates,00:00:05,08092023201140,08-Sep-2023 20:11:45,-,False,,,105614701,,INE726G01019,ICICI Prudential Life Insurance Company Limited,2023-09-08 20:11:40,ICICIPRULI
07-Sep-2023 17:25:03,,https://nsearchives.nseindia.com/corporate/ICICIPRULI_07092023172503_SE_Investor_meet_Sept_7_2023.pdf,ICICI Prudential Life Insurance Company Limited has informed the Exchange about Schedule of meet,,,Analysts/Institutional Investor Meet/Con. Call Updates,00:00:20,07092023172503,07-Sep-2023 17:25:23,-,False,,,105613411,,INE726G01019,ICICI Prudential Life Insurance Company Limited,2023-09-07 17:25:03,ICICIPRULI
07-Sep-2023 14:06:08,,https://nsearchives.nseindia.com/corporate/ICICIPRULI_07092023140608_SE_monthly_business_presentation_Aug_2023.pdf,ICICI Prudential Life Insurance Company Limited has informed the Exchange about Investor Presentation,,,Investor Presentation,00:00:08,07092023140608,07-Sep-2023 14:06:16,-,False,,,105613079,,INE726G01019,ICICI Prudential Life Insurance Company Limited,2023-09-07 14:06:08,ICICIPRULI
06-Sep-2023 19:46:10,,https://nsearchives.nseindia.com/corporate/ICICIPRULI_06092023194610_SE_Investor_meet_Sept_6_2023_3.pdf,ICICI Prudential Life Insurance Company Limited has informed the Exchange regarding 'Announcement under Regulation 30 (LODR)-Analyst / Investor Meet'.,,,Updates,00:00:05,06092023194610,06-Sep-2023 19:46:15,-,False,,,105612306,,INE726G01019,ICICI Prudential Life Insurance Company Limited,2023-09-06 19:46:10,ICICIPRULI
06-Sep-2023 16:50:02,,https://nsearchives.nseindia.com/corporate/ICICIPRULI_06092023165002_SE_Investor_meet_Sept_6_2023_2.pdf,ICICI Prudential Life Insurance Company Limited has informed the Exchange about Schedule of meet,,,Analysts/Institutional Investor Meet/Con. Call Updates,00:00:05,06092023165002,06-Sep-2023 16:50:07,-,False,,,105611946,,INE726G01019,ICICI Prudential Life Insurance Company Limited,2023-09-06 16:50:02,ICICIPRULI
06-Sep-2023 16:46:17,,https://nsearchives.nseindia.com/corporate/ICICIPRULI_06092023164617_SE_Investor_meet_Sept_6_2023_1.pdf,ICICI Prudential Life Insurance Company Limited has informed the Exchange about Schedule of meet,,,Analysts/Institutional Investor Meet/Con. Call Updates,00:00:09,06092023164617,06-Sep-2023 16:46:26,-,False,,,105611942,,INE726G01019,ICICI Prudential Life Insurance Company Limited,2023-09-06 16:46:17,ICICIPRULI
05-Sep-2023 18:27:55,,https://nsearchives.nseindia.com/corporate/ICICIPRULI_05092023182756_SE_Investor_meet_Sept_5_2023_postponement.pdf,ICICI Prudential Life Insurance Company Limited has informed the Exchange about Schedule of meet,,,Analysts/Institutional Investor Meet/Con. Call Updates,00:00:04,05092023182755,05-Sep-2023 18:27:59,-,False,,,105610700,,INE726G01019,ICICI Prudential Life Insurance Company Limited,2023-09-05 18:27:55,ICICIPRULI
05-Sep-2023 18:24:10,,https://nsearchives.nseindia.com/corporate/ICICIPRULI_05092023182410_SE_Investor_meet_Sept_5_2023.pdf,ICICI Prudential Life Insurance Company Limited has informed the Exchange about Schedule of meet,,,Analysts/Institutional Investor Meet/Con. Call Updates,00:00:05,05092023182410,05-Sep-2023 18:24:15,-,False,,,105610686,,INE726G01019,ICICI Prudential Life Insurance Company Limited,2023-09-05 18:24:10,ICICIPRULI
04-Sep-2023 23:22:09,,https://nsearchives.nseindia.com/corporate/ICICIPRULI_04092023232209_SE_Investor_meet_September_4_2023_2.pdf,ICICI Prudential Life Insurance Company Limited has informed the Exchange about Schedule of meet,,,Analysts/Institutional Investor Meet/Con. Call Updates,00:00:02,04092023232209,04-Sep-2023 23:22:11,-,False,,,105609546,,INE726G01019,ICICI Prudential Life Insurance Company Limited,2023-09-04 23:22:09,ICICIPRULI
04-Sep-2023 23:05:09,,https://nsearchives.nseindia.com/corporate/ICICIPRULI_04092023230509_SE_Investor_meet_September_4_2023_1.pdf,ICICI Prudential Life Insurance Company Limited has informed the Exchange about Schedule of meet,,,Analysts/Institutional Investor Meet/Con. Call Updates,00:00:09,04092023230509,04-Sep-2023 23:05:18,-,False,,,105609542,,INE726G01019,ICICI Prudential Life Insurance Company Limited,2023-09-04 23:05:09,ICICIPRULI
01-Sep-2023 15:04:34,,https://nsearchives.nseindia.com/corporate/ICICIPRULI_01092023150434_SE_Investor_meet_Sept_1_2023_addition_signed.pdf,ICICI Prudential Life Insurance Company Limited has informed the Exchange regarding 'Change in schedule of analyst(s)/investor(s)'.,,,Updates,00:00:06,01092023150434,01-Sep-2023 15:04:40,-,False,,,105606560,,INE726G01019,ICICI Prudential Life Insurance Company Limited,2023-09-01 15:04:34,ICICIPRULI
01-Sep-2023 11:03:58,,https://nsearchives.nseindia.com/corporate/ICICIPRULI_01092023110358_SE_Intimation_September_1_2023_signed.pdf,ICICI Prudential Life Insurance Company Limited has informed the Exchange regarding Allotment of 155470  Shares.,,,ESOP/ESOS/ESPS,00:00:11,01092023110358,01-Sep-2023 11:04:09,-,False,,,105606232,,INE726G01019,ICICI Prudential Life Insurance Company Limited,2023-09-01 11:03:58,ICICIPRULI
30-Aug-2023 13:01:07,,https://nsearchives.nseindia.com/corporate/ICICIPRULI_30082023130107_SE_Investor_meet_August_30_2023_addition_signed.pdf,ICICI Prudential Life Insurance Company Limited has informed the Exchange regarding 'Change in schedule of analyst(s)/investor(s)'.,,,Updates,00:00:23,30082023130107,30-Aug-2023 13:01:30,-,False,,,105603947,,INE726G01019,ICICI Prudential Life Insurance Company Limited,2023-08-30 13:01:07,ICICIPRULI
30-Aug-2023 12:49:32,,https://nsearchives.nseindia.com/corporate/ICICIPRULI_30082023124932_SE_Investor_meet_August_30_2023_2_signed.pdf,ICICI Prudential Life Insurance Company Limited has informed the Exchange about Schedule of meet,,,Analysts/Institutional Investor Meet/Con. Call Updates,00:00:03,30082023124932,30-Aug-2023 12:49:35,-,False,,,105603931,,INE726G01019,ICICI Prudential Life Insurance Company Limited,2023-08-30 12:49:32,ICICIPRULI
30-Aug-2023 12:46:05,,https://nsearchives.nseindia.com/corporate/ICICIPRULI_30082023124605_SE_Investor_meet_August_30_2023_1_signed.pdf,ICICI Prudential Life Insurance Company Limited has informed the Exchange about Schedule of meet,,,Analysts/Institutional Investor Meet/Con. Call Updates,00:00:05,30082023124605,30-Aug-2023 12:46:10,-,False,,,105603927,,INE726G01019,ICICI Prudential Life Insurance Company Limited,2023-08-30 12:46:05,ICICIPRULI
29-Aug-2023 16:46:39,,https://nsearchives.nseindia.com/corporate/ICICIPRULI_29082023164639_SE_Intimation_Post_Newspaper_publication_Aug_2023.pdf,ICICI Prudential Life Insurance Company Limited has informed the Exchange about Copy of Newspaper Publication,,,Copy of Newspaper Publication,00:00:08,29082023164639,29-Aug-2023 16:46:47,-,False,,,105602945,,INE726G01019,ICICI Prudential Life Insurance Company Limited,2023-08-29 16:46:39,ICICIPRULI
28-Aug-2023 17:48:04,,https://nsearchives.nseindia.com/corporate/ICICIPRULI_28082023174804_SE_Intimation_IEPF_V1.pdf,ICICI Prudential Life Insurance Company Limited has informed the Exchange regarding 'Intimation of Notice sent to shareholders/advertised in media for transfer of shares to Investor Education and Protection Fund (IEPF)'.,,,Updates,00:00:05,28082023174804,28-Aug-2023 17:48:09,-,False,,,105601765,,INE726G01019,ICICI Prudential Life Insurance Company Limited,2023-08-28 17:48:04,ICICIPRULI
28-Aug-2023 17:45:27,,https://nsearchives.nseindia.com/corporate/ICICIPRULI_28082023174527_SE_Intimation_IEPF_V1.pdf,ICICI Prudential Life Insurance Company Limited has informed the Exchange about Copy of Newspaper Publication,,,Copy of Newspaper Publication,00:00:03,28082023174527,28-Aug-2023 17:45:30,-,False,,,105601763,,INE726G01019,ICICI Prudential Life Insurance Company Limited,2023-08-28 17:45:27,ICICIPRULI
28-Aug-2023 11:53:42,,https://nsearchives.nseindia.com/corporate/ICICIPRULI_28082023115342_SE_Intimation_Postal_ballot_notice_signed.pdf,ICICI Prudential Life Insurance Company Limited has informed the Exchange regarding Notice of Postal Ballot,,,Shareholders meeting,00:00:04,28082023115342,28-Aug-2023 11:53:46,-,False,,,105601226,,INE726G01019,ICICI Prudential Life Insurance Company Limited,2023-08-28 11:53:42,ICICIPRULI
24-Aug-2023 13:45:12,,https://nsearchives.nseindia.com/corporate/ICICIPRULI_24082023134512_SE_Intimation_Pre_Newspaper_publication_Aug_2023.pdf,ICICI Prudential Life Insurance Company Limited has informed the Exchange about Copy of Newspaper Publication,,,Copy of Newspaper Publication,00:00:03,24082023134512,24-Aug-2023 13:45:15,-,False,,,105598516,,INE726G01019,ICICI Prudential Life Insurance Company Limited,2023-08-24 13:45:12,ICICIPRULI
24-Aug-2023 11:55:34,,https://nsearchives.nseindia.com/corporate/ICICIPRULI_24082023115534_SE_Intimation_Aug_24_2023.pdf,ICICI Prudential Life Insurance Company Limited has informed the Exchange regarding  of 6500  Options.,,,ESOP/ESOS/ESPS,00:00:05,24082023115534,24-Aug-2023 11:55:39,-,False,,,105598355,,INE726G01019,ICICI Prudential Life Insurance Company Limited,2023-08-24 11:55:34,ICICIPRULI
23-Aug-2023 22:58:43,,https://nsearchives.nseindia.com/corporate/ICICIPRULI_23082023225843_SE_Investor_meet_August_23_2023_6.pdf,ICICI Prudential Life Insurance Company Limited has informed the Exchange about Schedule of meet,,,Analysts/Institutional Investor Meet/Con. Call Updates,00:00:07,23082023225843,23-Aug-2023 22:58:50,-,False,,,105598066,,INE726G01019,ICICI Prudential Life Insurance Company Limited,2023-08-23 22:58:43,ICICIPRULI
23-Aug-2023 22:56:02,,https://nsearchives.nseindia.com/corporate/ICICIPRULI_23082023225602_SE_Investor_meet_August_23_2023_5.pdf,ICICI Prudential Life Insurance Company Limited has informed the Exchange about Schedule of meet,,,Analysts/Institutional Investor Meet/Con. Call Updates,00:00:08,23082023225602,23-Aug-2023 22:56:10,-,False,,,105598065,,INE726G01019,ICICI Prudential Life Insurance Company Limited,2023-08-23 22:56:02,ICICIPRULI
23-Aug-2023 22:52:35,,https://nsearchives.nseindia.com/corporate/ICICIPRULI_23082023225235_SE_Investor_meet_August_23_2023_4.pdf,ICICI Prudential Life Insurance Company Limited has informed the Exchange about Schedule of meet,,,Analysts/Institutional Investor Meet/Con. Call Updates,00:00:09,23082023225235,23-Aug-2023 22:52:44,-,False,,,105598063,,INE726G01019,ICICI Prudential Life Insurance Company Limited,2023-08-23 22:52:35,ICICIPRULI
23-Aug-2023 22:49:16,,https://nsearchives.nseindia.com/corporate/ICICIPRULI_23082023224916_SE_Investor_meet_August_23_2023_3.pdf,ICICI Prudential Life Insurance Company Limited has informed the Exchange about Schedule of meet,,,Analysts/Institutional Investor Meet/Con. Call Updates,00:00:06,23082023224916,23-Aug-2023 22:49:22,-,False,,,105598059,,INE726G01019,ICICI Prudential Life Insurance Company Limited,2023-08-23 22:49:16,ICICIPRULI
23-Aug-2023 22:45:43,,https://nsearchives.nseindia.com/corporate/ICICIPRULI_23082023224543_SE_Investor_meet_August_23_2023_2.pdf,ICICI Prudential Life Insurance Company Limited has informed the Exchange about Schedule of meet,,,Analysts/Institutional Investor Meet/Con. Call Updates,00:00:09,23082023224543,23-Aug-2023 22:45:52,-,False,,,105598058,,INE726G01019,ICICI Prudential Life Insurance Company Limited,2023-08-23 22:45:43,ICICIPRULI
23-Aug-2023 22:42:10,,https://nsearchives.nseindia.com/corporate/ICICIPRULI_23082023224210_SE_Investor_meet_August_23_2023_1.pdf,ICICI Prudential Life Insurance Company Limited has informed the Exchange about Schedule of meet,,,Analysts/Institutional Investor Meet/Con. Call Updates,00:00:08,23082023224210,23-Aug-2023 22:42:18,-,False,,,105597976,,INE726G01019,ICICI Prudential Life Insurance Company Limited,2023-08-23 22:42:10,ICICIPRULI
22-Aug-2023 19:32:37,,https://nsearchives.nseindia.com/corporate/ICICIPRULI_22082023193237_SE_Intimation_Postal_Ballot_signed.pdf,ICICI Prudential Life Insurance Company Limited has informed the Exchange regarding 'Intimation of Postal Ballot and Cut-off Date'.,,,Updates,00:00:07,22082023193237,22-Aug-2023 19:32:44,-,False,,,105596590,,INE726G01019,ICICI Prudential Life Insurance Company Limited,2023-08-22 19:32:37,ICICIPRULI
22-Aug-2023 19:29:19,,https://nsearchives.nseindia.com/corporate/ICICIPRULI_22082023192919_SE_Intimation_Change_in_director_sign.pdf,ICICI Prudential Life Insurance Company Limited has informed the Exchange regarding Change in Director(s) of the company.,,,Change in Director(s),00:00:08,22082023192919,22-Aug-2023 19:29:27,-,False,,,105596578,,INE726G01019,ICICI Prudential Life Insurance Company Limited,2023-08-22 19:29:19,ICICIPRULI
21-Aug-2023 19:00:14,,https://nsearchives.nseindia.com/corporate/ICICIPRULI_21082023190014_SE_Investor_meet_August_21_2023.pdf,ICICI Prudential Life Insurance Company Limited has informed the Exchange about Schedule of meet,,,Analysts/Institutional Investor Meet/Con. Call Updates,00:00:26,21082023190014,21-Aug-2023 19:00:40,-,False,,,105595304,,INE726G01019,ICICI Prudential Life Insurance Company Limited,2023-08-21 19:00:14,ICICIPRULI
17-Aug-2023 11:02:03,,https://nsearchives.nseindia.com/corporate/ICICIPRULI_17082023110203_SE_Intimation_Aug_17_2023.pdf,ICICI Prudential Life Insurance Company Limited has informed the Exchange regarding Allotment of 1600  Shares.,,,ESOP/ESOS/ESPS,00:00:09,17082023110203,17-Aug-2023 11:02:12,-,False,,,105592162,,INE726G01019,ICICI Prudential Life Insurance Company Limited,2023-08-17 11:02:03,ICICIPRULI
16-Aug-2023 20:10:30,,https://nsearchives.nseindia.com/corporate/ICICIPRULI_16082023201030_SE_Investor_meet_August_16_2023_addition_Emkay.pdf,ICICI Prudential Life Insurance Company Limited has informed the Exchange regarding 'change in schedule of Analyst/Investor Meet'.,,,Updates,00:00:09,16082023201030,16-Aug-2023 20:10:39,-,False,,,105591817,,INE726G01019,ICICI Prudential Life Insurance Company Limited,2023-08-16 20:10:30,ICICIPRULI
16-Aug-2023 20:03:32,,https://nsearchives.nseindia.com/corporate/ICICIPRULI_16082023200332_SE_Investor_meet_August_16_2023_5.pdf,ICICI Prudential Life Insurance Company Limited has informed the Exchange about Schedule of meet,,,Analysts/Institutional Investor Meet/Con. Call Updates,00:00:11,16082023200332,16-Aug-2023 20:03:43,-,False,,,105591810,,INE726G01019,ICICI Prudential Life Insurance Company Limited,2023-08-16 20:03:32,ICICIPRULI
16-Aug-2023 20:00:21,,https://nsearchives.nseindia.com/corporate/ICICIPRULI_16082023200021_SE_Investor_meet_August_16_2023_4.pdf,ICICI Prudential Life Insurance Company Limited has informed the Exchange about Schedule of meet,,,Analysts/Institutional Investor Meet/Con. Call Updates,00:00:11,16082023200021,16-Aug-2023 20:00:32,-,False,,,105591807,,INE726G01019,ICICI Prudential Life Insurance Company Limited,2023-08-16 20:00:21,ICICIPRULI
16-Aug-2023 19:57:01,,https://nsearchives.nseindia.com/corporate/ICICIPRULI_16082023195701_SE_Investor_meet_August_16_2023_3.pdf,ICICI Prudential Life Insurance Company Limited has informed the Exchange about Schedule of meet,,,Analysts/Institutional Investor Meet/Con. Call Updates,00:00:10,16082023195701,16-Aug-2023 19:57:11,-,False,,,105591803,,INE726G01019,ICICI Prudential Life Insurance Company Limited,2023-08-16 19:57:01,ICICIPRULI
16-Aug-2023 19:53:19,,https://nsearchives.nseindia.com/corporate/ICICIPRULI_16082023195319_SE_Investor_meet_August_16_2023_2.pdf,ICICI Prudential Life Insurance Company Limited has informed the Exchange about Schedule of meet,,,Analysts/Institutional Investor Meet/Con. Call Updates,00:00:11,16082023195319,16-Aug-2023 19:53:30,-,False,,,105591799,,INE726G01019,ICICI Prudential Life Insurance Company Limited,2023-08-16 19:53:19,ICICIPRULI
16-Aug-2023 19:48:17,,https://nsearchives.nseindia.com/corporate/ICICIPRULI_16082023194817_SE_Investor_meet_August_16_2023_1.pdf,ICICI Prudential Life Insurance Company Limited has informed the Exchange about Schedule of meet,,,Analysts/Institutional Investor Meet/Con. Call Updates,00:00:11,16082023194817,16-Aug-2023 19:48:28,-,False,,,105591797,,INE726G01019,ICICI Prudential Life Insurance Company Limited,2023-08-16 19:48:17,ICICIPRULI
10-Aug-2023 22:31:07,,https://nsearchives.nseindia.com/corporate/ICICIPRULI_10082023223107_SE_Investor_meet_August_10_2023_2.pdf,ICICI Prudential Life Insurance Company Limited has informed the Exchange about Schedule of meet,,,Analysts/Institutional Investor Meet/Con. Call Updates,00:00:09,10082023223107,10-Aug-2023 22:31:16,-,False,,,105585255,,INE726G01019,ICICI Prudential Life Insurance Company Limited,2023-08-10 22:31:07,ICICIPRULI
10-Aug-2023 22:26:48,,https://nsearchives.nseindia.com/corporate/ICICIPRULI_10082023222648_SE_Investor_meet_August_10_2023_1.pdf,ICICI Prudential Life Insurance Company Limited has informed the Exchange about Schedule of meet,,,Analysts/Institutional Investor Meet/Con. Call Updates,00:00:12,10082023222648,10-Aug-2023 22:27:00,-,False,,,105585252,,INE726G01019,ICICI Prudential Life Insurance Company Limited,2023-08-10 22:26:48,ICICIPRULI
09-Aug-2023 23:44:53,,https://nsearchives.nseindia.com/corporate/ICICIPRULI_09082023234453_SE_Intimation_Aug_9_2023.pdf,ICICI Prudential Life Insurance Company Limited has informed the Exchange regarding Allotment of 61150  Shares.,,,ESOP/ESOS/ESPS,00:00:10,09082023234453,09-Aug-2023 23:45:03,-,False,,,105583722,,INE726G01019,ICICI Prudential Life Insurance Company Limited,2023-08-09 23:44:53,ICICIPRULI
07-Aug-2023 18:51:13,,https://nsearchives.nseindia.com/corporate/ICICIPRULI_07082023185113_SE_Investor_meet_August_7_2023_cancellation.pdf,ICICI Prudential Life Insurance Company Limited has informed the Exchange regarding 'Cancellation of Analyst/Investor Meet'.,,,Updates,02:35:59,07082023185113,07-Aug-2023 21:27:12,-,False,,,105580232,,INE726G01019,ICICI Prudential Life Insurance Company Limited,2023-08-07 18:51:13,ICICIPRULI
02-Aug-2023 20:02:16,,https://nsearchives.nseindia.com/corporate/ICICIPRULI_02082023200216_SE_Intimation_Aug_2_2023.pdf,ICICI Prudential Life Insurance Company Limited has informed the Exchange regarding Allotment of 188290  Shares.,,,ESOP/ESOS/ESPS,00:00:19,02082023200216,02-Aug-2023 20:02:35,-,False,,,105574758,,INE726G01019,ICICI Prudential Life Insurance Company Limited,2023-08-02 20:02:16,ICICIPRULI
02-Aug-2023 18:17:34,,https://nsearchives.nseindia.com/corporate/ICICIPRULI_02082023181734_SE_Investor_meet_August_2_2023.pdf,ICICI Prudential Life Insurance Company Limited has informed the Exchange about Schedule of meet,,,Analysts/Institutional Investor Meet/Con. Call Updates,00:00:30,02082023181734,02-Aug-2023 18:18:04,-,False,,,105574555,,INE726G01019,ICICI Prudential Life Insurance Company Limited,2023-08-02 18:17:34,ICICIPRULI
01-Aug-2023 17:46:30,,https://nsearchives.nseindia.com/corporate/ICICIPRULI_01082023174630_SE_Investor_meet_August_1_2023.pdf,ICICI Prudential Life Insurance Company Limited has informed the Exchange about Schedule of meet,,,Analysts/Institutional Investor Meet/Con. Call Updates,00:00:30,01082023174630,01-Aug-2023 17:47:00,-,False,,,105572953,,INE726G01019,ICICI Prudential Life Insurance Company Limited,2023-08-01 17:46:30,ICICIPRULI
31-Jul-2023 11:50:33,,https://nsearchives.nseindia.com/corporate/ICICIPRULI_31072023115033_SE_Investor_meet_July_31_2023.pdf,ICICI Prudential Life Insurance Company Limited has informed the Exchange about Schedule of meet,,,Analysts/Institutional Investor Meet/Con. Call Updates,00:00:23,31072023115033,31-Jul-2023 11:50:56,-,False,,,105570830,,INE726G01019,ICICI Prudential Life Insurance Company Limited,2023-07-31 11:50:33,ICICIPRULI
29-Jul-2023 16:07:38,,https://nsearchives.nseindia.com/corporate/ICICIPRULI_29072023160738_SE_intimation_SR.pdf,"ICICI Prudential Life Insurance Company Limited has informed the Exchange regarding 'Consolidated report issued by the Scrutiniser pursuant to Section 108 of the Companies Act, 2013 and rules made thereunder'.",,,Updates,00:00:08,29072023160738,29-Jul-2023 16:07:46,-,False,,,105570235,,INE726G01019,ICICI Prudential Life Insurance Company Limited,2023-07-29 16:07:38,ICICIPRULI
29-Jul-2023 16:04:11,,https://nsearchives.nseindia.com/corporate/ICICIPRULI_29072023160411_SE_intimation_Proceedings_VR.pdf,"ICICI Prudential Life Insurance Company Limited has informed the Exchange regarding Proceedings of Annual General Meeting held on July 28, 2023. Further, the company has informed the Exchange regarding voting results along with copy of scrutinizers report.",,,Shareholders meeting,00:00:14,29072023160411,29-Jul-2023 16:04:25,-,False,,,105570230,,INE726G01019,ICICI Prudential Life Insurance Company Limited,2023-07-29 16:04:11,ICICIPRULI
26-Jul-2023 13:30:40,,https://nsearchives.nseindia.com/corporate/ICICIPRULI_26072023133040_SE_Intimation_July_26_2023.pdf,ICICI Prudential Life Insurance Company Limited has informed the Exchange regarding Allotment of 244180  Shares.,,,ESOP/ESOS/ESPS,00:00:08,26072023133040,26-Jul-2023 13:30:48,-,False,,,105566096,,INE726G01019,ICICI Prudential Life Insurance Company Limited,2023-07-26 13:30:40,ICICIPRULI
25-Jul-2023 18:59:43,,https://nsearchives.nseindia.com/corporate/ICICIPRULI_25072023185943_SE_Investor_meet_July_25_2023_3.pdf,ICICI Prudential Life Insurance Company Limited has informed the Exchange about Schedule of meet,,,Analysts/Institutional Investor Meet/Con. Call Updates,00:00:21,25072023185943,25-Jul-2023 19:00:04,-,False,,,105565380,,INE726G01019,ICICI Prudential Life Insurance Company Limited,2023-07-25 18:59:43,ICICIPRULI
25-Jul-2023 18:56:43,,https://nsearchives.nseindia.com/corporate/ICICIPRULI_25072023185643_SE_Investor_meet_July_25_2023_2.pdf,ICICI Prudential Life Insurance Company Limited has informed the Exchange about Schedule of meet,,,Analysts/Institutional Investor Meet/Con. Call Updates,00:00:11,25072023185643,25-Jul-2023 18:56:54,-,False,,,105565374,,INE726G01019,ICICI Prudential Life Insurance Company Limited,2023-07-25 18:56:43,ICICIPRULI
25-Jul-2023 18:53:17,,https://nsearchives.nseindia.com/corporate/ICICIPRULI_25072023185317_SE_Investor_meet_July_25_2023_1.pdf,ICICI Prudential Life Insurance Company Limited has informed the Exchange about Schedule of meet,,,Analysts/Institutional Investor Meet/Con. Call Updates,00:00:07,25072023185317,25-Jul-2023 18:53:24,-,False,,,105565368,,INE726G01019,ICICI Prudential Life Insurance Company Limited,2023-07-25 18:53:17,ICICIPRULI
24-Jul-2023 18:09:48,,https://nsearchives.nseindia.com/corporate/ICICIPRULI_24072023180949_SE_Earnings_transcript_July_2023.pdf,ICICI Prudential Life Insurance Company Limited has informed the Exchange about Transcript,,,Analysts/Institutional Investor Meet/Con. Call Updates,00:00:09,24072023180948,24-Jul-2023 18:09:57,-,False,,,105564093,,INE726G01019,ICICI Prudential Life Insurance Company Limited,2023-07-24 18:09:48,ICICIPRULI
20-Jul-2023 21:33:45,,https://nsearchives.nseindia.com/corporate/ICICIPRULI_20072023213345_SE_Investor_meet_July_20_2023_2.pdf,ICICI Prudential Life Insurance Company Limited has informed the Exchange about Schedule of meet,,,Analysts/Institutional Investor Meet/Con. Call Updates,00:00:07,20072023213345,20-Jul-2023 21:33:52,-,False,,,105561406,,INE726G01019,ICICI Prudential Life Insurance Company Limited,2023-07-20 21:33:45,ICICIPRULI
20-Jul-2023 21:29:51,,https://nsearchives.nseindia.com/corporate/ICICIPRULI_20072023212951_SE_Investor_meet_July_20_2023_1.pdf,ICICI Prudential Life Insurance Company Limited has informed the Exchange about Schedule of meet,,,Analysts/Institutional Investor Meet/Con. Call Updates,00:00:09,20072023212951,20-Jul-2023 21:30:00,-,False,,,105561403,,INE726G01019,ICICI Prudential Life Insurance Company Limited,2023-07-20 21:29:51,ICICIPRULI
20-Jul-2023 21:25:14,,https://nsearchives.nseindia.com/corporate/ICICIPRULI_20072023212514_SE_Intimation_Newspaper_Publication_June_2023.pdf,ICICI Prudential Life Insurance Company Limited has informed the Exchange about Copy of Newspaper Publication,,,Copy of Newspaper Publication,00:00:10,20072023212514,20-Jul-2023 21:25:24,-,False,,,105561399,,INE726G01019,ICICI Prudential Life Insurance Company Limited,2023-07-20 21:25:14,ICICIPRULI
19-Jul-2023 17:26:21,,https://nsearchives.nseindia.com/corporate/ICICIPRULI_19072023172622_SE_Investor_meet_July_19_2023.pdf,ICICI Prudential Life Insurance Company Limited has informed the Exchange about Schedule of meet,,,Analysts/Institutional Investor Meet/Con. Call Updates,00:00:07,19072023172621,19-Jul-2023 17:26:28,-,False,,,105559855,,INE726G01019,ICICI Prudential Life Insurance Company Limited,2023-07-19 17:26:21,ICICIPRULI
18-Jul-2023 13:37:20,,https://nsearchives.nseindia.com/corporate/ICICIPRULI_18072023133720_SE_Earnings_presentation_intimation_July_18_2023.pdf,ICICI Prudential Life Insurance Company Limited has informed the Exchange about Investor Presentation,,,Investor Presentation,00:00:09,18072023133720,18-Jul-2023 13:37:29,-,False,,,105558439,,INE726G01019,ICICI Prudential Life Insurance Company Limited,2023-07-18 13:37:20,ICICIPRULI
18-Jul-2023 13:28:25,,https://nsearchives.nseindia.com/corporate/SEBI_Results_Q1_FY2024_18072023132825.pdf,"ICICI Prudential Life Insurance Company Limited has submitted to the Exchange, the financial results for the period ended June 30, 2023.",,,Financial Result Updates,00:00:05,18072023132825,18-Jul-2023 13:28:30,-,False,,,154651,,INE726G01019,ICICI Prudential Life Insurance Company Limited,2023-07-18 13:28:25,ICICIPRULI
18-Jul-2023 13:25:15,,https://nsearchives.nseindia.com/corporate/ICICIPRULI_18072023132515_Outcome_BM_July_18_2023.pdf,"ICICI Prudential Life Insurance Company Limited has informed the Exchange regarding Outcome of Board Meeting held on July 18, 2023.",,,Outcome of Board Meeting,00:00:20,18072023132515,18-Jul-2023 13:25:35,-,False,,,105558428,,INE726G01019,ICICI Prudential Life Insurance Company Limited,2023-07-18 13:25:15,ICICIPRULI
14-Jul-2023 15:51:00,,https://nsearchives.nseindia.com/corporate/ICICIPRULI_14072023155100_SE_Investor_meet_July_14_2023.pdf,ICICI Prudential Life Insurance Company Limited has informed the Exchange about Schedule of meet,,,Analysts/Institutional Investor Meet/Con. Call Updates,00:00:09,14072023155100,14-Jul-2023 15:51:09,-,False,,,105555744,,INE726G01019,ICICI Prudential Life Insurance Company Limited,2023-07-14 15:51:00,ICICIPRULI
13-Jul-2023 19:02:44,,https://nsearchives.nseindia.com/corporate/ICICIPRULI_13072023190244_SE_Intimation_July_13_2023.pdf,ICICI Prudential Life Insurance Company Limited has informed the Exchange regarding Allotment of 14000  Shares.,,,ESOP/ESOS/ESPS,00:00:07,13072023190244,13-Jul-2023 19:02:51,-,False,,,105554877,,INE726G01019,ICICI Prudential Life Insurance Company Limited,2023-07-13 19:02:44,ICICIPRULI
08-Jul-2023 11:41:38,,https://nsearchives.nseindia.com/corporate/ICICIPRULI_08072023114138_SE_Intimation_Newspaper_publication.pdf,ICICI Prudential Life Insurance Company Limited has informed the Exchange about Copy of Newspaper Publication confirming dispatch of the addendum to the notice of 23rd AGM of the Company,,,Copy of Newspaper Publication,00:00:09,08072023114138,08-Jul-2023 11:41:47,-,False,,,105550111,,INE726G01019,ICICI Prudential Life Insurance Company Limited,2023-07-08 11:41:38,ICICIPRULI
07-Jul-2023 20:20:25,,https://nsearchives.nseindia.com/corporate/ICICIPRULI_07072023202026_SE_Earnings_intimation_June_2023.pdf,ICICI Prudential Life Insurance Company Limited has informed the Exchange about Schedule of meet,,,Analysts/Institutional Investor Meet/Con. Call Updates,00:00:31,07072023202025,07-Jul-2023 20:20:56,-,False,,,105549851,,INE726G01019,ICICI Prudential Life Insurance Company Limited,2023-07-07 20:20:25,ICICIPRULI
07-Jul-2023 19:14:21,,https://nsearchives.nseindia.com/corporate/ICICIPRULI_07072023191421_SE_monthly_business_presentation_June_2023.pdf,ICICI Prudential Life Insurance Company Limited has informed the Exchange about Investor Presentation,,,Investor Presentation,00:00:08,07072023191421,07-Jul-2023 19:14:29,-,False,,,105549802,,INE726G01019,ICICI Prudential Life Insurance Company Limited,2023-07-07 19:14:21,ICICIPRULI
06-Jul-2023 19:46:06,,https://nsearchives.nseindia.com/corporate/ICICIPRULI_06072023194606_SE_Intimation_Annual_Report_Cover_Letter_July_6_2023.pdf,"ICICI Prudential Life Insurance Company Limited has informed the Exchange about Addendum to the Notice of the Annual General Meeting of the Company to be held on July 28, 2023.",,,Addendum,00:00:07,06072023194606,06-Jul-2023 19:46:13,-,False,,,105548633,,INE726G01019,ICICI Prudential Life Insurance Company Limited,2023-07-06 19:46:06,ICICIPRULI
06-Jul-2023 18:34:26,,https://nsearchives.nseindia.com/corporate/ICICIPRULI_06072023183426_ICPL_74_5__BSE_and_NSE_June_30_2023.pdf,"ICICI Prudential Life Insurance Company Limited has informed the Exchange about Certificate under SEBI (Depositories and Participants) Regulations, 2018",,,"Certificate under SEBI (Depositories and Participants) Regulations, 2018",00:00:08,06072023183426,06-Jul-2023 18:34:34,-,False,,,105548560,,INE726G01019,ICICI Prudential Life Insurance Company Limited,2023-07-06 18:34:26,ICICIPRULI
04-Jul-2023 19:22:44,,https://nsearchives.nseindia.com/corporate/ICICIPRULI_04072023192244_SE_Intimation_July_4_2023.pdf,ICICI Prudential Life Insurance Company Limited has informed the Exchange regarding Allotment of 17300  Shares.,,,ESOP/ESOS/ESPS,00:00:08,04072023192244,04-Jul-2023 19:22:52,-,False,,,105546432,,INE726G01019,ICICI Prudential Life Insurance Company Limited,2023-07-04 19:22:44,ICICIPRULI
04-Jul-2023 17:07:38,,https://nsearchives.nseindia.com/corporate/ICICIPRULI_04072023170738_SE_Intimation_Newspaper_publication.pdf,ICICI Prudential Life Insurance Company Limited has informed the Exchange about Copy of Newspaper Publication,,,Copy of Newspaper Publication,00:00:10,04072023170738,04-Jul-2023 17:07:48,-,False,,,105546256,,INE726G01019,ICICI Prudential Life Insurance Company Limited,2023-07-04 17:07:38,ICICIPRULI
03-Jul-2023 13:16:41,,https://nsearchives.nseindia.com/corporate/ICICIPRULI_03072023131641_AR_22137_ICICIPRULI_2022_2023_03072023115238.pdf,ICICI Prudential Life Insurance Company Limited has informed the Exchange regarding 'Business Responsibility and Sustainability Report for the FY2023'.,,,Updates,00:00:06,03072023131641,03-Jul-2023 13:16:47,-,False,,,105545014,,INE726G01019,ICICI Prudential Life Insurance Company Limited,2023-07-03 13:16:41,ICICIPRULI
03-Jul-2023 13:02:10,,https://nsearchives.nseindia.com/corporate/ICICIPRULI_03072023130210_AR_22137_ICICIPRULI_2022_2023_03072023115238.pdf,"ICICI Prudential Life Insurance Company Limited has informed the Exchange regarding Notice of Annual General Meeting to be held on July 28, 2023",,,Shareholders meeting,00:00:12,03072023130210,03-Jul-2023 13:02:22,-,False,,,105545002,,INE726G01019,ICICI Prudential Life Insurance Company Limited,2023-07-03 13:02:10,ICICIPRULI
28-Jun-2023 19:15:49,,https://nsearchives.nseindia.com/corporate/ICICIPRULI_28062023191549_SE_intimation_communication_of_TDS.pdf,"ICICI Prudential Life Insurance Company Limited has informed the Exchange regarding 'Intimation under regulation 30 of SEBI (Listing Obligation Disclosure Requirements) Regulations, 2015   Communication to shareholders of deduction of tax at source on dividend income'.",,,Updates,00:00:04,28062023191549,28-Jun-2023 19:15:53,-,False,,,105541292,,INE726G01019,ICICI Prudential Life Insurance Company Limited,2023-06-28 19:15:49,ICICIPRULI
26-Jun-2023 21:43:33,,https://nsearchives.nseindia.com/corporate/ICICIPRULI_26062023214333_SE_intimation_GST.pdf,"ICICI Prudential Life Insurance Company Limited has informed the Exchange regarding 'Intimation under regulation 30 of the SEBI (Listing Obligations and Disclosure Requirements) Regulations, 2015'.",,,Updates,00:00:05,26062023214333,26-Jun-2023 21:43:38,-,False,,,105539018,,INE726G01019,ICICI Prudential Life Insurance Company Limited,2023-06-26 21:43:33,ICICIPRULI
26-Jun-2023 17:23:04,,https://nsearchives.nseindia.com/corporate/ICICIPRULI_26062023172304_SE_intimation_for_Window_closure_V1.pdf,"ICICI Prudential Life Insurance Company Limited has informed the Exchange regarding the Trading Window closure pursuant to SEBI (Prohibition of Insider Trading) Regulations, 2015",,,Trading Window,00:00:07,26062023172304,26-Jun-2023 17:23:11,-,False,,,105538668,,INE726G01019,ICICI Prudential Life Insurance Company Limited,2023-06-26 17:23:04,ICICIPRULI
24-Jun-2023 18:27:20,,https://nsearchives.nseindia.com/corporate/ICICIPRULI_24062023182720_SE_Investor_meet_June_24_2023_2.pdf,ICICI Prudential Life Insurance Company Limited has informed the Exchange about Schedule of meet,,,Analysts/Institutional Investor Meet/Con. Call Updates,00:00:03,24062023182720,24-Jun-2023 18:27:23,-,False,,,105538113,,INE726G01019,ICICI Prudential Life Insurance Company Limited,2023-06-24 18:27:20,ICICIPRULI
24-Jun-2023 18:23:49,,https://nsearchives.nseindia.com/corporate/ICICIPRULI_24062023182350_SE_Investor_meet_June_24_2023_1.pdf,ICICI Prudential Life Insurance Company Limited has informed the Exchange about Schedule of meet,,,Analysts/Institutional Investor Meet/Con. Call Updates,00:00:05,24062023182349,24-Jun-2023 18:23:54,-,False,,,105538112,,INE726G01019,ICICI Prudential Life Insurance Company Limited,2023-06-24 18:23:49,ICICIPRULI
24-Jun-2023 18:11:32,,https://nsearchives.nseindia.com/corporate/ICICIPRULI_24062023181132_SE_Intimation_Pre_Newspaper_publication.pdf,"Please find enclosed herewith copy of the notice published in the newspapers i.e. Financial Express, all India editions and Loksatta, Mumbai edition, on Saturday, June 24, 2023, with respect to information to the shareholders regarding 23rd Annual General Meeting of the Company to be held on Friday, July 28, 2023, through Video Conference (VC)/ Other AudioVisual Means (OAVM).",,,Copy of Newspaper Publication,00:00:05,24062023181132,24-Jun-2023 18:11:37,-,False,,,105538108,,INE726G01019,ICICI Prudential Life Insurance Company Limited,2023-06-24 18:11:32,ICICIPRULI
22-Jun-2023 19:53:05,,https://nsearchives.nseindia.com/corporate/ICICIPRULI_22062023195305_SE_Intimation_June_22_2023_signed.pdf,ICICI Prudential Life Insurance Company Limited has informed the Exchange regarding Allotment of 275830  Shares.,,,ESOP/ESOS/ESPS,00:00:05,22062023195305,22-Jun-2023 19:53:10,-,False,,,105536639,,INE726G01019,ICICI Prudential Life Insurance Company Limited,2023-06-22 19:53:05,ICICIPRULI
22-Jun-2023 14:36:01,,https://nsearchives.nseindia.com/corporate/ICICIPRULI_22062023143601_SE_Investor_meet_June_22_2023.pdf,ICICI Prudential Life Insurance Company Limited has informed the Exchange about Schedule of meet,,,Analysts/Institutional Investor Meet/Con. Call Updates,00:00:03,22062023143601,22-Jun-2023 14:36:04,-,False,,,105536320,,INE726G01019,ICICI Prudential Life Insurance Company Limited,2023-06-22 14:36:01,ICICIPRULI
21-Jun-2023 15:44:17,,https://nsearchives.nseindia.com/corporate/ICICIPRULI_21062023154417_SE_Intimation_for_Book_Closure_date.pdf,"ICICI Prudential Life Insurance Company Limited has informed the Exchange regarding 'Intimation under regulation 42 of SEBI (Listing Obligation DisclosureRequirements) Regulations, 2015'.",,,Updates,00:00:05,21062023154417,21-Jun-2023 15:44:22,-,False,,,105535325,,INE726G01019,ICICI Prudential Life Insurance Company Limited,2023-06-21 15:44:17,ICICIPRULI
21-Jun-2023 15:31:43,,https://nsearchives.nseindia.com/corporate/ICICIPRULI_21062023153143_SE_Intimation_for_Book_Closure_date.pdf,ICICI Prudential Life Insurance Company Limited has informed the Exchange that Register of Members & Share Transfer Books of the Company will remain closed from 14-Jul-2023 to 28-Jul-2023 for the purpose of Dividend.,,,Book Closure,00:00:04,21062023153143,21-Jun-2023 15:31:47,-,False,,,105535309,,INE726G01019,ICICI Prudential Life Insurance Company Limited,2023-06-21 15:31:43,ICICIPRULI
20-Jun-2023 14:55:10,,https://nsearchives.nseindia.com/corporate/ICICIPRULI_20062023145510_SE_Investor_meet_June_20_2023.pdf,ICICI Prudential Life Insurance Company Limited has informed the Exchange about Schedule of meet,,,Analysts/Institutional Investor Meet/Con. Call Updates,00:00:20,20062023145510,20-Jun-2023 14:55:30,-,False,,,105534330,,INE726G01019,ICICI Prudential Life Insurance Company Limited,2023-06-20 14:55:10,ICICIPRULI
19-Jun-2023 15:04:52,,https://nsearchives.nseindia.com/corporate/ICICIPRULI_19062023150452_SE_Investor_meet_June_19_2023.pdf,ICICI Prudential Life Insurance Company Limited has informed the Exchange about Schedule of meet,,,Analysts/Institutional Investor Meet/Con. Call Updates,00:00:07,19062023150452,19-Jun-2023 15:04:59,-,False,,,105533388,,INE726G01019,ICICI Prudential Life Insurance Company Limited,2023-06-19 15:04:52,ICICIPRULI
16-Jun-2023 16:59:52,,https://nsearchives.nseindia.com/corporate/ICICIPRULI_16062023165952_SE_Investor_meet_June_16_2023.pdf,ICICI Prudential Life Insurance Company Limited has informed the Exchange about Schedule of meet,,,Analysts/Institutional Investor Meet/Con. Call Updates,00:00:04,16062023165952,16-Jun-2023 16:59:56,-,False,,,105532082,,INE726G01019,ICICI Prudential Life Insurance Company Limited,2023-06-16 16:59:52,ICICIPRULI
14-Jun-2023 20:47:55,,https://nsearchives.nseindia.com/corporate/ICICIPRULI_14062023204755_SE_Investor_meet_June_14_2023_Individual.pdf,ICICI Prudential Life Insurance Company Limited has informed the Exchange about Schedule of meet,,,Analysts/Institutional Investor Meet/Con. Call Updates,00:00:04,14062023204755,14-Jun-2023 20:47:59,-,False,,,105530454,,INE726G01019,ICICI Prudential Life Insurance Company Limited,2023-06-14 20:47:55,ICICIPRULI
14-Jun-2023 20:43:34,,https://nsearchives.nseindia.com/corporate/ICICIPRULI_14062023204334_SE_Investor_meet_June_14_2023_Group.pdf,ICICI Prudential Life Insurance Company Limited has informed the Exchange about Schedule of meet,,,Analysts/Institutional Investor Meet/Con. Call Updates,00:00:02,14062023204334,14-Jun-2023 20:43:36,-,False,,,105530453,,INE726G01019,ICICI Prudential Life Insurance Company Limited,2023-06-14 20:43:34,ICICIPRULI
13-Jun-2023 18:18:06,,https://nsearchives.nseindia.com/corporate/ICICIPRULI_13062023181806_SE_Investor_meet_June_13_2023.pdf,ICICI Prudential Life Insurance Company Limited has informed the Exchange about Schedule of meet,,,Analysts/Institutional Investor Meet/Con. Call Updates,00:00:09,13062023181806,13-Jun-2023 18:18:15,-,False,,,105529502,,INE726G01019,ICICI Prudential Life Insurance Company Limited,2023-06-13 18:18:06,ICICIPRULI
13-Jun-2023 16:46:00,,https://nsearchives.nseindia.com/corporate/ICICIPRULI_13062023164600_SE_Intimation_June_13_2023.pdf,ICICI Prudential Life Insurance Company Limited has informed the Exchange regarding Allotment of 1000  Shares.,,,ESOP/ESOS/ESPS,00:00:06,13062023164600,13-Jun-2023 16:46:06,-,False,,,105529401,,INE726G01019,ICICI Prudential Life Insurance Company Limited,2023-06-13 16:46:00,ICICIPRULI
12-Jun-2023 19:55:53,,https://nsearchives.nseindia.com/corporate/ICICIPRULI_12062023195553_SE_Investor_meet_June_12_2023.pdf,ICICI Prudential Life Insurance Company Limited has informed the Exchange about Schedule of meet,,,Analysts/Institutional Investor Meet/Con. Call Updates,00:00:04,12062023195553,12-Jun-2023 19:55:57,-,False,,,105528595,,INE726G01019,ICICI Prudential Life Insurance Company Limited,2023-06-12 19:55:53,ICICIPRULI
11-Jun-2023 10:30:24,,https://nsearchives.nseindia.com/corporate/ICICIPRULI_11062023103024_SE_Intimation_ESUS_June_11_2023_signed.pdf,"ICICI Prudential Life Insurance Company Limited has informed the Exchange regarding 'Intimation under Regulation 30 of SEBI (Listing Obligations and DisclosureRequirements) Regulations, 2015'.",,,Updates,00:00:05,11062023103024,11-Jun-2023 10:30:29,-,False,,,105528049,,INE726G01019,ICICI Prudential Life Insurance Company Limited,2023-06-11 10:30:24,ICICIPRULI
10-Jun-2023 15:47:23,,https://nsearchives.nseindia.com/corporate/ICICIPRULI_10062023154723_Stock_Exchange_intimation_for_AGM.pdf,ICICI Prudential Life Insurance Company Limited has informed the Exchange regarding 'Intimation of the date of Annual General Meeting'.,,,Updates,00:00:04,10062023154723,10-Jun-2023 15:47:27,-,False,,,105527926,,INE726G01019,ICICI Prudential Life Insurance Company Limited,2023-06-10 15:47:23,ICICIPRULI
09-Jun-2023 17:02:57,,https://nsearchives.nseindia.com/corporate/ICICIPRULI_09062023170257_SE_monthly_business_presentation_June_9_2023_signed.pdf,ICICI Prudential Life Insurance Company Limited has informed the Exchange about Investor Presentation,,,Investor Presentation,00:00:04,09062023170257,09-Jun-2023 17:03:01,-,False,,,105527409,,INE726G01019,ICICI Prudential Life Insurance Company Limited,2023-06-09 17:02:57,ICICIPRULI
08-Jun-2023 18:25:29,,https://nsearchives.nseindia.com/corporate/ICICIPRULI_08062023182529_SE_Investor_meet_June_8_2023.pdf,ICICI Prudential Life Insurance Company Limited has informed the Exchange about Schedule of meet,,,Analysts/Institutional Investor Meet/Con. Call Updates,00:00:04,08062023182529,08-Jun-2023 18:25:33,-,False,,,105526602,,INE726G01019,ICICI Prudential Life Insurance Company Limited,2023-06-08 18:25:29,ICICIPRULI
07-Jun-2023 18:29:10,,https://nsearchives.nseindia.com/corporate/ICICIPRULI_07062023182910_SE_Investor_meet_June_7_2023_Group.pdf,ICICI Prudential Life Insurance Company Limited has informed the Exchange about Schedule of meet,,,Analysts/Institutional Investor Meet/Con. Call Updates,00:00:05,07062023182910,07-Jun-2023 18:29:15,-,False,,,105525695,,INE726G01019,ICICI Prudential Life Insurance Company Limited,2023-06-07 18:29:10,ICICIPRULI
07-Jun-2023 18:27:03,,https://nsearchives.nseindia.com/corporate/ICICIPRULI_07062023182703_SE_Investor_meet_June_7_2023_Individual.pdf,ICICI Prudential Life Insurance Company Limited has informed the Exchange about Schedule of meet,,,Analysts/Institutional Investor Meet/Con. Call Updates,00:00:07,07062023182703,07-Jun-2023 18:27:10,-,False,,,105525694,,INE726G01019,ICICI Prudential Life Insurance Company Limited,2023-06-07 18:27:03,ICICIPRULI
06-Jun-2023 12:36:16,,https://nsearchives.nseindia.com/corporate/ICICIPRULI_06062023123616_SE_Investor_meet_June_6_2023.pdf,ICICI Prudential Life Insurance Company Limited has informed the Exchange about Schedule of meet,,,Analysts/Institutional Investor Meet/Con. Call Updates,00:00:05,06062023123616,06-Jun-2023 12:36:21,-,False,,,105524459,,INE726G01019,ICICI Prudential Life Insurance Company Limited,2023-06-06 12:36:16,ICICIPRULI
05-Jun-2023 19:16:17,,https://nsearchives.nseindia.com/corporate/ICICIPRULI_05062023191617_SE_Intimation_June_5_2023_signed.pdf,ICICI Prudential Life Insurance Company Limited has informed the Exchange regarding Allotment of 3000  Shares.,,,ESOP/ESOS/ESPS,00:00:02,05062023191617,05-Jun-2023 19:16:19,-,False,,,105523854,,INE726G01019,ICICI Prudential Life Insurance Company Limited,2023-06-05 19:16:17,ICICIPRULI
29-May-2023 18:38:13,,https://nsearchives.nseindia.com/corporate/ICICIPRULI_29052023183813_SE_Investor_meet_May_29_2023_signed.pdf,ICICI Prudential Life Insurance Company Limited has informed the Exchange about Schedule of meet,,,Analysts/Institutional Investor Meet/Con. Call Updates,00:00:17,29052023183813,29-May-2023 18:38:30,-,False,,,105515535,,INE726G01019,ICICI Prudential Life Insurance Company Limited,2023-05-29 18:38:13,ICICIPRULI
26-May-2023 14:48:16,,https://nsearchives.nseindia.com/corporate/ICICIPRULI_26052023144816_Signed_Annual_Secretarial_Compliance_Report_FY2023_signed.pdf,"Pursuant to Regulation 24A(2) of SEBI (Listing Obligations and Disclosure Requirements) Regulations, 2015, read with SEBI Circular No. CIR/CFD/CMD1/27/2019 dated February 8, 2019, please find enclosed herewith the Secretarial Compliance Report issued by M/s Makarand M. Joshi & Co., Practicing Company Secretaries, for the year ended March 31, 2023.",,,Annual Secretarial Compliance Report,00:00:30,26052023144816,26-May-2023 14:48:46,-,False,,,105511921,,INE726G01019,ICICI Prudential Life Insurance Company Limited,2023-05-26 14:48:16,ICICIPRULI
26-May-2023 14:26:10,,https://nsearchives.nseindia.com/corporate/ICICIPRULI_26052023142610_SE_Investor_meet_May_26_2023.pdf,ICICI Prudential Life Insurance Company Limited has informed the Exchange about Schedule of meet,,,Analysts/Institutional Investor Meet/Con. Call Updates,00:00:17,26052023142610,26-May-2023 14:26:27,-,False,,,105511885,,INE726G01019,ICICI Prudential Life Insurance Company Limited,2023-05-26 14:26:10,ICICIPRULI
25-May-2023 19:52:35,,https://nsearchives.nseindia.com/corporate/ICICIPRULI_25052023195235_SE_Investor_meet_May_23_2023_Group.pdf,ICICI Prudential Life Insurance Company Limited has informed the Exchange about Schedule of meet,,,Analysts/Institutional Investor Meet/Con. Call Updates,00:00:05,25052023195235,25-May-2023 19:52:40,-,False,,,105510875,,INE726G01019,ICICI Prudential Life Insurance Company Limited,2023-05-25 19:52:35,ICICIPRULI
25-May-2023 19:48:35,,https://nsearchives.nseindia.com/corporate/ICICIPRULI_25052023194835_SE_Investor_meet_May_23_2023_Individual.pdf,ICICI Prudential Life Insurance Company Limited has informed the Exchange about Schedule of meet,,,Analysts/Institutional Investor Meet/Con. Call Updates,00:00:09,25052023194835,25-May-2023 19:48:44,-,False,,,105510869,,INE726G01019,ICICI Prudential Life Insurance Company Limited,2023-05-25 19:48:35,ICICIPRULI
24-May-2023 18:40:51,,https://nsearchives.nseindia.com/corporate/ICICIPRULI_24052023184051_SE_intimation_communication_to_the_shareholders.pdf,ICICI Prudential Life Insurance Company Limited has informed the Exchange regarding 'Announcement Under Regulation 30 LODR - Intimation To Members of the Company Holding Shares In Physical Form'.,,,Updates,00:00:03,24052023184051,24-May-2023 18:40:54,-,False,,,105508924,,INE726G01019,ICICI Prudential Life Insurance Company Limited,2023-05-24 18:40:51,ICICIPRULI
24-May-2023 18:27:21,,https://nsearchives.nseindia.com/corporate/ICICIPRULI_24052023182721_SE_Investor_meet_May_24_2023.pdf,ICICI Prudential Life Insurance Company Limited has informed the Exchange about Schedule of meet,,,Analysts/Institutional Investor Meet/Con. Call Updates,00:00:04,24052023182721,24-May-2023 18:27:25,-,False,,,105508892,,INE726G01019,ICICI Prudential Life Insurance Company Limited,2023-05-24 18:27:21,ICICIPRULI
23-May-2023 21:14:28,,https://nsearchives.nseindia.com/corporate/ICICIPRULI_23052023211428_SE_Investor_meet_May_23_2023_Group_signed.pdf,ICICI Prudential Life Insurance Company Limited has informed the Exchange about Schedule of meet,,,Analysts/Institutional Investor Meet/Con. Call Updates,00:00:03,23052023211428,23-May-2023 21:14:31,-,False,,,105507608,,INE726G01019,ICICI Prudential Life Insurance Company Limited,2023-05-23 21:14:28,ICICIPRULI
23-May-2023 21:07:55,,https://nsearchives.nseindia.com/corporate/ICICIPRULI_23052023210755_SE_Investor_meet_May_23_2023_Individual_signed.pdf,ICICI Prudential Life Insurance Company Limited has informed the Exchange about Schedule of meet,,,Analysts/Institutional Investor Meet/Con. Call Updates,00:00:03,23052023210755,23-May-2023 21:07:58,-,False,,,105507596,,INE726G01019,ICICI Prudential Life Insurance Company Limited,2023-05-23 21:07:55,ICICIPRULI
22-May-2023 15:13:19,,https://nsearchives.nseindia.com/corporate/ICICIPRULI_22052023151319_SE_Investor_meet_May_22_2023_signed.pdf,ICICI Prudential Life Insurance Company Limited has informed the Exchange about Schedule of meet,,,Analysts/Institutional Investor Meet/Con. Call Updates,00:00:10,22052023151319,22-May-2023 15:13:29,-,False,,,105505226,,INE726G01019,ICICI Prudential Life Insurance Company Limited,2023-05-22 15:13:19,ICICIPRULI
19-May-2023 17:55:51,,https://nsearchives.nseindia.com/corporate/ICICIPRULI_19052023175551_SE_Investor_meet_May_19_2023.pdf,ICICI Prudential Life Insurance Company Limited has informed the Exchange about Schedule of meet,,,Analysts/Institutional Investor Meet/Con. Call Updates,00:00:03,19052023175551,19-May-2023 17:55:54,-,False,,,105503242,,INE726G01019,ICICI Prudential Life Insurance Company Limited,2023-05-19 17:55:51,ICICIPRULI
19-May-2023 16:15:45,,https://nsearchives.nseindia.com/corporate/ICICIPRULI_19052023161545_SEBI2.pdf,"ICICI Bank Limited has Submitted to the Exchange a copy of Disclosure under Regulation 31(4) of the Securities and Exchange Board of India (Substantial Acquisition of Shares and Takeovers) Regulations, 2011.",,,Disclosure under SEBI Takeover Regulations,00:00:11,19052023161545,19-May-2023 16:15:56,-,False,,,105478713,,INE726G01019,ICICI Prudential Life Insurance Company Limited,2023-05-19 16:15:45,ICICIPRULI
18-May-2023 17:49:24,,https://nsearchives.nseindia.com/corporate/ICICIPRULI_18052023174924_SE_Investor_meet_May_18_2023_signed.pdf,ICICI Prudential Life Insurance Company Limited has informed the Exchange about Schedule of meet,,,Analysts/Institutional Investor Meet/Con. Call Updates,00:00:10,18052023174924,18-May-2023 17:49:34,-,False,,,105501575,,INE726G01019,ICICI Prudential Life Insurance Company Limited,2023-05-18 17:49:24,ICICIPRULI
18-May-2023 16:51:51,,https://nsearchives.nseindia.com/corporate/ICICIPRULI_18052023165151_Reg_30_May_18_2023.pdf,ICICI Prudential Life Insurance Company Limited has informed the Exchange regarding 'Intimation under Regulation 30(5) of SEBI (Listing Obligations and DisclosureRequirements) Regulations 2015'.,,,Updates,00:00:03,18052023165151,18-May-2023 16:51:54,-,False,,,105501408,,INE726G01019,ICICI Prudential Life Insurance Company Limited,2023-05-18 16:51:51,ICICIPRULI
18-May-2023 16:42:08,,https://nsearchives.nseindia.com/corporate/ICICIPRULI_18052023164208_Intimation_alteration_of_AOA_signed.pdf,ICICI Prudential Life Insurance Company Limited has informed the Exchange regarding the Amendment to AOA/MOA of the company.,,,Amendment to AOA/MOA,00:00:12,18052023164208,18-May-2023 16:42:20,-,False,,,105501391,,INE726G01019,ICICI Prudential Life Insurance Company Limited,2023-05-18 16:42:08,ICICIPRULI
17-May-2023 20:33:54,,https://nsearchives.nseindia.com/corporate/ICICIPRULI_17052023203354_NSE_Signed.pdf,ICICI Prudential Life Insurance Company Limited has informed the Exchange regarding 'Change in Key Managerial Personnel'.,,,Updates,00:00:05,17052023203354,17-May-2023 20:33:59,-,False,,,105500384,,INE726G01019,ICICI Prudential Life Insurance Company Limited,2023-05-17 20:33:54,ICICIPRULI
17-May-2023 11:48:12,,https://nsearchives.nseindia.com/corporate/ICICIPRULI_17052023114812_SE_Investor_meet_May_17_2023.pdf,ICICI Prudential Life Insurance Company Limited has informed the Exchange about Schedule of meet,,,Analysts/Institutional Investor Meet/Con. Call Updates,00:00:03,17052023114812,17-May-2023 11:48:15,-,False,,,105499504,,INE726G01019,ICICI Prudential Life Insurance Company Limited,2023-05-17 11:48:12,ICICIPRULI
16-May-2023 14:40:10,,https://nsearchives.nseindia.com/corporate/ICICIPRULI_16052023144010_SE_Investor_meet_May_16_2023_signed.pdf,ICICI Prudential Life Insurance Company Limited has informed the Exchange about Schedule of meet,,,Analysts/Institutional Investor Meet/Con. Call Updates,00:00:09,16052023144010,16-May-2023 14:40:19,-,False,,,105498254,,INE726G01019,ICICI Prudential Life Insurance Company Limited,2023-05-16 14:40:10,ICICIPRULI
12-May-2023 14:36:09,,https://nsearchives.nseindia.com/corporate/ICICIPRULI_12052023143609_SE_monthly_business_presentation_April_2023.pdf,ICICI Prudential Life Insurance Company Limited has informed the Exchange about Investor Presentation,,,Investor Presentation,00:00:16,12052023143609,12-May-2023 14:36:25,-,False,,,105494744,,INE726G01019,ICICI Prudential Life Insurance Company Limited,2023-05-12 14:36:09,ICICIPRULI
11-May-2023 21:46:18,,https://nsearchives.nseindia.com/corporate/ICICIPRULI_11052023214618_SE_Investor_meet_May_11_2023.pdf,ICICI Prudential Life Insurance Company Limited has informed the Exchange about Schedule of meet,,,Analysts/Institutional Investor Meet/Con. Call Updates,00:00:04,11052023214618,11-May-2023 21:46:22,-,False,,,105493940,,INE726G01019,ICICI Prudential Life Insurance Company Limited,2023-05-11 21:46:18,ICICIPRULI
10-May-2023 17:25:32,,https://nsearchives.nseindia.com/corporate/ICICIPRULI_10052023172532_SE_Investor_meet_May_10_2023_2.pdf,ICICI Prudential Life Insurance Company Limited has informed the Exchange about Schedule of meet,,,Analysts/Institutional Investor Meet/Con. Call Updates,00:00:03,10052023172532,10-May-2023 17:25:35,-,False,,,105492151,,INE726G01019,ICICI Prudential Life Insurance Company Limited,2023-05-10 17:25:32,ICICIPRULI
10-May-2023 17:21:15,,https://nsearchives.nseindia.com/corporate/ICICIPRULI_10052023172115_SE_Investor_meet_May_10_2023_1.pdf,ICICI Prudential Life Insurance Company Limited has informed the Exchange about Schedule of meet,,,Analysts/Institutional Investor Meet/Con. Call Updates,00:00:06,10052023172115,10-May-2023 17:21:21,-,False,,,105492148,,INE726G01019,ICICI Prudential Life Insurance Company Limited,2023-05-10 17:21:15,ICICIPRULI
09-May-2023 21:16:50,,https://nsearchives.nseindia.com/corporate/ICICIPRULI_09052023211650_SE_Intimation.pdf,ICICI Prudential Life Insurance Company Limited has informed the Exchange about Schedule of meet,,,Analysts/Institutional Investor Meet/Con. Call Updates,00:00:04,09052023211650,09-May-2023 21:16:54,-,False,,,105491106,,INE726G01019,ICICI Prudential Life Insurance Company Limited,2023-05-09 21:16:50,ICICIPRULI
08-May-2023 21:14:43,,https://nsearchives.nseindia.com/corporate/ICICIPRULI_08052023211443_SE_Investor_meet_May_8_2023.pdf,ICICI Prudential Life Insurance Company Limited has informed the Exchange about Schedule of meet,,,Analysts/Institutional Investor Meet/Con. Call Updates,00:00:05,08052023211443,08-May-2023 21:14:48,-,False,,,105489621,,INE726G01019,ICICI Prudential Life Insurance Company Limited,2023-05-08 21:14:43,ICICIPRULI
04-May-2023 19:19:49,,https://nsearchives.nseindia.com/corporate/ICICIPRULI_04052023191949_SE_Intimation__Receipt_of_IRDAI_Approval_signed.pdf,"ICICI Prudential Life Insurance Company Limited has informed the Exchange regarding 'Disclosure under Regulation 30 of SEBI (Listing Obligations and Disclosure Requirements) Regulations, 2015'.",,,Updates,00:00:04,04052023191949,04-May-2023 19:19:53,-,False,,,105486592,,INE726G01019,ICICI Prudential Life Insurance Company Limited,2023-05-04 19:19:49,ICICIPRULI
03-May-2023 17:27:36,,https://nsearchives.nseindia.com/corporate/ICICIPRULI_03052023172736_SE_Investor_meet_May_3_2023.pdf,ICICI Prudential Life Insurance Company Limited has informed the Exchange about Schedule of meet,,,Analysts/Institutional Investor Meet/Con. Call Updates,00:00:03,03052023172736,03-May-2023 17:27:39,-,False,,,105485125,,INE726G01019,ICICI Prudential Life Insurance Company Limited,2023-05-03 17:27:36,ICICIPRULI
02-May-2023 16:10:28,,https://nsearchives.nseindia.com/corporate/ICICIPRULI_02052023161028_SE_Investor_meet_May_2_2023_2.pdf,ICICI Prudential Life Insurance Company Limited has informed the Exchange about Schedule of meet,,,Analysts/Institutional Investor Meet/Con. Call Updates,00:00:04,02052023161028,02-May-2023 16:10:32,-,False,,,105483778,,INE726G01019,ICICI Prudential Life Insurance Company Limited,2023-05-02 16:10:28,ICICIPRULI
02-May-2023 16:05:44,,https://nsearchives.nseindia.com/corporate/ICICIPRULI_02052023160544_SE_Investor_meet_May_2_2023_1.pdf,ICICI Prudential Life Insurance Company Limited has informed the Exchange about Schedule of meet,,,Analysts/Institutional Investor Meet/Con. Call Updates,00:00:04,02052023160544,02-May-2023 16:05:48,-,False,,,105483766,,INE726G01019,ICICI Prudential Life Insurance Company Limited,2023-05-02 16:05:44,ICICIPRULI
28-Apr-2023 18:21:55,,https://nsearchives.nseindia.com/corporate/ICICIPRULI_28042023182155_SE_Investor_meet_April_28_2023.pdf,ICICI Prudential Life Insurance Company Limited has informed the Exchange about Schedule of meet,,,Analysts/Institutional Investor Meet/Con. Call Updates,00:00:05,28042023182155,28-Apr-2023 18:22:00,-,False,,,105481834,,INE726G01019,ICICI Prudential Life Insurance Company Limited,2023-04-28 18:21:55,ICICIPRULI
27-Apr-2023 23:36:50,,https://nsearchives.nseindia.com/corporate/ICICIPRULI_27042023233650_SE_Investor_meet_April_27_2023.pdf,ICICI Prudential Life Insurance Company Limited has informed the Exchange about Schedule of meet,,,Analysts/Institutional Investor Meet/Con. Call Updates,00:00:03,27042023233650,27-Apr-2023 23:36:53,-,False,,,105481000,,INE726G01019,ICICI Prudential Life Insurance Company Limited,2023-04-27 23:36:50,ICICIPRULI
27-Apr-2023 16:38:46,,https://nsearchives.nseindia.com/corporate/ICICIPRULI_27042023163846_SE_Earnings_transcript_April_2023.pdf,"ICICI Prudential Life Insurance Company Limited has informed the Exchange about Transcript for the earnings conference call with investors and analysts held on April 20, 2023 to discuss the performance of the Company for FY2023",,,Analysts/Institutional Investor Meet/Con. Call Updates,00:00:03,27042023163846,27-Apr-2023 16:38:49,-,False,,,105480333,,INE726G01019,ICICI Prudential Life Insurance Company Limited,2023-04-27 16:38:46,ICICIPRULI
27-Apr-2023 13:05:33,,https://nsearchives.nseindia.com/corporate/ICICIPRULI_27042023130534_SE_Investor_meet_April_27_2023.pdf,ICICI Prudential Life Insurance Company Limited has informed the Exchange about Schedule of meet,,,Analysts/Institutional Investor Meet/Con. Call Updates,00:00:04,27042023130533,27-Apr-2023 13:05:37,-,False,,,105480009,,INE726G01019,ICICI Prudential Life Insurance Company Limited,2023-04-27 13:05:33,ICICIPRULI
27-Apr-2023 10:22:52,,https://nsearchives.nseindia.com/corporate/ICICIPRULI_27042023102252_Response_to_Exchanges_April_26_2023.pdf,"The Exchange has sought clarification from ICICI Prudential Life Insurance Company Limited with respect to recent news item captioned I-T dept cracks down on Bajaj Allianz, ICICI Prudential amid wider probe.  The response from the Company is attached.",,,News Verification,00:00:03,27042023102252,27-Apr-2023 10:22:55,-,False,,,105479695,,INE726G01019,ICICI Prudential Life Insurance Company Limited,2023-04-27 10:22:52,ICICIPRULI
25-Apr-2023 18:06:14,,-,"The Exchange has sought clarification from ICICI Prudential Life Insurance Company Limited with respect to recent news item captioned I-T dept cracks down on Bajaj Allianz, ICICI Prudential amid wider probe.  The response from the Company is awaited.",,,News Verification,00:00:07,25042023180614,25-Apr-2023 18:06:21,-,False,,,105477962,,INE726G01019,ICICI Prudential Life Insurance Company Limited,2023-04-25 18:06:14,ICICIPRULI
24-Apr-2023 18:16:58,,https://nsearchives.nseindia.com/corporate/ICICIPRULI_24042023181658_SE_Intimation_April_24_2023.pdf,ICICI Prudential Life Insurance Company Limited has informed the Exchange regarding Allotment of 1000  Shares.,,,ESOP/ESOS/ESPS,00:00:05,24042023181658,24-Apr-2023 18:17:03,-,False,,,105476856,,INE726G01019,ICICI Prudential Life Insurance Company Limited,2023-04-24 18:16:58,ICICIPRULI
22-Apr-2023 15:37:56,,https://nsearchives.nseindia.com/corporate/ICICIPRULI_22042023153756_SE_Intimation_Newspaper_Publication_April_2023.pdf,ICICI Prudential Life Insurance Company Limited has informed the Exchange about Copy of Newspaper Publication,,,Copy of Newspaper Publication,00:00:06,22042023153756,22-Apr-2023 15:38:02,-,False,,,105475764,,INE726G01019,ICICI Prudential Life Insurance Company Limited,2023-04-22 15:37:56,ICICIPRULI
20-Apr-2023 19:06:42,,https://nsearchives.nseindia.com/corporate/ICICIPRULI_20042023190642_Reappointment_of_Director_VPR.pdf,ICICI Prudential Life Insurance Company Limited has informed the Exchange regarding 'Re-appointment of Director of ICICI Prudential Life Insurance Company Limited ( the Company ) subject to the approval of shareholders '.,,,Updates,00:00:04,20042023190642,20-Apr-2023 19:06:46,-,False,,,105474150,,INE726G01019,ICICI Prudential Life Insurance Company Limited,2023-04-20 19:06:42,ICICIPRULI
20-Apr-2023 19:03:52,,https://nsearchives.nseindia.com/corporate/ICICIPRULI_20042023190352_Appointment_of_Director_Mr_Anuj_Bhargava.pdf,ICICI Prudential Life Insurance Company Limited has informed the Exchange regarding Change in Director(s) of the company.,,,Change in Director(s),00:00:04,20042023190352,20-Apr-2023 19:03:56,-,False,,,105474149,,INE726G01019,ICICI Prudential Life Insurance Company Limited,2023-04-20 19:03:52,ICICIPRULI
20-Apr-2023 18:47:54,,https://nsearchives.nseindia.com/corporate/ICICIPRULI_20042023184754_Earning_Call_Presentation_April_2023.pdf,ICICI Prudential Life Insurance Company Limited has informed the Exchange about Investor Presentation,,,Investor Presentation,00:00:03,20042023184754,20-Apr-2023 18:47:57,-,False,,,105474139,,INE726G01019,ICICI Prudential Life Insurance Company Limited,2023-04-20 18:47:54,ICICIPRULI
20-Apr-2023 18:39:27,,https://nsearchives.nseindia.com/corporate/ICICIPRULI_20042023183927_Dividend_2023.pdf,"ICICI Prudential Life Insurance Company Limited has informed the Exchange that Board of Directors at its meeting held on April 20, 2023, recommended Final Dividend of 0.60 per equity share.",,,Dividend,00:00:04,20042023183927,20-Apr-2023 18:39:31,-,False,,,105474134,,INE726G01019,ICICI Prudential Life Insurance Company Limited,2023-04-20 18:39:27,ICICIPRULI
20-Apr-2023 18:33:59,,https://nsearchives.nseindia.com/corporate/Outcome_BM_April_20_2023_20042023183359.pdf,"ICICI Prudential Life Insurance Company Limited has submitted to the Exchange, the financial results for the period ended March 31, 2023.",,,Financial Result Updates,00:00:03,20042023183359,20-Apr-2023 18:34:02,-,False,,,152472,,INE726G01019,ICICI Prudential Life Insurance Company Limited,2023-04-20 18:33:59,ICICIPRULI
20-Apr-2023 18:32:17,,https://nsearchives.nseindia.com/corporate/ICICIPRULI_20042023183217_Outcome_BM_April_20_2023.pdf,"ICICI Prudential Life Insurance Company Limited has informed the Exchange regarding  Board meeting held on April 20, 2023.",,,Outcome of Board Meeting,00:00:02,20042023183217,20-Apr-2023 18:32:19,-,False,,,105474128,,INE726G01019,ICICI Prudential Life Insurance Company Limited,2023-04-20 18:32:17,ICICIPRULI
13-Apr-2023 13:51:02,,https://nsearchives.nseindia.com/corporate/ICICIPRULI_13042023135102_SE_Intimation_April_13_2023.pdf,ICICI Prudential Life Insurance Company Limited has informed the Exchange regarding Allotment of 1000  Shares.,,,ESOP/ESOS/ESPS,00:00:09,13042023135102,13-Apr-2023 13:51:11,-,False,,,105468874,,INE726G01019,ICICI Prudential Life Insurance Company Limited,2023-04-13 13:51:02,ICICIPRULI
11-Apr-2023 22:21:43,,https://nsearchives.nseindia.com/corporate/ICICIPRULI_11042023222144_ICICIPRULI.pdf,"Prudential Corporation Holdings Limited��has Submitted to the Exchange a copy of Disclosure under Regulation 31(4) of the Securities and Exchange Board of India��(Substantial Acquisition of Shares and Takeovers) Regulations, 2011.��",,,Disclosure under SEBI Takeover Regulations,00:00:04,11042023222143,11-Apr-2023 22:21:47,-,False,,,105465286,,INE726G01019,ICICI Prudential Life Insurance Company Limited,2023-04-11 22:21:43,ICICIPRULI
10-Apr-2023 21:31:49,,https://nsearchives.nseindia.com/corporate/ICICIPRULI_10042023213149_ICPL_74_5__BSE_and_NSE_March_31_2023.pdf,"ICICI Prudential Life Insurance Company Limited has informed the Exchange about Certificate under Reg 74(5) of SEBI (Depositories and Participants) Regulations, 2018",,,"Certificate under SEBI (Depositories and Participants) Regulations, 2018",00:00:03,10042023213149,10-Apr-2023 21:31:52,-,False,,,105465507,,INE726G01019,ICICI Prudential Life Insurance Company Limited,2023-04-10 21:31:49,ICICIPRULI
10-Apr-2023 11:41:14,,https://nsearchives.nseindia.com/corporate/ICICIPRULI_10042023114114_SE_Earnings_intimation_March_2023.pdf,ICICI Prudential Life Insurance Company Limited has informed the Exchange about Schedule of meet,,,Analysts/Institutional Investor Meet/Con. Call Updates,00:00:04,10042023114114,10-Apr-2023 11:41:18,-,False,,,105464901,,INE726G01019,ICICI Prudential Life Insurance Company Limited,2023-04-10 11:41:14,ICICIPRULI
05-Apr-2023 18:10:16,,https://nsearchives.nseindia.com/corporate/ICICIPRULI_05042023181016_ICPL_74_5__BSE_and_NSE_March_31_2023.pdf,"ICICI Prudential Life Insurance Company Limited has informed the Exchange about Certificate under SEBI (Depositories and Participants) Regulations, 2018",,,"Certificate under SEBI (Depositories and Participants) Regulations, 2018",00:00:05,05042023181016,05-Apr-2023 18:10:21,-,False,,,105462394,,INE726G01019,ICICI Prudential Life Insurance Company Limited,2023-04-05 18:10:16,ICICIPRULI
04-Apr-2023 16:28:03,,https://nsearchives.nseindia.com/corporate/ICICIPRULI_04042023162804_SE_Intimation_April_4_2023.pdf,ICICI Prudential Life Insurance Company Limited has informed the Exchange regarding Allotment of 5260  Shares.,,,ESOP/ESOS/ESPS,00:00:03,04042023162803,04-Apr-2023 16:28:06,-,False,,,105461616,,INE726G01019,ICICI Prudential Life Insurance Company Limited,2023-04-04 16:28:03,ICICIPRULI
28-Mar-2023 19:02:00,,https://nsearchives.nseindia.com/corporate/ICICIPRULI_28032023190200_SE_Investor_meet_March_28_2023.pdf,ICICI Prudential Life Insurance Company Limited has informed the Exchange about Schedule of meet,,,Analysts/Institutional Investor Meet/Con. Call Updates,00:00:04,28032023190200,28-Mar-2023 19:02:04,-,False,,,105455612,,INE726G01019,ICICI Prudential Life Insurance Company Limited,2023-03-28 19:02:00,ICICIPRULI
27-Mar-2023 19:01:00,,https://nsearchives.nseindia.com/corporate/ICICIPRULI_27032023190100_SE_Investor_meet_March_27_2023.pdf,ICICI Prudential Life Insurance Company Limited has informed the Exchange about Schedule of meet,,,Analysts/Institutional Investor Meet/Con. Call Updates,00:00:04,27032023190100,27-Mar-2023 19:01:04,-,False,,,105454548,,INE726G01019,ICICI Prudential Life Insurance Company Limited,2023-03-27 19:01:00,ICICIPRULI
27-Mar-2023 12:04:30,,https://nsearchives.nseindia.com/corporate/ICICIPRULI_27032023120430_SE_intimation_for_Window_closure.pdf,"ICICI Prudential Life Insurance Company Limited has informed the Exchange regarding the Trading Window closure pursuant to SEBI (Prohibition of Insider Trading) Regulations, 2015",,,Trading Window,00:00:04,27032023120430,27-Mar-2023 12:04:34,-,False,,,105454094,,INE726G01019,ICICI Prudential Life Insurance Company Limited,2023-03-27 12:04:30,ICICIPRULI
24-Mar-2023 18:01:44,,https://nsearchives.nseindia.com/corporate/ICICIPRULI_24032023180144_SE_Investor_meet_March_24_2023.pdf,ICICI Prudential Life Insurance Company Limited has informed the Exchange about Schedule of meet,,,Analysts/Institutional Investor Meet/Con. Call Updates,00:00:05,24032023180144,24-Mar-2023 18:01:49,-,False,,,105453144,,INE726G01019,ICICI Prudential Life Insurance Company Limited,2023-03-24 18:01:44,ICICIPRULI
23-Mar-2023 18:35:20,,https://nsearchives.nseindia.com/corporate/ICICIPRULI_23032023183520_SE_Investor_meet_March_23_2023.pdf,ICICI Prudential Life Insurance Company Limited has informed the Exchange about Schedule of meet,,,Analysts/Institutional Investor Meet/Con. Call Updates,00:00:04,23032023183520,23-Mar-2023 18:35:24,-,False,,,105452263,,INE726G01019,ICICI Prudential Life Insurance Company Limited,2023-03-23 18:35:20,ICICIPRULI
21-Mar-2023 17:32:38,,https://nsearchives.nseindia.com/corporate/ICICIPRULI_21032023173238_SE_Investor_meet_March_21_2023.pdf,ICICI Prudential Life Insurance Company Limited has informed the Exchange about Schedule of meet,,,Analysts/Institutional Investor Meet/Con. Call Updates,00:00:04,21032023173238,21-Mar-2023 17:32:42,-,False,,,105450608,,INE726G01019,ICICI Prudential Life Insurance Company Limited,2023-03-21 17:32:38,ICICIPRULI
20-Mar-2023 11:20:48,,https://nsearchives.nseindia.com/corporate/ICICIPRULI_20032023112048_SE_Investor_meet_March_20_2023.pdf,ICICI Prudential Life Insurance Company Limited has informed the Exchange about Schedule of meet,,,Analysts/Institutional Investor Meet/Con. Call Updates,00:00:05,20032023112048,20-Mar-2023 11:20:53,-,False,,,105449331,,INE726G01019,ICICI Prudential Life Insurance Company Limited,2023-03-20 11:20:48,ICICIPRULI
16-Mar-2023 10:39:10,,https://nsearchives.nseindia.com/corporate/ICICIPRULI_16032023103910_SE_Intimation_Succession_planning.pdf,ICICI Prudential Life Insurance Company Limited has informed the Exchange regarding Change in Director(s) of the company.,,,Change in Director(s),00:00:09,16032023103910,16-Mar-2023 10:39:19,-,False,,,105447271,,INE726G01019,ICICI Prudential Life Insurance Company Limited,2023-03-16 10:39:10,ICICIPRULI
09-Mar-2023 12:05:41,,https://nsearchives.nseindia.com/corporate/ICICIPRULI_09032023120541_SE_Investor_meet_March_9_2023.pdf,ICICI Prudential Life Insurance Company Limited has informed the Exchange about Schedule of meet,,,Analysts/Institutional Investor Meet/Con. Call Updates,00:00:09,09032023120541,09-Mar-2023 12:05:50,-,False,,,105442925,,INE726G01019,ICICI Prudential Life Insurance Company Limited,2023-03-09 12:05:41,ICICIPRULI
08-Mar-2023 14:33:17,,https://nsearchives.nseindia.com/corporate/ICICIPRULI_08032023143317_SE_monthly_business_presentation_February_2023.pdf,ICICI Prudential Life Insurance Company Limited has informed the Exchange about Investor Presentation,,,Investor Presentation,00:00:05,08032023143317,08-Mar-2023 14:33:22,-,False,,,105442206,,INE726G01019,ICICI Prudential Life Insurance Company Limited,2023-03-08 14:33:17,ICICIPRULI
03-Mar-2023 21:29:46,,https://nsearchives.nseindia.com/corporate/ICICIPRULI_03032023212946_SE_Investor_meet_March_3_2023.pdf,ICICI Prudential Life Insurance Company Limited has informed the Exchange about Schedule of meet,,,Analysts/Institutional Investor Meet/Con. Call Updates,00:00:06,03032023212946,03-Mar-2023 21:29:52,-,False,,,105440303,,INE726G01019,ICICI Prudential Life Insurance Company Limited,2023-03-03 21:29:46,ICICIPRULI
02-Mar-2023 11:10:45,,https://nsearchives.nseindia.com/corporate/ICICIPRULI_02032023111045_SE_Investor_meet_March_2_2023.pdf,ICICI Prudential Life Insurance Company Limited has informed the Exchange about Schedule of meet,,,Analysts/Institutional Investor Meet/Con. Call Updates,00:00:07,02032023111045,02-Mar-2023 11:10:52,-,False,,,105439117,,INE726G01019,ICICI Prudential Life Insurance Company Limited,2023-03-02 11:10:45,ICICIPRULI
01-Mar-2023 16:12:51,,https://nsearchives.nseindia.com/corporate/ICICIPRULI_01032023161251_SE_Investor_meet_March_1_2023.pdf,ICICI Prudential Life Insurance Company Limited has informed the Exchange about Schedule of meet,,,Analysts/Institutional Investor Meet/Con. Call Updates,00:00:02,01032023161251,01-Mar-2023 16:12:53,-,False,,,105438441,,INE726G01019,ICICI Prudential Life Insurance Company Limited,2023-03-01 16:12:51,ICICIPRULI
01-Mar-2023 11:37:00,,https://nsearchives.nseindia.com/corporate/ICICIPRULI_01032023113700_SE_Investor_meet_March_1_2023.pdf,ICICI Prudential Life Insurance Company Limited has informed the Exchange about Schedule of meet,,,Analysts/Institutional Investor Meet/Con. Call Updates,00:00:05,01032023113700,01-Mar-2023 11:37:05,-,False,,,105438238,,INE726G01019,ICICI Prudential Life Insurance Company Limited,2023-03-01 11:37:00,ICICIPRULI
28-Feb-2023 11:43:02,,https://nsearchives.nseindia.com/corporate/ICICIPRULI_28022023114302_SE_Investor_meet_February_28_2023.pdf,ICICI Prudential Life Insurance Company Limited has informed the Exchange about Schedule of meet,,,Analysts/Institutional Investor Meet/Con. Call Updates,00:00:08,28022023114302,28-Feb-2023 11:43:10,-,False,,,105437313,,INE726G01019,ICICI Prudential Life Insurance Company Limited,2023-02-28 11:43:02,ICICIPRULI
27-Feb-2023 17:36:36,,https://nsearchives.nseindia.com/corporate/ICICIPRULI_27022023173636_SE_Investor_meet_February_27_2023.pdf,ICICI Prudential Life Insurance Company Limited has informed the Exchange about Schedule of meet,,,Analysts/Institutional Investor Meet/Con. Call Updates,00:00:03,27022023173636,27-Feb-2023 17:36:39,-,False,,,105436708,,INE726G01019,ICICI Prudential Life Insurance Company Limited,2023-02-27 17:36:36,ICICIPRULI
24-Feb-2023 12:42:44,,https://nsearchives.nseindia.com/corporate/ICICIPRULI_24022023124244_SE_Intimation_February_24_2023.pdf,ICICI Prudential Life Insurance Company Limited has informed the Exchange regarding Allotment of 7300  Shares.,,,ESOP/ESOS/ESPS,00:00:06,24022023124244,24-Feb-2023 12:42:50,-,False,,,105435352,,INE726G01019,ICICI Prudential Life Insurance Company Limited,2023-02-24 12:42:44,ICICIPRULI
23-Feb-2023 18:13:51,,https://nsearchives.nseindia.com/corporate/ICICIPRULI_23022023181351_SE_Investor_meet_Feb_23_2023.pdf,ICICI Prudential Life Insurance Company Limited has informed the Exchange about Schedule of meet,,,Analysts/Institutional Investor Meet/Con. Call Updates,00:00:03,23022023181351,23-Feb-2023 18:13:54,-,False,,,105434699,,INE726G01019,ICICI Prudential Life Insurance Company Limited,2023-02-23 18:13:51,ICICIPRULI
21-Feb-2023 19:00:23,,https://nsearchives.nseindia.com/corporate/ICICIPRULI_21022023190023_SE_Investor_meet_Feb_21_2023.pdf,ICICI Prudential Life Insurance Company Limited has informed the Exchange about Schedule of meet,,,Analysts/Institutional Investor Meet/Con. Call Updates,00:00:02,21022023190023,21-Feb-2023 19:00:25,-,False,,,105433024,,INE726G01019,ICICI Prudential Life Insurance Company Limited,2023-02-21 19:00:23,ICICIPRULI
21-Feb-2023 15:43:21,,https://nsearchives.nseindia.com/corporate/ICICIPRULI_21022023154321_SEintimationsigned.pdf,"Pursuant to Regulation 30 of SEBI Listing Regulations, please find attached herewith a copy of the intimation(s) sent to the shareholders of the Company holding shares in physical form for updation of PAN, KYC and other details and for enhancing awareness on arbitration facility available at stock exchanges.A copy of the intimation(s) along with relevant SEBI circulars and forms have also been disseminated on the website of the Company and can be accessed at www.iciciprulife.com.",,,Updates,00:00:04,21022023154321,21-Feb-2023 15:43:25,-,False,,,105432829,,INE726G01019,ICICI Prudential Life Insurance Company Limited,2023-02-21 15:43:21,ICICIPRULI
20-Feb-2023 16:47:41,,https://nsearchives.nseindia.com/corporate/ICICIPRULI_20022023164741_SE_Investor_meet_Feb_20_2023.pdf,ICICI Prudential Life Insurance Company Limited has informed the Exchange about Schedule of meet,,,Analysts/Institutional Investor Meet/Con. Call Updates,00:00:04,20022023164741,20-Feb-2023 16:47:45,-,False,,,105432032,,INE726G01019,ICICI Prudential Life Insurance Company Limited,2023-02-20 16:47:41,ICICIPRULI
17-Feb-2023 17:22:00,,https://nsearchives.nseindia.com/corporate/ICICIPRULI_17022023172200_SE_Investor_meet_Feb_17_2023.pdf,ICICI Prudential Life Insurance Company Limited has informed the Exchange about Schedule of meet,,,Analysts/Institutional Investor Meet/Con. Call Updates,00:00:07,17022023172200,17-Feb-2023 17:22:07,-,False,,,105430860,,INE726G01019,ICICI Prudential Life Insurance Company Limited,2023-02-17 17:22:00,ICICIPRULI
16-Feb-2023 18:28:23,,https://nsearchives.nseindia.com/corporate/ICICIPRULI_16022023182823_SE_Investor_meet_Feb_16_2023.pdf,ICICI Prudential Life Insurance Company Limited has informed the Exchange about Schedule of meet,,,Analysts/Institutional Investor Meet/Con. Call Updates,00:00:05,16022023182823,16-Feb-2023 18:28:28,-,False,,,105430019,,INE726G01019,ICICI Prudential Life Insurance Company Limited,2023-02-16 18:28:23,ICICIPRULI
15-Feb-2023 15:22:30,,https://nsearchives.nseindia.com/corporate/ICICIPRULI_15022023152230_SE_Investor_meet_Feb_15_2023.pdf,ICICI Prudential Life Insurance Company Limited has informed the Exchange about Schedule of meet,,,Analysts/Institutional Investor Meet/Con. Call Updates,00:00:04,15022023152230,15-Feb-2023 15:22:34,-,False,,,105428708,,INE726G01019,ICICI Prudential Life Insurance Company Limited,2023-02-15 15:22:30,ICICIPRULI
14-Feb-2023 18:33:11,,https://nsearchives.nseindia.com/corporate/ICICIPRULI_14022023183311_SE_Investor_meet_Feb_14_2023.pdf,ICICI Prudential Life Insurance Company Limited has informed the Exchange about Schedule of meet,,,Analysts/Institutional Investor Meet/Con. Call Updates,00:00:10,14022023183311,14-Feb-2023 18:33:21,-,False,,,105427711,,INE726G01019,ICICI Prudential Life Insurance Company Limited,2023-02-14 18:33:11,ICICIPRULI
14-Feb-2023 12:34:50,,https://nsearchives.nseindia.com/corporate/ICICIPRULI_14022023123450_SE_Investor_meet_Feb_14_2023.pdf,ICICI Prudential Life Insurance Company Limited has informed the Exchange about Schedule of meet,,,Analysts/Institutional Investor Meet/Con. Call Updates,01:46:04,14022023123450,14-Feb-2023 14:20:54,-,False,,,105426961,,INE726G01019,ICICI Prudential Life Insurance Company Limited,2023-02-14 12:34:50,ICICIPRULI
11-Feb-2023 12:34:19,,https://nsearchives.nseindia.com/corporate/ICICIPRULI_11022023123419_SE_investor_meet_Feb_10__2023.pdf,ICICI Prudential Life Insurance Company Limited has informed the Exchange about Schedule of meet,,,Analysts/Institutional Investor Meet/Con. Call Updates,00:00:05,11022023123419,11-Feb-2023 12:34:24,-,False,,,105424575,,INE726G01019,ICICI Prudential Life Insurance Company Limited,2023-02-11 12:34:19,ICICIPRULI
09-Feb-2023 16:09:45,,https://nsearchives.nseindia.com/corporate/ICICIPRULI_09022023160945_SE_investor_meet_Feb_9__2023.pdf,ICICI Prudential Life Insurance Company Limited has informed the Exchange about Schedule of meet,,,Analysts/Institutional Investor Meet/Con. Call Updates,00:00:06,09022023160945,09-Feb-2023 16:09:51,-,False,,,105422625,,INE726G01019,ICICI Prudential Life Insurance Company Limited,2023-02-09 16:09:45,ICICIPRULI
08-Feb-2023 18:09:52,,https://nsearchives.nseindia.com/corporate/ICICIPRULI_08022023180952_SE_Investor_meet_Feb_8_2023.pdf,ICICI Prudential Life Insurance Company Limited has informed the Exchange about Schedule of meet,,,Analysts/Institutional Investor Meet/Con. Call Updates,00:00:03,08022023180952,08-Feb-2023 18:09:55,-,False,,,105421607,,INE726G01019,ICICI Prudential Life Insurance Company Limited,2023-02-08 18:09:52,ICICIPRULI
07-Feb-2023 19:27:13,,https://nsearchives.nseindia.com/corporate/ICICIPRULI_07022023192713_SE_Investor_meet_Feb_7_2023.pdf,ICICI Prudential Life Insurance Company Limited has informed the Exchange about Schedule of meet with investor(s)/analyst(s).,,,Analysts/Institutional Investor Meet/Con. Call Updates,00:00:04,07022023192713,07-Feb-2023 19:27:17,-,False,,,105420389,,INE726G01019,ICICI Prudential Life Insurance Company Limited,2023-02-07 19:27:13,ICICIPRULI
07-Feb-2023 12:44:35,,https://nsearchives.nseindia.com/corporate/ICICIPRULI_07022023124435_SE_monthly_business_presentation_January_2023.pdf,ICICI Prudential Life Insurance Company Limited has informed the Exchange about Investor Presentation,,,Investor Presentation,00:00:10,07022023124435,07-Feb-2023 12:44:45,-,False,,,105419767,,INE726G01019,ICICI Prudential Life Insurance Company Limited,2023-02-07 12:44:35,ICICIPRULI
03-Feb-2023 17:20:34,,https://nsearchives.nseindia.com/corporate/ICICIPRULI_03022023172034_SE_Investor_meet_Feb_3_2023.pdf,ICICI Prudential Life Insurance Company Limited has informed the Exchange about Schedule of meet with the investor(s)/analyst(s),,,Analysts/Institutional Investor Meet/Con. Call Updates,00:00:02,03022023172034,03-Feb-2023 17:20:36,-,False,,,105417024,,INE726G01019,ICICI Prudential Life Insurance Company Limited,2023-02-03 17:20:34,ICICIPRULI
03-Feb-2023 11:17:26,,https://nsearchives.nseindia.com/corporate/ICICIPRULI_03022023111726_SE_Investor_meet_February_3_2023.pdf,ICICI Prudential Life Insurance Company Limited has informed the Exchange about Schedule of meet with investor(s)/analyst(s),,,Analysts/Institutional Investor Meet/Con. Call Updates,00:00:04,03022023111726,03-Feb-2023 11:17:30,-,False,,,105416430,,INE726G01019,ICICI Prudential Life Insurance Company Limited,2023-02-03 11:17:26,ICICIPRULI
02-Feb-2023 15:27:34,,https://nsearchives.nseindia.com/corporate/ICICIPRULI_02022023152734_SE_Investor_meet_February_2_2023.pdf,ICICI Prudential Life Insurance Company Limited has informed the Exchange about Schedule of meet with investor(s)/analyst(s),,,Analysts/Institutional Investor Meet/Con. Call Updates,00:00:05,02022023152734,02-Feb-2023 15:27:39,-,False,,,105415394,,INE726G01019,ICICI Prudential Life Insurance Company Limited,2023-02-02 15:27:34,ICICIPRULI
02-Feb-2023 01:45:38,,https://nsearchives.nseindia.com/corporate/ICICIPRULI_02022023014538_Disclosure_to_Stock_Exchanges.pdf,ICICI Prudential Life Insurance Company Limited has informed the Exchange regarding 'Finance Bill -2023'.,,,Updates,00:00:03,02022023014538,02-Feb-2023 01:45:41,-,False,,,105414856,,INE726G01019,ICICI Prudential Life Insurance Company Limited,2023-02-02 01:45:38,ICICIPRULI
28-Jan-2023 12:47:32,,https://nsearchives.nseindia.com/corporate/ICICIPRULI_28012023124732_SE_Investor_meet_January_28_2023.pdf,ICICI Prudential Life Insurance Company Limited has informed the Exchange about Schedule of meet,,,Analysts/Institutional Investor Meet/Con. Call Updates,00:00:04,28012023124732,28-Jan-2023 12:47:36,-,False,,,105410700,,INE726G01019,ICICI Prudential Life Insurance Company Limited,2023-01-28 12:47:32,ICICIPRULI
25-Jan-2023 16:59:16,,https://nsearchives.nseindia.com/corporate/ICICIPRULI_25012023165916_SE_Duplicate_Share_January_25_2023.pdf,ICICI Prudential Life Insurance Company Limited has informed the Exchange about Loss of Share Certificates,,,Loss of Share Certificates,00:00:04,25012023165916,25-Jan-2023 16:59:20,-,False,,,105408962,,INE726G01019,ICICI Prudential Life Insurance Company Limited,2023-01-25 16:59:16,ICICIPRULI
24-Jan-2023 14:44:00,,https://nsearchives.nseindia.com/corporate/ICICIPRULI_24012023144400_SE_Investor_meet_January_24_2023.pdf,ICICI Prudential Life Insurance Company Limited has informed the Exchange about Schedule of meet with the Investor(s)/Analyst(s),,,Analysts/Institutional Investor Meet/Con. Call Updates,00:00:06,24012023144400,24-Jan-2023 14:44:06,-,False,,,105407677,,INE726G01019,ICICI Prudential Life Insurance Company Limited,2023-01-24 14:44:00,ICICIPRULI
24-Jan-2023 12:27:41,,https://nsearchives.nseindia.com/corporate/ICICIPRULI_24012023122741_SE_Earnings_transcript_Jan_2023.pdf,"ICICI Prudential Life Insurance Company Limited has informed the Exchange about Transcript of earnings conference call for the quarter and nine months ended December 31, 2022.",,,Analysts/Institutional Investor Meet/Con. Call Updates,00:00:07,24012023122741,24-Jan-2023 12:27:48,-,False,,,105407571,,INE726G01019,ICICI Prudential Life Insurance Company Limited,2023-01-24 12:27:41,ICICIPRULI
24-Jan-2023 11:30:18,,https://nsearchives.nseindia.com/corporate/ICICIPRULI_24012023113018_SE_intimation_loss_of_share_certificates_24_01_2023_signed.pdf,ICICI Prudential Life Insurance Company Limited has informed the Exchange about Loss of Share Certificates,,,Loss of Share Certificates,00:00:04,24012023113018,24-Jan-2023 11:30:22,-,False,,,105407528,,INE726G01019,ICICI Prudential Life Insurance Company Limited,2023-01-24 11:30:18,ICICIPRULI
23-Jan-2023 15:17:32,,https://nsearchives.nseindia.com/corporate/ICICIPRULI_23012023151732_SE_Intimation_January_23_2023.pdf,ICICI Prudential Life Insurance Company Limited has informed the Exchange regarding Allotment of 2250  Shares under the employee stock option scheme.,,,ESOP/ESOS/ESPS,00:00:06,23012023151732,23-Jan-2023 15:17:38,-,False,,,105406298,,INE726G01019,ICICI Prudential Life Insurance Company Limited,2023-01-23 15:17:32,ICICIPRULI
19-Jan-2023 18:37:03,,https://nsearchives.nseindia.com/corporate/ICICIPRULI_19012023183703_SE_Intimation_Newspaper_Publication_January_2023.pdf,"Pursuant to Regulation 47 and other applicable provisions of SEBI (Listing Obligations and Disclosure Requirements) Regulations, 2015 as amended, please find enclosed copies of newspaper advertisement pertaining to financial results of the Company for the quarter and nine months period ended December 31, 2022. The advertisements were published in English and Marathi newspapers namely Financial Express and Loksatta, respectively.",,,Copy of Newspaper Publication,00:00:03,19012023183703,19-Jan-2023 18:37:06,-,False,,,105404404,,INE726G01019,ICICI Prudential Life Insurance Company Limited,2023-01-19 18:37:03,ICICIPRULI
18-Jan-2023 18:40:03,,https://nsearchives.nseindia.com/corporate/ICICIPRULI_18012023184003_SE_Investor_meet_January_18_2023.pdf,ICICI Prudential Life Insurance Company Limited has informed the Exchange about Schedule of meet with the investor(s)/analyst(s).,,,Analysts/Institutional Investor Meet/Con. Call Updates,00:00:04,18012023184003,18-Jan-2023 18:40:07,-,False,,,105403414,,INE726G01019,ICICI Prudential Life Insurance Company Limited,2023-01-18 18:40:03,ICICIPRULI
17-Jan-2023 20:24:09,,https://nsearchives.nseindia.com/corporate/ICICIPRULI_17012023202409_SE_Earnings_presentation_intimation_17012023.pdf,ICICI Prudential Life Insurance Company Limited has informed the Exchange about Investor Presentation,,,Investor Presentation,00:00:03,17012023202409,17-Jan-2023 20:24:12,-,False,,,105402569,,INE726G01019,ICICI Prudential Life Insurance Company Limited,2023-01-17 20:24:09,ICICIPRULI
17-Jan-2023 20:12:47,,https://nsearchives.nseindia.com/corporate/Outcome_BM_January_17_2023_Financial_results_17012023201247.pdf,"ICICI Prudential Life Insurance Company Limited has submitted to the Exchange, the financial results for the period ended December 31, 2022.",,,Financial Result Updates,00:00:04,17012023201247,17-Jan-2023 20:12:51,-,False,,,150510,,INE726G01019,ICICI Prudential Life Insurance Company Limited,2023-01-17 20:12:47,ICICIPRULI
17-Jan-2023 20:07:43,,https://nsearchives.nseindia.com/corporate/ICICIPRULI_17012023200743_Outcome_BM_January_17_2023_Financial_results.pdf,"ICICI Prudential Life Insurance Company Limited has informed the Exchange regarding  Board meeting held on January 17, 2023.",,,Outcome of Board Meeting,00:00:04,17012023200743,17-Jan-2023 20:07:47,-,False,,,105402566,,INE726G01019,ICICI Prudential Life Insurance Company Limited,2023-01-17 20:07:43,ICICIPRULI
10-Jan-2023 15:51:07,,https://nsearchives.nseindia.com/corporate/ICICIPRULI_10012023155107_SE_Earnings_intimation_Jan_2023.pdf,ICICI Prudential Life Insurance Company Limited has informed the Exchange about Schedule of meet,,,Analysts/Institutional Investor Meet/Con. Call Updates,00:00:04,10012023155107,10-Jan-2023 15:51:11,-,False,,,105397416,,INE726G01019,ICICI Prudential Life Insurance Company Limited,2023-01-10 15:51:07,ICICIPRULI
09-Jan-2023 16:23:34,,https://nsearchives.nseindia.com/corporate/ICICIPRULI_09012023162334_ICPL_74_5__BSE_and_NSE_Dec_31_2022_signed.pdf,"Pursuant to Regulation 74(5) of the SEBI (Depositories and Participants) Regulations, 2018, please find enclosed herewith the certificates received from the Registrar and Transfer Agent of the Company - KFin Technologies Limited, confirming that the details of securities dematerialized/rematerialized during the quarter ended December 31, 2022 have been furnished to all the stock exchanges where the shares of the Company are listed.",,,"Certificate under SEBI (Depositories and Participants) Regulations, 2018",00:00:04,09012023162334,09-Jan-2023 16:23:38,-,False,,,105396405,,INE726G01019,ICICI Prudential Life Insurance Company Limited,2023-01-09 16:23:34,ICICIPRULI
09-Jan-2023 11:09:35,,https://nsearchives.nseindia.com/corporate/ICICIPRULI_09012023110935_SE_monthly_business_presentation_December_2022.pdf,ICICI Prudential Life Insurance Company Limited has informed the Exchange about Investor Presentation,,,Investor Presentation,00:00:12,09012023110935,09-Jan-2023 11:09:47,-,False,,,105396003,,INE726G01019,ICICI Prudential Life Insurance Company Limited,2023-01-09 11:09:35,ICICIPRULI
29-Dec-2022 11:44:56,,https://nsearchives.nseindia.com/corporate/ICICIPRULI_29122022114456_SE_investor_meet_Dec_29_of_28_2022_signed.pdf,ICICI Prudential Life Insurance Company Limited has informed the Exchange about Schedule of meet,,,Analysts/Institutional Investor Meet/Con. Call Updates,00:00:03,29122022114456,29-Dec-2022 11:44:59,-,False,,,105388350,,INE726G01019,ICICI Prudential Life Insurance Company Limited,2022-12-29 11:44:56,ICICIPRULI
27-Dec-2022 17:56:50,,https://nsearchives.nseindia.com/corporate/ICICIPRULI_27122022175650_SE_Investor_meet_December_27_2022_signed.pdf,ICICI Prudential Life Insurance Company Limited has informed the Exchange about Schedule of meet,,,Analysts/Institutional Investor Meet/Con. Call Updates,00:00:04,27122022175650,27-Dec-2022 17:56:54,-,False,,,105386751,,INE726G01019,ICICI Prudential Life Insurance Company Limited,2022-12-27 17:56:50,ICICIPRULI
27-Dec-2022 15:29:18,,https://nsearchives.nseindia.com/corporate/ICICIPRULI_27122022152918_SE_intimation_for_Window_closure.pdf,"ICICI Prudential Life Insurance Company Limited has informed the Exchange regarding the Trading Window closure pursuant to SEBI (Prohibition of Insider Trading) Regulations, 2015",,,Trading Window,00:00:06,27122022152918,27-Dec-2022 15:29:24,-,False,,,105386621,,INE726G01019,ICICI Prudential Life Insurance Company Limited,2022-12-27 15:29:18,ICICIPRULI
23-Dec-2022 15:44:51,,https://nsearchives.nseindia.com/corporate/ICICIPRULI_23122022154451_SE_Reg_30_Dec_23_2022.pdf,"ICICI Prudential Life Insurance Company Limited has informed the Exchange regarding 'Disclosure under regulation 30 read with para A of part A of Schedule III of the SEBI (Listing Obligation & Disclosure Requirement) Regulations, 2015  '.",,,Updates,00:00:04,23122022154451,23-Dec-2022 15:44:55,-,False,,,105384668,,INE726G01019,ICICI Prudential Life Insurance Company Limited,2022-12-23 15:44:51,ICICIPRULI
22-Dec-2022 14:52:04,,https://nsearchives.nseindia.com/corporate/ICICIPRULI_22122022145204_SE_investor_meet_Dec_22_2022_signed.pdf,ICICI Prudential Life Insurance Company Limited has informed the Exchange about Schedule of meet,,,Analysts/Institutional Investor Meet/Con. Call Updates,00:00:08,22122022145204,22-Dec-2022 14:52:12,-,False,,,105383782,,INE726G01019,ICICI Prudential Life Insurance Company Limited,2022-12-22 14:52:04,ICICIPRULI
22-Dec-2022 14:47:41,,https://nsearchives.nseindia.com/corporate/ICICIPRULI_22122022144741_SE_investor_meet_Dec_21_2022_signed.pdf,ICICI Prudential Life Insurance Company Limited has informed the Exchange about Schedule of meet,,,Analysts/Institutional Investor Meet/Con. Call Updates,00:00:07,22122022144741,22-Dec-2022 14:47:48,-,False,,,105383777,,INE726G01019,ICICI Prudential Life Insurance Company Limited,2022-12-22 14:47:41,ICICIPRULI
20-Dec-2022 16:29:41,,https://nsearchives.nseindia.com/corporate/ICICIPRULI_20122022162941_SE_investor_meet_Dec_20_2022_signed.pdf,ICICI Prudential Life Insurance Company Limited has informed the Exchange about Schedule of meet,,,Analysts/Institutional Investor Meet/Con. Call Updates,00:00:05,20122022162941,20-Dec-2022 16:29:46,-,False,,,105382263,,INE726G01019,ICICI Prudential Life Insurance Company Limited,2022-12-20 16:29:41,ICICIPRULI
16-Dec-2022 13:25:39,,https://nsearchives.nseindia.com/corporate/ICICIPRULI_16122022132539_SE_Investor_meet_December_16_2022_signed.pdf,ICICI Prudential Life Insurance Company Limited has informed the Exchange about Schedule of Analysts/Institutional Investor Meet/Con. Call ,,,Schedule of Analysts/Institutional Investor Meet/Con. Call,00:00:03,16122022132539,16-Dec-2022 13:25:42,-,False,,,5131208,,INE726G01019,ICICI Prudential Life Insurance Company Limited,2022-12-16 13:25:39,ICICIPRULI
16-Dec-2022 11:25:18,,https://nsearchives.nseindia.com/corporate/ICICIPRULI_16122022112518_SE_Intimation_December_16_2022.pdf,"This is to inform you that ICICI Prudential Life Insurance Company Limited has allotted 1,750 equity shares of face value of Rs. 10 each on December 16, 2022 under its employee stock option scheme.",,,ESOP/ESPS/SBEB Scheme,00:00:20,16122022112518,16-Dec-2022 11:25:38,-,False,,,5131174,,INE726G01019,ICICI Prudential Life Insurance Company Limited,2022-12-16 11:25:18,ICICIPRULI
15-Dec-2022 18:05:45,,https://nsearchives.nseindia.com/corporate/ICICIPRULI_15122022180545_SEInvestormeetDecember152022.pdf,ICICI Prudential Life Insurance Company Limited has informed the Exchange about Schedule of Analysts/Institutional Investor Meet/Con. Call ,,,Schedule of Analysts/Institutional Investor Meet/Con. Call,00:00:07,15122022180545,15-Dec-2022 18:05:52,-,False,,,5131054,,INE726G01019,ICICI Prudential Life Insurance Company Limited,2022-12-15 18:05:45,ICICIPRULI
14-Dec-2022 20:30:06,,https://nsearchives.nseindia.com/corporate/ICICIPRULI_14122022203006_SEInvestormeetDecember142022.pdf,ICICI Prudential Life Insurance Company Limited has informed the Exchange about Schedule of Analysts/Institutional Investor Meet/Con. Call ,,,Schedule of Analysts/Institutional Investor Meet/Con. Call,00:00:15,14122022203006,14-Dec-2022 20:30:21,-,False,,,5130742,,INE726G01019,ICICI Prudential Life Insurance Company Limited,2022-12-14 20:30:06,ICICIPRULI
13-Dec-2022 19:14:00,,"https://nsearchives.nseindia.com/corporate/ICICIPRULI_13122022191400_SEInvestormeetDecember13,2022.pdf",ICICI Prudential Life Insurance Company Limited has informed the Exchange about Schedule of Analysts/Institutional Investor Meet/Con. Call ,,,Schedule of Analysts/Institutional Investor Meet/Con. Call,00:00:03,13122022191400,13-Dec-2022 19:14:03,-,False,,,5130434,,INE726G01019,ICICI Prudential Life Insurance Company Limited,2022-12-13 19:14:00,ICICIPRULI
13-Dec-2022 11:53:30,,"https://nsearchives.nseindia.com/corporate/ICICIPRULI_13122022115330_SEInvestormeetDecember13,2022.pdf",ICICI Prudential Life Insurance Company Limited has informed the Exchange about Schedule of Analysts/Institutional Investor Meet/Con. Call ,,,Schedule of Analysts/Institutional Investor Meet/Con. Call,00:00:05,13122022115330,13-Dec-2022 11:53:35,-,False,,,5130165,,INE726G01019,ICICI Prudential Life Insurance Company Limited,2022-12-13 11:53:30,ICICIPRULI
09-Dec-2022 15:02:39,,"https://nsearchives.nseindia.com/corporate/ICICIPRULI_09122022150239_SEInvestormeetDecember9,2022signed.pdf",ICICI Prudential Life Insurance Company Limited has informed the Exchange about Schedule of Analysts/Institutional Investor Meet/Con. Call ,,,Schedule of Analysts/Institutional Investor Meet/Con. Call,00:00:07,09122022150239,09-Dec-2022 15:02:46,-,False,,,5129484,,INE726G01019,ICICI Prudential Life Insurance Company Limited,2022-12-09 15:02:39,ICICIPRULI
07-Dec-2022 13:09:24,,"https://nsearchives.nseindia.com/corporate/ICICIPRULI_07122022130924_SE_monthly_business_presentation_November,2022.pdf",ICICI Prudential Life Insurance Company Limited has informed the Exchange about Investor Presentation,,,Investor Presentation,00:00:03,07122022130924,07-Dec-2022 13:09:27,-,False,,,5128722,,INE726G01019,ICICI Prudential Life Insurance Company Limited,2022-12-07 13:09:24,ICICIPRULI
06-Dec-2022 19:06:27,,https://nsearchives.nseindia.com/corporate/ICICIPRULI_06122022190627_SEInvestormeetDecember62022signed.pdf,ICICI Prudential Life Insurance Company Limited has informed the Exchange about Schedule of Analysts/Institutional Investor Meet/Con. Call ,,,Schedule of Analysts/Institutional Investor Meet/Con. Call,00:00:03,06122022190627,06-Dec-2022 19:06:30,-,False,,,5128607,,INE726G01019,ICICI Prudential Life Insurance Company Limited,2022-12-06 19:06:27,ICICIPRULI
06-Dec-2022 15:58:15,,https://nsearchives.nseindia.com/corporate/ICICIPRULI_06122022155815_SE_Intimation_December_6_2022.pdf,"This is to inform you that ICICI Prudential Life Insurance Company Limited has allotted 2,000 equity shares of face value of Rs.10 each on December 6, 2022 under its employee stock option scheme.",,,ESOP/ESPS/SBEB Scheme,00:00:07,06122022155815,06-Dec-2022 15:58:22,-,False,,,5128428,,INE726G01019,ICICI Prudential Life Insurance Company Limited,2022-12-06 15:58:15,ICICIPRULI
05-Dec-2022 17:10:42,,https://nsearchives.nseindia.com/corporate/ICICIPRULI_05122022171042_SEInvestormeetDecember52022_signed.pdf,ICICI Prudential Life Insurance Company Limited has informed the Exchange about Schedule of Analysts/Institutional Investor Meet/Con. Call ,,,Schedule of Analysts/Institutional Investor Meet/Con. Call,00:00:07,05122022171042,05-Dec-2022 17:10:49,-,False,,,5128100,,INE726G01019,ICICI Prudential Life Insurance Company Limited,2022-12-05 17:10:42,ICICIPRULI
02-Dec-2022 17:19:39,,https://nsearchives.nseindia.com/corporate/ICICIPRULI_02122022171939_SEInvestormeetDecember22022_signed.pdf,ICICI Prudential Life Insurance Company Limited has informed the Exchange about Schedule of Analysts/Institutional Investor Meet/Con. Call ,,,Schedule of Analysts/Institutional Investor Meet/Con. Call,00:00:03,02122022171939,02-Dec-2022 17:19:42,-,False,,,5127604,,INE726G01019,ICICI Prudential Life Insurance Company Limited,2022-12-02 17:19:39,ICICIPRULI
01-Dec-2022 18:15:24,,https://nsearchives.nseindia.com/corporate/ICICIPRULI_01122022181524_SEInvestormeetDecember12022v2signed.pdf,ICICI Prudential Life Insurance Company Limited has informed the Exchange about Schedule of Analysts/Institutional Investor Meet/Con. Call ,,,Schedule of Analysts/Institutional Investor Meet/Con. Call,00:00:05,01122022181524,01-Dec-2022 18:15:29,-,False,,,5127352,,INE726G01019,ICICI Prudential Life Insurance Company Limited,2022-12-01 18:15:24,ICICIPRULI
01-Dec-2022 15:15:27,,https://nsearchives.nseindia.com/corporate/ICICIPRULI_01122022151527_SEInvestormeetDecember12022_signed.pdf,ICICI Prudential Life Insurance Company Limited has informed the Exchange about Schedule of Analysts/Institutional Investor Meet/Con. Call ,,,Schedule of Analysts/Institutional Investor Meet/Con. Call,00:00:03,01122022151527,01-Dec-2022 15:15:30,-,False,,,5127196,,INE726G01019,ICICI Prudential Life Insurance Company Limited,2022-12-01 15:15:27,ICICIPRULI
01-Dec-2022 15:13:45,,https://nsearchives.nseindia.com/corporate/ICICIPRULI_01122022151345_SEInvestormeetDec1ofNov302022_signed.pdf,ICICI Prudential Life Insurance Company Limited has informed the Exchange about Schedule of Analysts/Institutional Investor Meet/Con. Call ,,,Schedule of Analysts/Institutional Investor Meet/Con. Call,00:00:03,01122022151345,01-Dec-2022 15:13:48,-,False,,,5127185,,INE726G01019,ICICI Prudential Life Insurance Company Limited,2022-12-01 15:13:45,ICICIPRULI
30-Nov-2022 17:00:48,,https://nsearchives.nseindia.com/corporate/ICICIPRULI_30112022170048_SEInvestormeetNovember302022v2signed.pdf,ICICI Prudential Life Insurance Company Limited has informed the Exchange about Schedule of Analysts/Institutional Investor Meet/Con. Call ,,,Schedule of Analysts/Institutional Investor Meet/Con. Call,00:00:04,30112022170048,30-Nov-2022 17:00:52,-,False,,,5126882,,INE726G01019,ICICI Prudential Life Insurance Company Limited,2022-11-30 17:00:48,ICICIPRULI
30-Nov-2022 14:45:48,,https://nsearchives.nseindia.com/corporate/ICICIPRULI_30112022144548_SEInvestormeetNovember302022_v1_signed.pdf,ICICI Prudential Life Insurance Company Limited has informed the Exchange about Schedule of Analysts/Institutional Investor Meet/Con. Call ,,,Schedule of Analysts/Institutional Investor Meet/Con. Call,00:00:05,30112022144548,30-Nov-2022 14:45:53,-,False,,,5126808,,INE726G01019,ICICI Prudential Life Insurance Company Limited,2022-11-30 14:45:48,ICICIPRULI
29-Nov-2022 18:23:00,,https://nsearchives.nseindia.com/corporate/ICICIPRULI_29112022182300_SEInvestormeetNovember292022signed.pdf,ICICI Prudential Life Insurance Company Limited has informed the Exchange about Schedule of Analysts/Institutional Investor Meet/Con. Call ,,,Schedule of Analysts/Institutional Investor Meet/Con. Call,00:00:04,29112022182300,29-Nov-2022 18:23:04,-,False,,,5126600,,INE726G01019,ICICI Prudential Life Insurance Company Limited,2022-11-29 18:23:00,ICICIPRULI
28-Nov-2022 17:46:54,,https://nsearchives.nseindia.com/corporate/ICICIPRULI_28112022174654_SEInvestormeetNovember282022_signed.pdf,ICICI Prudential Life Insurance Company Limited has informed the Exchange about Schedule of Analysts/Institutional Investor Meet/Con. Call ,,,Schedule of Analysts/Institutional Investor Meet/Con. Call,00:00:04,28112022174654,28-Nov-2022 17:46:58,-,False,,,5126087,,INE726G01019,ICICI Prudential Life Insurance Company Limited,2022-11-28 17:46:54,ICICIPRULI
28-Nov-2022 12:29:18,,https://nsearchives.nseindia.com/corporate/ICICIPRULI_28112022122918_SE_Intimation_November_28_2022_signed.pdf,"This is to inform you that ICICI Prudential Life Insurance Company Limited has allotted 4,500 equity shares of face value of Rs. 10 each on November 28, 2022 under its employee stock option scheme.",,,ESOP/ESPS/SBEB Scheme,00:00:09,28112022122918,28-Nov-2022 12:29:27,-,False,,,5125894,,INE726G01019,ICICI Prudential Life Insurance Company Limited,2022-11-28 12:29:18,ICICIPRULI
24-Nov-2022 17:46:12,,https://nsearchives.nseindia.com/corporate/ICICIPRULI_24112022174612_SEInvestormeetNovember242022_signed.pdf,ICICI Prudential Life Insurance Company Limited has informed the Exchange about Schedule of Analysts/Institutional Investor Meet/Con. Call ,,,Schedule of Analysts/Institutional Investor Meet/Con. Call,00:00:03,24112022174612,24-Nov-2022 17:46:15,-,False,,,5124974,,INE726G01019,ICICI Prudential Life Insurance Company Limited,2022-11-24 17:46:12,ICICIPRULI
24-Nov-2022 10:55:04,,https://nsearchives.nseindia.com/corporate/ICICIPRULI_24112022105503_Regulation_30_Intimation_signed.pdf,"ICICI Prudential Life Insurance Company Limited has informed the Exchange about Disclosure under regulation 30 read with para A of part A of Schedule III of the SEBI (Listing Obligations and Disclosure Requirements) Regulations, 2015, as amended in relation to an initial investment in the seed equity capital of the proposed Joint Venture (JV) of Indian Oil Corporation Limited (IOCL) and Chennai Petroleum Corporation Limited (CPCL) (Target entity) (to be incorporated).",,,General updates,00:00:05,24112022105504,24-Nov-2022 10:55:09,-,False,,,5124672,,INE726G01019,ICICI Prudential Life Insurance Company Limited,2022-11-24 10:55:04,ICICIPRULI
21-Nov-2022 18:21:03,,https://nsearchives.nseindia.com/corporate/ICICIPRULI_21112022182103_SEInvestormeetNovember212022signed.pdf,ICICI Prudential Life Insurance Company Limited has informed the Exchange about Schedule of Analysts/Institutional Investor Meet/Con. Call ,,,Schedule of Analysts/Institutional Investor Meet/Con. Call,00:00:07,21112022182103,21-Nov-2022 18:21:10,-,False,,,5123494,,INE726G01019,ICICI Prudential Life Insurance Company Limited,2022-11-21 18:21:03,ICICIPRULI
18-Nov-2022 18:54:21,,https://nsearchives.nseindia.com/corporate/ICICIPRULI_18112022185421_SEInvestormeetNovember182022_signed.pdf,ICICI Prudential Life Insurance Company Limited has informed the Exchange about Schedule of Analysts/Institutional Investor Meet/Con. Call ,,,Schedule of Analysts/Institutional Investor Meet/Con. Call,00:00:02,18112022185421,18-Nov-2022 18:54:23,-,False,,,5122891,,INE726G01019,ICICI Prudential Life Insurance Company Limited,2022-11-18 18:54:21,ICICIPRULI
17-Nov-2022 16:48:12,,https://nsearchives.nseindia.com/corporate/ICICIPRULI_17112022164812_SEInvestormeetNovember172022_signed.pdf,ICICI Prudential Life Insurance Company Limited has informed the Exchange about Schedule of Analysts/Institutional Investor Meet/Con. Call ,,,Schedule of Analysts/Institutional Investor Meet/Con. Call,00:00:04,17112022164812,17-Nov-2022 16:48:16,-,False,,,5122176,,INE726G01019,ICICI Prudential Life Insurance Company Limited,2022-11-17 16:48:12,ICICIPRULI
16-Nov-2022 18:05:06,,"https://nsearchives.nseindia.com/corporate/ICICIPRULI_16112022180506_SEInvestormeetNovember16,2022_signed.pdf",ICICI Prudential Life Insurance Company Limited has informed the Exchange about Schedule of Analysts/Institutional Investor Meet/Con. Call ,,,Schedule of Analysts/Institutional Investor Meet/Con. Call,00:00:09,16112022180506,16-Nov-2022 18:05:15,-,False,,,5121720,,INE726G01019,ICICI Prudential Life Insurance Company Limited,2022-11-16 18:05:06,ICICIPRULI
15-Nov-2022 17:52:39,,"https://nsearchives.nseindia.com/corporate/ICICIPRULI_15112022175239_SEInvestormeetNovember15,2022_signed.pdf",ICICI Prudential Life Insurance Company Limited has informed the Exchange about Schedule of Analysts/Institutional Investor Meet/Con. Call ,,,Schedule of Analysts/Institutional Investor Meet/Con. Call,00:00:04,15112022175239,15-Nov-2022 17:52:43,-,False,,,5120980,,INE726G01019,ICICI Prudential Life Insurance Company Limited,2022-11-15 17:52:39,ICICIPRULI
14-Nov-2022 18:35:27,,https://nsearchives.nseindia.com/corporate/ICICIPRULI_14112022183527_SEInvestormeetNovember142022signed.pdf,ICICI Prudential Life Insurance Company Limited has informed the Exchange about Schedule of Analysts/Institutional Investor Meet/Con. Call ,,,Schedule of Analysts/Institutional Investor Meet/Con. Call,00:00:08,14112022183527,14-Nov-2022 18:35:35,-,False,,,5119955,,INE726G01019,ICICI Prudential Life Insurance Company Limited,2022-11-14 18:35:27,ICICIPRULI
11-Nov-2022 18:26:39,,"https://nsearchives.nseindia.com/corporate/ICICIPRULI_11112022182639_SEInvestormeetNovember11,2022v2_signed.pdf",ICICI Prudential Life Insurance Company Limited has informed the Exchange about Schedule of Analysts/Institutional Investor Meet/Con. Call ,,,Schedule of Analysts/Institutional Investor Meet/Con. Call,00:04:48,11112022182639,11-Nov-2022 18:31:27,-,False,,,5117995,,INE726G01019,ICICI Prudential Life Insurance Company Limited,2022-11-11 18:26:39,ICICIPRULI
11-Nov-2022 10:51:15,,"https://nsearchives.nseindia.com/corporate/ICICIPRULI_11112022105115_SEInvestormeetNovember11,2022_signed.pdf",ICICI Prudential Life Insurance Company Limited has informed the Exchange about Schedule of Analysts/Institutional Investor Meet/Con. Call ,,,Schedule of Analysts/Institutional Investor Meet/Con. Call,00:00:06,11112022105115,11-Nov-2022 10:51:21,-,False,,,5117142,,INE726G01019,ICICI Prudential Life Insurance Company Limited,2022-11-11 10:51:15,ICICIPRULI
09-Nov-2022 18:26:33,,"https://nsearchives.nseindia.com/corporate/ICICIPRULI_09112022182633_SEInvestormeetNovember9,2022_signed.pdf",ICICI Prudential Life Insurance Company Limited has informed the Exchange about Schedule of Analysts/Institutional Investor Meet/Con. Call ,,,Schedule of Analysts/Institutional Investor Meet/Con. Call,00:00:04,09112022182633,09-Nov-2022 18:26:37,-,False,,,5115865,,INE726G01019,ICICI Prudential Life Insurance Company Limited,2022-11-09 18:26:33,ICICIPRULI
07-Nov-2022 19:54:27,,"https://nsearchives.nseindia.com/corporate/ICICIPRULI_07112022195427_SEInvestormeetNovember7,2022_signed.pdf",ICICI Prudential Life Insurance Company Limited has informed the Exchange about Schedule of Analysts/Institutional Investor Meet/Con. Call ,,,Schedule of Analysts/Institutional Investor Meet/Con. Call,00:00:03,07112022195427,07-Nov-2022 19:54:30,-,False,,,5114646,,INE726G01019,ICICI Prudential Life Insurance Company Limited,2022-11-07 19:54:27,ICICIPRULI
07-Nov-2022 16:08:03,,https://nsearchives.nseindia.com/corporate/ICICIPRULI_07112022160803_SE_monthly_business_presentation_October_2022_signed.pdf,ICICI Prudential Life Insurance Company Limited has informed the Exchange about the Investor Presentation,,,Investor Presentation,00:00:09,07112022160803,07-Nov-2022 16:08:12,-,False,,,5114318,,INE726G01019,ICICI Prudential Life Insurance Company Limited,2022-11-07 16:08:03,ICICIPRULI
04-Nov-2022 14:28:15,,https://nsearchives.nseindia.com/corporate/ICICIPRULI_04112022142815_SEInvestormeetNovember42022_signed.pdf,ICICI Prudential Life Insurance Company Limited has informed the Exchange about Schedule of Analysts/Institutional Investor Meet/Con. Call ,,,Schedule of Analysts/Institutional Investor Meet/Con. Call,00:00:04,04112022142815,04-Nov-2022 14:28:19,-,False,,,5112889,,INE726G01019,ICICI Prudential Life Insurance Company Limited,2022-11-04 14:28:15,ICICIPRULI
27-Oct-2022 15:32:00,,https://nsearchives.nseindia.com/corporate/ICICIPRULI_27102022153200_SE_Intimation_October_27_2022.pdf,"This is to inform you that ICICI Prudential Life Insurance Company Limited has allotted 1,500 equity shares of face value of Rs. 10 each on October 27, 2022 under its employee stock option scheme.",,,ESOP/ESPS/SBEB Scheme,00:02:40,27102022153200,27-Oct-2022 15:34:40,-,False,,,5108921,,INE726G01019,ICICI Prudential Life Insurance Company Limited,2022-10-27 15:32:00,ICICIPRULI
21-Oct-2022 15:39:36,,"https://nsearchives.nseindia.com/corporate/ICICIPRULI_21102022153936_SE_Investor_Meet_Oct21,2022_signed.pdf",ICICI Prudential Life Insurance Company Limited has informed the Exchange about Schedule of Analysts/Institutional Investor Meet/Con. Call ,,,Schedule of Analysts/Institutional Investor Meet/Con. Call,00:00:02,21102022153936,21-Oct-2022 15:39:38,-,False,,,5107624,,INE726G01019,ICICI Prudential Life Insurance Company Limited,2022-10-21 15:39:36,ICICIPRULI
20-Oct-2022 21:54:00,,https://nsearchives.nseindia.com/corporate/ICICIPRULI_20102022215400_SE_Earnings_transcript_October2022.pdf,ICICI Prudential Life Insurance Company Limited has informed the Exchange the transcript of the ���earnings conference call��� for H1-FY2023. ,,,Transcript of Analysts/Institutional Investor Meet/Con. Call,00:00:08,20102022215400,20-Oct-2022 21:54:08,-,False,,,5107242,,INE726G01019,ICICI Prudential Life Insurance Company Limited,2022-10-20 21:54:00,ICICIPRULI
20-Oct-2022 16:43:57,,https://nsearchives.nseindia.com/corporate/ICICIPRULI_20102022164357_DisclosureunderRegulation30and55_CreditRating_signed.pdf,"ICICI Prudential Life Insurance Company Limited has informed the Exchange about Re-Affirmation of Credit Rating pursuant to Regulation 30 and Regulation 55 of the SEBI (Listing Obligations and Disclosure Requirements) Regulations, 2015",,,Credit Rating,00:00:03,20102022164357,20-Oct-2022 16:44:00,-,False,,,5106978,,INE726G01019,ICICI Prudential Life Insurance Company Limited,2022-10-20 16:43:57,ICICIPRULI
20-Oct-2022 13:28:54,,"https://nsearchives.nseindia.com/corporate/ICICIPRULI_20102022132854_SE_Investor_Meet_Oct20,2022_signed.pdf",ICICI Prudential Life Insurance Company Limited has informed the Exchange about Schedule of Analysts/Institutional Investor Meet/Con. Call ,,,Schedule of Analysts/Institutional Investor Meet/Con. Call,00:00:02,20102022132854,20-Oct-2022 13:28:56,-,False,,,5106760,,INE726G01019,ICICI Prudential Life Insurance Company Limited,2022-10-20 13:28:54,ICICIPRULI
17-Oct-2022 22:29:27,,https://nsearchives.nseindia.com/corporate/ICICIPRULI_17102022222927_SE_Intimation_October_17_2022.pdf,"This is to inform you that ICICI Prudential Life Insurance Company Limited has allotted 4,750 equity shares of face value of Rs. 10 each on October 17, 2022 under its employee stock option scheme.",,,ESOP/ESPS/SBEB Scheme,00:00:11,17102022222927,17-Oct-2022 22:29:38,-,False,,,5105437,,INE726G01019,ICICI Prudential Life Insurance Company Limited,2022-10-17 22:29:27,ICICIPRULI
17-Oct-2022 21:54:03,,https://nsearchives.nseindia.com/corporate/ICICIPRULI_17102022215403_SE_Investor_Meet_Oct172022_signed.pdf,ICICI Prudential Life Insurance Company Limited has informed the Exchange about Schedule of Analysts/Institutional Investor Meet/Con. Call ,,,Schedule of Analysts/Institutional Investor Meet/Con. Call,00:00:16,17102022215403,17-Oct-2022 21:54:19,-,False,,,5105403,,INE726G01019,ICICI Prudential Life Insurance Company Limited,2022-10-17 21:54:03,ICICIPRULI
17-Oct-2022 21:53:15,,https://nsearchives.nseindia.com/corporate/ICICIPRULI_17102022215315_SE_Intimation_Newspaper_publication_October2022_signed.pdf,"Pursuant to Regulation 47 and other applicable provisions of SEBI (Listing Obligations and Disclosure Requirements) Regulations, 2015 as amended, please find enclosed copies of newspaper advertisement pertaining to financial results of the Company for the quarter and half year ended September 30, 2022. The advertisements were published in English and Marathi newspapers namely Financial Express and Loksatta respectively.",,,Newspaper Advertisements,00:00:10,17102022215315,17-Oct-2022 21:53:25,-,False,,,5105428,,INE726G01019,ICICI Prudential Life Insurance Company Limited,2022-10-17 21:53:15,ICICIPRULI
15-Oct-2022 17:40:36,,https://nsearchives.nseindia.com/corporate/ICICIPRULI_15102022174036_Outcome_BM_October_15_2022_Financial_results.pdf,ICICI Prudential Life Insurance Company Limited has informed the Exchange about related party transaction for the period ended September 2022,,,Related Party Transaction,00:00:05,15102022174036,15-Oct-2022 17:40:41,-,False,,,5105052,,INE726G01019,ICICI Prudential Life Insurance Company Limited,2022-10-15 17:40:36,ICICIPRULI
15-Oct-2022 17:16:39,,"https://nsearchives.nseindia.com/corporate/ICICIPRULI_15102022171639_SE_Earnings_presentation_intimation_October15,2022.pdf",Please find enclosed the business presentation for ���earnings conference call��� to discuss the performance of the Company for H1-FY2023.,,,Investor Presentation,00:00:02,15102022171639,15-Oct-2022 17:16:41,-,False,,,5105033,,INE726G01019,ICICI Prudential Life Insurance Company Limited,2022-10-15 17:16:39,ICICIPRULI
15-Oct-2022 17:08:39,,https://nsearchives.nseindia.com/corporate/ICICIPRULI_15102022170839_Outcome_BM_October_15_2022_Financial_results.pdf,"The Board of Directors (���Board���) of ICICI Prudential Life Insurance Company Limited has at their meeting, which commenced at 14:00 IST and concluded at 17:01 IST on Saturday, October 15, 2022, inter alia approved the following business:Audited financial statements and financial results (standalone and consolidated) for the quarter and half year ended September 30, 2022.Pursuant to the provisions of regulation 33 and regulation 52 of SEBI (Listing Obligations and Disclosure Requirements) Regulations, 2015 (Listing Regulations) and other applicable requirements, a copy of the audited financial results for the quarter and half year ended September 30, 2022 together with the Auditors��� Report in the prescribed format is enclosed. A copy of the press release being issued in this connection is also enclosed.Please note that B S R & Co. LLP and Walker Chandiok & Co LLP, the joint statutory auditors of the Company, have issued audit reports with unmodified opinion.Further, we refer to the proviso to Regulation 23(9) of the Listing Regulations stating that a ���High value debt listed entity' shall submit such disclosures along with its standalone financial results for the half year. Pursuant to said proviso, please find attached the disclosure under Regulation 23(9) for the half year ended on September 30, 2022. Please be informed that said disclosure shall also be filed in prescribed XBRL format simultaneously. ",,,Outcome of Board Meeting,00:00:03,15102022170839,15-Oct-2022 17:08:42,-,False,,,5105027,,INE726G01019,ICICI Prudential Life Insurance Company Limited,2022-10-15 17:08:39,ICICIPRULI
13-Oct-2022 16:05:03,,https://nsearchives.nseindia.com/corporate/ICICIPRULI_13102022160503_DisclosureunderRegulation30_CreditRationale_signed.pdf,"ICICI Prudential Life Insurance Company Limited has informed the Exchange about Disclosure under regulation 30 read with para A of part A of Schedule III of the SEBI (Listing Obligations and Disclosure Requirement) Regulations, 2015",,,General updates,00:00:05,13102022160503,13-Oct-2022 16:05:08,-,False,,,5104032,,INE726G01019,ICICI Prudential Life Insurance Company Limited,2022-10-13 16:05:03,ICICIPRULI
11-Oct-2022 19:09:09,,https://nsearchives.nseindia.com/corporate/ICICIPRULI_11102022190909_DisclosureunderRegulation30and55_CreditRating_signed.pdf,"ICICI Prudential Life Insurance Company Limited has informed the Exchange about Affirmation of Credit Rating pursuant to Regulation 30 and Regulation 55 of the SEBI (Listing Obligations and Disclosure Requirements) Regulations, 2015",,,Credit Rating,00:00:05,11102022190909,11-Oct-2022 19:09:14,-,False,,,5103271,,INE726G01019,ICICI Prudential Life Insurance Company Limited,2022-10-11 19:09:09,ICICIPRULI
11-Oct-2022 16:58:30,,https://nsearchives.nseindia.com/corporate/ICICIPRULI_11102022165830_ICPL_74_5__BSE_and_NSE_Sep30_2022.pdf,"Pursuant to Regulation 74(5) of the SEBI (Depositories and Participants) Regulations, 2018, please find enclosed herewith the certificates received from the Registrar and Transfer Agent of the Company - KFin Technologies Limited, confirming that the details of securities dematerialized/rematerialized during the quarter ended September 30, 2022 have been furnished to all the stock exchanges where the shares of the Company are listed.",,,General updates,00:00:02,11102022165830,11-Oct-2022 16:58:32,-,False,,,5103087,,INE726G01019,ICICI Prudential Life Insurance Company Limited,2022-10-11 16:58:30,ICICIPRULI
10-Oct-2022 19:26:48,,https://nsearchives.nseindia.com/corporate/ICICIPRULI_10102022192648_SE_Earnings_intimation_October2022_signed.pdf,"The Company will host an earnings conference call with investors and analysts at 5.30 p.m. IST on Saturday, October 15, 2022 to discuss the performance of the Company for H1-FY2023. The details of the earnings conference call are enclosed.",,,Schedule of Analysts/Institutional Investor Meet/Con. Call,00:00:02,10102022192648,10-Oct-2022 19:26:50,-,False,,,5102670,,INE726G01019,ICICI Prudential Life Insurance Company Limited,2022-10-10 19:26:48,ICICIPRULI
07-Oct-2022 12:26:00,,https://nsearchives.nseindia.com/corporate/ICICIPRULI_07102022122600_SE_monthly_business_presentation_September_2022_signed.pdf,ICICI Prudential Life Insurance Company Limited has informed the Exchange about Investor Presentation,,,Investor Presentation,00:00:14,07102022122600,07-Oct-2022 12:26:14,-,False,,,5101515,,INE726G01019,ICICI Prudential Life Insurance Company Limited,2022-10-07 12:26:00,ICICIPRULI
06-Oct-2022 18:45:37,,https://nsearchives.nseindia.com/corporate/ICICIPRULI_06102022184537_SE_Intimation_October_6_2022.pdf,"This is to inform you that ICICI Prudential Life Insurance Company Limited has allotted 2,100 equity shares of face value of Rs. 10 each on October 6, 2022 under its employee stock option scheme.",,,ESOP/ESPS/SBEB Scheme,00:00:03,06102022184537,06-Oct-2022 18:45:40,-,False,,,5101410,,INE726G01019,ICICI Prudential Life Insurance Company Limited,2022-10-06 18:45:37,ICICIPRULI
06-Oct-2022 17:19:03,,https://nsearchives.nseindia.com/corporate/ICICIPRULI_06102022171903_SE_intimation_ScrutiniserReport_and_voting_results_clean.pdf,"Pursuant to Regulation 44(3) of the Securities and Exchange Board of India (Listing Obligations and Disclosure Requirements) Regulations, 2015, please be informed that the Ordinary Resolution have been passed by the Members, with requisite majority. The Resolution is deemed to have been passed on the last date specified for remote e-voting i.e. October 5, 2022.",,,Postal Ballot,00:00:02,06102022171903,06-Oct-2022 17:19:05,-,False,,,5101301,,INE726G01019,ICICI Prudential Life Insurance Company Limited,2022-10-06 17:19:03,ICICIPRULI
28-Sep-2022 11:36:39,,https://nsearchives.nseindia.com/corporate/ICICIPRULI_28092022113639_SEintimationforWindowclosuresigned.pdf,ICICI Prudential Life Insurance Company Limited has informed the Exchange about Closure of trading window,,,Closure of trading window,00:00:09,28092022113639,28-Sep-2022 11:36:48,-,False,,,5095861,,INE726G01019,ICICI Prudential Life Insurance Company Limited,2022-09-28 11:36:39,ICICIPRULI
26-Sep-2022 17:38:06,,https://nsearchives.nseindia.com/corporate/ICICIPRULI_26092022173806_SE_Investor_Meet_September262022_signed.pdf,ICICI Prudential Life Insurance Company Limited has informed the Exchange about Schedule of Analysts/Institutional Investor Meet/Con. Call ,,,Schedule of Analysts/Institutional Investor Meet/Con. Call,00:00:03,26092022173806,26-Sep-2022 17:38:09,-,False,,,5094999,,INE726G01019,ICICI Prudential Life Insurance Company Limited,2022-09-26 17:38:06,ICICIPRULI
26-Sep-2022 15:08:45,,https://nsearchives.nseindia.com/corporate/ICICIPRULI_26092022150845_SE_Intimation_September_26_2022.pdf,"This is to inform you that ICICI Prudential Life Insurance Company Limited has allotted3,500 equity shares of face value of ��� 10 each on September 26, 2022 under its employeestock option scheme.",,,ESOP/ESPS/SBEB Scheme,00:00:10,26092022150845,26-Sep-2022 15:08:55,-,False,,,5094883,,INE726G01019,ICICI Prudential Life Insurance Company Limited,2022-09-26 15:08:45,ICICIPRULI
23-Sep-2022 18:05:30,,https://nsearchives.nseindia.com/corporate/ICICIPRULI_23092022180530_SE_Investor_Meet_September232022.pdf,ICICI Prudential Life Insurance Company Limited has informed the Exchange about Schedule of Analysts/Institutional Investor Meet/Con. Call ,,,Schedule of Analysts/Institutional Investor Meet/Con. Call,00:00:02,23092022180530,23-Sep-2022 18:05:32,-,False,,,5094300,,INE726G01019,ICICI Prudential Life Insurance Company Limited,2022-09-23 18:05:30,ICICIPRULI
21-Sep-2022 17:16:33,,"https://nsearchives.nseindia.com/corporate/ICICIPRULI_21092022171633_SE_Investor_Meet_September21,2022.pdf",ICICI Prudential Life Insurance Company Limited has informed the Exchange about Schedule of Analysts/Institutional Investor Meet/Con. Call ,,,Schedule of Analysts/Institutional Investor Meet/Con. Call,00:00:03,21092022171633,21-Sep-2022 17:16:36,-,False,,,5093355,,INE726G01019,ICICI Prudential Life Insurance Company Limited,2022-09-21 17:16:33,ICICIPRULI
20-Sep-2022 22:00:15,,"https://nsearchives.nseindia.com/corporate/ICICIPRULI_20092022220015_SE_Investor_Meet_September20,2022.pdf",ICICI Prudential Life Insurance Company Limited has informed the Exchange about Schedule of Analysts/Institutional Investor Meet/Con. Call ,,,Schedule of Analysts/Institutional Investor Meet/Con. Call,00:00:04,20092022220015,20-Sep-2022 22:00:19,-,False,,,5093109,,INE726G01019,ICICI Prudential Life Insurance Company Limited,2022-09-20 22:00:15,ICICIPRULI
16-Sep-2022 23:58:48,,"https://nsearchives.nseindia.com/corporate/ICICIPRULI_16092022235848_SE_Investor_Meet_September16,2022_signed.pdf",ICICI Prudential Life Insurance Company Limited has informed the Exchange about Schedule of Analysts/Institutional Investor Meet/Con. Call ,,,Schedule of Analysts/Institutional Investor Meet/Con. Call,00:00:03,16092022235848,16-Sep-2022 23:58:51,-,False,,,5092113,,INE726G01019,ICICI Prudential Life Insurance Company Limited,2022-09-16 23:58:48,ICICIPRULI
16-Sep-2022 20:11:42,,https://nsearchives.nseindia.com/corporate/ICICIPRULI_16092022201142_SE_Intimation_September_16_2022_signed.pdf,"This is to inform you that ICICI Prudential Life Insurance Company Limited has allotted 5,16,250 equity shares of face value of Rs.10 each on September 16, 2022 under its employee stock option scheme.",,,ESOP/ESPS/SBEB Scheme,00:00:02,16092022201142,16-Sep-2022 20:11:44,-,False,,,5092091,,INE726G01019,ICICI Prudential Life Insurance Company Limited,2022-09-16 20:11:42,ICICIPRULI
15-Sep-2022 15:16:48,,"https://nsearchives.nseindia.com/corporate/ICICIPRULI_15092022151648_SE_Investor_Meet_September15,2022_signed.pdf",ICICI Prudential Life Insurance Company Limited has informed the Exchange about Schedule of Analysts/Institutional Investor Meet/Con. Call ,,,Schedule of Analysts/Institutional Investor Meet/Con. Call,00:00:05,15092022151648,15-Sep-2022 15:16:53,-,False,,,5091320,,INE726G01019,ICICI Prudential Life Insurance Company Limited,2022-09-15 15:16:48,ICICIPRULI
15-Sep-2022 15:15:36,,"https://nsearchives.nseindia.com/corporate/ICICIPRULI_15092022151536_SE_Investor_Meet_September1514,2022_signed.pdf",ICICI Prudential Life Insurance Company Limited has informed the Exchange about Schedule of Analysts/Institutional Investor Meet/Con. Call ,,,Schedule of Analysts/Institutional Investor Meet/Con. Call,00:00:05,15092022151536,15-Sep-2022 15:15:41,-,False,,,5091319,,INE726G01019,ICICI Prudential Life Insurance Company Limited,2022-09-15 15:15:36,ICICIPRULI
15-Sep-2022 14:32:12,,https://nsearchives.nseindia.com/corporate/ICICIPRULI_15092022143212_SE_DuplicateShareCertificate_September152022.pdf,"Kindly note that the Company has received a request on 14.09.2022, for issuance of duplicate share certificate, from Mr. Pradeep Malhotra having folio no. IPRU115, in lieu of lost share certificate no. 512 for 6 equity shares of Rs.10/- each bearing distinctive numbers 1311182776 to 1311182781.",,,Loss of share certificate,00:00:08,15092022143212,15-Sep-2022 14:32:20,-,False,,,5091331,,INE726G01019,ICICI Prudential Life Insurance Company Limited,2022-09-15 14:32:12,ICICIPRULI
14-Sep-2022 19:04:33,,"https://nsearchives.nseindia.com/corporate/ICICIPRULI_14092022190433_SE_Investor_Meet_September14,2022signed.pdf",ICICI Prudential Life Insurance Company Limited has informed the Exchange about Schedule of Analysts/Institutional Investor Meet/Con. Call ,,,Schedule of Analysts/Institutional Investor Meet/Con. Call,00:00:05,14092022190433,14-Sep-2022 19:04:38,-,False,,,5091141,,INE726G01019,ICICI Prudential Life Insurance Company Limited,2022-09-14 19:04:33,ICICIPRULI
09-Sep-2022 19:18:09,,https://nsearchives.nseindia.com/corporate/ICICIPRULI_09092022191809_SE_Investor_Meet_September92022_signed.pdf,ICICI Prudential Life Insurance Company Limited has informed the Exchange about Schedule of Analysts/Institutional Investor Meet/Con. Call ,,,Schedule of Analysts/Institutional Investor Meet/Con. Call,00:00:05,09092022191809,09-Sep-2022 19:18:14,-,False,,,5089570,,INE726G01019,ICICI Prudential Life Insurance Company Limited,2022-09-09 19:18:09,ICICIPRULI
08-Sep-2022 18:55:54,,"https://nsearchives.nseindia.com/corporate/ICICIPRULI_08092022185554_SE_Investor_Meet_September8,2022.pdf",ICICI Prudential Life Insurance Company Limited has informed the Exchange about Schedule of Analysts/Institutional Investor Meet/Con. Call ,,,Schedule of Analysts/Institutional Investor Meet/Con. Call,00:00:48,08092022185554,08-Sep-2022 18:56:42,-,False,,,5089081,,INE726G01019,ICICI Prudential Life Insurance Company Limited,2022-09-08 18:55:54,ICICIPRULI
07-Sep-2022 14:18:06,,https://nsearchives.nseindia.com/corporate/ICICIPRULI_07092022141806_SE_monthly_business_presentation_August_2022_combined_signed.pdf,ICICI Prudential Life Insurance Company Limited has informed the Exchange about Investor Presentation,,,Investor Presentation,00:00:12,07092022141806,07-Sep-2022 14:18:18,-,False,,,5087945,,INE726G01019,ICICI Prudential Life Insurance Company Limited,2022-09-07 14:18:06,ICICIPRULI
06-Sep-2022 17:10:09,,https://nsearchives.nseindia.com/corporate/ICICIPRULI_06092022171009_SE_Intimation_September_6_2022.pdf,"This is to inform you that ICICI Prudential Life Insurance Company Limited has allotted 28,110 equity shares of face value of Rs. 10 each on September 6, 2022 under its employee stock option scheme.",,,ESOP/ESPS/SBEB Scheme,00:00:04,06092022171009,06-Sep-2022 17:10:13,-,False,,,5087419,,INE726G01019,ICICI Prudential Life Insurance Company Limited,2022-09-06 17:10:09,ICICIPRULI
06-Sep-2022 12:12:00,,"https://nsearchives.nseindia.com/corporate/ICICIPRULI_06092022121200_SE_Investor_Meet_September5,2022_6_signed.pdf",ICICI Prudential Life Insurance Company Limited has informed the Exchange about Schedule of Analysts/Institutional Investor Meet/Con. Call ,,,Schedule of Analysts/Institutional Investor Meet/Con. Call,00:00:15,06092022121200,06-Sep-2022 12:12:15,-,False,,,5087128,,INE726G01019,ICICI Prudential Life Insurance Company Limited,2022-09-06 12:12:00,ICICIPRULI
03-Sep-2022 10:58:21,,https://nsearchives.nseindia.com/corporate/ICICIPRULI_03092022105821_SE_Intimation_Post_Newspaper_publication_September_2022signed.pdf,"This is further to our letter dated September 2, 2022, pertaining to the Notice of Postal Ballot (���Notice���), sent to Members of Company.Please find enclosed herewith copy of the notice published in the newspapers i.e. Financial Express, all India editions and Loksatta, Mumbai edition, on September 3, 2022, with respect to the intimation of Postal Ballot by the Company and intimating the public about having electronically mailed the Notice, alongwith relevant information, to the eligible Members of the Company.You are requested to kindly take the same on records.",,,Newspaper Advertisements,00:00:03,03092022105821,03-Sep-2022 10:58:24,-,False,,,5085874,,INE726G01019,ICICI Prudential Life Insurance Company Limited,2022-09-03 10:58:21,ICICIPRULI
02-Sep-2022 17:26:42,,https://nsearchives.nseindia.com/corporate/ICICIPRULI_02092022172642_SE_Investor_Meet_September_2_2022_signed.pdf,ICICI Prudential Life Insurance Company Limited has informed the Exchange about Schedule of Analysts/Institutional Investor Meet/Con. Call ,,,Schedule of Analysts/Institutional Investor Meet/Con. Call,00:00:02,02092022172642,02-Sep-2022 17:26:44,-,False,,,5085570,,INE726G01019,ICICI Prudential Life Insurance Company Limited,2022-09-02 17:26:42,ICICIPRULI
02-Sep-2022 13:14:45,,https://nsearchives.nseindia.com/corporate/ICICIPRULI_02092022131445_SE_Intimation_September_2_2022.pdf,"This is to inform you that ICICI Prudential Life Insurance Company Limited has allotted 10,000 equity shares of face value of ��� 10 each on September 2, 2022 under its employee stock option scheme.",,,ESOP/ESPS/SBEB Scheme,00:00:05,02092022131445,02-Sep-2022 13:14:50,-,False,,,5085283,,INE726G01019,ICICI Prudential Life Insurance Company Limited,2022-09-02 13:14:45,ICICIPRULI
02-Sep-2022 09:56:39,,https://nsearchives.nseindia.com/corporate/ICICIPRULI_02092022095639_SE_Intimation_Posta_Ballot_Notice_Sep_2022_signed.pdf,"Further to our letter dated Monday, August 29, 2022, we enclose herewith the Notice of Postal Ballot (���Notice���), being sent to the Members of the Company seeking their approval on item of Special Business pertaining to appointment of Mr. Benjamin Bulmer (DIN: 0009682658) as a Non-Executive Director of the Company with effect from July 27, 2022 in place of Mr. Wilfred Blackburn, by way of an Ordinary Resolution, as set out in the Notice.The Notice is also available on the website of the Company at www.iciciprulife.com, which can be accessed at About us> Shareholder Information> Notices> Postal Ballot and would also be available on the website of the National Securities Depository Limited at www.evoting.nsdl.com.You are requested to kindly take the same on records.",,,Postal Ballot,00:00:09,02092022095639,02-Sep-2022 09:56:48,-,False,,,5085172,,INE726G01019,ICICI Prudential Life Insurance Company Limited,2022-09-02 09:56:39,ICICIPRULI
30-Aug-2022 19:22:12,,https://nsearchives.nseindia.com/corporate/ICICIPRULI_30082022192212_SE_Investor_Meet_August_30_2022.pdf,ICICI Prudential Life Insurance Company Limited has informed the Exchange about Schedule of Analysts/Institutional Investor Meet/Con. Call ,,,Schedule of Analysts/Institutional Investor Meet/Con. Call,00:00:06,30082022192212,30-Aug-2022 19:22:18,-,False,,,5084151,,INE726G01019,ICICI Prudential Life Insurance Company Limited,2022-08-30 19:22:12,ICICIPRULI
30-Aug-2022 12:29:00,,https://nsearchives.nseindia.com/corporate/ICICIPRULI_30082022122900_SE_Intimation_Pre_Newspaper_publication_Aug_2022.pdf,"Please find enclosed herewith copy of the notice published in the newspapers i.e. Financial Express, all India editions and Loksatta, Mumbai edition, on August 30, 2022, with respect to the intimation of Postal Ballot by the Company and requesting the members of the Company to update their e-mail address and contact details, to enable timely receipt of electronic communication.You are requested to kindly take the same on records.",,,Newspaper Advertisements,00:00:03,30082022122900,30-Aug-2022 12:29:03,-,False,,,5083680,,INE726G01019,ICICI Prudential Life Insurance Company Limited,2022-08-30 12:29:00,ICICIPRULI
29-Aug-2022 12:17:21,,https://nsearchives.nseindia.com/corporate/ICICIPRULI_29082022121721_SE_Intimation_PostalBallot_Notice_Cutoff_date_Aug_2022.pdf,"Please be informed that the Board of Directors of the Company, through its resolution dated August 29, 2022, have consented to seek Members' approval through Postal Ballot, concerning the Special Business of appointment of Mr. Benjamin Bulmer (DIN: 0009682658) as Non-Executive Director of the Company with effect from July 27, 2022 in place of Mr. Wilfred Blackburn, by way of an Ordinary Resolution.The Notice of Postal Ballot shall be circulated in due course, through electronic mode to all the Members whose names appear on the Register of Members/the Register of Beneficial Owners maintained by National Securities Depository Limited and Central Depository Services (India) Limited/the Company/Registrar and Share Transfer Agent, as the case may be, as on Monday, August 29, 2022 (Cut-off Date).You are requested to kindly take the same on records.",,,General updates,00:00:03,29082022121721,29-Aug-2022 12:17:24,-,False,,,5083096,,INE726G01019,ICICI Prudential Life Insurance Company Limited,2022-08-29 12:17:21,ICICIPRULI
26-Aug-2022 11:20:18,,https://nsearchives.nseindia.com/corporate/ICICIPRULI_26082022112018_SE_Intimation_August_26_2022.pdf,"This is to inform you that ICICI Prudential Life Insurance Company Limited has allotted 3,06,630 equity shares of face value of Rs.10 each on August 26, 2022 under its employee stock option scheme.",,,ESOP/ESPS/SBEB Scheme,00:00:05,26082022112018,26-Aug-2022 11:20:23,-,False,,,5082161,,INE726G01019,ICICI Prudential Life Insurance Company Limited,2022-08-26 11:20:18,ICICIPRULI
25-Aug-2022 19:16:09,,https://nsearchives.nseindia.com/corporate/ICICIPRULI_25082022191609_SE_Investor_Meet_August_25_2022.pdf,ICICI Prudential Life Insurance Company Limited has informed the Exchange about Schedule of Analysts/Institutional Investor Meet/Con. Call ,,,Schedule of Analysts/Institutional Investor Meet/Con. Call,00:00:10,25082022191609,25-Aug-2022 19:16:19,-,False,,,5082065,,INE726G01019,ICICI Prudential Life Insurance Company Limited,2022-08-25 19:16:09,ICICIPRULI
24-Aug-2022 19:37:51,,https://nsearchives.nseindia.com/corporate/ICICIPRULI_24082022193751_SE_Investor_Meet_August_24_2022.pdf,ICICI Prudential Life Insurance Company Limited has informed the Exchange about Schedule of Analysts/Institutional Investor Meet/Con. Call ,,,Schedule of Analysts/Institutional Investor Meet/Con. Call,00:00:02,24082022193751,24-Aug-2022 19:37:53,-,False,,,5081558,,INE726G01019,ICICI Prudential Life Insurance Company Limited,2022-08-24 19:37:51,ICICIPRULI
22-Aug-2022 19:03:48,,https://nsearchives.nseindia.com/corporate/ICICIPRULI_22082022190348_SE_Investor_Meet_August_22_2022.pdf,ICICI Prudential Life Insurance Company Limited has informed the Exchange about Schedule of Analysts/Institutional Investor Meet/Con. Call ,,,Schedule of Analysts/Institutional Investor Meet/Con. Call,00:00:03,22082022190348,22-Aug-2022 19:03:51,-,False,,,5080553,,INE726G01019,ICICI Prudential Life Insurance Company Limited,2022-08-22 19:03:48,ICICIPRULI
17-Aug-2022 16:03:57,,https://nsearchives.nseindia.com/corporate/ICICIPRULI_17082022160357_SE_Intimation_August_17_2022.pdf,"This is to inform you that ICICI Prudential Life Insurance Company Limited has allotted 13,000 equity shares of face value of Rs. 10 each on August 17, 2022 under its employee stock option scheme.",,,ESOP/ESPS/SBEB Scheme,00:00:04,17082022160357,17-Aug-2022 16:04:01,-,False,,,5078781,,INE726G01019,ICICI Prudential Life Insurance Company Limited,2022-08-17 16:03:57,ICICIPRULI
12-Aug-2022 15:12:45,,https://nsearchives.nseindia.com/corporate/ICICIPRULI_12082022151245_SE_Investor_Meet_August_12_2022.pdf,ICICI Prudential Life Insurance Company Limited has informed the Exchange about Schedule of Analysts/Institutional Investor Meet/Con. Call ,,,Schedule of Analysts/Institutional Investor Meet/Con. Call,00:00:08,12082022151245,12-Aug-2022 15:12:53,-,False,,,5076495,,INE726G01019,ICICI Prudential Life Insurance Company Limited,2022-08-12 15:12:45,ICICIPRULI
12-Aug-2022 13:04:42,,https://nsearchives.nseindia.com/corporate/ICICIPRULI_12082022130442_SE_Intimation_August_12_2022.pdf,"This is to inform you that ICICI Prudential Life Insurance Company Limited has allotted 1,31,000 equity shares of face value of Rs. 10 each on August 12, 2022 under its employee stock option scheme.",,,ESOP/ESPS/SBEB Scheme,00:00:05,12082022130442,12-Aug-2022 13:04:47,-,False,,,5076332,,INE726G01019,ICICI Prudential Life Insurance Company Limited,2022-08-12 13:04:42,ICICIPRULI
10-Aug-2022 18:05:09,,https://nsearchives.nseindia.com/corporate/ICICIPRULI_10082022180509_SE_Investor_Meet_August_10_2022.pdf,ICICI Prudential Life Insurance Company Limited has informed the Exchange about Schedule of Analysts/Institutional Investor Meet/Con. Call ,,,Schedule of Analysts/Institutional Investor Meet/Con. Call,00:00:07,10082022180509,10-Aug-2022 18:05:16,-,False,,,5075020,,INE726G01019,ICICI Prudential Life Insurance Company Limited,2022-08-10 18:05:09,ICICIPRULI
08-Aug-2022 15:01:00,,https://nsearchives.nseindia.com/corporate/ICICIPRULI_08082022150100_SE_Intimation_August_8_2022.pdf,"This is to inform you that ICICI Prudential Life Insurance Company Limited has allotted 28,000 equity shares of face value of Rs. 10 each on August 8, 2022 under its employee stock option scheme.",,,ESOP/ESPS/SBEB Scheme,00:00:05,08082022150100,08-Aug-2022 15:01:05,-,False,,,5072657,,INE726G01019,ICICI Prudential Life Insurance Company Limited,2022-08-08 15:01:00,ICICIPRULI
08-Aug-2022 14:33:42,,https://nsearchives.nseindia.com/corporate/ICICIPRULI_08082022143342_SE_monthly_business_presentation_July_2022_final.pdf,ICICI Prudential Life Insurance Company Limited has informed the Exchange about the updated Investor Presentation.,,,Investor Presentation,00:00:05,08082022143342,08-Aug-2022 14:33:47,-,False,,,5072633,,INE726G01019,ICICI Prudential Life Insurance Company Limited,2022-08-08 14:33:42,ICICIPRULI
05-Aug-2022 18:51:24,,https://nsearchives.nseindia.com/corporate/ICICIPRULI_05082022185124_SE_Investor_Meet_August_5_2022.pdf,"Intimation under regulation 30 read with para A of part A of Schedule III and Regulation 46(2) of Securities and Exchange Board of India (Listing Obligations and Disclosure Requirements) Regulations, 2015.",,,Schedule of Analysts/Institutional Investor Meet/Con. Call,00:00:02,05082022185124,05-Aug-2022 18:51:26,-,False,,,5071670,,INE726G01019,ICICI Prudential Life Insurance Company Limited,2022-08-05 18:51:24,ICICIPRULI
03-Aug-2022 15:34:15,,https://nsearchives.nseindia.com/corporate/ICICIPRULI_03082022153415_SE_Investor_Meet_August_3_2022.pdf,ICICI Prudential Life Insurance Company Limited has informed the Exchange about Schedule of Analysts/Institutional Investor Meet/Con. Call ,,,Schedule of Analysts/Institutional Investor Meet/Con. Call,00:00:03,03082022153415,03-Aug-2022 15:34:18,-,False,,,5069500,,INE726G01019,ICICI Prudential Life Insurance Company Limited,2022-08-03 15:34:15,ICICIPRULI
02-Aug-2022 12:04:06,,https://nsearchives.nseindia.com/corporate/ICICIPRULI_02082022120406_SE_Intimation_August_2_2022_signed.pdf,"This is to inform you that ICICI Prudential Life Insurance Company Limited has allotted 10,000 equity shares of face value of Rs.10 each on August 2, 2022 under its employee stock option scheme.",,,ESOP/ESPS/SBEB Scheme,00:00:17,02082022120406,02-Aug-2022 12:04:23,-,False,,,5068445,,INE726G01019,ICICI Prudential Life Insurance Company Limited,2022-08-02 12:04:06,ICICIPRULI
28-Jul-2022 12:14:39,,https://nsearchives.nseindia.com/corporate/ICICIPRULI_28072022121439_SE_Investor_Meet_July_28_202227.pdf,ICICI Prudential Life Insurance Company Limited has informed the Exchange about Schedule of Analysts/Institutional Investor Meet/Con. Call ,,,Schedule of Analysts/Institutional Investor Meet/Con. Call,00:00:07,28072022121439,28-Jul-2022 12:14:46,-,False,,,5065540,,INE726G01019,ICICI Prudential Life Insurance Company Limited,2022-07-28 12:14:39,ICICIPRULI
27-Jul-2022 11:41:21,,https://nsearchives.nseindia.com/corporate/ICICIPRULI_27072022114121_Reg30_ChangeinDirector.pdf,"The Board of Directors of the Company has through a resolution dated July 27, 2022 approved the appointment of Mr. Benjamin Bulmer (DIN: 0009682658) as a non-executive (Additional) Director of the Company, nominated by Prudential Corporation Holdings Limited, with effect from July 27, 2022.",,,Appointment,00:00:05,27072022114121,27-Jul-2022 11:41:26,-,False,,,5064828,,INE726G01019,ICICI Prudential Life Insurance Company Limited,2022-07-27 11:41:21,ICICIPRULI
27-Jul-2022 11:37:48,,https://nsearchives.nseindia.com/corporate/ICICIPRULI_27072022113748_Reg30_ChangeinDirector.pdf,"In terms of Regulation 30 of Securities and Exchange Board of India (SEBI) (Listing Obligations and Disclosure Requirements) Regulations, 2015 read with Schedule Ill, please be informed that Mr. Wilfred John Blackburn (DIN: 0008753207), non-executive Director, has tendered his resignation as a Director of the Company with effect from July 27, 2022 due to his resignation from the Prudential Group effective end of July 2022. The Board noted the same, and has acknowledged and placed on record their heartfelt appreciation for the valuable contribution and guidance provided by Mr. Wilfred John Blackburn during his tenure as a Director of the Company. ",,,Resignation,00:00:03,27072022113748,27-Jul-2022 11:37:51,-,False,,,5064827,,INE726G01019,ICICI Prudential Life Insurance Company Limited,2022-07-27 11:37:48,ICICIPRULI
26-Jul-2022 18:38:00,,https://nsearchives.nseindia.com/corporate/ICICIPRULI_26072022183800_SE_Investor_Meet_July_26_2022.pdf,ICICI Prudential Life Insurance Company Limited has informed the Exchange about Schedule of Analysts/Institutional Investor Meet/Con. Call,,,Schedule of Analysts/Institutional Investor Meet/Con. Call,00:00:05,26072022183800,26-Jul-2022 18:38:05,-,False,,,5064584,,INE726G01019,ICICI Prudential Life Insurance Company Limited,2022-07-26 18:38:00,ICICIPRULI
26-Jul-2022 16:45:30,,https://nsearchives.nseindia.com/corporate/ICICIPRULI_26072022164530_SE_Intimation_July_26_2022.pdf,"This is to inform you that ICICI Prudential Life Insurance Company Limited has allotted 10,100 equity shares of face value of Rs. 10 each on July 26, 2022 under its employee stock option scheme.",,,ESOP/ESPS/SBEB Scheme,00:00:06,26072022164530,26-Jul-2022 16:45:36,-,False,,,5064449,,INE726G01019,ICICI Prudential Life Insurance Company Limited,2022-07-26 16:45:30,ICICIPRULI
25-Jul-2022 18:16:24,,https://nsearchives.nseindia.com/corporate/ICICIPRULI_25072022181624_SE_Investor_Meet_July_25_2022.pdf,ICICI Prudential Life Insurance Company Limited has informed the Exchange about Schedule of Analysts/Institutional Investor Meet/Con. Call ,,,Schedule of Analysts/Institutional Investor Meet/Con. Call,00:00:04,25072022181624,25-Jul-2022 18:16:28,-,False,,,5063997,,INE726G01019,ICICI Prudential Life Insurance Company Limited,2022-07-25 18:16:24,ICICIPRULI
22-Jul-2022 10:49:00,,https://nsearchives.nseindia.com/corporate/ICICIPRULI_22072022104900_SE_Investor_Meet_July_22_2022.pdf,ICICI Prudential Life Insurance Company Limited has informed the Exchange about Schedule of Analysts/Institutional Investor Meet/Con. Call ,,,Schedule of Analysts/Institutional Investor Meet/Con. Call,00:00:03,22072022104900,22-Jul-2022 10:49:03,-,False,,,5062673,,INE726G01019,ICICI Prudential Life Insurance Company Limited,2022-07-22 10:49:00,ICICIPRULI
22-Jul-2022 10:31:57,,https://nsearchives.nseindia.com/corporate/ICICIPRULI_22072022103157_SE_Earnings_transcript_July2022_final.pdf,"ICICI Prudential Life Insurance Company Limited had hosted an earnings conference call with investors and analyst on Saturday, July 16, 2022 to discuss the financial performance of the Company for Q1-FY2023. In light of the same, Please find attached the transcript of the ���earnings conference call��� for Q1-FY2023.",,,Transcript of Analysts/Institutional Investor Meet/Con. Call,00:00:05,22072022103157,22-Jul-2022 10:32:02,-,False,,,5062653,,INE726G01019,ICICI Prudential Life Insurance Company Limited,2022-07-22 10:31:57,ICICIPRULI
18-Jul-2022 15:27:51,,https://nsearchives.nseindia.com/corporate/ICICIPRULI_18072022152751_SE_Intimation_Newspaper_publication_July2022.pdf,"ICICI Prudential Life Insurance Company Limited has informed the Exchange about Newspaper Advertisements pertaining to financial results of the Company for the quarter ended June 30, 2022. The advertisements were published in English and Marathi newspapers namely Financial Express and Loksatta respectively.",,,Newspaper Advertisements,00:00:03,18072022152751,18-Jul-2022 15:27:54,-,False,,,5060477,,INE726G01019,ICICI Prudential Life Insurance Company Limited,2022-07-18 15:27:51,ICICIPRULI
16-Jul-2022 18:22:39,,"https://nsearchives.nseindia.com/corporate/ICICIPRULI_16072022182239_SE_Earnings_presentation_intimation_July16,2022_signed.pdf",ICICI Prudential Life Insurance Company Limited has informed the Exchange about the business presentation for 'earnings conference call' to discuss the financial performance of the Company for O1-FY2023.,,,Investor Presentation,00:00:02,16072022182239,16-Jul-2022 18:22:41,-,False,,,5060270,,INE726G01019,ICICI Prudential Life Insurance Company Limited,2022-07-16 18:22:39,ICICIPRULI
16-Jul-2022 18:13:00,,https://nsearchives.nseindia.com/corporate/ICICIPRULI_16072022181300_Combined_SEBI_Q1.pdf,"The Board of Directors (���Board���) of ICICI Prudential Life Insurance Company Limited has at their meeting, which commenced at 15:37 IST and concluded at 18:03 IST on Saturday, July 16, 2022, inter alia approved the following business:1.	Audited financial statements and financial results (standalone and consolidated) for the quarter ended June 30, 2022. Pursuant to the provisions of regulation 33 and regulation 52 of SEBI (Listing Obligations and Disclosure Requirements) Regulations, 2015 and other applicable requirements, a copy of the audited financial results for the quarter ended June 30, 2022 together with the Auditors��� Report in the prescribed format is enclosed. A copy of the press release being issued in this connection is also enclosed.Please note that B S R & Co. LLP and Walker Chandiok & Co LLP, the joint statutory auditors of the Company, have issued audit reports with unmodified opinion.2.	Pursuant to Regulation 54(3) of SEBI (Listing Obligations and Disclosure Requirements) Regulations, 2015, please find enclosed the statement on computation of Asset Cover Ratio at June 30, 2022, in respect of the non-convertible debentures issued by the Company.",,,Outcome of Board Meeting,00:00:07,16072022181300,16-Jul-2022 18:13:07,-,False,,,5060269,,INE726G01019,ICICI Prudential Life Insurance Company Limited,2022-07-16 18:13:00,ICICIPRULI
13-Jul-2022 19:41:57,,"https://nsearchives.nseindia.com/corporate/ICICIPRULI_13072022194157_SE_Earnings_intimation_July13,2022.pdf","ICICI Prudential Life Insurance Company Limited has informed the Exchange about Schedule of earnings conference call with investors and analysts at 7.00 p.m. IST on Saturday, July 16, 2022 to discuss the financial performance of the Company for Q1-FY2023.",,,Schedule of Analysts/Institutional Investor Meet/Con. Call,00:00:04,13072022194157,13-Jul-2022 19:42:01,-,False,,,5058968,,INE726G01019,ICICI Prudential Life Insurance Company Limited,2022-07-13 19:41:57,ICICIPRULI
12-Jul-2022 17:26:42,,https://nsearchives.nseindia.com/corporate/ICICIPRULI_12072022172642_ICPL_74_5__BSE_and_NSE_June30_2022_combined.pdf,"Pursuant to Regulation 74(5) of the SEBI (Depositories and Participants) Regulations, 2018, please find enclosed herewith the certificates received from the Registrar and Transfer Agent of the Company - KFin Technologies Limited, confirming that the details of securities dematerialized/rematerialized during the quarter ended June 30, 2022 have been furnished to all the stock exchanges where the shares of the Company are listed.",,,General updates,00:00:05,12072022172642,12-Jul-2022 17:26:47,-,False,,,5058303,,INE726G01019,ICICI Prudential Life Insurance Company Limited,2022-07-12 17:26:42,ICICIPRULI
07-Jul-2022 13:24:54,,https://nsearchives.nseindia.com/corporate/ICICIPRULI_07072022132454_SE_monthly_business_presentation_June_2022.pdf,ICICI Prudential Life Insurance Company Limited has informed the Exchange about Investor Presentation.,,,Investor Presentation,00:00:04,07072022132454,07-Jul-2022 13:24:58,-,False,,,5056217,,INE726G01019,ICICI Prudential Life Insurance Company Limited,2022-07-07 13:24:54,ICICIPRULI
06-Jul-2022 15:14:24,,https://nsearchives.nseindia.com/corporate/ICICIPRULI_06072022151424_SE_Intimation_July_6_2022_Signed.pdf,"This is to inform you that ICICI Prudential Life Insurance Company Limited has allotted 5,000 equity shares of face value of Rs. 10 each on July 6, 2022 under its employee stock option scheme.",,,ESOP/ESPS/SBEB Scheme,00:00:03,06072022151424,06-Jul-2022 15:14:27,-,False,,,5055738,,INE726G01019,ICICI Prudential Life Insurance Company Limited,2022-07-06 15:14:24,ICICIPRULI
05-Jul-2022 17:10:54,,https://nsearchives.nseindia.com/corporate/ICICIPRULI_05072022171054_Reg30_LODR_Sale_intimation_Westlife_Development_Ltd.pdf,"The disclosure pursuant to regulation 30 read with para A of part A of Schedule III of the SEBI (Listing Obligation & Disclosure Requirement) Regulations, 2015",,,General updates,00:00:03,05072022171054,05-Jul-2022 17:10:57,-,False,,,5055360,,INE726G01019,ICICI Prudential Life Insurance Company Limited,2022-07-05 17:10:54,ICICIPRULI
30-Jun-2022 16:39:27,,https://nsearchives.nseindia.com/corporate/ICICIPRULI_30062022163927_SE_Investor_Meet_June_30_2022.pdf,ICICI Prudential Life Insurance Company Limited has informed the Exchange about Schedule of Analysts/Institutional Investor Meet/Con. Call ,,,Schedule of Analysts/Institutional Investor Meet/Con. Call,00:00:04,30062022163927,30-Jun-2022 16:39:31,-,False,,,5053384,,INE726G01019,ICICI Prudential Life Insurance Company Limited,2022-06-30 16:39:27,ICICIPRULI
29-Jun-2022 14:40:24,,https://nsearchives.nseindia.com/corporate/ICICIPRULI_29062022144024_SEintimationforWindowclosure.pdf,ICICI Prudential Life Insurance Company Limited has informed the Exchange about Closure of trading window,,,Closure of trading window,00:00:08,29062022144024,29-Jun-2022 14:40:32,-,False,,,5052041,,INE726G01019,ICICI Prudential Life Insurance Company Limited,2022-06-29 14:40:24,ICICIPRULI
28-Jun-2022 17:54:57,,https://nsearchives.nseindia.com/corporate/ICICIPRULI_28062022175457_SE_Investor_Meet_June_28_2022.pdf,ICICI Prudential Life Insurance Company Limited has informed the Exchange about Schedule of Analysts/Institutional Investor Meet/Con. Call ,,,Schedule of Analysts/Institutional Investor Meet/Con. Call,00:00:04,28062022175457,28-Jun-2022 17:55:01,-,False,,,5051602,,INE726G01019,ICICI Prudential Life Insurance Company Limited,2022-06-28 17:54:57,ICICIPRULI
28-Jun-2022 16:33:06,,https://nsearchives.nseindia.com/corporate/ICICIPRULI_28062022163306_1.SE_intimation_Proceedings_Combined.pdf,"ICICI Prudential Life Insurance Company Limited has informed the Exchange about Voting results,  Scrutinizer report and  Proceedings of Annual General Meeting held on 27-Jun-2022",,,Annual General Meeting,00:00:05,28062022163306,28-Jun-2022 16:33:11,-,False,,,5051473,,INE726G01019,ICICI Prudential Life Insurance Company Limited,2022-06-28 16:33:06,ICICIPRULI
27-Jun-2022 14:18:21,,https://nsearchives.nseindia.com/corporate/ICICIPRULI_27062022141821_SE_Intimation_June_27_2022.pdf,"This is to inform you that ICICI Prudential Life Insurance Company Limited has allotted 4,940 equity shares of face value of Rs.10 each on June 27, 2022 under its employee stock option scheme.",,,ESOP/ESPS/SBEB Scheme,00:00:04,27062022141821,27-Jun-2022 14:18:25,-,False,,,5050768,,INE726G01019,ICICI Prudential Life Insurance Company Limited,2022-06-27 14:18:21,ICICIPRULI
24-Jun-2022 18:43:33,,https://nsearchives.nseindia.com/corporate/ICICIPRULI_24062022184333_SE_Investor_Meet_June_24_2022.pdf,ICICI Prudential Life Insurance Company Limited has informed the Exchange about Schedule of Analysts/Institutional Investor Meet/Con. Call ,,,Schedule of Analysts/Institutional Investor Meet/Con. Call,00:00:04,24062022184333,24-Jun-2022 18:43:37,-,False,,,5050304,,INE726G01019,ICICI Prudential Life Insurance Company Limited,2022-06-24 18:43:33,ICICIPRULI
23-Jun-2022 14:39:53,,https://nsearchives.nseindia.com/corporate/ICICIPRULI_23062022143953_SE_Investor_Meet_June_2322_2022.pdf,ICICI Prudential Life Insurance Company Limited has informed the Exchange about Schedule of Analysts/Institutional Investor Meet/Con. Call ,,,Schedule of Analysts/Institutional Investor Meet/Con. Call,00:00:05,23062022143953,23-Jun-2022 14:39:58,-,False,,,5049681,,INE726G01019,ICICI Prudential Life Insurance Company Limited,2022-06-23 14:39:53,ICICIPRULI
22-Jun-2022 18:19:35,,https://nsearchives.nseindia.com/corporate/ICICIPRULI_22062022181935_SE_Investor_Meet_June_22_2022.pdf,ICICI Prudential Life Insurance Company Limited has informed the Exchange about Schedule of Analysts/Institutional Investor Meet/Con. Call ,,,Schedule of Analysts/Institutional Investor Meet/Con. Call,00:00:04,22062022181935,22-Jun-2022 18:19:39,-,False,,,5049469,,INE726G01019,ICICI Prudential Life Insurance Company Limited,2022-06-22 18:19:35,ICICIPRULI
21-Jun-2022 18:46:03,,https://nsearchives.nseindia.com/corporate/ICICIPRULI_21062022184602_SE_Investor_Meet_June_21_2022.pdf,ICICI Prudential Life Insurance Company Limited has informed the Exchange about Schedule of Analysts/Institutional Investor Meet/Con. Call ,,,Schedule of Analysts/Institutional Investor Meet/Con. Call,00:00:06,21062022184603,21-Jun-2022 18:46:09,-,False,,,5049102,,INE726G01019,ICICI Prudential Life Insurance Company Limited,2022-06-21 18:46:03,ICICIPRULI
21-Jun-2022 11:36:18,,https://nsearchives.nseindia.com/corporate/ICICIPRULI_21062022113618_SE_Investor_Meet_June_2120_2022.pdf,ICICI Prudential Life Insurance Company Limited has informed the Exchange about Schedule of Analysts/Institutional Investor Meet/Con. Call ,,,Schedule of Analysts/Institutional Investor Meet/Con. Call,00:00:03,21062022113618,21-Jun-2022 11:36:21,-,False,,,5048879,,INE726G01019,ICICI Prudential Life Insurance Company Limited,2022-06-21 11:36:18,ICICIPRULI
20-Jun-2022 18:04:24,,https://nsearchives.nseindia.com/corporate/ICICIPRULI_20062022180423_SE_Investor_Meet_June_20_2022.pdf,ICICI Prudential Life Insurance Company Limited has informed the Exchange about Schedule of Analysts/Institutional Investor Meet/Con. Call ,,,Schedule of Analysts/Institutional Investor Meet/Con. Call,00:00:02,20062022180424,20-Jun-2022 18:04:26,-,False,,,5048723,,INE726G01019,ICICI Prudential Life Insurance Company Limited,2022-06-20 18:04:24,ICICIPRULI
20-Jun-2022 17:02:19,,https://nsearchives.nseindia.com/corporate/ICICIPRULI_20062022170219_Discl_Reg31_ICICIPRULI_20062022.pdf,"Disclosure under Regulation 31 under SEBI (SAST) Regulations, 2011 has been submitted.",,,Disclosure under SEBI Takeover Regulations,00:00:12,20062022170219,20-Jun-2022 17:02:31,-,False,,,5048660,,INE726G01019,ICICI Prudential Life Insurance Company Limited,2022-06-20 17:02:19,ICICIPRULI
18-Jun-2022 21:57:08,,https://nsearchives.nseindia.com/corporate/ICICIPRULI_18062022215707_Discl_Reg31_ICICIPRULI_18062022.pdf,"Disclosure under Regulation 31 under SEBI (SAST) Regulations, 2011 has been submitted.",,,Disclosure under SEBI Takeover Regulations,00:00:10,18062022215708,18-Jun-2022 21:57:18,-,False,,,5047937,,INE726G01019,ICICI Prudential Life Insurance Company Limited,2022-06-18 21:57:08,ICICIPRULI
18-Jun-2022 21:57:01,,https://nsearchives.nseindia.com/corporate/ICICIPRULI_18062022215700_Discl_Reg31_ICICIPRULI_18062022.pdf,"Disclosure under Regulation 31 under SEBI (SAST) Regulations, 2011 has been submitted.",,,Disclosure under SEBI Takeover Regulations,00:00:09,18062022215701,18-Jun-2022 21:57:10,-,False,,,5047932,,INE726G01019,ICICI Prudential Life Insurance Company Limited,2022-06-18 21:57:01,ICICIPRULI
18-Jun-2022 21:56:56,,https://nsearchives.nseindia.com/corporate/ICICIPRULI_18062022215656_Discl_Reg31_ICICIPRULI_18062022.pdf,"Disclosure under Regulation 31 under SEBI (SAST) Regulations, 2011 has been submitted.",,,Disclosure under SEBI Takeover Regulations,00:00:12,18062022215656,18-Jun-2022 21:57:08,-,False,,,5047728,,INE726G01019,ICICI Prudential Life Insurance Company Limited,2022-06-18 21:56:56,ICICIPRULI
18-Jun-2022 21:56:52,,https://nsearchives.nseindia.com/corporate/ICICIPRULI_18062022215652_Discl_Reg31_ICICIPRULI_18062022.pdf,"Disclosure under Regulation 31 under SEBI (SAST) Regulations, 2011 has been submitted.",,,Disclosure under SEBI Takeover Regulations,00:00:09,18062022215652,18-Jun-2022 21:57:01,-,False,,,5048340,,INE726G01019,ICICI Prudential Life Insurance Company Limited,2022-06-18 21:56:52,ICICIPRULI
18-Jun-2022 21:55:56,,https://nsearchives.nseindia.com/corporate/ICICIPRULI_18062022215556_Discl_Reg31_ICICIPRULI_18062022.pdf,"Disclosure under Regulation 31 under SEBI (SAST) Regulations, 2011 has been submitted.",,,Disclosure under SEBI Takeover Regulations,00:00:10,18062022215556,18-Jun-2022 21:56:06,-,False,,,5048255,,INE726G01019,ICICI Prudential Life Insurance Company Limited,2022-06-18 21:55:56,ICICIPRULI
18-Jun-2022 21:53:47,,https://nsearchives.nseindia.com/corporate/ICICIPRULI_18062022215347_Discl_Reg31_ICICIPRULI_18062022.pdf,"Disclosure under Regulation 31 under SEBI (SAST) Regulations, 2011 has been submitted.",,,Disclosure under SEBI Takeover Regulations,00:00:15,18062022215347,18-Jun-2022 21:54:02,-,False,,,5047782,,INE726G01019,ICICI Prudential Life Insurance Company Limited,2022-06-18 21:53:47,ICICIPRULI
18-Jun-2022 21:53:27,,https://nsearchives.nseindia.com/corporate/ICICIPRULI_18062022215327_Discl_Reg31_ICICIPRULI_18062022.pdf,"Disclosure under Regulation 31 under SEBI (SAST) Regulations, 2011 has been submitted.",,,Disclosure under SEBI Takeover Regulations,00:00:08,18062022215327,18-Jun-2022 21:53:35,-,False,,,5048319,,INE726G01019,ICICI Prudential Life Insurance Company Limited,2022-06-18 21:53:27,ICICIPRULI
18-Jun-2022 21:53:23,,https://nsearchives.nseindia.com/corporate/ICICIPRULI_18062022215323_Discl_Reg31_ICICIPRULI_18062022.pdf,"Disclosure under Regulation 31 under SEBI (SAST) Regulations, 2011 has been submitted.",,,Disclosure under SEBI Takeover Regulations,00:00:11,18062022215323,18-Jun-2022 21:53:34,-,False,,,5048308,,INE726G01019,ICICI Prudential Life Insurance Company Limited,2022-06-18 21:53:23,ICICIPRULI
18-Jun-2022 21:53:11,,https://nsearchives.nseindia.com/corporate/ICICIPRULI_18062022215311_Discl_Reg31_ICICIPRULI_18062022.pdf,"Disclosure under Regulation 31 under SEBI (SAST) Regulations, 2011 has been submitted.",,,Disclosure under SEBI Takeover Regulations,00:00:11,18062022215311,18-Jun-2022 21:53:22,-,False,,,5048278,,INE726G01019,ICICI Prudential Life Insurance Company Limited,2022-06-18 21:53:11,ICICIPRULI
18-Jun-2022 21:52:23,,https://nsearchives.nseindia.com/corporate/ICICIPRULI_18062022215223_Discl_Reg31_ICICIPRULI_18062022.pdf,"Disclosure under Regulation 31 under SEBI (SAST) Regulations, 2011 has been submitted.",,,Disclosure under SEBI Takeover Regulations,00:00:09,18062022215223,18-Jun-2022 21:52:32,-,False,,,5048218,,INE726G01019,ICICI Prudential Life Insurance Company Limited,2022-06-18 21:52:23,ICICIPRULI
18-Jun-2022 21:50:56,,https://nsearchives.nseindia.com/corporate/ICICIPRULI_18062022215055_Discl_Reg31_ICICIPRULI_18062022.pdf,"Disclosure under Regulation 31 under SEBI (SAST) Regulations, 2011 has been submitted.",,,Disclosure under SEBI Takeover Regulations,00:00:11,18062022215056,18-Jun-2022 21:51:07,-,False,,,5047984,,INE726G01019,ICICI Prudential Life Insurance Company Limited,2022-06-18 21:50:56,ICICIPRULI
18-Jun-2022 21:50:19,,https://nsearchives.nseindia.com/corporate/ICICIPRULI_18062022215019_Discl_Reg31_ICICIPRULI_18062022.pdf,"Disclosure under Regulation 31 under SEBI (SAST) Regulations, 2011 has been submitted.",,,Disclosure under SEBI Takeover Regulations,00:00:08,18062022215019,18-Jun-2022 21:50:27,-,False,,,5047839,,INE726G01019,ICICI Prudential Life Insurance Company Limited,2022-06-18 21:50:19,ICICIPRULI
18-Jun-2022 21:50:08,,https://nsearchives.nseindia.com/corporate/ICICIPRULI_18062022215007_Discl_Reg31_ICICIPRULI_18062022.pdf,"Disclosure under Regulation 31 under SEBI (SAST) Regulations, 2011 has been submitted.",,,Disclosure under SEBI Takeover Regulations,00:00:05,18062022215008,18-Jun-2022 21:50:13,-,False,,,5047763,,INE726G01019,ICICI Prudential Life Insurance Company Limited,2022-06-18 21:50:08,ICICIPRULI
18-Jun-2022 21:49:42,,https://nsearchives.nseindia.com/corporate/ICICIPRULI_18062022214941_Discl_Reg31_ICICIPRULI_18062022.pdf,"Disclosure under Regulation 31 under SEBI (SAST) Regulations, 2011 has been submitted.",,,Disclosure under SEBI Takeover Regulations,00:00:07,18062022214942,18-Jun-2022 21:49:49,-,False,,,5048351,,INE726G01019,ICICI Prudential Life Insurance Company Limited,2022-06-18 21:49:42,ICICIPRULI
18-Jun-2022 21:48:01,,https://nsearchives.nseindia.com/corporate/ICICIPRULI_18062022214801_Discl_Reg31_ICICIPRULI_18062022.pdf,"Disclosure under Regulation 31 under SEBI (SAST) Regulations, 2011 has been submitted.",,,Disclosure under SEBI Takeover Regulations,00:00:11,18062022214801,18-Jun-2022 21:48:12,-,False,,,5047968,,INE726G01019,ICICI Prudential Life Insurance Company Limited,2022-06-18 21:48:01,ICICIPRULI
18-Jun-2022 21:46:20,,https://nsearchives.nseindia.com/corporate/ICICIPRULI_18062022214619_Discl_Reg31_ICICIPRULI_18062022.pdf,"Disclosure under Regulation 31 under SEBI (SAST) Regulations, 2011 has been submitted.",,,Disclosure under SEBI Takeover Regulations,00:00:10,18062022214620,18-Jun-2022 21:46:30,-,False,,,5047737,,INE726G01019,ICICI Prudential Life Insurance Company Limited,2022-06-18 21:46:20,ICICIPRULI
18-Jun-2022 21:44:57,,https://nsearchives.nseindia.com/corporate/ICICIPRULI_18062022214457_Discl_Reg31_ICICIPRULI_18062022.pdf,"Disclosure under Regulation 31 under SEBI (SAST) Regulations, 2011 has been submitted.",,,Disclosure under SEBI Takeover Regulations,00:00:10,18062022214457,18-Jun-2022 21:45:07,-,False,,,5048185,,INE726G01019,ICICI Prudential Life Insurance Company Limited,2022-06-18 21:44:57,ICICIPRULI
18-Jun-2022 21:44:36,,https://nsearchives.nseindia.com/corporate/ICICIPRULI_18062022214436_Discl_Reg31_ICICIPRULI_18062022.pdf,"Disclosure under Regulation 31 under SEBI (SAST) Regulations, 2011 has been submitted.",,,Disclosure under SEBI Takeover Regulations,00:00:11,18062022214436,18-Jun-2022 21:44:47,-,False,,,5048083,,INE726G01019,ICICI Prudential Life Insurance Company Limited,2022-06-18 21:44:36,ICICIPRULI
18-Jun-2022 21:44:21,,https://nsearchives.nseindia.com/corporate/ICICIPRULI_18062022214421_Discl_Reg31_ICICIPRULI_18062022.pdf,"Disclosure under Regulation 31 under SEBI (SAST) Regulations, 2011 has been submitted.",,,Disclosure under SEBI Takeover Regulations,00:00:10,18062022214421,18-Jun-2022 21:44:31,-,False,,,5048001,,INE726G01019,ICICI Prudential Life Insurance Company Limited,2022-06-18 21:44:21,ICICIPRULI
16-Jun-2022 18:46:40,,https://nsearchives.nseindia.com/corporate/ICICIPRULI_16062022184640_SE_Investor_Meet_June_16_2022.pdf,ICICI Prudential Life Insurance Company Limited has informed the Exchange about Schedule of Analysts/Institutional Investor Meet/Con. Call ,,,Schedule of Analysts/Institutional Investor Meet/Con. Call,00:00:19,16062022184640,16-Jun-2022 18:46:59,-,False,,,5047185,,INE726G01019,ICICI Prudential Life Insurance Company Limited,2022-06-16 18:46:40,ICICIPRULI
16-Jun-2022 15:15:31,,https://nsearchives.nseindia.com/corporate/ICICIPRULI_16062022151531_SE_Intimation_June_16_2022.pdf,"This is to inform you that ICICI Prudential Life Insurance Company Limited has allotted 89,740 equity shares of face value of Rs. 10 each on June 16, 2022 under its employee stock option scheme.",,,ESOP/ESPS/SBEB Scheme,00:00:06,16062022151531,16-Jun-2022 15:15:37,-,False,,,5047031,,INE726G01019,ICICI Prudential Life Insurance Company Limited,2022-06-16 15:15:31,ICICIPRULI
14-Jun-2022 15:25:22,,https://nsearchives.nseindia.com/corporate/ICICIPRULI_14062022152522_SE_Investor_Meet_June_14_2022.pdf,ICICI Prudential Life Insurance Company Limited has informed the Exchange about Schedule of Analysts/Institutional Investor Meet/Con. Call ,,,Schedule of Analysts/Institutional Investor Meet/Con. Call,00:57:16,14062022152522,14-Jun-2022 16:22:38,-,False,,,5046120,,INE726G01019,ICICI Prudential Life Insurance Company Limited,2022-06-14 15:25:22,ICICIPRULI
14-Jun-2022 14:41:09,,https://nsearchives.nseindia.com/corporate/ICICIPRULI_14062022144108_SE_Investor_Meet_June_14_2022.pdf,ICICI Prudential Life Insurance Company Limited has informed the Exchange about Schedule of Analysts/Institutional Investor Meet/Con. Call ,,,Schedule of Analysts/Institutional Investor Meet/Con. Call,02:21:54,14062022144109,14-Jun-2022 17:03:03,-,False,,,5046082,,INE726G01019,ICICI Prudential Life Insurance Company Limited,2022-06-14 14:41:09,ICICIPRULI
10-Jun-2022 18:52:26,,https://nsearchives.nseindia.com/corporate/ICICIPRULI_10062022185226_SE_Investor_Meet_June_10_2022.pdf,ICICI Prudential Life Insurance Company Limited has informed the Exchange about Schedule of Analysts/Institutional Investor Meet/Con. Call ,,,Schedule of Analysts/Institutional Investor Meet/Con. Call,00:00:03,10062022185226,10-Jun-2022 18:52:29,-,False,,,5045284,,INE726G01019,ICICI Prudential Life Insurance Company Limited,2022-06-10 18:52:26,ICICIPRULI
08-Jun-2022 16:57:47,,https://nsearchives.nseindia.com/corporate/ICICIPRULI_08062022165747_SE_Investor_Meet_June_8_2022.pdf,ICICI Prudential Life Insurance Company Limited has informed the Exchange about Schedule of Analysts/Institutional Investor Meet/Con. Call ,,,Schedule of Analysts/Institutional Investor Meet/Con. Call,00:00:03,08062022165747,08-Jun-2022 16:57:50,-,False,,,5044229,,INE726G01019,ICICI Prudential Life Insurance Company Limited,2022-06-08 16:57:47,ICICIPRULI
07-Jun-2022 17:19:53,,https://nsearchives.nseindia.com/corporate/ICICIPRULI_07062022171953_SE_monthly_business_presentation_May_2022_combined.pdf,ICICI Prudential Life Insurance Company Limited has informed the Exchange about Investor Presentation,,,Investor Presentation,00:00:04,07062022171953,07-Jun-2022 17:19:57,-,False,,,5043768,,INE726G01019,ICICI Prudential Life Insurance Company Limited,2022-06-07 17:19:53,ICICIPRULI
07-Jun-2022 16:51:38,,https://nsearchives.nseindia.com/corporate/ICICIPRULI_07062022165137_SE_Investor_Meet_June_7_2022.pdf,ICICI Prudential Life Insurance Company Limited has informed the Exchange about Schedule of Analysts/Institutional Investor Meet/Con. Call ,,,Schedule of Analysts/Institutional Investor Meet/Con. Call,00:00:03,07062022165138,07-Jun-2022 16:51:41,-,False,,,5043759,,INE726G01019,ICICI Prudential Life Insurance Company Limited,2022-06-07 16:51:38,ICICIPRULI
06-Jun-2022 15:33:49,,https://nsearchives.nseindia.com/corporate/ICICIPRULI_06062022153349_SE_Intimation_June_6_2022.pdf,"This is to inform you that ICICI Prudential Life Insurance Company Limited has allotted 6,010 equity shares of face value of Rs. 10 each on June 6, 2022 under its employee stock option scheme.",,,ESOP/ESPS/SBEB Scheme,00:00:03,06062022153349,06-Jun-2022 15:33:52,-,False,,,5043255,,INE726G01019,ICICI Prudential Life Insurance Company Limited,2022-06-06 15:33:49,ICICIPRULI
04-Jun-2022 12:12:03,,https://nsearchives.nseindia.com/corporate/ICICIPRULI_04062022121203_SE_Post_dispatch_newspaper_June_4_2022_COMBINED.pdf,"ICICI Prudential Life Insurance Company Limited has informed the Exchange about the notice published in the newspapers i.e. Financial Express, all India editions and Loksatta, Mumbai edition, on June 4, 2022, regarding the dispatch of the Notice of AGM of the Company through electronic means, e-voting information and book closure period, alongwith other relevant information, to the eligible Members of the Company.",,,Newspaper Advertisements,00:00:04,04062022121203,04-Jun-2022 12:12:07,-,False,,,5042863,,INE726G01019,ICICI Prudential Life Insurance Company Limited,2022-06-04 12:12:03,ICICIPRULI
03-Jun-2022 15:20:25,,https://nsearchives.nseindia.com/corporate/ICICIPRULI_03062022152025_SE_Investor_Meet_June_3_2022.pdf,ICICI Prudential Life Insurance Company Limited has informed the Exchange about Schedule of Analysts/Institutional Investor Meet/Con. Call ,,,Schedule of Analysts/Institutional Investor Meet/Con. Call,00:00:13,03062022152025,03-Jun-2022 15:20:38,-,False,,,5042505,,INE726G01019,ICICI Prudential Life Insurance Company Limited,2022-06-03 15:20:25,ICICIPRULI
03-Jun-2022 13:29:20,,https://nsearchives.nseindia.com/corporate/ICICIPRULI_03062022132919_BRSR_FY2022.pdf,ICICI Prudential Life Insurance Company Limited has informed the Exchange about Business Responsibility & Sustainability Report (BRSR) for the period ended FY2022.,,,Business Responsibility & Sustainability Report (BRSR),00:00:03,03062022132920,03-Jun-2022 13:29:23,-,False,,,5042466,,INE726G01019,ICICI Prudential Life Insurance Company Limited,2022-06-03 13:29:20,ICICIPRULI
30-May-2022 17:56:12,,https://nsearchives.nseindia.com/corporate/ICICIPRULI_30052022175612_SE_Investor_Meet_May_30_2022.pdf,ICICI Prudential Life Insurance Company Limited has informed the Exchange about Schedule of Analysts/Institutional Investor Meet/Con. Call ,,,Schedule of Analysts/Institutional Investor Meet/Con. Call,00:00:15,30052022175612,30-May-2022 17:56:27,-,False,,,5039748,,INE726G01019,ICICI Prudential Life Insurance Company Limited,2022-05-30 17:56:12,ICICIPRULI
28-May-2022 10:49:14,,https://nsearchives.nseindia.com/corporate/ICICIPRULI_28052022104914_SE_Investor_Meet_May_28_2022_27.pdf,ICICI Prudential Life Insurance Company Limited has informed the Exchange about Schedule of Analysts/Institutional Investor Meet/Con. Call ,,,Schedule of Analysts/Institutional Investor Meet/Con. Call,00:00:03,28052022104914,28-May-2022 10:49:17,-,False,,,5038366,,INE726G01019,ICICI Prudential Life Insurance Company Limited,2022-05-28 10:49:14,ICICIPRULI
27-May-2022 16:52:05,,https://nsearchives.nseindia.com/corporate/ICICIPRULI_27052022165205_SE_Investor_Meet_May_27_2022_26.pdf,ICICI Prudential Life Insurance Company Limited has informed the Exchange about Schedule of Analysts/Institutional Investor Meet/Con. Call ,,,Schedule of Analysts/Institutional Investor Meet/Con. Call,00:00:16,27052022165205,27-May-2022 16:52:21,-,False,,,5037755,,INE726G01019,ICICI Prudential Life Insurance Company Limited,2022-05-27 16:52:05,ICICIPRULI
26-May-2022 18:49:36,,https://nsearchives.nseindia.com/corporate/ICICIPRULI_26052022184936_SE_Intimation_May_26_2022.pdf,"This is to inform you that ICICI Prudential Life Insurance Company Limited has allotted 49,805 equity shares of face value of Rs. 10 each on May 26, 2022 under its employee stock option scheme.",,,ESOP/ESPS/SBEB Scheme,00:00:03,26052022184936,26-May-2022 18:49:39,-,False,,,5037002,,INE726G01019,ICICI Prudential Life Insurance Company Limited,2022-05-26 18:49:36,ICICIPRULI
26-May-2022 17:41:27,,https://nsearchives.nseindia.com/corporate/ICICIPRULI_26052022174127_SE_Investor_Meet_May_26_2022_25.pdf,ICICI Prudential Life Insurance Company Limited has informed the Exchange about Schedule of Analysts/Institutional Investor Meet/Con. Call ,,,Schedule of Analysts/Institutional Investor Meet/Con. Call,00:00:04,26052022174127,26-May-2022 17:41:31,-,False,,,5036865,,INE726G01019,ICICI Prudential Life Insurance Company Limited,2022-05-26 17:41:27,ICICIPRULI
25-May-2022 14:55:07,,https://nsearchives.nseindia.com/corporate/ICICIPRULI_25052022145507_SE_Investor_Meet_May_25_2022.pdf,ICICI Prudential Life Insurance Company Limited has informed the Exchange about Schedule of Analysts/Institutional Investor Meet/Con. Call ,,,Schedule of Analysts/Institutional Investor Meet/Con. Call,00:00:07,25052022145507,25-May-2022 14:55:14,-,False,,,5035586,,INE726G01019,ICICI Prudential Life Insurance Company Limited,2022-05-25 14:55:07,ICICIPRULI
25-May-2022 14:52:16,,https://nsearchives.nseindia.com/corporate/ICICIPRULI_25052022145216_SE_Investor_Meet_May_24_2022new.pdf,ICICI Prudential Life Insurance Company Limited has informed the Exchange about Schedule of Analysts/Institutional Investor Meet/Con. Call ,,,Schedule of Analysts/Institutional Investor Meet/Con. Call,00:00:09,25052022145216,25-May-2022 14:52:25,-,False,,,5035602,,INE726G01019,ICICI Prudential Life Insurance Company Limited,2022-05-25 14:52:16,ICICIPRULI
25-May-2022 13:03:27,,https://nsearchives.nseindia.com/corporate/ICICIPRULI_25052022130324_SE_Intimation_Fixes_Book_Closure_for_Final_Dividend_and_AGM.pdf,ICICI Prudential Life Insurance Company Limited has informed the Exchange that Register of Members & Share Transfer Books of the Company will remain closed from 20-Jun-2022 to 27-Jun-2022 (both days inclusive) for the purpose of Dividend.,,,Book Closure,00:00:04,25052022130327,25-May-2022 13:03:31,-,False,,,5035474,,INE726G01019,ICICI Prudential Life Insurance Company Limited,2022-05-25 13:03:27,ICICIPRULI
25-May-2022 13:00:17,,https://nsearchives.nseindia.com/corporate/ICICIPRULI_25052022130016_SE_Intimation_Fixes_Book_Closure_for_Final_Dividend_and_AGM.pdf,"ICICI Prudential Life Insurance Company Limited has informed the Exchange that Record date for the purpose of Dividend  is June 19, 2022 .",,,Record Date,00:00:05,25052022130017,25-May-2022 13:00:22,-,False,,,5035491,,INE726G01019,ICICI Prudential Life Insurance Company Limited,2022-05-25 13:00:17,ICICIPRULI
24-May-2022 16:09:15,,https://nsearchives.nseindia.com/corporate/ICICIPRULI_24052022160915_SE_Investor_Meet_May_24_2022.pdf,ICICI Prudential Life Insurance Company Limited has informed the Exchange about Schedule of Analysts/Institutional Investor Meet/Con. Call ,,,Schedule of Analysts/Institutional Investor Meet/Con. Call,00:00:02,24052022160915,24-May-2022 16:09:17,-,False,,,5034885,,INE726G01019,ICICI Prudential Life Insurance Company Limited,2022-05-24 16:09:15,ICICIPRULI
24-May-2022 16:06:03,,https://nsearchives.nseindia.com/corporate/ICICIPRULI_24052022160603_SE_Investor_Meet_May_23_2022.pdf,ICICI Prudential Life Insurance Company Limited has informed the Exchange about Schedule of Analysts/Institutional Investor Meet/Con. Call ,,,Schedule of Analysts/Institutional Investor Meet/Con. Call,00:00:20,24052022160603,24-May-2022 16:06:23,-,False,,,5034878,,INE726G01019,ICICI Prudential Life Insurance Company Limited,2022-05-24 16:06:03,ICICIPRULI
23-May-2022 19:03:47,,https://nsearchives.nseindia.com/corporate/ICICIPRULI_23052022190347_SE_Pre_dispatch_newspaper_final.pdf,"Please find enclosed herewith a copy of the notice published in the newspapers i.e. Financial Express, all India editions and Loksatta, Mumbai edition, on May 23, 2022, in terms of Circular No. 2/2022 dated May 5, 2022 read with Circular No. 20/2020 dated May 5, 2020 issued by Ministry of Corporate Affairs, inter-alia, intimating that 22nd Annual General Meeting of the Company will be held on Monday, June 27, 2022 at 3.00 p.m. IST through VC/OAVM.",,,Newspaper Advertisements,00:00:02,23052022190347,23-May-2022 19:03:49,-,False,,,5034349,,INE726G01019,ICICI Prudential Life Insurance Company Limited,2022-05-23 19:03:47,ICICIPRULI
18-May-2022 20:11:21,,https://nsearchives.nseindia.com/corporate/ICICIPRULI_18052022201121_SE_Investor_Meet_May_18_2022.pdf,ICICI Prudential Life Insurance Company Limited has informed the Exchange about Schedule of Analysts/Institutional Investor Meet/Con. Call ,,,Schedule of Analysts/Institutional Investor Meet/Con. Call,00:00:03,18052022201121,18-May-2022 20:11:24,-,False,,,5031751,,INE726G01019,ICICI Prudential Life Insurance Company Limited,2022-05-18 20:11:21,ICICIPRULI
17-May-2022 18:13:19,,https://nsearchives.nseindia.com/corporate/ICICIPRULI_17052022181319_Intimation_of_AGM.pdf,"Please be informed that the 22nd Annual General Meeting (���AGM���) of the Members of the Company will be held on Monday, June 27, 2022 at 3.00.p.m. IST, through Video Conference (VC)/Other Audio Visual Means (OAVM) facility in compliance with the applicable provisions of the Companies Act, 2013, Rules framed thereunder and SEBI (Listing Obligations and Disclosure Requirements), Regulations, 2015 read with Circular No. 02/2022 dated May 5, 2022 read with Circular No. 02/2021 dated January 13, 2021, Circular No. 19/2021 dated December 8, 2021 and Circular No. 21/2021 dated December 14, 2021, issued by the Ministry of Corporate Affairs.Notice of the 22nd AGM along with Annual Report for FY2022 will be circulated in due course, through permitted mode.Please take the above information on records.",,,General updates,00:00:04,17052022181319,17-May-2022 18:13:23,-,False,,,5030936,,INE726G01019,ICICI Prudential Life Insurance Company Limited,2022-05-17 18:13:19,ICICIPRULI
17-May-2022 17:58:04,,https://nsearchives.nseindia.com/corporate/ICICIPRULI_17052022175804_Intimation_Re_appointment_of_Directors.pdf,"Please be informed that the current term of appointment of Mr. R. K. Nair (DIN: 07225354) and Mr. Dileep Choksi (DIN: 00016322), Independent Director(s) of the Company, will expire on July 24, 2022 and January 18, 2023, respectively. Accordingly, the Board of Directors at their meeting held today, inter alia approved the following business:a) Re-appointment of Mr. R. K. Nair, as an Independent Director of the Company, for a second term of five consecutive years commencing from July 25, 2022 till July 24, 2027;b) Re-appointment of Mr. Dileep Choksi, as an Independent Director of the Company, for a second term commencing from January 19, 2023 till he attains 75 years of age i.e December 25, 2024,subject to the approval of the Members of the Company.Pursuant to the requirements of SEBI (Listing Obligations and Disclosures Requirements) Regulations, 2015.Please take the above information on records.",,,Re-appointment,00:00:03,17052022175804,17-May-2022 17:58:07,-,False,,,5030903,,INE726G01019,ICICI Prudential Life Insurance Company Limited,2022-05-17 17:58:04,ICICIPRULI
16-May-2022 19:34:29,,https://nsearchives.nseindia.com/corporate/ICICIPRULI_16052022193429_SE_Intimation_May_16_2022.pdf,"This is to inform you that ICICI Prudential Life Insurance Company Limited has allotted 4,500 equity shares of face value of Rs. 10 each on May 16, 2022 under its employee stock option scheme.",,,ESOP/ESPS/SBEB Scheme,00:00:03,16052022193429,16-May-2022 19:34:32,-,False,,,5030391,,INE726G01019,ICICI Prudential Life Insurance Company Limited,2022-05-16 19:34:29,ICICIPRULI
13-May-2022 19:34:43,,https://nsearchives.nseindia.com/corporate/ICICIPRULI_13052022193443_SE_Investor_Meet_May_13_2022.pdf,ICICI Prudential Life Insurance Company Limited has informed the Exchange about Schedule of Analysts/Institutional Investor Meet/Con. Call ,,,Schedule of Analysts/Institutional Investor Meet/Con. Call,00:00:29,13052022193443,13-May-2022 19:35:12,-,False,,,5029488,,INE726G01019,ICICI Prudential Life Insurance Company Limited,2022-05-13 19:34:43,ICICIPRULI
12-May-2022 18:32:05,,https://nsearchives.nseindia.com/corporate/ICICIPRULI_12052022183205_SE_Investor_Meet_May_12_2022.pdf,ICICI Prudential Life Insurance Company Limited has informed the Exchange about Schedule of Analysts/Institutional Investor Meet/Con. Call ,,,Schedule of Analysts/Institutional Investor Meet/Con. Call,00:00:05,12052022183205,12-May-2022 18:32:10,-,False,,,5028770,,INE726G01019,ICICI Prudential Life Insurance Company Limited,2022-05-12 18:32:05,ICICIPRULI
10-May-2022 17:23:44,,https://nsearchives.nseindia.com/corporate/ICICIPRULI_10052022172344_SE_Investor_Meet_May_10_2022.pdf,ICICI Prudential Life Insurance Company Limited has informed the Exchange about Schedule of Analysts/Institutional Investor Meet/Con. Call ,,,Schedule of Analysts/Institutional Investor Meet/Con. Call,00:00:02,10052022172344,10-May-2022 17:23:46,-,False,,,5027377,,INE726G01019,ICICI Prudential Life Insurance Company Limited,2022-05-10 17:23:44,ICICIPRULI
09-May-2022 17:39:17,,https://nsearchives.nseindia.com/corporate/ICICIPRULI_09052022173917_SE_Investor_Meet_May_9_2022.pdf,ICICI Prudential Life Insurance Company Limited has informed the Exchange about Schedule of Analysts/Institutional Investor Meet/Con. Call ,,,Schedule of Analysts/Institutional Investor Meet/Con. Call,00:00:03,09052022173917,09-May-2022 17:39:20,-,False,,,5026779,,INE726G01019,ICICI Prudential Life Insurance Company Limited,2022-05-09 17:39:17,ICICIPRULI
09-May-2022 12:51:50,,https://nsearchives.nseindia.com/corporate/ICICIPRULI_09052022125150_SE_monthly_business_presentation_April_2022.pdf,ICICI Prudential Life Insurance Company Limited has informed the Exchange about the updated Investor Presentation,,,Investor Presentation,00:00:04,09052022125150,09-May-2022 12:51:54,-,False,,,5026548,,INE726G01019,ICICI Prudential Life Insurance Company Limited,2022-05-09 12:51:50,ICICIPRULI
06-May-2022 21:01:36,,https://nsearchives.nseindia.com/corporate/ICICIPRULI_06052022210136_SE_Intimation_May_6_2022.pdf,"This is to inform you that ICICI Prudential Life Insurance Company Limited has allotted 2,250 equity shares of face value of Rs. 10 each on May 6, 2022 under its employee stock option scheme.",,,ESOP/ESPS/SBEB Scheme,00:00:04,06052022210136,06-May-2022 21:01:40,-,False,,,5026200,,INE726G01019,ICICI Prudential Life Insurance Company Limited,2022-05-06 21:01:36,ICICIPRULI
06-May-2022 20:30:13,,https://nsearchives.nseindia.com/corporate/ICICIPRULI_06052022203013_SE_Investor_Meet_May_6_2022.pdf,ICICI Prudential Life Insurance Company Limited has informed the Exchange about Schedule of Analysts/Institutional Investor Meet/Con. Call ,,,Schedule of Analysts/Institutional Investor Meet/Con. Call,00:00:04,06052022203013,06-May-2022 20:30:17,-,False,,,5026183,,INE726G01019,ICICI Prudential Life Insurance Company Limited,2022-05-06 20:30:13,ICICIPRULI
05-May-2022 19:06:04,,https://nsearchives.nseindia.com/corporate/ICICIPRULI_05052022190604_SE_Investor_Meet_May_5_2022.pdf,ICICI Prudential Life Insurance Company Limited has informed the Exchange about Schedule of Analysts/Institutional Investor Meet/Con. Call ,,,Schedule of Analysts/Institutional Investor Meet/Con. Call,00:00:03,05052022190604,05-May-2022 19:06:07,-,False,,,5025589,,INE726G01019,ICICI Prudential Life Insurance Company Limited,2022-05-05 19:06:04,ICICIPRULI
04-May-2022 17:38:37,,https://nsearchives.nseindia.com/corporate/ICICIPRULI_04052022173837_SE_Investor_Meet_May_4_2022.pdf,ICICI Prudential Life Insurance Company Limited has informed the Exchange about Schedule of Analysts/Institutional Investor Meet/Con. Call ,,,Schedule of Analysts/Institutional Investor Meet/Con. Call,00:00:03,04052022173837,04-May-2022 17:38:40,-,False,,,5024961,,INE726G01019,ICICI Prudential Life Insurance Company Limited,2022-05-04 17:38:37,ICICIPRULI
02-May-2022 18:33:25,,https://nsearchives.nseindia.com/corporate/ICICIPRULI_02052022183325_SE_Investor_Meet_May_2_2022.pdf,ICICI Prudential Life Insurance Company Limited has informed the Exchange about Schedule of Analysts/Institutional Investor Meet/Con. Call ,,,Schedule of Analysts/Institutional Investor Meet/Con. Call,00:00:03,02052022183325,02-May-2022 18:33:28,-,False,,,5024314,,INE726G01019,ICICI Prudential Life Insurance Company Limited,2022-05-02 18:33:25,ICICIPRULI
27-Apr-2022 16:51:02,,https://nsearchives.nseindia.com/corporate/ICICIPRULI_27042022165102_SE_Investor_Meet_April_27_2022.pdf,ICICI Prudential Life Insurance Company Limited has informed the Exchange about Schedule of Analysts/Institutional Investor Meet/Con. Call ,,,Schedule of Analysts/Institutional Investor Meet/Con. Call,00:00:03,27042022165102,27-Apr-2022 16:51:05,-,False,,,5022504,,INE726G01019,ICICI Prudential Life Insurance Company Limited,2022-04-27 16:51:02,ICICIPRULI
27-Apr-2022 13:29:22,,https://nsearchives.nseindia.com/corporate/ICICIPRULI_27042022132922_SE_Intimation_April_27_2022.pdf,"This is to inform you that ICICI Prudential Life Insurance Company Limited has allotted 15,750 equity shares of face value of Rs.10 each on April 27, 2022 under its employee stock option scheme.",,,ESOP/ESPS/SBEB Scheme,00:00:03,27042022132922,27-Apr-2022 13:29:25,-,False,,,5022393,,INE726G01019,ICICI Prudential Life Insurance Company Limited,2022-04-27 13:29:22,ICICIPRULI
25-Apr-2022 18:11:50,,https://nsearchives.nseindia.com/corporate/ICICIPRULI_25042022181150_SE_Investor_Meet_April_25_2022.pdf,ICICI Prudential Life Insurance Company Limited has informed the Exchange about Schedule of Analysts/Institutional Investor Meet/Con. Call ,,,Schedule of Analysts/Institutional Investor Meet/Con. Call,00:00:04,25042022181150,25-Apr-2022 18:11:54,-,False,,,5021793,,INE726G01019,ICICI Prudential Life Insurance Company Limited,2022-04-25 18:11:50,ICICIPRULI
22-Apr-2022 20:07:50,,https://nsearchives.nseindia.com/corporate/ICICIPRULI_22042022200746_SE_Investor_Meet_April_22_2022_east_bridge.pdf,ICICI Prudential Life Insurance Company Limited has informed the Exchange about Schedule of Analysts/Institutional Investor Meet/Con. Call ,,,Schedule of Analysts/Institutional Investor Meet/Con. Call,00:00:02,22042022200750,22-Apr-2022 20:07:52,-,False,,,5021227,,INE726G01019,ICICI Prudential Life Insurance Company Limited,2022-04-22 20:07:50,ICICIPRULI
22-Apr-2022 11:32:28,,https://nsearchives.nseindia.com/corporate/ICICIPRULI_22042022113228_SE_Investor_Meet_April_22_2022_of_21.pdf,ICICI Prudential Life Insurance Company Limited has informed the Exchange about Schedule of Analysts/Institutional Investor Meet/Con. Call ,,,Schedule of Analysts/Institutional Investor Meet/Con. Call,00:00:09,22042022113228,22-Apr-2022 11:32:37,-,False,,,5020939,,INE726G01019,ICICI Prudential Life Insurance Company Limited,2022-04-22 11:32:28,ICICIPRULI
22-Apr-2022 10:28:05,,https://nsearchives.nseindia.com/corporate/ICICIPRULI_22042022102805_SE_Earnings_transcript_April2022.pdf,"ICICI Prudential Life Insurance Company Limited has informed the Exchange about Transcript of Earnings conference call held on April 16, 2022 discussing the financial performance of the Company for FY2022.",,,Transcript of Analysts/Institutional Investor Meet/Con. Call,00:00:12,22042022102805,22-Apr-2022 10:28:17,-,False,,,5020922,,INE726G01019,ICICI Prudential Life Insurance Company Limited,2022-04-22 10:28:05,ICICIPRULI
19-Apr-2022 17:57:07,,https://nsearchives.nseindia.com/corporate/ICICIPRULI_19042022175707_SE_Investor_Meet_April_19_2022.pdf,ICICI Prudential Life Insurance Company Limited has informed the Exchange about Schedule of Analysts/Institutional Investor Meet/Con. Call ,,,Schedule of Analysts/Institutional Investor Meet/Con. Call,00:00:04,19042022175707,19-Apr-2022 17:57:11,-,False,,,5020020,,INE726G01019,ICICI Prudential Life Insurance Company Limited,2022-04-19 17:57:07,ICICIPRULI
18-Apr-2022 14:51:45,,https://nsearchives.nseindia.com/corporate/ICICIPRULI_18042022145145_SE_Intimation_Newspaper_publication_April2022_combined.pdf,"ICICI Prudential Life Insurance Company Limited has informed the Exchange about Newspaper Advertisements pertaining to financial results of the Company for the quarter and year ended March 31, 2022.",,,Newspaper Advertisements,00:00:09,18042022145145,18-Apr-2022 14:51:54,-,False,,,5019528,,INE726G01019,ICICI Prudential Life Insurance Company Limited,2022-04-18 14:51:45,ICICIPRULI
16-Apr-2022 18:08:55,,https://nsearchives.nseindia.com/corporate/ICICIPRULI_16042022180855_Covering_letter_RPT_final.pdf,ICICI Prudential Life Insurance Company Limited has informed the Exchange about related party transaction for the period ended March 2022,,,Related Party Transaction,00:00:05,16042022180855,16-Apr-2022 18:09:00,-,False,,,5019388,,INE726G01019,ICICI Prudential Life Insurance Company Limited,2022-04-16 18:08:55,ICICIPRULI
16-Apr-2022 17:46:55,,https://nsearchives.nseindia.com/corporate/ICICIPRULI_16042022174655_SE_EC_Presentation_cover_April_16_2022.pdf,ICICI Prudential Life Insurance Company Limited has informed the Exchange about the business presentation for earnings conference call of the Company for FY2022.,,,Investor Presentation,00:00:04,16042022174655,16-Apr-2022 17:46:59,-,False,,,5019377,,INE726G01019,ICICI Prudential Life Insurance Company Limited,2022-04-16 17:46:55,ICICIPRULI
16-Apr-2022 17:40:17,,https://nsearchives.nseindia.com/corporate/ICICIPRULI_16042022174017_Outcome.pdf,"ICICI Prudential Life Insurance Company Limited has informed the Exchange about the recommendation of final Dividend of Rs. 0.55 per equity share by the Board of Directors at their meeting held on April 16, 2022.",,,General updates,00:00:04,16042022174017,16-Apr-2022 17:40:21,-,False,,,5019375,,INE726G01019,ICICI Prudential Life Insurance Company Limited,2022-04-16 17:40:17,ICICIPRULI
16-Apr-2022 17:31:53,,https://nsearchives.nseindia.com/corporate/Outcome_16042022173153.pdf,"ICICI Prudential Life Insurance Company Limited has submitted to the Exchange, the financial results for the period ended March 31, 2022.",,,Financial Result Updates,00:01:08,16042022173153,16-Apr-2022 17:33:01,-,False,,,148326,,INE726G01019,ICICI Prudential Life Insurance Company Limited,2022-04-16 17:31:53,ICICIPRULI
12-Apr-2022 20:05:28,,https://nsearchives.nseindia.com/corporate/ICICIPRULI_12042022200525_SE_Earnings_intimation_April_12_2022.pdf,"The Company will host an earnings conference call with investors and analysts at 7.00 p.m. IST on Saturday, April 16, 2022 to discuss the financial performance of the Company for FY2022.",,,Schedule of Analysts/Institutional Investor Meet/Con. Call,00:00:06,12042022200528,12-Apr-2022 20:05:34,-,False,,,5018308,,INE726G01019,ICICI Prudential Life Insurance Company Limited,2022-04-12 20:05:28,ICICIPRULI
11-Apr-2022 12:30:40,,https://nsearchives.nseindia.com/corporate/ICICIPRULI_11042022123040_ICPL_74_5__BSE_and_NSE_March_31_2022.pdf,"ICICI Prudential Life Insurance Company Limited has informed the Exchange about Certificate received from the Registrar & Transfer Agent under Regulation 74(5) of the SEBI (Depositories and Participants) Regulations, 2018, confirming that the details of securities dematerialized/rematerialized during the quarter ended March 31, 2022 have been furnished to all the stock exchanges where the shares of the Company are listed.",,,General updates,00:00:10,11042022123040,11-Apr-2022 12:30:50,-,False,,,5017423,,INE726G01019,ICICI Prudential Life Insurance Company Limited,2022-04-11 12:30:40,ICICIPRULI
07-Apr-2022 15:10:48,,https://nsearchives.nseindia.com/corporate/ICICIPRULI_07042022151048_SE_Intimation_April_7_2022.pdf,ICICI Prudential Life Insurance Company Limited has informed the Exchange about ESOP/ESPS/SBEB Scheme,,,ESOP/ESPS/SBEB Scheme,00:00:22,07042022151048,07-Apr-2022 15:11:10,-,False,,,5016248,,INE726G01019,ICICI Prudential Life Insurance Company Limited,2022-04-07 15:10:48,ICICIPRULI
06-Apr-2022 18:54:53,,https://nsearchives.nseindia.com/corporate/AN_O06042022185453.xlsx,Promoter/Promoter Group of ICICI Prudential Life Insurance Company Limited has submitted a disclosure under Regulation 31(4) of SEBI Takeover Regulations for the year ended 31-Mar-2022,,,Disclosure under SEBI Takeover Regulations,00:00:06,06042022185453,06-Apr-2022 18:54:59,-,False,,,200001920,,INE726G01019,ICICI Prudential Life Insurance Company Limited,2022-04-06 18:54:53,ICICIPRULI
06-Apr-2022 18:54:20,,https://nsearchives.nseindia.com/corporate/AN_O06042022185420.xlsx,Promoter/Promoter Group of ICICI Prudential Life Insurance Company Limited has submitted a disclosure under Regulation 31(4) of SEBI Takeover Regulations for the year ended 31-Mar-2022,,,Disclosure under SEBI Takeover Regulations,00:00:09,06042022185420,06-Apr-2022 18:54:29,-,False,,,200001917,,INE726G01019,ICICI Prudential Life Insurance Company Limited,2022-04-06 18:54:20,ICICIPRULI
03-Apr-2022 16:39:07,,https://nsearchives.nseindia.com/corporate/AN_O03042022163907.xlsx,Promoter/Promoter Group of ICICI Prudential Life Insurance Company Limited has submitted a disclosure under Regulation 31(4) of SEBI Takeover Regulations for the year ended 31-Mar-2022,,,Disclosure under SEBI Takeover Regulations,00:00:20,03042022163907,03-Apr-2022 16:39:27,-,False,,,200000288,,INE726G01019,ICICI Prudential Life Insurance Company Limited,2022-04-03 16:39:07,ICICIPRULI
30-Mar-2022 16:11:46,,https://nsearchives.nseindia.com/corporate/ICICIPRULI_30032022161146_SEIntimation.pdf,ICICI Prudential Life Insurance Company Limited has informed the Exchange about Closure of trading window,,,Closure of trading window,00:00:04,30032022161146,30-Mar-2022 16:11:50,-,False,,,5012385,,INE726G01019,ICICI Prudential Life Insurance Company Limited,2022-03-30 16:11:46,ICICIPRULI
29-Mar-2022 16:35:15,,https://nsearchives.nseindia.com/corporate/ICICIPRULI_29032022163515_SE_Investor_Meet_March_29_2022_signed.pdf,ICICI Prudential Life Insurance Company Limited has informed the Exchange about Schedule of Analysts/Institutional Investor Meet/Con. Call ,,,Schedule of Analysts/Institutional Investor Meet/Con. Call,00:00:03,29032022163515,29-Mar-2022 16:35:18,-,False,,,5011795,,INE726G01019,ICICI Prudential Life Insurance Company Limited,2022-03-29 16:35:15,ICICIPRULI
28-Mar-2022 18:27:30,,https://nsearchives.nseindia.com/corporate/ICICIPRULI_28032022182730_SE_Investor_Meet_March_28_2022.pdf,ICICI Prudential Life Insurance Company Limited has informed the Exchange about Schedule of Analysts/Institutional Investor Meet/Con. Call ,,,Schedule of Analysts/Institutional Investor Meet/Con. Call,00:00:03,28032022182730,28-Mar-2022 18:27:33,-,False,,,5011410,,INE726G01019,ICICI Prudential Life Insurance Company Limited,2022-03-28 18:27:30,ICICIPRULI
26-Mar-2022 14:09:40,,https://nsearchives.nseindia.com/corporate/ICICIPRULI_26032022140940_SE_intimation_finalsigned_v1.pdf,ICICI Prudential Life Insurance Company Limited has informed the Exchange about Voting results and  Scrutinizer report of Postal Ballot,,,Postal Ballot,00:00:10,26032022140940,26-Mar-2022 14:09:50,-,False,,,5010999,,INE726G01019,ICICI Prudential Life Insurance Company Limited,2022-03-26 14:09:40,ICICIPRULI
25-Mar-2022 17:38:32,,https://nsearchives.nseindia.com/corporate/ICICIPRULI_25032022173832_SE_Investor_Meet_March_25_2022.pdf,ICICI Prudential Life Insurance Company Limited has informed the Exchange about Schedule of Analysts/Institutional Investor Meet/Con. Call ,,,Schedule of Analysts/Institutional Investor Meet/Con. Call,00:00:04,25032022173832,25-Mar-2022 17:38:36,-,False,,,5010767,,INE726G01019,ICICI Prudential Life Insurance Company Limited,2022-03-25 17:38:32,ICICIPRULI
22-Mar-2022 19:00:52,,https://nsearchives.nseindia.com/corporate/ICICIPRULI_22032022190052_SE_intimation_RTA_March_22_2022.pdf,ICICI Prudential Life Insurance Company Limited has informed the Exchange about Change In Name Of Registrar And Share Transfer Agent,,,General updates,00:00:11,22032022190052,22-Mar-2022 19:01:03,-,False,,,5009685,,INE726G01019,ICICI Prudential Life Insurance Company Limited,2022-03-22 19:00:52,ICICIPRULI
22-Mar-2022 17:42:35,,https://nsearchives.nseindia.com/corporate/ICICIPRULI_22032022174235_SE_Investor_Meet_March_22_2022_new.pdf,ICICI Prudential Life Insurance Company Limited has informed the Exchange about Schedule of Analysts/Institutional Investor Meet/Con. Call ,,,Schedule of Analysts/Institutional Investor Meet/Con. Call,00:00:06,22032022174235,22-Mar-2022 17:42:41,-,False,,,5009649,,INE726G01019,ICICI Prudential Life Insurance Company Limited,2022-03-22 17:42:35,ICICIPRULI
17-Mar-2022 16:48:33,,https://nsearchives.nseindia.com/corporate/ICICIPRULI_17032022164828_SE_Investor_Meet_March_17_2022.pdf,ICICI Prudential Life Insurance Company Limited has informed the Exchange about Schedule of Analysts/Institutional Investor Meet/Con. Call ,,,Schedule of Analysts/Institutional Investor Meet/Con. Call,00:00:09,17032022164833,17-Mar-2022 16:48:42,-,False,,,5008670,,INE726G01019,ICICI Prudential Life Insurance Company Limited,2022-03-17 16:48:33,ICICIPRULI
11-Mar-2022 18:11:47,,https://nsearchives.nseindia.com/corporate/ICICIPRULI_11032022181146_SE_Investor_Meet_March_11_2022.pdf,ICICI Prudential Life Insurance Company Limited has informed the Exchange about Schedule of Analysts/Institutional Investor Meet/Con. Call ,,,Schedule of Analysts/Institutional Investor Meet/Con. Call,00:00:03,11032022181147,11-Mar-2022 18:11:50,-,False,,,5007319,,INE726G01019,ICICI Prudential Life Insurance Company Limited,2022-03-11 18:11:47,ICICIPRULI
10-Mar-2022 18:14:16,,https://nsearchives.nseindia.com/corporate/ICICIPRULI_10032022181416_SE_Investor_Meet_March_10_2022.pdf,ICICI Prudential Life Insurance Company Limited has informed the Exchange about Schedule of Analysts/Institutional Investor Meet/Con. Call ,,,Schedule of Analysts/Institutional Investor Meet/Con. Call,00:00:04,10032022181416,10-Mar-2022 18:14:20,-,False,,,5007002,,INE726G01019,ICICI Prudential Life Insurance Company Limited,2022-03-10 18:14:16,ICICIPRULI
09-Mar-2022 18:07:31,,https://nsearchives.nseindia.com/corporate/ICICIPRULI_09032022180731_SE_Investor_Meet_March_9_2022.pdf,ICICI Prudential Life Insurance Company Limited has informed the Exchange about Schedule of Analysts/Institutional Investor Meet/Con. Call ,,,Schedule of Analysts/Institutional Investor Meet/Con. Call,00:00:21,09032022180731,09-Mar-2022 18:07:52,-,False,,,5006687,,INE726G01019,ICICI Prudential Life Insurance Company Limited,2022-03-09 18:07:31,ICICIPRULI
07-Mar-2022 16:19:50,,https://nsearchives.nseindia.com/corporate/ICICIPRULI_07032022161946_SE_Intimation_March_7_2022.pdf,ICICI Prudential Life Insurance Company Limited has informed the Exchange about ESOP/ESPS/SBEB Scheme,,,ESOP/ESPS/SBEB Scheme,00:00:23,07032022161950,07-Mar-2022 16:20:13,-,False,,,5006036,,INE726G01019,ICICI Prudential Life Insurance Company Limited,2022-03-07 16:19:50,ICICIPRULI
07-Mar-2022 15:45:06,,https://nsearchives.nseindia.com/corporate/ICICIPRULI_07032022154506_SE_Investor_Meet_March_7_2022.pdf,ICICI Prudential Life Insurance Company Limited has informed the Exchange about Schedule of Analysts/Institutional Investor Meet/Con. Call ,,,Schedule of Analysts/Institutional Investor Meet/Con. Call,00:00:09,07032022154506,07-Mar-2022 15:45:15,-,False,,,5006029,,INE726G01019,ICICI Prudential Life Insurance Company Limited,2022-03-07 15:45:06,ICICIPRULI
07-Mar-2022 15:27:16,,https://nsearchives.nseindia.com/corporate/ICICIPRULI_07032022152716_SE_monthly_business_presentation_February_2022.pdf,ICICI Prudential Life Insurance Company Limited has informed the Exchange about Investor Presentation,,,Investor Presentation,00:00:07,07032022152716,07-Mar-2022 15:27:23,-,False,,,5006019,,INE726G01019,ICICI Prudential Life Insurance Company Limited,2022-03-07 15:27:16,ICICIPRULI
04-Mar-2022 18:59:00,,https://nsearchives.nseindia.com/corporate/ICICIPRULI_04032022185830_SE_Investor_Meet_March_4_2022.pdf,ICICI Prudential Life Insurance Company Limited has informed the Exchange about Schedule of Analysts/Institutional Investor Meet/Con. Call ,,,Schedule of Analysts/Institutional Investor Meet/Con. Call,00:00:10,04032022185900,04-Mar-2022 18:59:10,-,False,,,5005450,,INE726G01019,ICICI Prudential Life Insurance Company Limited,2022-03-04 18:59:00,ICICIPRULI
02-Mar-2022 17:12:42,,https://nsearchives.nseindia.com/corporate/ICICIPRULI_02032022171238_SE_Investor_Meet_March_2_2022.pdf,ICICI Prudential Life Insurance Company Limited has informed the Exchange about Schedule of Analysts/Institutional Investor Meet/Con. Call ,,,Schedule of Analysts/Institutional Investor Meet/Con. Call,00:00:05,02032022171242,02-Mar-2022 17:12:47,-,False,,,5004394,,INE726G01019,ICICI Prudential Life Insurance Company Limited,2022-03-02 17:12:42,ICICIPRULI
01-Mar-2022 18:52:21,,https://nsearchives.nseindia.com/corporate/ICICIPRULI_01032022185221_SE_Investor_Meet_March_1_2022_signed.pdf,ICICI Prudential Life Insurance Company Limited has informed the Exchange about Schedule of Analysts/Institutional Investor Meet/Con. Call ,,,Schedule of Analysts/Institutional Investor Meet/Con. Call,00:00:05,01032022185221,01-Mar-2022 18:52:26,-,False,,,5004112,,INE726G01019,ICICI Prudential Life Insurance Company Limited,2022-03-01 18:52:21,ICICIPRULI
01-Mar-2022 09:04:50,,https://nsearchives.nseindia.com/corporate/ICICIPRULI_01032022090450_SE_Investor_Meet_Feb_28_2022.pdf,ICICI Prudential Life Insurance Company Limited has informed the Exchange about Schedule of Analysts/Institutional Investor Meet/Con. Call ,,,Schedule of Analysts/Institutional Investor Meet/Con. Call,00:00:02,01032022090450,01-Mar-2022 09:04:52,-,False,,,5003820,,INE726G01019,ICICI Prudential Life Insurance Company Limited,2022-03-01 09:04:50,ICICIPRULI
28-Feb-2022 19:06:45,,https://nsearchives.nseindia.com/corporate/ICICIPRULI_28022022190645_SE_Intimation_February_28_2022signed.pdf,"Please be informed that pursuant to the Securities and Exchange Board of India (SEBI) Circular No. SEBI/HO/MIRSD/MIRSD RTAMB/P/CIR/2021/655 dated November 3, 2021 read with Circular No. SEBI/HO/MIRSD/MIRSD_RTAMB/P/CIR/2021/687 dated December 14, 2021, the Company has, today, dispatched the requisite communication to Members holding shares in physical form, requesting them to furnish their PAN, KYC and nomination details, as applicable, to KFin Technologies Private Limited, the Registrar & Transfer Agent of the Company. Further, a sample copy of the communication (duly updated with Member-specific details, prior to each dispatch) along with relevant forms is available on the website of the Company at www.iciciprulife.com. ",,,Communication to shareholders as per Reg 30,00:00:19,28022022190645,28-Feb-2022 19:07:04,-,False,,,5003800,,INE726G01019,ICICI Prudential Life Insurance Company Limited,2022-02-28 19:06:45,ICICIPRULI
24-Feb-2022 19:18:05,,https://nsearchives.nseindia.com/corporate/ICICIPRULI_24022022191805_SE_Investor_Meet_Feb_24_2022.pdf,ICICI Prudential Life Insurance Company Limited has informed the Exchange about Schedule of Analysts/Institutional Investor Meet/Con. Call ,,,Schedule of Analysts/Institutional Investor Meet/Con. Call,00:00:10,24022022191805,24-Feb-2022 19:18:15,-,False,,,5003008,,INE726G01019,ICICI Prudential Life Insurance Company Limited,2022-02-24 19:18:05,ICICIPRULI
23-Feb-2022 19:09:58,,https://nsearchives.nseindia.com/corporate/ICICIPRULI_23022022190958_SE_Investor_Meet_Feb_23_2022.pdf,ICICI Prudential Life Insurance Company Limited has informed the Exchange about Schedule of Analysts/Institutional Investor Meet/Con. Call ,,,Schedule of Analysts/Institutional Investor Meet/Con. Call,00:00:12,23022022190958,23-Feb-2022 19:10:10,-,False,,,5002654,,INE726G01019,ICICI Prudential Life Insurance Company Limited,2022-02-23 19:09:58,ICICIPRULI
23-Feb-2022 12:23:12,,https://nsearchives.nseindia.com/corporate/ICICIPRULI_23022022122311_SE_Investor_Meet_Feb_22_2022_second.pdf,ICICI Prudential Life Insurance Company Limited has informed the Exchange about Schedule of Analysts/Institutional Investor Meet/Con. Call ,,,Schedule of Analysts/Institutional Investor Meet/Con. Call,00:00:06,23022022122312,23-Feb-2022 12:23:18,-,False,,,5002477,,INE726G01019,ICICI Prudential Life Insurance Company Limited,2022-02-23 12:23:12,ICICIPRULI
22-Feb-2022 18:22:18,,https://nsearchives.nseindia.com/corporate/ICICIPRULI_22022022182217_SE_Investor_Meet_Feb_22_2022.pdf,ICICI Prudential Life Insurance Company Limited has informed the Exchange about Schedule of Analysts/Institutional Investor Meet/Con. Call ,,,Schedule of Analysts/Institutional Investor Meet/Con. Call,00:00:03,22022022182218,22-Feb-2022 18:22:21,-,False,,,5002277,,INE726G01019,ICICI Prudential Life Insurance Company Limited,2022-02-22 18:22:18,ICICIPRULI
22-Feb-2022 17:17:40,,https://nsearchives.nseindia.com/corporate/ICICIPRULI_22022022171738_SE_Post_dispatch_newspaper.pdf,"Please find enclosed herewith a copy of the notice published in the newspapers i.e. Financial Express and Loksatta, on February 22, 2022, both newspapers also having electronic editions, with respect to the intimation of Postal Ballot by the Company and intimating the public about having electronically mailed the Notice, along with relevant information, to the eligible Members of the Company.",,,Newspaper Advertisements,00:00:12,22022022171740,22-Feb-2022 17:17:52,-,False,,,5002207,,INE726G01019,ICICI Prudential Life Insurance Company Limited,2022-02-22 17:17:40,ICICIPRULI
22-Feb-2022 04:23:50,,https://nsearchives.nseindia.com/corporate/ICICIPRULI_22022022042350_SE_notice_of_PB_signed.pdf,"Further to our letter dated Saturday, February 19, 2022, please find enclosed herewith the Notice of Postal Ballot, being sent to the Members of the Company seeking their approval on item(s) of Special Business pertaining to material related party transactions that the Company may enter in FY2023 in the ordinary course of business and at arms��� length basis, with related parties as set out in the Notice.",,,Postal Ballot,00:00:12,22022022042350,22-Feb-2022 04:24:02,-,False,,,5000728,,INE726G01019,ICICI Prudential Life Insurance Company Limited,2022-02-22 04:23:50,ICICIPRULI
21-Feb-2022 13:23:47,,https://nsearchives.nseindia.com/corporate/ICICIPRULI_21022022132347_SE_notice_of_PB_signed.pdf,ICICI Prudential Life Insurance Company Limited has informed the Exchange about Notice of Postal Ballot,,,Postal Ballot,00:00:11,21022022132347,21-Feb-2022 13:23:58,-,False,,,5000944,,INE726G01019,ICICI Prudential Life Insurance Company Limited,2022-02-21 13:23:47,ICICIPRULI
20-Feb-2022 16:58:52,,https://nsearchives.nseindia.com/corporate/ICICIPRULI_20022022165852_SE_Pre_dispatch_newspaper.pdf,ICICI Prudential Life Insurance Company Limited has informed the Exchange about Newspaper Advertisements,,,Newspaper Advertisements,00:00:03,20022022165852,20-Feb-2022 16:58:55,-,False,,,5000361,,INE726G01019,ICICI Prudential Life Insurance Company Limited,2022-02-20 16:58:52,ICICIPRULI
20-Feb-2022 16:28:36,,https://nsearchives.nseindia.com/corporate/ICICIPRULI_20022022162836_SE_intimation_PB_Feb_19_2022_signed.pdf,ICICI Prudential Life Insurance Company Limited has informed the Exchange about Postal Ballot and Cut-off Date ,,,General updates,00:00:06,20022022162836,20-Feb-2022 16:28:42,-,False,,,5000344,,INE726G01019,ICICI Prudential Life Insurance Company Limited,2022-02-20 16:28:36,ICICIPRULI
16-Feb-2022 16:25:11,,https://nsearchives.nseindia.com/corporate/ICICIPRULI_16022022162511_SE_Investor_Meet_Feb_16_2022.pdf,ICICI Prudential Life Insurance Company Limited has informed the Exchange about Schedule of meet,,,Analysts/Institutional Investor Meet/Con. Call Updates,00:00:06,16022022162511,16-Feb-2022 16:25:17,-,False,,,105243968,,INE726G01019,ICICI Prudential Life Insurance Company Limited,2022-02-16 16:25:11,ICICIPRULI
16-Feb-2022 12:18:19,,https://nsearchives.nseindia.com/corporate/ICICIPRULI_16022022121819_SE_Intimation_February_16_2022.pdf,ICICI Prudential Life Insurance Company Limited has informed the Exchange regarding Allotment of 2000  Shares.,,,ESOP/ESOS/ESPS,00:00:11,16022022121819,16-Feb-2022 12:18:30,-,False,,,105243815,,INE726G01019,ICICI Prudential Life Insurance Company Limited,2022-02-16 12:18:19,ICICIPRULI
11-Feb-2022 10:14:29,,https://nsearchives.nseindia.com/corporate/ICICIPRULI_11022022101429_SE_Investor_Meet_Feb_10_2022_signed.pdf,ICICI Prudential Life Insurance Company Limited has informed the Exchange about Schedule of meet,,,Analysts/Institutional Investor Meet/Con. Call Updates,00:00:11,11022022101429,11-Feb-2022 10:14:40,-,False,,,105237955,,INE726G01019,ICICI Prudential Life Insurance Company Limited,2022-02-11 10:14:29,ICICIPRULI
09-Feb-2022 15:43:22,,https://nsearchives.nseindia.com/corporate/ICICIPRULI_09022022154322_SE_Investor_Meet_Feb_9_2022_signed.pdf,ICICI Prudential Life Insurance Company Limited has informed the Exchange about Schedule of meet,,,Analysts/Institutional Investor Meet/Con. Call Updates,00:00:09,09022022154322,09-Feb-2022 15:43:31,-,False,,,105234794,,INE726G01019,ICICI Prudential Life Insurance Company Limited,2022-02-09 15:43:22,ICICIPRULI
08-Feb-2022 17:42:31,,https://nsearchives.nseindia.com/corporate/ICICIPRULI_08022022174231_SE_Investor_Meet_Feb_8_2022_signed.pdf,ICICI Prudential Life Insurance Company Limited has informed the Exchange about Schedule of meet,,,Analysts/Institutional Investor Meet/Con. Call Updates,00:00:08,08022022174231,08-Feb-2022 17:42:39,-,False,,,105233095,,INE726G01019,ICICI Prudential Life Insurance Company Limited,2022-02-08 17:42:31,ICICIPRULI
07-Feb-2022 16:46:04,,https://nsearchives.nseindia.com/corporate/ICICIPRULI_07022022164604_SE_Intimation_February_7_2022.pdf,ICICI Prudential Life Insurance Company Limited has informed the Exchange regarding Allotment of 3950  Shares.,,,ESOP/ESOS/ESPS,00:00:10,07022022164604,07-Feb-2022 16:46:14,-,False,,,105232022,,INE726G01019,ICICI Prudential Life Insurance Company Limited,2022-02-07 16:46:04,ICICIPRULI
07-Feb-2022 13:48:39,,https://nsearchives.nseindia.com/corporate/ICICIPRULI_07022022134839_SE_monthly_business_presentation_January_2022_signed_combined.pdf,ICICI Prudential Life Insurance Company Limited has informed the Exchange about Investor Presentation,,,Investor Presentation,00:00:05,07022022134839,07-Feb-2022 13:48:44,-,False,,,105231861,,INE726G01019,ICICI Prudential Life Insurance Company Limited,2022-02-07 13:48:39,ICICIPRULI
02-Feb-2022 17:48:55,,https://nsearchives.nseindia.com/corporate/ICICIPRULI_02022022174855_SE_Investor_Meet_Feb_2_2022_signed.pdf,ICICI Prudential Life Insurance Company Limited has informed the Exchange about Schedule of meet,,,Analysts/Institutional Investor Meet/Con. Call Updates,00:00:05,02022022174855,02-Feb-2022 17:49:00,-,False,,,105226665,,INE726G01019,ICICI Prudential Life Insurance Company Limited,2022-02-02 17:48:55,ICICIPRULI
01-Feb-2022 17:22:40,,https://nsearchives.nseindia.com/corporate/ICICIPRULI_01022022172240_SE_Investor_Meet_Feb_1_2022_signed.pdf,ICICI Prudential Life Insurance Company Limited has informed the Exchange about Schedule of meet,,,Analysts/Institutional Investor Meet/Con. Call Updates,00:00:03,01022022172240,01-Feb-2022 17:22:43,-,False,,,105225030,,INE726G01019,ICICI Prudential Life Insurance Company Limited,2022-02-01 17:22:40,ICICIPRULI
28-Jan-2022 20:04:43,,https://nsearchives.nseindia.com/corporate/ICICIPRULI_28012022200443_SE_Investor_Meet_Jan_28_2022_signed.pdf,ICICI Prudential Life Insurance Company Limited has informed the Exchange about Schedule of meet,,,Analysts/Institutional Investor Meet/Con. Call Updates,00:00:12,28012022200443,28-Jan-2022 20:04:55,-,False,,,105221471,,INE726G01019,ICICI Prudential Life Insurance Company Limited,2022-01-28 20:04:43,ICICIPRULI
27-Jan-2022 19:26:31,,https://nsearchives.nseindia.com/corporate/ICICIPRULI_27012022192631_SE_Investor_Meet_Jan_27_2022_signed.pdf,ICICI Prudential Life Insurance Company Limited has informed the Exchange about Schedule of meet,,,Analysts/Institutional Investor Meet/Con. Call Updates,00:00:11,27012022192631,27-Jan-2022 19:26:42,-,False,,,105219879,,INE726G01019,ICICI Prudential Life Insurance Company Limited,2022-01-27 19:26:31,ICICIPRULI
27-Jan-2022 11:23:49,,https://nsearchives.nseindia.com/corporate/ICICIPRULI_27012022112349_SEIntimation.pdf,ICICI Prudential Life Insurance Company Limited has informed the Exchange regarding Allotment of 10180  Shares.,,,ESOP/ESOS/ESPS,00:00:13,27012022112349,27-Jan-2022 11:24:02,-,False,,,105219398,,INE726G01019,ICICI Prudential Life Insurance Company Limited,2022-01-27 11:23:49,ICICIPRULI
25-Jan-2022 17:25:46,,https://nsearchives.nseindia.com/corporate/ICICIPRULI_25012022172546_SE_Investor_Meet_Jan_25_2022_second.pdf,ICICI Prudential Life Insurance Company Limited has informed the Exchange about Schedule of meet,,,Analysts/Institutional Investor Meet/Con. Call Updates,00:00:10,25012022172546,25-Jan-2022 17:25:56,-,False,,,105217791,,INE726G01019,ICICI Prudential Life Insurance Company Limited,2022-01-25 17:25:46,ICICIPRULI
25-Jan-2022 17:21:59,,https://nsearchives.nseindia.com/corporate/ICICIPRULI_25012022172159_SE_Investor_Meet_Jan_25_2022_first.pdf,ICICI Prudential Life Insurance Company Limited has informed the Exchange about Schedule of meet,,,Analysts/Institutional Investor Meet/Con. Call Updates,00:00:22,25012022172159,25-Jan-2022 17:22:21,-,False,,,105217783,,INE726G01019,ICICI Prudential Life Insurance Company Limited,2022-01-25 17:21:59,ICICIPRULI
24-Jan-2022 12:32:42,,https://nsearchives.nseindia.com/corporate/ICICIPRULI_24012022123242_SE_Earnings_transcript_9M_FY2022.pdf,"ICICI Prudential Life Insurance Company Limited has informed the Exchange about the transcript of the earnings conference call for Q3-FY2022 held on January 18, 2022.",,,Analysts/Institutional Investor Meet/Con. Call Updates,00:00:13,24012022123242,24-Jan-2022 12:32:55,-,False,,,105215944,,INE726G01019,ICICI Prudential Life Insurance Company Limited,2022-01-24 12:32:42,ICICIPRULI
21-Jan-2022 18:02:34,,https://nsearchives.nseindia.com/corporate/ICICIPRULI_21012022180234_SE_Investor_Meet_Jan_21_2022.pdf,ICICI Prudential Life Insurance Company Limited has informed the Exchange about Schedule of meet,,,Analysts/Institutional Investor Meet/Con. Call Updates,00:00:08,21012022180234,21-Jan-2022 18:02:42,-,False,,,105214482,,INE726G01019,ICICI Prudential Life Insurance Company Limited,2022-01-21 18:02:34,ICICIPRULI
20-Jan-2022 14:38:49,,https://nsearchives.nseindia.com/corporate/ICICIPRULI_20012022143849_SE_Intimation_Newspaper_publication_Jan_20_2022_signed.pdf,"ICICI Prudential Life Insurance Company Limited has informed the Exchange about Copy of Newspaper Publication pertaining to financial results of the Company for the quarter and nine months ended on December 31, 2021. The advertisements were published in English and Marathi newspapers namely Financial Express and Loksatta respectively.",,,Copy of Newspaper Publication,00:00:10,20012022143849,20-Jan-2022 14:38:59,-,False,,,105212864,,INE726G01019,ICICI Prudential Life Insurance Company Limited,2022-01-20 14:38:49,ICICIPRULI
19-Jan-2022 18:46:10,,https://nsearchives.nseindia.com/corporate/ICICIPRULI_19012022184610_SE_Investor_Meet_Jan_19_2022_signed.pdf,ICICI Prudential Life Insurance Company Limited has informed the Exchange about Schedule of meet,,,Analysts/Institutional Investor Meet/Con. Call Updates,00:00:14,19012022184610,19-Jan-2022 18:46:24,-,False,,,105211669,,INE726G01019,ICICI Prudential Life Insurance Company Limited,2022-01-19 18:46:10,ICICIPRULI
18-Jan-2022 17:58:50,,https://nsearchives.nseindia.com/corporate/ICICIPRULI_18012022175850_SE_Earnings_presentation_intimation_January_18_2022.pdf,ICICI Prudential Life Insurance Company Limited has informed the Exchange about Investor Presentation,,,Investor Presentation,00:00:05,18012022175850,18-Jan-2022 17:58:55,-,False,,,105210222,,INE726G01019,ICICI Prudential Life Insurance Company Limited,2022-01-18 17:58:50,ICICIPRULI
18-Jan-2022 17:50:14,,https://nsearchives.nseindia.com/corporate/ICICIPRULI_18012022175014_SEBI_Result.pdf,"ICICI Prudential Life Insurance Company Limited has submitted to the Exchange, the financial results for the period ended December 31, 2021",,,Financial Results Updates,00:00:06,18012022175014,18-Jan-2022 17:50:20,-,False,,,105210212,,INE726G01019,ICICI Prudential Life Insurance Company Limited,2022-01-18 17:50:14,ICICIPRULI
18-Jan-2022 17:47:44,,https://nsearchives.nseindia.com/corporate/SE_Intimation_jan18_18012022174744.pdf,"ICICI Prudential Life Insurance Company Limited has submitted to the Exchange, the financial results for the period ended December 31, 2021.",,,Financial Result Updates,00:01:17,18012022174744,18-Jan-2022 17:49:01,-,False,,,146510,,INE726G01019,ICICI Prudential Life Insurance Company Limited,2022-01-18 17:47:44,ICICIPRULI
18-Jan-2022 17:45:47,,https://nsearchives.nseindia.com/corporate/ICICIPRULI_18012022174547_SE_Intimation_jan18.pdf,"ICICI Prudential Life Insurance Company Limited has informed the Exchange regarding Outcome of Board Meeting held on January 18, 2022.",,,Outcome of Board Meeting,00:00:05,18012022174547,18-Jan-2022 17:45:52,-,False,,,105210207,,INE726G01019,ICICI Prudential Life Insurance Company Limited,2022-01-18 17:45:47,ICICIPRULI
13-Jan-2022 20:10:47,,https://nsearchives.nseindia.com/corporate/ICICIPRULI_13012022201047_SE_Earnings_intimation_January_18_2022.pdf,"ICICI Prudential Life Insurance Company Limited has informed the Exchange that the Company will host an earnings conference call with investors and analysts at 7.00 p.m. IST on Tuesday, January 18, 2022 to discuss the financial performance of the Company for 9M-FY2022.",,,Analysts/Institutional Investor Meet/Con. Call Updates,00:00:07,13012022201047,13-Jan-2022 20:10:54,-,False,,,105205770,,INE726G01019,ICICI Prudential Life Insurance Company Limited,2022-01-13 20:10:47,ICICIPRULI
07-Jan-2022 19:50:23,,https://nsearchives.nseindia.com/corporate/ICICIPRULI_07012022195023_ICPL_74_5__BSE_and_NSE_December_31_2021.pdf,"ICICI Prudential Life Insurance Company Limited has informed the Exchange about Certificate under SEBI (Depositories and Participants) Regulations, 2018",,,"Certificate under SEBI (Depositories and Participants) Regulations, 2018",00:00:04,07012022195023,07-Jan-2022 19:50:27,-,False,,,105199533,,INE726G01019,ICICI Prudential Life Insurance Company Limited,2022-01-07 19:50:23,ICICIPRULI
07-Jan-2022 14:20:18,,https://nsearchives.nseindia.com/corporate/ICICIPRULI_07012022142018_SE_monthly_business_presentation_December_2021_signed_combined.pdf,ICICI Prudential Life Insurance Company Limited has informed the Exchange about Investor Presentation,,,Investor Presentation,00:00:07,07012022142018,07-Jan-2022 14:20:25,-,False,,,105199234,,INE726G01019,ICICI Prudential Life Insurance Company Limited,2022-01-07 14:20:18,ICICIPRULI
28-Dec-2021 13:19:31,,https://nsearchives.nseindia.com/corporate/ICICIPRULI_28122021131931_Intimation_to_Stock_Exchange_28_12_2021.pdf,"ICICI Prudential Life Insurance Company Limited has informed the Exchange regarding the Trading Window closure pursuant to SEBI (Prohibition of Insider Trading) Regulations, 2015",,,Trading Window,00:00:04,28122021131931,28-Dec-2021 13:19:35,-,False,,,105186617,,INE726G01019,ICICI Prudential Life Insurance Company Limited,2021-12-28 13:19:31,ICICIPRULI
27-Dec-2021 12:16:31,,https://nsearchives.nseindia.com/corporate/ICICIPRULI_27122021121631_SEIntimation.pdf,ICICI Prudential Life Insurance Company Limited has informed the Exchange regarding Allotment of 1840  Shares.,,,ESOP/ESOS/ESPS,00:00:06,27122021121631,27-Dec-2021 12:16:37,-,False,,,105185376,,INE726G01019,ICICI Prudential Life Insurance Company Limited,2021-12-27 12:16:31,ICICIPRULI
24-Dec-2021 15:12:37,,https://nsearchives.nseindia.com/corporate/ICICIPRULI_24122021151237_SE_Investor_Meet_Dec_24_2021_Signed.pdf,ICICI Prudential Life Insurance Company Limited has informed the Exchange about Schedule of meet,,,Analysts/Institutional Investor Meet/Con. Call Updates,00:00:10,24122021151237,24-Dec-2021 15:12:47,-,False,,,105184064,,INE726G01019,ICICI Prudential Life Insurance Company Limited,2021-12-24 15:12:37,ICICIPRULI
22-Dec-2021 16:12:56,,https://nsearchives.nseindia.com/corporate/ICICIPRULI_22122021161256_SE_Investor_Meet_Dec_22_2021_signed.pdf,ICICI Prudential Life Insurance Company Limited has informed the Exchange about Schedule of meet,,,Analysts/Institutional Investor Meet/Con. Call Updates,00:00:06,22122021161256,22-Dec-2021 16:13:02,-,False,,,105181450,,INE726G01019,ICICI Prudential Life Insurance Company Limited,2021-12-22 16:12:56,ICICIPRULI
20-Dec-2021 18:04:31,,https://nsearchives.nseindia.com/corporate/ICICIPRULI_20122021180431_SE_Investor_Meet_Dec_20_2021_signed.pdf,ICICI Prudential Life Insurance Company Limited has informed the Exchange about Schedule of meet,,,Analysts/Institutional Investor Meet/Con. Call Updates,00:00:06,20122021180431,20-Dec-2021 18:04:37,-,False,,,105178878,,INE726G01019,ICICI Prudential Life Insurance Company Limited,2021-12-20 18:04:31,ICICIPRULI
17-Dec-2021 17:41:36,,https://nsearchives.nseindia.com/corporate/ICICIPRULI_17122021174136_SE_Investor_Meet_Dec_17_2021.pdf,ICICI Prudential Life Insurance Company Limited has informed the Exchange about Schedule of meet,,,Analysts/Institutional Investor Meet/Con. Call Updates,00:00:07,17122021174136,17-Dec-2021 17:41:43,-,False,,,105177233,,INE726G01019,ICICI Prudential Life Insurance Company Limited,2021-12-17 17:41:36,ICICIPRULI
16-Dec-2021 13:14:25,,https://nsearchives.nseindia.com/corporate/ICICIPRULI_16122021131424_SEIntimation.pdf,ICICI Prudential Life Insurance Company Limited has informed the Exchange regarding Allotment of 1000  Shares.,,,ESOP/ESOS/ESPS,00:00:06,16122021131425,16-Dec-2021 13:14:31,-,False,,,105175781,,INE726G01019,ICICI Prudential Life Insurance Company Limited,2021-12-16 13:14:25,ICICIPRULI
13-Dec-2021 19:03:10,,https://nsearchives.nseindia.com/corporate/ICICIPRULI_13122021190310_SE_Investor_Meet_Dec_13_2021.pdf,ICICI Prudential Life Insurance Company Limited has informed the Exchange about Schedule of meet,,,Analysts/Institutional Investor Meet/Con. Call Updates,00:00:06,13122021190310,13-Dec-2021 19:03:16,-,False,,,105171879,,INE726G01019,ICICI Prudential Life Insurance Company Limited,2021-12-13 19:03:10,ICICIPRULI
08-Dec-2021 18:53:08,,https://nsearchives.nseindia.com/corporate/ICICIPRULI_08122021185308_SEIntimation.pdf,ICICI Prudential Life Insurance Company Limited has informed the Exchange about Schedule of meet,,,Analysts/Institutional Investor Meet/Con. Call Updates,00:00:05,08122021185308,08-Dec-2021 18:53:13,-,False,,,105167746,,INE726G01019,ICICI Prudential Life Insurance Company Limited,2021-12-08 18:53:08,ICICIPRULI
07-Dec-2021 16:02:56,,https://nsearchives.nseindia.com/corporate/ICICIPRULI_07122021160256_SE_Investor_Meet_Dec_7_2021_signed.pdf,ICICI Prudential Life Insurance Company Limited has informed the Exchange about Schedule of meet,,,Analysts/Institutional Investor Meet/Con. Call Updates,00:00:05,07122021160256,07-Dec-2021 16:03:01,-,False,,,105166227,,INE726G01019,ICICI Prudential Life Insurance Company Limited,2021-12-07 16:02:56,ICICIPRULI
07-Dec-2021 11:28:56,,https://nsearchives.nseindia.com/corporate/ICICIPRULI_07122021112856_SE_monthly_business_presentation_November_2021_signed.pdf,ICICI Prudential Life Insurance Company Limited has informed the Exchange about Investor Presentation,,,Investor Presentation,00:00:04,07122021112856,07-Dec-2021 11:29:00,-,False,,,105166047,,INE726G01019,ICICI Prudential Life Insurance Company Limited,2021-12-07 11:28:56,ICICIPRULI
03-Dec-2021 18:28:28,,https://nsearchives.nseindia.com/corporate/ICICIPRULI_03122021182828_SE_Investor_Meet_Dec_3_2021.pdf,ICICI Prudential Life Insurance Company Limited has informed the Exchange about Schedule of meet,,,Analysts/Institutional Investor Meet/Con. Call Updates,00:00:09,03122021182828,03-Dec-2021 18:28:37,-,False,,,105163287,,INE726G01019,ICICI Prudential Life Insurance Company Limited,2021-12-03 18:28:28,ICICIPRULI
02-Dec-2021 18:22:19,,https://nsearchives.nseindia.com/corporate/ICICIPRULI_02122021182219_SE_Investor_Meet_Dec_2_2021.pdf,ICICI Prudential Life Insurance Company Limited has informed the Exchange about Schedule of meet,,,Analysts/Institutional Investor Meet/Con. Call Updates,00:00:04,02122021182219,02-Dec-2021 18:22:23,-,False,,,105161941,,INE726G01019,ICICI Prudential Life Insurance Company Limited,2021-12-02 18:22:19,ICICIPRULI
30-Nov-2021 19:51:26,,https://nsearchives.nseindia.com/corporate/ICICIPRULI_30112021195126_SE_Investor_Meet_Nov_30_2021_signed.pdf,ICICI Prudential Life Insurance Company Limited has informed the Exchange about Schedule of meet,,,Analysts/Institutional Investor Meet/Con. Call Updates,00:00:05,30112021195126,30-Nov-2021 19:51:31,-,False,,,105159130,,INE726G01019,ICICI Prudential Life Insurance Company Limited,2021-11-30 19:51:26,ICICIPRULI
26-Nov-2021 18:54:30,,https://nsearchives.nseindia.com/corporate/ICICIPRULI_26112021185430_SEintimation.pdf,ICICI Prudential Life Insurance Company Limited has informed the Exchange regarding Allotment of 19250  Shares.,,,ESOP/ESOS/ESPS,00:00:04,26112021185430,26-Nov-2021 18:54:34,-,False,,,105156113,,INE726G01019,ICICI Prudential Life Insurance Company Limited,2021-11-26 18:54:30,ICICIPRULI
26-Nov-2021 16:09:10,,https://nsearchives.nseindia.com/corporate/ICICIPRULI_26112021160910_SE_Investor_Meet_Nov_26_2021_signed.pdf,ICICI Prudential Life Insurance Company Limited has informed the Exchange about Schedule of meet,,,Analysts/Institutional Investor Meet/Con. Call Updates,00:00:04,26112021160910,26-Nov-2021 16:09:14,-,False,,,105155969,,INE726G01019,ICICI Prudential Life Insurance Company Limited,2021-11-26 16:09:10,ICICIPRULI
19-Nov-2021 18:25:33,,https://nsearchives.nseindia.com/corporate/ICICIPRULI_19112021182533_SE_Investor_Meet_Nov_19_2021.pdf,ICICI Prudential Life Insurance Company Limited has informed the Exchange about Schedule of meet,,,Analysts/Institutional Investor Meet/Con. Call Updates,00:00:05,19112021182533,19-Nov-2021 18:25:38,-,False,,,105149647,,INE726G01019,ICICI Prudential Life Insurance Company Limited,2021-11-19 18:25:33,ICICIPRULI
19-Nov-2021 14:02:07,,https://nsearchives.nseindia.com/corporate/ICICIPRULI_19112021140207_SE_Investor_Meet_Nov_19_2021_signed.pdf,ICICI Prudential Life Insurance Company Limited has informed the Exchange about Schedule of meet,,,Analysts/Institutional Investor Meet/Con. Call Updates,00:00:06,19112021140207,19-Nov-2021 14:02:13,-,False,,,105149423,,INE726G01019,ICICI Prudential Life Insurance Company Limited,2021-11-19 14:02:07,ICICIPRULI
18-Nov-2021 14:55:07,,https://nsearchives.nseindia.com/corporate/ICICIPRULI_18112021145506_SE_Investor_Meet_Nov_18_2021_second.pdf,ICICI Prudential Life Insurance Company Limited has informed the Exchange about Schedule of meet,,,Analysts/Institutional Investor Meet/Con. Call Updates,00:00:13,18112021145507,18-Nov-2021 14:55:20,-,False,,,105148512,,INE726G01019,ICICI Prudential Life Insurance Company Limited,2021-11-18 14:55:07,ICICIPRULI
18-Nov-2021 14:55:06,,https://nsearchives.nseindia.com/corporate/ICICIPRULI_18112021145506_SE_Investor_Meet_Nov_18_of_17_2021_first.pdf,ICICI Prudential Life Insurance Company Limited has informed the Exchange about Schedule of meet,,,Analysts/Institutional Investor Meet/Con. Call Updates,00:00:10,18112021145506,18-Nov-2021 14:55:16,-,False,,,105148511,,INE726G01019,ICICI Prudential Life Insurance Company Limited,2021-11-18 14:55:06,ICICIPRULI
17-Nov-2021 17:42:13,,https://nsearchives.nseindia.com/corporate/ICICIPRULI_17112021174213_SE_Investor_Meet_November_17_2021_signed.pdf,ICICI Prudential Life Insurance Company Limited has informed the Exchange about Schedule of meet,,,Analysts/Institutional Investor Meet/Con. Call Updates,00:00:16,17112021174213,17-Nov-2021 17:42:29,-,False,,,105147216,,INE726G01019,ICICI Prudential Life Insurance Company Limited,2021-11-17 17:42:13,ICICIPRULI
16-Nov-2021 18:27:12,,https://nsearchives.nseindia.com/corporate/ICICIPRULI_16112021182712_SE_Investor_Meet_November_16_2021_signed.pdf,ICICI Prudential Life Insurance Company Limited has informed the Exchange about Schedule of meet,,,Analysts/Institutional Investor Meet/Con. Call Updates,00:00:04,16112021182712,16-Nov-2021 18:27:16,-,False,,,105145826,,INE726G01019,ICICI Prudential Life Insurance Company Limited,2021-11-16 18:27:12,ICICIPRULI
15-Nov-2021 18:42:26,,https://nsearchives.nseindia.com/corporate/ICICIPRULI_15112021184226_SE_Investor_Meet_November_15_2021_signed.pdf,ICICI Prudential Life Insurance Company Limited has informed the Exchange about Schedule of meet,,,Analysts/Institutional Investor Meet/Con. Call Updates,00:00:07,15112021184226,15-Nov-2021 18:42:33,-,False,,,105144358,,INE726G01019,ICICI Prudential Life Insurance Company Limited,2021-11-15 18:42:26,ICICIPRULI
12-Nov-2021 19:58:20,,https://nsearchives.nseindia.com/corporate/ICICIPRULI_12112021195820_SE_Investor_Meet_November_12_2021_signed.pdf,ICICI Prudential Life Insurance Company Limited has informed the Exchange about Schedule of meet,,,Analysts/Institutional Investor Meet/Con. Call Updates,00:00:05,12112021195820,12-Nov-2021 19:58:25,-,False,,,105141785,,INE726G01019,ICICI Prudential Life Insurance Company Limited,2021-11-12 19:58:20,ICICIPRULI
11-Nov-2021 19:44:56,,https://nsearchives.nseindia.com/corporate/ICICIPRULI_11112021194456_SE_Investor_Meet_November_11_2021_signed.pdf,ICICI Prudential Life Insurance Company Limited has informed the Exchange about Schedule of meet,,,Analysts/Institutional Investor Meet/Con. Call Updates,00:00:05,11112021194456,11-Nov-2021 19:45:01,-,False,,,105139771,,INE726G01019,ICICI Prudential Life Insurance Company Limited,2021-11-11 19:44:56,ICICIPRULI
10-Nov-2021 18:56:07,,https://nsearchives.nseindia.com/corporate/ICICIPRULI_10112021185607_SE_Investor_Meet_November_10_2021_signed.pdf,ICICI Prudential Life Insurance Company Limited has informed the Exchange about Schedule of meet,,,Analysts/Institutional Investor Meet/Con. Call Updates,00:00:10,10112021185607,10-Nov-2021 18:56:17,-,False,,,105138000,,INE726G01019,ICICI Prudential Life Insurance Company Limited,2021-11-10 18:56:07,ICICIPRULI
08-Nov-2021 18:32:27,,https://nsearchives.nseindia.com/corporate/ICICIPRULI_08112021183227_SE_monthly_business_presentation_October_2021_signed.pdf,ICICI Prudential Life Insurance Company Limited has informed the Exchange about Investor Presentation,,,Investor Presentation,00:00:11,08112021183227,08-Nov-2021 18:32:38,-,False,,,105134733,,INE726G01019,ICICI Prudential Life Insurance Company Limited,2021-11-08 18:32:27,ICICIPRULI
08-Nov-2021 16:08:55,,https://nsearchives.nseindia.com/corporate/ICICIPRULI_08112021160855_SE_Intimation_November_08_2021.pdf,ICICI Prudential Life Insurance Company Limited has informed the Exchange regarding Allotment of 51920  Shares.,,,ESOP/ESOS/ESPS,00:02:19,08112021160855,08-Nov-2021 16:11:14,-,False,,,105134607,,INE726G01019,ICICI Prudential Life Insurance Company Limited,2021-11-08 16:08:55,ICICIPRULI
03-Nov-2021 17:57:11,,https://nsearchives.nseindia.com/corporate/ICICIPRULI_03112021175711_SE_Investor_Meet_November_3_2021_Signed.pdf,ICICI Prudential Life Insurance Company Limited has informed the Exchange about Schedule of meet,,,Analysts/Institutional Investor Meet/Con. Call Updates,00:00:05,03112021175711,03-Nov-2021 17:57:16,-,False,,,105132403,,INE726G01019,ICICI Prudential Life Insurance Company Limited,2021-11-03 17:57:11,ICICIPRULI
02-Nov-2021 11:22:29,,https://nsearchives.nseindia.com/corporate/ICICIPRULI_02112021112229_SE_Investor_Meet_November_1_2021_signed.pdf,ICICI Prudential Life Insurance Company Limited has informed the Exchange about Schedule of meet,,,Analysts/Institutional Investor Meet/Con. Call Updates,00:00:03,02112021112229,02-Nov-2021 11:22:32,-,False,,,105130070,,INE726G01019,ICICI Prudential Life Insurance Company Limited,2021-11-02 11:22:29,ICICIPRULI
29-Oct-2021 15:40:31,,https://nsearchives.nseindia.com/corporate/ICICIPRULI_29102021154031_SEIntimation.pdf,ICICI Prudential Life Insurance Company Limited has informed the Exchange about Schedule of meet,,,Analysts/Institutional Investor Meet/Con. Call Updates,00:00:04,29102021154031,29-Oct-2021 15:40:35,-,False,,,105126273,,INE726G01019,ICICI Prudential Life Insurance Company Limited,2021-10-29 15:40:31,ICICIPRULI
28-Oct-2021 13:39:11,,https://nsearchives.nseindia.com/corporate/ICICIPRULI_28102021133911_SEIntimation.pdf,ICICI Prudential Life Insurance Company Limited has informed the Exchange regarding Allotment of 28160  Shares.,,,ESOP/ESOS/ESPS,00:00:05,28102021133911,28-Oct-2021 13:39:16,-,False,,,105124486,,INE726G01019,ICICI Prudential Life Insurance Company Limited,2021-10-28 13:39:11,ICICIPRULI
27-Oct-2021 18:51:16,,https://nsearchives.nseindia.com/corporate/ICICIPRULI_27102021185116_SE_Investor_Meet_October_27_2021.pdf,ICICI Prudential Life Insurance Company Limited has informed the Exchange about Schedule of meet,,,Analysts/Institutional Investor Meet/Con. Call Updates,00:00:06,27102021185116,27-Oct-2021 18:51:22,-,False,,,105123173,,INE726G01019,ICICI Prudential Life Insurance Company Limited,2021-10-27 18:51:16,ICICIPRULI
26-Oct-2021 19:33:20,,https://nsearchives.nseindia.com/corporate/ICICIPRULI_26102021193320_SE_Investor_Meet_October_26_2021_Signed.pdf,ICICI Prudential Life Insurance Company Limited has informed the Exchange about Schedule of meet,,,Analysts/Institutional Investor Meet/Con. Call Updates,00:00:05,26102021193320,26-Oct-2021 19:33:25,-,False,,,105121605,,INE726G01019,ICICI Prudential Life Insurance Company Limited,2021-10-26 19:33:20,ICICIPRULI
26-Oct-2021 13:25:39,,https://nsearchives.nseindia.com/corporate/ICICIPRULI_26102021132539_IntimationunderRegulation30withPressreleaseCRISIL.pdf,ICICI Prudential Life Insurance Company Limited has informed the Exchange about Credit Rating,,,Credit Rating,03:59:16,26102021132539,26-Oct-2021 17:24:55,-,False,,,105121256,,INE726G01019,ICICI Prudential Life Insurance Company Limited,2021-10-26 13:25:39,ICICIPRULI
23-Oct-2021 17:35:10,,https://nsearchives.nseindia.com/corporate/ICICIPRULI_23102021173510_IntimationunderRegulation30NSEBSECRISIL.pdf,ICICI Prudential Life Insurance Company Limited has informed the Exchange about Credit Rating,,,Credit Rating,00:00:04,23102021173510,23-Oct-2021 17:35:14,-,False,,,105119044,,INE726G01019,ICICI Prudential Life Insurance Company Limited,2021-10-23 17:35:10,ICICIPRULI
21-Oct-2021 17:31:25,,https://nsearchives.nseindia.com/corporate/ICICIPRULI_21102021173125_CoveringletterSeptember302021newspaperpublications.pdf,"ICICI Prudential Life Insurance Company Limited has informed the Exchange about Copy of Newspaper Publication  pertaining to financial results of the Company for the quarter and half year ended on September 30, 2021. The advertisements were published in English and Marathi newspapers namely Financial Express and Loksatta.",,,Copy of Newspaper Publication,00:00:09,21102021173125,21-Oct-2021 17:31:34,-,False,,,105116379,,INE726G01019,ICICI Prudential Life Insurance Company Limited,2021-10-21 17:31:25,ICICIPRULI
20-Oct-2021 14:38:23,,https://nsearchives.nseindia.com/corporate/SEIntimationFinancialUpdate_20102021143823.pdf,"ICICI Prudential Life Insurance Company Limited has submitted to the Exchange, the financial results for the period ended September 30, 2021.",,,Financial Result Updates,00:01:51,20102021143823,20-Oct-2021 14:40:14,-,False,,,144594,,INE726G01019,ICICI Prudential Life Insurance Company Limited,2021-10-20 14:38:23,ICICIPRULI
19-Oct-2021 18:39:56,,https://nsearchives.nseindia.com/corporate/ICICIPRULI_19102021183956_SEinvestorpresentation.pdf,ICICI Prudential Life Insurance Company Limited has informed the Exchange about Investor Presentation,,,Investor Presentation,00:00:07,19102021183956,19-Oct-2021 18:40:03,-,False,,,105114163,,INE726G01019,ICICI Prudential Life Insurance Company Limited,2021-10-19 18:39:56,ICICIPRULI
19-Oct-2021 18:33:45,,https://nsearchives.nseindia.com/corporate/ICICIPRULI_19102021183345_SEIntimationFinancialUpdate.pdf,"ICICI Prudential Life Insurance Company Limited has submitted to the Exchange, the financial results for the period ended September 30, 2021",,,Financial Results Updates,00:00:05,19102021183345,19-Oct-2021 18:33:50,-,False,,,105114157,,INE726G01019,ICICI Prudential Life Insurance Company Limited,2021-10-19 18:33:45,ICICIPRULI
19-Oct-2021 18:27:34,,https://nsearchives.nseindia.com/corporate/ICICIPRULI_19102021182734_SEIntimationOutcome.pdf,"ICICI Prudential Life Insurance Company Limited has informed the Exchange regarding Outcome of Board Meeting held on October 19, 2021.",,,Outcome of Board Meeting,00:00:04,19102021182734,19-Oct-2021 18:27:38,-,False,,,105114153,,INE726G01019,ICICI Prudential Life Insurance Company Limited,2021-10-19 18:27:34,ICICIPRULI
18-Oct-2021 17:17:49,,https://nsearchives.nseindia.com/corporate/ICICIPRULI_18102021171749_SE_Intimation.pdf,ICICI Prudential Life Insurance Company Limited has informed the Exchange regarding Allotment of 53400  Shares.,,,ESOP/ESOS/ESPS,00:00:06,18102021171749,18-Oct-2021 17:17:55,-,False,,,105112404,,INE726G01019,ICICI Prudential Life Insurance Company Limited,2021-10-18 17:17:49,ICICIPRULI
14-Oct-2021 18:48:40,,https://nsearchives.nseindia.com/corporate/ICICIPRULI_14102021184840_Regulation30PressRelease.pdf,ICICI Prudential Life Insurance Company Limited has informed the Exchange about Credit Rating,,,Credit Rating,00:00:10,14102021184840,14-Oct-2021 18:48:50,-,False,,,105110561,,INE726G01019,ICICI Prudential Life Insurance Company Limited,2021-10-14 18:48:40,ICICIPRULI
12-Oct-2021 16:51:33,,https://nsearchives.nseindia.com/corporate/ICICIPRULI_12102021165133_SEEarningsCallsOctober122021.pdf,ICICI Prudential Life Insurance Company Limited has informed the Exchange about Schedule of meet,,,Analysts/Institutional Investor Meet/Con. Call Updates,00:00:05,12102021165133,12-Oct-2021 16:51:38,-,False,,,105107418,,INE726G01019,ICICI Prudential Life Insurance Company Limited,2021-10-12 16:51:33,ICICIPRULI
12-Oct-2021 16:14:14,,https://nsearchives.nseindia.com/corporate/ICICIPRULI_12102021161414_IntimationunderRegultion745forquarterended30September2021BSENSE.pdf,"ICICI Prudential Life Insurance Company Limited has informed the Exchange regarding 'Certificate under Regulation 74(5) of the SEBI (Depositories and Participants) Regulations, 2018 for quarter ended September 30,2021'.",,,Updates,00:00:05,12102021161414,12-Oct-2021 16:14:19,-,False,,,105107383,,INE726G01019,ICICI Prudential Life Insurance Company Limited,2021-10-12 16:14:14,ICICIPRULI
07-Oct-2021 15:12:00,,https://nsearchives.nseindia.com/corporate/ICICIPRULI_07102021151200_SE_IntimationOctober7_signed.pdf,ICICI Prudential Life Insurance Company Limited has informed the Exchange regarding Allotment of 10250  Shares.,,,ESOP/ESOS/ESPS,00:00:16,07102021151200,07-Oct-2021 15:12:16,-,False,,,105101724,,INE726G01019,ICICI Prudential Life Insurance Company Limited,2021-10-07 15:12:00,ICICIPRULI
07-Oct-2021 13:52:11,,https://nsearchives.nseindia.com/corporate/ICICIPRULI_07102021135211_SE_monthly_business_presentation_September_2021.pdf,ICICI Prudential Life Insurance Company Limited has informed the Exchange about Investor Presentation,,,Investor Presentation,00:00:08,07102021135211,07-Oct-2021 13:52:19,-,False,,,105101643,,INE726G01019,ICICI Prudential Life Insurance Company Limited,2021-10-07 13:52:11,ICICIPRULI
28-Sep-2021 22:13:20,,https://nsearchives.nseindia.com/corporate/ICICIPRULI_28092021221320_Intimation.pdf,ICICI Prudential Life Insurance Company Limited has informed the Exchange about acquisition of shares in its wholly owned subsidiary,,,Acquisition,00:00:06,28092021221320,28-Sep-2021 22:13:26,-,False,,,105088899,,INE726G01019,ICICI Prudential Life Insurance Company Limited,2021-09-28 22:13:20,ICICIPRULI
28-Sep-2021 18:55:11,,https://nsearchives.nseindia.com/corporate/ICICIPRULI_28092021185511_SE_Investor_Meet_September_28_2021_signed.pdf,ICICI Prudential Life Insurance Company Limited has informed the Exchange about Analysts/Institutional Investor Meet/Con. Call Updates,,,Analysts/Institutional Investor Meet/Con. Call Updates,00:00:06,28092021185511,28-Sep-2021 18:55:17,-,False,,,105088793,,INE726G01019,ICICI Prudential Life Insurance Company Limited,2021-09-28 18:55:11,ICICIPRULI
27-Sep-2021 18:34:32,,https://nsearchives.nseindia.com/corporate/ICICIPRULI_27092021183432_Stockexchangeintimation291aandtradingwindowclosure.pdf,"ICICI Prudential Life Insurance Company Limited has informed the Exchange regarding the Trading Window closure pursuant to SEBI (Prohibition of Insider Trading) Regulations, 2015",,,Trading Window,00:00:10,27092021183432,27-Sep-2021 18:34:42,-,False,,,105087195,,INE726G01019,ICICI Prudential Life Insurance Company Limited,2021-09-27 18:34:32,ICICIPRULI
27-Sep-2021 15:48:36,,https://nsearchives.nseindia.com/corporate/ICICIPRULI_27092021154836_SE_Intimation_September_27_2021.pdf,ICICI Prudential Life Insurance Company Limited has informed the Exchange regarding Allotment of 206910  Shares.,,,ESOP/ESOS/ESPS,00:00:06,27092021154836,27-Sep-2021 15:48:42,-,False,,,105087026,,INE726G01019,ICICI Prudential Life Insurance Company Limited,2021-09-27 15:48:36,ICICIPRULI
23-Sep-2021 15:05:36,,https://nsearchives.nseindia.com/corporate/ICICIPRULI_23092021150536_SE_Investor_Meet_September_23_2021_signed.pdf,ICICI Prudential Life Insurance Company Limited has informed the Exchange about Analysts/Institutional Investor Meet/Con. Call Updates,,,Analysts/Institutional Investor Meet/Con. Call Updates,00:00:05,23092021150536,23-Sep-2021 15:05:41,-,False,,,105083476,,INE726G01019,ICICI Prudential Life Insurance Company Limited,2021-09-23 15:05:36,ICICIPRULI
22-Sep-2021 19:04:49,,https://nsearchives.nseindia.com/corporate/ICICIPRULI_22092021190449_SE_Investor_Meet_September_22_2021_signed.pdf,ICICI Prudential Life Insurance Company Limited has informed the Exchange about Analysts/Institutional Investor Meet/Con. Call Updates,,,Analysts/Institutional Investor Meet/Con. Call Updates,00:00:05,22092021190449,22-Sep-2021 19:04:54,-,False,,,105082245,,INE726G01019,ICICI Prudential Life Insurance Company Limited,2021-09-22 19:04:49,ICICIPRULI
21-Sep-2021 19:20:36,,https://nsearchives.nseindia.com/corporate/ICICIPRULI_21092021192036_SE_Investor_Meet_September_21_2021_Signed.pdf,ICICI Prudential Life Insurance Company Limited has informed the Exchange about Analysts/Institutional Investor Meet/Con. Call Updates,,,Analysts/Institutional Investor Meet/Con. Call Updates,00:00:06,21092021192036,21-Sep-2021 19:20:42,-,False,,,105080643,,INE726G01019,ICICI Prudential Life Insurance Company Limited,2021-09-21 19:20:36,ICICIPRULI
20-Sep-2021 19:46:55,,https://nsearchives.nseindia.com/corporate/ICICIPRULI_20092021194655_SE_Investor_Meet_September_20_2021_signed.pdf,ICICI Prudential Life Insurance Company Limited has informed the Exchange about Analysts/Institutional Investor Meet/Con. Call Updates,,,Analysts/Institutional Investor Meet/Con. Call Updates,00:00:03,20092021194655,20-Sep-2021 19:46:58,-,False,,,105079046,,INE726G01019,ICICI Prudential Life Insurance Company Limited,2021-09-20 19:46:55,ICICIPRULI
17-Sep-2021 19:04:53,,https://nsearchives.nseindia.com/corporate/ICICIPRULI_17092021190453_SEIntimation.pdf,ICICI Prudential Life Insurance Company Limited has informed the Exchange regarding Allotment of 59850  Shares.,,,ESOP/ESOS/ESPS,00:00:06,17092021190453,17-Sep-2021 19:04:59,-,False,,,105077337,,INE726G01019,ICICI Prudential Life Insurance Company Limited,2021-09-17 19:04:53,ICICIPRULI
16-Sep-2021 19:02:27,,https://nsearchives.nseindia.com/corporate/ICICIPRULI_16092021190227_SE_Investor_Meet_September_16_2021_v1.pdf,ICICI Prudential Life Insurance Company Limited has informed the Exchange about Analysts/Institutional Investor Meet/Con. Call Updates,,,Analysts/Institutional Investor Meet/Con. Call Updates,00:00:03,16092021190227,16-Sep-2021 19:02:30,-,False,,,105075757,,INE726G01019,ICICI Prudential Life Insurance Company Limited,2021-09-16 19:02:27,ICICIPRULI
15-Sep-2021 18:19:44,,https://nsearchives.nseindia.com/corporate/ICICIPRULI_15092021181944_SE_Investor_Meet_September_15_2021.pdf,ICICI Prudential Life Insurance Company Limited has informed the Exchange about Analysts/Institutional Investor Meet/Con. Call Updates,,,Analysts/Institutional Investor Meet/Con. Call Updates,00:00:04,15092021181944,15-Sep-2021 18:19:48,-,False,,,105074157,,INE726G01019,ICICI Prudential Life Insurance Company Limited,2021-09-15 18:19:44,ICICIPRULI
14-Sep-2021 18:19:20,,https://nsearchives.nseindia.com/corporate/ICICIPRULI_14092021181920_SE_Investor_Meet_September_14_2021.pdf,ICICI Prudential Life Insurance Company Limited has informed the Exchange about Analysts/Institutional Investor Meet/Con. Call Updates,,,Analysts/Institutional Investor Meet/Con. Call Updates,00:00:04,14092021181920,14-Sep-2021 18:19:24,-,False,,,105072679,,INE726G01019,ICICI Prudential Life Insurance Company Limited,2021-09-14 18:19:20,ICICIPRULI
13-Sep-2021 20:40:47,,https://nsearchives.nseindia.com/corporate/ICICIPRULI_13092021204047_SE_Investor_Meet_September_13_2021_signed.pdf,ICICI Prudential Life Insurance Company Limited has informed the Exchange about Analysts/Institutional Investor Meet/Con. Call Updates,,,Analysts/Institutional Investor Meet/Con. Call Updates,00:00:05,13092021204047,13-Sep-2021 20:40:52,-,False,,,105071137,,INE726G01019,ICICI Prudential Life Insurance Company Limited,2021-09-13 20:40:47,ICICIPRULI
09-Sep-2021 18:23:44,,https://nsearchives.nseindia.com/corporate/ICICIPRULI_09092021182344_SE_Investor_Meet_September_9_2021_signed.pdf,ICICI Prudential Life Insurance Company Limited has informed the Exchange about Analysts/Institutional Investor Meet/Con. Call Updates,,,Analysts/Institutional Investor Meet/Con. Call Updates,00:00:06,09092021182344,09-Sep-2021 18:23:50,-,False,,,105069044,,INE726G01019,ICICI Prudential Life Insurance Company Limited,2021-09-09 18:23:44,ICICIPRULI
09-Sep-2021 10:50:07,,https://nsearchives.nseindia.com/corporate/ICICIPRULI_09092021105007_SE_Investor_Meet_September_8_2021_second_signed.pdf,ICICI Prudential Life Insurance Company Limited has informed the Exchange about Analysts/Institutional Investor Meet/Con. Call Updates,,,Analysts/Institutional Investor Meet/Con. Call Updates,00:00:12,09092021105007,09-Sep-2021 10:50:19,-,False,,,105068710,,INE726G01019,ICICI Prudential Life Insurance Company Limited,2021-09-09 10:50:07,ICICIPRULI
08-Sep-2021 18:22:27,,https://nsearchives.nseindia.com/corporate/ICICIPRULI_08092021182227_SE_Investor_Meet_September_8_2021_signed.pdf,ICICI Prudential Life Insurance Company Limited has informed the Exchange about Analysts/Institutional Investor Meet/Con. Call Updates,,,Analysts/Institutional Investor Meet/Con. Call Updates,00:00:03,08092021182227,08-Sep-2021 18:22:30,-,False,,,105067400,,INE726G01019,ICICI Prudential Life Insurance Company Limited,2021-09-08 18:22:27,ICICIPRULI
07-Sep-2021 19:38:15,,https://nsearchives.nseindia.com/corporate/ICICIPRULI_07092021193815_SE_intimation.pdf,ICICI Prudential Life Insurance Company Limited has informed the Exchange regarding Allotment of 58270  Shares.,,,ESOP/ESOS/ESPS,00:00:06,07092021193815,07-Sep-2021 19:38:21,-,False,,,105065742,,INE726G01019,ICICI Prudential Life Insurance Company Limited,2021-09-07 19:38:15,ICICIPRULI
07-Sep-2021 14:06:02,,https://nsearchives.nseindia.com/corporate/ICICIPRULI_07092021140602_SE_monthly_business_presentation_August_2021_signed_Final.pdf,ICICI Prudential Life Insurance Company Limited has informed the Exchange about Investor Presentation,,,Investor Presentation,00:00:10,07092021140602,07-Sep-2021 14:06:12,-,False,,,105065373,,INE726G01019,ICICI Prudential Life Insurance Company Limited,2021-09-07 14:06:02,ICICIPRULI
06-Sep-2021 20:40:13,,https://nsearchives.nseindia.com/corporate/ICICIPRULI_06092021204013_SE_Investor_Meet_September_6_2021_signed.pdf,ICICI Prudential Life Insurance Company Limited has informed the Exchange about Analysts/Institutional Investor Meet/Con. Call Updates,,,Analysts/Institutional Investor Meet/Con. Call Updates,00:00:05,06092021204013,06-Sep-2021 20:40:18,-,False,,,105064035,,INE726G01019,ICICI Prudential Life Insurance Company Limited,2021-09-06 20:40:13,ICICIPRULI
02-Sep-2021 19:04:21,,https://nsearchives.nseindia.com/corporate/ICICIPRULI_02092021190421_SE_Investor_Meet_September_2_2021_signed.pdf,ICICI Prudential Life Insurance Company Limited has informed the Exchange about Analysts/Institutional Investor Meet/Con. Call Updates,,,Analysts/Institutional Investor Meet/Con. Call Updates,00:00:06,02092021190421,02-Sep-2021 19:04:27,-,False,,,105059734,,INE726G01019,ICICI Prudential Life Insurance Company Limited,2021-09-02 19:04:21,ICICIPRULI
30-Aug-2021 17:40:45,,https://nsearchives.nseindia.com/corporate/ICICIPRULI_30082021174045_SE_Investor_Meet_August_30_2021_signed.pdf,ICICI Prudential Life Insurance Company Limited has informed the Exchange about Analysts/Institutional Investor Meet/Con. Call Updates,,,Analysts/Institutional Investor Meet/Con. Call Updates,00:00:05,30082021174045,30-Aug-2021 17:40:50,-,False,,,105054569,,INE726G01019,ICICI Prudential Life Insurance Company Limited,2021-08-30 17:40:45,ICICIPRULI
26-Aug-2021 18:24:08,,https://nsearchives.nseindia.com/corporate/ICICIPRULI_26082021182408_SE_Intimation_August_26_2021_Signed.pdf,ICICI Prudential Life Insurance Company Limited has informed the Exchange regarding Allotment of 49100  Shares.,,,ESOP/ESOS/ESPS,00:00:06,26082021182408,26-Aug-2021 18:24:14,-,False,,,105050722,,INE726G01019,ICICI Prudential Life Insurance Company Limited,2021-08-26 18:24:08,ICICIPRULI
19-Aug-2021 17:44:54,,https://nsearchives.nseindia.com/corporate/ICICIPRULI_19082021174454_SE_Investor_Meet_August_19_2021_second_signed.pdf,ICICI Prudential Life Insurance Company Limited has informed the Exchange about Analysts/Institutional Investor Meet/Con. Call Updates,,,Analysts/Institutional Investor Meet/Con. Call Updates,00:00:05,19082021174454,19-Aug-2021 17:44:59,-,False,,,105042831,,INE726G01019,ICICI Prudential Life Insurance Company Limited,2021-08-19 17:44:54,ICICIPRULI
19-Aug-2021 15:35:09,,https://nsearchives.nseindia.com/corporate/ICICIPRULI_19082021153509_SE_Investor_Meet_August_19_2021_signed.pdf,ICICI Prudential Life Insurance Company Limited has informed the Exchange about Analysts/Institutional Investor Meet/Con. Call Updates,,,Analysts/Institutional Investor Meet/Con. Call Updates,00:00:05,19082021153509,19-Aug-2021 15:35:14,-,False,,,105042617,,INE726G01019,ICICI Prudential Life Insurance Company Limited,2021-08-19 15:35:09,ICICIPRULI
17-Aug-2021 19:07:03,,https://nsearchives.nseindia.com/corporate/ICICIPRULI_17082021190703_SE_Investor_Meet_August_17_2021_signed.pdf,ICICI Prudential Life Insurance Company Limited has informed the Exchange about Analysts/Institutional Investor Meet/Con. Call Updates,,,Analysts/Institutional Investor Meet/Con. Call Updates,00:00:06,17082021190703,17-Aug-2021 19:07:09,-,False,,,105040065,,INE726G01019,ICICI Prudential Life Insurance Company Limited,2021-08-17 19:07:03,ICICIPRULI
17-Aug-2021 11:10:28,,https://nsearchives.nseindia.com/corporate/ICICIPRULI_17082021111028_SE_Intimation_August_16_2021_signed.pdf,ICICI Prudential Life Insurance Company Limited has informed the Exchange regarding Allotment of 3440  Shares.,,,ESOP/ESOS/ESPS,01:32:51,17082021111028,17-Aug-2021 12:43:19,-,False,,,105039670,,INE726G01019,ICICI Prudential Life Insurance Company Limited,2021-08-17 11:10:28,ICICIPRULI
13-Aug-2021 19:10:00,,https://nsearchives.nseindia.com/corporate/ICICIPRULI_13082021191000_SE_Investor_Meet_August_13_2021_signed.pdf,ICICI Prudential Life Insurance Company Limited has informed the Exchange about Analysts/Institutional Investor Meet/Con. Call Updates,,,Analysts/Institutional Investor Meet/Con. Call Updates,00:00:14,13082021191000,13-Aug-2021 19:10:14,-,False,,,105036548,,INE726G01019,ICICI Prudential Life Insurance Company Limited,2021-08-13 19:10:00,ICICIPRULI
10-Aug-2021 18:28:37,,https://nsearchives.nseindia.com/corporate/ICICIPRULI_10082021182837_SE_Investor_Meet_August_10_2021_Signed.pdf,ICICI Prudential Life Insurance Company Limited has informed the Exchange about Analysts/Institutional Investor Meet/Con. Call Updates,,,Analysts/Institutional Investor Meet/Con. Call Updates,00:00:06,10082021182837,10-Aug-2021 18:28:43,-,False,,,105030372,,INE726G01019,ICICI Prudential Life Insurance Company Limited,2021-08-10 18:28:37,ICICIPRULI
09-Aug-2021 18:56:59,,https://nsearchives.nseindia.com/corporate/ICICIPRULI_09082021185659_SE_Investor_Meet_August_9_2021_signed.pdf,ICICI Prudential Life Insurance Company Limited has informed the Exchange about Analysts/Institutional Investor Meet/Con. Call Updates,,,Analysts/Institutional Investor Meet/Con. Call Updates,00:00:06,09082021185659,09-Aug-2021 18:57:05,-,False,,,105028470,,INE726G01019,ICICI Prudential Life Insurance Company Limited,2021-08-09 18:56:59,ICICIPRULI
09-Aug-2021 11:41:51,,https://nsearchives.nseindia.com/corporate/ICICIPRULI_09082021114151_SE_monthly_business_presentation_july_2021_Combined_Final.pdf,ICICI Prudential Life Insurance Company Limited has informed the Exchange about Investor Presentation,,,Investor Presentation,00:00:06,09082021114151,09-Aug-2021 11:41:57,-,False,,,105027865,,INE726G01019,ICICI Prudential Life Insurance Company Limited,2021-08-09 11:41:51,ICICIPRULI
06-Aug-2021 16:40:26,,https://nsearchives.nseindia.com/corporate/ICICIPRULI_06082021164026_SE_Intimation_August_6_2021_signed.pdf,ICICI Prudential Life Insurance Company Limited has informed the Exchange regarding Allotment of 77914  Shares.,,,ESOP/ESOS/ESPS,00:00:10,06082021164026,06-Aug-2021 16:40:36,-,False,,,105025790,,INE726G01019,ICICI Prudential Life Insurance Company Limited,2021-08-06 16:40:26,ICICIPRULI
05-Aug-2021 16:24:49,,https://nsearchives.nseindia.com/corporate/ICICIPRULI_05082021162449_SE_Investor_Meet_August_5_2021_signed.pdf,ICICI Prudential Life Insurance Company Limited has informed the Exchange about Analysts/Institutional Investor Meet/Con. Call Updates,,,Analysts/Institutional Investor Meet/Con. Call Updates,00:00:05,05082021162449,05-Aug-2021 16:24:54,-,False,,,105023775,,INE726G01019,ICICI Prudential Life Insurance Company Limited,2021-08-05 16:24:49,ICICIPRULI
04-Aug-2021 19:28:25,,https://nsearchives.nseindia.com/corporate/ICICIPRULI_04082021192825_SE_Investor_Meet_August_4_2021_signed.pdf,ICICI Prudential Life Insurance Company Limited has informed the Exchange about Analysts/Institutional Investor Meet/Con. Call Updates,,,Analysts/Institutional Investor Meet/Con. Call Updates,00:00:05,04082021192825,04-Aug-2021 19:28:30,-,False,,,105022086,,INE726G01019,ICICI Prudential Life Insurance Company Limited,2021-08-04 19:28:25,ICICIPRULI
03-Aug-2021 19:47:54,,https://nsearchives.nseindia.com/corporate/ICICIPRULI_03082021194754_SE_Investor_Meet_August_3_2021_signed.pdf,ICICI Prudential Life Insurance Company Limited has informed the Exchange about Analysts/Institutional Investor Meet/Con. Call Updates,,,Analysts/Institutional Investor Meet/Con. Call Updates,00:00:05,03082021194754,03-Aug-2021 19:47:59,-,False,,,105020154,,INE726G01019,ICICI Prudential Life Insurance Company Limited,2021-08-03 19:47:54,ICICIPRULI
02-Aug-2021 20:26:18,,https://nsearchives.nseindia.com/corporate/ICICIPRULI_02082021202618_SE_Investor_Meet_August_2_2021.pdf,ICICI Prudential Life Insurance Company Limited has informed the Exchange about Analysts/Institutional Investor Meet/Con. Call Updates,,,Analysts/Institutional Investor Meet/Con. Call Updates,00:00:06,02082021202618,02-Aug-2021 20:26:24,-,False,,,105018225,,INE726G01019,ICICI Prudential Life Insurance Company Limited,2021-08-02 20:26:18,ICICIPRULI
30-Jul-2021 20:21:09,,https://nsearchives.nseindia.com/corporate/ICICIPRULI_30072021202109_SE_Investor_Meet_July_30_2021.pdf,ICICI Prudential Life Insurance Company Limited has informed the Exchange about Analysts/Institutional Investor Meet/Con. Call Updates,,,Analysts/Institutional Investor Meet/Con. Call Updates,00:00:05,30072021202109,30-Jul-2021 20:21:14,-,False,,,105015738,,INE726G01019,ICICI Prudential Life Insurance Company Limited,2021-07-30 20:21:09,ICICIPRULI
28-Jul-2021 13:08:27,,https://nsearchives.nseindia.com/corporate/ICICIPRULI_28072021130827_SE_Intimation_July_28_2021_SIGNED.pdf,ICICI Prudential Life Insurance Company Limited has informed the Exchange regarding Allotment of 37250  Shares.,,,ESOP/ESOS/ESPS,00:00:03,28072021130827,28-Jul-2021 13:08:30,-,False,,,105011400,,INE726G01019,ICICI Prudential Life Insurance Company Limited,2021-07-28 13:08:27,ICICIPRULI
26-Jul-2021 19:25:10,,https://nsearchives.nseindia.com/corporate/ICICIPRULI_26072021192510_Covering_letter_June_30_2021_Signed.pdf,ICICI Prudential Life Insurance Company Limited has informed the Exchange about Copy of Newspaper Publication,,,Copy of Newspaper Publication,00:00:05,26072021192510,26-Jul-2021 19:25:15,-,False,,,105008195,,INE726G01019,ICICI Prudential Life Insurance Company Limited,2021-07-26 19:25:10,ICICIPRULI
26-Jul-2021 17:50:38,,https://nsearchives.nseindia.com/corporate/ICICIPRULI_26072021175038_SE_Investor_Meet_July_26_2021_Signed.pdf,ICICI Prudential Life Insurance Company Limited has informed the Exchange about Analysts/Institutional Investor Meet/Con. Call Updates,,,Analysts/Institutional Investor Meet/Con. Call Updates,00:00:04,26072021175038,26-Jul-2021 17:50:42,-,False,,,105008117,,INE726G01019,ICICI Prudential Life Insurance Company Limited,2021-07-26 17:50:38,ICICIPRULI
23-Jul-2021 19:21:35,,https://nsearchives.nseindia.com/corporate/ICICIPRULI_23072021192135_SE_Investor_Meet_July_23_2021_signed.pdf,ICICI Prudential Life Insurance Company Limited has informed the Exchange about Analysts/Institutional Investor Meet/Con. Call Updates,,,Analysts/Institutional Investor Meet/Con. Call Updates,00:00:04,23072021192135,23-Jul-2021 19:21:39,-,False,,,105005762,,INE726G01019,ICICI Prudential Life Insurance Company Limited,2021-07-23 19:21:35,ICICIPRULI
20-Jul-2021 18:22:11,,https://nsearchives.nseindia.com/corporate/ICICIPRULI_20072021182211_20210720_SE_intimation_Investor_presentation_combined.pdf,ICICI Prudential Life Insurance Company Limited has informed the Exchange about Investor Presentation,,,Investor Presentation,00:00:07,20072021182211,20-Jul-2021 18:22:18,-,False,,,105001817,,INE726G01019,ICICI Prudential Life Insurance Company Limited,2021-07-20 18:22:11,ICICIPRULI
20-Jul-2021 18:18:53,,https://nsearchives.nseindia.com/corporate/SEBI_results_June_21_20072021181853.pdf,"ICICI Prudential Life Insurance Company Limited has submitted to the Exchange, the financial results for the period ended June 30, 2021.",,,Financial Result Updates,00:01:13,20072021181853,20-Jul-2021 18:20:06,-,False,,,142757,,INE726G01019,ICICI Prudential Life Insurance Company Limited,2021-07-20 18:18:53,ICICIPRULI
20-Jul-2021 18:14:21,,https://nsearchives.nseindia.com/corporate/ICICIPRULI_20072021181421_Outcome.pdf,"ICICI Prudential Life Insurance Company Limited has informed the Exchange regarding  Board meeting held on July 20, 2021.",,,Outcome of Board Meeting,00:00:06,20072021181421,20-Jul-2021 18:14:27,-,False,,,105001810,,INE726G01019,ICICI Prudential Life Insurance Company Limited,2021-07-20 18:14:21,ICICIPRULI
16-Jul-2021 19:31:42,,https://nsearchives.nseindia.com/corporate/ICICIPRULI_16072021193142_SE_Intimation_July_16_2021_Signed.pdf,ICICI Prudential Life Insurance Company Limited has informed the Exchange regarding Allotment of 9500  Shares.,,,ESOP/ESOS/ESPS,00:00:05,16072021193142,16-Jul-2021 19:31:47,-,False,,,104997830,,INE726G01019,ICICI Prudential Life Insurance Company Limited,2021-07-16 19:31:42,ICICIPRULI
16-Jul-2021 16:37:19,,https://nsearchives.nseindia.com/corporate/ICICIPRULI_16072021163719_SE_Earnings_Calls_July_16_2021_Signed.pdf,ICICI Prudential Life Insurance Company Limited has informed the Exchange about Analysts/Institutional Investor Meet/Con. Call Updates,,,Analysts/Institutional Investor Meet/Con. Call Updates,00:00:03,16072021163719,16-Jul-2021 16:37:22,-,False,,,104997687,,INE726G01019,ICICI Prudential Life Insurance Company Limited,2021-07-16 16:37:19,ICICIPRULI
12-Jul-2021 21:21:34,,https://nsearchives.nseindia.com/corporate/ICICIPRULI_12072021212134_Regulation74_5__BSE_NSE_June_30_2021_Signed.pdf,"ICICI Prudential Life Insurance Company Limited has informed the Exchange about Certificate under SEBI (Depositories and Participants) Regulations, 2018",,,"Certificate under SEBI (Depositories and Participants) Regulations, 2018",00:00:06,12072021212134,12-Jul-2021 21:21:40,-,False,,,104990604,,INE726G01019,ICICI Prudential Life Insurance Company Limited,2021-07-12 21:21:34,ICICIPRULI
08-Jul-2021 11:09:27,,https://nsearchives.nseindia.com/corporate/ICICIPRULI_08072021110927_SE_monthly_business_presentation_July_2021_signed.pdf,ICICI Prudential Life Insurance Company Limited has informed the Exchange about Investor Presentation,,,Investor Presentation,00:00:12,08072021110927,08-Jul-2021 11:09:39,-,False,,,104986348,,INE726G01019,ICICI Prudential Life Insurance Company Limited,2021-07-08 11:09:27,ICICIPRULI
06-Jul-2021 20:37:15,,https://nsearchives.nseindia.com/corporate/ICICIPRULI_06072021203715_SE_Intimation_July_6_2021_signed.pdf,ICICI Prudential Life Insurance Company Limited has informed the Exchange regarding Allotment of 30281  Shares.,,,ESOP/ESOS/ESPS,00:00:05,06072021203715,06-Jul-2021 20:37:20,-,False,,,104983466,,INE726G01019,ICICI Prudential Life Insurance Company Limited,2021-07-06 20:37:15,ICICIPRULI
01-Jul-2021 11:56:34,,https://nsearchives.nseindia.com/corporate/ICICIPRULI_01072021115634_SE_Investor_Meet_June_30_2021_signed.pdf,ICICI Prudential Life Insurance Company Limited has informed the Exchange about Analysts/Institutional Investor Meet/Con. Call Updates,,,Analysts/Institutional Investor Meet/Con. Call Updates,00:00:10,01072021115634,01-Jul-2021 11:56:44,-,False,,,104977431,,INE726G01019,ICICI Prudential Life Insurance Company Limited,2021-07-01 11:56:34,ICICIPRULI
29-Jun-2021 12:54:42,,https://nsearchives.nseindia.com/corporate/ICICIPRULI_29062021125442_Trading_window_closure_intimation_Signed.pdf,"ICICI Prudential Life Insurance Company Limited has informed the Exchange regarding the Trading Window closure pursuant to SEBI (Prohibition of Insider Trading) Regulations, 2015",,,Trading Window,00:00:25,29062021125442,29-Jun-2021 12:55:07,-,False,,,104972253,,INE726G01019,ICICI Prudential Life Insurance Company Limited,2021-06-29 12:54:42,ICICIPRULI
28-Jun-2021 19:23:26,,https://nsearchives.nseindia.com/corporate/ICICIPRULI_28062021192326_SE_Intimation_June_28_2021_signed.pdf,ICICI Prudential Life Insurance Company Limited has informed the Exchange regarding Allotment of 51390  Shares.,,,ESOP/ESOS/ESPS,00:00:08,28062021192326,28-Jun-2021 19:23:34,-,False,,,104970867,,INE726G01019,ICICI Prudential Life Insurance Company Limited,2021-06-28 19:23:26,ICICIPRULI
26-Jun-2021 16:49:35,,https://nsearchives.nseindia.com/corporate/ICICIPRULI_26062021164935_SE_intimation_Proceedings_VR_SR_Signed.pdf,"ICICI Prudential Life Insurance Company Limited has informed the Exchange regarding Proceedings of Annual General Meeting held on Jun 25, 2021. Further, the company has submitted the Exchange a copy of Srutinizers report along with voting results.",,,Shareholders meeting,00:00:10,26062021164935,26-Jun-2021 16:49:45,-,False,,,104969153,,INE726G01019,ICICI Prudential Life Insurance Company Limited,2021-06-26 16:49:35,ICICIPRULI
24-Jun-2021 15:35:50,,https://nsearchives.nseindia.com/corporate/ICICIPRULI_24062021153550_SE_Investor_Meet_June_23_2021_second_signed.pdf,ICICI Prudential Life Insurance Company Limited has informed the Exchange about Analysts/Institutional Investor Meet/Con. Call Updates,,,Analysts/Institutional Investor Meet/Con. Call Updates,00:00:08,24062021153550,24-Jun-2021 15:35:58,-,False,,,104965907,,INE726G01019,ICICI Prudential Life Insurance Company Limited,2021-06-24 15:35:50,ICICIPRULI
23-Jun-2021 20:11:38,,https://nsearchives.nseindia.com/corporate/ICICIPRULI_23062021201138_SE_Investor_Meet_June_23_2021_signed.pdf,ICICI Prudential Life Insurance Company Limited has informed the Exchange about Analysts/Institutional Investor Meet/Con. Call Updates,,,Analysts/Institutional Investor Meet/Con. Call Updates,00:00:08,23062021201138,23-Jun-2021 20:11:46,-,False,,,104964308,,INE726G01019,ICICI Prudential Life Insurance Company Limited,2021-06-23 20:11:38,ICICIPRULI
22-Jun-2021 20:43:15,,https://nsearchives.nseindia.com/corporate/ICICIPRULI_22062021204315_SE_Investor_Meet_June_22_2021_signed.pdf,ICICI Prudential Life Insurance Company Limited has informed the Exchange about Analysts/Institutional Investor Meet/Con. Call Updates,,,Analysts/Institutional Investor Meet/Con. Call Updates,00:00:03,22062021204315,22-Jun-2021 20:43:18,-,False,,,104962329,,INE726G01019,ICICI Prudential Life Insurance Company Limited,2021-06-22 20:43:15,ICICIPRULI
21-Jun-2021 21:46:58,,https://nsearchives.nseindia.com/corporate/ICICIPRULI_21062021214658_SE_Investor_Meet_June_21_2021_signed.pdf,ICICI Prudential Life Insurance Company Limited has informed the Exchange about Analysts/Institutional Investor Meet/Con. Call Updates,,,Analysts/Institutional Investor Meet/Con. Call Updates,00:00:07,21062021214658,21-Jun-2021 21:47:05,-,False,,,104960384,,INE726G01019,ICICI Prudential Life Insurance Company Limited,2021-06-21 21:46:58,ICICIPRULI
17-Jun-2021 21:23:00,,https://nsearchives.nseindia.com/corporate/ICICIPRULI_17062021212300_SE_Intimation_June_17_2021_signed.pdf,ICICI Prudential Life Insurance Company Limited has informed the Exchange regarding Allotment of 29550  Shares.,,,ESOP/ESOS/ESPS,00:00:07,17062021212300,17-Jun-2021 21:23:07,-,False,,,104955817,,INE726G01019,ICICI Prudential Life Insurance Company Limited,2021-06-17 21:23:00,ICICIPRULI
17-Jun-2021 12:04:09,,https://nsearchives.nseindia.com/corporate/ICICIPRULI_17062021120409_SE_Investor_Meet_June_16_2021_signed.pdf,ICICI Prudential Life Insurance Company Limited has informed the Exchange about Analysts/Institutional Investor Meet/Con. Call Updates,,,Analysts/Institutional Investor Meet/Con. Call Updates,00:00:06,17062021120409,17-Jun-2021 12:04:15,-,False,,,104954977,,INE726G01019,ICICI Prudential Life Insurance Company Limited,2021-06-17 12:04:09,ICICIPRULI
15-Jun-2021 20:44:53,,https://nsearchives.nseindia.com/corporate/ICICIPRULI_15062021204453_SE_Investor_Meet_June_15_2021_signed.pdf,ICICI Prudential Life Insurance Company Limited has informed the Exchange about Analysts/Institutional Investor Meet/Con. Call Updates,,,Analysts/Institutional Investor Meet/Con. Call Updates,00:00:06,15062021204453,15-Jun-2021 20:44:59,-,False,,,104951907,,INE726G01019,ICICI Prudential Life Insurance Company Limited,2021-06-15 20:44:53,ICICIPRULI
11-Jun-2021 10:14:55,,https://nsearchives.nseindia.com/corporate/ICICIPRULI_11062021101455_SE_Investor_Meet_June_10_2021_signed.pdf,ICICI Prudential Life Insurance Company Limited has informed the Exchange about Analysts/Institutional Investor Meet/Con. Call Updates,,,Analysts/Institutional Investor Meet/Con. Call Updates,00:00:13,11062021101455,11-Jun-2021 10:15:08,-,False,,,104946880,,INE726G01019,ICICI Prudential Life Insurance Company Limited,2021-06-11 10:14:55,ICICIPRULI
09-Jun-2021 20:37:08,,https://nsearchives.nseindia.com/corporate/ICICIPRULI_09062021203708_SE_Investor_Meet_June_9_2021_signed.pdf,ICICI Prudential Life Insurance Company Limited has informed the Exchange about Analysts/Institutional Investor Meet/Con. Call Updates,,,Analysts/Institutional Investor Meet/Con. Call Updates,00:00:04,09062021203708,09-Jun-2021 20:37:12,-,False,,,104943387,,INE726G01019,ICICI Prudential Life Insurance Company Limited,2021-06-09 20:37:08,ICICIPRULI
09-Jun-2021 15:18:58,,https://nsearchives.nseindia.com/corporate/ICICIPRULI_09062021151858_SE_Investor_Meet_June_9_2021_signed.pdf,ICICI Prudential Life Insurance Company Limited has informed the Exchange about Analysts/Institutional Investor Meet/Con. Call Updates,,,Analysts/Institutional Investor Meet/Con. Call Updates,00:00:06,09062021151858,09-Jun-2021 15:19:04,-,False,,,104943192,,INE726G01019,ICICI Prudential Life Insurance Company Limited,2021-06-09 15:18:58,ICICIPRULI
07-Jun-2021 20:32:42,,https://nsearchives.nseindia.com/corporate/ICICIPRULI_07062021203242_SE_monthly_business_presentation_June_2021_signed.pdf,ICICI Prudential Life Insurance Company Limited has informed the Exchange about Investor Presentation,,,Investor Presentation,00:00:05,07062021203242,07-Jun-2021 20:32:47,-,False,,,104939552,,INE726G01019,ICICI Prudential Life Insurance Company Limited,2021-06-07 20:32:42,ICICIPRULI
07-Jun-2021 20:17:29,,https://nsearchives.nseindia.com/corporate/ICICIPRULI_07062021201729_SE_Intimation_June_7_2021_signed.pdf,ICICI Prudential Life Insurance Company Limited has informed the Exchange regarding Allotment of  79940  Shares.,,,ESOP/ESOS/ESPS,00:00:08,07062021201729,07-Jun-2021 20:17:37,-,False,,,104939545,,INE726G01019,ICICI Prudential Life Insurance Company Limited,2021-06-07 20:17:29,ICICIPRULI
03-Jun-2021 18:41:22,,https://nsearchives.nseindia.com/corporate/ICICIPRULI_03062021184121_SE_Intimation_Newspaper_publication_June_3_2021_signed_combined.pdf,ICICI Prudential Life Insurance Company Limited has informed the Exchange about Copy of Newspaper Publication,,,Copy of Newspaper Publication,00:00:04,03062021184122,03-Jun-2021 18:41:26,-,False,,,104935226,,INE726G01019,ICICI Prudential Life Insurance Company Limited,2021-06-03 18:41:22,ICICIPRULI
02-Jun-2021 20:32:55,,https://nsearchives.nseindia.com/corporate/ICICIPRULI_02062021203255_SE_Investor_Meet_June_2_2021_signed.pdf,ICICI Prudential Life Insurance Company Limited has informed the Exchange about Analysts/Institutional Investor Meet/Con. Call Updates,,,Analysts/Institutional Investor Meet/Con. Call Updates,00:00:07,02062021203255,02-Jun-2021 20:33:02,-,False,,,104933416,,INE726G01019,ICICI Prudential Life Insurance Company Limited,2021-06-02 20:32:55,ICICIPRULI
01-Jun-2021 20:02:32,,https://nsearchives.nseindia.com/corporate/ICICIPRULI_01062021200232_SE_Investor_Meet_June_1_2021_signed.pdf,ICICI Prudential Life Insurance Company Limited has informed the Exchange about Analysts/Institutional Investor Meet/Con. Call Updates,,,Analysts/Institutional Investor Meet/Con. Call Updates,00:00:10,01062021200232,01-Jun-2021 20:02:42,-,False,,,104931510,,INE726G01019,ICICI Prudential Life Insurance Company Limited,2021-06-01 20:02:32,ICICIPRULI
01-Jun-2021 13:15:04,,https://nsearchives.nseindia.com/corporate/ICICIPRULI_01062021131504_Intimation_NSE.pdf,ICICI Prudential Life Insurance Company Limited has informed the Exchange that Register of Members & Share Transfer Books of the Company will remain closed from 18-Jun-2021 to 25-Jun-2021 for the purpose of Dividend.,,,Book Closure,00:00:17,01062021131504,01-Jun-2021 13:15:21,-,False,,,104931254,,INE726G01019,ICICI Prudential Life Insurance Company Limited,2021-06-01 13:15:04,ICICIPRULI
28-May-2021 21:57:01,,https://nsearchives.nseindia.com/corporate/ICICIPRULI_28052021215701_SE_Investor_Meet_May_28_2021_signed.pdf,ICICI Prudential Life Insurance Company Limited has informed the Exchange about Analysts/Institutional Investor Meet/Con. Call Updates,,,Analysts/Institutional Investor Meet/Con. Call Updates,00:00:16,28052021215701,28-May-2021 21:57:17,-,False,,,104927120,,INE726G01019,ICICI Prudential Life Insurance Company Limited,2021-05-28 21:57:01,ICICIPRULI
28-May-2021 18:52:05,,https://nsearchives.nseindia.com/corporate/ICICIPRULI_28052021185205_Record_Date_Intimation_Signed.pdf,ICICI Prudential Life Insurance Company Limited has informed the Exchange that Record date for the purpose of Dividend  is 18-Jun-2021.,,,Record Date,00:00:12,28052021185205,28-May-2021 18:52:17,-,False,,,104927033,,INE726G01019,ICICI Prudential Life Insurance Company Limited,2021-05-28 18:52:05,ICICIPRULI
28-May-2021 18:17:09,,https://nsearchives.nseindia.com/corporate/ICICIPRULI_28052021181709_SE_Intimation_of_Date_of_AGM_May_28_2021_final.pdf,"ICICI Prudential Life Insurance Company Limited has informed the Exchange regarding Notice of Annual General Meeting to be held on Jun 25, 2021",,,Shareholders meeting,00:00:07,28052021181709,28-May-2021 18:17:16,-,False,,,104927004,,INE726G01019,ICICI Prudential Life Insurance Company Limited,2021-05-28 18:17:09,ICICIPRULI
28-May-2021 12:45:14,,https://nsearchives.nseindia.com/corporate/ICICIPRULI_28052021124514_SE_Investor_Calls_May_27_2021_signed.pdf,ICICI Prudential Life Insurance Company Limited has informed the Exchange about Analysts/Institutional Investor Meet/Con. Call Updates,,,Analysts/Institutional Investor Meet/Con. Call Updates,00:00:08,28052021124514,28-May-2021 12:45:22,-,False,,,104926766,,INE726G01019,ICICI Prudential Life Insurance Company Limited,2021-05-28 12:45:14,ICICIPRULI
28-May-2021 11:09:20,,https://nsearchives.nseindia.com/corporate/ICICIPRULI_28052021110920_ICICPrudential_ivestorpresent_28052021.pdf,ICICI Prudential Life Insurance Company Limited has informed the Exchange about Investor Presentation,,,Investor Presentation,00:17:09,28052021110920,28-May-2021 11:26:29,-,False,,,104926168,,INE726G01019,ICICI Prudential Life Insurance Company Limited,2021-05-28 11:09:20,ICICIPRULI
27-May-2021 17:12:34,,https://nsearchives.nseindia.com/corporate/ICICIPRULI_27052021171234_SE_Intimation_Newspaper_publication_May_27_2021_signed_.pdf,ICICI Prudential Life Insurance Company Limited has informed the Exchange about Copy of Newspaper Publication,,,Copy of Newspaper Publication,00:00:07,27052021171234,27-May-2021 17:12:41,-,False,,,104924950,,INE726G01019,ICICI Prudential Life Insurance Company Limited,2021-05-27 17:12:34,ICICIPRULI
26-May-2021 20:32:28,,https://nsearchives.nseindia.com/corporate/ICICIPRULI_26052021203228_SE_Intimation_May_26_2021_signed.pdf,ICICI Prudential Life Insurance Company Limited has informed the Exchange regarding Allotment of 179015  Shares.,,,ESOP/ESOS/ESPS,00:00:06,26052021203228,26-May-2021 20:32:34,-,False,,,104923891,,INE726G01019,ICICI Prudential Life Insurance Company Limited,2021-05-26 20:32:28,ICICIPRULI
26-May-2021 16:29:13,,https://nsearchives.nseindia.com/corporate/ICICIPRULI_26052021162913_SE_Invesor_Calls_May_25_2021_signed.pdf,ICICI Prudential Life Insurance Company Limited has informed the Exchange about Analysts/Institutional Investor Meet/Con. Call Updates,,,Analysts/Institutional Investor Meet/Con. Call Updates,00:00:07,26052021162913,26-May-2021 16:29:20,-,False,,,104923698,,INE726G01019,ICICI Prudential Life Insurance Company Limited,2021-05-26 16:29:13,ICICIPRULI
25-May-2021 19:19:05,,https://nsearchives.nseindia.com/corporate/ICICIPRULI_25052021191905_SE_Investor_Calls_May_25_2021_signed.pdf,ICICI Prudential Life Insurance Company Limited has informed the Exchange about Analysts/Institutional Investor Meet/Con. Call Updates,,,Analysts/Institutional Investor Meet/Con. Call Updates,00:00:10,25052021191905,25-May-2021 19:19:15,-,False,,,104921884,,INE726G01019,ICICI Prudential Life Insurance Company Limited,2021-05-25 19:19:05,ICICIPRULI
25-May-2021 13:24:31,,https://nsearchives.nseindia.com/corporate/ICICIPRULI_25052021132431_SE_Investor_Meet_May_24_2021_signed.pdf,ICICI Prudential Life Insurance Company Limited has informed the Exchange about Analysts/Institutional Investor Meet/Con. Call Updates,,,Analysts/Institutional Investor Meet/Con. Call Updates,00:00:07,25052021132431,25-May-2021 13:24:38,-,False,,,104921314,,INE726G01019,ICICI Prudential Life Insurance Company Limited,2021-05-25 13:24:31,ICICIPRULI
21-May-2021 20:10:14,,https://nsearchives.nseindia.com/corporate/ICICIPRULI_21052021201014_SE_Investor_Meet_May_21_2021_signed.pdf,ICICI Prudential Life Insurance Company Limited has informed the Exchange about Analysts/Institutional Investor Meet/Con. Call Updates,,,Analysts/Institutional Investor Meet/Con. Call Updates,00:00:19,21052021201014,21-May-2021 20:10:33,-,False,,,104917237,,INE726G01019,ICICI Prudential Life Insurance Company Limited,2021-05-21 20:10:14,ICICIPRULI
20-May-2021 20:30:06,,https://nsearchives.nseindia.com/corporate/ICICIPRULI_20052021203006_SE_Investor_Meet_May_20_2021_signed.pdf,ICICI Prudential Life Insurance Company Limited has informed the Exchange about Analysts/Institutional Investor Meet/Con. Call Updates,,,Analysts/Institutional Investor Meet/Con. Call Updates,00:00:15,20052021203006,20-May-2021 20:30:21,-,False,,,104915164,,INE726G01019,ICICI Prudential Life Insurance Company Limited,2021-05-20 20:30:06,ICICIPRULI
19-May-2021 21:16:00,,https://nsearchives.nseindia.com/corporate/ICICIPRULI_19052021211600_SE_Investor_Meet_May_19_2021_signed.pdf,ICICI Prudential Life Insurance Company Limited has informed the Exchange about Analysts/Institutional Investor Meet/Con. Call Updates,,,Analysts/Institutional Investor Meet/Con. Call Updates,00:00:13,19052021211600,19-May-2021 21:16:13,-,False,,,104913171,,INE726G01019,ICICI Prudential Life Insurance Company Limited,2021-05-19 21:16:00,ICICIPRULI
18-May-2021 20:08:15,,https://nsearchives.nseindia.com/corporate/ICICIPRULI_18052021200815_SE_Investor_Meet_May_18_2021_signed.pdf,ICICI Prudential Life Insurance Company Limited has informed the Exchange about Analysts/Institutional Investor Meet/Con. Call Updates,,,Analysts/Institutional Investor Meet/Con. Call Updates,00:00:14,18052021200815,18-May-2021 20:08:29,-,False,,,104911220,,INE726G01019,ICICI Prudential Life Insurance Company Limited,2021-05-18 20:08:15,ICICIPRULI
18-May-2021 08:42:07,,https://nsearchives.nseindia.com/corporate/ICICIPRULI_18052021084207_SE_Intimation_May_17_2021_signed.pdf,ICICI Prudential Life Insurance Company Limited has informed the Exchange regarding allotment of  128880 Equity Shares under ESOP,,,Allotment of ESOP/ESPS,00:00:04,18052021084207,18-May-2021 08:42:11,-,False,,,104910247,,INE726G01019,ICICI Prudential Life Insurance Company Limited,2021-05-18 08:42:07,ICICIPRULI
14-May-2021 11:59:22,,https://nsearchives.nseindia.com/corporate/ICICIPRULI_14052021115922_SE_Invesor_Calls_May_13_2021_signed.pdf,ICICI Prudential Life Insurance Company Limited has informed the Exchange about Analysts/Institutional Investor Meet/Con. Call Updates,,,Analysts/Institutional Investor Meet/Con. Call Updates,00:00:09,14052021115922,14-May-2021 11:59:31,-,False,,,104906642,,INE726G01019,ICICI Prudential Life Insurance Company Limited,2021-05-14 11:59:22,ICICIPRULI
12-May-2021 19:38:10,,https://nsearchives.nseindia.com/corporate/ICICIPRULI_12052021193810_RPT.pdf,"ICICI Prudential Life Insurance Company Limited has informed the Exchange about related Party Transactions for the year ended March 31, 2021.",,,Related Party Transactions,00:00:09,12052021193810,12-May-2021 19:38:19,-,False,,,104904770,,INE726G01019,ICICI Prudential Life Insurance Company Limited,2021-05-12 19:38:10,ICICIPRULI
12-May-2021 17:41:50,,https://nsearchives.nseindia.com/corporate/ICICIPRULI_12052021174150_SE_Investor_Calls_May_11_2021_new_signed.pdf,ICICI Prudential Life Insurance Company Limited has informed the Exchange about Analysts/Institutional Investor Meet/Con. Call Updates,,,Analysts/Institutional Investor Meet/Con. Call Updates,00:00:05,12052021174150,12-May-2021 17:41:55,-,False,,,104904690,,INE726G01019,ICICI Prudential Life Insurance Company Limited,2021-05-12 17:41:50,ICICIPRULI
11-May-2021 18:55:51,,https://nsearchives.nseindia.com/corporate/ICICIPRULI_11052021185551_SE_Investor_Meet_May_11_2021_signed.pdf,ICICI Prudential Life Insurance Company Limited has informed the Exchange about Analysts/Institutional Investor Meet/Con. Call Updates,,,Analysts/Institutional Investor Meet/Con. Call Updates,00:00:06,11052021185551,11-May-2021 18:55:57,-,False,,,104903005,,INE726G01019,ICICI Prudential Life Insurance Company Limited,2021-05-11 18:55:51,ICICIPRULI
10-May-2021 20:00:19,,https://nsearchives.nseindia.com/corporate/ICICIPRULI_10052021200019_SE_Investor_Meet_May_10_2021_signed.pdf,ICICI Prudential Life Insurance Company Limited has informed the Exchange about Analysts/Institutional Investor Meet/Con. Call Updates,,,Analysts/Institutional Investor Meet/Con. Call Updates,00:00:13,10052021200019,10-May-2021 20:00:32,-,False,,,104901163,,INE726G01019,ICICI Prudential Life Insurance Company Limited,2021-05-10 20:00:19,ICICIPRULI
07-May-2021 16:53:17,,https://nsearchives.nseindia.com/corporate/ICICIPRULI_07052021165317_SE_Investor_Calls_May_07_2021_signed.pdf,ICICI Prudential Life Insurance Company Limited has informed the Exchange about Analysts/Institutional Investor Meet/Con. Call Updates,,,Analysts/Institutional Investor Meet/Con. Call Updates,00:00:05,07052021165317,07-May-2021 16:53:22,-,False,,,104898767,,INE726G01019,ICICI Prudential Life Insurance Company Limited,2021-05-07 16:53:17,ICICIPRULI
07-May-2021 16:46:59,,https://nsearchives.nseindia.com/corporate/ICICIPRULI_07052021164659_SE_monthly_business_presentation_April_2021_signed_combined.pdf,ICICI Prudential Life Insurance Company Limited has informed the Exchange about Investor Presentation,,,Investor Presentation,00:00:17,07052021164659,07-May-2021 16:47:16,-,False,,,104898763,,INE726G01019,ICICI Prudential Life Insurance Company Limited,2021-05-07 16:46:59,ICICIPRULI
06-May-2021 20:02:31,,https://nsearchives.nseindia.com/corporate/ICICIPRULI_06052021200231_SE_Investor_Meet_May_6_2021_signed.pdf,ICICI Prudential Life Insurance Company Limited has informed the Exchange about Analysts/Institutional Investor Meet/Con. Call Updates,,,Analysts/Institutional Investor Meet/Con. Call Updates,00:00:09,06052021200231,06-May-2021 20:02:40,-,False,,,104896934,,INE726G01019,ICICI Prudential Life Insurance Company Limited,2021-05-06 20:02:31,ICICIPRULI
06-May-2021 19:42:11,,https://nsearchives.nseindia.com/corporate/ICICIPRULI_06052021194211_SE_Intimation_May_6_2021.pdf,ICICI Prudential Life Insurance Company Limited has informed the Exchange regarding Allotment of 88450  Shares.,,,ESOP/ESOS/ESPS,00:00:09,06052021194211,06-May-2021 19:42:20,-,False,,,104896930,,INE726G01019,ICICI Prudential Life Insurance Company Limited,2021-05-06 19:42:11,ICICIPRULI
05-May-2021 19:56:51,,https://nsearchives.nseindia.com/corporate/ICICIPRULI_05052021195651_SE_Investor_Meet_May_5_2021_signed.pdf,ICICI Prudential Life Insurance Company Limited has informed the Exchange about Analysts/Institutional Investor Meet/Con. Call Updates,,,Analysts/Institutional Investor Meet/Con. Call Updates,00:00:11,05052021195651,05-May-2021 19:57:02,-,False,,,104895032,,INE726G01019,ICICI Prudential Life Insurance Company Limited,2021-05-05 19:56:51,ICICIPRULI
04-May-2021 15:00:08,,https://nsearchives.nseindia.com/corporate/ICICIPRULI_04052021150008_SE_Investor_Calls_May_04_2021_signed.pdf,ICICI Prudential Life Insurance Company Limited has informed the Exchange about Analysts/Institutional Investor Meet/Con. Call Updates,,,Analysts/Institutional Investor Meet/Con. Call Updates,00:01:25,04052021150008,04-May-2021 15:01:33,-,False,,,104892965,,INE726G01019,ICICI Prudential Life Insurance Company Limited,2021-05-04 15:00:08,ICICIPRULI
03-May-2021 20:31:51,,https://nsearchives.nseindia.com/corporate/ICICIPRULI_03052021203151_SE_Investor_Calls_May_03_2021_signed.pdf,ICICI Prudential Life Insurance Company Limited has informed the Exchange about Analysts/Institutional Investor Meet/Con. Call Updates,,,Analysts/Institutional Investor Meet/Con. Call Updates,00:00:07,03052021203151,03-May-2021 20:31:58,-,False,,,104891249,,INE726G01019,ICICI Prudential Life Insurance Company Limited,2021-05-03 20:31:51,ICICIPRULI
30-Apr-2021 19:47:48,,https://nsearchives.nseindia.com/corporate/ICICIPRULI_30042021194748_SE_Investor_Calls_April_30_2021_signed_new.pdf,ICICI Prudential Life Insurance Company Limited has informed the Exchange about Analysts/Institutional Investor Meet/Con. Call Updates,,,Analysts/Institutional Investor Meet/Con. Call Updates,00:00:08,30042021194748,30-Apr-2021 19:47:56,-,False,,,104888900,,INE726G01019,ICICI Prudential Life Insurance Company Limited,2021-04-30 19:47:48,ICICIPRULI
30-Apr-2021 16:15:20,,https://nsearchives.nseindia.com/corporate/ICICIPRULI_30042021161520_SE_investor_calls_april_30_2021_signed.pdf,ICICI Prudential Life Insurance Company Limited has informed the Exchange about Analysts/Institutional Investor Meet/Con. Call Updates,,,Analysts/Institutional Investor Meet/Con. Call Updates,00:00:07,30042021161520,30-Apr-2021 16:15:27,-,False,,,104888730,,INE726G01019,ICICI Prudential Life Insurance Company Limited,2021-04-30 16:15:20,ICICIPRULI
29-Apr-2021 14:47:37,,https://nsearchives.nseindia.com/corporate/ICICIPRULI_29042021144737_SE_Investor_Calls_April_29_2021_signed.pdf,ICICI Prudential Life Insurance Company Limited has informed the Exchange about Analysts/Institutional Investor Meet/Con. Call Updates,,,Analysts/Institutional Investor Meet/Con. Call Updates,00:00:08,29042021144737,29-Apr-2021 14:47:45,-,False,,,104886572,,INE726G01019,ICICI Prudential Life Insurance Company Limited,2021-04-29 14:47:37,ICICIPRULI
27-Apr-2021 21:01:59,,https://nsearchives.nseindia.com/corporate/ICICIPRULI_27042021210159_SE_Investor_Calls_April_27_2021_signed.pdf,ICICI Prudential Life Insurance Company Limited has informed the Exchange about Analysts/Institutional Investor Meet/Con. Call Updates,,,Analysts/Institutional Investor Meet/Con. Call Updates,00:00:14,27042021210159,27-Apr-2021 21:02:13,-,False,,,104882656,,INE726G01019,ICICI Prudential Life Insurance Company Limited,2021-04-27 21:01:59,ICICIPRULI
26-Apr-2021 21:07:19,,https://nsearchives.nseindia.com/corporate/ICICIPRULI_26042021210719_SE_Intimation_April_26_2021_signed.pdf,ICICI Prudential Life Insurance Company Limited has informed the Exchange regarding Allotment of 27500  Shares.,,,ESOP/ESOS/ESPS,00:00:11,26042021210719,26-Apr-2021 21:07:30,-,False,,,104880542,,INE726G01019,ICICI Prudential Life Insurance Company Limited,2021-04-26 21:07:19,ICICIPRULI
26-Apr-2021 20:57:53,,https://nsearchives.nseindia.com/corporate/ICICIPRULI_26042021205753_SE_Investor_Calls_April_26_2021_signed.pdf,ICICI Prudential Life Insurance Company Limited has informed the Exchange about Analysts/Institutional Investor Meet/Con. Call Updates,,,Analysts/Institutional Investor Meet/Con. Call Updates,00:00:14,26042021205753,26-Apr-2021 20:58:07,-,False,,,104880522,,INE726G01019,ICICI Prudential Life Insurance Company Limited,2021-04-26 20:57:53,ICICIPRULI
22-Apr-2021 17:41:30,,https://nsearchives.nseindia.com/corporate/ICICIPRULI_22042021174130_Copy_of_newspaper_publication.pdf,"Please find enclosed herewith a copy of the extracts of the newspapers, namely, the Financial Express and the Loksatta, where the audited financial statements and financial results (standalone and consolidated), for the quarter and year ended March 31, 2021, were published.",,,Copy of Newspaper Publication,00:00:05,22042021174130,22-Apr-2021 17:41:35,-,False,,,104875594,,INE726G01019,ICICI Prudential Life Insurance Company Limited,2021-04-22 17:41:30,ICICIPRULI
22-Apr-2021 04:14:43,,https://nsearchives.nseindia.com/corporate/ICICIPRULI_22042021041443_PCHL_20042021213350.zip,"Promoter/Member of the Promoter Group of the Company has informed the Exchange regarding disclosure under Regulation 30 and Regulation 31(4) of SEBI SAST Regulations 2011 as on March 31, 2021",,,Disclosure under SEBI Takeover Regulations,00:00:06,22042021041443,22-Apr-2021 04:14:49,-,False,,,104873169,,INE726G01019,ICICI Prudential Life Insurance Company Limited,2021-04-22 04:14:43,ICICIPRULI
19-Apr-2021 20:21:44,,https://nsearchives.nseindia.com/corporate/ICICIPRULI_19042021202144_SE_intimation_Code_PIT_.pdf,"ICICI Prudential Life Insurance Company Limited has informed the Exchange regarding 'Intimation under Regulation 8(2) of the SEBI (Prohibition of Insider Trading) Regulations, 2015'.",,,Updates,00:00:07,19042021202144,19-Apr-2021 20:21:51,-,False,,,104870898,,INE726G01019,ICICI Prudential Life Insurance Company Limited,2021-04-19 20:21:44,ICICIPRULI
19-Apr-2021 19:07:20,,https://nsearchives.nseindia.com/corporate/ICICIPRULI_19042021190720_SE_Outcome.pdf,ICICI Prudential Life Insurance Company Limited has informed the Exchange regarding 'Re-Appointment Of An Independent Director Of ICICI Prudential Life Insurance Company Limited'.,,,Updates,00:00:05,19042021190720,19-Apr-2021 19:07:25,-,False,,,104870851,,INE726G01019,ICICI Prudential Life Insurance Company Limited,2021-04-19 19:07:20,ICICIPRULI
19-Apr-2021 18:47:48,,https://nsearchives.nseindia.com/corporate/ICICIPRULI_19042021184748_SE_Earnings_Calls_April_19_2021_combined.pdf,ICICI Prudential Life Insurance Company Limited has informed the Exchange about Investor Presentation,,,Investor Presentation,00:00:04,19042021184748,19-Apr-2021 18:47:52,-,False,,,104870835,,INE726G01019,ICICI Prudential Life Insurance Company Limited,2021-04-19 18:47:48,ICICIPRULI
19-Apr-2021 18:44:46,,https://nsearchives.nseindia.com/corporate/ICICIPRULI_19042021184446_SE_Outcome.pdf,"��ICICI Prudential Life Insurance Company Limited has informed the Exchange that Board of Directors at their meeting held on April 19, 2021, recommended final Dividend of Rs. 2 per equity share.",,,Dividend Updates,00:00:04,19042021184446,19-Apr-2021 18:44:50,-,False,,,104870832,,INE726G01019,ICICI Prudential Life Insurance Company Limited,2021-04-19 18:44:46,ICICIPRULI
19-Apr-2021 18:38:52,,https://nsearchives.nseindia.com/corporate/SEBI_Results_Q4_FY21.pdf,"ICICI Prudential Life Insurance Company Limited has submitted to the Exchange, the financial results for the period ended March 31, 2021.",,,Financial Result Updates,00:01:14,19042021183852,19-Apr-2021 18:40:06,-,False,,,140731,,INE726G01019,ICICI Prudential Life Insurance Company Limited,2021-04-19 18:38:52,ICICIPRULI
19-Apr-2021 18:32:36,,https://nsearchives.nseindia.com/corporate/ICICIPRULI_19042021183236_SE_Outcome.pdf,"��ICICI Prudential Life Insurance Company Limited has informed the Exchange that Board of Directors at their meeting held on April 19, 2021, has inter alia approved the following: 1) Audited financial statements��(standalone and consolidated)��and financial results (standalone and consolidated) for the quarter and year ended March 31, 2021.�� 2) Recommendation of final dividend of Rs. 2 per equity share of face value of Rs. 10 each. 3) The re-appointment of Mr. Dilip Karnik (DIN: 06419513) as an Independent (Additional) Director of the Company, for another term of five consecutive years.",,,Dividend,00:00:05,19042021183236,19-Apr-2021 18:32:41,-,False,,,104870825,,INE726G01019,ICICI Prudential Life Insurance Company Limited,2021-04-19 18:32:36,ICICIPRULI
16-Apr-2021 18:38:14,,https://nsearchives.nseindia.com/corporate/ICICIPRULI_16042021183814_SIGMA5.pdf,"Promoter/Member of the Promoter Group of the Company has informed the Exchange regarding disclosure under Regulation 31(4) of SEBI SAST Regulations, 2011 as on March 31, 2021",,,Disclosure under SEBI Takeover Regulations,00:00:04,16042021183814,16-Apr-2021 18:38:18,-,False,,,104867796,,INE726G01019,ICICI Prudential Life Insurance Company Limited,2021-04-16 18:38:14,ICICIPRULI
16-Apr-2021 18:22:48,,https://nsearchives.nseindia.com/corporate/ICICIPRULI_16042021182248_SIGMA8.pdf,"Promoter/Member of the Promoter Group of the Company has informed the Exchange regarding disclosure under Regulation 30 of SEBI SAST Regulations, 2011 as on March 31, 2021",,,Disclosure under SEBI Takeover Regulations,00:00:05,16042021182248,16-Apr-2021 18:22:53,-,False,,,104867798,,INE726G01019,ICICI Prudential Life Insurance Company Limited,2021-04-16 18:22:48,ICICIPRULI
14-Apr-2021 20:32:32,,https://nsearchives.nseindia.com/corporate/ICICIPRULI_14042021203232_SE_Earnings_Calls_April_14_2021_signed.pdf,ICICI Prudential Life Insurance Company Limited has informed the Exchange about Analysts/Institutional Investor Meet/Con. Call Updates,,,Analysts/Institutional Investor Meet/Con. Call Updates,00:00:04,14042021203232,14-Apr-2021 20:32:36,-,False,,,104864462,,INE726G01019,ICICI Prudential Life Insurance Company Limited,2021-04-14 20:32:32,ICICIPRULI
12-Apr-2021 21:39:35,,https://nsearchives.nseindia.com/corporate/ICICIPRULI_12042021213935_SE_Intimation_April_12_2021_signed.pdf,ICICI Prudential Life Insurance Company Limited has informed the Exchange regarding Allotment of 14680  Shares.,,,ESOP/ESOS/ESPS,00:00:05,12042021213935,12-Apr-2021 21:39:40,-,False,,,104861636,,INE726G01019,ICICI Prudential Life Insurance Company Limited,2021-04-12 21:39:35,ICICIPRULI
12-Apr-2021 17:04:07,,https://nsearchives.nseindia.com/corporate/ICICIPRULI_12042021170407_ICPL74_5_BSEandNSEMarch312021.pdf,"ICICI Prudential Life Insurance Company Limited has submitted Certificate under Regulation 74(5) of SEBI (Depositories and Participants) Regulations, 2018",,,"Certificate under SEBI (Depositories and Participants) Regulations, 2018",00:00:05,12042021170407,12-Apr-2021 17:04:12,-,False,,,104861090,,INE726G01019,ICICI Prudential Life Insurance Company Limited,2021-04-12 17:04:07,ICICIPRULI
09-Apr-2021 20:43:02,,https://nsearchives.nseindia.com/corporate/ICICIPRULI_09042021204302_SE_Intimation_April_9_2021_signed.pdf,ICICI Prudential Life Insurance Company Limited has informed the Exchange regarding Allotment of 15000  Shares.,,,ESOP/ESOS/ESPS,00:00:04,09042021204302,09-Apr-2021 20:43:06,-,False,,,104858675,,INE726G01019,ICICI Prudential Life Insurance Company Limited,2021-04-09 20:43:02,ICICIPRULI
06-Apr-2021 19:46:51,,https://nsearchives.nseindia.com/corporate/ICICIPRULI_06042021194651_SE_Intimation_Newspaper_publication_April_06_2021_signed.pdf,"ICICI Prudential Life Insurance Company Limited has informed the Exchange about Copy of Newspaper Publication published on April 06, 2021, in the two newspapers, namely, the Financial Express and Loksatta informing the public that the Board will, at its Meeting scheduled to be held on Monday, April 19, 2021, inter alia, consider approval of the audited standalone and consolidated financial statements of the Company for the year ended March 31, 2021 and financial results of the Company for the quarter and year ended March 31, 2021 and the recommendation of dividend, if any, for the financial year ended March 31, 2021.",,,Copy of Newspaper Publication,00:00:02,06042021194651,06-Apr-2021 19:46:53,-,False,,,104850542,,INE726G01019,ICICI Prudential Life Insurance Company Limited,2021-04-06 19:46:51,ICICIPRULI
31-Mar-2021 12:26:12,,https://nsearchives.nseindia.com/corporate/ICICIPRULI_31032021122612_SE_intimation_reg_30_March_31_2021_signed.pdf,"ICICI Prudential Life Insurance Company Limited has informed the Exchange regarding disclosure under Regulation 30 read with para A of part A of schedule III of the SEBI (Listing Obligations and Disclosure Requirements) Regulations, 2015",,,Acquisition,00:00:07,31032021122612,31-Mar-2021 12:26:19,-,False,,,104841399,,INE726G01019,ICICI Prudential Life Insurance Company Limited,2021-03-31 12:26:12,ICICIPRULI
26-Mar-2021 19:53:29,,https://nsearchives.nseindia.com/corporate/ICICIPRULI_26032021195329_SE_Intimation_Trading_window_closure_26032021_signed.pdf,"ICICI Prudential Life Insurance Company Limited has informed the Exchange regarding the Trading Window closure pursuant to SEBI (Prohibition of Insider Trading) Regulations, 2015",,,Trading Window,00:00:05,26032021195329,26-Mar-2021 19:53:34,-,False,,,104836626,,INE726G01019,ICICI Prudential Life Insurance Company Limited,2021-03-26 19:53:29,ICICIPRULI
26-Mar-2021 16:14:32,,https://nsearchives.nseindia.com/corporate/ICICIPRULI_26032021161432_SE_Intimation_Mar_26_2021_signed.pdf,ICICI Prudential Life Insurance Company Limited has informed the Exchange regarding Allotment of 9260 Shares.,,,ESOP/ESOS/ESPS,00:00:05,26032021161432,26-Mar-2021 16:14:37,-,False,,,104836442,,INE726G01019,ICICI Prudential Life Insurance Company Limited,2021-03-26 16:14:32,ICICIPRULI
24-Mar-2021 13:18:10,,https://nsearchives.nseindia.com/corporate/ICICIPRULI_24032021131810_SE_Investor_Calls_Mar_24_2021_signed.pdf,ICICI Prudential Life Insurance Company Limited has informed the Exchange about Analysts/Institutional Investor Meet/Con. Call Updates,,,Analysts/Institutional Investor Meet/Con. Call Updates,00:00:07,24032021131810,24-Mar-2021 13:18:17,-,False,,,104831590,,INE726G01019,ICICI Prudential Life Insurance Company Limited,2021-03-24 13:18:10,ICICIPRULI
22-Mar-2021 16:54:21,,https://nsearchives.nseindia.com/corporate/ICICIPRULI_22032021165421_SE_Investor_Calls_Mar_22_2021_signed.pdf,ICICI Prudential Life Insurance Company Limited has informed the Exchange about Analysts/Institutional Investor Meet/Con. Call Updates,,,Analysts/Institutional Investor Meet/Con. Call Updates,00:00:03,22032021165421,22-Mar-2021 16:54:24,-,False,,,104826963,,INE726G01019,ICICI Prudential Life Insurance Company Limited,2021-03-22 16:54:21,ICICIPRULI
19-Mar-2021 11:27:26,,https://nsearchives.nseindia.com/corporate/ICICIPRULI_19032021112726_SE_Investor_Calls_Mar_19_2021_signed.pdf,ICICI Prudential Life Insurance Company Limited has informed the Exchange about Analysts/Institutional Investor Meet/Con. Call Updates,,,Analysts/Institutional Investor Meet/Con. Call Updates,00:00:02,19032021112726,19-Mar-2021 11:27:28,-,False,,,104823601,,INE726G01019,ICICI Prudential Life Insurance Company Limited,2021-03-19 11:27:26,ICICIPRULI
18-Mar-2021 12:21:40,,https://nsearchives.nseindia.com/corporate/ICICIPRULI_18032021122140_SE_Investor_Calls_Mar_18_2021_signed.pdf,ICICI Prudential Life Insurance Company Limited has informed the Exchange about Analysts/Institutional Investor Meet/Con. Call Updates,,,Analysts/Institutional Investor Meet/Con. Call Updates,00:00:05,18032021122140,18-Mar-2021 12:21:45,-,False,,,104821812,,INE726G01019,ICICI Prudential Life Insurance Company Limited,2021-03-18 12:21:40,ICICIPRULI
17-Mar-2021 14:02:38,,https://nsearchives.nseindia.com/corporate/ICICIPRULI_17032021140238_SE_Investor_Calls_Mar_17_2021_signed.pdf,ICICI Prudential Life Insurance Company Limited has informed the Exchange about Analysts/Institutional Investor Meet/Con. Call Updates,,,Analysts/Institutional Investor Meet/Con. Call Updates,00:00:05,17032021140238,17-Mar-2021 14:02:43,-,False,,,104819293,,INE726G01019,ICICI Prudential Life Insurance Company Limited,2021-03-17 14:02:38,ICICIPRULI
16-Mar-2021 11:48:30,,https://nsearchives.nseindia.com/corporate/ICICIPRULI_16032021114830_SE_Investor_Calls_Mar_16_2021_signed.pdf,ICICI Prudential Life Insurance Company Limited has informed the Exchange about Analysts/Institutional Investor Meet/Con. Call Updates,,,Analysts/Institutional Investor Meet/Con. Call Updates,00:00:04,16032021114830,16-Mar-2021 11:48:34,-,False,,,104817124,,INE726G01019,ICICI Prudential Life Insurance Company Limited,2021-03-16 11:48:30,ICICIPRULI
08-Mar-2021 18:47:30,,https://nsearchives.nseindia.com/corporate/ICICIPRULI_08032021184730_SE_Investor_Calls_Mar_8_2021_signed.pdf,ICICI Prudential Life Insurance Company Limited has informed the Exchange about Analysts/Institutional Investor Meet/Con. Call Updates,,,Analysts/Institutional Investor Meet/Con. Call Updates,00:00:04,08032021184730,08-Mar-2021 18:47:34,-,False,,,104805481,,INE726G01019,ICICI Prudential Life Insurance Company Limited,2021-03-08 18:47:30,ICICIPRULI
08-Mar-2021 12:08:29,,https://nsearchives.nseindia.com/corporate/ICICIPRULI_08032021120828_SE_Investor_presentation_Mar_8_2021_combined_signed.pdf,ICICI Prudential Life Insurance Company Limited has informed the Exchange about Investor Presentation,,,Investor Presentation,00:00:04,08032021120829,08-Mar-2021 12:08:33,-,False,,,104805141,,INE726G01019,ICICI Prudential Life Insurance Company Limited,2021-03-08 12:08:29,ICICIPRULI
05-Mar-2021 20:44:58,,https://nsearchives.nseindia.com/corporate/ICICIPRULI_05032021204458_SE_Investor_Calls_Mar_5_2021_signed.pdf,ICICI Prudential Life Insurance Company Limited has informed the Exchange about Analysts/Institutional Investor Meet/Con. Call Updates,,,Analysts/Institutional Investor Meet/Con. Call Updates,00:00:03,05032021204458,05-Mar-2021 20:45:01,-,False,,,104802925,,INE726G01019,ICICI Prudential Life Insurance Company Limited,2021-03-05 20:44:58,ICICIPRULI
25-Feb-2021 14:39:38,,https://nsearchives.nseindia.com/corporate/ICICIPRULI_25022021143938_SE_Investor_Calls_Feb_25_2021.pdf,ICICI Prudential Life Insurance Company Limited has informed the Exchange about Analysts/Institutional Investor Meet/Con. Call Updates,,,Analysts/Institutional Investor Meet/Con. Call Updates,00:00:04,25022021143938,25-Feb-2021 14:39:42,-,False,,,104788031,,INE726G01019,ICICI Prudential Life Insurance Company Limited,2021-02-25 14:39:38,ICICIPRULI
23-Feb-2021 13:44:26,,https://nsearchives.nseindia.com/corporate/ICICIPRULI_23022021134426_SE_Investor_Calls_Feb_23_2021.pdf,ICICI Prudential Life Insurance Company Limited has informed the Exchange about Analysts/Institutional Investor Meet/Con. Call Updates,,,Analysts/Institutional Investor Meet/Con. Call Updates,00:00:05,23022021134426,23-Feb-2021 13:44:31,-,False,,,104784177,,INE726G01019,ICICI Prudential Life Insurance Company Limited,2021-02-23 13:44:26,ICICIPRULI
19-Feb-2021 19:29:34,,https://nsearchives.nseindia.com/corporate/ICICIPRULI_19022021192934_SE_Intimation_Feb_19_2021.pdf,ICICI Prudential Life Insurance Company Limited has informed the Exchange regarding Allotment of 6800  Shares.,,,ESOP/ESOS/ESPS,00:00:04,19022021192934,19-Feb-2021 19:29:38,-,False,,,104780460,,INE726G01019,ICICI Prudential Life Insurance Company Limited,2021-02-19 19:29:34,ICICIPRULI
18-Feb-2021 18:42:53,,https://nsearchives.nseindia.com/corporate/ICICIPRULI_18022021184253_SE_Investor_Calls_Feb_18_2021.pdf,ICICI Prudential Life Insurance Company Limited has informed the Exchange about Analysts/Institutional Investor Meet/Con. Call Updates,,,Analysts/Institutional Investor Meet/Con. Call Updates,00:00:04,18022021184253,18-Feb-2021 18:42:57,-,False,,,104778182,,INE726G01019,ICICI Prudential Life Insurance Company Limited,2021-02-18 18:42:53,ICICIPRULI
17-Feb-2021 18:44:02,,https://nsearchives.nseindia.com/corporate/ICICIPRULI_17022021184401_SE_Investor_Calls_Feb_17_2021.pdf,ICICI Prudential Life Insurance Company Limited has informed the Exchange about Analysts/Institutional Investor Meet/Con. Call Updates,,,Analysts/Institutional Investor Meet/Con. Call Updates,00:00:07,17022021184402,17-Feb-2021 18:44:09,-,False,,,104775903,,INE726G01019,ICICI Prudential Life Insurance Company Limited,2021-02-17 18:44:02,ICICIPRULI
12-Feb-2021 19:41:50,,https://nsearchives.nseindia.com/corporate/ICICIPRULI_12022021194150_SE_Investor_Calls_Feb_12_2021.pdf,ICICI Prudential Life Insurance Company Limited has informed the Exchange about Analysts/Institutional Investor Meet/Con. Call Updates,,,Analysts/Institutional Investor Meet/Con. Call Updates,00:00:05,12022021194150,12-Feb-2021 19:41:55,-,False,,,104768205,,INE726G01019,ICICI Prudential Life Insurance Company Limited,2021-02-12 19:41:50,ICICIPRULI
11-Feb-2021 21:16:24,,https://nsearchives.nseindia.com/corporate/ICICIPRULI_11022021211624_SE_Investor_Calls_Feb_11_2021.pdf,ICICI Prudential Life Insurance Company Limited has informed the Exchange about Analysts/Institutional Investor Meet/Con. Call Updates,,,Analysts/Institutional Investor Meet/Con. Call Updates,00:00:03,11022021211624,11-Feb-2021 21:16:27,-,False,,,104765441,,INE726G01019,ICICI Prudential Life Insurance Company Limited,2021-02-11 21:16:24,ICICIPRULI
11-Feb-2021 13:30:28,,https://nsearchives.nseindia.com/corporate/ICICIPRULI_11022021133028_SE_Investor_Calls_Feb_11_2021.pdf,ICICI Prudential Life Insurance Company Limited has informed the Exchange about Analysts/Institutional Investor Meet/Con. Call Updates,,,Analysts/Institutional Investor Meet/Con. Call Updates,00:00:12,11022021133028,11-Feb-2021 13:30:40,-,False,,,104764971,,INE726G01019,ICICI Prudential Life Insurance Company Limited,2021-02-11 13:30:28,ICICIPRULI
10-Feb-2021 15:12:08,,https://nsearchives.nseindia.com/corporate/ICICIPRULI_10022021151208_SE_Investor_Calls_Feb_10_2021.pdf,ICICI Prudential Life Insurance Company Limited has informed the Exchange about Analysts/Institutional Investor Meet/Con. Call Updates,,,Analysts/Institutional Investor Meet/Con. Call Updates,00:00:08,10022021151208,10-Feb-2021 15:12:16,-,False,,,104762490,,INE726G01019,ICICI Prudential Life Insurance Company Limited,2021-02-10 15:12:08,ICICIPRULI
09-Feb-2021 18:22:31,,https://nsearchives.nseindia.com/corporate/ICICIPRULI_09022021182231_SE_Investor_Calls_Feb_9_2021.pdf,ICICI Prudential Life Insurance Company Limited has informed the Exchange about Analysts/Institutional Investor Meet/Con. Call Updates,,,Analysts/Institutional Investor Meet/Con. Call Updates,00:00:05,09022021182231,09-Feb-2021 18:22:36,-,False,,,104760177,,INE726G01019,ICICI Prudential Life Insurance Company Limited,2021-02-09 18:22:31,ICICIPRULI
09-Feb-2021 09:56:28,,https://nsearchives.nseindia.com/corporate/ICICIPRULI_09022021095628_SE_PR_Feb_9_21.pdf,"ICICI Prudential Life Insurance Company Limited has informed the Exchange regarding a press release dated February 09, 2021, titled "" ICICI Prudential Life Insurance launches new savings product   ICICI Pru Guaranteed Income for Tomorrow"".",,,Press Release,00:00:06,09022021095628,09-Feb-2021 09:56:34,-,False,,,104759717,,INE726G01019,ICICI Prudential Life Insurance Company Limited,2021-02-09 09:56:28,ICICIPRULI
08-Feb-2021 21:34:12,,https://nsearchives.nseindia.com/corporate/ICICIPRULI_08022021213411_SE_IP_Feb_8_2021.pdf,ICICI Prudential Life Insurance Company Limited has informed the Exchange about Investor Presentation,,,Investor Presentation,00:00:04,08022021213412,08-Feb-2021 21:34:16,-,False,,,104757776,,INE726G01019,ICICI Prudential Life Insurance Company Limited,2021-02-08 21:34:12,ICICIPRULI
08-Feb-2021 21:06:39,,https://nsearchives.nseindia.com/corporate/ICICIPRULI_08022021210639_SE_Investor_Calls_Feb_8_2021.pdf,ICICI Prudential Life Insurance Company Limited has informed the Exchange about Analysts/Institutional Investor Meet/Con. Call Updates,,,Analysts/Institutional Investor Meet/Con. Call Updates,00:00:04,08022021210639,08-Feb-2021 21:06:43,-,False,,,104757771,,INE726G01019,ICICI Prudential Life Insurance Company Limited,2021-02-08 21:06:39,ICICIPRULI
05-Feb-2021 13:30:18,,https://nsearchives.nseindia.com/corporate/ICICIPRULI_05022021133018_SE_Investor_Calls_Feb_5_2021.pdf,ICICI Prudential Life Insurance Company Limited has informed the Exchange about Analysts/Institutional Investor Meet/Con. Call Updates,,,Analysts/Institutional Investor Meet/Con. Call Updates,00:00:13,05022021133018,05-Feb-2021 13:30:31,-,False,,,104753982,,INE726G01019,ICICI Prudential Life Insurance Company Limited,2021-02-05 13:30:18,ICICIPRULI
04-Feb-2021 16:24:36,,https://nsearchives.nseindia.com/corporate/ICICIPRULI_04022021162436_SE_Intimation_Feb_4_2021.pdf,ICICI Prudential Life Insurance Company Limited has informed the Exchange regarding Allotment of 15000  Shares.,,,ESOP/ESOS/ESPS,00:00:05,04022021162436,04-Feb-2021 16:24:41,-,False,,,104751510,,INE726G01019,ICICI Prudential Life Insurance Company Limited,2021-02-04 16:24:36,ICICIPRULI
03-Feb-2021 19:57:31,,https://nsearchives.nseindia.com/corporate/ICICIPRULI_03022021195731_SE_Investor_Calls_Feb_3_2021.pdf,ICICI Prudential Life Insurance Company Limited has informed the Exchange about Analysts/Institutional Investor Meet/Con. Call Updates,,,Analysts/Institutional Investor Meet/Con. Call Updates,00:00:15,03022021195731,03-Feb-2021 19:57:46,-,False,,,104749475,,INE726G01019,ICICI Prudential Life Insurance Company Limited,2021-02-03 19:57:31,ICICIPRULI
02-Feb-2021 18:37:37,,https://nsearchives.nseindia.com/corporate/ICICIPRULI_02022021183737_SE_Investor_Calls_Feb_2_2021.pdf,ICICI Prudential Life Insurance Company Limited has informed the Exchange about Analysts/Institutional Investor Meet/Con. Call Updates,,,Analysts/Institutional Investor Meet/Con. Call Updates,00:00:04,02022021183737,02-Feb-2021 18:37:41,-,False,,,104746775,,INE726G01019,ICICI Prudential Life Insurance Company Limited,2021-02-02 18:37:37,ICICIPRULI
01-Feb-2021 10:44:35,,https://nsearchives.nseindia.com/corporate/ICICIPRULI_01022021104435_SE_Investor_Calls_Feb_1_2021.pdf,ICICI Prudential Life Insurance Company Limited has informed the Exchange about Analysts/Institutional Investor Meet/Con. Call Updates,,,Analysts/Institutional Investor Meet/Con. Call Updates,00:00:04,01022021104435,01-Feb-2021 10:44:39,-,False,,,104743723,,INE726G01019,ICICI Prudential Life Insurance Company Limited,2021-02-01 10:44:35,ICICIPRULI
29-Jan-2021 12:59:25,,https://nsearchives.nseindia.com/corporate/ICICIPRULI_29012021125925_CopyofnewspaperpublicationforNSE.pdf,"Please find enclosed herewith a copy of the extracts of the newspapers, namely, the Financial Express and the Loksatta, where the audited financial statements and financial results (standalone and consolidated), for the quarter and nine months ended December 31, 2020, were published.",,,Copy of Newspaper Publication,00:00:03,29012021125925,29-Jan-2021 12:59:28,-,False,,,104740792,,INE726G01019,ICICI Prudential Life Insurance Company Limited,2021-01-29 12:59:25,ICICIPRULI
27-Jan-2021 18:01:15,,https://nsearchives.nseindia.com/corporate/ICICIPRULI_27012021180115_SE_Intimation_IP_Jan_27_2021.pdf,ICICI Prudential Life Insurance Company Limited has informed the Exchange about Investor Presentation,,,Investor Presentation,00:00:06,27012021180115,27-Jan-2021 18:01:21,-,False,,,104736057,,INE726G01019,ICICI Prudential Life Insurance Company Limited,2021-01-27 18:01:15,ICICIPRULI
27-Jan-2021 17:54:07,,https://nsearchives.nseindia.com/corporate/Combined_SEBI_results_Q3_FY21_27012021175407.zip,"ICICI Prudential Life Insurance Company Limited has submitted to the Exchange, the financial results for the period ended December 31, 2020.",,,Financial Result Updates,00:01:57,27012021175407,27-Jan-2021 17:56:04,-,False,,,139179,,INE726G01019,ICICI Prudential Life Insurance Company Limited,2021-01-27 17:54:07,ICICIPRULI
27-Jan-2021 17:49:08,,https://nsearchives.nseindia.com/corporate/ICICIPRULI_27012021174908_Outcome_BM_January_27_2021_combined.pdf,"ICICI Prudential Life Insurance Company Limited has informed the Exchange regarding  Board meeting held on January 27, 2021.",,,Outcome of Board Meeting,00:00:05,27012021174908,27-Jan-2021 17:49:13,-,False,,,104736046,,INE726G01019,ICICI Prudential Life Insurance Company Limited,2021-01-27 17:49:08,ICICIPRULI
25-Jan-2021 19:25:14,,https://nsearchives.nseindia.com/corporate/ICICIPRULI_25012021192514_SE_ESOP_lntimation_Jan_25_2021.pdf,ICICI Prudential Life Insurance Company Limited has informed the Exchange regarding Allotment of 4000  Shares.,,,ESOP/ESOS/ESPS,00:00:07,25012021192514,25-Jan-2021 19:25:21,-,False,,,104733351,,INE726G01019,ICICI Prudential Life Insurance Company Limited,2021-01-25 19:25:14,ICICIPRULI
20-Jan-2021 14:47:16,,https://nsearchives.nseindia.com/corporate/ICICIPRULI_20012021144716_SE_lntimation_Jan_2021.pdf,ICICI Prudential Life Insurance Company Limited has informed the Exchange about Analysts/Institutional Investor Meet/Con. Call Updates,,,Analysts/Institutional Investor Meet/Con. Call Updates,00:00:05,20012021144716,20-Jan-2021 14:47:21,-,False,,,104725781,,INE726G01019,ICICI Prudential Life Insurance Company Limited,2021-01-20 14:47:16,ICICIPRULI
15-Jan-2021 20:45:21,,https://nsearchives.nseindia.com/corporate/ICICIPRULI_15012021204521_Intimation_to_stock_exchanges_CS_FINAL_NTC.pdf,ICICI Prudential Life Insurance Company Limited has informed the Exchange about Change in Company Secretary/Compliance Officer,,,Change in Company Secretary/Compliance Officer,00:00:03,15012021204521,15-Jan-2021 20:45:24,-,False,,,104718584,,INE726G01019,ICICI Prudential Life Insurance Company Limited,2021-01-15 20:45:21,ICICIPRULI
14-Jan-2021 14:20:54,,https://nsearchives.nseindia.com/corporate/ICICIPRULI_14012021142054_SE_Intimation_Newspaper_publication.pdf,"ICICI Prudential Life Insurance Company Limited has informed the Exchange about the copy of the intimation published, on January 14, 2021, in the two newspapers, namely, the Financial Express and Loksatta informing the public that the Board will, at its Meeting scheduled to be held on Wednesday, January 27, 2021, inter alia,consider approval of the standalone and consolidated financial statements and financial results of the Company for the quarter and nine months period ended December 31, 2020.",,,Copy of Newspaper Publication,00:00:05,14012021142054,14-Jan-2021 14:20:59,-,False,,,104715919,,INE726G01019,ICICI Prudential Life Insurance Company Limited,2021-01-14 14:20:54,ICICIPRULI
11-Jan-2021 21:27:42,,https://nsearchives.nseindia.com/corporate/ICICIPRULI_11012021212742_CertificateunderRegulation74.pdf,"ICICI Prudential Life Insurance Company Limited has informed the Exchange about Certificate under SEBI (Depositories and Participants) Regulations, 2018",,,"Certificate under SEBI (Depositories and Participants) Regulations, 2018",00:00:04,11012021212742,11-Jan-2021 21:27:46,-,False,,,104709533,,INE726G01019,ICICI Prudential Life Insurance Company Limited,2021-01-11 21:27:42,ICICIPRULI
08-Jan-2021 20:02:27,,https://nsearchives.nseindia.com/corporate/ICICIPRULI_08012021200227_SE_Intimation_Jan_8_2021.pdf,ICICI Prudential Life Insurance Company Limited has informed the Exchange regarding Allotment of 4000  Shares.,,,ESOP/ESOS/ESPS,00:00:04,08012021200227,08-Jan-2021 20:02:31,-,False,,,104706712,,INE726G01019,ICICI Prudential Life Insurance Company Limited,2021-01-08 20:02:27,ICICIPRULI
08-Jan-2021 12:57:56,,https://nsearchives.nseindia.com/corporate/ICICIPRULI_08012021125756_SE_IP_Jan_8_21_.pdf,ICICI Prudential Life Insurance Company Limited has informed the Exchange about Investor Presentation,,,Investor Presentation,00:00:03,08012021125756,08-Jan-2021 12:57:59,-,False,,,104706425,,INE726G01019,ICICI Prudential Life Insurance Company Limited,2021-01-08 12:57:56,ICICIPRULI
08-Jan-2021 10:43:40,,https://nsearchives.nseindia.com/corporate/ICICIPRULI_08012021104340_SE_Investor_Calls_Jan_8_21.pdf,ICICI Prudential Life Insurance Company Limited has informed the Exchange about Analysts/Institutional Investor Meet/Con. Call Updates,,,Analysts/Institutional Investor Meet/Con. Call Updates,00:00:06,08012021104340,08-Jan-2021 10:43:46,-,False,,,104706334,,INE726G01019,ICICI Prudential Life Insurance Company Limited,2021-01-08 10:43:40,ICICIPRULI
04-Jan-2021 19:07:51,,https://nsearchives.nseindia.com/corporate/ICICIPRULI_04012021190751_SE_Intimation_Jan_4_2021.pdf,ICICI Prudential Life Insurance Company Limited has informed the Exchange regarding Allotment of 31980  Shares.,,,ESOP/ESOS/ESPS,00:00:05,04012021190751,04-Jan-2021 19:07:56,-,False,,,104697250,,INE726G01019,ICICI Prudential Life Insurance Company Limited,2021-01-04 19:07:51,ICICIPRULI
30-Dec-2020 16:36:39,,https://nsearchives.nseindia.com/corporate/ICICIPRULI_30122020163639_SE_Investor_Calls_Dec_30_2020.pdf,ICICI Prudential Life Insurance Company Limited has informed the Exchange about Analysts/Institutional Investor Meet/Con. Call Updates,,,Analysts/Institutional Investor Meet/Con. Call Updates,00:00:05,30122020163639,30-Dec-2020 16:36:44,-,False,,,104688961,,INE726G01019,ICICI Prudential Life Insurance Company Limited,2020-12-30 16:36:39,ICICIPRULI
28-Dec-2020 19:18:09,,https://nsearchives.nseindia.com/corporate/ICICIPRULI_28122020191809_SE_PR_Dec_28_2020.pdf,"ICICI Prudential Life Insurance Company Limited has informed the Exchange regarding a press release dated December 28, 2020, titled ""AU Small Finance Bank and ICICI Prudential Life Insurance announce strategic partnership to offer life insurance solutions to enhance customer experience"".",,,Press Release,00:00:04,28122020191809,28-Dec-2020 19:18:13,-,False,,,104684222,,INE726G01019,ICICI Prudential Life Insurance Company Limited,2020-12-28 19:18:09,ICICIPRULI
28-Dec-2020 18:29:50,,https://nsearchives.nseindia.com/corporate/ICICIPRULI_28122020182950_SE_Intimation_Trading_window_closure_28122020.pdf,"ICICI Prudential Life Insurance Company Limited has informed the Exchange regarding the Trading Window closure pursuant to SEBI (Prohibition of Insider Trading) Regulations, 2015",,,Trading Window,00:00:05,28122020182950,28-Dec-2020 18:29:55,-,False,,,104684198,,INE726G01019,ICICI Prudential Life Insurance Company Limited,2020-12-28 18:29:50,ICICIPRULI
21-Dec-2020 17:46:09,,https://nsearchives.nseindia.com/corporate/ICICIPRULI_21122020174609_SE_Investor_Calls_Dec_21_2020.pdf,ICICI Prudential Life Insurance Company Limited has informed the Exchange about Analysts/Institutional Investor Meet/Con. Call Updates,,,Analysts/Institutional Investor Meet/Con. Call Updates,00:00:05,21122020174609,21-Dec-2020 17:46:14,-,False,,,104674414,,INE726G01019,ICICI Prudential Life Insurance Company Limited,2020-12-21 17:46:09,ICICIPRULI
18-Dec-2020 21:30:08,,https://nsearchives.nseindia.com/corporate/ICICIPRULI_18122020213008_SE_Intimation_Dec_18_2020.pdf,ICICI Prudential Life Insurance Company Limited has informed the Exchange regarding Allotment of 500  Shares.,,,ESOP/ESOS/ESPS,00:00:05,18122020213008,18-Dec-2020 21:30:13,-,False,,,104671859,,INE726G01019,ICICI Prudential Life Insurance Company Limited,2020-12-18 21:30:08,ICICIPRULI
18-Dec-2020 11:27:47,,https://nsearchives.nseindia.com/corporate/ICICIPRULI_18122020112747_SE_PR_Dec_18_2020.pdf,"ICICI Prudential Life Insurance Company Limited has informed the Exchange regarding a press release dated December 18, 2020, titled ""ICICI Prudential Life Insurance launches Guaranteed Pension Plan"".",,,Press Release,00:00:05,18122020112747,18-Dec-2020 11:27:52,-,False,,,104671599,,INE726G01019,ICICI Prudential Life Insurance Company Limited,2020-12-18 11:27:47,ICICIPRULI
17-Dec-2020 20:56:41,,https://nsearchives.nseindia.com/corporate/ICICIPRULI_17122020205641_SE_Investor_Calls_Dec_17_2020.pdf,ICICI Prudential Life Insurance Company Limited has informed the Exchange about Analysts/Institutional Investor Meet/Con. Call Updates,,,Analysts/Institutional Investor Meet/Con. Call Updates,00:00:03,17122020205641,17-Dec-2020 20:56:44,-,False,,,104669728,,INE726G01019,ICICI Prudential Life Insurance Company Limited,2020-12-17 20:56:41,ICICIPRULI
16-Dec-2020 12:02:37,,https://nsearchives.nseindia.com/corporate/ICICIPRULI_16122020120237_SE_Investor_Calls_Dec_16_2020.pdf,ICICI Prudential Life Insurance Company Limited has informed the Exchange about Analysts/Institutional Investor Meet/Con. Call Updates,,,Analysts/Institutional Investor Meet/Con. Call Updates,00:00:04,16122020120237,16-Dec-2020 12:02:41,-,False,,,104667233,,INE726G01019,ICICI Prudential Life Insurance Company Limited,2020-12-16 12:02:37,ICICIPRULI
15-Dec-2020 14:56:53,,https://nsearchives.nseindia.com/corporate/ICICIPRULI_15122020145653_SE_Investor_Call_December_15_2020.pdf,ICICI Prudential Life Insurance Company Limited has informed the Exchange about Analysts/Institutional Investor Meet/Con. Call Updates,,,Analysts/Institutional Investor Meet/Con. Call Updates,00:00:04,15122020145653,15-Dec-2020 14:56:57,-,False,,,104665021,,INE726G01019,ICICI Prudential Life Insurance Company Limited,2020-12-15 14:56:53,ICICIPRULI
11-Dec-2020 15:58:47,,https://nsearchives.nseindia.com/corporate/ICICIPRULI_11122020155847_SE_PR_Dec_11_2020.pdf,"ICICI Prudential Life Insurance Company Limited has informed the Exchange regarding a press release dated December 11, 2020, titled ""ICICI Prudential Life Insurance Company sAssets under Management cross Rs 2 lakh crore in 20th year"".",,,Press Release,00:00:05,11122020155847,11-Dec-2020 15:58:52,-,False,,,104660031,,INE726G01019,ICICI Prudential Life Insurance Company Limited,2020-12-11 15:58:47,ICICIPRULI
09-Dec-2020 21:32:32,,https://nsearchives.nseindia.com/corporate/ICICIPRULI_09122020213232_SE_Investor_Call_December_9_2020.pdf,ICICI Prudential Life Insurance Company Limited has informed the Exchange about Analysts/Institutional Investor Meet/Con. Call Updates,,,Analysts/Institutional Investor Meet/Con. Call Updates,00:00:02,09122020213232,09-Dec-2020 21:32:34,-,False,,,104655588,,INE726G01019,ICICI Prudential Life Insurance Company Limited,2020-12-09 21:32:32,ICICIPRULI
09-Dec-2020 13:21:14,,https://nsearchives.nseindia.com/corporate/ICICIPRULI_09122020132114_SE_PR_Dec_9_2020.pdf,"ICICI Prudential Life Insurance Company Limited has informed the Exchange regarding a press release dated December 09, 2020, titled ""RBL Bank and ICICI Prudential Life Insuranceforge Bancassurance Partnership"".",,,Press Release,00:00:08,09122020132114,09-Dec-2020 13:21:22,-,False,,,104655337,,INE726G01019,ICICI Prudential Life Insurance Company Limited,2020-12-09 13:21:14,ICICIPRULI
09-Dec-2020 09:44:51,,https://nsearchives.nseindia.com/corporate/ICICIPRULI_09122020094451_SE_IP_Dec_9_2020.pdf,ICICI Prudential Life Insurance Company Limited has informed the Exchange about Investor Presentation,,,Investor Presentation,00:00:05,09122020094451,09-Dec-2020 09:44:56,-,False,,,104654482,,INE726G01019,ICICI Prudential Life Insurance Company Limited,2020-12-09 09:44:51,ICICIPRULI
07-Dec-2020 19:11:29,,https://nsearchives.nseindia.com/corporate/ICICIPRULI_07122020191129_SE_Investor_Calls_Dec_7_2020.pdf,ICICI Prudential Life Insurance Company Limited has informed the Exchange about Analysts/Institutional Investor Meet/Con. Call Updates,,,Analysts/Institutional Investor Meet/Con. Call Updates,00:00:04,07122020191129,07-Dec-2020 19:11:33,-,False,,,104650792,,INE726G01019,ICICI Prudential Life Insurance Company Limited,2020-12-07 19:11:29,ICICIPRULI
03-Dec-2020 17:03:41,,https://nsearchives.nseindia.com/corporate/ICICIPRULI_03122020170341_SE_Investor_Calls_Dec_3_2020.pdf,ICICI Prudential Life Insurance Company Limited has informed the Exchange about Analysts/Institutional Investor Meet/Con. Call Updates,,,Analysts/Institutional Investor Meet/Con. Call Updates,00:00:13,03122020170341,03-Dec-2020 17:03:54,-,False,,,104645547,,INE726G01019,ICICI Prudential Life Insurance Company Limited,2020-12-03 17:03:41,ICICIPRULI
01-Dec-2020 20:46:21,,https://nsearchives.nseindia.com/corporate/ICICIPRULI_01122020204620_SE_Investor_Calls_Dec_1_2020.pdf,ICICI Prudential Life Insurance Company Limited has informed the Exchange about Analysts/Institutional Investor Meet/Con. Call Updates,,,Analysts/Institutional Investor Meet/Con. Call Updates,00:00:05,01122020204621,01-Dec-2020 20:46:26,-,False,,,104640923,,INE726G01019,ICICI Prudential Life Insurance Company Limited,2020-12-01 20:46:21,ICICIPRULI
24-Nov-2020 21:37:35,,https://nsearchives.nseindia.com/corporate/ICICIPRULI_24112020213735_SE_Investor_Calls_Nov_24_2020.pdf,ICICI Prudential Life Insurance Company Limited has informed the Exchange about Analysts/Institutional Investor Meet/Con. Call Updates,,,Analysts/Institutional Investor Meet/Con. Call Updates,00:00:06,24112020213735,24-Nov-2020 21:37:41,-,False,,,104630846,,INE726G01019,ICICI Prudential Life Insurance Company Limited,2020-11-24 21:37:35,ICICIPRULI
23-Nov-2020 22:44:50,,https://nsearchives.nseindia.com/corporate/ICICIPRULI_23112020224450_SE_Investor_Call_November_23_2020.pdf,ICICI Prudential Life Insurance Company Limited has informed the Exchange about Analysts/Institutional Investor Meet/Con. Call Updates,,,Analysts/Institutional Investor Meet/Con. Call Updates,00:00:03,23112020224450,23-Nov-2020 22:44:53,-,False,,,104628632,,INE726G01019,ICICI Prudential Life Insurance Company Limited,2020-11-23 22:44:50,ICICIPRULI
20-Nov-2020 22:29:04,,https://nsearchives.nseindia.com/corporate/ICICIPRULI_20112020222904_SE_Investor_Call_November_20_2020.pdf,ICICI Prudential Life Insurance Company Limited has informed the Exchange about Analysts/Institutional Investor Meet/Con. Call Updates,,,Analysts/Institutional Investor Meet/Con. Call Updates,00:00:07,20112020222904,20-Nov-2020 22:29:11,-,False,,,104626173,,INE726G01019,ICICI Prudential Life Insurance Company Limited,2020-11-20 22:29:04,ICICIPRULI
19-Nov-2020 20:57:01,,https://nsearchives.nseindia.com/corporate/ICICIPRULI_19112020205701_SE_Investor_Call_November_19_2020.pdf,ICICI Prudential Life Insurance Company Limited has informed the Exchange about Analysts/Institutional Investor Meet/Con. Call Updates,,,Analysts/Institutional Investor Meet/Con. Call Updates,00:00:04,19112020205701,19-Nov-2020 20:57:05,-,False,,,104623415,,INE726G01019,ICICI Prudential Life Insurance Company Limited,2020-11-19 20:57:01,ICICIPRULI
18-Nov-2020 21:59:53,,https://nsearchives.nseindia.com/corporate/ICICIPRULI_18112020215953_SE_Investor_Call_November_18_2020.pdf,ICICI Prudential Life Insurance Company Limited has informed the Exchange about Analysts/Institutional Investor Meet/Con. Call Updates,,,Analysts/Institutional Investor Meet/Con. Call Updates,00:00:03,18112020215953,18-Nov-2020 21:59:56,-,False,,,104621446,,INE726G01019,ICICI Prudential Life Insurance Company Limited,2020-11-18 21:59:53,ICICIPRULI
13-Nov-2020 17:47:01,,https://nsearchives.nseindia.com/corporate/ICICIPRULI_13112020174701_SE_Investor_Calls_Nov_13_2020.pdf,ICICI Prudential Life Insurance Company Limited has informed the Exchange about Analysts/Institutional Investor Meet/Con. Call Updates,,,Analysts/Institutional Investor Meet/Con. Call Updates,00:00:05,13112020174701,13-Nov-2020 17:47:06,-,False,,,104615631,,INE726G01019,ICICI Prudential Life Insurance Company Limited,2020-11-13 17:47:01,ICICIPRULI
10-Nov-2020 19:51:11,,https://nsearchives.nseindia.com/corporate/ICICIPRULI_10112020195111_SE_Investor_Call_November_10_2020.pdf,ICICI Prudential Life Insurance Company Limited has informed the Exchange about Analysts/Institutional Investor Meet/Con. Call Updates,,,Analysts/Institutional Investor Meet/Con. Call Updates,00:00:03,10112020195111,10-Nov-2020 19:51:14,-,False,,,104607554,,INE726G01019,ICICI Prudential Life Insurance Company Limited,2020-11-10 19:51:11,ICICIPRULI
09-Nov-2020 21:39:46,,https://nsearchives.nseindia.com/corporate/ICICIPRULI_09112020213946_SE_Investor_Call_November_9_2020.pdf,ICICI Prudential Life Insurance Company Limited has informed the Exchange about Analysts/Institutional Investor Meet/Con. Call Updates,,,Analysts/Institutional Investor Meet/Con. Call Updates,00:00:04,09112020213946,09-Nov-2020 21:39:50,-,False,,,104604961,,INE726G01019,ICICI Prudential Life Insurance Company Limited,2020-11-09 21:39:46,ICICIPRULI
07-Nov-2020 20:50:28,,https://nsearchives.nseindia.com/corporate/ICICIPRULI_07112020205028_SE_Investor_Call_Nov_7_2020.pdf,ICICI Prudential Life Insurance Company Limited has informed the Exchange about Analysts/Institutional Investor Meet/Con. Call Updates,,,Analysts/Institutional Investor Meet/Con. Call Updates,00:00:05,07112020205028,07-Nov-2020 20:50:33,-,False,,,104603541,,INE726G01019,ICICI Prudential Life Insurance Company Limited,2020-11-07 20:50:28,ICICIPRULI
07-Nov-2020 20:44:20,,https://nsearchives.nseindia.com/corporate/ICICIPRULI_07112020204420_SE_investor_presentation_intimation_November_7_2020_combined.pdf,ICICI Prudential Life Insurance Company Limited has informed the Exchange about Investor Presentation,,,Investor Presentation,00:00:06,07112020204420,07-Nov-2020 20:44:26,-,False,,,104603539,,INE726G01019,ICICI Prudential Life Insurance Company Limited,2020-11-07 20:44:20,ICICIPRULI
06-Nov-2020 16:41:41,,https://nsearchives.nseindia.com/corporate/ICICIPRULI_06112020164141_SE_PR_November_6_2020.pdf,"ICICI Prudential Life Insurance Company Limited has informed the Exchange regarding a press release dated November 06, 2020, titled ""ICICI Prudential Life Insurance raises RS. 12.00 billion of debt capital through Non-Convertible Debentures  for your information and records."".",,,Press Release,00:00:06,06112020164141,06-Nov-2020 16:41:47,-,False,,,104601535,,INE726G01019,ICICI Prudential Life Insurance Company Limited,2020-11-06 16:41:41,ICICIPRULI
06-Nov-2020 16:32:21,,https://nsearchives.nseindia.com/corporate/ICICIPRULI_06112020163221_SE_intimation_allotment_06112020.pdf,"ICICI Prudential Life Insurance Company Limited has informed the Exchange regarding 'Allotment of 12,000 (twelve thousand) unsecured, rated, listed, redeemable, subordinated, taxable, fully paid-up, non-cumulative, nonconvertible debentures ( Debentures ) each bearing a face value of &#8377; 10,00,000/- (Rupees Ten Lakh only) aggregating to &#8377; 12.00 Billion, in the nature of subordinated debt instruments, for cash, at par, in dematerialised form, on a private placement basis.by Strategy Committee, through its resolution dated November 6, 2020,  '.",,,Updates,00:00:04,06112020163221,06-Nov-2020 16:32:25,-,False,,,104601521,,INE726G01019,ICICI Prudential Life Insurance Company Limited,2020-11-06 16:32:21,ICICIPRULI
04-Nov-2020 20:53:54,,https://nsearchives.nseindia.com/corporate/ICICIPRULI_04112020205354_SE_Investor_Calls_Nov_4_2020.pdf,ICICI Prudential Life Insurance Company Limited has informed the Exchange about Analysts/Institutional Investor Meet/Con. Call Updates,,,Analysts/Institutional Investor Meet/Con. Call Updates,00:00:04,04112020205354,04-Nov-2020 20:53:58,-,False,,,104596499,,INE726G01019,ICICI Prudential Life Insurance Company Limited,2020-11-04 20:53:54,ICICIPRULI
03-Nov-2020 21:56:32,,https://nsearchives.nseindia.com/corporate/ICICIPRULI_03112020215632_SE_Investor_Call_November_3_2020.pdf,ICICI Prudential Life Insurance Company Limited has informed the Exchange about Analysts/Institutional Investor Meet/Con. Call Updates,,,Analysts/Institutional Investor Meet/Con. Call Updates,00:00:03,03112020215632,03-Nov-2020 21:56:35,-,False,,,104593879,,INE726G01019,ICICI Prudential Life Insurance Company Limited,2020-11-03 21:56:32,ICICIPRULI
03-Nov-2020 21:53:57,,https://nsearchives.nseindia.com/corporate/ICICIPRULI_03112020215357_SE_intimation_RPT_September_30_2020.pdf,ICICI Prudential Life Insurance Company Limited has informed the Exchange about related Party Transactions,,,Related Party Transactions,00:00:08,03112020215357,03-Nov-2020 21:54:05,-,False,,,104593878,,INE726G01019,ICICI Prudential Life Insurance Company Limited,2020-11-03 21:53:57,ICICIPRULI
02-Nov-2020 19:38:01,,https://nsearchives.nseindia.com/corporate/ICICIPRULI_02112020193801_SE_Investor_Call_November_2_2020.pdf,ICICI Prudential Life Insurance Company Limited has informed the Exchange about Analysts/Institutional Investor Meet/Con. Call Updates,,,Analysts/Institutional Investor Meet/Con. Call Updates,00:00:08,02112020193801,02-Nov-2020 19:38:09,-,False,,,104591186,,INE726G01019,ICICI Prudential Life Insurance Company Limited,2020-11-02 19:38:01,ICICIPRULI
31-Oct-2020 21:08:21,,https://nsearchives.nseindia.com/corporate/ICICIPRULI_31102020210821_SE_Intimation_Oct_31_2020_signed.pdf,"ICICI Prudential Life Insurance Company Limited has submitted the Exchange a copy Srutinizers report of  Postal Ballot. Further, the company has informed the Exchange regarding voting results.",,,Shareholders meeting,00:00:04,31102020210821,31-Oct-2020 21:08:25,-,False,,,104589478,,INE726G01019,ICICI Prudential Life Insurance Company Limited,2020-10-31 21:08:21,ICICIPRULI
30-Oct-2020 21:53:38,,https://nsearchives.nseindia.com/corporate/ICICIPRULI_30102020215338_SE_Investor_Calls_Oct_30_2020.pdf,ICICI Prudential Life Insurance Company Limited has informed the Exchange about Analysts/Institutional Investor Meet/Con. Call Updates,,,Analysts/Institutional Investor Meet/Con. Call Updates,00:00:04,30102020215338,30-Oct-2020 21:53:42,-,False,,,104588708,,INE726G01019,ICICI Prudential Life Insurance Company Limited,2020-10-30 21:53:38,ICICIPRULI
30-Oct-2020 12:44:28,,https://nsearchives.nseindia.com/corporate/ICICIPRULI_30102020124428_SubmissionofNewspaperClippings.pdf,"Please find enclosed herewith a copy of the extracts of the newspapers, namely, the Financial Express and the Loksatta, where the audited financial statements and financial results (standalone and consolidated), for the quarter and half year ended September 30, 2020, were published.",,,Copy of Newspaper Publication,00:00:04,30102020124428,30-Oct-2020 12:44:32,-,False,,,104587935,,INE726G01019,ICICI Prudential Life Insurance Company Limited,2020-10-30 12:44:28,ICICIPRULI
29-Oct-2020 21:18:14,,https://nsearchives.nseindia.com/corporate/ICICIPRULI_29102020211814_SE_Investor_Call_October_29_2020.pdf,ICICI Prudential Life Insurance Company Limited has informed the Exchange about Analysts/Institutional Investor Meet/Con. Call Updates,,,Analysts/Institutional Investor Meet/Con. Call Updates,00:00:03,29102020211814,29-Oct-2020 21:18:17,-,False,,,104585818,,INE726G01019,ICICI Prudential Life Insurance Company Limited,2020-10-29 21:18:14,ICICIPRULI
29-Oct-2020 17:28:31,,https://nsearchives.nseindia.com/corporate/ICICIPRULI_29102020172831_Outcome_of_Committee_Meeting_October_29_2020.pdf,"ICICI Prudential Life Insurance Company Limited has informed the Exchange regarding Outcome of Committee Meeting held on October 29, 2020.",,,Committee Meeting Updates,00:00:04,29102020172831,29-Oct-2020 17:28:35,-,False,,,104585666,,INE726G01019,ICICI Prudential Life Insurance Company Limited,2020-10-29 17:28:31,ICICIPRULI
28-Oct-2020 22:08:00,,https://nsearchives.nseindia.com/corporate/ICICIPRULI_28102020220800_SE_Investor_Calls_Oct_28_2020.pdf,ICICI Prudential Life Insurance Company Limited has informed the Exchange about Analysts/Institutional Investor Meet/Con. Call Updates,,,Analysts/Institutional Investor Meet/Con. Call Updates,00:00:05,28102020220800,28-Oct-2020 22:08:05,-,False,,,104583650,,INE726G01019,ICICI Prudential Life Insurance Company Limited,2020-10-28 22:08:00,ICICIPRULI
27-Oct-2020 18:17:09,,https://nsearchives.nseindia.com/corporate/ICICIPRULI_27102020181709_SE_Intimation_IP_Oct_27_2020.pdf,ICICI Prudential Life Insurance Company Limited has informed the Exchange about Investor Presentation,,,Investor Presentation,00:00:04,27102020181709,27-Oct-2020 18:17:13,-,False,,,104580912,,INE726G01019,ICICI Prudential Life Insurance Company Limited,2020-10-27 18:17:09,ICICIPRULI
27-Oct-2020 18:13:40,,https://nsearchives.nseindia.com/corporate/SEBI_Financial_Results_Q2_FY_21_final_27102020181340.zip,"ICICI Prudential Life Insurance Company Limited has submitted to the Exchange, the financial results for the period ended September 30, 2020.",,,Financial Result Updates,00:01:22,27102020181340,27-Oct-2020 18:15:02,-,False,,,137294,,INE726G01019,ICICI Prudential Life Insurance Company Limited,2020-10-27 18:13:40,ICICIPRULI
27-Oct-2020 18:07:34,,https://nsearchives.nseindia.com/corporate/ICICIPRULI_27102020180734_SE_Outcome_BM_October_27_2020_combined.pdf,"ICICI Prudential Life Insurance Company Limited has informed the Exchange regarding  Board meeting held on October 27, 2020 which inter alia  approved the audited financial statements and financial results (standalone and consolidated) for the quarter and half year ended September 30, 2020",,,Outcome of Board Meeting,00:00:04,27102020180734,27-Oct-2020 18:07:38,-,False,,,104580904,,INE726G01019,ICICI Prudential Life Insurance Company Limited,2020-10-27 18:07:34,ICICIPRULI
26-Oct-2020 16:51:39,,https://nsearchives.nseindia.com/corporate/ICICIPRULI_26102020165139_SE_intimation_pre_committee_signed.pdf,"ICICI Prudential Life Insurance Company Limited has informed the Exchange regarding 'Intimation about the approval of terms of issuing non-convertible debentures, to be considered by Committee. '.",,,Updates,00:00:04,26102020165139,26-Oct-2020 16:51:43,-,False,,,104578117,,INE726G01019,ICICI Prudential Life Insurance Company Limited,2020-10-26 16:51:39,ICICIPRULI
22-Oct-2020 22:05:10,,https://nsearchives.nseindia.com/corporate/ICICIPRULI_22102020220510_SE_Intimation_Oct_22_Credit_rating.pdf,ICICI Prudential Life Insurance Company Limited has informed the Exchange about Credit Rating by CRISIL Limited,,,Credit Rating,00:00:02,22102020220510,22-Oct-2020 22:05:12,-,False,,,104573881,,INE726G01019,ICICI Prudential Life Insurance Company Limited,2020-10-22 22:05:10,ICICIPRULI
21-Oct-2020 09:58:18,,https://nsearchives.nseindia.com/corporate/ICICIPRULI_21102020095818_SE_lntimation_October_2020.pdf,ICICI Prudential Life Insurance Company Limited has informed the Exchange about Analysts/Institutional Investor Meet/Con. Call Updates,,,Analysts/Institutional Investor Meet/Con. Call Updates,00:00:14,21102020095818,21-Oct-2020 09:58:32,-,False,,,104570688,,INE726G01019,ICICI Prudential Life Insurance Company Limited,2020-10-21 09:58:18,ICICIPRULI
16-Oct-2020 18:53:28,,https://nsearchives.nseindia.com/corporate/ICICIPRULI_16102020185328_SE_Intimation_BM_newspaper_intimation_Final.pdf,"ICICI Prudential Life Insurance Company Limited has informed the Exchange about the copy of the intimation published, on October 16, 2020, in the two newspapers, namely, the Financial Express and Loksatta informing the public that the Board will, at its Meeting scheduled to be held on Tuesday, October 27, 2020, inter alia, consider approval of the standalone and consolidated financial statements and financial results of the Company for the quarter and half year ended September 30, 2020.",,,Copy of Newspaper Publication,00:00:04,16102020185328,16-Oct-2020 18:53:32,-,False,,,104564716,,INE726G01019,ICICI Prudential Life Insurance Company Limited,2020-10-16 18:53:28,ICICIPRULI
13-Oct-2020 10:02:30,,https://nsearchives.nseindia.com/corporate/ICICIPRULI_13102020100230_SE_Intimation_Oct_13_Credit_rating.pdf,ICICI Prudential Life Insurance Company Limited has informed the Exchange about Credit Rating,,,Credit Rating,00:00:04,13102020100230,13-Oct-2020 10:02:34,-,False,,,104557568,,INE726G01019,ICICI Prudential Life Insurance Company Limited,2020-10-13 10:02:30,ICICIPRULI
12-Oct-2020 15:28:48,,https://nsearchives.nseindia.com/corporate/ICICIPRULI_12102020152848_ICPL_74_5__BSE_and_NSE_September_merged.pdf,"ICICI Prudential Life Insurance Company Limited has informed the Exchange regarding 'Certificate under Regulation 74(5) of the SEBI (Depositories and Participants) Regulations, 2018 for the quarter ended September 30, 2020'.",,,Updates,00:00:07,12102020152848,12-Oct-2020 15:28:55,-,False,,,104555674,,INE726G01019,ICICI Prudential Life Insurance Company Limited,2020-10-12 15:28:48,ICICIPRULI
07-Oct-2020 20:38:51,,https://nsearchives.nseindia.com/corporate/ICICIPRULI_07102020203851_SE_investor_presentation_intimation_October_7_2020_merged.pdf,ICICI Prudential Life Insurance Company Limited has informed the Exchange about Investor Presentation,,,Investor Presentation,00:00:04,07102020203851,07-Oct-2020 20:38:55,-,False,,,104549241,,INE726G01019,ICICI Prudential Life Insurance Company Limited,2020-10-07 20:38:51,ICICIPRULI
07-Oct-2020 15:23:13,,https://nsearchives.nseindia.com/corporate/ICICIPRULI_07102020152313_Outcome_of_Board_Meeting_October_7_2020.pdf,"The Board of Directors ( Board ) has at their meeting held on October 7, 2020, which commenced at 2.30 p.m. IST and concluded at 3.00 p.m. IST, inter alia, approved raising capital by issuance of subordinated debt instruments in the nature of rated, listed, redeemable, unsecured, fully paidup, non-cumulative, non-convertible debentures ( NCDs ) up to &#8377; 12.00 billion, in one or more tranches, for cash, at par, on a private placement basis, subject to regulatory and any other approval(s), as may be required",,,Outcome of Board Meeting,00:00:05,07102020152313,07-Oct-2020 15:23:18,-,False,,,104549033,,INE726G01019,ICICI Prudential Life Insurance Company Limited,2020-10-07 15:23:13,ICICIPRULI
29-Sep-2020 16:27:37,,https://nsearchives.nseindia.com/corporate/ICICIPRULI_29092020162737_SE_Intimation_Sep_29_2020_.pdf,ICICI Prudential Life Insurance Company Limited has informed the Exchange about Copy of Newspaper Publication,,,Copy of Newspaper Publication,00:00:07,29092020162737,29-Sep-2020 16:27:44,-,False,,,104535672,,INE726G01019,ICICI Prudential Life Insurance Company Limited,2020-09-29 16:27:37,ICICIPRULI
28-Sep-2020 19:41:29,,https://nsearchives.nseindia.com/corporate/ICICIPRULI_28092020194129_SE_Investor_Call_September_28_2020.pdf,ICICI Prudential Life Insurance Company Limited has informed the Exchange about Analysts/Institutional Investor Meet/Con. Call Updates,,,Analysts/Institutional Investor Meet/Con. Call Updates,00:00:05,28092020194129,28-Sep-2020 19:41:34,-,False,,,104533703,,INE726G01019,ICICI Prudential Life Insurance Company Limited,2020-09-28 19:41:29,ICICIPRULI
28-Sep-2020 18:54:10,,https://nsearchives.nseindia.com/corporate/ICICIPRULI_28092020185410_SE_Intimation_Sept_28_2020.pdf,ICICI Prudential Life Insurance Company Limited has informed the Exchange regarding Allotment of 9720  Shares.,,,ESOP/ESOS/ESPS,00:00:05,28092020185410,28-Sep-2020 18:54:15,-,False,,,104533670,,INE726G01019,ICICI Prudential Life Insurance Company Limited,2020-09-28 18:54:10,ICICIPRULI
28-Sep-2020 18:47:37,,https://nsearchives.nseindia.com/corporate/ICICIPRULI_28092020184737_SE_PBN_intimation_signed_combined.pdf,ICICI Prudential Life Insurance Company Limited has informed the Exchange regarding Notice of Postal Ballot,,,Shareholders meeting,00:00:07,28092020184737,28-Sep-2020 18:47:44,-,False,,,104533663,,INE726G01019,ICICI Prudential Life Insurance Company Limited,2020-09-28 18:47:37,ICICIPRULI
28-Sep-2020 11:18:08,,https://nsearchives.nseindia.com/corporate/ICICIPRULI_28092020111808_SE_Intimation_Trading_window_closure.pdf,"ICICI Prudential Life Insurance Company Limited has informed the Exchange regarding the Trading Window closure pursuant to SEBI (Prohibition of Insider Trading) Regulations, 2015",,,Trading Window,00:00:07,28092020111808,28-Sep-2020 11:18:15,-,False,,,104533029,,INE726G01019,ICICI Prudential Life Insurance Company Limited,2020-09-28 11:18:08,ICICIPRULI
24-Sep-2020 22:03:39,,https://nsearchives.nseindia.com/corporate/ICICIPRULI_24092020220339_SE_Investor_Calls_September_24_2020.pdf,ICICI Prudential Life Insurance Company Limited has informed the Exchange about Analysts/Institutional Investor Meet/Con. Call Updates,,,Analysts/Institutional Investor Meet/Con. Call Updates,00:00:03,24092020220339,24-Sep-2020 22:03:42,-,False,,,104528922,,INE726G01019,ICICI Prudential Life Insurance Company Limited,2020-09-24 22:03:39,ICICIPRULI
24-Sep-2020 12:06:39,,https://nsearchives.nseindia.com/corporate/ICICIPRULI_24092020120639_SE_intimation_cut_off_date_PB_clean.pdf,ICICI Prudential Life Insurance Company Limited has informed the Exchange regarding 'Intimation of cut-off date for Postal Ballot'.,,,Updates,00:00:05,24092020120639,24-Sep-2020 12:06:44,-,False,,,104528489,,INE726G01019,ICICI Prudential Life Insurance Company Limited,2020-09-24 12:06:39,ICICIPRULI
23-Sep-2020 22:22:37,,https://nsearchives.nseindia.com/corporate/ICICIPRULI_23092020222237_SE_Investor_Calls_September_23_2020.pdf,ICICI Prudential Life Insurance Company Limited has informed the Exchange about Analysts/Institutional Investor Meet/Con. Call Updates,,,Analysts/Institutional Investor Meet/Con. Call Updates,00:00:03,23092020222237,23-Sep-2020 22:22:40,-,False,,,104527066,,INE726G01019,ICICI Prudential Life Insurance Company Limited,2020-09-23 22:22:37,ICICIPRULI
22-Sep-2020 22:22:24,,https://nsearchives.nseindia.com/corporate/ICICIPRULI_22092020222224_SE_Investor_Calls_September_22_2020.pdf,ICICI Prudential Life Insurance Company Limited has informed the Exchange about Analysts/Institutional Investor Meet/Con. Call Updates,,,Analysts/Institutional Investor Meet/Con. Call Updates,00:00:04,22092020222224,22-Sep-2020 22:22:28,-,False,,,104524585,,INE726G01019,ICICI Prudential Life Insurance Company Limited,2020-09-22 22:22:24,ICICIPRULI
22-Sep-2020 15:14:43,,https://nsearchives.nseindia.com/corporate/ICICIPRULI_22092020151443_SE_Intimation_Sep_22_2020_.pdf,ICICI Prudential Life Insurance Company Limited has informed the Exchange about Copy of Newspaper Publication,,,Copy of Newspaper Publication,00:00:04,22092020151443,22-Sep-2020 15:14:47,-,False,,,104524402,,INE726G01019,ICICI Prudential Life Insurance Company Limited,2020-09-22 15:14:43,ICICIPRULI
21-Sep-2020 19:51:41,,https://nsearchives.nseindia.com/corporate/ICICIPRULI_21092020195141_SE_intimation_PB_Sep_21_signed.pdf,ICICI Prudential Life Insurance Company Limited has informed the Exchange regarding 'Intimation of Postal Ballot'.,,,Updates,00:00:04,21092020195141,21-Sep-2020 19:51:45,-,False,,,104522406,,INE726G01019,ICICI Prudential Life Insurance Company Limited,2020-09-21 19:51:41,ICICIPRULI
17-Sep-2020 20:05:56,,https://nsearchives.nseindia.com/corporate/ICICIPRULI_17092020200556_SE_Investor_Calls_September_16_2020.pdf,ICICI Prudential Life Insurance Company Limited has informed the Exchange about Analysts/Institutional Investor Meet/Con. Call Updates,,,Analysts/Institutional Investor Meet/Con. Call Updates,00:00:03,17092020200556,17-Sep-2020 20:05:59,-,False,,,104517819,,INE726G01019,ICICI Prudential Life Insurance Company Limited,2020-09-17 20:05:56,ICICIPRULI
16-Sep-2020 17:27:21,,https://nsearchives.nseindia.com/corporate/ICICIPRULI_16092020172721_SE_Investor_Calls_September_15_2020_Evening.pdf,ICICI Prudential Life Insurance Company Limited has informed the Exchange about Analysts/Institutional Investor Meet/Con. Call Updates,,,Analysts/Institutional Investor Meet/Con. Call Updates,00:00:10,16092020172721,16-Sep-2020 17:27:31,-,False,,,104515648,,INE726G01019,ICICI Prudential Life Insurance Company Limited,2020-09-16 17:27:21,ICICIPRULI
16-Sep-2020 13:02:50,,https://nsearchives.nseindia.com/corporate/ICICIPRULI_16092020130250_SE_Investor_Calls_September_15_2020.pdf,ICICI Prudential Life Insurance Company Limited has informed the Exchange about Analysts/Institutional Investor Meet/Con. Call Updates,,,Analysts/Institutional Investor Meet/Con. Call Updates,00:00:03,16092020130250,16-Sep-2020 13:02:53,-,False,,,104515494,,INE726G01019,ICICI Prudential Life Insurance Company Limited,2020-09-16 13:02:50,ICICIPRULI
14-Sep-2020 23:24:48,,https://nsearchives.nseindia.com/corporate/ICICIPRULI_14092020232448_SE_Notification_with_regard_to_ICICI_Bank_issued_by_Central_Government.pdf,"ICICI Prudential Life Insurance Company Limited has informed the Exchange regarding 'notification published in the weekly Gazette of India for September 6-12, 2020 received by ICICI Bank Limited'.",,,Updates,00:00:03,14092020232448,14-Sep-2020 23:24:51,-,False,,,104511902,,INE726G01019,ICICI Prudential Life Insurance Company Limited,2020-09-14 23:24:48,ICICIPRULI
14-Sep-2020 22:12:35,,https://nsearchives.nseindia.com/corporate/ICICIPRULI_14092020221235_SE_Investor_Calls_September_14_2020.pdf,ICICI Prudential Life Insurance Company Limited has informed the Exchange about Analysts/Institutional Investor Meet/Con. Call Updates,,,Analysts/Institutional Investor Meet/Con. Call Updates,00:00:03,14092020221235,14-Sep-2020 22:12:38,-,False,,,104511692,,INE726G01019,ICICI Prudential Life Insurance Company Limited,2020-09-14 22:12:35,ICICIPRULI
11-Sep-2020 16:48:48,,https://nsearchives.nseindia.com/corporate/ICICIPRULI_11092020164848_SE_Intimation_Sept_11_2020.pdf,ICICI Prudential Life Insurance Company Limited has informed the Exchange regarding Allotment of 5980  Shares.,,,ESOP/ESOS/ESPS,00:00:03,11092020164848,11-Sep-2020 16:48:51,-,False,,,104508685,,INE726G01019,ICICI Prudential Life Insurance Company Limited,2020-09-11 16:48:48,ICICIPRULI
10-Sep-2020 10:10:40,,https://nsearchives.nseindia.com/corporate/ICICIPRULI_10092020101040_SE_PR_10_09_2020_signed.pdf,"ICICI Prudential Life Insurance Company Limited has informed the Exchange regarding a press release dated September 10, 2020, titled ""ICICI Prudential Life partners with NSDLPayments Bank to offer insurance products"".",,,Press Release,00:00:04,10092020101040,10-Sep-2020 10:10:44,-,False,,,104505104,,INE726G01019,ICICI Prudential Life Insurance Company Limited,2020-09-10 10:10:40,ICICIPRULI
09-Sep-2020 22:32:14,,https://nsearchives.nseindia.com/corporate/ICICIPRULI_09092020223214_SE_Investor_Calls_September_9_2020.pdf,ICICI Prudential Life Insurance Company Limited has informed the Exchange about Analysts/Institutional Investor Meet/Con. Call Updates,,,Analysts/Institutional Investor Meet/Con. Call Updates,00:00:04,09092020223214,09-Sep-2020 22:32:18,-,False,,,104504385,,INE726G01019,ICICI Prudential Life Insurance Company Limited,2020-09-09 22:32:14,ICICIPRULI
08-Sep-2020 19:36:57,,https://nsearchives.nseindia.com/corporate/ICICIPRULI_08092020193657_SE_Investor_Calls_September_8_2020.pdf,ICICI Prudential Life Insurance Company Limited has informed the Exchange about Analysts/Institutional Investor Meet/Con. Call Updates,,,Analysts/Institutional Investor Meet/Con. Call Updates,00:00:03,08092020193657,08-Sep-2020 19:37:00,-,False,,,104501989,,INE726G01019,ICICI Prudential Life Insurance Company Limited,2020-09-08 19:36:57,ICICIPRULI
08-Sep-2020 18:05:24,,https://nsearchives.nseindia.com/corporate/ICICIPRULI_08092020180524_SE_IP_Sep_8_2020_signed.pdf,ICICI Prudential Life Insurance Company Limited has informed the Exchange about Investor Presentation,,,Investor Presentation,00:00:06,08092020180524,08-Sep-2020 18:05:30,-,False,,,104501918,,INE726G01019,ICICI Prudential Life Insurance Company Limited,2020-09-08 18:05:24,ICICIPRULI
07-Sep-2020 22:09:47,,https://nsearchives.nseindia.com/corporate/ICICIPRULI_07092020220947_SE_Investor_Calls_September_7_2020.pdf,ICICI Prudential Life Insurance Company Limited has informed the Exchange about Analysts/Institutional Investor Meet/Con. Call Updates,,,Analysts/Institutional Investor Meet/Con. Call Updates,00:00:05,07092020220947,07-Sep-2020 22:09:52,-,False,,,104499927,,INE726G01019,ICICI Prudential Life Insurance Company Limited,2020-09-07 22:09:47,ICICIPRULI
04-Sep-2020 11:26:33,,https://nsearchives.nseindia.com/corporate/ICICIPRULI_04092020112633_SE_intimation_reg_30_Sep_4_2020.pdf,"ICICI Prudential Life Insurance Company Limited has informed the Exchange regarding 'the disclosure pursuant to Regulation 30 read with Para A Of Part A Of Schedule III of the SEBI (Listing Obligations And Disclosure Requirements) Regulations, 2015.'.",,,Updates,00:00:04,04092020112633,04-Sep-2020 11:26:37,-,False,,,104496338,,INE726G01019,ICICI Prudential Life Insurance Company Limited,2020-09-04 11:26:33,ICICIPRULI
03-Sep-2020 22:45:05,,https://nsearchives.nseindia.com/corporate/ICICIPRULI_03092020224505_SE_Investor_Calls_September_3_2020.pdf,ICICI Prudential Life Insurance Company Limited has informed the Exchange about Analysts/Institutional Investor Meet/Con. Call Updates,,,Analysts/Institutional Investor Meet/Con. Call Updates,00:00:03,03092020224505,03-Sep-2020 22:45:08,-,False,,,104495036,,INE726G01019,ICICI Prudential Life Insurance Company Limited,2020-09-03 22:45:05,ICICIPRULI
02-Sep-2020 21:49:32,,https://nsearchives.nseindia.com/corporate/ICICIPRULI_02092020214932_SE_Investor_Calls_September_2_2020.pdf,ICICI Prudential Life Insurance Company Limited has informed the Exchange about Analysts/Institutional Investor Meet/Con. Call Updates,,,Analysts/Institutional Investor Meet/Con. Call Updates,00:00:04,02092020214932,02-Sep-2020 21:49:36,-,False,,,104492777,,INE726G01019,ICICI Prudential Life Insurance Company Limited,2020-09-02 21:49:32,ICICIPRULI
02-Sep-2020 19:30:20,,https://nsearchives.nseindia.com/corporate/ICICIPRULI_02092020193020_SE_Intimation_Sept_2_2020.pdf,ICICI Prudential Life Insurance Company Limited has informed the Exchange regarding Allotment of 2000  Shares.,,,ESOP/ESOS/ESPS,00:00:03,02092020193020,02-Sep-2020 19:30:23,-,False,,,104492728,,INE726G01019,ICICI Prudential Life Insurance Company Limited,2020-09-02 19:30:20,ICICIPRULI
01-Sep-2020 22:04:55,,https://nsearchives.nseindia.com/corporate/ICICIPRULI_01092020220455_SE_Intimation_Sept_1_2020_signed.pdf,ICICI Prudential Life Insurance Company Limited has informed the Exchange regarding Allotment of 6000  Shares.,,,ESOP/ESOS/ESPS,00:00:05,01092020220455,01-Sep-2020 22:05:00,-,False,,,104490714,,INE726G01019,ICICI Prudential Life Insurance Company Limited,2020-09-01 22:04:55,ICICIPRULI
01-Sep-2020 19:03:54,,https://nsearchives.nseindia.com/corporate/ICICIPRULI_01092020190354_SE_Investor_Calls_September_1_2020.pdf,ICICI Prudential Life Insurance Company Limited has informed the Exchange about Analysts/Institutional Investor Meet/Con. Call Updates,,,Analysts/Institutional Investor Meet/Con. Call Updates,00:00:04,01092020190354,01-Sep-2020 19:03:58,-,False,,,104490640,,INE726G01019,ICICI Prudential Life Insurance Company Limited,2020-09-01 19:03:54,ICICIPRULI
31-Aug-2020 22:28:36,,https://nsearchives.nseindia.com/corporate/ICICIPRULI_31082020222836_SE_Investor_Calls_August_31_2020.pdf,ICICI Prudential Life Insurance Company Limited has informed the Exchange about Analysts/Institutional Investor Meet/Con. Call Updates,,,Analysts/Institutional Investor Meet/Con. Call Updates,00:00:05,31082020222836,31-Aug-2020 22:28:41,-,False,,,104488619,,INE726G01019,ICICI Prudential Life Insurance Company Limited,2020-08-31 22:28:36,ICICIPRULI
31-Aug-2020 16:16:07,,https://nsearchives.nseindia.com/corporate/ICICIPRULI_31082020161607_SE_PR_31_08_2020_.pdf,"ICICI Prudential Life Insurance Company Limited has informed the Exchange regarding a press release dated August 31, 2020, titled "" ICICI Prudential Life launches AI-poweredvoice chatbot on Google Assistant  for your information and records."".",,,Press Release,00:00:06,31082020161607,31-Aug-2020 16:16:13,-,False,,,104488319,,INE726G01019,ICICI Prudential Life Insurance Company Limited,2020-08-31 16:16:07,ICICIPRULI
28-Aug-2020 18:34:22,,https://nsearchives.nseindia.com/corporate/ICICIPRULI_28082020183422_SE_Investor_Calls_August_27_2020.pdf,ICICI Prudential Life Insurance Company Limited has informed the Exchange about Analysts/Institutional Investor Meet/Con. Call Updates,,,Analysts/Institutional Investor Meet/Con. Call Updates,00:00:02,28082020183422,28-Aug-2020 18:34:24,-,False,,,104485826,,INE726G01019,ICICI Prudential Life Insurance Company Limited,2020-08-28 18:34:22,ICICIPRULI
28-Aug-2020 18:12:35,,https://nsearchives.nseindia.com/corporate/ICICIPRULI_28082020181235_SE_Intimation_Change_in_Directorship.pdf,"ICICI Prudential Life Insurance Company Limited has informed the Exchange regarding Appointment of Mr Wilfred John Blackburn as Non- Executive Director of the company w.e.f. August 29, 2020.",,,Appointment,00:00:03,28082020181235,28-Aug-2020 18:12:38,-,False,,,104485802,,INE726G01019,ICICI Prudential Life Insurance Company Limited,2020-08-28 18:12:35,ICICIPRULI
28-Aug-2020 18:08:55,,https://nsearchives.nseindia.com/corporate/ICICIPRULI_28082020180855_SE_Intimation_Change_in_Directorship.pdf,"ICICI Prudential Life Insurance Company Limited has informed the Exchange regarding Resignation of Mr Raghunath Hariharan as Non- Executive Director of the company w.e.f. August 29, 2020.",,,Resignation,00:00:03,28082020180855,28-Aug-2020 18:08:58,-,False,,,104485799,,INE726G01019,ICICI Prudential Life Insurance Company Limited,2020-08-28 18:08:55,ICICIPRULI
28-Aug-2020 17:48:34,,https://nsearchives.nseindia.com/corporate/ICICIPRULI_28082020174834_SE_Intimation_Change_in_Directorship.pdf,ICICI Prudential Life Insurance Company Limited has informed the Exchange regarding Change in Director(s) of the company.,,,Change in Director(s),00:00:06,28082020174834,28-Aug-2020 17:48:40,-,False,,,104485772,,INE726G01019,ICICI Prudential Life Insurance Company Limited,2020-08-28 17:48:34,ICICIPRULI
24-Aug-2020 23:13:12,,https://nsearchives.nseindia.com/corporate/ICICIPRULI_24082020231312_SE_Investor_Calls_August_24_2020.pdf,ICICI Prudential Life Insurance Company Limited has informed the Exchange about Analysts/Institutional Investor Meet/Con. Call Updates,,,Analysts/Institutional Investor Meet/Con. Call Updates,00:00:03,24082020231312,24-Aug-2020 23:13:15,-,False,,,104476987,,INE726G01019,ICICI Prudential Life Insurance Company Limited,2020-08-24 23:13:12,ICICIPRULI
21-Aug-2020 22:19:54,,https://nsearchives.nseindia.com/corporate/ICICIPRULI_21082020221954_SE_Investor_Calls_August_21_2020.pdf,ICICI Prudential Life Insurance Company Limited has informed the Exchange about Analysts/Institutional Investor Meet/Con. Call Updates,,,Analysts/Institutional Investor Meet/Con. Call Updates,00:00:15,21082020221954,21-Aug-2020 22:20:09,-,False,,,104474017,,INE726G01019,ICICI Prudential Life Insurance Company Limited,2020-08-21 22:19:54,ICICIPRULI
21-Aug-2020 15:32:13,,https://nsearchives.nseindia.com/corporate/ICICIPRULI_21082020153213_SE_Transcript_intimation_.pdf,ICICI Prudential Life Insurance Company Limited has informed the Exchange regarding 'Transcript of the 20th Annual General Meeting'.,,,Updates,00:00:11,21082020153213,21-Aug-2020 15:32:24,-,False,,,104473754,,INE726G01019,ICICI Prudential Life Insurance Company Limited,2020-08-21 15:32:13,ICICIPRULI
20-Aug-2020 22:34:25,,https://nsearchives.nseindia.com/corporate/ICICIPRULI_20082020223425_SE_Investor_Calls_August_20_2020.pdf,ICICI Prudential Life Insurance Company Limited has informed the Exchange about Analysts/Institutional Investor Meet/Con. Call Updates,,,Analysts/Institutional Investor Meet/Con. Call Updates,00:00:03,20082020223425,20-Aug-2020 22:34:28,-,False,,,104472026,,INE726G01019,ICICI Prudential Life Insurance Company Limited,2020-08-20 22:34:25,ICICIPRULI
20-Aug-2020 16:22:30,,https://nsearchives.nseindia.com/corporate/ICICIPRULI_20082020162229_SE_Investor_Calls_August_19_2020.pdf,ICICI Prudential Life Insurance Company Limited has informed the Exchange about Analysts/Institutional Investor Meet/Con. Call Updates,,,Analysts/Institutional Investor Meet/Con. Call Updates,00:00:02,20082020162230,20-Aug-2020 16:22:32,-,False,,,104471478,,INE726G01019,ICICI Prudential Life Insurance Company Limited,2020-08-20 16:22:30,ICICIPRULI
17-Aug-2020 16:34:32,,https://nsearchives.nseindia.com/corporate/ICICIPRULI_17082020163432_SE_Intimation_Aug_17_signed.pdf,ICICI Prudential Life Insurance Company Limited has informed the Exchange regarding Allotment of 6000  Shares.,,,ESOP/ESOS/ESPS,00:00:03,17082020163432,17-Aug-2020 16:34:35,-,False,,,104464622,,INE726G01019,ICICI Prudential Life Insurance Company Limited,2020-08-17 16:34:32,ICICIPRULI
14-Aug-2020 20:29:18,,https://nsearchives.nseindia.com/corporate/ICICIPRULI_14082020202918_SE_Investor_Calls_August_14_2020.pdf,ICICI Prudential Life Insurance Company Limited has informed the Exchange about Analysts/Institutional Investor Meet/Con. Call Updates,,,Analysts/Institutional Investor Meet/Con. Call Updates,00:00:04,14082020202918,14-Aug-2020 20:29:22,-,False,,,104462316,,INE726G01019,ICICI Prudential Life Insurance Company Limited,2020-08-14 20:29:18,ICICIPRULI
13-Aug-2020 19:04:48,,https://nsearchives.nseindia.com/corporate/ICICIPRULI_13082020190448_SE_Investor_Calls_August_13_2020.pdf,ICICI Prudential Life Insurance Company Limited has informed the Exchange about Analysts/Institutional Investor Meet/Con. Call Updates,,,Analysts/Institutional Investor Meet/Con. Call Updates,00:00:07,13082020190448,13-Aug-2020 19:04:55,-,False,,,104459005,,INE726G01019,ICICI Prudential Life Insurance Company Limited,2020-08-13 19:04:48,ICICIPRULI
10-Aug-2020 23:45:27,,https://nsearchives.nseindia.com/corporate/ICICIPRULI_10082020234527_SE_Investor_Calls_August_10_2020.pdf,ICICI Prudential Life Insurance Company Limited has informed the Exchange about Analysts/Institutional Investor Meet/Con. Call Updates,,,Analysts/Institutional Investor Meet/Con. Call Updates,00:00:04,10082020234527,10-Aug-2020 23:45:31,-,False,,,104452652,,INE726G01019,ICICI Prudential Life Insurance Company Limited,2020-08-10 23:45:27,ICICIPRULI
09-Aug-2020 14:33:24,,https://nsearchives.nseindia.com/corporate/ICICIPRULI_09082020143324_Revised_SE_intimation_SR_merged.pdf,"ICICI Prudential Life Insurance Company Limited has informed the Exchange regarding 'Revised consolidated report issued by the Scrutiniser pursuant to Section 108 of the Companies Act, 2013 and rules made thereunder'.",,,Updates,00:00:05,09082020143324,09-Aug-2020 14:33:29,-,False,,,104451114,,INE726G01019,ICICI Prudential Life Insurance Company Limited,2020-08-09 14:33:24,ICICIPRULI
08-Aug-2020 16:35:55,,https://nsearchives.nseindia.com/corporate/ICICIPRULI_08082020163555_SE_intimation_Proceedings_VR_SR.pdf,"ICICI Prudential Life Insurance Company Limited has informed the Exchange regarding Proceedings of Annual General Meeting held on August 07, 2020. Further, the company has submitted the Exchange a copy of Srutinizers report along with voting results.",,,Shareholders meeting,00:00:03,08082020163555,08-Aug-2020 16:35:58,-,False,,,104450985,,INE726G01019,ICICI Prudential Life Insurance Company Limited,2020-08-08 16:35:55,ICICIPRULI
08-Aug-2020 10:10:15,,https://nsearchives.nseindia.com/corporate/ICICIPRULI_08082020101015_SE_Investor_Call_Aug_7_2020.pdf,ICICI Prudential Life Insurance Company Limited has informed the Exchange about Analysts/Institutional Investor Meet/Con. Call Updates,,,Analysts/Institutional Investor Meet/Con. Call Updates,00:00:04,08082020101015,08-Aug-2020 10:10:19,-,False,,,104450715,,INE726G01019,ICICI Prudential Life Insurance Company Limited,2020-08-08 10:10:15,ICICIPRULI
07-Aug-2020 12:30:54,,https://nsearchives.nseindia.com/corporate/ICICIPRULI_07082020123054_SE_IP_August_7_2020.pdf,ICICI Prudential Life Insurance Company Limited has informed the Exchange about Investor Presentation,,,Investor Presentation,00:00:04,07082020123054,07-Aug-2020 12:30:58,-,False,,,104449224,,INE726G01019,ICICI Prudential Life Insurance Company Limited,2020-08-07 12:30:54,ICICIPRULI
06-Aug-2020 18:52:09,,https://nsearchives.nseindia.com/corporate/ICICIPRULI_06082020185209_SE_Investor_Calls_August_6_2020.pdf,ICICI Prudential Life Insurance Company Limited has informed the Exchange about Analysts/Institutional Investor Meet/Con. Call Updates,,,Analysts/Institutional Investor Meet/Con. Call Updates,00:00:04,06082020185209,06-Aug-2020 18:52:13,-,False,,,104447635,,INE726G01019,ICICI Prudential Life Insurance Company Limited,2020-08-06 18:52:09,ICICIPRULI
05-Aug-2020 18:28:26,,https://nsearchives.nseindia.com/corporate/ICICIPRULI_05082020182826_SE_Investor_Calls_August_5_2020.pdf,ICICI Prudential Life Insurance Company Limited has informed the Exchange about Analysts/Institutional Investor Meet/Con. Call Updates,,,Analysts/Institutional Investor Meet/Con. Call Updates,00:00:19,05082020182826,05-Aug-2020 18:28:45,-,False,,,104445690,,INE726G01019,ICICI Prudential Life Insurance Company Limited,2020-08-05 18:28:26,ICICIPRULI
05-Aug-2020 12:04:46,,https://nsearchives.nseindia.com/corporate/ICICIPRULI_05082020120446_SE_Investor_Call_Aug_4_2020.pdf,ICICI Prudential Life Insurance Company Limited has informed the Exchange about Analysts/Institutional Investor Meet/Con. Call Updates,,,Analysts/Institutional Investor Meet/Con. Call Updates,00:00:05,05082020120446,05-Aug-2020 12:04:51,-,False,,,104444704,,INE726G01019,ICICI Prudential Life Insurance Company Limited,2020-08-05 12:04:46,ICICIPRULI
03-Aug-2020 22:09:37,,https://nsearchives.nseindia.com/corporate/ICICIPRULI_03082020220937_SE_Investor_Calls_August_3_2020.pdf,ICICI Prudential Life Insurance Company Limited has informed the Exchange about Analysts/Institutional Investor Meet/Con. Call Updates,,,Analysts/Institutional Investor Meet/Con. Call Updates,00:00:04,03082020220937,03-Aug-2020 22:09:41,-,False,,,104441696,,INE726G01019,ICICI Prudential Life Insurance Company Limited,2020-08-03 22:09:37,ICICIPRULI
31-Jul-2020 19:02:00,,https://nsearchives.nseindia.com/corporate/ICICIPRULI_31072020190254_SE_Investor_Calls_July_31_2020.pdf,ICICI Prudential Life Insurance Company Limited has informed the Exchange about Analysts/Institutional Investor Meet/Con. Call Updates,,,Analysts/Institutional Investor Meet/Con. Call Updates,-,31072020190200,-,-,False,,,104439096,,INE726G01019,ICICI Prudential Life Insurance Company Limited,2020-07-31 19:02:00,ICICIPRULI
30-Jul-2020 21:54:00,,https://nsearchives.nseindia.com/corporate/ICICIPRULI_30072020215459_SE_Investor_Calls_July_30_2020.pdf,ICICI Prudential Life Insurance Company Limited has informed the Exchange about Analysts/Institutional Investor Meet/Con. Call Updates,,,Analysts/Institutional Investor Meet/Con. Call Updates,-,30072020215400,-,-,False,,,104436767,,INE726G01019,ICICI Prudential Life Insurance Company Limited,2020-07-30 21:54:00,ICICIPRULI
29-Jul-2020 19:04:00,,https://nsearchives.nseindia.com/corporate/ICICIPRULI_29072020190431_SE_Investor_Calls_July_29_2020.pdf,ICICI Prudential Life Insurance Company Limited has informed the Exchange about Analysts/Institutional Investor Meet/Con. Call Updates,,,Analysts/Institutional Investor Meet/Con. Call Updates,-,29072020190400,-,-,False,,,104434255,,INE726G01019,ICICI Prudential Life Insurance Company Limited,2020-07-29 19:04:00,ICICIPRULI
28-Jul-2020 22:48:00,,https://nsearchives.nseindia.com/corporate/ICICIPRULI_28072020224848_SE_Investor_Calls_July_28_2020.pdf,ICICI Prudential Life Insurance Company Limited has informed the Exchange about Analysts/Institutional Investor Meet/Con. Call Updates,,,Analysts/Institutional Investor Meet/Con. Call Updates,-,28072020224800,-,-,False,,,104432452,,INE726G01019,ICICI Prudential Life Insurance Company Limited,2020-07-28 22:48:00,ICICIPRULI
27-Jul-2020 21:58:00,,https://nsearchives.nseindia.com/corporate/ICICIPRULI_27072020215846_SE_Investor_Calls_July_27_2020.pdf,ICICI Prudential Life Insurance Company Limited has informed the Exchange about Analysts/Institutional Investor Meet/Con. Call Updates,,,Analysts/Institutional Investor Meet/Con. Call Updates,-,27072020215800,-,-,False,,,104429532,,INE726G01019,ICICI Prudential Life Insurance Company Limited,2020-07-27 21:58:00,ICICIPRULI
24-Jul-2020 19:24:00,,https://nsearchives.nseindia.com/corporate/ICICIPRULI_24072020192428_SE_Investor_Calls_July_24_2020.pdf,ICICI Prudential Life Insurance Company Limited has informed the Exchange about Analysts/Institutional Investor Meet/Con. Call Updates,,,Analysts/Institutional Investor Meet/Con. Call Updates,-,24072020192400,-,-,False,,,104426576,,INE726G01019,ICICI Prudential Life Insurance Company Limited,2020-07-24 19:24:00,ICICIPRULI
23-Jul-2020 20:24:00,,https://nsearchives.nseindia.com/corporate/ICICIPRULI_23072020202448_Submissionofnewspaperclippings.pdf,ICICI Prudential Life Insurance Company Limited has informed the Exchange about Copy of Newspaper Publication,,,Copy of Newspaper Publication,-,23072020202400,-,-,False,,,104424175,,INE726G01019,ICICI Prudential Life Insurance Company Limited,2020-07-23 20:24:00,ICICIPRULI
22-Jul-2020 16:34:00,,https://nsearchives.nseindia.com/corporate/ICICIPRULI_22072020163451_SE_Investor_Calls_July_22_2020.pdf,ICICI Prudential Life Insurance Company Limited has informed the Exchange about Analysts/Institutional Investor Meet/Con. Call Updates,,,Analysts/Institutional Investor Meet/Con. Call Updates,-,22072020163400,-,-,False,,,104421525,,INE726G01019,ICICI Prudential Life Insurance Company Limited,2020-07-22 16:34:00,ICICIPRULI
21-Jul-2020 14:37:34,,https://nsearchives.nseindia.com/corporate/Financial_results_SEBI_incl_press_release_Q1FY21_21072020143734.zip,"ICICI Prudential Life Insurance Company Limited has submitted to the Exchange, the financial results for the period ended June 30, 2020.",,,Financial Result Updates,-,21072020143734,-,-,False,,,135097,,INE726G01019,ICICI Prudential Life Insurance Company Limited,2020-07-21 14:37:34,ICICIPRULI
21-Jul-2020 14:33:00,,https://nsearchives.nseindia.com/corporate/ICICIPRULI_21072020143307_SE_Intimation_IP_July_21_2020_combined.pdf,ICICI Prudential Life Insurance Company Limited has informed the Exchange about Investor Presentation,,,Investor Presentation,-,21072020143300,-,-,False,,,104419051,,INE726G01019,ICICI Prudential Life Insurance Company Limited,2020-07-21 14:33:00,ICICIPRULI
21-Jul-2020 14:29:00,,https://nsearchives.nseindia.com/corporate/ICICIPRULI_21072020142904_SE_Outcome_Board_Meeting_July_21_2020_combined.pdf,"ICICI Prudential Life Insurance Company Limited has informed the Exchange regarding  Board meeting held on July 21, 2020, which inter alia, has approved the audited financial statements and financial results (standalone and consolidated) for the quarter ended June 30, 2020.",,,Outcome of Board Meeting,-,21072020142900,-,-,False,,,104419048,,INE726G01019,ICICI Prudential Life Insurance Company Limited,2020-07-21 14:29:00,ICICIPRULI
16-Jul-2020 16:44:00,,https://nsearchives.nseindia.com/corporate/ICICIPRULI_16072020164410_SE_lntimation_July_16_2020.pdf,ICICI Prudential Life Insurance Company Limited has informed the Exchange about Analysts/Institutional Investor Meet/Con. Call Updates,,,Analysts/Institutional Investor Meet/Con. Call Updates,-,16072020164400,-,-,False,,,104411312,,INE726G01019,ICICI Prudential Life Insurance Company Limited,2020-07-16 16:44:00,ICICIPRULI
16-Jul-2020 14:55:00,,https://nsearchives.nseindia.com/corporate/ICICIPRULI_16072020145538_Copyofnewspaperpublication.pdf,ICICI Prudential Life Insurance Company Limited has informed the Exchange about Copy of Newspaper Publication,,,Copy of Newspaper Publication,-,16072020145500,-,-,False,,,104411228,,INE726G01019,ICICI Prudential Life Insurance Company Limited,2020-07-16 14:55:00,ICICIPRULI
16-Jul-2020 01:14:00,,https://nsearchives.nseindia.com/corporate/ICICIPRULI_16072020011452_SE_AGM_notice_AR.pdf,"ICICI Prudential Life Insurance Company Limited has informed the Exchange regarding Notice of Annual General Meeting to be held on August 07, 2020",,,Shareholders meeting,-,16072020011400,-,-,False,,,104410144,,INE726G01019,ICICI Prudential Life Insurance Company Limited,2020-07-16 01:14:00,ICICIPRULI
16-Jul-2020 00:47:00,,https://nsearchives.nseindia.com/corporate/ICICIPRULI_16072020004729_SE_AGM_notice_AR.pdf,"ICICI Prudential Life Insurance Company Limited has informed the Exchange regarding 'the Notice of the 20th Annual General Meeting of the Company  to be held on Friday, August 7, 2020, at 3.30 p.m. IST, through Video Conference / Other Audio Visual Means  facility and without the physical presence of the Members at a common venue, along with the Annual Report of the Company for FY2020.   '.",,,Updates,-,16072020004700,-,-,False,,,104410141,,INE726G01019,ICICI Prudential Life Insurance Company Limited,2020-07-16 00:47:00,ICICIPRULI
13-Jul-2020 16:10:00,,https://nsearchives.nseindia.com/corporate/ICICIPRULI_13072020161028_Newspaperadvertisement.pdf,ICICI Prudential Life Insurance Company Limited has informed the Exchange about Copy of Newspaper Publication,,,Copy of Newspaper Publication,-,13072020161000,-,-,False,,,104404133,,INE726G01019,ICICI Prudential Life Insurance Company Limited,2020-07-13 16:10:00,ICICIPRULI
13-Jul-2020 16:01:00,,https://nsearchives.nseindia.com/corporate/ICICIPRULI_13072020160127_IntimationofAGM.pdf,"ICICI Prudential Life Insurance Company Limited has informed the Exchange regarding Notice of Annual General Meeting to be held on August 07, 2020",,,Shareholders meeting,-,13072020160100,-,-,False,,,104404123,,INE726G01019,ICICI Prudential Life Insurance Company Limited,2020-07-13 16:01:00,ICICIPRULI
13-Jul-2020 15:49:00,,https://nsearchives.nseindia.com/corporate/ICICIPRULI_13072020154931_IntimationofAGM.pdf,"ICICI Prudential Life Insurance Company Limited has informed the Exchange regarding 'Annual General Meeting on Friday, August 7, 2020'.",,,Updates,-,13072020154900,-,-,False,,,104404113,,INE726G01019,ICICI Prudential Life Insurance Company Limited,2020-07-13 15:49:00,ICICIPRULI
09-Jul-2020 19:10:00,,https://nsearchives.nseindia.com/corporate/ICICIPRULI_09072020191033_Reg_74_5__Certificate.pdf,"ICICI Prudential Life Insurance Company Limited has informed the Exchange regarding 'Certificate under Regulation 74(5) of the SEBI (Depositories and Participants) Regulations, 2018 for the quarter ended June 30, 2020'.",,,Updates,-,09072020191000,-,-,False,,,104399503,,INE726G01019,ICICI Prudential Life Insurance Company Limited,2020-07-09 19:10:00,ICICIPRULI
09-Jul-2020 16:47:00,,https://nsearchives.nseindia.com/corporate/ICICIPRULI_09072020164743_SE_IP_July_9_2020_combined.pdf,ICICI Prudential Life Insurance Company Limited has informed the Exchange about Investor Presentation,,,Investor Presentation,-,09072020164700,-,-,False,,,104398697,,INE726G01019,ICICI Prudential Life Insurance Company Limited,2020-07-09 16:47:00,ICICIPRULI
09-Jul-2020 16:02:00,,https://nsearchives.nseindia.com/corporate/ICICIPRULI_09072020160203_SE_Intimation_BM_newspaper_intimation_Final.pdf,"ICICI Prudential Life Insurance Company Limited has informed the Exchange regarding 'Copy of the Notice published in the newspapers i.e. Financial Express and Loksatta on July 9, 2020, informing the public that the Board of Directors will, inter alia, consider approval of the standalone and consolidated financial statements and financial results of the Company for the quarter ended June 30, 2020 at its Meeting scheduled to be held on Tuesday, July 21, 2020.'.",,,Updates,-,09072020160200,-,-,False,,,104398664,,INE726G01019,ICICI Prudential Life Insurance Company Limited,2020-07-09 16:02:00,ICICIPRULI
26-Jun-2020 19:57:00,,https://nsearchives.nseindia.com/corporate/ICICIPRULI_26062020195741_SE_Intimation_Trading_window_closure_Final.pdf,"ICICI Prudential Life Insurance Company Limited has informed the Exchange regarding the Trading Window closure pursuant to SEBI (Prohibition of Insider Trading) Regulations, 2015",,,Trading Window,-,26062020195700,-,-,False,,,104375250,,INE726G01019,ICICI Prudential Life Insurance Company Limited,2020-06-26 19:57:00,ICICIPRULI
24-Jun-2020 20:12:00,,https://nsearchives.nseindia.com/corporate/ICICIPRULI_24062020201215_SE_Investor_Calls_June_24_2020.pdf,ICICI Prudential Life Insurance Company Limited has informed the Exchange about Analysts/Institutional Investor Meet/Con. Call Updates,,,Analysts/Institutional Investor Meet/Con. Call Updates,-,24062020201200,-,-,False,,,104369959,,INE726G01019,ICICI Prudential Life Insurance Company Limited,2020-06-24 20:12:00,ICICIPRULI
23-Jun-2020 19:08:00,,https://nsearchives.nseindia.com/corporate/ICICIPRULI_23062020190830_SE_Investor_Calls_June_23_2020.pdf,ICICI Prudential Life Insurance Company Limited has informed the Exchange about Analysts/Institutional Investor Meet/Con. Call Updates,,,Analysts/Institutional Investor Meet/Con. Call Updates,-,23062020190800,-,-,False,,,104367446,,INE726G01019,ICICI Prudential Life Insurance Company Limited,2020-06-23 19:08:00,ICICIPRULI
22-Jun-2020 18:59:00,,https://nsearchives.nseindia.com/corporate/ICICIPRULI_22062020185932_SE_Investor_Calls_June_22_2020.pdf,ICICI Prudential Life Insurance Company Limited has informed the Exchange about Analysts/Institutional Investor Meet/Con. Call Updates,,,Analysts/Institutional Investor Meet/Con. Call Updates,-,22062020185900,-,-,False,,,104364911,,INE726G01019,ICICI Prudential Life Insurance Company Limited,2020-06-22 18:59:00,ICICIPRULI
17-Jun-2020 12:23:00,,https://nsearchives.nseindia.com/corporate/ICICIPRULI_17062020122325_SE_Investor_Calls_June_16_2020.pdf,ICICI Prudential Life Insurance Company Limited has informed the Exchange about Analysts/Institutional Investor Meet/Con. Call Updates,,,Analysts/Institutional Investor Meet/Con. Call Updates,-,17062020122300,-,-,False,,,104356309,,INE726G01019,ICICI Prudential Life Insurance Company Limited,2020-06-17 12:23:00,ICICIPRULI
15-Jun-2020 19:09:00,,https://nsearchives.nseindia.com/corporate/ICICIPRULI_15062020190932_SE_Investor_Calls_June_15_2020.pdf,ICICI Prudential Life Insurance Company Limited has informed the Exchange about Analysts/Institutional Investor Meet/Con. Call Updates,,,Analysts/Institutional Investor Meet/Con. Call Updates,-,15062020190900,-,-,False,,,104352586,,INE726G01019,ICICI Prudential Life Insurance Company Limited,2020-06-15 19:09:00,ICICIPRULI
13-Jun-2020 12:58:00,,https://nsearchives.nseindia.com/corporate/ICICIPRULI_13062020125830_SE_Investor_Calls_June_12_2020.pdf,ICICI Prudential Life Insurance Company Limited has informed the Exchange about Analysts/Institutional Investor Meet/Con. Call Updates,,,Analysts/Institutional Investor Meet/Con. Call Updates,-,13062020125800,-,-,False,,,104350838,,INE726G01019,ICICI Prudential Life Insurance Company Limited,2020-06-13 12:58:00,ICICIPRULI
12-Jun-2020 12:32:00,,https://nsearchives.nseindia.com/corporate/ICICIPRULI_12062020123251_SE_Investor_Calls_June_11_2020.pdf,ICICI Prudential Life Insurance Company Limited has informed the Exchange about Analysts/Institutional Investor Meet/Con. Call Updates,,,Analysts/Institutional Investor Meet/Con. Call Updates,-,12062020123200,-,-,False,,,104349459,,INE726G01019,ICICI Prudential Life Insurance Company Limited,2020-06-12 12:32:00,ICICIPRULI
11-Jun-2020 17:51:00,,https://nsearchives.nseindia.com/corporate/ICICIPRULI_11062020175155_Intimation_SE_June_11_2020_final.pdf,ICICI Prudential Life Insurance Company Limited has informed the Exchange regarding 're-appointment of an Independent Director of the Company'.,,,Updates,-,11062020175100,-,-,False,,,104347290,,INE726G01019,ICICI Prudential Life Insurance Company Limited,2020-06-11 17:51:00,ICICIPRULI
11-Jun-2020 11:16:00,,https://nsearchives.nseindia.com/corporate/ICICIPRULI_11062020111618_SE_Investor_Calls_June_10_2020.pdf,ICICI Prudential Life Insurance Company Limited has informed the Exchange about Analysts/Institutional Investor Meet/Con. Call Updates,,,Analysts/Institutional Investor Meet/Con. Call Updates,-,11062020111600,-,-,False,,,104346979,,INE726G01019,ICICI Prudential Life Insurance Company Limited,2020-06-11 11:16:00,ICICIPRULI
10-Jun-2020 18:00:00,,https://nsearchives.nseindia.com/corporate/ICICIPRULI_10062020180030_SE_Investor_Calls_June_9_2020.pdf,ICICI Prudential Life Insurance Company Limited has informed the Exchange about Analysts/Institutional Investor Meet/Con. Call Updates,,,Analysts/Institutional Investor Meet/Con. Call Updates,-,10062020180000,-,-,False,,,104344957,,INE726G01019,ICICI Prudential Life Insurance Company Limited,2020-06-10 18:00:00,ICICIPRULI
09-Jun-2020 18:28:00,,https://nsearchives.nseindia.com/corporate/ICICIPRULI_09062020182842_SE_Investor_Calls_June_8_June_9_2020.pdf,ICICI Prudential Life Insurance Company Limited has informed the Exchange about Analysts/Institutional Investor Meet/Con. Call Updates,,,Analysts/Institutional Investor Meet/Con. Call Updates,-,09062020182800,-,-,False,,,104341956,,INE726G01019,ICICI Prudential Life Insurance Company Limited,2020-06-09 18:28:00,ICICIPRULI
08-Jun-2020 13:51:00,,https://nsearchives.nseindia.com/corporate/ICICIPRULI_08062020135109_SE_IP_June_8_2020_combined.pdf,ICICI Prudential Life Insurance Company Limited has informed the Exchange about Investor Presentation,,,Investor Presentation,-,08062020135100,-,-,False,,,104339352,,INE726G01019,ICICI Prudential Life Insurance Company Limited,2020-06-08 13:51:00,ICICIPRULI
05-Jun-2020 21:52:00,,https://nsearchives.nseindia.com/corporate/ICICIPRULI_05062020215256_SE_Investor_Calls_June_5_2020.pdf,ICICI Prudential Life Insurance Company Limited has informed the Exchange regarding Analysts/Institutional Investor Meet/Con. Call Updates,,,Analysts/Institutional Investor Meet/Con. Call Updates,-,05062020215200,-,-,False,,,104337190,,INE726G01019,ICICI Prudential Life Insurance Company Limited,2020-06-05 21:52:00,ICICIPRULI
01-Jun-2020 18:25:00,,https://nsearchives.nseindia.com/corporate/ICICIPRULI_01062020182543_SE_Investor_Calls_June_1_2020.pdf,ICICI Prudential Life Insurance Company Limited has informed the Exchange regarding Analysts/Institutional Investor Meet/Con. Call Updates,,,Analysts/Institutional Investor Meet/Con. Call Updates,-,01062020182500,-,-,False,,,104328116,,INE726G01019,ICICI Prudential Life Insurance Company Limited,2020-06-01 18:25:00,ICICIPRULI
27-May-2020 15:12:00,,https://nsearchives.nseindia.com/corporate/ICICIPRULI_27052020151238_SE_Investor_Calls_May_27_2020.pdf,ICICI Prudential Life Insurance Company Limited has informed the Exchange regarding Analysts/Institutional Investor Meet/Con. Call Updates,,,Analysts/Institutional Investor Meet/Con. Call Updates,-,27052020151200,-,-,False,,,104319432,,INE726G01019,ICICI Prudential Life Insurance Company Limited,2020-05-27 15:12:00,ICICIPRULI
26-May-2020 20:56:00,,https://nsearchives.nseindia.com/corporate/ICICIPRULI_26052020205659_SE_Investor_Calls_May_26_2020.pdf,ICICI Prudential Life Insurance Company Limited has informed the Exchange regarding Analysts/Institutional Investor Meet/Con. Call Updates,,,Analysts/Institutional Investor Meet/Con. Call Updates,-,26052020205600,-,-,False,,,104317644,,INE726G01019,ICICI Prudential Life Insurance Company Limited,2020-05-26 20:56:00,ICICIPRULI
26-May-2020 14:47:00,,https://nsearchives.nseindia.com/corporate/ICICIPRULI_26052020144723_SE_PN_May_26_2020_clarification.pdf,ICICI Prudential Life Insurance Company Limited has informed the Exchange regarding 'Clarification on intimation of change in directorship of the Company'.,,,Updates,-,26052020144700,-,-,False,,,104317100,,INE726G01019,ICICI Prudential Life Insurance Company Limited,2020-05-26 14:47:00,ICICIPRULI
25-May-2020 20:50:00,,https://nsearchives.nseindia.com/corporate/ICICIPRULI_25052020205032_SE_PN_May_25_2020_final.pdf,"ICICI Prudential Life Insurance Company Limited has informed the Exchange regarding Change in Director(s) of the company. Kindly note that Mr. Puneet Nanda, Deputy Managing Director of the Company shall cease to be the wholetime Director of the Company, effective close of business hours on June 14, 2020, pursuant to his appointment as Managing Director & CEO of ICICI VentureFunds Management Company with effect from June 15, 2020.",,,Change in Director(s),-,25052020205000,-,-,False,,,104315953,,INE726G01019,ICICI Prudential Life Insurance Company Limited,2020-05-25 20:50:00,ICICIPRULI
23-May-2020 12:47:00,,https://nsearchives.nseindia.com/corporate/ICICIPRULI_23052020124704_SE_Investor_Calls_May_22_2020.pdf,ICICI Prudential Life Insurance Company Limited has informed the Exchange regarding Analysts/Institutional Investor Meet/Con. Call Updates,,,Analysts/Institutional Investor Meet/Con. Call Updates,-,23052020124700,-,-,False,,,104315479,,INE726G01019,ICICI Prudential Life Insurance Company Limited,2020-05-23 12:47:00,ICICIPRULI
22-May-2020 13:38:00,,https://nsearchives.nseindia.com/corporate/ICICIPRULI_22052020133821_SE_Investor_Calls_May_21_and_May_22_2020.pdf,ICICI Prudential Life Insurance Company Limited has informed the Exchange regarding Analysts/Institutional Investor Meet/Con. Call Updates,,,Analysts/Institutional Investor Meet/Con. Call Updates,-,22052020133800,-,-,False,,,104314154,,INE726G01019,ICICI Prudential Life Insurance Company Limited,2020-05-22 13:38:00,ICICIPRULI
21-May-2020 11:55:00,,https://nsearchives.nseindia.com/corporate/ICICIPRULI_21052020115535_SE_Investor_Calls_May_20_2020.pdf,ICICI Prudential Life Insurance Company Limited has informed the Exchange regarding Analysts/Institutional Investor Meet/Con. Call Updates,,,Analysts/Institutional Investor Meet/Con. Call Updates,-,21052020115500,-,-,False,,,104311856,,INE726G01019,ICICI Prudential Life Insurance Company Limited,2020-05-21 11:55:00,ICICIPRULI
20-May-2020 15:14:00,,https://nsearchives.nseindia.com/corporate/ICICIPRULI_20052020151446_ICICI.pdf,"Promoter of ICICI Prudential Life Insurance Company Limited has informed the Exchange regarding Disclosure under Regulations 30(2) and 31(4) of SEBI (Substantial Acquisition of Shares and Takeovers) Regulations, 2011",,,Disclosure under SEBI Takeover Regulations,-,20052020151400,-,-,False,,,104309636,,INE726G01019,ICICI Prudential Life Insurance Company Limited,2020-05-20 15:14:00,ICICIPRULI
20-May-2020 14:39:00,,https://nsearchives.nseindia.com/corporate/ICICIPRULI_20052020143915_SE_Investor_Calls_May_19_2020.pdf,ICICI Prudential Life Insurance Company Limited has informed the Exchange regarding Analysts/Institutional Investor Meet/Con. Call Updates,,,Analysts/Institutional Investor Meet/Con. Call Updates,-,20052020143900,-,-,False,,,104309626,,INE726G01019,ICICI Prudential Life Insurance Company Limited,2020-05-20 14:39:00,ICICIPRULI
19-May-2020 14:22:00,,https://nsearchives.nseindia.com/corporate/ICICIPRULI_19052020142247_SE_Investor_Calls_May_18_and_May_19_2020.pdf,ICICI Prudential Life Insurance Company Limited has informed the Exchange regarding Analysts/Institutional Investor Meet/Con. Call Updates,,,Analysts/Institutional Investor Meet/Con. Call Updates,-,19052020142200,-,-,False,,,104307316,,INE726G01019,ICICI Prudential Life Insurance Company Limited,2020-05-19 14:22:00,ICICIPRULI
18-May-2020 19:36:00,,https://nsearchives.nseindia.com/corporate/ICICIPRULI_18052020193628_SE_intimation_RPT_March_31_2020.pdf,"ICICI Prudential Life Insurance Company Limited has informed the Exchange regarding Disclosure under regulation 23(9) of the SEBI (Listing Obligations and Disclosure Requirements) Regulations, 2015, pertaining to related party transactions, on a consolidated basis, for the period ended March 31, 2020.",,,Related Party Transactions,-,18052020193600,-,-,False,,,104305008,,INE726G01019,ICICI Prudential Life Insurance Company Limited,2020-05-18 19:36:00,ICICIPRULI
15-May-2020 19:29:00,,https://nsearchives.nseindia.com/corporate/ICICIPRULI_15052020192942_SE_Investor_Call_May_15_2020.pdf,ICICI Prudential Life Insurance Company Limited has informed the Exchange regarding Analysts/Institutional Investor Meet/Con. Call Updates,,,Analysts/Institutional Investor Meet/Con. Call Updates,-,15052020192900,-,-,False,,,104302347,,INE726G01019,ICICI Prudential Life Insurance Company Limited,2020-05-15 19:29:00,ICICIPRULI
13-May-2020 19:22:00,,https://nsearchives.nseindia.com/corporate/ICICIPRULI_13052020192237_SE_Investor_Call_May_13_2020.pdf,ICICI Prudential Life Insurance Company Limited has informed the Exchange regarding Analysts/Institutional Investor Meet/Con. Call Updates,,,Analysts/Institutional Investor Meet/Con. Call Updates,-,13052020192200,-,-,False,,,104296839,,INE726G01019,ICICI Prudential Life Insurance Company Limited,2020-05-13 19:22:00,ICICIPRULI
12-May-2020 19:48:00,,https://nsearchives.nseindia.com/corporate/ICICIPRULI_12052020194826_SE_Investor_Call_May_12_2020.pdf,ICICI Prudential Life Insurance Company Limited has informed the Exchange regarding Analysts/Institutional Investor Meet/Con. Call Updates,,,Analysts/Institutional Investor Meet/Con. Call Updates,-,12052020194800,-,-,False,,,104294092,,INE726G01019,ICICI Prudential Life Insurance Company Limited,2020-05-12 19:48:00,ICICIPRULI
11-May-2020 21:11:00,,https://nsearchives.nseindia.com/corporate/ICICIPRULI_11052020211157_SE_Investor_Calls_May_11_2020.pdf,ICICI Prudential Life Insurance Company Limited has informed the Exchange regarding Analysts/Institutional Investor Meet/Con. Call Updates,,,Analysts/Institutional Investor Meet/Con. Call Updates,-,11052020211100,-,-,False,,,104290602,,INE726G01019,ICICI Prudential Life Insurance Company Limited,2020-05-11 21:11:00,ICICIPRULI
09-May-2020 12:55:00,,https://nsearchives.nseindia.com/corporate/ICICIPRULI_09052020125531_SE_intimation_business_presentation_April_2020_combined.pdf,ICICI Prudential Life Insurance Company Limited has informed the Exchange regarding Investor Presentation,,,Investor Presentation,-,09052020125500,-,-,False,,,104288951,,INE726G01019,ICICI Prudential Life Insurance Company Limited,2020-05-09 12:55:00,ICICIPRULI
08-May-2020 20:42:00,,https://nsearchives.nseindia.com/corporate/ICICIPRULI_08052020204254_SE_Investor_Calls_May_8_2020.pdf,ICICI Prudential Life Insurance Company Limited has informed the Exchange regarding Analysts/Institutional Investor Meet/Con. Call Updates,,,Analysts/Institutional Investor Meet/Con. Call Updates,-,08052020204200,-,-,False,,,104288247,,INE726G01019,ICICI Prudential Life Insurance Company Limited,2020-05-08 20:42:00,ICICIPRULI
07-May-2020 19:54:00,,https://nsearchives.nseindia.com/corporate/ICICIPRULI_07052020195454_SE_Investor_Calls_May_7_2020.pdf,ICICI Prudential Life Insurance Company Limited has informed the Exchange regarding Analysts/Institutional Investor Meet/Con. Call Updates,,,Analysts/Institutional Investor Meet/Con. Call Updates,-,07052020195400,-,-,False,,,104287187,,INE726G01019,ICICI Prudential Life Insurance Company Limited,2020-05-07 19:54:00,ICICIPRULI
06-May-2020 17:11:00,,https://nsearchives.nseindia.com/corporate/ICICIPRULI_06052020171150_SE_Investor_Calls_May_6_2020_combined.pdf,ICICI Prudential Life Insurance Company Limited has informed the Exchange regarding Analysts/Institutional Investor Meet/Con. Call Updates,,,Analysts/Institutional Investor Meet/Con. Call Updates,-,06052020171100,-,-,False,,,104284814,,INE726G01019,ICICI Prudential Life Insurance Company Limited,2020-05-06 17:11:00,ICICIPRULI
05-May-2020 20:13:00,,https://nsearchives.nseindia.com/corporate/ICICIPRULI_05052020201301_SE_Investor_Calls_May_5_2020_combined.pdf,ICICI Prudential Life Insurance Company Limited has informed the Exchange regarding Analysts/Institutional Investor Meet/Con. Call Updates,,,Analysts/Institutional Investor Meet/Con. Call Updates,-,05052020201300,-,-,False,,,104281219,,INE726G01019,ICICI Prudential Life Insurance Company Limited,2020-05-05 20:13:00,ICICIPRULI
04-May-2020 18:31:00,,https://nsearchives.nseindia.com/corporate/ICICIPRULI_04052020183119_SE_Investor_Calls_May_4_2020_combined.pdf,ICICI Prudential Life Insurance Company Limited has informed the Exchange regarding Analysts/Institutional Investor Meet/Con. Call Updates,,,Analysts/Institutional Investor Meet/Con. Call Updates,-,04052020183100,-,-,False,,,104278765,,INE726G01019,ICICI Prudential Life Insurance Company Limited,2020-05-04 18:31:00,ICICIPRULI
01-May-2020 15:24:00,,https://nsearchives.nseindia.com/corporate/ICICIPRULI_01052020152442_SE_intimation_reg_30_May_1_2020_combined.pdf,"ICICI Prudential Life Insurance Company Limited has informed the Exchange regarding disclosure under Regulation 30 read with para A of part A of schedule III of the SEBI (Listing Obligations and Disclosure Requirements) Regulations, 2015",,,Acquisition,-,01052020152400,-,-,False,,,104276714,,INE726G01019,ICICI Prudential Life Insurance Company Limited,2020-05-01 15:24:00,ICICIPRULI
30-Apr-2020 19:38:00,,https://nsearchives.nseindia.com/corporate/ICICIPRULI_30042020193857_SE_Investor_Calls_April_30_2020.pdf,ICICI Prudential Life Insurance Company Limited has informed the Exchange regarding Analysts/Institutional Investor Meet/Con. Call Updates,,,Analysts/Institutional Investor Meet/Con. Call Updates,-,30042020193800,-,-,False,,,104275795,,INE726G01019,ICICI Prudential Life Insurance Company Limited,2020-04-30 19:38:00,ICICIPRULI
29-Apr-2020 18:39:00,,https://nsearchives.nseindia.com/corporate/ICICIPRULI_29042020183929_SE_Investor_Calls_April_29_2020_.pdf,ICICI Prudential Life Insurance Company Limited has informed the Exchange regarding Analysts/Institutional Investor Meet/Con. Call Updates,,,Analysts/Institutional Investor Meet/Con. Call Updates,-,29042020183900,-,-,False,,,104273424,,INE726G01019,ICICI Prudential Life Insurance Company Limited,2020-04-29 18:39:00,ICICIPRULI
28-Apr-2020 20:41:00,,https://nsearchives.nseindia.com/corporate/ICICIPRULI_28042020204124_Stock_exchange_submission_Signed.pdf,ICICI Prudential Life Insurance Company Limited has informed the Exchange regarding allotment of  10400 Equity Shares under ESOP,,,Allotment of ESOP/ESPS,-,28042020204100,-,-,False,,,104271114,,INE726G01019,ICICI Prudential Life Insurance Company Limited,2020-04-28 20:41:00,ICICIPRULI
28-Apr-2020 18:57:00,,https://nsearchives.nseindia.com/corporate/ICICIPRULI_28042020185744_SE_Investor_meeting_April_28_2020.pdf,ICICI Prudential Life Insurance Company Limited has informed the Exchange regarding Analysts/Institutional Investor Meet/Con. Call Updates,,,Analysts/Institutional Investor Meet/Con. Call Updates,-,28042020185700,-,-,False,,,104271080,,INE726G01019,ICICI Prudential Life Insurance Company Limited,2020-04-28 18:57:00,ICICIPRULI
27-Apr-2020 20:10:00,,https://nsearchives.nseindia.com/corporate/ICICIPRULI_27042020201057_SE_Investor_Call_Intimation_April_27_2020.pdf,ICICI Prudential Life Insurance Company Limited has informed the Exchange regarding Analysts/Institutional Investor Meet/Con. Call Updates,,,Analysts/Institutional Investor Meet/Con. Call Updates,-,27042020201000,-,-,False,,,104268833,,INE726G01019,ICICI Prudential Life Insurance Company Limited,2020-04-27 20:10:00,ICICIPRULI
27-Apr-2020 19:58:00,,https://nsearchives.nseindia.com/corporate/ICICIPRULI_27042020195802_SE_newspaper_publication_Financial_results_March_31_2020_combined.pdf,"ICICI Prudential Life Insurance Company Limited has informed the Exchange regarding 'Copy of the extract of Audited financial statements and financial results (standalone and consolidated) for the quarter and year ended March 31, 2020 published in the newspapers i.e. Financial Express and Loksatta.'.",,,Updates,-,27042020195800,-,-,False,,,104268831,,INE726G01019,ICICI Prudential Life Insurance Company Limited,2020-04-27 19:58:00,ICICIPRULI
25-Apr-2020 15:34:00,,https://nsearchives.nseindia.com/corporate/ICICIPRULI_25042020153435_SE_Intimation_IP_APRIL_25_2020_combined.pdf,ICICI Prudential Life Insurance Company Limited has informed the Exchange regarding Investor Presentation,,,Investor Presentation,-,25042020153400,-,-,False,,,104266230,,INE726G01019,ICICI Prudential Life Insurance Company Limited,2020-04-25 15:34:00,ICICIPRULI
25-Apr-2020 14:58:28,,https://nsearchives.nseindia.com/corporate/Financial_SEBI_Results_Q4FY20_Final_25042020145828.zip,"ICICI Prudential Life Insurance Company Limited has submitted to the Exchange, the financial results for the period ended March 31, 2020.",,,Financial Result Updates,-,25042020145828,-,-,False,,,133642,,INE726G01019,ICICI Prudential Life Insurance Company Limited,2020-04-25 14:58:28,ICICIPRULI
25-Apr-2020 14:53:00,,https://nsearchives.nseindia.com/corporate/ICICIPRULI_25042020145336_Outcome_BM_APRIL_25_2020_Final.pdf,"ICICI Prudential Life Insurance Company Limited has informed the Exchange regarding  Board meeting held on April 25, 2020, which, inter alia, approved the audited financial statements and financial results (standalone and consolidated) for the quarter and year ended March 31, 2020.",,,Outcome of Board Meeting,-,25042020145300,-,-,False,,,104266228,,INE726G01019,ICICI Prudential Life Insurance Company Limited,2020-04-25 14:53:00,ICICIPRULI
24-Apr-2020 16:34:00,,https://nsearchives.nseindia.com/corporate/ICICIPRULI_24042020163442_SE_Intimation.pdf,ICICI Prudential Life Insurance Company Limited has informed the Exchange regarding Analysts/Institutional Investor Meet/Con. Call Updates,,,Analysts/Institutional Investor Meet/Con. Call Updates,-,24042020163400,-,-,False,,,104265351,,INE726G01019,ICICI Prudential Life Insurance Company Limited,2020-04-24 16:34:00,ICICIPRULI
14-Apr-2020 18:12:00,,https://nsearchives.nseindia.com/corporate/ICICIPRULI_14042020181254_SE_ICPL_74_5__Combined.pdf,"ICICI Prudential Life Insurance Company Limited has informed the Exchange regarding 'Certificate under Regulation 74(5) of the SEBI (Depositories and Participants) Regulations, 2018 for the quarter ended March 31, 2020''.",,,Updates,-,14042020181200,-,-,False,,,104243745,,INE726G01019,ICICI Prudential Life Insurance Company Limited,2020-04-14 18:12:00,ICICIPRULI
27-Mar-2020 18:15:00,,https://nsearchives.nseindia.com/corporate/ICICIPRULI_27032020181523_SE_Investor_Meet_March_27_2020.pdf,ICICI Prudential Life Insurance Company Limited has informed the Exchange regarding Analysts/Institutional Investor Meet/Con. Call Updates,,,Analysts/Institutional Investor Meet/Con. Call Updates,-,27032020181500,-,-,False,,,104216848,,INE726G01019,ICICI Prudential Life Insurance Company Limited,2020-03-27 18:15:00,ICICIPRULI
26-Mar-2020 18:08:00,,https://nsearchives.nseindia.com/corporate/ICICIPRULI_26032020180842_SE_Investor_Meet_March_26_2020.pdf,ICICI Prudential Life Insurance Company Limited has informed the Exchange regarding Analysts/Institutional Investor Meet/Con. Call Updates,,,Analysts/Institutional Investor Meet/Con. Call Updates,-,26032020180800,-,-,False,,,104214245,,INE726G01019,ICICI Prudential Life Insurance Company Limited,2020-03-26 18:08:00,ICICIPRULI
25-Mar-2020 19:03:00,,https://nsearchives.nseindia.com/corporate/ICICIPRULI_25032020190332_SE_Intimation_Trading_window_closure.pdf,"ICICI Prudential Life Insurance Company Limited has informed the Exchange regarding the Trading Window closure pursuant to SEBI (Prohibition of Insider Trading) Regulations, 2015",,,Trading Window,-,25032020190300,-,-,False,,,104212450,,INE726G01019,ICICI Prudential Life Insurance Company Limited,2020-03-25 19:03:00,ICICIPRULI
25-Mar-2020 17:19:00,,https://nsearchives.nseindia.com/corporate/ICICIPRULI_25032020171956_SE_intimation_investor_call_24_25_03_2020.pdf,ICICI Prudential Life Insurance Company Limited has informed the Exchange regarding Analysts/Institutional Investor Meet/Con. Call Updates,,,Analysts/Institutional Investor Meet/Con. Call Updates,-,25032020171900,-,-,False,,,104212406,,INE726G01019,ICICI Prudential Life Insurance Company Limited,2020-03-25 17:19:00,ICICIPRULI
20-Mar-2020 21:25:00,,https://nsearchives.nseindia.com/corporate/ICICIPRULI_20032020212553_SE_Investor_Meet_March_20_2020.pdf,ICICI Prudential Life Insurance Company Limited has informed the Exchange regarding Analysts/Institutional Investor Meet/Con. Call Updates,,,Analysts/Institutional Investor Meet/Con. Call Updates,-,20032020212500,-,-,False,,,104203033,,INE726G01019,ICICI Prudential Life Insurance Company Limited,2020-03-20 21:25:00,ICICIPRULI
18-Mar-2020 17:56:00,,https://nsearchives.nseindia.com/corporate/ICICIPRULI_18032020175638_SE_Investor_Meet_March_18_2020.pdf,ICICI Prudential Life Insurance Company Limited has informed the Exchange regarding Analysts/Institutional Investor Meet/Con. Call Updates,,,Analysts/Institutional Investor Meet/Con. Call Updates,-,18032020175600,-,-,False,,,104195724,,INE726G01019,ICICI Prudential Life Insurance Company Limited,2020-03-18 17:56:00,ICICIPRULI
16-Mar-2020 18:20:00,,https://nsearchives.nseindia.com/corporate/ICICIPRULI_16032020182003_SE_Investor_Meet_March_16_2020.pdf,ICICI Prudential Life Insurance Company Limited has informed the Exchange regarding Analysts/Institutional Investor Meet/Con. Call Updates,,,Analysts/Institutional Investor Meet/Con. Call Updates,-,16032020182000,-,-,False,,,104190521,,INE726G01019,ICICI Prudential Life Insurance Company Limited,2020-03-16 18:20:00,ICICIPRULI
13-Mar-2020 17:18:00,,https://nsearchives.nseindia.com/corporate/ICICIPRULI_13032020171848_SE_Submission_ESOS_Allotment_March_13_2020.pdf,ICICI Prudential Life Insurance Company Limited has informed the Exchange regarding allotment of  300 Equity Shares under ESOP,,,Allotment of ESOP/ESPS,-,13032020171800,-,-,False,,,104187689,,INE726G01019,ICICI Prudential Life Insurance Company Limited,2020-03-13 17:18:00,ICICIPRULI
12-Mar-2020 19:59:00,,https://nsearchives.nseindia.com/corporate/ICICIPRULI_12032020195940_SE_Investor_Meet_March_12_2020.pdf,ICICI Prudential Life Insurance Company Limited has informed the Exchange regarding Analysts/Institutional Investor Meet/Con. Call Updates,,,Analysts/Institutional Investor Meet/Con. Call Updates,-,12032020195900,-,-,False,,,104184787,,INE726G01019,ICICI Prudential Life Insurance Company Limited,2020-03-12 19:59:00,ICICIPRULI
11-Mar-2020 19:23:00,,https://nsearchives.nseindia.com/corporate/ICICIPRULI_11032020192325_SE_Investor_Meet_March_11_2020.pdf,ICICI Prudential Life Insurance Company Limited has informed the Exchange regarding Analysts/Institutional Investor Meet/Con. Call Updates,,,Analysts/Institutional Investor Meet/Con. Call Updates,-,11032020192300,-,-,False,,,104182335,,INE726G01019,ICICI Prudential Life Insurance Company Limited,2020-03-11 19:23:00,ICICIPRULI
09-Mar-2020 21:27:00,,https://nsearchives.nseindia.com/corporate/ICICIPRULI_09032020212755_Investor_presentation_March_9_2020_SE_submission.pdf,ICICI Prudential Life Insurance Company Limited has informed the Exchange regarding Investor Presentation,,,Investor Presentation,-,09032020212700,-,-,False,,,104178793,,INE726G01019,ICICI Prudential Life Insurance Company Limited,2020-03-09 21:27:00,ICICIPRULI
05-Mar-2020 18:56:00,,https://nsearchives.nseindia.com/corporate/ICICIPRULI_05032020185608_SE_Investor_Meet_March_5_2020.pdf,ICICI Prudential Life Insurance Company Limited has informed the Exchange regarding Analysts/Institutional Investor Meet/Con. Call Updates,,,Analysts/Institutional Investor Meet/Con. Call Updates,-,05032020185600,-,-,False,,,104171900,,INE726G01019,ICICI Prudential Life Insurance Company Limited,2020-03-05 18:56:00,ICICIPRULI
04-Mar-2020 18:28:00,,https://nsearchives.nseindia.com/corporate/ICICIPRULI_04032020182850_SE_Investor_Meet_March_4_2020.pdf,ICICI Prudential Life Insurance Company Limited has informed the Exchange regarding Analysts/Institutional Investor Meet/Con. Call Updates,,,Analysts/Institutional Investor Meet/Con. Call Updates,-,04032020182800,-,-,False,,,104168690,,INE726G01019,ICICI Prudential Life Insurance Company Limited,2020-03-04 18:28:00,ICICIPRULI
28-Feb-2020 19:55:00,,https://nsearchives.nseindia.com/corporate/ICICIPRULI_28022020195530_SE_Investor_Meet_February_28_2020.pdf,ICICI Prudential Life Insurance Company Limited has informed the Exchange regarding Analysts/Institutional Investor Meet/Con. Call Updates,,,Analysts/Institutional Investor Meet/Con. Call Updates,-,28022020195500,-,-,False,,,104158737,,INE726G01019,ICICI Prudential Life Insurance Company Limited,2020-02-28 19:55:00,ICICIPRULI
25-Feb-2020 16:03:00,,https://nsearchives.nseindia.com/corporate/ICICIPRULI_25022020160323_SE_Submission_ESOS_Allotment_February_25_Signed.pdf,ICICI Prudential Life Insurance Company Limited has informed the Exchange regarding allotment of  10000 Equity Shares under ESOP,,,Allotment of ESOP/ESPS,-,25022020160300,-,-,False,,,104150611,,INE726G01019,ICICI Prudential Life Insurance Company Limited,2020-02-25 16:03:00,ICICIPRULI
25-Feb-2020 15:56:00,,https://nsearchives.nseindia.com/corporate/ICICIPRULI_25022020155600_Cover_letter_SE_intimation_Reg_30.pdf,"ICICI Prudential Life Insurance Company Limited has informed the Exchange regarding 'the disclosure pursuant to Regulation 30 read with Para A Of Part A Of Schedule III of the SEBI (Listing Obligations And Disclosure Requirements) Regulations, 2015.'.",,,Updates,-,25022020155600,-,-,False,,,104150609,,INE726G01019,ICICI Prudential Life Insurance Company Limited,2020-02-25 15:56:00,ICICIPRULI
25-Feb-2020 12:05:00,,https://nsearchives.nseindia.com/corporate/ICICIPRULI_25022020120530_SE_Investor_Meet_February_24_2020.pdf,ICICI Prudential Life Insurance Company Limited has informed the Exchange regarding Analysts/Institutional Investor Meet/Con. Call Updates,,,Analysts/Institutional Investor Meet/Con. Call Updates,-,25022020120500,-,-,False,,,104150518,,INE726G01019,ICICI Prudential Life Insurance Company Limited,2020-02-25 12:05:00,ICICIPRULI
20-Feb-2020 18:34:00,,https://nsearchives.nseindia.com/corporate/ICICIPRULI_20022020183416_SE_Investor_Meet_February_20_2020.pdf,ICICI Prudential Life Insurance Company Limited has informed the Exchange regarding Analysts/Institutional Investor Meet/Con. Call Updates,,,Analysts/Institutional Investor Meet/Con. Call Updates,-,20022020183400,-,-,False,,,104144191,,INE726G01019,ICICI Prudential Life Insurance Company Limited,2020-02-20 18:34:00,ICICIPRULI
19-Feb-2020 18:51:00,,https://nsearchives.nseindia.com/corporate/ICICIPRULI_19022020185101_SE_Investor_Meet_February_19_2020.pdf,ICICI Prudential Life Insurance Company Limited has informed the Exchange regarding Analysts/Institutional Investor Meet/Con. Call Updates,,,Analysts/Institutional Investor Meet/Con. Call Updates,-,19022020185100,-,-,False,,,104142220,,INE726G01019,ICICI Prudential Life Insurance Company Limited,2020-02-19 18:51:00,ICICIPRULI
18-Feb-2020 15:21:00,,https://nsearchives.nseindia.com/corporate/ICICIPRULI_18022020152140_SE_Investor_Meet_February_18_2020.pdf,ICICI Prudential Life Insurance Company Limited has informed the Exchange regarding Analysts/Institutional Investor Meet/Con. Call Updates,,,Analysts/Institutional Investor Meet/Con. Call Updates,-,18022020152100,-,-,False,,,104138432,,INE726G01019,ICICI Prudential Life Insurance Company Limited,2020-02-18 15:21:00,ICICIPRULI
14-Feb-2020 18:36:00,,https://nsearchives.nseindia.com/corporate/ICICIPRULI_14022020183616_SE_Investor_Meet_February_14_2020.pdf,ICICI Prudential Life Insurance Company Limited has informed the Exchange regarding Analysts/Institutional Investor Meet/Con. Call Updates,,,Analysts/Institutional Investor Meet/Con. Call Updates,-,14022020183600,-,-,False,,,104131919,,INE726G01019,ICICI Prudential Life Insurance Company Limited,2020-02-14 18:36:00,ICICIPRULI
13-Feb-2020 19:56:00,,https://nsearchives.nseindia.com/corporate/ICICIPRULI_13022020195649_SE_Investor_Meet_February_13_2020.pdf,ICICI Prudential Life Insurance Company Limited has informed the Exchange regarding Analysts/Institutional Investor Meet/Con. Call Updates,,,Analysts/Institutional Investor Meet/Con. Call Updates,-,13022020195600,-,-,False,,,104128433,,INE726G01019,ICICI Prudential Life Insurance Company Limited,2020-02-13 19:56:00,ICICIPRULI
12-Feb-2020 18:56:00,,https://nsearchives.nseindia.com/corporate/ICICIPRULI_12022020185657_SE_Investor_Meet_February_12_2020.pdf,ICICI Prudential Life Insurance Company Limited has informed the Exchange regarding Analysts/Institutional Investor Meet/Con. Call Updates,,,Analysts/Institutional Investor Meet/Con. Call Updates,-,12022020185600,-,-,False,,,104124814,,INE726G01019,ICICI Prudential Life Insurance Company Limited,2020-02-12 18:56:00,ICICIPRULI
11-Feb-2020 19:02:00,,https://nsearchives.nseindia.com/corporate/ICICIPRULI_11022020190252_SE_Investor_Meet_February_11_2020.pdf,ICICI Prudential Life Insurance Company Limited has informed the Exchange regarding Analysts/Institutional Investor Meet/Con. Call Updates,,,Analysts/Institutional Investor Meet/Con. Call Updates,-,11022020190200,-,-,False,,,104120802,,INE726G01019,ICICI Prudential Life Insurance Company Limited,2020-02-11 19:02:00,ICICIPRULI
10-Feb-2020 19:42:00,,https://nsearchives.nseindia.com/corporate/ICICIPRULI_10022020194204_SE_Investor_Meet_February_10_2020.pdf,ICICI Prudential Life Insurance Company Limited has informed the Exchange regarding Analysts/Institutional Investor Meet/Con. Call Updates,,,Analysts/Institutional Investor Meet/Con. Call Updates,-,10022020194200,-,-,False,,,104117389,,INE726G01019,ICICI Prudential Life Insurance Company Limited,2020-02-10 19:42:00,ICICIPRULI
07-Feb-2020 16:09:00,,https://nsearchives.nseindia.com/corporate/ICICIPRULI_07022020160919_SE_Intimation.pdf,ICICI Prudential Life Insurance Company Limited has informed the Exchange regarding Analysts/Institutional Investor Meet/Con. Call Updates,,,Analysts/Institutional Investor Meet/Con. Call Updates,-,07022020160900,-,-,False,,,104113792,,INE726G01019,ICICI Prudential Life Insurance Company Limited,2020-02-07 16:09:00,ICICIPRULI
07-Feb-2020 13:10:00,,https://nsearchives.nseindia.com/corporate/ICICIPRULI_07022020131051_SE_Investor_presentation_February_07_2020_combined.pdf,ICICI Prudential Life Insurance Company Limited has informed the Exchange regarding Investor Presentation,,,Investor Presentation,-,07022020131000,-,-,False,,,104113672,,INE726G01019,ICICI Prudential Life Insurance Company Limited,2020-02-07 13:10:00,ICICIPRULI
06-Feb-2020 20:11:00,,https://nsearchives.nseindia.com/corporate/ICICIPRULI_06022020201147_SE_Investor_Meet_February_06_2020.pdf,ICICI Prudential Life Insurance Company Limited has informed the Exchange regarding Analysts/Institutional Investor Meet/Con. Call Updates,,,Analysts/Institutional Investor Meet/Con. Call Updates,-,06022020201100,-,-,False,,,104110589,,INE726G01019,ICICI Prudential Life Insurance Company Limited,2020-02-06 20:11:00,ICICIPRULI
05-Feb-2020 18:55:00,,https://nsearchives.nseindia.com/corporate/ICICIPRULI_05022020185505_SE_Investor_Meet_February_05_2020.pdf,ICICI Prudential Life Insurance Company Limited has informed the Exchange regarding Analysts/Institutional Investor Meet/Con. Call Updates,,,Analysts/Institutional Investor Meet/Con. Call Updates,-,05022020185500,-,-,False,,,104107013,,INE726G01019,ICICI Prudential Life Insurance Company Limited,2020-02-05 18:55:00,ICICIPRULI
31-Jan-2020 19:45:00,,https://nsearchives.nseindia.com/corporate/ICICIPRULI_31012020194528_SE_Investor_Meet_January_31_2020.pdf,ICICI Prudential Life Insurance Company Limited has informed the Exchange regarding Analysts/Institutional Investor Meet/Con. Call Updates,,,Analysts/Institutional Investor Meet/Con. Call Updates,-,31012020194500,-,-,False,,,104094160,,INE726G01019,ICICI Prudential Life Insurance Company Limited,2020-01-31 19:45:00,ICICIPRULI
30-Jan-2020 18:40:00,,https://nsearchives.nseindia.com/corporate/ICICIPRULI_30012020184021_SE_Investor_Meet_January_30_2020.pdf,ICICI Prudential Life Insurance Company Limited has informed the Exchange regarding Analysts/Institutional Investor Meet/Con. Call Updates,,,Analysts/Institutional Investor Meet/Con. Call Updates,-,30012020184000,-,-,False,,,104091366,,INE726G01019,ICICI Prudential Life Insurance Company Limited,2020-01-30 18:40:00,ICICIPRULI
29-Jan-2020 20:04:00,,https://nsearchives.nseindia.com/corporate/ICICIPRULI_29012020200406_SE_Investor_Meet_January_29_2020.pdf,ICICI Prudential Life Insurance Company Limited has informed the Exchange regarding Analysts/Institutional Investor Meet/Con. Call Updates,,,Analysts/Institutional Investor Meet/Con. Call Updates,-,29012020200400,-,-,False,,,104088593,,INE726G01019,ICICI Prudential Life Insurance Company Limited,2020-01-29 20:04:00,ICICIPRULI
28-Jan-2020 19:51:00,,https://nsearchives.nseindia.com/corporate/ICICIPRULI_28012020195027_SE_Investor_Meet_January_28_2020_332.pdf,ICICI Prudential Life Insurance Company Limited has informed the Exchange regarding Analysts/Institutional Investor Meet/Con. Call Updates,,,Analysts/Institutional Investor Meet/Con. Call Updates,-,28012020195100,-,-,False,,,104085775,,INE726G01019,ICICI Prudential Life Insurance Company Limited,2020-01-28 19:51:00,ICICIPRULI
27-Jan-2020 18:54:00,,https://nsearchives.nseindia.com/corporate/ICICIPRULI_27012020185348_SE_Investor_Meet_January_27_2020_Signed_290.pdf,ICICI Prudential Life Insurance Company Limited has informed the Exchange regarding Analysts/Institutional Investor Meet/Con. Call Updates,,,Analysts/Institutional Investor Meet/Con. Call Updates,-,27012020185400,-,-,False,,,104082911,,INE726G01019,ICICI Prudential Life Insurance Company Limited,2020-01-27 18:54:00,ICICIPRULI
22-Jan-2020 17:49:00,,https://nsearchives.nseindia.com/corporate/ICICIPRULI_22012020174837_SE_Newspaper_publication_oct_dec_2019_Final_010.pdf,"ICICI Prudential Life Insurance Company Limited has informed the Exchange regarding 'copy of the extract of Audited financial statements and financial results (standalone and consolidated) for the quarter and nine months ended December 31, 2019 published in the newspapers i.e. Financial Express and Loksatta.'.",,,Updates,-,22012020174900,-,-,False,,,104073570,,INE726G01019,ICICI Prudential Life Insurance Company Limited,2020-01-22 17:49:00,ICICIPRULI
21-Jan-2020 13:47:00,,https://nsearchives.nseindia.com/corporate/ICICIPRULI_21012020134537_SE_Investor_presentation_21_01_2020_012.pdf,ICICI Prudential Life Insurance Company Limited has informed the Exchange regarding Investor Presentation,,,Investor Presentation,-,21012020134700,-,-,False,,,104069741,,INE726G01019,ICICI Prudential Life Insurance Company Limited,2020-01-21 13:47:00,ICICIPRULI
21-Jan-2020 13:41:04,,https://nsearchives.nseindia.com/corporate/Stock_Exchanges_SEBI_results_Q3_FY20_21012020134104.zip,"ICICI Prudential Life Insurance Company Limited has submitted to the Exchange, the financial results for the period ended December 31, 2019.",,,Financial Result Updates,-,21012020134104,-,-,False,,,132019,,INE726G01019,ICICI Prudential Life Insurance Company Limited,2020-01-21 13:41:04,ICICIPRULI
21-Jan-2020 13:33:00,,https://nsearchives.nseindia.com/corporate/ICICIPRULI_21012020133203_SE_intimation_outcome_103_BM_21_1_2020_011.pdf,"ICICI Prudential Life Insurance Company Limited has informed the Exchange regarding  Board meeting held on January 21, 2020.",,,Outcome of Board Meeting,-,21012020133300,-,-,False,,,104069736,,INE726G01019,ICICI Prudential Life Insurance Company Limited,2020-01-21 13:33:00,ICICIPRULI
16-Jan-2020 19:42:00,,https://nsearchives.nseindia.com/corporate/ICICIPRULI_16012020194215_SE_Intimation_211.pdf,ICICI Prudential Life Insurance Company Limited has informed the Exchange regarding Analysts/Institutional Investor Meet/Con. Call Updates,,,Analysts/Institutional Investor Meet/Con. Call Updates,-,16012020194200,-,-,False,,,104060965,,INE726G01019,ICICI Prudential Life Insurance Company Limited,2020-01-16 19:42:00,ICICIPRULI
16-Jan-2020 19:01:00,,https://nsearchives.nseindia.com/corporate/ICICIPRULI_16012020190054_SE_Reg_74_5__DP_act_December_31_2019_202.pdf,"ICICI Prudential Life Insurance Company Limited has informed the Exchange regarding 'Certificate under Regulation 74(5) of the SEBI (Depositories and Participants) Regulations, 2018 for the quarter ended December 31, 2019'.",,,Updates,-,16012020190100,-,-,False,,,104060957,,INE726G01019,ICICI Prudential Life Insurance Company Limited,2020-01-16 19:01:00,ICICIPRULI
16-Jan-2020 13:37:00,,https://nsearchives.nseindia.com/corporate/ICICIPRULI_16012020133702_Retirement_of_director_stock_exchange_060.pdf,"In terms of regulation 30 of SEBI (Listing Obligations and Disclosure Requirements) Regulations, 2015 read with Schedule Ill of the said regulations, kindly note that Mr. V. Sridar (DIN: 02241339) has completed his tenure as an Independent Director of the Company with effect from the close of business hours on January 15, 2020.",,,Retirement,-,16012020133700,-,-,False,,,104060562,,INE726G01019,ICICI Prudential Life Insurance Company Limited,2020-01-16 13:37:00,ICICIPRULI
10-Jan-2020 12:56:00,,https://nsearchives.nseindia.com/corporate/ICICIPRULI_10012020125537_SE_intimation_065.pdf,ICICI Prudential Life Insurance Company Limited has informed the Exchange regarding Investor Presentation,,,Investor Presentation,-,10012020125600,-,-,False,,,104047612,,INE726G01019,ICICI Prudential Life Insurance Company Limited,2020-01-10 12:56:00,ICICIPRULI
31-Dec-2019 15:51:00,,https://nsearchives.nseindia.com/corporate/ICICIPRULI_31122019155000_SE_Intimation_Reg_30_Sale_intimation_Jagran_459.pdf,"ICICI Prudential Life Insurance Company Limited has informed the Exchange regarding ''the disclosure pursuant to Regulation 30 read with Para A Of Part A Of Schedule III of the SEBI (Listing Obligations And Disclosure Requirements) Regulations, 2015.''.",,,Updates,-,31122019155100,-,-,False,,,104022459,,INE726G01019,ICICI Prudential Life Insurance Company Limited,2019-12-31 15:51:00,ICICIPRULI
26-Dec-2019 13:28:00,,https://nsearchives.nseindia.com/corporate/ICICIPRULI_26122019132800_SE_intimation_BM_Jan_21_2020_005.pdf,"ICICI Prudential Life Insurance Company Limited has informed the Exchange regarding the Trading Window closure pursuant to SEBI (Prohibition of Insider Trading) Regulations, 2015 and in accordance with the Company s Code of conduct to regulate, monitor and report trades in securities by Designated Persons, that the trading window to deal in the securities of the Company will remain closed from January  1, 2020 to January 23, 2020 (both days inclusive).",,,Trading Window,-,26122019132800,-,-,False,,,104011864,,INE726G01019,ICICI Prudential Life Insurance Company Limited,2019-12-26 13:28:00,ICICIPRULI
23-Dec-2019 20:26:00,,https://nsearchives.nseindia.com/corporate/ICICIPRULI_23122019202118_SE_Intimation_198.pdf,ICICI Prudential Life Insurance Company Limited has informed the Exchange regarding the Registrar & Share Transfer Agent Update,,,Registrar & Share Transfer Agent Update,-,23122019202600,-,-,False,,,104004282,,INE726G01019,ICICI Prudential Life Insurance Company Limited,2019-12-23 20:26:00,ICICIPRULI
17-Dec-2019 19:01:00,,https://nsearchives.nseindia.com/corporate/ICICIPRULI_17122019190045_SE_Investor_Meet_December_17_2019_177.pdf,ICICI Prudential Life Insurance Company Limited has informed the Exchange regarding Analysts/Institutional Investor Meet/Con. Call Updates,,,Analysts/Institutional Investor Meet/Con. Call Updates,-,17122019190100,-,-,False,,,103992854,,INE726G01019,ICICI Prudential Life Insurance Company Limited,2019-12-17 19:01:00,ICICIPRULI
09-Dec-2019 15:54:00,,https://nsearchives.nseindia.com/corporate/ICICIPRULI_09122019155335_SE_Investor_presentation_December_9_2019_266.pdf,ICICI Prudential Life Insurance Company Limited has informed the Exchange regarding Investor Presentation,,,Investor Presentation,-,09122019155400,-,-,False,,,103973128,,INE726G01019,ICICI Prudential Life Insurance Company Limited,2019-12-09 15:54:00,ICICIPRULI
06-Dec-2019 18:44:00,,https://nsearchives.nseindia.com/corporate/ICICIPRULI_06122019184402_SE_Investor_Meet_December_6_2019_277.pdf,ICICI Prudential Life Insurance Company Limited has informed the Exchange regarding Analysts/Institutional Investor Meet/Con. Call Updates,,,Analysts/Institutional Investor Meet/Con. Call Updates,-,06122019184400,-,-,False,,,103970084,,INE726G01019,ICICI Prudential Life Insurance Company Limited,2019-12-06 18:44:00,ICICIPRULI
05-Dec-2019 17:50:00,,https://nsearchives.nseindia.com/corporate/ICICIPRULI_05122019174447_SE_Investor_Meet_December_5_2019_297.pdf,ICICI Prudential Life Insurance Company Limited has informed the Exchange regarding Analysts/Institutional Investor Meet/Con. Call Updates,,,Analysts/Institutional Investor Meet/Con. Call Updates,-,05122019175000,-,-,False,,,103967381,,INE726G01019,ICICI Prudential Life Insurance Company Limited,2019-12-05 17:50:00,ICICIPRULI
02-Dec-2019 19:02:00,,https://nsearchives.nseindia.com/corporate/ICICIPRULI_02122019185859_SE_Investor_Meet_December_2_2019_468.pdf,ICICI Prudential Life Insurance Company Limited has informed the Exchange regarding Analysts/Institutional Investor Meet/Con. Call Updates,,,Analysts/Institutional Investor Meet/Con. Call Updates,-,02122019190200,-,-,False,,,103959352,,INE726G01019,ICICI Prudential Life Insurance Company Limited,2019-12-02 19:02:00,ICICIPRULI
29-Nov-2019 15:55:00,,https://nsearchives.nseindia.com/corporate/ICICIPRULI_29112019155445_SE_Submission_ESOS_Allotement_29_November_146.pdf,ICICI Prudential Life Insurance Company Limited has informed the Exchange regarding allotment of  12810 Equity Shares under ESOP,,,Allotment of ESOP/ESPS,-,29112019155500,-,-,False,,,103955640,,INE726G01019,ICICI Prudential Life Insurance Company Limited,2019-11-29 15:55:00,ICICIPRULI
28-Nov-2019 18:35:00,,https://nsearchives.nseindia.com/corporate/ICICIPRULI_28112019182945_SE_Investor_Meet_November_28_2019_233.pdf,ICICI Prudential Life Insurance Company Limited has informed the Exchange regarding Analysts/Institutional Investor Meet/Con. Call Updates,,,Analysts/Institutional Investor Meet/Con. Call Updates,-,28112019183500,-,-,False,,,103953104,,INE726G01019,ICICI Prudential Life Insurance Company Limited,2019-11-28 18:35:00,ICICIPRULI
26-Nov-2019 19:25:00,,https://nsearchives.nseindia.com/corporate/ICICIPRULI_26112019192451_SE_Investor_meet_november_26_2019_240.pdf,ICICI Prudential Life Insurance Company Limited has informed the Exchange regarding Analysts/Institutional Investor Meet/Con. Call Updates,,,Analysts/Institutional Investor Meet/Con. Call Updates,-,26112019192500,-,-,False,,,103946917,,INE726G01019,ICICI Prudential Life Insurance Company Limited,2019-11-26 19:25:00,ICICIPRULI
22-Nov-2019 17:04:00,,https://nsearchives.nseindia.com/corporate/ICICIPRULI_22112019170341_SE_Investor_meet_November_22_2019_187.pdf,ICICI Prudential Life Insurance Company Limited has informed the Exchange regarding Analysts/Institutional Investor Meet/Con. Call Updates,,,Analysts/Institutional Investor Meet/Con. Call Updates,-,22112019170400,-,-,False,,,103938861,,INE726G01019,ICICI Prudential Life Insurance Company Limited,2019-11-22 17:04:00,ICICIPRULI
20-Nov-2019 08:08:00,,https://nsearchives.nseindia.com/corporate/listcontract1_20112019064818_ICICIPRUDENTIAL_Investors_015.pdf,ICICI Prudential Life Insurance Company Limited has informed the Exchange regarding Analysts/Institutional Investor Meet/Con. Call Updates,,,Analysts/Institutional Investor Meet/Con. Call Updates,-,20112019080800,-,-,False,,,103930583,,INE726G01019,ICICI Prudential Life Insurance Company Limited,2019-11-20 08:08:00,ICICIPRULI
18-Nov-2019 20:21:00,,https://nsearchives.nseindia.com/corporate/ICICIPRULI_18112019202105_SE_Investor_meet_November_18_2019_441.pdf,ICICI Prudential Life Insurance Company Limited has informed the Exchange regarding Analysts/Institutional Investor Meet/Con. Call Updates,,,Analysts/Institutional Investor Meet/Con. Call Updates,-,18112019202100,-,-,False,,,103926991,,INE726G01019,ICICI Prudential Life Insurance Company Limited,2019-11-18 20:21:00,ICICIPRULI
15-Nov-2019 19:20:00,,https://nsearchives.nseindia.com/corporate/ICICIPRULI_15112019191908_SE_Nov_15_2019_021.pdf,"ICICI Prudential Life Insurance Company Limited has informed the Exchange regarding 'the disclosure pursuant to Regulation 30 read with Para A Of Part A Of Schedule III of the SEBI (Listing Obligations And Disclosure Requirements) Regulations, 2015.'.",,,Updates,-,15112019192000,-,-,False,,,103923787,,INE726G01019,ICICI Prudential Life Insurance Company Limited,2019-11-15 19:20:00,ICICIPRULI
15-Nov-2019 18:29:00,,https://nsearchives.nseindia.com/corporate/ICICIPRULI_15112019182852_SE_Investor_meet_November_15_2019_382.pdf,ICICI Prudential Life Insurance Company Limited has informed the Exchange regarding Analysts/Institutional Investor Meet/Con. Call Updates,,,Analysts/Institutional Investor Meet/Con. Call Updates,-,15112019182900,-,-,False,,,103923748,,INE726G01019,ICICI Prudential Life Insurance Company Limited,2019-11-15 18:29:00,ICICIPRULI
14-Nov-2019 19:30:00,,https://nsearchives.nseindia.com/corporate/ICICIPRULI_14112019192952_SE_Investor_meet_November_14_2019_174.pdf,ICICI Prudential Life Insurance Company Limited has informed the Exchange regarding Analysts/Institutional Investor Meet/Con. Call Updates,,,Analysts/Institutional Investor Meet/Con. Call Updates,-,14112019193000,-,-,False,,,103920855,,INE726G01019,ICICI Prudential Life Insurance Company Limited,2019-11-14 19:30:00,ICICIPRULI
13-Nov-2019 19:00:00,,https://nsearchives.nseindia.com/corporate/ICICIPRULI_13112019185909_SE_Investor_meet_Nov_13_2019_083.pdf,ICICI Prudential Life Insurance Company Limited has informed the Exchange regarding Analysts/Institutional Investor Meet/Con. Call Updates,,,Analysts/Institutional Investor Meet/Con. Call Updates,-,13112019190000,-,-,False,,,103917607,,INE726G01019,ICICI Prudential Life Insurance Company Limited,2019-11-13 19:00:00,ICICIPRULI
12-Nov-2019 18:56:00,,https://nsearchives.nseindia.com/corporate/ICICIPRULI_12112019185420_SE_Investor_meet_November_12_2019_284.pdf,ICICI Prudential Life Insurance Company Limited has informed the Exchange regarding Analysts/Institutional Investor Meet/Con. Call Updates,,,Analysts/Institutional Investor Meet/Con. Call Updates,-,12112019185600,-,-,False,,,103915294,,INE726G01019,ICICI Prudential Life Insurance Company Limited,2019-11-12 18:56:00,ICICIPRULI
08-Nov-2019 14:52:00,,https://nsearchives.nseindia.com/corporate/listcontract1_811201914501_SE_submission_RPT_Sept_30_2019_100.pdf,"ICICI Prudential Life Insurance Company Limited has informed the Exchange regarding Disclosure under regulation 23(9) of the SEBI (Listing Obligations and Disclosure Requirements) Regulations, 2015 (""Listing Regulations"").",,,Related Party Transactions,-,08112019145200,-,-,False,,,103909317,,INE726G01019,ICICI Prudential Life Insurance Company Limited,2019-11-08 14:52:00,ICICIPRULI
07-Nov-2019 14:07:00,,https://nsearchives.nseindia.com/corporate/ICICIPRULI_07112019140658_SE_Investor_Presentation_132.pdf,ICICI Prudential Life Insurance Company Limited has informed the Exchange regarding Investor Presentation,,,Investor Presentation,-,07112019140700,-,-,False,,,103906362,,INE726G01019,ICICI Prudential Life Insurance Company Limited,2019-11-07 14:07:00,ICICIPRULI
05-Nov-2019 18:49:00,,https://nsearchives.nseindia.com/corporate/ICICIPRULI_05112019184536_SE_Investor_meet_November_5_2019_462.pdf,ICICI Prudential Life Insurance Company Limited has informed the Exchange regarding Analysts/Institutional Investor Meet/Con. Call Updates,,,Analysts/Institutional Investor Meet/Con. Call Updates,-,05112019184900,-,-,False,,,103900233,,INE726G01019,ICICI Prudential Life Insurance Company Limited,2019-11-05 18:49:00,ICICIPRULI
04-Nov-2019 13:48:00,,https://nsearchives.nseindia.com/corporate/ICICIPRULI_04112019134722_SE_Investor_meet_November_4_2019_090.pdf,ICICI Prudential Life Insurance Company Limited has informed the Exchange regarding Analysts/Institutional Investor Meet/Con. Call Updates,,,Analysts/Institutional Investor Meet/Con. Call Updates,-,04112019134800,-,-,False,,,103892760,,INE726G01019,ICICI Prudential Life Insurance Company Limited,2019-11-04 13:48:00,ICICIPRULI
31-Oct-2019 11:26:00,,https://nsearchives.nseindia.com/corporate/ICICIPRULI_31102019112431_SE_Investor_meet_October_31_2019_033.pdf,ICICI Prudential Life Insurance Company Limited has informed the Exchange regarding Analysts/Institutional Investor Meet/Con. Call Updates,,,Analysts/Institutional Investor Meet/Con. Call Updates,-,31102019112600,-,-,False,,,103886952,,INE726G01019,ICICI Prudential Life Insurance Company Limited,2019-10-31 11:26:00,ICICIPRULI
24-Oct-2019 16:19:00,,https://nsearchives.nseindia.com/corporate/ICICIPRULI_24102019161922_SE_Investor_meet_October_24_2019_228.pdf,ICICI Prudential Life Insurance Company Limited has informed the Exchange regarding Analysts/Institutional Investor Meet/Con. Call Updates,,,Analysts/Institutional Investor Meet/Con. Call Updates,-,24102019161900,-,-,False,,,103875806,,INE726G01019,ICICI Prudential Life Insurance Company Limited,2019-10-24 16:19:00,ICICIPRULI
22-Oct-2019 20:32:00,,https://nsearchives.nseindia.com/corporate/ICICIPRULI_22102019203148_SE_Investor_Presentation_039.pdf,ICICI Prudential Life Insurance Company Limited has informed the Exchange regarding Investor Presentation,,,Investor Presentation,-,22102019203200,-,-,False,,,103869251,,INE726G01019,ICICI Prudential Life Insurance Company Limited,2019-10-22 20:32:00,ICICIPRULI
22-Oct-2019 20:24:11,,https://nsearchives.nseindia.com/corporate/Financial_results_Q2FY2020_22102019202411.zip,"ICICI Prudential Life Insurance Company Limited has submitted to the Exchange, the financial results for the period ended September 30, 2019.",,,Financial Result Updates,-,22102019202411,-,-,False,,,130261,,INE726G01019,ICICI Prudential Life Insurance Company Limited,2019-10-22 20:24:11,ICICIPRULI
22-Oct-2019 20:16:00,,https://nsearchives.nseindia.com/corporate/ICICIPRULI_22102019201420_Outcome_Oct_22_2019_038.pdf,"ICICI Prudential Life Insurance Company Limited has informed the Exchange that Board of Directors at its meeting held on October 22, 2019, declared Interim Dividend of 0.80 per equity share.",,,Dividend,-,22102019201600,-,-,False,,,103869243,,INE726G01019,ICICI Prudential Life Insurance Company Limited,2019-10-22 20:16:00,ICICIPRULI
18-Oct-2019 17:15:00,,https://nsearchives.nseindia.com/corporate/ICICIPRULI_18102019171431_SE_Earnings_Call_intimation_186.pdf,ICICI Prudential Life Insurance Company Limited has informed the Exchange regarding Analysts/Institutional Investor Meet/Con. Call Updates,,,Analysts/Institutional Investor Meet/Con. Call Updates,-,18102019171500,-,-,False,,,103865529,,INE726G01019,ICICI Prudential Life Insurance Company Limited,2019-10-18 17:15:00,ICICIPRULI
11-Oct-2019 18:30:00,,https://nsearchives.nseindia.com/corporate/ICICIPRULI_11102019182954_SE_Investor_Presentation_Oct_11_2019_264.pdf,ICICI Prudential Life Insurance Company Limited has informed the Exchange regarding Investor Presentation,,,Investor Presentation,-,11102019183000,-,-,False,,,103850023,,INE726G01019,ICICI Prudential Life Insurance Company Limited,2019-10-11 18:30:00,ICICIPRULI
30-Sep-2019 19:26:00,,https://nsearchives.nseindia.com/corporate/ICICIPRULI_30092019192517_SE_Investor_meet_September_30_2019_041.pdf,ICICI Prudential Life Insurance Company Limited has informed the Exchange regarding Analysts/Institutional Investor Meet/Con. Call Updates,,,Analysts/Institutional Investor Meet/Con. Call Updates,-,30092019192600,-,-,False,,,103828145,,INE726G01019,ICICI Prudential Life Insurance Company Limited,2019-09-30 19:26:00,ICICIPRULI
30-Sep-2019 14:53:00,,https://nsearchives.nseindia.com/corporate/ICICIPRULI_30092019144752_SE_intimation_press_release_Airtel_Payments_bank_389.pdf,"ICICI Prudential Life Insurance Company Limited has informed the Exchange regarding a press release dated September 30, 2019, titled ""Airtel Payments Bank partners with ICICI Prudential Life to offer insurance products"".",,,Press Release,-,30092019145300,-,-,False,,,103827312,,INE726G01019,ICICI Prudential Life Insurance Company Limited,2019-09-30 14:53:00,ICICIPRULI
27-Sep-2019 15:04:00,,https://nsearchives.nseindia.com/corporate/ICICIPRULI_27092019150253_SE_Investor_meet_September_27_2019_224.pdf,ICICI Prudential Life Insurance Company Limited has informed the Exchange regarding Analysts/Institutional Investor Meet/Con. Call Updates,,,Analysts/Institutional Investor Meet/Con. Call Updates,-,27092019150400,-,-,False,,,103823436,,INE726G01019,ICICI Prudential Life Insurance Company Limited,2019-09-27 15:04:00,ICICIPRULI
26-Sep-2019 17:12:00,,https://nsearchives.nseindia.com/corporate/listcontract3_269201917822_SE_intimation_BM_Oct_22_2019_285.pdf,"ICICI Prudential Life Insurance Company Limited has informed the Exchange that the Company has fixed Record Date as November 1, 2019 for the purpose of Determining The Eligibility For Payment Of Interim Dividend, If Any,",,,Record Date,-,26092019171200,-,-,False,,,103820074,,INE726G01019,ICICI Prudential Life Insurance Company Limited,2019-09-26 17:12:00,ICICIPRULI
26-Sep-2019 16:53:00,,https://nsearchives.nseindia.com/corporate/ICICIPRULI_26092019165246_SE_intimation_BM_Oct_22_2019_267.pdf,"ICICI Prudential Life Insurance Company Limited has informed the Exchange regarding the Trading Window closure pursuant to SEBI (Prohibition of Insider Trading) Regulations, 2015 and in accordance with the Company��s Code of conduct to regulate, monitor and report trades in securities by Designated Persons, that the trading window to deal in the securities of the Company will remain closed from October 1, 2019 to October 24, 2019 (both days inclusive).",,,Trading Window,-,26092019165300,-,-,False,,,103820061,,INE726G01019,ICICI Prudential Life Insurance Company Limited,2019-09-26 16:53:00,ICICIPRULI
25-Sep-2019 12:02:00,,https://nsearchives.nseindia.com/corporate/ICICIPRULI_25092019115734_SE_Investor_meet_September_25_2019_037.pdf,ICICI Prudential Life Insurance Company Limited has informed the Exchange regarding Analysts/Institutional Investor Meet/Con. Call Updates,,,Analysts/Institutional Investor Meet/Con. Call Updates,-,25092019120200,-,-,False,,,103817102,,INE726G01019,ICICI Prudential Life Insurance Company Limited,2019-09-25 12:02:00,ICICIPRULI
20-Sep-2019 13:13:00,,https://nsearchives.nseindia.com/corporate/ICICIPRULI_20092019131135_SE_Investor_meet_September_19_20_2019_058.pdf,ICICI Prudential Life Insurance Company Limited has informed the Exchange regarding Analysts/Institutional Investor Meet/Con. Call Updates,,,Analysts/Institutional Investor Meet/Con. Call Updates,-,20092019131300,-,-,False,,,103806951,,INE726G01019,ICICI Prudential Life Insurance Company Limited,2019-09-20 13:13:00,ICICIPRULI
18-Sep-2019 18:12:00,,https://nsearchives.nseindia.com/corporate/ICICIPRULI_18092019181117_SE_Investor_meet_September_18_2019_231.pdf,ICICI Prudential Life Insurance Company Limited has informed the Exchange regarding Analysts/Institutional Investor Meet/Con. Call Updates,,,Analysts/Institutional Investor Meet/Con. Call Updates,-,18092019181200,-,-,False,,,103801715,,INE726G01019,ICICI Prudential Life Insurance Company Limited,2019-09-18 18:12:00,ICICIPRULI
17-Sep-2019 15:17:00,,https://nsearchives.nseindia.com/corporate/ICICIPRULI_17092019151711_Reg_30_LODR_Sale_intimation_Sept_17_2019_103.pdf,"ICICI Prudential Life Insurance Company Limited has informed the Exchange regarding 'Disclosure under regulation 30 read with para A of part A of Schedule III of the SEBI (Listing Obligations and Disclosure Requirement) Regulations, 2015 '.",,,Updates,-,17092019151700,-,-,False,,,103798898,,INE726G01019,ICICI Prudential Life Insurance Company Limited,2019-09-17 15:17:00,ICICIPRULI
17-Sep-2019 14:59:00,,https://nsearchives.nseindia.com/corporate/ICICIPRULI_17092019145755_SE_Investor_meet_September_16_17_2019_098.pdf,ICICI Prudential Life Insurance Company Limited has informed the Exchange regarding Analysts/Institutional Investor Meet/Con. Call Updates,,,Analysts/Institutional Investor Meet/Con. Call Updates,-,17092019145900,-,-,False,,,103798893,,INE726G01019,ICICI Prudential Life Insurance Company Limited,2019-09-17 14:59:00,ICICIPRULI
16-Sep-2019 19:16:00,,https://nsearchives.nseindia.com/corporate/ICICIPRULI_16092019191530_SE_Investor_meet_September_16_2019_311.pdf,ICICI Prudential Life Insurance Company Limited has informed the Exchange regarding Analysts/Institutional Investor Meet/Con. Call Updates,,,Analysts/Institutional Investor Meet/Con. Call Updates,-,16092019191600,-,-,False,,,103796341,,INE726G01019,ICICI Prudential Life Insurance Company Limited,2019-09-16 19:16:00,ICICIPRULI
13-Sep-2019 17:59:00,,https://nsearchives.nseindia.com/corporate/ICICIPRULI_13092019175739_SE_investor_meet_September_13_2019_208.pdf,ICICI Prudential Life Insurance Company Limited has informed the Exchange regarding Analysts/Institutional Investor Meet/Con. Call Updates,,,Analysts/Institutional Investor Meet/Con. Call Updates,-,13092019175900,-,-,False,,,103792655,,INE726G01019,ICICI Prudential Life Insurance Company Limited,2019-09-13 17:59:00,ICICIPRULI
11-Sep-2019 20:09:00,,https://nsearchives.nseindia.com/corporate/ICICIPRULI_11092019200807_SE_Investor_meet_September_10_11_2019_304.pdf,ICICI Prudential Life Insurance Company Limited has informed the Exchange regarding Analysts/Institutional Investor Meet/Con. Call Updates,,,Analysts/Institutional Investor Meet/Con. Call Updates,-,11092019200900,-,-,False,,,103786151,,INE726G01019,ICICI Prudential Life Insurance Company Limited,2019-09-11 20:09:00,ICICIPRULI
11-Sep-2019 11:10:00,,https://nsearchives.nseindia.com/corporate/ICICIPRULI_11092019110917_SE_business_presentation_Sept_11_2019_066.pdf,ICICI Prudential Life Insurance Company Limited has informed the Exchange regarding Investor Presentation,,,Investor Presentation,-,11092019111000,-,-,False,,,103785796,,INE726G01019,ICICI Prudential Life Insurance Company Limited,2019-09-11 11:10:00,ICICIPRULI
05-Sep-2019 19:24:00,,https://nsearchives.nseindia.com/corporate/ICICIPRULI_05092019192348_SE_Investor_meet_September_5_2019_578.pdf,ICICI Prudential Life Insurance Company Limited has informed the Exchange regarding Analysts/Institutional Investor Meet/Con. Call Updates,,,Analysts/Institutional Investor Meet/Con. Call Updates,-,05092019192400,-,-,False,,,103775294,,INE726G01019,ICICI Prudential Life Insurance Company Limited,2019-09-05 19:24:00,ICICIPRULI
04-Sep-2019 16:06:00,,https://nsearchives.nseindia.com/corporate/ICICIPRULI_04092019160458_SE_investor_meet_September_4_2019_269.pdf,ICICI Prudential Life Insurance Company Limited has informed the Exchange regarding Analysts/Institutional Investor Meet/Con. Call Updates,,,Analysts/Institutional Investor Meet/Con. Call Updates,-,04092019160600,-,-,False,,,103771683,,INE726G01019,ICICI Prudential Life Insurance Company Limited,2019-09-04 16:06:00,ICICIPRULI
03-Sep-2019 13:00:00,,https://nsearchives.nseindia.com/corporate/ICICIPRULI_03092019125905_SE_investor_meet_September_3_2019_184.pdf,ICICI Prudential Life Insurance Company Limited has informed the Exchange regarding Analysts/Institutional Investor Meet/Con. Call Updates,,,Analysts/Institutional Investor Meet/Con. Call Updates,-,03092019130000,-,-,False,,,103768490,,INE726G01019,ICICI Prudential Life Insurance Company Limited,2019-09-03 13:00:00,ICICIPRULI
30-Aug-2019 18:15:00,,https://nsearchives.nseindia.com/corporate/ICICIPRULI_30082019181404_SE_Investor_meet_August_30_2019_418.pdf,ICICI Prudential Life Insurance Company Limited has informed the Exchange regarding Analysts/Institutional Investor Meet/Con. Call Updates,,,Analysts/Institutional Investor Meet/Con. Call Updates,-,30082019181500,-,-,False,,,103764371,,INE726G01019,ICICI Prudential Life Insurance Company Limited,2019-08-30 18:15:00,ICICIPRULI
29-Aug-2019 18:38:00,,https://nsearchives.nseindia.com/corporate/ICICIPRULI_29082019183720_SE_Investor_meet_August_29_2019_309.pdf,ICICI Prudential Life Insurance Company Limited has informed the Exchange regarding Analysts/Institutional Investor Meet/Con. Call Updates,,,Analysts/Institutional Investor Meet/Con. Call Updates,-,29082019183800,-,-,False,,,103760908,,INE726G01019,ICICI Prudential Life Insurance Company Limited,2019-08-29 18:38:00,ICICIPRULI
28-Aug-2019 15:53:00,,https://nsearchives.nseindia.com/corporate/ICICIPRULI_28082019155019_SE_investor_meet_August_28_2019_206.pdf,ICICI Prudential Life Insurance Company Limited has informed the Exchange regarding Analysts/Institutional Investor Meet/Con. Call Updates,,,Analysts/Institutional Investor Meet/Con. Call Updates,-,28082019155300,-,-,False,,,103757373,,INE726G01019,ICICI Prudential Life Insurance Company Limited,2019-08-28 15:53:00,ICICIPRULI
21-Aug-2019 19:35:00,,https://nsearchives.nseindia.com/corporate/ICICIPRULI_21082019193425_SE_Investor_meet_August_21_2019_Final_408.pdf,ICICI Prudential Life Insurance Company Limited has informed the Exchange regarding Analysts/Institutional Investor Meet/Con. Call Updates,,,Analysts/Institutional Investor Meet/Con. Call Updates,-,21082019193500,-,-,False,,,103742162,,INE726G01019,ICICI Prudential Life Insurance Company Limited,2019-08-21 19:35:00,ICICIPRULI
21-Aug-2019 19:22:00,,https://nsearchives.nseindia.com/corporate/ICICIPRULI_21082019192103_SE_intimation_Reg_30_404.pdf,"ICICI Prudential Life Insurance Company Limited has informed the Exchange regarding 'disclosure under regulation 30 read with para A of part A of Schedule III of the SEBI (Listing Obligations and Disclosure Requirements) Regulations, 2015'.",,,Updates,-,21082019192200,-,-,False,,,103742158,,INE726G01019,ICICI Prudential Life Insurance Company Limited,2019-08-21 19:22:00,ICICIPRULI
20-Aug-2019 19:15:00,,https://nsearchives.nseindia.com/corporate/ICICIPRULI_20082019191000_SE_Investor_meet_August_20_2019_315.pdf,ICICI Prudential Life Insurance Company Limited has informed the Exchange regarding Analysts/Institutional Investor Meet/Con. Call Updates,,,Analysts/Institutional Investor Meet/Con. Call Updates,-,20082019191500,-,-,False,,,103739240,,INE726G01019,ICICI Prudential Life Insurance Company Limited,2019-08-20 19:15:00,ICICIPRULI
19-Aug-2019 16:30:00,,https://nsearchives.nseindia.com/corporate/ICICIPRULI_19082019162735_SE_Investor_meet_August_19_2019_257.pdf,ICICI Prudential Life Insurance Company Limited has informed the Exchange regarding Analysts/Institutional Investor Meet/Con. Call Updates,,,Analysts/Institutional Investor Meet/Con. Call Updates,-,19082019163000,-,-,False,,,103736259,,INE726G01019,ICICI Prudential Life Insurance Company Limited,2019-08-19 16:30:00,ICICIPRULI
13-Aug-2019 12:57:00,,https://nsearchives.nseindia.com/corporate/ICICIPRULI_13082019125648_SE_Investor_presentation_Aug_13_2019_251.pdf,ICICI Prudential Life Insurance Company Limited has informed the Exchange regarding Investor Presentation,,,Investor Presentation,-,13082019125700,-,-,False,,,103725099,,INE726G01019,ICICI Prudential Life Insurance Company Limited,2019-08-13 12:57:00,ICICIPRULI
08-Aug-2019 19:15:00,,https://nsearchives.nseindia.com/corporate/ICICIPRULI_08082019191150_SE_Investor_meet_August_8_2019__535.pdf,ICICI Prudential Life Insurance Company Limited has informed the Exchange regarding Analysts/Institutional Investor Meet/Con. Call Updates,,,Analysts/Institutional Investor Meet/Con. Call Updates,-,08082019191500,-,-,False,,,103717286,,INE726G01019,ICICI Prudential Life Insurance Company Limited,2019-08-08 19:15:00,ICICIPRULI
07-Aug-2019 18:32:00,,https://nsearchives.nseindia.com/corporate/ICICIPRULI_07082019182913_SE_Investor_meet_August_7_2019_505.pdf,ICICI Prudential Life Insurance Company Limited has informed the Exchange regarding Analysts/Institutional Investor Meet/Con. Call Updates,,,Analysts/Institutional Investor Meet/Con. Call Updates,-,07082019183200,-,-,False,,,103713594,,INE726G01019,ICICI Prudential Life Insurance Company Limited,2019-08-07 18:32:00,ICICIPRULI
03-Aug-2019 17:14:00,,https://nsearchives.nseindia.com/corporate/ICICIPRULI_03082019171010_SE_Sale_LODR_Aug_3_2019_197.pdf,"ICICI Prudential Life Insurance Company Limited has informed the Exchange regarding 'disclosure under regulation 30 read with para A of part A of Schedule III of the SEBI (Listing Obligations and Disclosure Requirement) Regulations, 2015'.",,,Updates,-,03082019171400,-,-,False,,,103703808,,INE726G01019,ICICI Prudential Life Insurance Company Limited,2019-08-03 17:14:00,ICICIPRULI
24-Jul-2019 20:28:00,,https://nsearchives.nseindia.com/corporate/ICICIPRULI_24072019202741_Analyst_Meeting_PPT_447.pdf,ICICI Prudential Life Insurance Company Limited has informed the Exchange regarding Analysts/Institutional Investor Meet/Con. Call Updates,,,Analysts/Institutional Investor Meet/Con. Call Updates,-,24072019202800,-,-,False,,,103678519,,INE726G01019,ICICI Prudential Life Insurance Company Limited,2019-07-24 20:28:00,ICICIPRULI
24-Jul-2019 18:20:36,,https://nsearchives.nseindia.com/corporate/Financial_results_Q1_FY2020_24072019182036.zip,"ICICI Prudential Life Insurance Company Limited has submitted to the Exchange, the financial results for the period ended June 30, 2019.",,,Financial Result Updates,-,24072019182036,-,-,False,,,128596,,INE726G01019,ICICI Prudential Life Insurance Company Limited,2019-07-24 18:20:36,ICICIPRULI
24-Jul-2019 18:13:00,,https://nsearchives.nseindia.com/corporate/ICICIPRULI_24072019181121_Outcome_351.pdf,"ICICI Prudential Life Insurance Company Limited has informed the Exchange regarding  Board meeting held on July 24, 2019.",,,Outcome of Board Meeting,-,24072019181300,-,-,False,,,103678424,,INE726G01019,ICICI Prudential Life Insurance Company Limited,2019-07-24 18:13:00,ICICIPRULI
24-Jul-2019 12:14:00,,https://nsearchives.nseindia.com/corporate/ICICIPRULI_24072019121343_Earnings_call_24_07_2019_Cover_Letter_079.pdf,ICICI Prudential Life Insurance Company Limited has informed the Exchange regarding Analysts/Institutional Investor Meet/Con. Call Updates,,,Analysts/Institutional Investor Meet/Con. Call Updates,-,24072019121400,-,-,False,,,103678165,,INE726G01019,ICICI Prudential Life Insurance Company Limited,2019-07-24 12:14:00,ICICIPRULI
18-Jul-2019 20:55:00,,https://nsearchives.nseindia.com/corporate/ICICIPRULI_18072019204322_SE_proceedings_VR_SR_407.pdf,"ICICI Prudential Life Insurance Company Limited has informed the Exchange regarding Proceedings of Annual General Meeting held on July 17, 2019. Further, the company has submitted the Exchange a copy of Srutinizers report along with voting results.",,,Shareholders meeting,-,18072019205500,-,-,False,,,103665856,,INE726G01019,ICICI Prudential Life Insurance Company Limited,2019-07-18 20:55:00,ICICIPRULI
05-Jul-2019 21:01:00,,https://nsearchives.nseindia.com/corporate/ICICIPRULI_05072019210028_Investor_presentation_July_5_2019_Cover_Letter_332.pdf,ICICI Prudential Life Insurance Company Limited has informed the Exchange regarding Investor Presentation,,,Investor Presentation,-,05072019210100,-,-,False,,,103633873,,INE726G01019,ICICI Prudential Life Insurance Company Limited,2019-07-05 21:01:00,ICICIPRULI
27-Jun-2019 21:36:00,,https://nsearchives.nseindia.com/corporate/ICICIPRULI_27062019213441_SE_Intimation_460.pdf,ICICI Prudential Life Insurance Company Limited has informed the Exchange regarding Investor Presentation,,,Investor Presentation,-,27062019213600,-,-,False,,,103615229,,INE726G01019,ICICI Prudential Life Insurance Company Limited,2019-06-27 21:36:00,ICICIPRULI
26-Jun-2019 19:18:00,,https://nsearchives.nseindia.com/corporate/ICICIPRULI_26062019191759_SE_Investor_meet_June_26_2019_408.pdf,ICICI Prudential Life Insurance Company Limited has informed the Exchange regarding Analysts/Institutional Investor Meet/Con. Call Updates,,,Analysts/Institutional Investor Meet/Con. Call Updates,-,26062019191800,-,-,False,,,103612052,,INE726G01019,ICICI Prudential Life Insurance Company Limited,2019-06-26 19:18:00,ICICIPRULI
26-Jun-2019 18:34:00,,https://nsearchives.nseindia.com/corporate/ICICIPRULI_26062019183400_SE_intimation_BM_July_24_2019_379.pdf,"ICICI Prudential Life Insurance Company Limited has informed the Exchange regarding the Trading Window closure pursuant to SEBI (Prohibition of Insider Trading) Regulations, 2015 and in accordance with the Company��s Code of Conduct to regulate, monitor and report trades in securities by Designated Persons. The trading window to deal in the securities of the Company will remain closed from July 1, 2019 to July 26, 2019 (both days inclusive).",,,Trading Window,-,26062019183400,-,-,False,,,103612023,,INE726G01019,ICICI Prudential Life Insurance Company Limited,2019-06-26 18:34:00,ICICIPRULI
24-Jun-2019 16:35:00,,https://nsearchives.nseindia.com/corporate/ICICIPRULI_24062019163452_SE_Investor_meet_June_24_2019_291.pdf,ICICI Prudential Life Insurance Company Limited has informed the Exchange regarding Analysts/Institutional Investor Meet/Con. Call Updates,,,Analysts/Institutional Investor Meet/Con. Call Updates,-,24062019163500,-,-,False,,,103606149,,INE726G01019,ICICI Prudential Life Insurance Company Limited,2019-06-24 16:35:00,ICICIPRULI
21-Jun-2019 15:42:00,,https://nsearchives.nseindia.com/corporate/listcontract1_20062019081133_ICICIPRULI_213.pdf,"ICICI Prudential Life Insurance Company Limited has informed the Exchange that the Company has fixed Book Closure from July 11, 2019 to July 17, 2019 for the purpose of determining the eligibility to receive dividend and Annual General Meeting scheduled to be held on July 17, 2019.",,,AGM/Book Closure,-,21062019154200,-,-,False,,,103594547,,INE726G01019,ICICI Prudential Life Insurance Company Limited,2019-06-21 15:42:00,ICICIPRULI
21-Jun-2019 12:56:00,,https://nsearchives.nseindia.com/corporate/ICICIPRULI_21062019125603_SE_Intimation_newspaper_100.pdf,"ICICI Prudential Life Insurance Company Limited has informed the Exchange regarding 'Pursuant to the requirement specified under Regulation 30 read with Schedule Ill of the Securities and Exchange Board of India (Listing Obligation and Disclosure Requirements) Regulations, 2015, please find enclosed the copy of the Notice issued in the newspapers on June 21, 2019 intimating the public of the dispatch of Notice of 19th AGM of the Company, e-voting information and book closure dates.'.",,,Updates,-,21062019125600,-,-,False,,,103602190,,INE726G01019,ICICI Prudential Life Insurance Company Limited,2019-06-21 12:56:00,ICICIPRULI
19-Jun-2019 20:42:00,,https://nsearchives.nseindia.com/corporate/ICICIPRULI_19062019204120_Coverletter_AnnualReport_FY2019_17072019_313.pdf,"ICICI Prudential Life Insurance Company Limited has informed the Exchange regarding Notice of Annual General Meeting to be held on July 17, 2019",,,Shareholders meeting,-,19062019204200,-,-,False,,,103593787,,INE726G01019,ICICI Prudential Life Insurance Company Limited,2019-06-19 20:42:00,ICICIPRULI
18-Jun-2019 16:38:00,,https://nsearchives.nseindia.com/corporate/ICICIPRULI_18062019163539_SE_Investor_meet_June_18_2019_241.pdf,ICICI Prudential Life Insurance Company Limited has informed the Exchange regarding Analysts/Institutional Investor Meet/Con. Call Updates,,,Analysts/Institutional Investor Meet/Con. Call Updates,-,18062019163800,-,-,False,,,103590230,,INE726G01019,ICICI Prudential Life Insurance Company Limited,2019-06-18 16:38:00,ICICIPRULI
14-Jun-2019 19:01:00,,https://nsearchives.nseindia.com/corporate/ICICIPRULI_14062019185958_SE_Investor_meet_June_14_2019_312.pdf,ICICI Prudential Life Insurance Company Limited has informed the Exchange regarding Analysts/Institutional Investor Meet/Con. Call Updates,,,Analysts/Institutional Investor Meet/Con. Call Updates,-,14062019190100,-,-,False,,,103583636,,INE726G01019,ICICI Prudential Life Insurance Company Limited,2019-06-14 19:01:00,ICICIPRULI
14-Jun-2019 19:01:00,,https://nsearchives.nseindia.com/corporate/ICICIPRULI_14062019185958_SE_Investor_meet_June_14_2019_312.pdf,ICICI Prudential Life Insurance Company Limited has informed the Exchange regarding Analysts/Institutional Investor Meet/Con. Call Updates,,,Analysts/Institutional Investor Meet/Con. Call Updates,-,14062019190100,-,-,False,,,103583636,,INE726G01019,ICICI Prudential Life Insurance Company Limited,2019-06-14 19:01:00,ICICIPRULI
13-Jun-2019 15:44:00,,https://nsearchives.nseindia.com/corporate/ICICIPRULI_13062019153949_SE_Investor_meet_June_13_2019_160.pdf,ICICI Prudential Life Insurance Company Limited has informed the Exchange regarding Analysts/Institutional Investor Meet/Con. Call Updates,,,Analysts/Institutional Investor Meet/Con. Call Updates,-,13062019154400,-,-,False,,,103580050,,INE726G01019,ICICI Prudential Life Insurance Company Limited,2019-06-13 15:44:00,ICICIPRULI
05-Jun-2019 12:27:00,,https://nsearchives.nseindia.com/corporate/ICICIPRULI_05062019122425_SE_Initimation_investor_presentation_June_5_2019_464.pdf,ICICI Prudential Life Insurance Company Limited has informed the Exchange regarding Investor Presentation,,,Investor Presentation,-,05062019122700,-,-,False,,,103559038,,INE726G01019,ICICI Prudential Life Insurance Company Limited,2019-06-05 12:27:00,ICICIPRULI
29-May-2019 18:30:00,,https://nsearchives.nseindia.com/corporate/ICICIPRULI_29052019182632_SE_Investor_meet_May_28_2019_540.pdf,ICICI Prudential Life Insurance Company Limited has informed the Exchange regarding Analysts/Institutional Investor Meet/Con. Call Updates,,,Analysts/Institutional Investor Meet/Con. Call Updates,-,29052019183000,-,-,False,,,103543495,,INE726G01019,ICICI Prudential Life Insurance Company Limited,2019-05-29 18:30:00,ICICIPRULI
29-May-2019 13:29:00,,https://nsearchives.nseindia.com/corporate/ICICIPRULI_29052019132608_20190529_SE_submission_ESOS_allotment_082.pdf,ICICI Prudential Life Insurance Company Limited has informed the Exchange regarding allotment of  55000 Equity Shares under ESOP,,,Allotment of ESOP/ESPS,-,29052019132900,-,-,False,,,103543097,,INE726G01019,ICICI Prudential Life Insurance Company Limited,2019-05-29 13:29:00,ICICIPRULI
24-May-2019 13:22:00,,https://nsearchives.nseindia.com/corporate/ICICIPRULI_24052019131145_SE_Investor_meet_May_23_2019_084.pdf,ICICI Prudential Life Insurance Company Limited has informed the Exchange regarding Analysts/Institutional Investor Meet/Con. Call Updates,,,Analysts/Institutional Investor Meet/Con. Call Updates,-,24052019132200,-,-,False,,,103533477,,INE726G01019,ICICI Prudential Life Insurance Company Limited,2019-05-24 13:22:00,ICICIPRULI
22-May-2019 18:34:00,,https://nsearchives.nseindia.com/corporate/listcontract1_2252019172349_SE_submission_RPT_march_31_2019_499.pdf,"ICICI Prudential Life Insurance Company Limited has submitted to the Exchange a Copy Disclosure under Regulation 23(9) of SEBI (Listing Obligations and Disclosure Requirements) Regulations, 2015, pertaining to related party transactions, on a consolidated basis, for the period ended March 31, 2019",,,Related Party Transactions,-,22052019183400,-,-,False,,,103527617,,INE726G01019,ICICI Prudential Life Insurance Company Limited,2019-05-22 18:34:00,ICICIPRULI
22-May-2019 16:48:00,,https://nsearchives.nseindia.com/corporate/ICICIPRULI_22052019163546_SE_Investor_meet_May_22_2019_341.pdf,ICICI Prudential Life Insurance Company Limited has informed the Exchange regarding Analysts/Institutional Investor Meet/Con. Call Updates,,,Analysts/Institutional Investor Meet/Con. Call Updates,-,22052019164800,-,-,False,,,103527559,,INE726G01019,ICICI Prudential Life Insurance Company Limited,2019-05-22 16:48:00,ICICIPRULI
16-May-2019 19:32:00,,https://nsearchives.nseindia.com/corporate/ICICIPRULI_16052019192851_Reg_30_SE_Submission_LODR_Sale_intimation_Cyient_458.pdf,"ICICI Prudential Life Insurance Company Limited has informed the Exchange regarding 'disclosure under regulation 30 read with para A of part A of Schedule III of the SEBI (Listing Obligations and Disclosure Requirement) Regulations, 2015'.",,,Updates,-,16052019193200,-,-,False,,,103514479,,INE726G01019,ICICI Prudential Life Insurance Company Limited,2019-05-16 19:32:00,ICICIPRULI
04-May-2019 18:59:00,,https://nsearchives.nseindia.com/corporate/ICICIPRULI_04052019185826_SE_Investor_presentation_4_5_19_118.pdf,ICICI Prudential Life Insurance Company Limited has informed the Exchange regarding Investor Presentation,,,Investor Presentation,-,04052019185900,-,-,False,,,103485945,,INE726G01019,ICICI Prudential Life Insurance Company Limited,2019-05-04 18:59:00,ICICIPRULI
26-Apr-2019 19:30:00,,https://nsearchives.nseindia.com/corporate/ICICIPRULI_26042019193023_SE_Investor_meet_April_26_2019_447.pdf,ICICI Prudential Life Insurance Company Limited has informed the Exchange regarding Analysts/Institutional Investor Meet/Con. Call Updates,,,Analysts/Institutional Investor Meet/Con. Call Updates,-,26042019193000,-,-,False,,,103473865,,INE726G01019,ICICI Prudential Life Insurance Company Limited,2019-04-26 19:30:00,ICICIPRULI
25-Apr-2019 18:50:00,,https://nsearchives.nseindia.com/corporate/ICICIPRULI_25042019184842_SE_submission_25042019_EarningsCall_833.pdf,ICICI Prudential Life Insurance Company Limited has informed the Exchange regarding Analysts/Institutional Investor Meet/Con. Call Updates,,,Analysts/Institutional Investor Meet/Con. Call Updates,-,25042019185000,-,-,False,,,103470755,,INE726G01019,ICICI Prudential Life Insurance Company Limited,2019-04-25 18:50:00,ICICIPRULI
25-Apr-2019 14:29:00,,https://nsearchives.nseindia.com/corporate/listcontract1_25042019135412_ICICIPRU_504.pdf,"The Promoter has submitted to the Exchange a copy of Annual Disclosure under Regulation 30(1) and 30(2) of SEBI (Substantial Acquisition of Shares and Takeovers), Regulations, 2011 as on March 31, 2019.",,,Disc. under Reg.30 of SEBI (SAST) Reg.2011,-,25042019142900,-,-,False,,,103470487,,INE726G01019,ICICI Prudential Life Insurance Company Limited,2019-04-25 14:29:00,ICICIPRULI
25-Apr-2019 07:09:00,,https://nsearchives.nseindia.com/corporate/cdharod_25042019070228_Outcome_176.pdf,"ICICI Prudential Life Insurance Company Limited has informed the Exchange that Board of directors of the company at its meeting held on April 24, 2019 approved recommendation of final dividend of Rs. 1.55 per equity share of face value of rs. 10 each",,,Dividend,-,25042019070900,-,-,False,,,103467663,,INE726G01019,ICICI Prudential Life Insurance Company Limited,2019-04-25 07:09:00,ICICIPRULI
25-Apr-2019 07:04:00,,https://nsearchives.nseindia.com/corporate/cdharod_25042019065950_Outcome_168.pdf,"ICICI Prudential Life Insurance Company Limited has informed the Exchange regarding Outcome of Board Meeting held on April 24, 2019.",,,Outcome of Board Meeting,-,25042019070400,-,-,False,,,103467661,,INE726G01019,ICICI Prudential Life Insurance Company Limited,2019-04-25 07:04:00,ICICIPRULI
25-Apr-2019 06:46:03,,https://nsearchives.nseindia.com/corporate/Outcome_25042019064603.zip,"ICICI Prudential Life Insurance Company Limited has submitted to the Exchange, the financial results for the period ended March 31, 2019.",,,Financial Result Updates,-,25042019064603,-,-,False,,,126640,,INE726G01019,ICICI Prudential Life Insurance Company Limited,2019-04-25 06:46:03,ICICIPRULI
25-Apr-2019 06:18:00,,https://nsearchives.nseindia.com/corporate/listcontract1_24042019105334_iciciprudential_033.pdf,"The Promoter has submitted to the Exchange a copy of Annual Disclosure under Regulation 30(1) and 30(2) of SEBI (Substantial Acquisition of Shares and Takeovers), Regulations, 2011 as on March 31, 2019.",,,Disc. under Reg.30 of SEBI (SAST) Reg.2011,-,25042019061800,-,-,False,,,103466451,,INE726G01019,ICICI Prudential Life Insurance Company Limited,2019-04-25 06:18:00,ICICIPRULI
18-Apr-2019 20:12:00,,https://nsearchives.nseindia.com/corporate/ICICIPRULI_18042019200806_SE_submission_18_04_2019_EarningsCall_384.pdf,ICICI Prudential Life Insurance Company Limited has informed the Exchange regarding Analysts/Institutional Investor Meet/Con. Call Updates,,,Analysts/Institutional Investor Meet/Con. Call Updates,-,18042019201200,-,-,False,,,103457312,,INE726G01019,ICICI Prudential Life Insurance Company Limited,2019-04-18 20:12:00,ICICIPRULI
17-Apr-2019 20:17:00,,https://nsearchives.nseindia.com/corporate/ICICIPRULI_17042019201500_SEsubmission_Presentaion_17_4_19_132.pdf,ICICI Prudential Life Insurance Company Limited has informed the Exchange regarding Investor Presentation,,,Investor Presentation,-,17042019201700,-,-,False,,,103455795,,INE726G01019,ICICI Prudential Life Insurance Company Limited,2019-04-17 20:17:00,ICICIPRULI
11-Apr-2019 20:44:00,,https://nsearchives.nseindia.com/corporate/ICICIPRULI_11042019204244_20190411_SEsubmission_Coromandel_329.pdf,"ICICI Prudential Life Insurance Company Limited has informed the Exchange regarding 'disclosures under regulation 30 read with para A of part A of Schedule III of the SEBI (Listing Obligations and Disclosure Requirement) Regulations, 2015'.",,,Updates,-,11042019204400,-,-,False,,,103443548,,INE726G01019,ICICI Prudential Life Insurance Company Limited,2019-04-11 20:44:00,ICICIPRULI
30-Mar-2019 18:07:00,,https://nsearchives.nseindia.com/corporate/ICICIPRULI_30032019180557_20190330_SESubmission_FairDisclosure_339.pdf,"ICICI Prudential Life Insurance Company Limited has informed the Exchange regarding 'Intimation under Regulation 8(2) of the SEBI (Prohibition of Insider Trading) Regulations, 2015 '.",,,Updates,-,30032019180700,-,-,False,,,103413290,,INE726G01019,ICICI Prudential Life Insurance Company Limited,2019-03-30 18:07:00,ICICIPRULI
29-Mar-2019 18:44:00,,https://nsearchives.nseindia.com/corporate/ICICIPRULI_29032019184031_20190329_Trading_Window_417.pdf,"ICICI Prudential Life Insurance Company Limited has informed the Exchange regarding the Trading Window closure pursuant to SEBI (Prohibition of Insider Trading) Regulations, 2015",,,Trading Window,-,29032019184400,-,-,False,,,103411972,,INE726G01019,ICICI Prudential Life Insurance Company Limited,2019-03-29 18:44:00,ICICIPRULI
26-Mar-2019 20:25:00,,https://nsearchives.nseindia.com/corporate/ICICIPRULI_26032019202438_20190326_SEsubmission_JyothiLab_328.pdf,"ICICI Prudential Life Insurance Company Limited has informed the Exchange regarding ''Disclosures under Regulation 30 read with para A of part A of schedule III of the SEBI (Listing Obligations and Disclosure Requirement) Regulations, 2015'.",,,Updates,-,26032019202500,-,-,False,,,103402865,,INE726G01019,ICICI Prudential Life Insurance Company Limited,2019-03-26 20:25:00,ICICIPRULI
26-Mar-2019 13:11:00,,https://nsearchives.nseindia.com/corporate/listcontract3_26032019130633_OversubscriptionOption_097.pdf,"Prudential Corporation Holdings Limited has informed the Exchange regarding ""Offer for Sale of equity shares of ICICI Prudential Life Insurance Company Limited by its promoter Prudential Corporation Holdings Limited ( the ""Seller"") through the stock Exchange mechanism intimated by way of notice on March 25, 2019.",,,Offer for sale,-,26032019131100,-,-,False,,,103402148,,INE726G01019,ICICI Prudential Life Insurance Company Limited,2019-03-26 13:11:00,ICICIPRULI
25-Mar-2019 21:12:00,,https://nsearchives.nseindia.com/corporate/ICICIPRULI_25032019210433_20190325_SEsubmission_8_2__320.pdf,"ICICI Prudential Life Insurance Company Limited has informed the Exchange regarding 'Intimation under Regulation 8(2) of the SEBI (Prohibition of Insider Trading) Regulations, 2015'.",,,Updates,-,25032019211200,-,-,False,,,103399156,,INE726G01019,ICICI Prudential Life Insurance Company Limited,2019-03-25 21:12:00,ICICIPRULI
25-Mar-2019 17:09:00,,https://nsearchives.nseindia.com/corporate/listcontract1_25032019165749_Prudential_176.pdf,"Prudential Corporation Holdings Limited�� has submitted to the Exchange, an announcement with respect to offer for sale through Stock Exchange Mechanism for sale upto 37,330,397 (2.6%) equity shares of face value of Rs. 10 each of the Company (""Base Offer Size""), with an option to additionally sell 15,937,208 (1.11%) equity shares of the Company (the ""Oversubscription Option"" and in event the Oversubscription Option is exercised, the equity shares forming part of the Base Offer Size and the Oversubscription Option will, collectively, hereinafter be referred to as ('Offer Shares').Date and time of the opening of the offer for Non-Retail Investors: March 26, 2019 9:15 a.m.Date and time of the closing of the offer for Non-Retail Investors: March 26, 2019 at 3:30 p.m.��Date and time of the opening of the offer for Retail Investors: March 27, 2019 at 9:15 a.m.Date and time of the closing of the offer for Retail Investors: March 27, 2019 at 3:30 p.m.The Sale shall continue to take place on a separate window of the Stock Exchanges on T +1 day, commencing at 9:15 a.m. and shall close at 3:30 p.m. (Indian Standard Time) on the same date.The Floor Price for the Offer shall be Rs. 300 /- ( Rupees Three hundred only) per Equity Share (""Floor Price"").",,,Offer For Sale-Stock Exchange Mechanism,-,25032019170900,-,-,False,,,103399002,,INE726G01019,ICICI Prudential Life Insurance Company Limited,2019-03-25 17:09:00,ICICIPRULI
18-Mar-2019 11:43:00,,https://nsearchives.nseindia.com/corporate/ICICIPRULI_18032019114003_SE_Investor_meet_March_18_2019_060.pdf,ICICI Prudential Life Insurance Company Limited has informed the Exchange regarding Analysts/Institutional Investor Meet/Con. Call Updates,,,Analysts/Institutional Investor Meet/Con. Call Updates,-,18032019114300,-,-,False,,,103382416,,INE726G01019,ICICI Prudential Life Insurance Company Limited,2019-03-18 11:43:00,ICICIPRULI
08-Mar-2019 18:22:00,,https://nsearchives.nseindia.com/corporate/ICICIPRULI_08032019181909_SE_Investor_meet_March_8_2019_235.pdf,ICICI Prudential Life Insurance Company Limited has informed the Exchange regarding Analysts/Institutional Investor Meet/Con. Call Updates,,,Analysts/Institutional Investor Meet/Con. Call Updates,-,08032019182200,-,-,False,,,103362245,,INE726G01019,ICICI Prudential Life Insurance Company Limited,2019-03-08 18:22:00,ICICIPRULI
05-Mar-2019 19:04:00,,https://nsearchives.nseindia.com/corporate/ICICIPRULI_05032019190251_SE_intimation_Investor_Presentation_306.pdf,ICICI Prudential Life Insurance Company Limited has informed the Exchange regarding Investor Presentation,,,Investor Presentation,-,05032019190400,-,-,False,,,103353220,,INE726G01019,ICICI Prudential Life Insurance Company Limited,2019-03-05 19:04:00,ICICIPRULI
05-Mar-2019 14:50:00,,https://nsearchives.nseindia.com/corporate/listcontract1_532019144750_SE_Retirement_of_director_VKD_march_5_2019_169.pdf,"ICICI Prudential Life Insurance Company Limited has informed the Exchange that Mr. Vinod Kumar Dhall has completed his tenure as an Independent Director and Chairman of the Company with effect from the close of business hours on March 4, 2019.",,,Retirement,-,05032019145000,-,-,False,,,103353094,,INE726G01019,ICICI Prudential Life Insurance Company Limited,2019-03-05 14:50:00,ICICIPRULI
19-Feb-2019 20:04:00,,https://nsearchives.nseindia.com/corporate/ICICIPRULI_19022019200246_SE_Investor_meet_February_19_2019_222.pdf,ICICI Prudential Life Insurance Company Limited has informed the Exchange regarding Analysts/Institutional Investor Meet/Con. Call Updates,,,Analysts/Institutional Investor Meet/Con. Call Updates,-,19022019200400,-,-,False,,,103321759,,INE726G01019,ICICI Prudential Life Insurance Company Limited,2019-02-19 20:04:00,ICICIPRULI
19-Feb-2019 12:07:00,,https://nsearchives.nseindia.com/corporate/ICICIPRULI_19022019120608_SE_Investor_meet_February_19_2019_051.pdf,ICICI Prudential Life Insurance Company Limited has informed the Exchange regarding Analysts/Institutional Investor Meet/Con. Call Updates,,,Analysts/Institutional Investor Meet/Con. Call Updates,-,19022019120700,-,-,False,,,103321459,,INE726G01019,ICICI Prudential Life Insurance Company Limited,2019-02-19 12:07:00,ICICIPRULI
14-Feb-2019 19:47:00,,https://nsearchives.nseindia.com/corporate/ICICIPRULI_14022019194253_SE_Investor_meet_February_14_2019_HK_Mumbai_544.pdf,ICICI Prudential Life Insurance Company Limited has informed the Exchange regarding Analysts/Institutional Investor Meet/Con. Call Updates,,,Analysts/Institutional Investor Meet/Con. Call Updates,-,14022019194700,-,-,False,,,103310699,,INE726G01019,ICICI Prudential Life Insurance Company Limited,2019-02-14 19:47:00,ICICIPRULI
13-Feb-2019 17:31:00,,https://nsearchives.nseindia.com/corporate/ICICIPRULI_13022019172710_SE_Intimation_investor_meet_13_2_19_374.pdf,ICICI Prudential Life Insurance Company Limited has informed the Exchange regarding Analysts/Institutional Investor Meet/Con. Call Updates,,,Analysts/Institutional Investor Meet/Con. Call Updates,-,13022019173100,-,-,False,,,103307344,,INE726G01019,ICICI Prudential Life Insurance Company Limited,2019-02-13 17:31:00,ICICIPRULI
12-Feb-2019 20:05:00,,https://nsearchives.nseindia.com/corporate/ICICIPRULI_12022019195830_SE_Submission_Chairman_543.pdf,"ICICI Prudential Life Insurance Company Limited has informed the Exchange regarding Appointment of Mr M. S. Ramachandran as Independent Chairman of the company w.e.f. March 05, 2019.",,,Appointment,-,12022019200500,-,-,False,,,103304334,,INE726G01019,ICICI Prudential Life Insurance Company Limited,2019-02-12 20:05:00,ICICIPRULI
11-Feb-2019 18:28:00,,https://nsearchives.nseindia.com/corporate/ICICIPRULI_11022019182502_SE_intimation_11_2_19_394.pdf,ICICI Prudential Life Insurance Company Limited has informed the Exchange regarding Analysts/Institutional Investor Meet/Con. Call Updates,,,Analysts/Institutional Investor Meet/Con. Call Updates,-,11022019182800,-,-,False,,,103301091,,INE726G01019,ICICI Prudential Life Insurance Company Limited,2019-02-11 18:28:00,ICICIPRULI
07-Feb-2019 17:31:00,,https://nsearchives.nseindia.com/corporate/ICICIPRULI_07022019173007_SE_Investor_meet_February_7_2019_296.pdf,ICICI Prudential Life Insurance Company Limited has informed the Exchange regarding Analysts/Institutional Investor Meet/Con. Call Updates,,,Analysts/Institutional Investor Meet/Con. Call Updates,-,07022019173100,-,-,False,,,103292228,,INE726G01019,ICICI Prudential Life Insurance Company Limited,2019-02-07 17:31:00,ICICIPRULI
06-Feb-2019 17:03:00,,https://nsearchives.nseindia.com/corporate/ICICIPRULI_06022019170122_SE_Submission_Investor_PPT_Feb_6_2019_339.pdf,ICICI Prudential Life Insurance Company Limited has informed the Exchange regarding Investor Presentation,,,Investor Presentation,-,06022019170300,-,-,False,,,103288522,,INE726G01019,ICICI Prudential Life Insurance Company Limited,2019-02-06 17:03:00,ICICIPRULI
23-Jan-2019 15:47:00,,https://nsearchives.nseindia.com/corporate/ICICIPRULI_23012019154503_20190123_Analystcall_transcript_149.pdf,ICICI Prudential Life Insurance Company Limited has informed the Exchange regarding Analysts/Institutional Investor Meet/Con. Call Updates,,,Analysts/Institutional Investor Meet/Con. Call Updates,-,23012019154700,-,-,False,,,103249925,,INE726G01019,ICICI Prudential Life Insurance Company Limited,2019-01-23 15:47:00,ICICIPRULI
22-Jan-2019 19:50:17,,https://nsearchives.nseindia.com/corporate/Financials_SE_Submission_22012019195017.zip,"ICICI Prudential Life Insurance Company Limited has submitted to the Exchange, the financial results for the period ended December 31, 2018.",,,Financial Result Updates,-,22012019195017,-,-,False,,,125028,,INE726G01019,ICICI Prudential Life Insurance Company Limited,2019-01-22 19:50:17,ICICIPRULI
22-Jan-2019 19:45:00,,https://nsearchives.nseindia.com/corporate/ICICIPRULI_22012019194345_Outcome_Sesubmission_304.pdf,"ICICI Prudential Life Insurance Company Limited has informed the Exchange regarding  Board meeting held on January 22, 2019.",,,Outcome of Board Meeting,-,22012019194500,-,-,False,,,103247584,,INE726G01019,ICICI Prudential Life Insurance Company Limited,2019-01-22 19:45:00,ICICIPRULI
18-Jan-2019 19:21:00,,https://nsearchives.nseindia.com/corporate/ICICIPRULI_18012019191847_SE_Earnings_call_intimation_revised_243.pdf,ICICI Prudential Life Insurance Company Limited has informed the Exchange regarding Analysts/Institutional Investor Meet/Con. Call Updates,,,Analysts/Institutional Investor Meet/Con. Call Updates,-,18012019192100,-,-,False,,,103240910,,INE726G01019,ICICI Prudential Life Insurance Company Limited,2019-01-18 19:21:00,ICICIPRULI
17-Jan-2019 19:31:00,,https://nsearchives.nseindia.com/corporate/ICICIPRULI_17012019192706_SE_Earnings_Call_intimation_263.pdf,ICICI Prudential Life Insurance Company Limited has informed the Exchange regarding Analysts/Institutional Investor Meet/Con. Call Updates,,,Analysts/Institutional Investor Meet/Con. Call Updates,-,17012019193100,-,-,False,,,103237467,,INE726G01019,ICICI Prudential Life Insurance Company Limited,2019-01-17 19:31:00,ICICIPRULI
07-Jan-2019 17:35:00,,https://nsearchives.nseindia.com/corporate/ICICIPRULI_07012019173234_SE_Intimation_Investor_Presentation_7_1_2019_188.pdf,ICICI Prudential Life Insurance Company Limited has informed the Exchange regarding Investor Presentation,,,Investor Presentation,-,07012019173500,-,-,False,,,103207383,,INE726G01019,ICICI Prudential Life Insurance Company Limited,2019-01-07 17:35:00,ICICIPRULI
04-Jan-2019 12:28:00,,https://nsearchives.nseindia.com/corporate/ICICIPRULI_04012019122401_SE_Trading_window_Closure_Intimation_032.pdf,"ICICI Prudential Life Insurance Company Limited has informed the Exchange regarding the Trading Window closure pursuant to SEBI (Prohibition of Insider Trading) Regulations, 2015. Please note that the Trading Window to deal in the shares of the Company will remain closed from January 7, 2019 to January 24, 2019 (both days inclusive) for declaration of financial results for the period ended December 31, 2018.",,,Trading Window,-,04012019122800,-,-,False,,,103202331,,INE726G01019,ICICI Prudential Life Insurance Company Limited,2019-01-04 12:28:00,ICICIPRULI
01-Jan-2019 21:27:00,,https://nsearchives.nseindia.com/corporate/ICICIPRULI_01012019210925_SE_Intimation_appointment_of_director_01_01_2019_159.pdf,"ICICI Prudential Life Insurance Company Limited has informed the Exchange regarding Appointment of Ms Vibha Paul Rishi as Non- Executive Independent Director of the company w.e.f. January 01, 2019.",,,Appointment,-,01012019212700,-,-,False,,,103194144,,INE726G01019,ICICI Prudential Life Insurance Company Limited,2019-01-01 21:27:00,ICICIPRULI
06-Dec-2018 18:41:00,,https://nsearchives.nseindia.com/corporate/ICICIPRULI_06122018183353_Sesubmission_Investor_presentation_Dec_6_2018_197.pdf,ICICI Prudential Life Insurance Company Limited has informed the Exchange regarding Investor Presentation,,,Investor Presentation,-,06122018184100,-,-,False,,,103132093,,INE726G01019,ICICI Prudential Life Insurance Company Limited,2018-12-06 18:41:00,ICICIPRULI
01-Dec-2018 17:30:00,,https://nsearchives.nseindia.com/corporate/ICICIPRULI_01122018172228_SE_Investor_meet_December_1_2018_035.pdf,ICICI Prudential Life Insurance Company Limited has informed the Exchange regarding Analysts/Institutional Investor Meet/Con. Call Updates,,,Analysts/Institutional Investor Meet/Con. Call Updates,-,01122018173000,-,-,False,,,103120560,,INE726G01019,ICICI Prudential Life Insurance Company Limited,2018-12-01 17:30:00,ICICIPRULI
29-Nov-2018 13:44:00,,https://nsearchives.nseindia.com/corporate/ICICIPRULI_29112018134341_20181129_SESubmission_Transfer_of_RTA_business_083.pdf,ICICI Prudential Life Insurance Company Limited has informed the Exchange regarding the Registrar & Share Transfer Agent Update,,,Registrar & Share Transfer Agent Update,-,29112018134400,-,-,False,,,103114884,,INE726G01019,ICICI Prudential Life Insurance Company Limited,2018-11-29 13:44:00,ICICIPRULI
20-Nov-2018 13:10:00,,https://nsearchives.nseindia.com/corporate/ICICIPRULI_20112018130822_SE_submission_ESOS_allotment_Nov_20_18_153.pdf,ICICI Prudential Life Insurance Company Limited has informed the Exchange regarding allotment of  200000 Equity Shares under ESOP,,,Allotment of ESOP/ESPS,-,20112018131000,-,-,False,,,103096091,,INE726G01019,ICICI Prudential Life Insurance Company Limited,2018-11-20 13:10:00,ICICIPRULI
16-Nov-2018 12:13:00,,https://nsearchives.nseindia.com/corporate/ICICIPRULI_16112018121155_20181115_SEsubmission_Investormeet_415.pdf,ICICI Prudential Life Insurance Company Limited has informed the Exchange regarding Analysts/Institutional Investor Meet/Con. Call Updates,,,Analysts/Institutional Investor Meet/Con. Call Updates,-,16112018121300,-,-,False,,,103086902,,INE726G01019,ICICI Prudential Life Insurance Company Limited,2018-11-16 12:13:00,ICICIPRULI
14-Nov-2018 19:51:00,,https://nsearchives.nseindia.com/corporate/ICICIPRULI_14112018195016_20181113_SEsubmission_Investormeet_819.pdf,ICICI Prudential Life Insurance Company Limited has informed the Exchange regarding Analysts/Institutional Investor Meet/Con. Call Updates,,,Analysts/Institutional Investor Meet/Con. Call Updates,-,14112018195100,-,-,False,,,103079662,,INE726G01019,ICICI Prudential Life Insurance Company Limited,2018-11-14 19:51:00,ICICIPRULI
03-Nov-2018 21:05:00,,https://nsearchives.nseindia.com/corporate/ICICIPRULI_03112018210428_20181103_SEsubmission_investormeet_296.pdf,ICICI Prudential Life Insurance Company Limited has informed the Exchange regarding Analysts/Institutional Investor Meet/Con. Call Updates,,,Analysts/Institutional Investor Meet/Con. Call Updates,-,03112018210500,-,-,False,,,103057491,,INE726G01019,ICICI Prudential Life Insurance Company Limited,2018-11-03 21:05:00,ICICIPRULI
25-Oct-2018 17:26:00,,https://nsearchives.nseindia.com/corporate/ICICIPRULI_25102018172109_ESOS_allotment_Oct_25_2018_765.pdf,ICICI Prudential Life Insurance Company Limited has informed the Exchange regarding allotment of  18000 Equity Shares under ESOP,,,Allotment of ESOP/ESPS,-,25102018172600,-,-,False,,,103034806,,INE726G01019,ICICI Prudential Life Insurance Company Limited,2018-10-25 17:26:00,ICICIPRULI
24-Oct-2018 12:51:00,,https://nsearchives.nseindia.com/corporate/ICICIPRULI_24102018124126_20181024_EarningsCall_084.pdf,ICICI Prudential Life Insurance Company Limited has informed the Exchange regarding Analysts/Institutional Investor Meet/Con. Call Updates,,,Analysts/Institutional Investor Meet/Con. Call Updates,-,24102018125100,-,-,False,,,103031908,,INE726G01019,ICICI Prudential Life Insurance Company Limited,2018-10-24 12:51:00,ICICIPRULI
23-Oct-2018 17:20:41,,https://nsearchives.nseindia.com/corporate/Financials_23102018172041.zip,"ICICI Prudential Life Insurance Company Limited has submitted to the Exchange, the financial results for the period ended September 30, 2018.",,,Financial Result Updates,-,23102018172041,-,-,False,,,123011,,INE726G01019,ICICI Prudential Life Insurance Company Limited,2018-10-23 17:20:41,ICICIPRULI
23-Oct-2018 17:13:00,,https://nsearchives.nseindia.com/corporate/ICICIPRULI_23102018171010_Outcome_Oct2018_206.pdf,"ICICI Prudential Life Insurance Company Limited has informed the Exchange that Board of Directors at its meeting held on October 23, 2018, declared Interim Dividend of 1.60 per equity share.",,,Dividend,-,23102018171300,-,-,False,,,103027217,,INE726G01019,ICICI Prudential Life Insurance Company Limited,2018-10-23 17:13:00,ICICIPRULI
22-Oct-2018 21:00:00,,https://nsearchives.nseindia.com/corporate/ICICIPRULI_22102018205915_20181022_SE_Appointment_of_chairman_903.pdf,"ICICI Prudential Life Insurance Company Limited has informed the Exchange regarding Appointment of Mr Vinod Kumar Dhall as non- execucutive Chairman of the company w.e.f. October 22, 2018.",,,Appointment,-,22102018210000,-,-,False,,,103024407,,INE726G01019,ICICI Prudential Life Insurance Company Limited,2018-10-22 21:00:00,ICICIPRULI
17-Oct-2018 21:19:00,,https://nsearchives.nseindia.com/corporate/ICICIPRULI_17102018211718_Earnings_call_Oct_23_2018_008.pdf,ICICI Prudential Life Insurance Company Limited has informed the Exchange regarding Analysts/Institutional Investor Meet/Con. Call Updates,,,Analysts/Institutional Investor Meet/Con. Call Updates,-,17102018211900,-,-,False,,,103016843,,INE726G01019,ICICI Prudential Life Insurance Company Limited,2018-10-17 21:19:00,ICICIPRULI
08-Oct-2018 19:35:00,,https://nsearchives.nseindia.com/corporate/listcontract1_810201817347_SE_intimation_BM_23_10_2018_609.pdf,"ICICI Prudential Life Insurance Company Limited has informed the Exchange that the Company has fixed Record Date as November 2, 2018 for determining the eligibility for payment of interim dividend, if declared.",,,Record Date,-,08102018193500,-,-,False,,,102989216,,INE726G01019,ICICI Prudential Life Insurance Company Limited,2018-10-08 19:35:00,ICICIPRULI
08-Oct-2018 16:17:00,,https://nsearchives.nseindia.com/corporate/ICICIPRULI_08102018161650_SE_Intimation_appointment_of_directors_08_10_18_517.pdf,"ICICI Prudential Life Insurance Company Limited has informed the Exchange regarding Appointment of Mr Sandeep Batra as Non-executive Additional Director of the company w.e.f. October 08, 2018.",,,Appointment,-,08102018161700,-,-,False,,,102989189,,INE726G01019,ICICI Prudential Life Insurance Company Limited,2018-10-08 16:17:00,ICICIPRULI
08-Oct-2018 16:17:00,,https://nsearchives.nseindia.com/corporate/ICICIPRULI_08102018161520_SE_Intimation_appointment_of_directors_08_10_18_516.pdf,"ICICI Prudential Life Insurance Company Limited has informed the Exchange regarding Appointment of Mr Anup Bagchi as Non-executive Additional Director of the company w.e.f. October 08, 2018.",,,Appointment,-,08102018161700,-,-,False,,,102989190,,INE726G01019,ICICI Prudential Life Insurance Company Limited,2018-10-08 16:17:00,ICICIPRULI
05-Oct-2018 21:40:00,,https://nsearchives.nseindia.com/corporate/ICICIPRULI_05102018213908_SE_intimation_change_in_directorship_Oct_5_2018_310.pdf,"ICICI Prudential Life Insurance Company Limited has informed the Exchange regarding Resignation of Mr Sandeep Bakhshi as Non- Executive Director of the company w.e.f. October 05, 2018.",,,Resignation,-,05102018214000,-,-,False,,,102985488,,INE726G01019,ICICI Prudential Life Insurance Company Limited,2018-10-05 21:40:00,ICICIPRULI
05-Oct-2018 21:40:00,,https://nsearchives.nseindia.com/corporate/ICICIPRULI_05102018213731_SE_intimation_change_in_directorship_Oct_5_2018_309.pdf,"ICICI Prudential Life Insurance Company Limited has informed the Exchange regarding Resignation of Ms Chanda Kochhar as Non- Executive Director of the company w.e.f. October 05, 2018.",,,Resignation,-,05102018214000,-,-,False,,,102985489,,INE726G01019,ICICI Prudential Life Insurance Company Limited,2018-10-05 21:40:00,ICICIPRULI
05-Oct-2018 20:51:00,,https://nsearchives.nseindia.com/corporate/ICICIPRULI_05102018204940_Trading_window_Closure_Intimation_SE_305.pdf,"ICICI Prudential Life Insurance Company Limited has informed the Exchange regarding the Trading Window closure pursuant to SEBI (Prohibition of Insider Trading) Regulations, 2015",,,Trading Window,-,05102018205100,-,-,False,,,102984729,,INE726G01019,ICICI Prudential Life Insurance Company Limited,2018-10-05 20:51:00,ICICIPRULI
21-Sep-2018 17:35:00,,https://nsearchives.nseindia.com/corporate/ICICIPRULI_21092018173222_SE_submission_ESOS_allotment_Sep_21_18_840.pdf,ICICI Prudential Life Insurance Company Limited has informed the Exchange regarding allotment of  980 Equity Shares under ESOP,,,Allotment of ESOP/ESPS,-,21092018173500,-,-,False,,,102951494,,INE726G01019,ICICI Prudential Life Insurance Company Limited,2018-09-21 17:35:00,ICICIPRULI
19-Sep-2018 18:53:00,,https://nsearchives.nseindia.com/corporate/ICICIPRULI_19092018185119_Sep_19_2018_Investor_meet_473.pdf,ICICI Prudential Life Insurance Company Limited has informed the Exchange regarding Analysts/Institutional Investor Meet/Con. Call Updates,,,Analysts/Institutional Investor Meet/Con. Call Updates,-,19092018185300,-,-,False,,,102948522,,INE726G01019,ICICI Prudential Life Insurance Company Limited,2018-09-19 18:53:00,ICICIPRULI
18-Sep-2018 16:08:00,,https://nsearchives.nseindia.com/corporate/ICICIPRULI_18092018160626_20180918_SESubmission_Press_Release_098.pdf,"ICICI Prudential Life Insurance Company Limited has informed the Exchange regarding a press release dated September 18, 2018, titled ""ICICI Prudential Life and Saraswat Co-operative Bank sign bancassurance partnership"".",,,Press Release,-,18092018160800,-,-,False,,,102944511,,INE726G01019,ICICI Prudential Life Insurance Company Limited,2018-09-18 16:08:00,ICICIPRULI
12-Sep-2018 17:58:00,,https://nsearchives.nseindia.com/corporate/ICICIPRULI_12092018175145_Sep_12_2018_Investor_meet_462.pdf,ICICI Prudential Life Insurance Company Limited has informed the Exchange regarding Analysts/Institutional Investor Meet/Con. Call Updates,,,Analysts/Institutional Investor Meet/Con. Call Updates,-,12092018175800,-,-,False,,,102935137,,INE726G01019,ICICI Prudential Life Insurance Company Limited,2018-09-12 17:58:00,ICICIPRULI
04-Sep-2018 17:50:00,,https://nsearchives.nseindia.com/corporate/ICICIPRULI_04092018174445_20180904_Analyst_Meet_795.pdf,ICICI Prudential Life Insurance Company Limited has informed the Exchange regarding Analysts/Institutional Investor Meet/Con. Call Updates,,,Analysts/Institutional Investor Meet/Con. Call Updates,-,04092018175000,-,-,False,,,102913005,,INE726G01019,ICICI Prudential Life Insurance Company Limited,2018-09-04 17:50:00,ICICIPRULI
29-Aug-2018 18:54:00,,https://nsearchives.nseindia.com/corporate/ICICIPRULI_29082018185259_20180829_SESubmission_338.pdf,"ICICI Prudential Life Insurance Company Limited has informed the Exchange regarding 'Disclosures under Regulation 30 read with para A of part A of schedule III of the SEBI (Listing Obligations and Disclosure Requirement) Regulations, 2015'.",,,Updates,-,29082018185400,-,-,False,,,102900252,,INE726G01019,ICICI Prudential Life Insurance Company Limited,2018-08-29 18:54:00,ICICIPRULI
28-Aug-2018 16:13:00,,https://nsearchives.nseindia.com/corporate/ICICIPRULI_28082018155331_Aug_28_2018_Investor_meet_220.pdf,ICICI Prudential Life Insurance Company Limited has informed the Exchange regarding Analysts/Institutional Investor Meet/Con. Call Updates,,,Analysts/Institutional Investor Meet/Con. Call Updates,-,28082018161300,-,-,False,,,102897229,,INE726G01019,ICICI Prudential Life Insurance Company Limited,2018-08-28 16:13:00,ICICIPRULI
25-Aug-2018 16:34:00,,https://nsearchives.nseindia.com/corporate/ICICIPRULI_25082018163258_SESubmission_August252018_499.pdf,"ICICI Prudential Life Insurance Company Limited has submitted the Exchange a copy Srutinizers report of  Postal Ballot. Further, the company has informed the Exchange regarding voting results.",,,Shareholders meeting,-,25082018163400,-,-,False,,,102891825,,INE726G01019,ICICI Prudential Life Insurance Company Limited,2018-08-25 16:34:00,ICICIPRULI
14-Aug-2018 11:45:00,,https://nsearchives.nseindia.com/corporate/SESUBMISSION_IRDAI_approval_11_Aug_2018_14082018114549_107.zip,"ICICI Prudential Life Insurance Company Limited has informed the Exchange regarding 'Submission pursuant to Regulation 30 read with para B of Part B of Schedule III of Securities and Exchange Board of India (Listing Obligations and Disclosure Requirements) Regulations, 2015 and further to the Company's letter dated June 18, 2018, that Insurance Regulatory and Development Authority of India has vide its letter dated August 13, 2018, approved the appointment of Mr. N. S. Kannan as Managing Director & CEO of the Company for a period of 5 years with effect from June 19, 2018.'.",,,Updates,-,14082018114500,-,-,False,,,102868112,,INE726G01019,ICICI Prudential Life Insurance Company Limited,2018-08-14 11:45:00,ICICIPRULI
10-Aug-2018 18:20:00,,https://nsearchives.nseindia.com/corporate/Aug_10_2018_Investor_meet_10082018182001_089.zip,ICICI Prudential Life Insurance Company Limited has informed the Exchange regarding Analysts/Institutional Investor Meet/Con. Call Updates,,,Analysts/Institutional Investor Meet/Con. Call Updates,-,10082018182000,-,-,False,,,102861151,,INE726G01019,ICICI Prudential Life Insurance Company Limited,2018-08-10 18:20:00,ICICIPRULI
25-Jul-2018 18:36:00,,https://nsearchives.nseindia.com/corporate/Analyst_Meeting_Transcript_and_PPT_Jul_25_2018_25072018183659_716.zip,ICICI Prudential Life Insurance Company Limited has informed the Exchange regarding Analysts/Institutional Investor Meet/Con. Call Updates,,,Analysts/Institutional Investor Meet/Con. Call Updates,-,25072018183600,-,-,False,,,102816881,,INE726G01019,ICICI Prudential Life Insurance Company Limited,2018-07-25 18:36:00,ICICIPRULI
25-Jul-2018 18:13:00,,https://nsearchives.nseindia.com/corporate/20180725_Code_for_fair_disclosure_25072018181340_689.zip,"ICICI Prudential Life Insurance Company Limited has informed the Exchange regarding 'Intimation under Regulation 8 (2) of SEBI (Prohibition of Insider Trading) Regulations, 2015'.",,,Updates,-,25072018181300,-,-,False,,,102816853,,INE726G01019,ICICI Prudential Life Insurance Company Limited,2018-07-25 18:13:00,ICICIPRULI
24-Jul-2018 18:07:47,,https://nsearchives.nseindia.com/corporate/Financials_24072018180747.zip,"ICICI Prudential Life Insurance Company Limited has submitted to the Exchange, the financial results for the period ended June 30, 2018.",,,Financial Result Updates,-,24072018180747,-,-,False,,,120996,,INE726G01019,ICICI Prudential Life Insurance Company Limited,2018-07-24 18:07:47,ICICIPRULI
24-Jul-2018 18:03:00,,https://nsearchives.nseindia.com/corporate/Outcome_24072018_24072018180355_237.zip,"ICICI Prudential Life Insurance Company Limited has informed the Exchange regarding  Board meeting held on July 24, 2018.",,,Outcome of Board Meeting,-,24072018180300,-,-,False,,,102813271,,INE726G01019,ICICI Prudential Life Insurance Company Limited,2018-07-24 18:03:00,ICICIPRULI
24-Jul-2018 10:43:00,,https://nsearchives.nseindia.com/corporate/20180724_SE_Submission_AD_PB_24072018104319_980.zip,"ICICI Prudential Life Insurance Company Limited has informed the Exchange regarding 'Further to our letter dated July 23, 2018 regarding the Postal Ballot Notice & Form, please find enclosed the copies of advertisements published in today��s English and regional newspaper, intimating the public of the dispatch of the Postal Ballot Notice alongwith relevant information.'.",,,Updates,-,24072018104300,-,-,False,,,102812969,,INE726G01019,ICICI Prudential Life Insurance Company Limited,2018-07-24 10:43:00,ICICIPRULI
23-Jul-2018 22:02:00,,https://nsearchives.nseindia.com/corporate/20180723_SE_Postal_Ballot_23072018220210_942.zip,ICICI Prudential Life Insurance Company Limited has informed the Exchange regarding Notice of Postal Ballot,,,Shareholders meeting,-,23072018220200,-,-,False,,,102810661,,INE726G01019,ICICI Prudential Life Insurance Company Limited,2018-07-23 22:02:00,ICICIPRULI
20-Jul-2018 21:08:00,,https://nsearchives.nseindia.com/corporate/Analyst_Meeting_Intimation_20072018210856_367.zip,ICICI Prudential Life Insurance Company Limited has informed the Exchange regarding Analysts/Institutional Investor Meet/Con. Call Updates,,,Analysts/Institutional Investor Meet/Con. Call Updates,-,20072018210800,-,-,False,,,102806904,,INE726G01019,ICICI Prudential Life Insurance Company Limited,2018-07-20 21:08:00,ICICIPRULI
11-Jul-2018 18:15:00,,https://nsearchives.nseindia.com/corporate/SE_submission_ESOS_allotment_July_11_18_11072018181558_249.zip,ICICI Prudential Life Insurance Company Limited has informed the Exchange regarding allotment of  10466 Equity Shares under ESOP,,,Allotment of ESOP/ESPS,-,11072018181500,-,-,False,,,102783137,,INE726G01019,ICICI Prudential Life Insurance Company Limited,2018-07-11 18:15:00,ICICIPRULI
06-Jul-2018 18:16:00,,https://nsearchives.nseindia.com/corporate/SE_trading_window_closure_06072018181634_309.zip,"ICICI Prudential Life Insurance Company Limited has informed the Exchange regarding the Trading Window closure pursuant to SEBI (Prohibition of Insider Trading) Regulations, 2015",,,Trading Window,-,06072018181600,-,-,False,,,102774199,,INE726G01019,ICICI Prudential Life Insurance Company Limited,2018-07-06 18:16:00,ICICIPRULI
03-Jul-2018 18:32:00,,https://nsearchives.nseindia.com/corporate/20180703_SEsubmission_PB_03072018183218_262.zip,"ICICI Prudential Life Insurance Company Limited has informed the Exchange regarding 'That the Board of Directors at its Meeting held on July 3, 2018 considered and approved the proposals for seeking consent of the Members through postal ballot for:1. Ratification of appointment and remuneration of Mr. N. S. Kannan (DIN: 00066009) as Managing Director & CEO of the Company;2. Ratification of appointment of Mr. Sandeep Bakhshi (DIN: 00109206) as Non-Executive Director of the Company.3. Approval of revised remuneration of Mr. Puneet Nanda (DIN: 02578795), Executive Director designated as Deputy Managing Director of the Company.The Board also approved July 11, 2018 as the cut-off date for determining the list of shareholders eligible to receive the postal ballot notice.'.",,,Updates,-,03072018183200,-,-,False,,,102764066,,INE726G01019,ICICI Prudential Life Insurance Company Limited,2018-07-03 18:32:00,ICICIPRULI
03-Jul-2018 13:01:00,,https://nsearchives.nseindia.com/corporate/20180703_SE_Submission_03072018130113_089.zip,ICICI Prudential Life Insurance Company Limited has informed the Exchange regarding Change in Director(s) of the company.,,,Change in Director(s),-,03072018130100,-,-,False,,,102763829,,INE726G01019,ICICI Prudential Life Insurance Company Limited,2018-07-03 13:01:00,ICICIPRULI
27-Jun-2018 20:57:00,,https://nsearchives.nseindia.com/corporate/NSE_BSE_Proceedings_VR_SR_27062018205722_964.zip,"ICICI Prudential Life Insurance Company Limited has informed the Exchange regarding Proceedings of Annual General Meeting held on Jun 26, 2018. Further, the company has submitted the Exchange a copy of Srutinizers report along with voting results.",,,Shareholders meeting,-,27062018205700,-,-,False,,,102751451,,INE726G01019,ICICI Prudential Life Insurance Company Limited,2018-06-27 20:57:00,ICICIPRULI
22-Jun-2018 15:44:00,,https://nsearchives.nseindia.com/corporate/SE_intimation_Addendum_to_notice_advertisement_Jun_22_2018_22062018154441_833.zip,"ICICI Prudential Life Insurance Company Limited has informed the Exchange regarding 'Pursuant to the requirement specified under Regulation 30 read with Schedule III of the Securities and Exchange Board of India (Listing Obligation and Disclosure Requirements) Regulations, 2015, the copy of publication in the newspaper i.e. Loksatta, is enclosed'.",,,Updates,-,22062018154400,-,-,False,,,102741548,,INE726G01019,ICICI Prudential Life Insurance Company Limited,2018-06-22 15:44:00,ICICIPRULI
21-Jun-2018 15:08:00,,https://nsearchives.nseindia.com/corporate/33_3__b__i__SE_intimation_21062018150819_568.zip,"ICICI Prudential Life Insurance Company Limited has informed the Exchange regarding 'Intimation pursuant to Regulation 33(3)(b)(i) of SEBI (Listing Obligations and Disclosure Requirement) Regulations, 2015 about submission of the financial results of the Company.'.",,,Updates,-,21062018150800,-,-,False,,,102738810,,INE726G01019,ICICI Prudential Life Insurance Company Limited,2018-06-21 15:08:00,ICICIPRULI
21-Jun-2018 12:43:00,,https://nsearchives.nseindia.com/corporate/SE_intimation_Addendum_to_notice_advertisement_21062018124354_511.zip,"ICICI Prudential Life Insurance Company Limited has informed the Exchange regarding 'Pursuant to the requirement specified under Regulation 30 read with Schedule III of the Securities and Exchange Board of India (Listing Obligation and Disclosure Requirements) Regulations, 2015, the copy of the Addendum to Notice of the 18th Annual General Meeting of the Company published in English and Marathi newspapers i.e. Financial Express and Loksatta, is enclosed.'.",,,Updates,-,21062018124300,-,-,False,,,102738771,,INE726G01019,ICICI Prudential Life Insurance Company Limited,2018-06-21 12:43:00,ICICIPRULI
20-Jun-2018 08:32:00,,https://nsearchives.nseindia.com/corporate/Intimation_Addendum_20062018083226_235.zip,"ICICI Prudential Life Insurance Company Limited has submitted to the Exchange a Copy of Addendum to the Notice of the Annual General Meeting of the Company to be held on June 26, 2018.",,,Addendum,-,20062018083200,-,-,False,,,102733460,,INE726G01019,ICICI Prudential Life Insurance Company Limited,2018-06-20 08:32:00,ICICIPRULI
19-Jun-2018 08:33:00,,https://nsearchives.nseindia.com/corporate/SESubmission_News_clarification_final_19062018083357_002.zip,The Exchange had sought clarification from the Company with respect to news item captioned- ICICI Board mulls resuffle of top management - ICICI Prudential Life chief Bakshi may be named ICICI Bank interim CEO. The response from the Company is attached.,,,News Clarification,-,19062018083300,-,-,False,,,102730783,,INE726G01019,ICICI Prudential Life Insurance Company Limited,2018-06-19 08:33:00,ICICIPRULI
18-Jun-2018 21:57:00,,https://nsearchives.nseindia.com/corporate/SESubmission_Press_Release_18062018215711_420.zip,ICICI Prudential Life Insurance Company Limited has informed the Exchange regarding 'disseminating the attached press release in connection with the change in the directorships based on the outcome of the meeting of the Board of Directors of the Company.'.,,,Updates,-,18062018215700,-,-,False,,,102730319,,INE726G01019,ICICI Prudential Life Insurance Company Limited,2018-06-18 21:57:00,ICICIPRULI
18-Jun-2018 20:58:00,,https://nsearchives.nseindia.com/corporate/sesubmission_18062018205809_416.zip,"ICICI Prudential Life Insurance Company Limited has informed the Exchange regarding Appointment of Mr N S Kannan as Managing Director & CEO of the company w.e.f. Jun 19, 2018.",,,Appointment,-,18062018205800,-,-,False,,,102730260,,INE726G01019,ICICI Prudential Life Insurance Company Limited,2018-06-18 20:58:00,ICICIPRULI
18-Jun-2018 20:58:00,,https://nsearchives.nseindia.com/corporate/sesubmission_18062018205808_415.zip,"ICICI Prudential Life Insurance Company Limited has informed the Exchange regarding Resignation of Mr Sandeep Bakhshi as Managing Director & CEO of the company w.e.f. Jun 19, 2018.",,,Resignation,-,18062018205800,-,-,False,,,102730261,,INE726G01019,ICICI Prudential Life Insurance Company Limited,2018-06-18 20:58:00,ICICIPRULI
18-Jun-2018 20:58:00,,https://nsearchives.nseindia.com/corporate/sesubmission_18062018205810_417.zip,"ICICI Prudential Life Insurance Company Limited has informed the Exchange regarding Appointment of Mr Sandeep Bakhshi as Non- Executive Director of the company w.e.f. Jun 19, 2018.",,,Appointment,-,18062018205800,-,-,False,,,102730259,,INE726G01019,ICICI Prudential Life Insurance Company Limited,2018-06-18 20:58:00,ICICIPRULI
18-Jun-2018 09:25:00,,-,"The Exchange has sought clarification from the Company with respect to news item captioned- ICICI Board mulls resuffle of top management - ICICI Prudential Life chief Bakshi may be named ICICI Bank interim CEO. In this regard, Exchange has advised the Company to provide clarification/confirmation on the news item in detail including the following: a) Whether such event/negotiations/article stated in published news were taking place? If so, you are advised to provide the said information along with the sequence of events in chronological order and the material impact of this article on the Company. b) Whether company is aware of any information that has not been announced to the Exchanges under regulation 30 of Listing Regulations. The response from the Company is awaited.",,,News Clarification,-,18062018092500,-,-,False,,,102727363,,INE726G01019,ICICI Prudential Life Insurance Company Limited,2018-06-18 09:25:00,ICICIPRULI
14-Jun-2018 14:53:00,,https://nsearchives.nseindia.com/corporate/ICICIBANK_14062018145352.zip,"ICICI Bank Limited has informed the Exchange regarding ""Offer for Sale of equity share of ICICI Prudential Life Insurance Company Limited (the ""Company"") by its promoter ICICI Bank Limited (the ""Seller"") through the stock exchange mechanism intimated by way of notice on June 13, 2018"".",,,Offer for sale,-,14062018145300,-,-,False,,,102723253,,INE726G01019,ICICI Prudential Life Insurance Company Limited,2018-06-14 14:53:00,ICICIPRULI
13-Jun-2018 17:50:00,,https://nsearchives.nseindia.com/corporate/ICIC_Ofs_13062018175054.zip,"ICICI Bank Limited has submitted to the Exchange, an announcement with respect to offer for sale through Stock Exchange Mechanism for sale upto 1,43,55,550 Equity shares of the Company by ICICI Bank Limited (Seller). Date and time of the opening of the offer for Non-Retail Investors: June 14, 2018 9:15 a.m Date and time of the closing of the offer for Non-Retail Investors: June 14, 2018 at 3:30 p.m.Date and time of the opening of the offer for Retail Investors: June 15, 2018 at 9:15 a.m Date and time of the closing of the offer for Retail Investors: June 15, 2018 at 3:30 p.m Floor Price for the offer shall be Rs 390 per equity share.",,,Offer For Sale-Stock Exchange Mechanism,-,13062018175000,-,-,False,,,102719995,,INE726G01019,ICICI Prudential Life Insurance Company Limited,2018-06-13 17:50:00,ICICIPRULI
11-Jun-2018 17:36:00,,https://nsearchives.nseindia.com/corporate/SE_submission_ESOS_allotment_June_11_18_11062018173608_606.zip,ICICI Prudential Life Insurance Company Limited has informed the Exchange regarding allotment of  7100 Equity Shares under ESOP,,,Allotment of ESOP/ESPS,-,11062018173600,-,-,False,,,102713045,,INE726G01019,ICICI Prudential Life Insurance Company Limited,2018-06-11 17:36:00,ICICIPRULI
08-Jun-2018 17:16:00,,https://nsearchives.nseindia.com/corporate/20180608_Investor_Meet_08062018171627_205.zip,ICICI Prudential Life Insurance Company Limited has informed the Exchange regarding Analysts/Institutional Investor Meet/Con. Call Updates,,,Analysts/Institutional Investor Meet/Con. Call Updates,-,08062018171600,-,-,False,,,102709975,,INE726G01019,ICICI Prudential Life Insurance Company Limited,2018-06-08 17:16:00,ICICIPRULI
07-Jun-2018 12:09:00,,https://nsearchives.nseindia.com/corporate/20180607_Investor_meet_07062018120907_519.zip,ICICI Prudential Life Insurance Company Limited has informed the Exchange regarding Analysts/Institutional Investor Meet/Con. Call Updates,,,Analysts/Institutional Investor Meet/Con. Call Updates,-,07062018120900,-,-,False,,,102706377,,INE726G01019,ICICI Prudential Life Insurance Company Limited,2018-06-07 12:09:00,ICICIPRULI
06-Jun-2018 17:22:00,,https://nsearchives.nseindia.com/corporate/SE_Annual_Report_FY2018_06_06_2018_06062018172234_314.zip,"ICICI Prudential Life Insurance Company Limited has informed the Exchange regarding 'Further to the submission of the Notice of the 18th Annual General Meeting (AGM) of the Company filed with the exchange on May 31, 2018, we also submit herewith the copy of the Annual Report of the Company for the FY2018.  '.",,,Updates,-,06062018172200,-,-,False,,,102703674,,INE726G01019,ICICI Prudential Life Insurance Company Limited,2018-06-06 17:22:00,ICICIPRULI
06-Jun-2018 13:35:00,,https://nsearchives.nseindia.com/corporate/June_6_2018_Investor_meet_06062018133500_181.zip,ICICI Prudential Life Insurance Company Limited has informed the Exchange regarding Analysts/Institutional Investor Meet/Con. Call Updates,,,Analysts/Institutional Investor Meet/Con. Call Updates,-,06062018133500,-,-,False,,,102703562,,INE726G01019,ICICI Prudential Life Insurance Company Limited,2018-06-06 13:35:00,ICICIPRULI
02-Jun-2018 17:24:00,,https://nsearchives.nseindia.com/corporate/20180602_Reg30_Mahindra_02062018172440_136.zip,"ICICI Prudential Life Insurance Company Limited has informed the Exchange regarding 'Disclosures under Regulation 30 read with para A of Part A of Schedule III of the SEBI ( Listing Obligations and Disclosure Requirements) Regulations, 2015.",,,Updates,-,02062018172400,-,-,False,,,102694792,,INE726G01019,ICICI Prudential Life Insurance Company Limited,2018-06-02 17:24:00,ICICIPRULI
01-Jun-2018 10:58:00,,https://nsearchives.nseindia.com/corporate/SE_intimation_AGM_advertisement_June_1_2018_01062018105812_053.zip,"ICICI Prudential Life Insurance Company Limited has informed the Exchange regarding 'Pursuant to the requirement specified under Regulation 30 read with Schedule III of the Securities and Exchange Board of India (Listing Obligation and Disclosure Requirements) Regulations, 2015, the Notice is issued in the newspapers on June 1, 2018 intimating the public of the dispatch of Notice of 18th Annual General Meeting of the Company, e-voting information and book closure dates.'.",,,Updates,-,01062018105800,-,-,False,,,102692968,,INE726G01019,ICICI Prudential Life Insurance Company Limited,2018-06-01 10:58:00,ICICIPRULI
31-May-2018 19:30:00,,https://nsearchives.nseindia.com/corporate/SE_AGM_Notice_FY2018_31052018193027_492.zip,"ICICI Prudential Life Insurance Company Limited has informed the Exchange regarding Notice of Annual General Meeting to be held on Jun 26, 2018",,,Shareholders meeting,-,31052018193000,-,-,False,,,102690122,,INE726G01019,ICICI Prudential Life Insurance Company Limited,2018-05-31 19:30:00,ICICIPRULI
30-May-2018 20:12:00,,https://nsearchives.nseindia.com/corporate/20180530_Investor_meet_30052018201219_774.zip,ICICI Prudential Life Insurance Company Limited has informed the Exchange regarding Analysts/Institutional Investor Meet/Con. Call Updates,,,Analysts/Institutional Investor Meet/Con. Call Updates,-,30052018201200,-,-,False,,,102686432,,INE726G01019,ICICI Prudential Life Insurance Company Limited,2018-05-30 20:12:00,ICICIPRULI
23-May-2018 20:10:00,,https://nsearchives.nseindia.com/corporate/ICICIPRU_BC_23052018201028.zip,"The Company had informed the Exchange that The Register of Members and Share Transfer Books of the Company will remain closed from June 20, 2018 to June 26, 2018 (both days inclusive) for the purpose of determining the eligibility to receive dividend. The Company has now informed the Exchange that The Register of Members and Share Transfer Books of the Company will remain closed from June 20, 2018 to June 26, 2018 (both days inclusive) for the purpose of determining the eligibility to receive dividend and the Company's Annual General Meeting proposed to be held on June 26, 2018.",,,Book Closure Updates,-,23052018201000,-,-,False,,,102667228,,INE726G01019,ICICI Prudential Life Insurance Company Limited,2018-05-23 20:10:00,ICICIPRULI
21-May-2018 17:28:00,,https://nsearchives.nseindia.com/corporate/SE_submission_intimation_book_closure_may_21_2018_21052018172856_534.zip,"ICICI Prudential Life Insurance Company Limited has informed the Exchange that The Register of Members and Share Transfer Books of the Company will remain closed from June 20, 2018 to June 26, 2018 (both days inclusive) for the purpose of determining the eligibility to receive dividend.",,,Book Closure,-,21052018172800,-,-,False,,,102659755,,INE726G01019,ICICI Prudential Life Insurance Company Limited,2018-05-21 17:28:00,ICICIPRULI
21-May-2018 12:38:00,,https://nsearchives.nseindia.com/corporate/20180521_Investor_Meet_21052018123859_172.zip,ICICI Prudential Life Insurance Company Limited has informed the Exchange regarding Analysts/Institutional Investor Meet/Con. Call Updates,,,Analysts/Institutional Investor Meet/Con. Call Updates,-,21052018123800,-,-,False,,,102659386,,INE726G01019,ICICI Prudential Life Insurance Company Limited,2018-05-21 12:38:00,ICICIPRULI
18-May-2018 17:38:00,,https://nsearchives.nseindia.com/corporate/May_18_2018_Investor_meet_18052018173840_498.zip,ICICI Prudential Life Insurance Company Limited has informed the Exchange regarding Analysts/Institutional Investor Meet/Con. Call Updates,,,Analysts/Institutional Investor Meet/Con. Call Updates,-,18052018173800,-,-,False,,,102656143,,INE726G01019,ICICI Prudential Life Insurance Company Limited,2018-05-18 17:38:00,ICICIPRULI
18-May-2018 14:33:00,,https://nsearchives.nseindia.com/corporate/Reg_30_LODR_Acq_intimation_JyothiLab_18052018143331_233.zip,"ICICI Prudential Life Insurance Company Limited has informed the Exchange regarding ' disclosures under Regulation 30 read with para A of part A of schedule III of the SEBI (Listing Obligations and Disclosure Requirement) Regulations, 2015'.",,,Updates,-,18052018143300,-,-,False,,,102655907,,INE726G01019,ICICI Prudential Life Insurance Company Limited,2018-05-18 14:33:00,ICICIPRULI
17-May-2018 18:46:00,,https://nsearchives.nseindia.com/corporate/May_17_2018_Investor_meet_17052018184633_550.zip,ICICI Prudential Life Insurance Company Limited has informed the Exchange regarding Analysts/Institutional Investor Meet/Con. Call Updates,,,Analysts/Institutional Investor Meet/Con. Call Updates,-,17052018184600,-,-,False,,,102653123,,INE726G01019,ICICI Prudential Life Insurance Company Limited,2018-05-17 18:46:00,ICICIPRULI
16-May-2018 15:26:00,,https://nsearchives.nseindia.com/corporate/SE_intimation_Investor_Meet_16052018152624_276.zip,ICICI Prudential Life Insurance Company Limited has informed the Exchange regarding Analysts/Institutional Investor Meet/Con. Call Updates,,,Analysts/Institutional Investor Meet/Con. Call Updates,-,16052018152600,-,-,False,,,102649322,,INE726G01019,ICICI Prudential Life Insurance Company Limited,2018-05-16 15:26:00,ICICIPRULI
15-May-2018 17:59:00,,https://nsearchives.nseindia.com/corporate/SE_submission_ESOS_allotment_May_15_18_15052018175927_073.zip,ICICI Prudential Life Insurance Company Limited has informed the Exchange regarding allotment of  7600 Equity Shares under ESOP,,,Allotment of ESOP/ESPS,-,15052018175900,-,-,False,,,102646446,,INE726G01019,ICICI Prudential Life Insurance Company Limited,2018-05-15 17:59:00,ICICIPRULI
15-May-2018 16:12:00,,https://nsearchives.nseindia.com/corporate/May_15_2018_Investor_meet_15052018161200_951.zip,ICICI Prudential Life Insurance Company Limited has informed the Exchange regarding Analysts/Institutional Investor Meet/Con. Call Updates,,,Analysts/Institutional Investor Meet/Con. Call Updates,-,15052018161200,-,-,False,,,102646344,,INE726G01019,ICICI Prudential Life Insurance Company Limited,2018-05-15 16:12:00,ICICIPRULI
11-May-2018 19:03:00,,https://nsearchives.nseindia.com/corporate/May_11_2018_Investor_meet_11052018190314_845.zip,ICICI Prudential Life Insurance Company Limited has informed the Exchange regarding Analysts/Institutional Investor Meet/Con. Call Updates,,,Analysts/Institutional Investor Meet/Con. Call Updates,-,11052018190300,-,-,False,,,102638744,,INE726G01019,ICICI Prudential Life Insurance Company Limited,2018-05-11 19:03:00,ICICIPRULI
09-May-2018 17:10:00,,https://nsearchives.nseindia.com/corporate/20180509_Investor_meet_09052018171033_817.zip,ICICI Prudential Life Insurance Company Limited has informed the Exchange regarding Analysts/Institutional Investor Meet/Con. Call Updates,,,Analysts/Institutional Investor Meet/Con. Call Updates,-,09052018171000,-,-,False,,,102632220,,INE726G01019,ICICI Prudential Life Insurance Company Limited,2018-05-09 17:10:00,ICICIPRULI
08-May-2018 18:28:00,,https://nsearchives.nseindia.com/corporate/20180508_investor_meet_08052018182803_442.zip,ICICI Prudential Life Insurance Company Limited has informed the Exchange regarding Analysts/Institutional Investor Meet/Con. Call Updates,,,Analysts/Institutional Investor Meet/Con. Call Updates,-,08052018182800,-,-,False,,,102628313,,INE726G01019,ICICI Prudential Life Insurance Company Limited,2018-05-08 18:28:00,ICICIPRULI
25-Apr-2018 18:47:00,,https://nsearchives.nseindia.com/corporate/esos_se_intimation_25042018184741_296.zip,ICICI Prudential Life Insurance Company Limited has informed the Exchange regarding allotment of  41625 Equity Shares under ESOP,,,Allotment of ESOP/ESPS,-,25042018184700,-,-,False,,,102601925,,INE726G01019,ICICI Prudential Life Insurance Company Limited,2018-04-25 18:47:00,ICICIPRULI
24-Apr-2018 19:15:00,,https://nsearchives.nseindia.com/corporate/20180424_Earnings_Call_Transcript_PPT_24042018191534_917.zip,ICICI Prudential Life Insurance Company Limited has informed the Exchange regarding Analysts/Institutional Investor Meet/Con. Call Updates,,,Analysts/Institutional Investor Meet/Con. Call Updates,-,24042018191500,-,-,False,,,102598908,,INE726G01019,ICICI Prudential Life Insurance Company Limited,2018-04-24 19:15:00,ICICIPRULI
24-Apr-2018 14:16:58,,https://nsearchives.nseindia.com/corporate/Financials_Results_24042018141658.zip,"ICICI Prudential Life Insurance Company Limited has submitted to the Exchange, the financial results for the period ended March 31, 2018.",,,Financial Result Updates,-,24042018141658,-,-,False,,,118857,,INE726G01019,ICICI Prudential Life Insurance Company Limited,2018-04-24 14:16:58,ICICIPRULI
24-Apr-2018 14:15:00,,https://nsearchives.nseindia.com/corporate/Outcome_24042018141554_739.zip,"ICICI Prudential Life Insurance Company Limited has informed the Exchange that Board of Directors at its meeting held on April 24, 2018, recommended Final Dividend of Rs. 3.30 per equity share.",,,Dividend,-,24042018141500,-,-,False,,,102598746,,INE726G01019,ICICI Prudential Life Insurance Company Limited,2018-04-24 14:15:00,ICICIPRULI
19-Apr-2018 19:43:00,,https://nsearchives.nseindia.com/corporate/EarningsCall_19_4_18_19042018194353_237.zip,ICICI Prudential Life Insurance Company Limited has informed the Exchange regarding Analysts/Institutional Investor Meet/Con. Call Updates,,,Analysts/Institutional Investor Meet/Con. Call Updates,-,19042018194300,-,-,False,,,102588803,,INE726G01019,ICICI Prudential Life Insurance Company Limited,2018-04-19 19:43:00,ICICIPRULI
12-Apr-2018 10:07:00,,https://nsearchives.nseindia.com/corporate/ICICI_PRU_LIFE_NSE_Revised_12042018100706.zip,"ICICI Bank Limited has submitted to the Exchange a copy of disclosure under Regulation 30(1) and 30(2) of SEBI (Substantial Acquisition of Shares & Takeovers) Regulations, 2011.(Revised)",,,Disc. under Reg.30 of SEBI (SAST) Reg.2011,-,12042018100700,-,-,False,,,102568859,,INE726G01019,ICICI Prudential Life Insurance Company Limited,2018-04-12 10:07:00,ICICIPRULI
11-Apr-2018 16:18:00,,https://nsearchives.nseindia.com/corporate/ICICI_11042018161822.zip,"Prudential Corporation Holdings Limited has submitted to the Exchange a copy of disclosure under Regulation 30(1) and 30(2) of SEBI (Substantial Acquisition of Shares & Takeovers) Regulations, 2011.",,,Disc. under Reg.30 of SEBI (SAST) Reg.2011,-,11042018161800,-,-,False,,,102567390,,INE726G01019,ICICI Prudential Life Insurance Company Limited,2018-04-11 16:18:00,ICICIPRULI
11-Apr-2018 16:17:00,,https://nsearchives.nseindia.com/corporate/ICICI_PRU_LIFE_11042018161750.zip,"ICICI Bank Limited has submitted to the Exchange a copy of disclosure under Regulation 30(1) and 30(2) of SEBI (Substantial Acquisition of Shares & Takeovers) Regulations, 2011.",,,Disc. under Reg.30 of SEBI (SAST) Reg.2011,-,11042018161700,-,-,False,,,102567393,,INE726G01019,ICICI Prudential Life Insurance Company Limited,2018-04-11 16:17:00,ICICIPRULI
10-Apr-2018 15:31:00,,https://nsearchives.nseindia.com/corporate/ICICI_10042018153158.zip,"Promoter of the Company has submitted to the Exchange a copy of disclosure under Regulation 30(1) and 30(2) of SEBI (Substantial Acquisition of Shares & Takeovers) Regulations, 2011.",,,Disc. under Reg.30 of SEBI (SAST) Reg.2011,-,10042018153100,-,-,False,,,102563541,,INE726G01019,ICICI Prudential Life Insurance Company Limited,2018-04-10 15:31:00,ICICIPRULI
04-Apr-2018 11:46:00,,https://nsearchives.nseindia.com/corporate/SE_trading_window_closure_BM_20180424_04042018114627_731.zip,"ICICI Prudential Life Insurance Company Limited has informed the Exchange regarding the Trading Window closure pursuant to SEBI (Prohibition of Insider Trading) Regulations, 2015",,,Trading Window,-,04042018114600,-,-,False,,,102548626,,INE726G01019,ICICI Prudential Life Insurance Company Limited,2018-04-04 11:46:00,ICICIPRULI
27-Mar-2018 15:25:00,,https://nsearchives.nseindia.com/corporate/ESOP_27_03_18_27032018152521_075.zip,ICICI Prudential Life Insurance Company Limited has informed the Exchange regarding allotment of  4000 Equity Shares under ESOP,,,Allotment of ESOP/ESPS,-,27032018152500,-,-,False,,,102535824,,INE726G01019,ICICI Prudential Life Insurance Company Limited,2018-03-27 15:25:00,ICICIPRULI
26-Mar-2018 08:39:00,,https://nsearchives.nseindia.com/corporate/Reg_30_intimation_on_acquisition_26032018083924_014.zip,"ICICI Prudential Life Insurance Company Limited has informed the Exchange regarding disclosures under Regulation 30 read with para A of part A of schedule III of the SEBI (Listing Obligations and Disclosure Requirement) Regulations, 2015",,,Acquisition,-,26032018083900,-,-,False,,,102530603,,INE726G01019,ICICI Prudential Life Insurance Company Limited,2018-03-26 08:39:00,ICICIPRULI
16-Mar-2018 19:10:00,,https://nsearchives.nseindia.com/corporate/Investor_meet_Mar_16_2018_16032018191028_477.zip,ICICI Prudential Life Insurance Company Limited has informed the Exchange regarding Analysts/Institutional Investor Meet/Con. Call Updates,,,Analysts/Institutional Investor Meet/Con. Call Updates,-,16032018191000,-,-,False,,,102513748,,INE726G01019,ICICI Prudential Life Insurance Company Limited,2018-03-16 19:10:00,ICICIPRULI
09-Mar-2018 18:48:00,,https://nsearchives.nseindia.com/corporate/March_9_2018_investor_Meet_09032018184814_437.zip,ICICI Prudential Life Insurance Company Limited has informed the Exchange regarding Analysts/Institutional Investor Meet/Con. Call Updates,,,Analysts/Institutional Investor Meet/Con. Call Updates,-,09032018184800,-,-,False,,,102499773,,INE726G01019,ICICI Prudential Life Insurance Company Limited,2018-03-09 18:48:00,ICICIPRULI
06-Mar-2018 17:21:00,,https://nsearchives.nseindia.com/corporate/20180306_InvestorMeet_06032018172106_162.zip,ICICI Prudential Life Insurance Company Limited has informed the Exchange regarding Analysts/Institutional Investor Meet/Con. Call Updates,,,Analysts/Institutional Investor Meet/Con. Call Updates,-,06032018172100,-,-,False,,,102491325,,INE726G01019,ICICI Prudential Life Insurance Company Limited,2018-03-06 17:21:00,ICICIPRULI
06-Mar-2018 17:18:00,,https://nsearchives.nseindia.com/corporate/20180306_NSE_SB_06032018171811_159.zip,ICICI Prudential Life Insurance Company Limited has informed the Exchange regarding Reappointment of Director of the company.,,,Reappointment,-,06032018171800,-,-,False,,,102491322,,INE726G01019,ICICI Prudential Life Insurance Company Limited,2018-03-06 17:18:00,ICICIPRULI
06-Mar-2018 16:41:00,,https://nsearchives.nseindia.com/corporate/20180306_OutcomeBM_06032018164112_142.zip,"ICICI Prudential Life Insurance Company Limited has informed the Exchange regarding  Board meeting held on March 06, 2018.",,,Outcome of Board Meeting,-,06032018164100,-,-,False,,,102491308,,INE726G01019,ICICI Prudential Life Insurance Company Limited,2018-03-06 16:41:00,ICICIPRULI
01-Mar-2018 18:34:00,,https://nsearchives.nseindia.com/corporate/20180301_InvestorMeet_01032018183439_023.zip,ICICI Prudential Life Insurance Company Limited has informed the Exchange regarding Analysts/Institutional Investor Meet/Con. Call Updates,,,Analysts/Institutional Investor Meet/Con. Call Updates,-,01032018183400,-,-,False,,,102484283,,INE726G01019,ICICI Prudential Life Insurance Company Limited,2018-03-01 18:34:00,ICICIPRULI
28-Feb-2018 13:47:00,,https://nsearchives.nseindia.com/corporate/20180228_Investor_meet_28022018134708_072.zip,ICICI Prudential Life Insurance Company Limited has informed the Exchange regarding Analysts/Institutional Investor Meet/Con. Call Updates,,,Analysts/Institutional Investor Meet/Con. Call Updates,-,28022018134700,-,-,False,,,102480744,,INE726G01019,ICICI Prudential Life Insurance Company Limited,2018-02-28 13:47:00,ICICIPRULI
27-Feb-2018 15:46:00,,https://nsearchives.nseindia.com/corporate/SE_submission_ESOS_allotment_Feb_27_18_27022018154646_879.zip,ICICI Prudential Life Insurance Company Limited has informed the Exchange regarding allotment of  24250 Equity Shares under ESOP,,,Allotment of ESOP/ESPS,-,27022018154600,-,-,False,,,102477971,,INE726G01019,ICICI Prudential Life Insurance Company Limited,2018-02-27 15:46:00,ICICIPRULI
22-Feb-2018 13:07:00,,https://nsearchives.nseindia.com/corporate/February_22_2018_Investor_meet_22022018130747_044.zip,ICICI Prudential Life Insurance Company Limited has informed the Exchange regarding Analysts/Institutional Investor Meet/Con. Call Updates,,,Analysts/Institutional Investor Meet/Con. Call Updates,-,22022018130700,-,-,False,,,102467757,,INE726G01019,ICICI Prudential Life Insurance Company Limited,2018-02-22 13:07:00,ICICIPRULI
15-Feb-2018 18:58:00,,https://nsearchives.nseindia.com/corporate/20180215_Investor_Meet_15022018185838_272.zip,ICICI Prudential Life Insurance Company Limited has informed the Exchange regarding Analysts/Institutional Investor Meet/Con. Call Updates,,,Analysts/Institutional Investor Meet/Con. Call Updates,-,15022018185800,-,-,False,,,102452708,,INE726G01019,ICICI Prudential Life Insurance Company Limited,2018-02-15 18:58:00,ICICIPRULI
09-Feb-2018 19:19:00,,https://nsearchives.nseindia.com/corporate/SE_investors_meet_feb_9_2018_09022018191933_607.zip,ICICI Prudential Life Insurance Company Limited has informed the Exchange regarding Analysts/Institutional Investor Meet/Con. Call Updates,,,Analysts/Institutional Investor Meet/Con. Call Updates,-,09022018191900,-,-,False,,,102441867,,INE726G01019,ICICI Prudential Life Insurance Company Limited,2018-02-09 19:19:00,ICICIPRULI
08-Feb-2018 15:32:00,,https://nsearchives.nseindia.com/corporate/February_8_2018_Investor_meet_08022018153253_836.zip,ICICI Prudential Life Insurance Company Limited has informed the Exchange regarding Analysts/Institutional Investor Meet/Con. Call Updates,,,Analysts/Institutional Investor Meet/Con. Call Updates,-,08022018153200,-,-,False,,,102438177,,INE726G01019,ICICI Prudential Life Insurance Company Limited,2018-02-08 15:32:00,ICICIPRULI
06-Feb-2018 15:43:00,,https://nsearchives.nseindia.com/corporate/20180206_investor_meet_06022018154325_371.zip,ICICI Prudential Life Insurance Company Limited has informed the Exchange regarding Analysts/Institutional Investor Meet/Con. Call Updates,,,Analysts/Institutional Investor Meet/Con. Call Updates,-,06022018154300,-,-,False,,,102431460,,INE726G01019,ICICI Prudential Life Insurance Company Limited,2018-02-06 15:43:00,ICICIPRULI
02-Feb-2018 19:44:00,,https://nsearchives.nseindia.com/corporate/February_2_2018_Investor_meet_02022018194439_580.zip,ICICI Prudential Life Insurance Company Limited has informed the Exchange regarding Analysts/Institutional Investor Meet/Con. Call Updates,,,Analysts/Institutional Investor Meet/Con. Call Updates,-,02022018194400,-,-,False,,,102424755,,INE726G01019,ICICI Prudential Life Insurance Company Limited,2018-02-02 19:44:00,ICICIPRULI
30-Jan-2018 17:05:00,,https://nsearchives.nseindia.com/corporate/SE_Intimation_ESOS_Jan_30_2018_30012018170539_414.zip,ICICI Prudential Life Insurance Company Limited has informed the Exchange regarding allotment of  2500 Equity Shares under ESOP,,,Allotment of ESOP/ESPS,-,30012018170500,-,-,False,,,102414855,,INE726G01019,ICICI Prudential Life Insurance Company Limited,2018-01-30 17:05:00,ICICIPRULI
20-Jan-2018 13:01:00,,https://nsearchives.nseindia.com/corporate/20170120_SE_Submission_20012018130150_760.zip,ICICI Prudential Life Insurance Company Limited has informed the Exchange regarding Analysts/Institutional Investor Meet/Con. Call Updates,,,Analysts/Institutional Investor Meet/Con. Call Updates,-,20012018130100,-,-,False,,,102395667,,INE726G01019,ICICI Prudential Life Insurance Company Limited,2018-01-20 13:01:00,ICICIPRULI
19-Jan-2018 13:16:00,,https://nsearchives.nseindia.com/corporate/SE_filling_Dec_19_17_19012018131646_470.zip,"ICICI Prudential Life Insurance Company Limited has informed the Exchange regarding Appointment of Mr Dileep Choksi as Non- Executive Independent Director of the company w.e.f. January 19, 2018.",,,Appointment,-,19012018131600,-,-,False,,,102394088,,INE726G01019,ICICI Prudential Life Insurance Company Limited,2018-01-19 13:16:00,ICICIPRULI
19-Jan-2018 13:13:25,,https://nsearchives.nseindia.com/corporate/results_19012018131325.zip,"ICICI Prudential Life Insurance Company Limited has submitted to the Exchange, the financial results for the period ended December 31, 2017.",,,Financial Result Updates,-,19012018131325,-,-,False,,,117169,,INE726G01019,ICICI Prudential Life Insurance Company Limited,2018-01-19 13:13:25,ICICIPRULI
19-Jan-2018 13:07:00,,https://nsearchives.nseindia.com/corporate/Outcome_BM_19012018130731_460.zip,"ICICI Prudential Life Insurance Company Limited has informed the Exchange regarding Outcome of Board Meeting held on January 19, 2018.",,,Outcome of Board Meeting,-,19012018130700,-,-,False,,,102394081,,INE726G01019,ICICI Prudential Life Insurance Company Limited,2018-01-19 13:07:00,ICICIPRULI
17-Jan-2018 12:51:00,,https://nsearchives.nseindia.com/corporate/Earnings_call_Jan_17_2018_17012018125134_070.zip,ICICI Prudential Life Insurance Company Limited has informed the Exchange regarding Analysts/Institutional Investor Meet/Con. Call Updates,,,Analysts/Institutional Investor Meet/Con. Call Updates,-,17012018125100,-,-,False,,,102387627,,INE726G01019,ICICI Prudential Life Insurance Company Limited,2018-01-17 12:51:00,ICICIPRULI
17-Jan-2018 10:05:00,,https://nsearchives.nseindia.com/corporate/sesubmission_17012018100559_017.zip,"ICICI Prudential Life Insurance Company Limited has informed the Exchange regarding Cessation of Ms Rama Bijapurkar as Independent Director of the company w.e.f. January 17, 2018.",,,Cessation,-,17012018100500,-,-,False,,,102386772,,INE726G01019,ICICI Prudential Life Insurance Company Limited,2018-01-17 10:05:00,ICICIPRULI
12-Jan-2018 13:10:00,,https://nsearchives.nseindia.com/corporate/sesubmission_12012018131041_378.zip,ICICI Prudential Life Insurance Company Limited has informed the Exchange regarding 'Update'.,,,Updates,-,12012018131000,-,-,False,,,102378710,,INE726G01019,ICICI Prudential Life Insurance Company Limited,2018-01-12 13:10:00,ICICIPRULI
04-Jan-2018 13:56:00,,https://nsearchives.nseindia.com/corporate/SE_trading_window_closure_04012018135608_363.zip,"ICICI Prudential Life Insurance Company Limited has informed the Exchange regarding the Trading Window closure pursuant to SEBI (Prohibition of Insider Trading) Regulations, 2015",,,Trading Window,-,04012018135600,-,-,False,,,102360849,,INE726G01019,ICICI Prudential Life Insurance Company Limited,2018-01-04 13:56:00,ICICIPRULI
22-Dec-2017 14:11:00,,https://nsearchives.nseindia.com/corporate/sesubmission_22122017141111_060.zip,"ICICI Prudential Life Insurance Company Limited has informed the Exchange regarding 'ICICI Prudential Life Insurance Company Limited has informed the Exchange regarding Disclosures under Regulation 30 read with para A of part A of schedule III of the SEBI (Listing Obligations and Disclosure Requirement) Regulations, 2015.'.",,,Updates,-,22122017141100,-,-,False,,,102337512,,INE726G01019,ICICI Prudential Life Insurance Company Limited,2017-12-22 14:11:00,ICICIPRULI
13-Dec-2017 19:08:00,,https://nsearchives.nseindia.com/corporate/20171213_Reg30_appointment_13122017190858_970.zip,"ICICI Prudential Life Insurance Company Limited has informed the Exchange regarding Appointment of Mr Raghunath Hariharan as Non- Executive Director of the company w.e.f. December 14, 2017.",,,Appointment,-,13122017190800,-,-,False,,,102316759,,INE726G01019,ICICI Prudential Life Insurance Company Limited,2017-12-13 19:08:00,ICICIPRULI
08-Dec-2017 12:19:00,,https://nsearchives.nseindia.com/corporate/December_8_2017_Investor_meet_08122017121903_714.zip,ICICI Prudential Life Insurance Company Limited has informed the Exchange regarding Analysts/Institutional Investor Meet/Con. Call Updates,,,Analysts/Institutional Investor Meet/Con. Call Updates,-,08122017121900,-,-,False,,,102307149,,INE726G01019,ICICI Prudential Life Insurance Company Limited,2017-12-08 12:19:00,ICICIPRULI
06-Dec-2017 13:01:00,,https://nsearchives.nseindia.com/corporate/20171206_reg30_Investormeet_06122017130131_059.zip,ICICI Prudential Life Insurance Company Limited has informed the Exchange regarding Analysts/Institutional Investor Meet/Con. Call Updates,,,Analysts/Institutional Investor Meet/Con. Call Updates,-,06122017130100,-,-,False,,,102300473,,INE726G01019,ICICI Prudential Life Insurance Company Limited,2017-12-06 13:01:00,ICICIPRULI
05-Dec-2017 13:43:00,,https://nsearchives.nseindia.com/corporate/Reg_30_submission_05122017134333_336.zip,"ICICI Prudential Life Insurance Company Limited has informed the Exchange regarding Cessation of Mr Adrian O Connor as Non- Executive Director of the company w.e.f. December 13, 2017.",,,Cessation,-,05122017134300,-,-,False,,,102297407,,INE726G01019,ICICI Prudential Life Insurance Company Limited,2017-12-05 13:43:00,ICICIPRULI
30-Nov-2017 16:04:00,,https://nsearchives.nseindia.com/corporate/SE_Submission_ESOP_Nov_30_30112017160407_179.zip,ICICI Prudential Life Insurance Company Limited has informed the Exchange regarding allotment of  1000 Equity Shares under ESOP,,,Allotment of ESOP/ESPS,-,30112017160400,-,-,False,,,102288306,,INE726G01019,ICICI Prudential Life Insurance Company Limited,2017-11-30 16:04:00,ICICIPRULI
28-Nov-2017 17:00:00,,https://nsearchives.nseindia.com/corporate/November_28_2017_Investor_meet_28112017170038_447.zip,ICICI Prudential Life Insurance Company Limited has informed the Exchange regarding Analysts/Institutional Investor Meet/Con. Call Updates,,,Analysts/Institutional Investor Meet/Con. Call Updates,-,28112017170000,-,-,False,,,102283751,,INE726G01019,ICICI Prudential Life Insurance Company Limited,2017-11-28 17:00:00,ICICIPRULI
17-Nov-2017 17:22:00,,https://nsearchives.nseindia.com/corporate/20171117SESubmission_17112017172203_283.zip,ICICI Prudential Life Insurance Company Limited has informed the Exchange regarding Analysts/Institutional Investor Meet/Con. Call Updates,,,Analysts/Institutional Investor Meet/Con. Call Updates,-,17112017172200,-,-,False,,,102261189,,INE726G01019,ICICI Prudential Life Insurance Company Limited,2017-11-17 17:22:00,ICICIPRULI
14-Nov-2017 18:55:00,,https://nsearchives.nseindia.com/corporate/November_14_2017_Investor_meet_14112017185519_096.zip,ICICI Prudential Life Insurance Company Limited has informed the Exchange regarding Analysts/Institutional Investor Meet/Con. Call Updates,,,Analysts/Institutional Investor Meet/Con. Call Updates,-,14112017185500,-,-,False,,,102250827,,INE726G01019,ICICI Prudential Life Insurance Company Limited,2017-11-14 18:55:00,ICICIPRULI
10-Nov-2017 18:53:00,,https://nsearchives.nseindia.com/corporate/November_10_2017_Investor_meet_10112017185320_436.zip,ICICI Prudential Life Insurance Company Limited has informed the Exchange regarding Analysts/Institutional Investor Meet/Con. Call Updates,,,Analysts/Institutional Investor Meet/Con. Call Updates,-,10112017185300,-,-,False,,,102243053,,INE726G01019,ICICI Prudential Life Insurance Company Limited,2017-11-10 18:53:00,ICICIPRULI
08-Nov-2017 12:35:00,,https://nsearchives.nseindia.com/corporate/November_8_2017_Investor_meet_08112017123554_076.zip,ICICI Prudential Life Insurance Company Limited has informed the Exchange regarding Analysts/Institutional Investor Meet/Con. Call Updates,,,Analysts/Institutional Investor Meet/Con. Call Updates,-,08112017123500,-,-,False,,,102235729,,INE726G01019,ICICI Prudential Life Insurance Company Limited,2017-11-08 12:35:00,ICICIPRULI
07-Nov-2017 18:02:00,,https://nsearchives.nseindia.com/corporate/sesubmission_07112017180208_422.zip,"ICICI Prudential Life Insurance Company Limited has informed the Exchange regarding 'ICICI Prudential Life Insurance Company Limited has informed the Exchange regarding Disclosures under Regulation 30 read with para A of part A of schedule III of the SEBI (Listing Obligations and Disclosure Requirement) Regulations, 2015.'.",,,Updates,-,07112017180200,-,-,False,,,102232410,,INE726G01019,ICICI Prudential Life Insurance Company Limited,2017-11-07 18:02:00,ICICIPRULI
06-Nov-2017 16:00:00,,https://nsearchives.nseindia.com/corporate/November_6_2017_Investor_Meet_06112017160033_279.zip,ICICI Prudential Life Insurance Company Limited has informed the Exchange regarding Analysts/Institutional Investor Meet/Con. Call Updates,,,Analysts/Institutional Investor Meet/Con. Call Updates,-,06112017160000,-,-,False,,,102228658,,INE726G01019,ICICI Prudential Life Insurance Company Limited,2017-11-06 16:00:00,ICICIPRULI
25-Oct-2017 11:09:00,,https://nsearchives.nseindia.com/corporate/SE_EarningsCall_251017_25102017110920_386.zip,ICICI Prudential Life Insurance Company Limited has informed the Exchange regarding Analysts/Institutional Investor Meet/Con. Call Updates,,,Analysts/Institutional Investor Meet/Con. Call Updates,-,25102017110900,-,-,False,,,102202080,,INE726G01019,ICICI Prudential Life Insurance Company Limited,2017-10-25 11:09:00,ICICIPRULI
24-Oct-2017 18:01:00,,https://nsearchives.nseindia.com/corporate/ICICIPRULI_results_24102017180106.zip,"ICICI Prudential Life Insurance Company Limited has informed the Exchange that the Board of Directors of the Company, at their meeting held on October 24, 2017, payment of Interim dividend of Rs. 3.40 per equity share (including special dividend of Rs. 1.10 per equity share) of face value of Rs. 10 each, for H1-FY2018.",,,Dividend,-,24102017180100,-,-,False,,,102199004,,INE726G01019,ICICI Prudential Life Insurance Company Limited,2017-10-24 18:01:00,ICICIPRULI
24-Oct-2017 17:56:00,,https://nsearchives.nseindia.com/corporate/Final_Outcome_24102017175615_269.zip,"ICICI Prudential Life Insurance Company Limited has informed the Exchange regarding Outcome of Board Meeting held on October 24, 2017.",,,Outcome of Board Meeting,-,24102017175600,-,-,False,,,102199003,,INE726G01019,ICICI Prudential Life Insurance Company Limited,2017-10-24 17:56:00,ICICIPRULI
24-Oct-2017 17:53:14,,https://nsearchives.nseindia.com/corporate/ResultsQ2FY2017_24102017175314.zip,"ICICI Prudential Life Insurance Company Limited has submitted to the Exchange, the financial results for the period ended September 30, 2017.",,,Financial Result Updates,-,24102017175314,-,-,False,,,115413,,INE726G01019,ICICI Prudential Life Insurance Company Limited,2017-10-24 17:53:14,ICICIPRULI
18-Oct-2017 12:35:00,,https://nsearchives.nseindia.com/corporate/SE_EarningCall_October2017_18102017123534_200.zip,ICICI Prudential Life Insurance Company Limited has informed the Exchange regarding Analysts/Institutional Investor Meet/Con. Call Updates,,,Analysts/Institutional Investor Meet/Con. Call Updates,-,18102017123500,-,-,False,,,102191395,,INE726G01019,ICICI Prudential Life Insurance Company Limited,2017-10-18 12:35:00,ICICIPRULI
16-Oct-2017 08:25:00,,https://nsearchives.nseindia.com/corporate/Reg30_LODR_Acq_intimation_16102017082544_421.zip,"ICICI Prudential Life Insurance Company Limited has informed the Exchange regarding Disclosure under regulation 30 read with para A of part A of Schedule III of Securities and Exchange Board of India (Listing Obligations and Disclosure Requirements) Regulations, 2015.",,,Acquisition,-,16102017082500,-,-,False,,,102181852,,INE726G01019,ICICI Prudential Life Insurance Company Limited,2017-10-16 08:25:00,ICICIPRULI
09-Oct-2017 16:13:00,,https://nsearchives.nseindia.com/corporate/SE_intimation_BM_dated_October_24_2017_09102017161322_586.zip,"ICICI Prudential Life Insurance Company Limited has informed the Exchange that the Company has fixed Record Date as November 3, 2017 for the purpose of payment of interim dividend, if declared",,,Record Date,-,09102017161300,-,-,False,,,102167161,,INE726G01019,ICICI Prudential Life Insurance Company Limited,2017-10-09 16:13:00,ICICIPRULI
04-Oct-2017 15:49:00,,https://nsearchives.nseindia.com/corporate/Trading_Window_Closure_PIT_04102017154949_156.zip,"ICICI Prudential Life Insurance Company Limited has informed the Exchange regarding the Trading Window closure pursuant to SEBI (Prohibition of Insider Trading) Regulations, 2015",,,Trading Window,-,04102017154900,-,-,False,,,102156997,,INE726G01019,ICICI Prudential Life Insurance Company Limited,2017-10-04 15:49:00,ICICIPRULI
26-Sep-2017 17:35:00,,https://nsearchives.nseindia.com/corporate/SE_Submission_ESOP_Sep_26_17_26092017173557_309.zip,ICICI Prudential Life Insurance Company Limited has informed the Exchange regarding allotment of  19000 Equity Shares under ESOP,,,Allotment of ESOP/ESPS,-,26092017173500,-,-,False,,,102139430,,INE726G01019,ICICI Prudential Life Insurance Company Limited,2017-09-26 17:35:00,ICICIPRULI
21-Sep-2017 15:21:00,,https://nsearchives.nseindia.com/corporate/September21_2017_InvestorMeet_21092017152107_143.zip,ICICI Prudential Life Insurance Company Limited has informed the Exchange regarding Analysts/Institutional Investor Meet/Con. Call Updates,,,Analysts/Institutional Investor Meet/Con. Call Updates,-,21092017152100,-,-,False,,,102128275,,INE726G01019,ICICI Prudential Life Insurance Company Limited,2017-09-21 15:21:00,ICICIPRULI
21-Sep-2017 10:19:00,,https://nsearchives.nseindia.com/corporate/20170921_Investor_meet_21092017101938_032.zip,ICICI Prudential Life Insurance Company Limited has informed the Exchange regarding Analysts/Institutional Investor Meet/Con. Call Updates,,,Analysts/Institutional Investor Meet/Con. Call Updates,-,21092017101900,-,-,False,,,102126634,,INE726G01019,ICICI Prudential Life Insurance Company Limited,2017-09-21 10:19:00,ICICIPRULI
20-Sep-2017 15:17:00,,https://nsearchives.nseindia.com/corporate/September_20_2017_Investor_meet_20092017151723_164.zip,ICICI Prudential Life Insurance Company Limited has informed the Exchange regarding Analysts/Institutional Investor Meet/Con. Call Updates,,,Analysts/Institutional Investor Meet/Con. Call Updates,-,20092017151700,-,-,False,,,102124506,,INE726G01019,ICICI Prudential Life Insurance Company Limited,2017-09-20 15:17:00,ICICIPRULI
15-Sep-2017 15:48:00,,https://nsearchives.nseindia.com/corporate/September_15_17_InvestorMeeting_15092017154824_439.zip,ICICI Prudential Life Insurance Company Limited has informed the Exchange regarding Analysts/Institutional Investor Meet/Con. Call Updates,,,Analysts/Institutional Investor Meet/Con. Call Updates,-,15092017154800,-,-,False,,,102113712,,INE726G01019,ICICI Prudential Life Insurance Company Limited,2017-09-15 15:48:00,ICICIPRULI
13-Sep-2017 18:21:00,,https://nsearchives.nseindia.com/corporate/20170913_InvestorMeeting_13092017182121_716.zip,ICICI Prudential Life Insurance Company Limited has informed the Exchange regarding Analysts/Institutional Investor Meet/Con. Call Updates,,,Analysts/Institutional Investor Meet/Con. Call Updates,-,13092017182100,-,-,False,,,102106455,,INE726G01019,ICICI Prudential Life Insurance Company Limited,2017-09-13 18:21:00,ICICIPRULI
11-Sep-2017 16:22:00,,https://nsearchives.nseindia.com/corporate/ESOPallotment_11092017162249_891.zip,ICICI Prudential Life Insurance Company Limited has informed the Exchange regarding allotment of  20000 Equity Shares under ESOP,,,Allotment of ESOP/ESPS,-,11092017162200,-,-,False,,,102099063,,INE726G01019,ICICI Prudential Life Insurance Company Limited,2017-09-11 16:22:00,ICICIPRULI
07-Sep-2017 15:43:00,,https://nsearchives.nseindia.com/corporate/20170907_InvestorMeeting_07092017154349_325.zip,ICICI Prudential Life Insurance Company Limited has informed the Exchange regarding Analysts/Institutional Investor Meet/Con. Call Updates,,,Analysts/Institutional Investor Meet/Con. Call Updates,-,07092017154300,-,-,False,,,102091158,,INE726G01019,ICICI Prudential Life Insurance Company Limited,2017-09-07 15:43:00,ICICIPRULI
01-Sep-2017 17:52:00,,https://nsearchives.nseindia.com/corporate/20170901_Sesubmission_01092017175211_203.zip,ICICI Prudential Life Insurance Company Limited has informed the Exchange regarding Analysts/Institutional Investor Meet/Con. Call Updates,,,Analysts/Institutional Investor Meet/Con. Call Updates,-,01092017175200,-,-,False,,,102075791,,INE726G01019,ICICI Prudential Life Insurance Company Limited,2017-09-01 17:52:00,ICICIPRULI
23-Aug-2017 12:10:00,,https://nsearchives.nseindia.com/corporate/August_23_2017_Investor_meet_submission_23082017121002_853.zip,ICICI Prudential Life Insurance Company Limited has informed the Exchange regarding Analysts/Institutional Investor Meet/Con. Call Updates,,,Analysts/Institutional Investor Meet/Con. Call Updates,-,23082017121000,-,-,False,,,102053974,,INE726G01019,ICICI Prudential Life Insurance Company Limited,2017-08-23 12:10:00,ICICIPRULI
18-Aug-2017 18:26:00,,https://nsearchives.nseindia.com/corporate/Investormeet_18082017182628_132.zip,ICICI Prudential Life Insurance Company Limited has informed the Exchange regarding Analysts/Institutional Investor Meet/Con. Call Updates,,,Analysts/Institutional Investor Meet/Con. Call Updates,-,18082017182600,-,-,False,,,102042258,,INE726G01019,ICICI Prudential Life Insurance Company Limited,2017-08-18 18:26:00,ICICIPRULI
14-Aug-2017 18:46:00,,https://nsearchives.nseindia.com/corporate/ESOS_14082017184617_212.zip,ICICI Prudential Life Insurance Company Limited has informed the Exchange regarding allotment of  16000 Equity Shares under ESOP,,,Allotment of ESOP/ESPS,-,14082017184600,-,-,False,,,102032906,,INE726G01019,ICICI Prudential Life Insurance Company Limited,2017-08-14 18:46:00,ICICIPRULI
29-Jul-2017 11:34:00,,https://nsearchives.nseindia.com/corporate/SESUBMISSION_Sahara_29072017113421_046.zip,ICICI Prudential Life Insurance Company Limited has informed the Exchange regarding IRDAI's Order on taking over policyholders liabilities and corresponding assets of Sahara Life Insurance Company Limited.,,,Updates,-,29072017113400,-,-,False,,,101990502,,INE726G01019,ICICI Prudential Life Insurance Company Limited,2017-07-29 11:34:00,ICICIPRULI
28-Jul-2017 18:31:00,,https://nsearchives.nseindia.com/corporate/ESOPALLOTMENT_July28_2017_28072017183108_477.zip,ICICI Prudential Life Insurance Company Limited has informed the Exchange regarding allotment of  5450 Equity Shares under ESOP,,,Allotment of ESOP/ESPS,-,28072017183100,-,-,False,,,101989332,,INE726G01019,ICICI Prudential Life Insurance Company Limited,2017-07-28 18:31:00,ICICIPRULI
26-Jul-2017 18:29:00,,https://nsearchives.nseindia.com/corporate/GrantOption_July26_2017_26072017182912_398.zip,ICICI Prudential Life Insurance Company Limited has informed the Exchange regarding Grant of 656300  Options.,,,ESOP/ESOS/ESPS,-,26072017182900,-,-,False,,,101981484,,INE726G01019,ICICI Prudential Life Insurance Company Limited,2017-07-26 18:29:00,ICICIPRULI
26-Jul-2017 17:28:00,,https://nsearchives.nseindia.com/corporate/SEsubmission26072017_26072017172846.zip,"ICICIPRULI:The Exchange had sought clarification from ICICI Prudential Life Insurance Company Limited with respect to announcement dated 25-Jul-2017, regarding "" ICICI Prudential Life Insurance Company Limited has informed the Exchange regarding Appointment of Mr. R. K. Nair as an Independent Director (Additional Director) of the Company. "". On basis of above the Company is required to clarify following: 1. Date of appointment/cessation (as applicable) & term of appointment;2. Brief profile (in case of appointment);The response of the Company is attached.",,,Reply to Clarification Sought,-,26072017172800,-,-,False,,,101981427,,INE726G01019,ICICI Prudential Life Insurance Company Limited,2017-07-26 17:28:00,ICICIPRULI
26-Jul-2017 15:58:00,,https://nsearchives.nseindia.com/corporate/SEsubmission26072017_26072017155832_258.zip,ICICI Prudential Life Insurance Company Limited has informed the Exchange regarding Change in directorship of the Company.,,,Change in Director(s),-,26072017155800,-,-,False,,,101981378,,INE726G01019,ICICI Prudential Life Insurance Company Limited,2017-07-26 15:58:00,ICICIPRULI
26-Jul-2017 11:01:00,,https://nsearchives.nseindia.com/corporate/Analyst_Meeting_Q1FY2018_26072017110119_055.zip,ICICI Prudential Life Insurance Company Limited has informed the Exchange regarding Analysts/Institutional Investor Meet/Con. Call Updates,,,Analysts/Institutional Investor Meet/Con. Call Updates,-,26072017110100,-,-,False,,,101980909,,INE726G01019,ICICI Prudential Life Insurance Company Limited,2017-07-26 11:01:00,ICICIPRULI
26-Jul-2017 09:12:00,,-,"ICICIPRULI:The Exchange has sought clarification from ICICI Prudential Life Insurance Company Limited with respect to announcement dated 25-Jul-2017, regarding "" ICICI Prudential Life Insurance Company Limited has informed the Exchange regarding Appointment of Mr. R. K. Nair as an Independent Director (Additional Director) of the Company. "". On basis of above the Company is required to clarify following: 1. Date of appointment/cessation (as applicable) & term of appointment;2. Brief profile (in case of appointment);The response of the Company is awaited.",,,Clarification,-,26072017091200,-,-,False,,,101978805,,INE726G01019,ICICI Prudential Life Insurance Company Limited,2017-07-26 09:12:00,ICICIPRULI
25-Jul-2017 17:05:27,,https://nsearchives.nseindia.com/corporate/ICICIPRULI_25072017170527.zip,"ICICI Prudential Life Insurance Company Limited has submitted to the Exchange, the financial results for the period ended June 30, 2017.",,,Financial Result Updates,-,25072017170527,-,-,False,,,113805,,INE726G01019,ICICI Prudential Life Insurance Company Limited,2017-07-25 17:05:27,ICICIPRULI
25-Jul-2017 16:49:00,,https://nsearchives.nseindia.com/corporate/Outcome_BMFY2018_25072017164908_067.zip,"ICICI Prudential Life Insurance Company Limited has informed the Exchange regarding Outcome of Board Meeting held on July 25, 2017.1. Audited accounts (standalone and consolidated) for the quarter ended June 30, 2017. Pursuant to regulation 33 of SEBI (Listing Obligation and Disclosure Requirements) Regulations, 2015 and other applicable requirements, a copy of the audited financial results for the quarter ended June 30, 2017 together with the Auditors Report in the prescribed format is enclosed. A copy of the press release being issued in this connection is also attached;2. Appointment of Mr. R. K. Nair as an Independent Director (Additional Director) of the Company.",,,Outcome of Board Meeting,-,25072017164900,-,-,False,,,101977535,,INE726G01019,ICICI Prudential Life Insurance Company Limited,2017-07-25 16:49:00,ICICIPRULI
21-Jul-2017 19:23:00,,https://nsearchives.nseindia.com/corporate/AnalystMeeting_21072017192311_894.zip,ICICI Prudential Life Insurance Company Limited has informed the Exchange regarding Analysts/Institutional Investor Meet/Con. Call Updates,,,Analysts/Institutional Investor Meet/Con. Call Updates,-,21072017192300,-,-,False,,,101969600,,INE726G01019,ICICI Prudential Life Insurance Company Limited,2017-07-21 19:23:00,ICICIPRULI
18-Jul-2017 14:19:00,,https://nsearchives.nseindia.com/corporate/sesubmission_18072017141911_279.zip,"ICICI Prudential Life Insurance Company Limited has informed the Exchange regarding Proceedings of Annual General Meeting held on July 17, 2017. Further, the company has submitted the Exchange a copy of Srutinizers report along with voting results.",,,Shareholders meeting,-,18072017141900,-,-,False,,,101958323,,INE726G01019,ICICI Prudential Life Insurance Company Limited,2017-07-18 14:19:00,ICICIPRULI
10-Jul-2017 19:59:00,,https://nsearchives.nseindia.com/corporate/ESOPAllotment_10072017195938_476.zip,ICICI Prudential Life Insurance Company Limited has informed the Exchange regarding allotment of  44100 Equity Shares under ESOP,,,Allotment of ESOP/ESPS,-,10072017195900,-,-,False,,,101935523,,INE726G01019,ICICI Prudential Life Insurance Company Limited,2017-07-10 19:59:00,ICICIPRULI
10-Jul-2017 08:15:00,,https://nsearchives.nseindia.com/corporate/Reg30_Submission_10072017081547_985.zip,"ICICI Prudential Life Insurance Company Limited has informed the Exchange regarding Disclosures under Regulation 30 read with para A of part A of schedule III of the SEBI (Listing Obligations and Disclosure Requirement) Regulations, 2015.",,,Updates,-,10072017081500,-,-,False,,,101932663,,INE726G01019,ICICI Prudential Life Insurance Company Limited,2017-07-10 08:15:00,ICICIPRULI
04-Jul-2017 21:07:00,,https://nsearchives.nseindia.com/corporate/sesubmission_04072017210705_087.zip,"ICICI Prudential Life Insurance Company Limited has informed the Exchange regarding the Trading Window closure pursuant to SEBI (Prohibition of Insider Trading) Regulations, 2015",,,Trading Window,-,04072017210700,-,-,False,,,101920834,,INE726G01019,ICICI Prudential Life Insurance Company Limited,2017-07-04 21:07:00,ICICIPRULI
04-Jul-2017 19:02:00,,https://nsearchives.nseindia.com/corporate/Sahara_Life_exchangeintimation_04072017190232_149.zip,"ICICI Prudential Life Insurance Company Limited has informed the Exchange that the company have expressed the company interest to evaluate taking over policyholder liabilities and assets of Sahara Life. The company are evaluating the way forward on the same. The last reported policyholders liabilities of sahara life is about Rs. 9 billion, which is less than 1% of the Company's Balance sheet size.",,,Updates,-,04072017190200,-,-,False,,,101920788,,INE726G01019,ICICI Prudential Life Insurance Company Limited,2017-07-04 19:02:00,ICICIPRULI
03-Jul-2017 07:33:00,,https://nsearchives.nseindia.com/corporate/Regulation30_03072017073326_017.zip,"ICICI Prudential Life Insurance Company Limited has informed the Exchange regarding Disclosures under regulation 30 read with para A of part A of schedule III of the SEBI ( Listing Obligations and Disclosure requirements) Regulations, 2015.",,,Updates,-,03072017073300,-,-,False,,,101913663,,INE726G01019,ICICI Prudential Life Insurance Company Limited,2017-07-03 07:33:00,ICICIPRULI
20-Jun-2017 13:14:00,,https://nsearchives.nseindia.com/corporate/AGM_Notice_FY2017_20062017131424_361.zip,"ICICI Prudential Life Insurance Company Limited has informed the Exchange regarding Notice of Annual General Meeting to be held on July 17, 2017",,,Shareholders meeting,-,20062017131400,-,-,False,,,101884834,,INE726G01019,ICICI Prudential Life Insurance Company Limited,2017-06-20 13:14:00,ICICIPRULI
15-Jun-2017 18:35:00,,https://nsearchives.nseindia.com/corporate/IntimationunderReg30_15062017183513_373.zip,ICICI Prudential Life Insurance Company Limited has informed the Exchange regarding allotment of  10600 Equity Shares under ESOP,,,Allotment of ESOP/ESPS,-,15062017183500,-,-,False,,,101873032,,INE726G01019,ICICI Prudential Life Insurance Company Limited,2017-06-15 18:35:00,ICICIPRULI
07-Jun-2017 18:49:00,,https://nsearchives.nseindia.com/corporate/Reg30_070617_Analyst_07062017184901_659.zip,ICICI Prudential Life Insurance Company Limited has informed the Exchange regarding Analysts/Institutional Investor Meet/Con. Call Updates,,,Analysts/Institutional Investor Meet/Con. Call Updates,-,07062017184900,-,-,False,,,101848931,,INE726G01019,ICICI Prudential Life Insurance Company Limited,2017-06-07 18:49:00,ICICIPRULI
05-Jun-2017 17:00:00,,https://nsearchives.nseindia.com/corporate/Reg30_050617_05062017170042_564.zip,ICICI Prudential Life Insurance Company Limited has informed the Exchange regarding Analysts/Institutional Investor Meet/Con. Call Updates,,,Analysts/Institutional Investor Meet/Con. Call Updates,-,05062017170000,-,-,False,,,101841020,,INE726G01019,ICICI Prudential Life Insurance Company Limited,2017-06-05 17:00:00,ICICIPRULI
24-May-2017 15:12:00,,https://nsearchives.nseindia.com/corporate/REG30_Investorcall_240517_24052017151214_396.zip,ICICI Prudential Life Insurance Company Limited has informed the Exchange regarding Analysts/Institutional Investor Meet/Con. Call Updates,,,Analysts/Institutional Investor Meet/Con. Call Updates,-,24052017151200,-,-,False,,,101806226,,INE726G01019,ICICI Prudential Life Insurance Company Limited,2017-05-24 15:12:00,ICICIPRULI
22-May-2017 18:18:00,,https://nsearchives.nseindia.com/corporate/Reg_42_Book_Closure_22052017181808_101.zip,"ICICI Prudential Life Insurance Company Limited has informed the Exchange that the Register of Members and Share Transfer Books of the Company shall remain closed from July 11, 2017 to July 17, 2017 (both days inclusive) for the purpose of payment of dividend and Annual General Meeting.",,,AGM/Book Closure,-,22052017181800,-,-,False,,,101797872,,INE726G01019,ICICI Prudential Life Insurance Company Limited,2017-05-22 18:18:00,ICICIPRULI
22-May-2017 16:20:00,,https://nsearchives.nseindia.com/corporate/Reg_30_ESOP_allotment_May_22_2017_22052017162029_897.zip,ICICI Prudential Life Insurance Company Limited has informed the Exchange regarding allotment of  1100 Equity Shares under ESOP,,,Allotment of ESOP/ESPS,-,22052017162000,-,-,False,,,101797865,,INE726G01019,ICICI Prudential Life Insurance Company Limited,2017-05-22 16:20:00,ICICIPRULI
15-May-2017 19:09:00,,https://nsearchives.nseindia.com/corporate/reg30_analystcall_15052017190959_524.zip,ICICI Prudential Life Insurance Company Limited has informed the Exchange regarding Analysts/Institutional Investor Meet/Con. Call Updates,,,Analysts/Institutional Investor Meet/Con. Call Updates,-,15052017190900,-,-,False,,,101775819,,INE726G01019,ICICI Prudential Life Insurance Company Limited,2017-05-15 19:09:00,ICICIPRULI
05-May-2017 19:49:00,,https://nsearchives.nseindia.com/corporate/Reg30_AnalystMeet_050517_05052017194907_368.zip,ICICI Prudential Life Insurance Company Limited has informed the Exchange regarding Analysts/Institutional Investor Meet/Con. Call Updates,,,Analysts/Institutional Investor Meet/Con. Call Updates,-,05052017194900,-,-,False,,,101752232,,INE726G01019,ICICI Prudential Life Insurance Company Limited,2017-05-05 19:49:00,ICICIPRULI
04-May-2017 17:32:00,,https://nsearchives.nseindia.com/corporate/Investor_meet_04052017173222_775.zip,ICICI Prudential Life Insurance Company Limited has informed the Exchange regarding Analysts/Institutional Investor Meet/Con. Call Updates,,,Analysts/Institutional Investor Meet/Con. Call Updates,-,04052017173200,-,-,False,,,101747771,,INE726G01019,ICICI Prudential Life Insurance Company Limited,2017-05-04 17:32:00,ICICIPRULI
03-May-2017 17:27:00,,https://nsearchives.nseindia.com/corporate/Investor_meet_03052017172738_297.zip,ICICI Prudential Life Insurance Company Limited has informed the Exchange regarding Analysts/Institutional Investor Meet/Con. Call Updates,,,Analysts/Institutional Investor Meet/Con. Call Updates,-,03052017172700,-,-,False,,,101743676,,INE726G01019,ICICI Prudential Life Insurance Company Limited,2017-05-03 17:27:00,ICICIPRULI
03-May-2017 17:24:00,,https://nsearchives.nseindia.com/corporate/ESOS_Allotment_Intimation_03052017172410_291.zip,ICICI Prudential Life Insurance Company Limited has informed the Exchange regarding allotment of  3600 Equity Shares under ESOP,,,Allotment of ESOP/ESPS,-,03052017172400,-,-,False,,,101743673,,INE726G01019,ICICI Prudential Life Insurance Company Limited,2017-05-03 17:24:00,ICICIPRULI
25-Apr-2017 21:56:00,,https://nsearchives.nseindia.com/corporate/Analystcall_25042017215634_427.zip,ICICI Prudential Life Insurance Company Limited has informed the Exchange regarding Analysts/Institutional Investor Meet/Con. Call Updates,,,Analysts/Institutional Investor Meet/Con. Call Updates,-,25042017215600,-,-,False,,,101723601,,INE726G01019,ICICI Prudential Life Insurance Company Limited,2017-04-25 21:56:00,ICICIPRULI
25-Apr-2017 18:36:00,,https://nsearchives.nseindia.com/corporate/Dividend_Policy_intimation_25042017183601_388.zip,ICICI Prudential Life Insurance Company Limited has informed the Exchange the Dividend Distribution Policy of the Company,,,Updates,-,25042017183600,-,-,False,,,101722569,,INE726G01019,ICICI Prudential Life Insurance Company Limited,2017-04-25 18:36:00,ICICIPRULI
25-Apr-2017 18:29:00,,https://nsearchives.nseindia.com/corporate/ICICIPRULI_25042017182919.zip,"ICICI Prudential Life Insurance Company Limited has informed the Exchange regarding the Outcome of Board Meeting of the Company held on April 25, 2017.",,,Outcome of Board Meeting,-,25042017182900,-,-,False,,,101722557,,INE726G01019,ICICI Prudential Life Insurance Company Limited,2017-04-25 18:29:00,ICICIPRULI
25-Apr-2017 18:25:00,,https://nsearchives.nseindia.com/corporate/Outcome_25042017182550_380.zip,"ICICI Prudential Life Insurance Company Limited has informed the Exchange the meeting of the Board of Directors of the Company has Recommended a final dividend of Rs. 3.50 per equity share (including special dividend of Rs. 1.20 per equity share) of face value of Rs. 10 each, to the shareholders of the Company which shall be subject to their approval at the ensuing Annual General Meeting.",,,Dividend,-,25042017182500,-,-,False,,,101722555,,INE726G01019,ICICI Prudential Life Insurance Company Limited,2017-04-25 18:25:00,ICICIPRULI
25-Apr-2017 18:21:56,,https://nsearchives.nseindia.com/corporate/Results_25042017182156.zip,"ICICI Prudential Life Insurance Company Limited has submitted to the Exchange, the financial results for the period ended March 31, 2017.",,,Financial Result Updates,-,25042017182156,-,-,False,,,111995,,INE726G01019,ICICI Prudential Life Insurance Company Limited,2017-04-25 18:21:56,ICICIPRULI
21-Apr-2017 19:04:00,,https://nsearchives.nseindia.com/corporate/invmeet_call_21042017190413_413.zip,ICICI Prudential Life Insurance Company Limited has informed the Exchange regarding Analysts/Institutional Investor Meet/Con. Call Updates,,,Analysts/Institutional Investor Meet/Con. Call Updates,-,21042017190400,-,-,False,,,101714027,,INE726G01019,ICICI Prudential Life Insurance Company Limited,2017-04-21 19:04:00,ICICIPRULI
10-Apr-2017 14:58:00,,https://nsearchives.nseindia.com/corporate/ICICIPRU_01_10042017145822.zip,"ICICI Bank Limited has submitted to the Exchange a copy of disclosure under Regulation 30(1) and 30(2) of SEBI (Substantial Acquisition of Shares & Takeovers) Regulations, 2011.",,,Disc. under Reg.30 of SEBI (SAST) Reg.2011,-,10042017145800,-,-,False,,,101681352,,INE726G01019,ICICI Prudential Life Insurance Company Limited,2017-04-10 14:58:00,ICICIPRULI
08-Apr-2017 18:23:00,,https://nsearchives.nseindia.com/corporate/icicip_08042017182301.zip,"Prudential Corporation Holdings Limited has submitted to the Exchange a copy of disclosure under Regulation 30(1) and 30(2) of SEBI (Substantial Acquisition of Shares & Takeovers) Regulations, 2011.",,,Disc. under Reg.30 of SEBI (SAST) Reg.2011,-,08042017182300,-,-,False,,,101678161,,INE726G01019,ICICI Prudential Life Insurance Company Limited,2017-04-08 18:23:00,ICICIPRULI
05-Apr-2017 20:11:00,,https://nsearchives.nseindia.com/corporate/windowclosure_05042017201143_175.zip,"ICICI Prudential Life Insurance Company Limited has informed the Exchange that the Trading Window will remain closed from April 7, 2017 to April 27, 2017 (both days inclusive) for declaration of financial results for the period ended March 31, 2017.",,,Trading Window,-,05042017201100,-,-,False,,,101667859,,INE726G01019,ICICI Prudential Life Insurance Company Limited,2017-04-05 20:11:00,ICICIPRULI
28-Mar-2017 16:12:00,,https://nsearchives.nseindia.com/corporate/stockexchangefilling_28032017161254_984.zip,ICICI Prudential Life Insurance Company Limited has informed the Exchange regarding allotment of  6000 Equity Shares under ESOP,,,Allotment of ESOP/ESPS,-,28032017161200,-,-,False,,,101649063,,INE726G01019,ICICI Prudential Life Insurance Company Limited,2017-03-28 16:12:00,ICICIPRULI
27-Mar-2017 19:30:00,,https://nsearchives.nseindia.com/corporate/Reg30_submission_27032017193030_757.zip,"ICICI Prudential Life Insurance Company Limited has informed the Exchange regarding Intimation under regulation 30 of Securities and Exchange Board of India (Listing Obligation and Disclosure Requirements) Regulation, 2015",,,Updates,-,27032017193000,-,-,False,,,101644948,,INE726G01019,ICICI Prudential Life Insurance Company Limited,2017-03-27 19:30:00,ICICIPRULI
17-Mar-2017 18:43:00,,https://nsearchives.nseindia.com/corporate/Investor_meet_details_17032017184336_666.zip,ICICI Prudential Life Insurance Company Limited has informed the Exchange regarding Analysts/Institutional Investor Meet/Con. Call Updates,,,Analysts/Institutional Investor Meet/Con. Call Updates,-,17032017184300,-,-,False,,,101619112,,INE726G01019,ICICI Prudential Life Insurance Company Limited,2017-03-17 18:43:00,ICICIPRULI
15-Mar-2017 18:13:00,,https://nsearchives.nseindia.com/corporate/ESOP_15032017181342_449.zip,ICICI Prudential Life Insurance Company Limited has informed the Exchange regarding allotment of  17100 Equity Shares under ESOP,,,Allotment of ESOP/ESPS,-,15032017181300,-,-,False,,,101611634,,INE726G01019,ICICI Prudential Life Insurance Company Limited,2017-03-15 18:13:00,ICICIPRULI
14-Mar-2017 16:27:00,,https://nsearchives.nseindia.com/corporate/schedule_14032017162709_061.zip,ICICI Prudential Life Insurance Company Limited has informed the Exchange regarding Analysts/Institutional Investor Meet/Con. Call Updates,,,Analysts/Institutional Investor Meet/Con. Call Updates,-,14032017162700,-,-,False,,,101607762,,INE726G01019,ICICI Prudential Life Insurance Company Limited,2017-03-14 16:27:00,ICICIPRULI
03-Mar-2017 15:46:00,,https://nsearchives.nseindia.com/corporate/sesubmission_03032017154600_991.zip,ICICI Prudential Life Insurance Company Limited has informed the Exchange regarding Sale of shares in Kalpataru Power Transmission Limited,,,Updates,-,03032017154600,-,-,False,,,101581947,,INE726G01019,ICICI Prudential Life Insurance Company Limited,2017-03-03 15:46:00,ICICIPRULI
22-Feb-2017 19:22:00,,https://nsearchives.nseindia.com/corporate/schedule_22022017192233_873.zip,ICICI Prudential Life Insurance Company Limited has informed the Exchange regarding Analysts/Institutional Investor Meet/Con. Call Updates,,,Analysts/Institutional Investor Meet/Con. Call Updates,-,22022017192200,-,-,False,,,101557213,,INE726G01019,ICICI Prudential Life Insurance Company Limited,2017-02-22 19:22:00,ICICIPRULI
14-Feb-2017 18:17:00,,https://nsearchives.nseindia.com/corporate/schedule_14022017181731_401.zip,ICICI Prudential Life Insurance Company Limited has informed the Exchange regarding Analysts/Institutional Investor Meet/Con. Call Updates,,,Analysts/Institutional Investor Meet/Con. Call Updates,-,14022017181700,-,-,False,,,101533227,,INE726G01019,ICICI Prudential Life Insurance Company Limited,2017-02-14 18:17:00,ICICIPRULI
13-Feb-2017 18:54:00,,https://nsearchives.nseindia.com/corporate/20170213REG30_13022017185442_654.zip,ICICI Prudential Life Insurance Company Limited has informed the Exchange regarding Analysts/Institutional Investor Meet/Con. Call Updates,,,Analysts/Institutional Investor Meet/Con. Call Updates,-,13022017185400,-,-,False,,,101529099,,INE726G01019,ICICI Prudential Life Insurance Company Limited,2017-02-13 18:54:00,ICICIPRULI
10-Feb-2017 18:48:00,,https://nsearchives.nseindia.com/corporate/SESUBMISSIONreg30_10022017184808_311.zip,ICICI Prudential Life Insurance Company Limited has informed the Exchange regarding Analysts/Institutional Investor Meet/Con. Call Updates,,,Analysts/Institutional Investor Meet/Con. Call Updates,-,10022017184800,-,-,False,,,101524242,,INE726G01019,ICICI Prudential Life Insurance Company Limited,2017-02-10 18:48:00,ICICIPRULI
09-Feb-2017 16:58:00,,https://nsearchives.nseindia.com/corporate/reg30_09022017165806_478.zip,ICICI Prudential Life Insurance Company Limited has informed the Exchange regarding Analysts/Institutional Investor Meet/Con. Call Updates,,,Analysts/Institutional Investor Meet/Con. Call Updates,-,09022017165800,-,-,False,,,101519523,,INE726G01019,ICICI Prudential Life Insurance Company Limited,2017-02-09 16:58:00,ICICIPRULI
24-Jan-2017 18:39:00,,https://nsearchives.nseindia.com/corporate/Analyst_Meeting_Transcript_and_PPT_final_24012017183913_507.zip,ICICI Prudential Life Insurance Company Limited has informed the Exchange regarding Analysts/Institutional Investor Meet/Con. Call Updates,,,Analysts/Institutional Investor Meet/Con. Call Updates,-,24012017183900,-,-,False,,,101472453,,INE726G01019,ICICI Prudential Life Insurance Company Limited,2017-01-24 18:39:00,ICICIPRULI
24-Jan-2017 14:25:28,,https://nsearchives.nseindia.com/corporate/Quick_results_BM_Jan_24_2017_24012017142528.zip,"ICICI Prudential Life Insurance Company Limited has submitted to the Exchange, the financial results for the period ended December 31, 2016.",,,Financial Result Updates,-,24012017142528,-,-,False,,,110410,,INE726G01019,ICICI Prudential Life Insurance Company Limited,2017-01-24 14:25:28,ICICIPRULI
20-Jan-2017 16:56:00,,https://nsearchives.nseindia.com/corporate/earnings_call_20012017165632_769.zip,ICICI Prudential Life Insurance Company Limited has informed the Exchange regarding Analysts/Institutional Investor Meet/Con. Call Updates,,,Analysts/Institutional Investor Meet/Con. Call Updates,-,20012017165600,-,-,False,,,101463741,,INE726G01019,ICICI Prudential Life Insurance Company Limited,2017-01-20 16:56:00,ICICIPRULI
17-Jan-2017 08:28:00,,https://nsearchives.nseindia.com/corporate/sesubmission_17012017082820_461.zip,ICICI Prudential Life Insurance Company Limited has informed the Exchange that ICICI Prudential Life Insurance Company Limited has made investment of 8.41% in Fino Paytech Limited.,,,Acquisition,-,17012017082800,-,-,False,,,101448388,,INE726G01019,ICICI Prudential Life Insurance Company Limited,2017-01-17 08:28:00,ICICIPRULI
05-Jan-2017 08:03:00,,https://nsearchives.nseindia.com/corporate/sesubmission_05012017080341_034.zip,"ICICI Prudential Life Insurance Company Limited has informed the Exchange that pursuant to the provisions of the Securities and Exchange Board of India (Prohibition of Insider Trading) Regulations, 2015, the Trading Window will remain closed from January 7, 2017 till forty eight hours after the declaration of results for the quarter ended December 31, 2016.",,,Trading Window,-,05012017080300,-,-,False,,,101415976,,INE726G01019,ICICI Prudential Life Insurance Company Limited,2017-01-05 08:03:00,ICICIPRULI
01-Nov-2016 16:58:00,,https://nsearchives.nseindia.com/corporate/SESUBMISSION_01112016165809_490.zip,"ICICI Prudential Life Insurance Company Limited has informed the Exchange that the schedule of meetings held in Singapore and Hong Kong on October 27, 2016 and October 28, 2016.",,,Analysts/Institutional Investor Meet/Con. Call Updates,-,01112016165800,-,-,False,,,101225977,,INE726G01019,ICICI Prudential Life Insurance Company Limited,2016-11-01 16:58:00,ICICIPRULI
25-Oct-2016 19:27:00,,https://nsearchives.nseindia.com/corporate/analystcall_25102016192741_625.zip,"ICICI Prudential Life Insurance Company Limited has informed the Exchange regarding Earnings call for results for the quarter ended September 30, 2016.",,,Analysts/Institutional Investor Meet/Con. Call Updates,-,25102016192700,-,-,False,,,101208759,,INE726G01019,ICICI Prudential Life Insurance Company Limited,2016-10-25 19:27:00,ICICIPRULI
25-Oct-2016 13:58:12,,https://nsearchives.nseindia.com/corporate/ICICIPRULI_B_25102016135812.zip,"ICICI Prudential Life Insurance Company Limited has submitted to the Exchange, the financial results for the period ended September 30, 2016.",,,Financial Result Updates,-,25102016135812,-,-,False,,,108748,,INE726G01019,ICICI Prudential Life Insurance Company Limited,2016-10-25 13:58:12,ICICIPRULI
25-Oct-2016 13:58:00,,https://nsearchives.nseindia.com/corporate/ICICI_Prulife_results_Q2_FY2016_25102016135828_237.zip,"ICICI Prudential Life Insurance Company Limited has informed the Exchange that the Board of Directors of the Company at their meeting held on October 25, 2016, has declared payment of second interim dividend of 1.75 per equity share (including special dividend of 0.65 per equity share) of face value of 10 each, for 02-FY2017.",,,Dividend,-,25102016135800,-,-,False,,,101208554,,INE726G01019,ICICI Prudential Life Insurance Company Limited,2016-10-25 13:58:00,ICICIPRULI
24-Oct-2016 14:02:00,,https://nsearchives.nseindia.com/corporate/earnings_call_24102016140232_973.zip,"ICICI Prudential Life Insurance Company Limited has informed the Exchange regarding Earnings call for quarter results ended September 30, 2016.",,,Updates,-,24102016140200,-,-,False,,,101202817,,INE726G01019,ICICI Prudential Life Insurance Company Limited,2016-10-24 14:02:00,ICICIPRULI
17-Oct-2016 17:01:00,,https://nsearchives.nseindia.com/corporate/Intimation_Reg_8_2_PIT_insider_trading_code_17102016170143_023.zip,ICICI Prudential Life Insurance Company Limited has informed the Exchange regarding the Company's Code of Practices and Procedures for Fair Disclosure of Unpublished Price Sensitive Information.,,,Updates,-,17102016170100,-,-,False,,,101181425,,INE726G01019,ICICI Prudential Life Insurance Company Limited,2016-10-17 17:01:00,ICICIPRULI
17-Oct-2016 17:01:00,,https://nsearchives.nseindia.com/corporate/Intimation_Reg_30_5_contact_KMP_17102016170144_024.zip,ICICI Prudential Life Insurance Company Limited has informed the Exchange regarding Contact details of the Key Managerial Personnel (KMP) of the Company.,,,Updates,-,17102016170100,-,-,False,,,101181426,,INE726G01019,ICICI Prudential Life Insurance Company Limited,2016-10-17 17:01:00,ICICIPRULI
17-Oct-2016 16:27:00,,https://nsearchives.nseindia.com/corporate/ICICIPRULI_17102016162748.zip,"ICICI Prudential Life Insurance Company Limited has informed the Exchange that the Company has fixed Record Date as November 3, 2016 for the purpose of Payment of Interim Dividend.",,,Record Date,-,17102016162700,-,-,False,,,101181400,,INE726G01019,ICICI Prudential Life Insurance Company Limited,2016-10-17 16:27:00,ICICIPRULI
